{"type":"FeatureCollection","features":[{"type":"Feature","properties":{"MAPTAXLOT":"2055000000200","MAPNUMBER":"20550000","TAXLOT":"200","ACCTNO":"0928315","MAPACRES":15266.03503555},"geometry":{"type":"Polygon","coordinates":[[[-122.267033,43.839907],[-122.271303,43.839897],[-122.271309,43.836275],[-122.271315,43.832652],[-122.27132,43.829029],[-122.271326,43.825406],[-122.271332,43.821783],[-122.271338,43.818161],[-122.271344,43.814538],[-122.27135,43.810916],[-122.271355,43.807293],[-122.27136,43.80367],[-122.271366,43.800048],[-122.271371,43.796425],[-122.271377,43.792802],[-122.271384,43.78918],[-122.27139,43.785557],[-122.271397,43.781935],[-122.26701,43.781941],[-122.262011,43.781949],[-122.257011,43.781958],[-122.252012,43.781966],[-122.247011,43.781972],[-122.242011,43.781978],[-122.23701,43.781984],[-122.23201,43.781989],[-122.227008,43.781988],[-122.222007,43.781986],[-122.217006,43.781985],[-122.212004,43.781984],[-122.207,43.781983],[-122.201996,43.781982],[-122.196993,43.781982],[-122.191989,43.781981],[-122.186986,43.781979],[-122.181984,43.781976],[-122.176981,43.781974],[-122.171978,43.781971],[-122.166977,43.781973],[-122.161975,43.781975],[-122.156973,43.781977],[-122.151971,43.781979],[-122.151969,43.7856],[-122.151967,43.789221],[-122.151965,43.792843],[-122.151963,43.796464],[-122.151961,43.800086],[-122.151959,43.803707],[-122.151957,43.807329],[-122.151955,43.81095],[-122.151953,43.814571],[-122.151951,43.818193],[-122.151949,43.821814],[-122.151947,43.825435],[-122.151945,43.829056],[-122.151943,43.832677],[-122.151941,43.836297],[-122.151939,43.839918],[-122.171956,43.839922],[-122.19197,43.839959],[-122.212005,43.840014],[-122.231996,43.839972],[-122.252032,43.839936],[-122.262032,43.839919],[-122.267033,43.839907]],[[-122.241162,43.836263],[-122.240974,43.836255],[-122.240786,43.83628],[-122.240631,43.836317],[-122.240492,43.836398],[-122.240369,43.836468],[-122.240277,43.836537],[-122.240137,43.836585],[-122.240013,43.836609],[-122.239872,43.836612],[-122.239714,43.83658],[-122.239525,43.836549],[-122.239415,43.836528],[-122.239289,43.836507],[-122.239162,43.836464],[-122.23902,43.836398],[-122.23894,43.836342],[-122.23886,43.836287],[-122.238733,43.836221],[-122.238638,43.836199],[-122.238512,43.83619],[-122.238385,43.836124],[-122.238274,43.836057],[-122.238192,43.835934],[-122.23811,43.83581],[-122.237997,43.835687],[-122.237899,43.835541],[-122.237832,43.835418],[-122.237783,43.835328],[-122.237718,43.835272],[-122.237684,43.83517],[-122.237666,43.835069],[-122.237678,43.834955],[-122.237676,43.834876],[-122.237642,43.834797],[-122.237577,43.834696],[-122.237497,43.83464],[-122.237432,43.834585],[-122.237432,43.834562],[-122.237478,43.834516],[-122.237552,43.83439],[-122.237627,43.834264],[-122.237687,43.834173],[-122.237731,43.834081],[-122.237714,43.834025],[-122.237697,43.833968],[-122.237694,43.833889],[-122.237772,43.833854],[-122.237848,43.833796],[-122.237799,43.833717],[-122.237719,43.83365],[-122.237607,43.833573],[-122.23748,43.833495],[-122.237384,43.83344],[-122.237304,43.833385],[-122.237286,43.833305],[-122.237331,43.833225],[-122.237392,43.833179],[-122.23739,43.833111],[-122.237435,43.833031],[-122.237544,43.833018],[-122.237701,43.833027],[-122.237858,43.833047],[-122.237951,43.832989],[-122.238027,43.83292],[-122.238025,43.832841],[-122.238117,43.832783],[-122.238209,43.832713],[-122.238285,43.832633],[-122.238392,43.83254],[-122.238564,43.832527],[-122.238688,43.832479],[-122.238814,43.8325],[-122.238893,43.832533],[-122.239018,43.832531],[-122.239143,43.832495],[-122.239269,43.832516],[-122.239394,43.832525],[-122.239537,43.83258],[-122.239695,43.832657],[-122.23987,43.832745],[-122.239982,43.832811],[-122.240093,43.832866],[-122.240221,43.832955],[-122.240255,43.833057],[-122.24035,43.833089],[-122.240478,43.833178],[-122.240606,43.83329],[-122.240672,43.833391],[-122.240673,43.833425],[-122.240659,43.833482],[-122.240707,43.833515],[-122.240724,43.833571],[-122.240775,43.833707],[-122.24078,43.833888],[-122.240785,43.834047],[-122.240773,43.834194],[-122.240762,43.834342],[-122.24075,43.834467],[-122.240723,43.834603],[-122.240727,43.834762],[-122.240716,43.834921],[-122.240689,43.835069],[-122.240692,43.835193],[-122.240696,43.835307],[-122.240698,43.835397],[-122.240731,43.835442],[-122.240734,43.835544],[-122.240785,43.835691],[-122.240851,43.835803],[-122.240933,43.835927],[-122.240964,43.835977],[-122.240999,43.836033],[-122.241029,43.836061],[-122.241049,43.83609],[-122.241092,43.8361],[-122.241139,43.836138],[-122.24115,43.836197],[-122.241142,43.836231],[-122.241162,43.836263]]]}},{"type":"Feature","properties":{"MAPTAXLOT":"2056000000066","MAPNUMBER":"20560000","TAXLOT":"66","ACCTNO":"000None","MAPACRES":228.0410886},"geometry":{"type":"MultiPolygon","coordinates":[[[[-122.077584,43.78737],[-122.077736,43.787502],[-122.077889,43.787688],[-122.078151,43.787792],[-122.078412,43.787869],[-122.078595,43.787786],[-122.078705,43.787731],[-122.078962,43.78762],[-122.079218,43.787509],[-122.0794,43.787372],[-122.079471,43.787264],[-122.079577,43.787075],[-122.079761,43.786992],[-122.079906,43.786882],[-122.080128,43.786879],[-122.080387,43.786849],[-122.080607,43.786765],[-122.080641,43.786657],[-122.080675,43.786523],[-122.080786,43.786521],[-122.080933,43.786466],[-122.081113,43.786275],[-122.081144,43.786033],[-122.081212,43.785818],[-122.081205,43.785549],[-122.081238,43.785388],[-122.081306,43.785172],[-122.081376,43.784983],[-122.081478,43.78466],[-122.081508,43.784364],[-122.081538,43.784122],[-122.081642,43.783852],[-122.081712,43.783663],[-122.081819,43.783528],[-122.081889,43.783366],[-122.081996,43.783203],[-122.082065,43.782987],[-122.08206,43.782799],[-122.082015,43.782505],[-122.081973,43.782317],[-122.08197,43.782183],[-122.081968,43.78213],[-122.081963,43.781942],[-122.082032,43.781753],[-122.082174,43.781483],[-122.082202,43.78116],[-122.082269,43.780891],[-122.082262,43.780622],[-122.082255,43.780327],[-122.082245,43.779951],[-122.082204,43.779818],[-122.082201,43.77971],[-122.08216,43.77955],[-122.082231,43.779442],[-122.082228,43.779307],[-122.082148,43.779067],[-122.081958,43.778882],[-122.081769,43.77875],[-122.081546,43.778726],[-122.08132,43.778568],[-122.080984,43.778492],[-122.080762,43.778495],[-122.080355,43.778501],[-122.080019,43.778425],[-122.079761,43.778482],[-122.079467,43.778567],[-122.079176,43.778759],[-122.078918,43.778816],[-122.078662,43.778954],[-122.078408,43.779172],[-122.078303,43.779388],[-122.078086,43.779579],[-122.077905,43.779769],[-122.077428,43.779937],[-122.0771,43.780129],[-122.076806,43.780241],[-122.076478,43.780433],[-122.076076,43.780653],[-122.075784,43.780845],[-122.075529,43.78101],[-122.075273,43.78112],[-122.074977,43.781125],[-122.074756,43.781208],[-122.074612,43.781344],[-122.074507,43.781587],[-122.074512,43.781775],[-122.074665,43.781988],[-122.074748,43.782183],[-122.074823,43.782361],[-122.074904,43.782629],[-122.075097,43.782921],[-122.075179,43.783216],[-122.075375,43.783642],[-122.075493,43.783882],[-122.075612,43.784176],[-122.075803,43.784415],[-122.075962,43.784842],[-122.076153,43.785054],[-122.076271,43.785321],[-122.076424,43.785507],[-122.076544,43.785828],[-122.076624,43.786068],[-122.07674,43.786254],[-122.076746,43.786469],[-122.076753,43.786764],[-122.076833,43.786978],[-122.07691,43.787084],[-122.077059,43.787136],[-122.077321,43.78724],[-122.077507,43.787237],[-122.077584,43.78737]]],[[[-122.113339,43.792124],[-122.113379,43.79208],[-122.113336,43.792007],[-122.113274,43.791935],[-122.113231,43.791862],[-122.113148,43.791761],[-122.113024,43.79166],[-122.11292,43.791544],[-122.112776,43.791459],[-122.112712,43.791342],[-122.11267,43.791255],[-122.112607,43.791183],[-122.112484,43.791111],[-122.112481,43.791009],[-122.112539,43.790891],[-122.112576,43.790788],[-122.112633,43.790641],[-122.11261,43.790553],[-122.112546,43.790422],[-122.112462,43.790277],[-122.112398,43.790161],[-122.112414,43.790014],[-122.112472,43.789911],[-122.11257,43.789793],[-122.112527,43.789676],[-122.112462,43.789545],[-122.112379,43.789429],[-122.112315,43.789328],[-122.112251,43.789212],[-122.112105,43.789009],[-122.11202,43.788863],[-122.111956,43.788747],[-122.111994,43.788644],[-122.111992,43.788586],[-122.112071,43.788511],[-122.112211,43.788466],[-122.112433,43.788433],[-122.112574,43.788431],[-122.112798,43.788501],[-122.113002,43.788557],[-122.113266,43.788612],[-122.113471,43.788711],[-122.113675,43.788782],[-122.113816,43.788765],[-122.113896,43.788735],[-122.113975,43.78869],[-122.113973,43.788617],[-122.113931,43.788529],[-122.113808,43.788458],[-122.113664,43.788372],[-122.113561,43.7883],[-122.113436,43.78817],[-122.113313,43.788099],[-122.113191,43.788057],[-122.113046,43.787942],[-122.112862,43.787842],[-122.112759,43.78777],[-122.112653,43.787596],[-122.112549,43.78748],[-122.112385,43.787409],[-122.112222,43.787338],[-122.112038,43.787268],[-122.111894,43.787167],[-122.111751,43.787096],[-122.111567,43.787011],[-122.111425,43.787013],[-122.111285,43.787059],[-122.111084,43.787091],[-122.110842,43.787109],[-122.110661,43.78714],[-122.110439,43.787173],[-122.110256,43.787102],[-122.109992,43.787077],[-122.109771,43.787124],[-122.109591,43.787199],[-122.109331,43.787291],[-122.109171,43.787366],[-122.108951,43.787442],[-122.108771,43.787518],[-122.108633,43.787637],[-122.108576,43.78777],[-122.108539,43.787917],[-122.108503,43.788063],[-122.108467,43.78824],[-122.10837,43.788373],[-122.108393,43.788475],[-122.108397,43.788636],[-122.108443,43.78884],[-122.108548,43.788985],[-122.108591,43.789087],[-122.108595,43.789233],[-122.108618,43.789365],[-122.108581,43.789497],[-122.108523,43.789586],[-122.108447,43.789748],[-122.108327,43.789808],[-122.10831,43.78994],[-122.108353,43.790042],[-122.108338,43.790232],[-122.108383,43.790407],[-122.108448,43.790567],[-122.108572,43.790683],[-122.108676,43.790798],[-122.10872,43.790915],[-122.108744,43.791061],[-122.108788,43.791192],[-122.108872,43.791308],[-122.108956,43.791424],[-122.109161,43.791553],[-122.109284,43.791624],[-122.109448,43.791695],[-122.109652,43.791751],[-122.109713,43.791794],[-122.109816,43.791851],[-122.109879,43.791953],[-122.109921,43.792011],[-122.110164,43.792037],[-122.110367,43.792078],[-122.110609,43.79206],[-122.110872,43.792071],[-122.111074,43.792053],[-122.111174,43.791993],[-122.111212,43.79192],[-122.111292,43.791875],[-122.111432,43.791843],[-122.111574,43.791856],[-122.111696,43.791869],[-122.111739,43.791985],[-122.111741,43.792044],[-122.111843,43.792072],[-122.111904,43.792086],[-122.112025,43.792113],[-122.112125,43.792053],[-122.112306,43.792007],[-122.112466,43.791975],[-122.11267,43.792046],[-122.112811,43.792029],[-122.112974,43.792071],[-122.113136,43.792083],[-122.113217,43.792082],[-122.113339,43.792124]]],[[[-122.079018,43.805036],[-122.079184,43.805123],[-122.079307,43.805121],[-122.079303,43.804973],[-122.079258,43.804825],[-122.079297,43.804736],[-122.079457,43.804585],[-122.079701,43.804523],[-122.079861,43.804372],[-122.079898,43.804223],[-122.079851,43.803987],[-122.079887,43.803808],[-122.080006,43.803659],[-122.080209,43.803596],[-122.08041,43.803475],[-122.080489,43.803355],[-122.080526,43.803177],[-122.080643,43.802968],[-122.08064,43.802849],[-122.080718,43.8027],[-122.080838,43.802609],[-122.080999,43.802488],[-122.080995,43.80234],[-122.080992,43.802222],[-122.081113,43.802161],[-122.081397,43.802038],[-122.081597,43.801887],[-122.081798,43.801736],[-122.082079,43.801525],[-122.08236,43.801313],[-122.082601,43.801132],[-122.082758,43.800863],[-122.082914,43.800564],[-122.082949,43.800327],[-122.082861,43.80012],[-122.082855,43.799883],[-122.082848,43.799587],[-122.082796,43.799172],[-122.082706,43.798877],[-122.082576,43.798612],[-122.082446,43.798317],[-122.0824,43.79814],[-122.082393,43.797873],[-122.082429,43.797665],[-122.082546,43.797456],[-122.082708,43.797365],[-122.082908,43.797214],[-122.082942,43.796946],[-122.083018,43.796708],[-122.083136,43.796528],[-122.083257,43.796467],[-122.083375,43.796258],[-122.083329,43.796081],[-122.083325,43.795933],[-122.083445,43.795813],[-122.083562,43.795603],[-122.083557,43.795396],[-122.083429,43.79519],[-122.083217,43.794926],[-122.083049,43.79475],[-122.082877,43.794456],[-122.082587,43.794312],[-122.082343,43.794375],[-122.0821,43.794467],[-122.082023,43.794646],[-122.081867,43.794974],[-122.081751,43.795213],[-122.081553,43.795483],[-122.08148,43.79581],[-122.081531,43.796195],[-122.081622,43.796549],[-122.081712,43.796845],[-122.08184,43.79708],[-122.082044,43.797048],[-122.08221,43.797105],[-122.082216,43.797342],[-122.082058,43.797581],[-122.081983,43.797819],[-122.081865,43.798029],[-122.081749,43.798267],[-122.081713,43.798475],[-122.081638,43.798743],[-122.081484,43.799101],[-122.081326,43.799341],[-122.081089,43.79967],[-122.080767,43.799882],[-122.080444,43.800064],[-122.080368,43.800273],[-122.080295,43.80063],[-122.080342,43.800867],[-122.08043,43.801073],[-122.080517,43.801279],[-122.080522,43.801457],[-122.080443,43.801577],[-122.08045,43.801844],[-122.080457,43.80211],[-122.080379,43.80226],[-122.080256,43.802261],[-122.080051,43.802264],[-122.079847,43.802267],[-122.079769,43.802416],[-122.079651,43.802626],[-122.079573,43.802775],[-122.079537,43.802953],[-122.079542,43.803161],[-122.079384,43.803371],[-122.079266,43.80355],[-122.079149,43.803789],[-122.079198,43.804085],[-122.079,43.804325],[-122.078757,43.804447],[-122.078511,43.80445],[-122.07835,43.804541],[-122.078314,43.80472],[-122.078318,43.804897],[-122.078362,43.804986],[-122.078525,43.804984],[-122.078687,43.804892],[-122.078932,43.804889],[-122.079018,43.805036]]],[[[-122.083704,43.808642],[-122.083759,43.808705],[-122.083865,43.808678],[-122.083935,43.808638],[-122.084021,43.808522],[-122.084127,43.808494],[-122.084214,43.808442],[-122.084301,43.808376],[-122.084441,43.808297],[-122.084599,43.808218],[-122.084686,43.808126],[-122.084737,43.808036],[-122.084734,43.807933],[-122.084749,43.80783],[-122.084782,43.807713],[-122.084849,43.807584],[-122.084936,43.807492],[-122.084985,43.80735],[-122.085036,43.807234],[-122.085084,43.807066],[-122.08508,43.806886],[-122.085128,43.806705],[-122.085127,43.806641],[-122.085107,43.806564],[-122.085121,43.806435],[-122.085101,43.806332],[-122.084975,43.806295],[-122.08492,43.806232],[-122.084883,43.806142],[-122.084827,43.806053],[-122.084754,43.805977],[-122.08461,43.805914],[-122.084484,43.805852],[-122.084376,43.805776],[-122.084214,43.805701],[-122.083963,43.805627],[-122.083696,43.805618],[-122.083502,43.805659],[-122.083362,43.805738],[-122.083221,43.805805],[-122.083029,43.80591],[-122.082818,43.80599],[-122.082678,43.806082],[-122.082557,43.806225],[-122.082455,43.806381],[-122.082405,43.806511],[-122.082321,43.806692],[-122.082326,43.806885],[-122.082329,43.807013],[-122.082297,43.807155],[-122.082354,43.80727],[-122.082339,43.807399],[-122.082344,43.807567],[-122.082311,43.807683],[-122.08235,43.807811],[-122.082425,43.807964],[-122.082481,43.808054],[-122.082537,43.808156],[-122.082645,43.808244],[-122.082772,43.808333],[-122.082898,43.80837],[-122.083041,43.808432],[-122.083097,43.808508],[-122.083187,43.808559],[-122.083277,43.808596],[-122.083347,43.808582],[-122.083436,43.808568],[-122.083631,43.808565],[-122.083704,43.808642]]],[[[-122.078507,43.8097],[-122.078521,43.809778],[-122.07857,43.809829],[-122.078653,43.80981],[-122.078676,43.809767],[-122.07871,43.809706],[-122.078733,43.809671],[-122.078828,43.809662],[-122.078911,43.809669],[-122.078982,43.809651],[-122.079054,43.809693],[-122.079127,43.809744],[-122.079258,43.80975],[-122.079329,43.809732],[-122.079411,43.809688],[-122.079457,43.809627],[-122.079468,43.809584],[-122.07949,43.809523],[-122.079513,43.809471],[-122.079534,43.809393],[-122.079556,43.809324],[-122.079614,43.809263],[-122.079624,43.809194],[-122.079634,43.809125],[-122.079668,43.809056],[-122.079739,43.80902],[-122.079749,43.808942],[-122.079782,43.808856],[-122.079827,43.808769],[-122.079837,43.808691],[-122.079894,43.808596],[-122.079892,43.80851],[-122.07989,43.808415],[-122.079863,43.808321],[-122.079825,43.808226],[-122.079824,43.808183],[-122.079871,43.808148],[-122.079917,43.808087],[-122.079915,43.80801],[-122.079806,43.807959],[-122.079735,43.807943],[-122.07964,43.80797],[-122.079534,43.807998],[-122.079415,43.807999],[-122.07926,43.80801],[-122.079106,43.808038],[-122.078964,43.808066],[-122.078858,43.808076],[-122.078775,43.808111],[-122.078681,43.808156],[-122.078623,43.808217],[-122.078589,43.808278],[-122.078591,43.808364],[-122.07857,43.808459],[-122.078549,43.808562],[-122.078504,43.808649],[-122.078469,43.808701],[-122.078436,43.808771],[-122.078378,43.808849],[-122.078368,43.80891],[-122.078322,43.808971],[-122.078276,43.80904],[-122.078267,43.809135],[-122.07828,43.809204],[-122.078294,43.809272],[-122.078319,43.809341],[-122.078345,43.809427],[-122.078384,43.80953],[-122.078458,43.809632],[-122.078507,43.8097]]],[[[-122.081096,43.813124],[-122.081033,43.813233],[-122.08097,43.813341],[-122.080872,43.813391],[-122.080724,43.81344],[-122.080627,43.813502],[-122.08053,43.813587],[-122.080467,43.813707],[-122.080403,43.813804],[-122.080406,43.813888],[-122.080293,43.813997],[-122.080263,43.814105],[-122.080215,43.814201],[-122.080251,43.814297],[-122.080286,43.81438],[-122.080322,43.814499],[-122.08039,43.814558],[-122.080359,43.814642],[-122.080412,43.814785],[-122.080399,43.814917],[-122.080435,43.815012],[-122.080534,43.814999],[-122.080631,43.814938],[-122.080696,43.814877],[-122.080709,43.814745],[-122.080739,43.814649],[-122.080736,43.814505],[-122.080801,43.814457],[-122.080864,43.814348],[-122.080928,43.814275],[-122.080975,43.814167],[-122.080972,43.814071],[-122.080954,43.813988],[-122.080934,43.81388],[-122.080898,43.813761],[-122.080879,43.813642],[-122.080893,43.81357],[-122.080975,43.813533],[-122.081022,43.813436],[-122.081136,43.813363],[-122.081183,43.813291],[-122.081214,43.813182],[-122.081262,43.813122],[-122.081361,43.813121],[-122.081445,43.813167],[-122.081496,43.813238],[-122.081531,43.81331],[-122.0816,43.813428],[-122.08157,43.813549],[-122.081556,43.813644],[-122.081608,43.813716],[-122.081677,43.813834],[-122.081729,43.813929],[-122.081749,43.814073],[-122.081834,43.814167],[-122.081934,43.81419],[-122.082034,43.814212],[-122.082118,43.814259],[-122.082252,43.814353],[-122.082385,43.814387],[-122.082533,43.814349],[-122.082647,43.814288],[-122.082778,43.814214],[-122.082892,43.814165],[-122.082972,43.81408],[-122.083085,43.813959],[-122.083166,43.813886],[-122.08323,43.813801],[-122.083294,43.813716],[-122.083307,43.813597],[-122.083371,43.8135],[-122.083384,43.81338],[-122.08343,43.81326],[-122.083444,43.813164],[-122.083475,43.81308],[-122.083522,43.812959],[-122.083553,43.812887],[-122.08355,43.812767],[-122.083529,43.8126],[-122.083509,43.812481],[-122.083523,43.812361],[-122.08352,43.812253],[-122.083566,43.812133],[-122.08358,43.812013],[-122.083577,43.811917],[-122.083492,43.811811],[-122.083439,43.811704],[-122.083355,43.811621],[-122.08332,43.811562],[-122.083235,43.811491],[-122.0831,43.811361],[-122.082949,43.811292],[-122.082816,43.811257],[-122.082584,43.811213],[-122.082419,43.811239],[-122.082272,43.811301],[-122.082142,43.811398],[-122.082028,43.811472],[-122.081932,43.811581],[-122.081853,43.811725],[-122.081758,43.81187],[-122.081645,43.811992],[-122.081549,43.812113],[-122.081454,43.812246],[-122.081392,43.812402],[-122.081378,43.81251],[-122.08133,43.812582],[-122.081249,43.812643],[-122.081269,43.812763],[-122.081223,43.812895],[-122.081159,43.813004],[-122.081096,43.813124]]],[[[-122.106597,43.818911],[-122.106519,43.818917],[-122.10645,43.818958],[-122.106381,43.818987],[-122.106344,43.819055],[-122.106276,43.81914],[-122.106216,43.81922],[-122.106187,43.819282],[-122.106164,43.819328],[-122.106158,43.819395],[-122.106152,43.819452],[-122.106154,43.819514],[-122.106101,43.819565],[-122.106071,43.819627],[-122.106073,43.819695],[-122.106075,43.819757],[-122.106077,43.819847],[-122.106056,43.81992],[-122.10605,43.819988],[-122.106074,43.820027],[-122.106114,43.82006],[-122.10617,43.820122],[-122.106225,43.82016],[-122.106304,43.820182],[-122.106359,43.820209],[-122.106446,43.820253],[-122.106517,43.820308],[-122.106518,43.820348],[-122.106582,43.820397],[-122.106652,43.820413],[-122.106722,43.820401],[-122.106806,43.820355],[-122.106875,43.820326],[-122.106922,43.820325],[-122.106967,43.820285],[-122.106982,43.820229],[-122.106941,43.820178],[-122.106971,43.820127],[-122.107016,43.82007],[-122.107046,43.820025],[-122.107091,43.819968],[-122.107129,43.819922],[-122.10719,43.819871],[-122.107243,43.819825],[-122.107249,43.819763],[-122.107256,43.819712],[-122.107301,43.81965],[-122.107307,43.81961],[-122.107314,43.819554],[-122.107359,43.819491],[-122.10742,43.819457],[-122.107497,43.819427],[-122.107542,43.819371],[-122.107564,43.819308],[-122.10761,43.819296],[-122.107656,43.819273],[-122.107725,43.819239],[-122.107755,43.819199],[-122.107754,43.819142],[-122.107714,43.819098],[-122.107681,43.819048],[-122.107664,43.818997],[-122.107616,43.818942],[-122.10753,43.81892],[-122.107436,43.818888],[-122.107381,43.818877],[-122.10735,43.818889],[-122.107311,43.818873],[-122.107271,43.818839],[-122.10721,43.818857],[-122.107078,43.818865],[-122.106961,43.818849],[-122.106843,43.818823],[-122.106758,43.818847],[-122.106705,43.818881],[-122.106597,43.818911]]],[[[-122.069078,43.822002],[-122.069125,43.822149],[-122.06923,43.822285],[-122.069336,43.822431],[-122.069296,43.822568],[-122.069255,43.822674],[-122.06917,43.82276],[-122.069113,43.822824],[-122.069087,43.822908],[-122.069104,43.823014],[-122.069121,43.823108],[-122.069195,43.823181],[-122.06927,43.823243],[-122.069329,43.823295],[-122.069419,43.823399],[-122.069465,43.823483],[-122.069525,43.823556],[-122.069543,43.823682],[-122.069547,43.823819],[-122.069477,43.823946],[-122.069451,43.824042],[-122.06941,43.824148],[-122.069384,43.824264],[-122.069415,43.824358],[-122.069476,43.824452],[-122.069536,43.824536],[-122.069553,43.82463],[-122.069659,43.824766],[-122.069791,43.824817],[-122.069893,43.824816],[-122.070009,43.824793],[-122.070153,43.824749],[-122.070239,43.824705],[-122.070311,43.824652],[-122.070351,43.824525],[-122.070348,43.824419],[-122.070374,43.824293],[-122.070401,43.824187],[-122.070412,43.824081],[-122.070438,43.823965],[-122.070494,43.823859],[-122.070565,43.823774],[-122.070664,43.823699],[-122.070765,43.823655],[-122.070895,43.823601],[-122.070996,43.823557],[-122.071067,43.823514],[-122.071124,43.823439],[-122.07118,43.823375],[-122.071177,43.82327],[-122.071248,43.823174],[-122.071246,43.82309],[-122.071316,43.822984],[-122.071341,43.822857],[-122.071367,43.82274],[-122.071379,43.822635],[-122.071406,43.82255],[-122.071375,43.822477],[-122.071373,43.822403],[-122.071371,43.822298],[-122.071383,43.822213],[-122.071381,43.822129],[-122.071305,43.822025],[-122.071231,43.821973],[-122.071099,43.821933],[-122.070952,43.821892],[-122.070806,43.821863],[-122.07066,43.821823],[-122.070485,43.821815],[-122.070414,43.821879],[-122.070313,43.821943],[-122.070183,43.821987],[-122.070038,43.821979],[-122.069919,43.821907],[-122.069844,43.821823],[-122.069799,43.82175],[-122.069767,43.821656],[-122.069648,43.821531],[-122.069544,43.821458],[-122.069471,43.821438],[-122.069311,43.821441],[-122.06918,43.821463],[-122.069065,43.821507],[-122.069053,43.821623],[-122.069042,43.82175],[-122.069045,43.821866],[-122.069078,43.822002]]]]}},{"type":"Feature","properties":{"MAPTAXLOT":"2056000000100","MAPNUMBER":"20560000","TAXLOT":"100","ACCTNO":"1857661","MAPACRES":16094.98793206},"geometry":{"type":"Polygon","coordinates":[[[-122.14516,43.866859],[-122.151916,43.866859],[-122.151916,43.866798],[-122.151917,43.865263],[-122.151921,43.861642],[-122.151925,43.858022],[-122.151928,43.854401],[-122.151931,43.85078],[-122.151934,43.84716],[-122.151937,43.843539],[-122.151939,43.839918],[-122.151941,43.836297],[-122.151943,43.832677],[-122.151945,43.829056],[-122.151947,43.825435],[-122.151949,43.821814],[-122.151951,43.818193],[-122.151953,43.814571],[-122.151955,43.81095],[-122.151957,43.807329],[-122.151959,43.803707],[-122.151961,43.800086],[-122.151963,43.796464],[-122.151965,43.792843],[-122.151967,43.789221],[-122.151969,43.7856],[-122.151971,43.781979],[-122.145047,43.782183],[-122.14005,43.782183],[-122.135053,43.782183],[-122.130056,43.782183],[-122.125059,43.782183],[-122.120062,43.782183],[-122.115064,43.782183],[-122.110067,43.782183],[-122.10507,43.782183],[-122.100073,43.782183],[-122.095076,43.782183],[-122.090079,43.782183],[-122.085082,43.782183],[-122.08197,43.782183],[-122.081973,43.782317],[-122.082015,43.782505],[-122.08206,43.782799],[-122.082065,43.782987],[-122.081996,43.783203],[-122.081889,43.783366],[-122.081819,43.783528],[-122.081712,43.783663],[-122.081642,43.783852],[-122.081538,43.784122],[-122.081508,43.784364],[-122.081478,43.78466],[-122.081376,43.784983],[-122.081306,43.785172],[-122.081238,43.785388],[-122.081205,43.785549],[-122.081212,43.785818],[-122.081144,43.786033],[-122.081113,43.786275],[-122.080933,43.786466],[-122.080786,43.786521],[-122.080675,43.786523],[-122.080641,43.786657],[-122.080607,43.786765],[-122.080387,43.786849],[-122.080128,43.786879],[-122.079906,43.786882],[-122.079761,43.786992],[-122.079577,43.787075],[-122.079471,43.787264],[-122.0794,43.787372],[-122.079218,43.787509],[-122.078962,43.78762],[-122.078705,43.787731],[-122.078595,43.787786],[-122.078412,43.787869],[-122.078151,43.787792],[-122.077889,43.787688],[-122.077736,43.787502],[-122.077584,43.78737],[-122.077507,43.787237],[-122.077321,43.78724],[-122.077059,43.787136],[-122.07691,43.787084],[-122.076833,43.786978],[-122.076753,43.786764],[-122.076746,43.786469],[-122.07674,43.786254],[-122.076624,43.786068],[-122.076544,43.785828],[-122.076424,43.785507],[-122.076271,43.785321],[-122.076153,43.785054],[-122.075962,43.784842],[-122.075803,43.784415],[-122.075612,43.784176],[-122.075493,43.783882],[-122.075375,43.783642],[-122.075179,43.783216],[-122.075097,43.782921],[-122.074904,43.782629],[-122.074823,43.782361],[-122.074748,43.782183],[-122.074714,43.782183],[-122.074714,43.782183],[-122.062322,43.782183],[-122.062344,43.784392],[-122.062382,43.788193],[-122.065094,43.788014],[-122.065094,43.789424],[-122.065094,43.796665],[-122.065094,43.802747],[-122.065094,43.806367],[-122.065094,43.809987],[-122.065094,43.811147],[-122.065094,43.813608],[-122.065094,43.817228],[-122.065094,43.820849],[-122.065094,43.824469],[-122.065094,43.825628],[-122.065094,43.828089],[-122.065094,43.83171],[-122.065094,43.83533],[-122.065094,43.838951],[-122.065094,43.84011],[-122.065094,43.842571],[-122.065094,43.846191],[-122.065094,43.849812],[-122.065094,43.853432],[-122.065094,43.854592],[-122.065094,43.857053],[-122.065094,43.860673],[-122.065094,43.864293],[-122.065094,43.865453],[-122.065094,43.866859],[-122.070098,43.866859],[-122.075102,43.866859],[-122.080106,43.866859],[-122.08511,43.866859],[-122.090115,43.866859],[-122.095119,43.866859],[-122.100123,43.866859],[-122.105127,43.866859],[-122.110131,43.866859],[-122.115135,43.866859],[-122.120139,43.866859],[-122.125144,43.866859],[-122.130148,43.866859],[-122.135152,43.866859],[-122.140156,43.866859],[-122.14516,43.866859]],[[-122.112653,43.787596],[-122.112759,43.78777],[-122.112862,43.787842],[-122.113046,43.787942],[-122.113191,43.788057],[-122.113313,43.788099],[-122.113436,43.78817],[-122.113561,43.7883],[-122.113664,43.788372],[-122.113808,43.788458],[-122.113931,43.788529],[-122.113973,43.788617],[-122.113975,43.78869],[-122.113896,43.788735],[-122.113816,43.788765],[-122.113675,43.788782],[-122.113471,43.788711],[-122.113266,43.788612],[-122.113002,43.788557],[-122.112798,43.788501],[-122.112574,43.788431],[-122.112433,43.788433],[-122.112211,43.788466],[-122.112071,43.788511],[-122.111992,43.788586],[-122.111994,43.788644],[-122.111956,43.788747],[-122.11202,43.788863],[-122.112105,43.789009],[-122.112251,43.789212],[-122.112315,43.789328],[-122.112379,43.789429],[-122.112462,43.789545],[-122.112527,43.789676],[-122.11257,43.789793],[-122.112472,43.789911],[-122.112414,43.790014],[-122.112398,43.790161],[-122.112462,43.790277],[-122.112546,43.790422],[-122.11261,43.790553],[-122.112633,43.790641],[-122.112576,43.790788],[-122.112539,43.790891],[-122.112481,43.791009],[-122.112484,43.791111],[-122.112607,43.791183],[-122.11267,43.791255],[-122.112712,43.791342],[-122.112776,43.791459],[-122.11292,43.791544],[-122.113024,43.79166],[-122.113148,43.791761],[-122.113231,43.791862],[-122.113274,43.791935],[-122.113336,43.792007],[-122.113379,43.79208],[-122.113339,43.792124],[-122.113217,43.792082],[-122.113136,43.792083],[-122.112974,43.792071],[-122.112811,43.792029],[-122.11267,43.792046],[-122.112466,43.791975],[-122.112306,43.792007],[-122.112125,43.792053],[-122.112025,43.792113],[-122.111904,43.792086],[-122.111843,43.792072],[-122.111741,43.792044],[-122.111739,43.791985],[-122.111696,43.791869],[-122.111574,43.791856],[-122.111432,43.791843],[-122.111292,43.791875],[-122.111212,43.79192],[-122.111174,43.791993],[-122.111074,43.792053],[-122.110872,43.792071],[-122.110609,43.79206],[-122.110367,43.792078],[-122.110164,43.792037],[-122.109921,43.792011],[-122.109879,43.791953],[-122.109816,43.791851],[-122.109713,43.791794],[-122.109652,43.791751],[-122.109448,43.791695],[-122.109284,43.791624],[-122.109161,43.791553],[-122.108956,43.791424],[-122.108872,43.791308],[-122.108788,43.791192],[-122.108744,43.791061],[-122.10872,43.790915],[-122.108676,43.790798],[-122.108572,43.790683],[-122.108448,43.790567],[-122.108383,43.790407],[-122.108338,43.790232],[-122.108353,43.790042],[-122.10831,43.78994],[-122.108327,43.789808],[-122.108447,43.789748],[-122.108523,43.789586],[-122.108581,43.789497],[-122.108618,43.789365],[-122.108595,43.789233],[-122.108591,43.789087],[-122.108548,43.788985],[-122.108443,43.78884],[-122.108397,43.788636],[-122.108393,43.788475],[-122.10837,43.788373],[-122.108467,43.78824],[-122.108503,43.788063],[-122.108539,43.787917],[-122.108576,43.78777],[-122.108633,43.787637],[-122.108771,43.787518],[-122.108951,43.787442],[-122.109171,43.787366],[-122.109331,43.787291],[-122.109591,43.787199],[-122.109771,43.787124],[-122.109992,43.787077],[-122.110256,43.787102],[-122.110439,43.787173],[-122.110661,43.78714],[-122.110842,43.787109],[-122.111084,43.787091],[-122.111285,43.787059],[-122.111425,43.787013],[-122.111567,43.787011],[-122.111751,43.787096],[-122.111894,43.787167],[-122.112038,43.787268],[-122.112222,43.787338],[-122.112385,43.787409],[-122.112549,43.78748],[-122.112653,43.787596]],[[-122.083429,43.79519],[-122.083557,43.795396],[-122.083562,43.795603],[-122.083445,43.795813],[-122.083325,43.795933],[-122.083329,43.796081],[-122.083375,43.796258],[-122.083257,43.796467],[-122.083136,43.796528],[-122.083018,43.796708],[-122.082942,43.796946],[-122.082908,43.797214],[-122.082708,43.797365],[-122.082546,43.797456],[-122.082429,43.797665],[-122.082393,43.797873],[-122.0824,43.79814],[-122.082446,43.798317],[-122.082576,43.798612],[-122.082706,43.798877],[-122.082796,43.799172],[-122.082848,43.799587],[-122.082855,43.799883],[-122.082861,43.80012],[-122.082949,43.800327],[-122.082914,43.800564],[-122.082758,43.800863],[-122.082601,43.801132],[-122.08236,43.801313],[-122.082079,43.801525],[-122.081798,43.801736],[-122.081597,43.801887],[-122.081397,43.802038],[-122.081113,43.802161],[-122.080992,43.802222],[-122.080995,43.80234],[-122.080999,43.802488],[-122.080838,43.802609],[-122.080718,43.8027],[-122.08064,43.802849],[-122.080643,43.802968],[-122.080526,43.803177],[-122.080489,43.803355],[-122.08041,43.803475],[-122.080209,43.803596],[-122.080006,43.803659],[-122.079887,43.803808],[-122.079851,43.803987],[-122.079898,43.804223],[-122.079861,43.804372],[-122.079701,43.804523],[-122.079457,43.804585],[-122.079297,43.804736],[-122.079258,43.804825],[-122.079303,43.804973],[-122.079307,43.805121],[-122.079184,43.805123],[-122.079018,43.805036],[-122.078932,43.804889],[-122.078687,43.804892],[-122.078525,43.804984],[-122.078362,43.804986],[-122.078318,43.804897],[-122.078314,43.80472],[-122.07835,43.804541],[-122.078511,43.80445],[-122.078757,43.804447],[-122.079,43.804325],[-122.079198,43.804085],[-122.079149,43.803789],[-122.079266,43.80355],[-122.079384,43.803371],[-122.079542,43.803161],[-122.079537,43.802953],[-122.079573,43.802775],[-122.079651,43.802626],[-122.079769,43.802416],[-122.079847,43.802267],[-122.080051,43.802264],[-122.080256,43.802261],[-122.080379,43.80226],[-122.080457,43.80211],[-122.08045,43.801844],[-122.080443,43.801577],[-122.080522,43.801457],[-122.080517,43.801279],[-122.08043,43.801073],[-122.080342,43.800867],[-122.080295,43.80063],[-122.080368,43.800273],[-122.080444,43.800064],[-122.080767,43.799882],[-122.081089,43.79967],[-122.081326,43.799341],[-122.081484,43.799101],[-122.081638,43.798743],[-122.081713,43.798475],[-122.081749,43.798267],[-122.081865,43.798029],[-122.081983,43.797819],[-122.082058,43.797581],[-122.082216,43.797342],[-122.08221,43.797105],[-122.082044,43.797048],[-122.08184,43.79708],[-122.081712,43.796845],[-122.081622,43.796549],[-122.081531,43.796195],[-122.08148,43.79581],[-122.081553,43.795483],[-122.081751,43.795213],[-122.081867,43.794974],[-122.082023,43.794646],[-122.0821,43.794467],[-122.082343,43.794375],[-122.082587,43.794312],[-122.082877,43.794456],[-122.083049,43.79475],[-122.083217,43.794926],[-122.083429,43.79519]],[[-122.085128,43.806705],[-122.08508,43.806886],[-122.085084,43.807066],[-122.085036,43.807234],[-122.084985,43.80735],[-122.084936,43.807492],[-122.084849,43.807584],[-122.084782,43.807713],[-122.084749,43.80783],[-122.084734,43.807933],[-122.084737,43.808036],[-122.084686,43.808126],[-122.084599,43.808218],[-122.084441,43.808297],[-122.084301,43.808376],[-122.084214,43.808442],[-122.084127,43.808494],[-122.084021,43.808522],[-122.083935,43.808638],[-122.083865,43.808678],[-122.083759,43.808705],[-122.083704,43.808642],[-122.083631,43.808565],[-122.083436,43.808568],[-122.083347,43.808582],[-122.083277,43.808596],[-122.083187,43.808559],[-122.083097,43.808508],[-122.083041,43.808432],[-122.082898,43.80837],[-122.082772,43.808333],[-122.082645,43.808244],[-122.082537,43.808156],[-122.082481,43.808054],[-122.082425,43.807964],[-122.08235,43.807811],[-122.082311,43.807683],[-122.082344,43.807567],[-122.082339,43.807399],[-122.082354,43.80727],[-122.082297,43.807155],[-122.082329,43.807013],[-122.082326,43.806885],[-122.082321,43.806692],[-122.082405,43.806511],[-122.082455,43.806381],[-122.082557,43.806225],[-122.082678,43.806082],[-122.082818,43.80599],[-122.083029,43.80591],[-122.083221,43.805805],[-122.083362,43.805738],[-122.083502,43.805659],[-122.083696,43.805618],[-122.083963,43.805627],[-122.084214,43.805701],[-122.084376,43.805776],[-122.084484,43.805852],[-122.08461,43.805914],[-122.084754,43.805977],[-122.084827,43.806053],[-122.084883,43.806142],[-122.08492,43.806232],[-122.084975,43.806295],[-122.085101,43.806332],[-122.085121,43.806435],[-122.085107,43.806564],[-122.085127,43.806641],[-122.085128,43.806705]],[[-122.083439,43.811704],[-122.083492,43.811811],[-122.083577,43.811917],[-122.08358,43.812013],[-122.083566,43.812133],[-122.08352,43.812253],[-122.083523,43.812361],[-122.083509,43.812481],[-122.083529,43.8126],[-122.08355,43.812767],[-122.083553,43.812887],[-122.083522,43.812959],[-122.083475,43.81308],[-122.083444,43.813164],[-122.08343,43.81326],[-122.083384,43.81338],[-122.083371,43.8135],[-122.083307,43.813597],[-122.083294,43.813716],[-122.08323,43.813801],[-122.083166,43.813886],[-122.083085,43.813959],[-122.082972,43.81408],[-122.082892,43.814165],[-122.082778,43.814214],[-122.082647,43.814288],[-122.082533,43.814349],[-122.082385,43.814387],[-122.082252,43.814353],[-122.082118,43.814259],[-122.082034,43.814212],[-122.081934,43.81419],[-122.081834,43.814167],[-122.081749,43.814073],[-122.081729,43.813929],[-122.081677,43.813834],[-122.081608,43.813716],[-122.081556,43.813644],[-122.08157,43.813549],[-122.0816,43.813428],[-122.081531,43.81331],[-122.081496,43.813238],[-122.081445,43.813167],[-122.081361,43.813121],[-122.081262,43.813122],[-122.081214,43.813182],[-122.081183,43.813291],[-122.081136,43.813363],[-122.081022,43.813436],[-122.080975,43.813533],[-122.080893,43.81357],[-122.080879,43.813642],[-122.080898,43.813761],[-122.080934,43.81388],[-122.080954,43.813988],[-122.080972,43.814071],[-122.080975,43.814167],[-122.080928,43.814275],[-122.080864,43.814348],[-122.080801,43.814457],[-122.080736,43.814505],[-122.080739,43.814649],[-122.080709,43.814745],[-122.080696,43.814877],[-122.080631,43.814938],[-122.080534,43.814999],[-122.080435,43.815012],[-122.080399,43.814917],[-122.080412,43.814785],[-122.080359,43.814642],[-122.08039,43.814558],[-122.080322,43.814499],[-122.080286,43.81438],[-122.080251,43.814297],[-122.080215,43.814201],[-122.080263,43.814105],[-122.080293,43.813997],[-122.080406,43.813888],[-122.080403,43.813804],[-122.080467,43.813707],[-122.08053,43.813587],[-122.080627,43.813502],[-122.080724,43.81344],[-122.080872,43.813391],[-122.08097,43.813341],[-122.081033,43.813233],[-122.081096,43.813124],[-122.081159,43.813004],[-122.081223,43.812895],[-122.081269,43.812763],[-122.081249,43.812643],[-122.08133,43.812582],[-122.081378,43.81251],[-122.081392,43.812402],[-122.081454,43.812246],[-122.081549,43.812113],[-122.081645,43.811992],[-122.081758,43.81187],[-122.081853,43.811725],[-122.081932,43.811581],[-122.082028,43.811472],[-122.082142,43.811398],[-122.082272,43.811301],[-122.082419,43.811239],[-122.082584,43.811213],[-122.082816,43.811257],[-122.082949,43.811292],[-122.0831,43.811361],[-122.083235,43.811491],[-122.08332,43.811562],[-122.083355,43.811621],[-122.083439,43.811704]],[[-122.071371,43.822298],[-122.071373,43.822403],[-122.071375,43.822477],[-122.071406,43.82255],[-122.071379,43.822635],[-122.071367,43.82274],[-122.071341,43.822857],[-122.071316,43.822984],[-122.071246,43.82309],[-122.071248,43.823174],[-122.071177,43.82327],[-122.07118,43.823375],[-122.071124,43.823439],[-122.071067,43.823514],[-122.070996,43.823557],[-122.070895,43.823601],[-122.070765,43.823655],[-122.070664,43.823699],[-122.070565,43.823774],[-122.070494,43.823859],[-122.070438,43.823965],[-122.070412,43.824081],[-122.070401,43.824187],[-122.070374,43.824293],[-122.070348,43.824419],[-122.070351,43.824525],[-122.070311,43.824652],[-122.070239,43.824705],[-122.070153,43.824749],[-122.070009,43.824793],[-122.069893,43.824816],[-122.069791,43.824817],[-122.069659,43.824766],[-122.069553,43.82463],[-122.069536,43.824536],[-122.069476,43.824452],[-122.069415,43.824358],[-122.069384,43.824264],[-122.06941,43.824148],[-122.069451,43.824042],[-122.069477,43.823946],[-122.069547,43.823819],[-122.069543,43.823682],[-122.069525,43.823556],[-122.069465,43.823483],[-122.069419,43.823399],[-122.069329,43.823295],[-122.06927,43.823243],[-122.069195,43.823181],[-122.069121,43.823108],[-122.069104,43.823014],[-122.069087,43.822908],[-122.069113,43.822824],[-122.06917,43.82276],[-122.069255,43.822674],[-122.069296,43.822568],[-122.069336,43.822431],[-122.06923,43.822285],[-122.069125,43.822149],[-122.069078,43.822002],[-122.069045,43.821866],[-122.069042,43.82175],[-122.069053,43.821623],[-122.069065,43.821507],[-122.06918,43.821463],[-122.069311,43.821441],[-122.069471,43.821438],[-122.069544,43.821458],[-122.069648,43.821531],[-122.069767,43.821656],[-122.069799,43.82175],[-122.069844,43.821823],[-122.069919,43.821907],[-122.070038,43.821979],[-122.070183,43.821987],[-122.070313,43.821943],[-122.070414,43.821879],[-122.070485,43.821815],[-122.07066,43.821823],[-122.070806,43.821863],[-122.070952,43.821892],[-122.071099,43.821933],[-122.071231,43.821973],[-122.071305,43.822025],[-122.071381,43.822129],[-122.071383,43.822213],[-122.071371,43.822298]],[[-122.079825,43.808226],[-122.079863,43.808321],[-122.07989,43.808415],[-122.079892,43.80851],[-122.079894,43.808596],[-122.079837,43.808691],[-122.079827,43.808769],[-122.079782,43.808856],[-122.079749,43.808942],[-122.079739,43.80902],[-122.079668,43.809056],[-122.079634,43.809125],[-122.079624,43.809194],[-122.079614,43.809263],[-122.079556,43.809324],[-122.079534,43.809393],[-122.079513,43.809471],[-122.07949,43.809523],[-122.079468,43.809584],[-122.079457,43.809627],[-122.079411,43.809688],[-122.079329,43.809732],[-122.079258,43.80975],[-122.079127,43.809744],[-122.079054,43.809693],[-122.078982,43.809651],[-122.078911,43.809669],[-122.078828,43.809662],[-122.078733,43.809671],[-122.07871,43.809706],[-122.078676,43.809767],[-122.078653,43.80981],[-122.07857,43.809829],[-122.078521,43.809778],[-122.078507,43.8097],[-122.078458,43.809632],[-122.078384,43.80953],[-122.078345,43.809427],[-122.078319,43.809341],[-122.078294,43.809272],[-122.07828,43.809204],[-122.078267,43.809135],[-122.078276,43.80904],[-122.078322,43.808971],[-122.078368,43.80891],[-122.078378,43.808849],[-122.078436,43.808771],[-122.078469,43.808701],[-122.078504,43.808649],[-122.078549,43.808562],[-122.07857,43.808459],[-122.078591,43.808364],[-122.078589,43.808278],[-122.078623,43.808217],[-122.078681,43.808156],[-122.078775,43.808111],[-122.078858,43.808076],[-122.078964,43.808066],[-122.079106,43.808038],[-122.07926,43.80801],[-122.079415,43.807999],[-122.079534,43.807998],[-122.07964,43.80797],[-122.079735,43.807943],[-122.079806,43.807959],[-122.079915,43.80801],[-122.079917,43.808087],[-122.079871,43.808148],[-122.079824,43.808183],[-122.079825,43.808226]],[[-122.107564,43.819308],[-122.107542,43.819371],[-122.107497,43.819427],[-122.10742,43.819457],[-122.107359,43.819491],[-122.107314,43.819554],[-122.107307,43.81961],[-122.107301,43.81965],[-122.107256,43.819712],[-122.107249,43.819763],[-122.107243,43.819825],[-122.10719,43.819871],[-122.107129,43.819922],[-122.107091,43.819968],[-122.107046,43.820025],[-122.107016,43.82007],[-122.106971,43.820127],[-122.106941,43.820178],[-122.106982,43.820229],[-122.106967,43.820285],[-122.106922,43.820325],[-122.106875,43.820326],[-122.106806,43.820355],[-122.106722,43.820401],[-122.106652,43.820413],[-122.106582,43.820397],[-122.106518,43.820348],[-122.106517,43.820308],[-122.106446,43.820253],[-122.106359,43.820209],[-122.106304,43.820182],[-122.106225,43.82016],[-122.10617,43.820122],[-122.106114,43.82006],[-122.106074,43.820027],[-122.10605,43.819988],[-122.106056,43.81992],[-122.106077,43.819847],[-122.106075,43.819757],[-122.106073,43.819695],[-122.106071,43.819627],[-122.106101,43.819565],[-122.106154,43.819514],[-122.106152,43.819452],[-122.106158,43.819395],[-122.106164,43.819328],[-122.106187,43.819282],[-122.106216,43.81922],[-122.106276,43.81914],[-122.106344,43.819055],[-122.106381,43.818987],[-122.10645,43.818958],[-122.106519,43.818917],[-122.106597,43.818911],[-122.106705,43.818881],[-122.106758,43.818847],[-122.106843,43.818823],[-122.106961,43.818849],[-122.107078,43.818865],[-122.10721,43.818857],[-122.107271,43.818839],[-122.107311,43.818873],[-122.10735,43.818889],[-122.107381,43.818877],[-122.107436,43.818888],[-122.10753,43.81892],[-122.107616,43.818942],[-122.107664,43.818997],[-122.107681,43.819048],[-122.107714,43.819098],[-122.107754,43.819142],[-122.107755,43.819199],[-122.107725,43.819239],[-122.107656,43.819273],[-122.10761,43.819296],[-122.107564,43.819308]]]}},{"type":"Feature","properties":{"MAPTAXLOT":"2155000000100","MAPNUMBER":"21550000","TAXLOT":"100","ACCTNO":"0966422","MAPACRES":22667.44132233},"geometry":{"type":"MultiPolygon","coordinates":[[[[-122.152001,43.699662],[-122.151997,43.703286],[-122.151993,43.70691],[-122.15199,43.710522],[-122.15199,43.710535],[-122.15199,43.714157],[-122.15199,43.71778],[-122.15199,43.721403],[-122.15199,43.725004],[-122.15199,43.725025],[-122.151989,43.728648],[-122.151988,43.73227],[-122.151987,43.735893],[-122.151986,43.739486],[-122.151986,43.739515],[-122.151985,43.743137],[-122.151984,43.746759],[-122.151984,43.750381],[-122.151983,43.753968],[-122.151983,43.754003],[-122.151982,43.757625],[-122.15198,43.761247],[-122.151979,43.764869],[-122.151977,43.76845],[-122.151977,43.76849],[-122.151976,43.772112],[-122.151974,43.775733],[-122.151972,43.779354],[-122.151971,43.781979],[-122.156973,43.781977],[-122.161975,43.781975],[-122.166977,43.781973],[-122.171978,43.781971],[-122.176981,43.781974],[-122.181984,43.781976],[-122.186986,43.781979],[-122.191989,43.781981],[-122.196993,43.781982],[-122.201996,43.781982],[-122.207,43.781983],[-122.212004,43.781984],[-122.217006,43.781985],[-122.222007,43.781986],[-122.227008,43.781988],[-122.23201,43.781989],[-122.23701,43.781984],[-122.242011,43.781978],[-122.247011,43.781972],[-122.252012,43.781966],[-122.257011,43.781958],[-122.262011,43.781949],[-122.26701,43.781941],[-122.271397,43.781935],[-122.27139,43.779307],[-122.271376,43.775683],[-122.271362,43.772058],[-122.271347,43.768434],[-122.271335,43.76481],[-122.271322,43.761187],[-122.27131,43.757563],[-122.271297,43.75394],[-122.271289,43.750315],[-122.271282,43.74669],[-122.271274,43.743065],[-122.271266,43.73944],[-122.271271,43.735815],[-122.271276,43.732191],[-122.271281,43.728566],[-122.271286,43.724941],[-122.271305,43.721318],[-122.271325,43.717695],[-122.271345,43.714072],[-122.271365,43.710449],[-122.271375,43.706845],[-122.271386,43.70324],[-122.271396,43.699919],[-122.270383,43.699341],[-122.26955,43.698821],[-122.267716,43.697769],[-122.266156,43.696788],[-122.2651,43.696037],[-122.261933,43.696039],[-122.251939,43.69604],[-122.231926,43.69604],[-122.211919,43.696036],[-122.191965,43.696056],[-122.171968,43.69605],[-122.152005,43.696038],[-122.152001,43.699662]]],[[[-122.268198,43.697346],[-122.270031,43.698398],[-122.270864,43.698917],[-122.271398,43.699193],[-122.271405,43.697071],[-122.271283,43.697008],[-122.269355,43.696033],[-122.266926,43.696035],[-122.266293,43.696036],[-122.268198,43.697346]]],[[[-122.271407,43.69641],[-122.271407,43.696255],[-122.271408,43.696031],[-122.271408,43.696031],[-122.27097,43.696032],[-122.270627,43.696032],[-122.271407,43.69641]]]]}},{"type":"Feature","properties":{"MAPTAXLOT":"2156000000066","MAPNUMBER":"21560000","TAXLOT":"66","ACCTNO":"000None","MAPACRES":134.79609938},"geometry":{"type":"MultiPolygon","coordinates":[[[[-122.07558,43.773856],[-122.075729,43.773893],[-122.075844,43.773901],[-122.075959,43.773933],[-122.076041,43.773966],[-122.076143,43.774014],[-122.076219,43.774091],[-122.076357,43.774206],[-122.076448,43.774317],[-122.076586,43.774462],[-122.076677,43.774573],[-122.076814,43.774674],[-122.076885,43.774819],[-122.076955,43.77493],[-122.07707,43.774939],[-122.077199,43.774976],[-122.077328,43.775028],[-122.07743,43.775061],[-122.077479,43.775138],[-122.077542,43.775196],[-122.07761,43.775253],[-122.077677,43.775285],[-122.077748,43.775297],[-122.0778,43.775286],[-122.077841,43.77528],[-122.077904,43.775263],[-122.077948,43.775221],[-122.077978,43.775136],[-122.078033,43.774916],[-122.07803,43.774808],[-122.078054,43.774686],[-122.078031,43.774603],[-122.077941,43.774482],[-122.077782,43.774358],[-122.077658,43.774232],[-122.077582,43.77416],[-122.077566,43.774073],[-122.077483,43.773991],[-122.077428,43.773928],[-122.077399,43.77385],[-122.07741,43.773767],[-122.077347,43.77369],[-122.077366,43.773612],[-122.077349,43.773495],[-122.077287,43.773432],[-122.077318,43.773329],[-122.077328,43.773217],[-122.077339,43.773109],[-122.077343,43.773002],[-122.077347,43.772885],[-122.077351,43.772777],[-122.077369,43.772699],[-122.077421,43.772615],[-122.077444,43.772498],[-122.077487,43.772316],[-122.077451,43.772214],[-122.077474,43.772092],[-122.077499,43.772004],[-122.077523,43.771886],[-122.077494,43.771799],[-122.077491,43.771682],[-122.07748,43.771516],[-122.077442,43.771355],[-122.077407,43.771073],[-122.077273,43.770821],[-122.077207,43.770636],[-122.077245,43.770518],[-122.077097,43.770286],[-122.077038,43.770067],[-122.076981,43.769946],[-122.076871,43.769869],[-122.076654,43.769809],[-122.076416,43.769729],[-122.076168,43.769767],[-122.075868,43.769634],[-122.075685,43.769583],[-122.075514,43.769493],[-122.075262,43.769408],[-122.075052,43.769328],[-122.074868,43.769277],[-122.074566,43.769315],[-122.074299,43.769387],[-122.074136,43.769345],[-122.073802,43.769462],[-122.073469,43.769589],[-122.073123,43.769755],[-122.07285,43.769895],[-122.072762,43.77015],[-122.072729,43.770409],[-122.07273,43.770707],[-122.072721,43.770893],[-122.072695,43.771171],[-122.072698,43.771552],[-122.072631,43.771855],[-122.072732,43.772108],[-122.072741,43.772449],[-122.072736,43.772772],[-122.072786,43.772893],[-122.072858,43.773043],[-122.073034,43.773075],[-122.073182,43.773073],[-122.07322,43.772999],[-122.0733,43.772954],[-122.073435,43.772977],[-122.07356,43.773097],[-122.07371,43.773164],[-122.073821,43.773289],[-122.074004,43.773335],[-122.074228,43.77341],[-122.074459,43.773485],[-122.074616,43.773561],[-122.074837,43.773768],[-122.074939,43.773801],[-122.075013,43.773819],[-122.075027,43.773839],[-122.075088,43.773862],[-122.075203,43.773861],[-122.075277,43.773855],[-122.075418,43.773843],[-122.07558,43.773856]]],[[[-122.081578,43.718104],[-122.081651,43.718125],[-122.081724,43.718155],[-122.081827,43.718167],[-122.081911,43.718165],[-122.081989,43.718138],[-122.082061,43.718124],[-122.082158,43.718101],[-122.082278,43.718073],[-122.082368,43.718063],[-122.082435,43.718084],[-122.082514,43.7181],[-122.082604,43.71809],[-122.082713,43.71808],[-122.08281,43.718074],[-122.08293,43.718059],[-122.08305,43.71804],[-122.083141,43.718022],[-122.083296,43.717954],[-122.083451,43.717886],[-122.083521,43.717788],[-122.083579,43.717687],[-122.083588,43.717568],[-122.083542,43.717437],[-122.083443,43.717356],[-122.08341,43.717242],[-122.083396,43.717155],[-122.083401,43.717102],[-122.083283,43.717007],[-122.083129,43.716882],[-122.082975,43.716783],[-122.082865,43.716724],[-122.082689,43.716695],[-122.082507,43.716685],[-122.082409,43.716633],[-122.082244,43.716539],[-122.082113,43.716405],[-122.082044,43.71631],[-122.081989,43.716267],[-122.081881,43.716316],[-122.081872,43.716404],[-122.081783,43.716484],[-122.081663,43.716517],[-122.081544,43.716584],[-122.081401,43.716665],[-122.081337,43.716775],[-122.081322,43.716894],[-122.081259,43.717026],[-122.081262,43.71714],[-122.081229,43.717268],[-122.081232,43.717377],[-122.081205,43.717491],[-122.081195,43.71757],[-122.081252,43.717688],[-122.081322,43.717805],[-122.081403,43.717888],[-122.081459,43.717974],[-122.081528,43.718066],[-122.081578,43.718104]]],[[[-122.071068,43.725287],[-122.071051,43.72541],[-122.071032,43.725494],[-122.071088,43.725547],[-122.071097,43.725655],[-122.0711,43.725768],[-122.071083,43.725871],[-122.071146,43.725964],[-122.071162,43.726071],[-122.071286,43.726158],[-122.071403,43.72622],[-122.071472,43.726263],[-122.071587,43.726252],[-122.071598,43.726149],[-122.071595,43.726036],[-122.071647,43.725962],[-122.071719,43.725862],[-122.071825,43.725782],[-122.071836,43.725694],[-122.071794,43.725621],[-122.071716,43.725504],[-122.071659,43.725387],[-122.071548,43.725271],[-122.071364,43.725249],[-122.0711,43.725218],[-122.071068,43.725287]]],[[[-122.067646,43.726463],[-122.067669,43.72657],[-122.067732,43.726673],[-122.067776,43.726775],[-122.06786,43.726877],[-122.067916,43.726945],[-122.068018,43.726993],[-122.068094,43.727031],[-122.068203,43.727064],[-122.068298,43.727077],[-122.068406,43.727066],[-122.068513,43.727025],[-122.06858,43.72697],[-122.068633,43.72693],[-122.068706,43.726905],[-122.068725,43.726856],[-122.068772,43.726821],[-122.06879,43.726742],[-122.068829,43.726687],[-122.068916,43.726612],[-122.069022,43.726547],[-122.069149,43.726487],[-122.069256,43.726431],[-122.069363,43.72639],[-122.069425,43.726404],[-122.069467,43.726463],[-122.069529,43.726521],[-122.069598,43.726579],[-122.069667,43.726622],[-122.06973,43.726714],[-122.069679,43.726803],[-122.06966,43.726858],[-122.069675,43.726921],[-122.069759,43.727018],[-122.069799,43.727023],[-122.069866,43.726973],[-122.069946,43.726922],[-122.069992,43.726873],[-122.070017,43.726818],[-122.069989,43.72675],[-122.069926,43.726677],[-122.069822,43.726605],[-122.069745,43.726498],[-122.069675,43.726406],[-122.069612,43.726303],[-122.069542,43.726221],[-122.069509,43.726261],[-122.069387,43.726243],[-122.06927,43.72619],[-122.069193,43.726088],[-122.069143,43.725991],[-122.069155,43.725907],[-122.069206,43.725813],[-122.069293,43.725768],[-122.069374,43.725752],[-122.069386,43.725678],[-122.069376,43.72559],[-122.069321,43.725537],[-122.069191,43.725485],[-122.069054,43.725423],[-122.068877,43.7254],[-122.068729,43.725412],[-122.06869,43.725467],[-122.068554,43.725469],[-122.068398,43.725451],[-122.068229,43.725449],[-122.068082,43.725509],[-122.067981,43.72554],[-122.067888,43.72561],[-122.067862,43.725669],[-122.067899,43.725787],[-122.067902,43.725885],[-122.067932,43.726012],[-122.068022,43.726089],[-122.067983,43.726164],[-122.06791,43.726224],[-122.06777,43.726289],[-122.067698,43.726393],[-122.067646,43.726463]]],[[[-122.111852,43.73794],[-122.111968,43.737968],[-122.112019,43.737994],[-122.112107,43.737995],[-122.112135,43.738019],[-122.11223,43.738021],[-122.112318,43.738046],[-122.11239,43.738075],[-122.112447,43.738059],[-122.112498,43.738049],[-122.112564,43.737999],[-122.112624,43.737944],[-122.112666,43.737897],[-122.11269,43.737906],[-122.112747,43.737861],[-122.112793,43.737816],[-122.112818,43.737733],[-122.112806,43.737659],[-122.112786,43.737554],[-122.11277,43.737446],[-122.112679,43.737349],[-122.112678,43.737298],[-122.112604,43.737213],[-122.112527,43.737128],[-122.112441,43.737055],[-122.112299,43.736945],[-122.112162,43.736865],[-122.112065,43.73681],[-122.111929,43.73679],[-122.111802,43.736819],[-122.111688,43.736865],[-122.111563,43.736901],[-122.111436,43.736944],[-122.111305,43.73699],[-122.111218,43.737006],[-122.111154,43.737147],[-122.111136,43.737243],[-122.111138,43.737314],[-122.11116,43.737395],[-122.1112,43.737483],[-122.111235,43.737534],[-122.111209,43.737576],[-122.11121,43.737632],[-122.111279,43.737651],[-122.111304,43.737709],[-122.111359,43.73775],[-122.111394,43.737774],[-122.111473,43.737822],[-122.111544,43.737839],[-122.111633,43.737867],[-122.111756,43.737907],[-122.111852,43.73794]]],[[[-122.085435,43.745129],[-122.085524,43.745152],[-122.085559,43.745191],[-122.085614,43.745234],[-122.085689,43.745258],[-122.08575,43.745267],[-122.085811,43.745251],[-122.085864,43.745221],[-122.085904,43.745191],[-122.085978,43.745175],[-122.086066,43.745174],[-122.086174,43.745163],[-122.086248,43.745128],[-122.086328,43.745117],[-122.086411,43.74515],[-122.086485,43.745164],[-122.086573,43.745153],[-122.08664,43.745103],[-122.086671,43.745009],[-122.086669,43.744925],[-122.08664,43.744847],[-122.08663,43.744749],[-122.086588,43.744686],[-122.086546,43.744633],[-122.086522,43.744471],[-122.086489,43.744251],[-122.08647,43.744064],[-122.08648,43.743936],[-122.086478,43.743833],[-122.086461,43.743716],[-122.086397,43.743594],[-122.086274,43.743547],[-122.086144,43.743504],[-122.086021,43.743462],[-122.085879,43.743444],[-122.08577,43.743421],[-122.085628,43.743452],[-122.08552,43.743469],[-122.085374,43.743569],[-122.085281,43.743634],[-122.085263,43.743722],[-122.085339,43.7438],[-122.085396,43.743892],[-122.08546,43.744024],[-122.085382,43.744133],[-122.085358,43.744237],[-122.0854,43.74431],[-122.085423,43.744403],[-122.0855,43.74449],[-122.085345,43.744517],[-122.085236,43.744508],[-122.085164,43.744588],[-122.085085,43.744687],[-122.085141,43.74475],[-122.085143,43.744853],[-122.085145,43.744912],[-122.085221,43.744955],[-122.085303,43.744983],[-122.085398,43.745007],[-122.085473,43.745025],[-122.085413,43.74508],[-122.085435,43.745129]]],[[[-122.078885,43.746962],[-122.07897,43.746991],[-122.079026,43.74697],[-122.079018,43.746919],[-122.079129,43.746907],[-122.079214,43.746922],[-122.079319,43.746905],[-122.079437,43.746883],[-122.079542,43.746866],[-122.079603,43.746799],[-122.079623,43.746723],[-122.079592,43.746622],[-122.079527,43.746572],[-122.079484,43.746511],[-122.079475,43.746455],[-122.079473,43.746369],[-122.079514,43.746312],[-122.079583,43.746286],[-122.079653,43.746285],[-122.079759,43.746289],[-122.079843,43.746308],[-122.079935,43.746317],[-122.080075,43.74631],[-122.080158,43.746278],[-122.080276,43.746246],[-122.080381,43.746214],[-122.080498,43.746136],[-122.080574,43.7461],[-122.08065,43.746043],[-122.080747,43.746021],[-122.080767,43.745965],[-122.080779,43.745893],[-122.080784,43.745802],[-122.080818,43.745766],[-122.080873,43.745709],[-122.08087,43.745618],[-122.080791,43.745532],[-122.08074,43.745462],[-122.080612,43.745403],[-122.080506,43.745353],[-122.080379,43.745355],[-122.080211,43.745367],[-122.08008,43.745425],[-122.080019,43.745502],[-122.079864,43.745509],[-122.079738,43.745516],[-122.079578,43.745534],[-122.079459,43.745561],[-122.079391,43.745653],[-122.079338,43.745761],[-122.079264,43.745879],[-122.079246,43.745981],[-122.079205,43.746022],[-122.079134,43.746002],[-122.079071,43.746024],[-122.079038,43.74609],[-122.07894,43.746081],[-122.078856,43.746103],[-122.078773,43.74616],[-122.078697,43.746186],[-122.07865,43.746253],[-122.078625,43.74637],[-122.078646,43.746406],[-122.078702,43.7464],[-122.078751,43.746384],[-122.078815,43.746408],[-122.078859,43.746479],[-122.078883,43.746591],[-122.078941,43.746666],[-122.078971,43.746732],[-122.078931,43.746819],[-122.078891,43.74689],[-122.078885,43.746962]]],[[[-122.068832,43.749074],[-122.06889,43.749151],[-122.068953,43.74921],[-122.069021,43.749271],[-122.069078,43.749304],[-122.069231,43.749328],[-122.069314,43.749356],[-122.069311,43.749253],[-122.069314,43.749164],[-122.069338,43.749097],[-122.069454,43.749066],[-122.069567,43.749094],[-122.069665,43.749119],[-122.06973,43.749077],[-122.069794,43.749006],[-122.069874,43.748927],[-122.069965,43.7489],[-122.07001,43.748859],[-122.069978,43.748796],[-122.06995,43.748719],[-122.069995,43.748689],[-122.070004,43.748641],[-122.069996,43.748507],[-122.069993,43.748415],[-122.06997,43.748297],[-122.069998,43.748186],[-122.070055,43.74803],[-122.070115,43.747977],[-122.070196,43.747976],[-122.070269,43.748034],[-122.070348,43.748129],[-122.070449,43.748268],[-122.070493,43.748386],[-122.070541,43.748493],[-122.070564,43.748596],[-122.070571,43.748666],[-122.070684,43.748702],[-122.070818,43.748733],[-122.070957,43.748768],[-122.071003,43.748801],[-122.071152,43.748836],[-122.07128,43.748834],[-122.071387,43.748825],[-122.071508,43.748786],[-122.071594,43.748771],[-122.07172,43.74871],[-122.071796,43.748683],[-122.071897,43.748633],[-122.071946,43.748559],[-122.071953,43.748448],[-122.071988,43.74841],[-122.072022,43.748358],[-122.072067,43.748291],[-122.072059,43.748195],[-122.071995,43.748103],[-122.071968,43.748011],[-122.071895,43.747968],[-122.071814,43.747995],[-122.071772,43.747958],[-122.071734,43.747874],[-122.07163,43.747794],[-122.071556,43.747699],[-122.071402,43.747649],[-122.071303,43.747558],[-122.071201,43.747563],[-122.071094,43.747561],[-122.070992,43.747573],[-122.070882,43.747649],[-122.07077,43.747683],[-122.070618,43.747722],[-122.070439,43.747699],[-122.070245,43.747694],[-122.070026,43.747682],[-122.069777,43.747549],[-122.069599,43.747555],[-122.069448,43.747642],[-122.069426,43.747764],[-122.069352,43.747873],[-122.069199,43.747893],[-122.069101,43.748046],[-122.069165,43.748153],[-122.069102,43.748272],[-122.069018,43.748362],[-122.068969,43.748444],[-122.068942,43.748577],[-122.068883,43.748678],[-122.068825,43.748819],[-122.068804,43.748971],[-122.068832,43.749074]]],[[[-122.104521,43.755571],[-122.104628,43.755627],[-122.104721,43.755673],[-122.104796,43.755749],[-122.104962,43.755799],[-122.105165,43.755734],[-122.105223,43.755685],[-122.10534,43.755655],[-122.105392,43.755597],[-122.105483,43.755558],[-122.10556,43.755499],[-122.105651,43.755436],[-122.105735,43.755377],[-122.105813,43.755343],[-122.105917,43.755279],[-122.106068,43.755249],[-122.106119,43.75521],[-122.106206,43.755247],[-122.106284,43.755217],[-122.106322,43.755149],[-122.106373,43.755068],[-122.106437,43.755],[-122.106514,43.754941],[-122.106585,43.754859],[-122.106642,43.754792],[-122.106707,43.754733],[-122.106717,43.754647],[-122.106696,43.754585],[-122.106748,43.754566],[-122.106847,43.754559],[-122.106945,43.754515],[-122.107035,43.754428],[-122.106917,43.754463],[-122.106819,43.754483],[-122.106666,43.754457],[-122.106514,43.754435],[-122.106369,43.754418],[-122.106217,43.754411],[-122.106046,43.754427],[-122.105822,43.754426],[-122.105624,43.754409],[-122.105372,43.75436],[-122.105212,43.754296],[-122.105045,43.754212],[-122.104937,43.754099],[-122.104856,43.754028],[-122.104777,43.754044],[-122.104665,43.754045],[-122.104421,43.754039],[-122.104295,43.754017],[-122.104183,43.753995],[-122.104131,43.754043],[-122.103994,43.754064],[-122.103776,43.754043],[-122.103531,43.753999],[-122.103371,43.753934],[-122.103197,43.75386],[-122.103074,43.75391],[-122.102944,43.753983],[-122.102866,43.754041],[-122.102868,43.754118],[-122.102836,43.754166],[-122.102733,43.754234],[-122.102648,43.754283],[-122.102596,43.754308],[-122.102651,43.754393],[-122.102747,43.754506],[-122.102848,43.75462],[-122.102931,43.754743],[-122.103032,43.754842],[-122.103034,43.754913],[-122.10309,43.755018],[-122.103158,43.755127],[-122.103293,43.75523],[-122.103388,43.755334],[-122.103522,43.755432],[-122.103601,43.755436],[-122.103634,43.755407],[-122.104002,43.755387],[-122.104069,43.755429],[-122.10417,43.755499],[-122.104289,43.755526],[-122.104467,43.755524],[-122.104521,43.755571]]],[[[-122.112603,43.755669],[-122.112763,43.755724],[-122.112909,43.755779],[-122.113095,43.755819],[-122.113239,43.755803],[-122.113351,43.755801],[-122.113377,43.755763],[-122.113468,43.755723],[-122.113598,43.755664],[-122.11371,43.755644],[-122.113833,43.755585],[-122.113977,43.755525],[-122.11404,43.755419],[-122.11407,43.755323],[-122.114094,43.755218],[-122.114044,43.75509],[-122.114015,43.754999],[-122.113894,43.754891],[-122.113666,43.754746],[-122.113386,43.754631],[-122.11312,43.754539],[-122.113013,43.754483],[-122.112917,43.754332],[-122.112829,43.754232],[-122.112728,43.754157],[-122.112442,43.75408],[-122.11237,43.754081],[-122.112333,43.754182],[-122.112291,43.75434],[-122.112238,43.754561],[-122.112223,43.754766],[-122.112161,43.754887],[-122.112057,43.75495],[-122.11186,43.754977],[-122.111695,43.754979],[-122.11157,43.755],[-122.111441,43.755073],[-122.111364,43.75518],[-122.111368,43.755313],[-122.11141,43.755399],[-122.111438,43.755484],[-122.111526,43.755569],[-122.111568,43.755654],[-122.111649,43.755734],[-122.111729,43.755767],[-122.111887,43.75575],[-122.111944,43.755673],[-122.112043,43.755681],[-122.112182,43.755679],[-122.112339,43.755653],[-122.11245,43.755618],[-122.112603,43.755669]]],[[[-122.074741,43.756169],[-122.074817,43.756211],[-122.074879,43.756276],[-122.074956,43.756362],[-122.075033,43.756447],[-122.075117,43.756517],[-122.075201,43.756576],[-122.075271,43.756651],[-122.075303,43.756737],[-122.075372,43.756796],[-122.075397,43.756883],[-122.075466,43.756952],[-122.075529,43.757049],[-122.075606,43.757141],[-122.075618,43.757207],[-122.075698,43.757226],[-122.075795,43.757193],[-122.075898,43.757115],[-122.075917,43.757001],[-122.075945,43.756902],[-122.075956,43.756761],[-122.075938,43.756642],[-122.075934,43.756479],[-122.07593,43.756343],[-122.075934,43.756191],[-122.075937,43.756038],[-122.075987,43.755924],[-122.075947,43.755832],[-122.075869,43.75573],[-122.075883,43.755664],[-122.075858,43.755572],[-122.075902,43.755533],[-122.076005,43.755456],[-122.076093,43.755379],[-122.076174,43.755323],[-122.076231,43.755235],[-122.076327,43.755158],[-122.076423,43.755102],[-122.07655,43.75509],[-122.07667,43.755083],[-122.07675,43.755011],[-122.076824,43.754956],[-122.076905,43.754917],[-122.076934,43.754867],[-122.076947,43.754786],[-122.077005,43.754719],[-122.077048,43.754648],[-122.077076,43.754561],[-122.077119,43.754479],[-122.077086,43.754376],[-122.077046,43.75429],[-122.076985,43.754214],[-122.076885,43.754134],[-122.076748,43.754049],[-122.076581,43.753975],[-122.076391,43.753896],[-122.07618,43.753834],[-122.076043,43.75376],[-122.07587,43.75373],[-122.075735,43.753737],[-122.075654,43.753809],[-122.075597,43.753923],[-122.075563,43.754054],[-122.075535,43.75412],[-122.075358,43.754231],[-122.075189,43.754369],[-122.075042,43.754464],[-122.07496,43.754492],[-122.07487,43.754499],[-122.074706,43.754517],[-122.074611,43.754627],[-122.074509,43.754743],[-122.074489,43.754846],[-122.074492,43.754949],[-122.07435,43.754962],[-122.074169,43.754948],[-122.073973,43.754897],[-122.074029,43.755026],[-122.073887,43.755045],[-122.073653,43.754966],[-122.073524,43.754908],[-122.073343,43.754878],[-122.073193,43.754875],[-122.073045,43.754953],[-122.072943,43.755085],[-122.072766,43.755201],[-122.072657,43.755339],[-122.072459,43.755488],[-122.072304,43.755593],[-122.07221,43.755709],[-122.072182,43.755802],[-122.072238,43.755915],[-122.072329,43.755979],[-122.072443,43.756048],[-122.072483,43.756113],[-122.072501,43.756227],[-122.072587,43.756378],[-122.072687,43.756485],[-122.07281,43.756581],[-122.072971,43.756715],[-122.073124,43.756854],[-122.073284,43.756933],[-122.073465,43.757001],[-122.073804,43.757057],[-122.073976,43.757038],[-122.074208,43.757019],[-122.074343,43.757017],[-122.074462,43.756988],[-122.074561,43.756921],[-122.074563,43.756813],[-122.074574,43.756677],[-122.074548,43.756552],[-122.074507,43.756406],[-122.074482,43.756292],[-122.074561,43.75616],[-122.074643,43.756132],[-122.074741,43.756169]]],[[[-122.06877,43.775933],[-122.068889,43.775947],[-122.069007,43.77594],[-122.069154,43.775906],[-122.069235,43.775878],[-122.069293,43.775845],[-122.069373,43.775806],[-122.069431,43.775747],[-122.069474,43.775671],[-122.069502,43.775617],[-122.069552,43.775557],[-122.069647,43.775518],[-122.069713,43.775491],[-122.069809,43.775484],[-122.069882,43.775451],[-122.069984,43.775374],[-122.070124,43.77534],[-122.070264,43.775322],[-122.070412,43.775315],[-122.070509,43.775341],[-122.070517,43.775383],[-122.070562,43.775404],[-122.070643,43.775392],[-122.070717,43.775386],[-122.070805,43.775353],[-122.070877,43.775298],[-122.070942,43.775227],[-122.070941,43.775163],[-122.070938,43.775067],[-122.070928,43.774943],[-122.070908,43.774777],[-122.070868,43.774628],[-122.070895,43.774525],[-122.070914,43.774407],[-122.070911,43.774311],[-122.070871,43.774199],[-122.070845,43.774043],[-122.070797,43.773915],[-122.07075,43.773793],[-122.070747,43.773669],[-122.070728,43.773519],[-122.070717,43.773396],[-122.070735,43.77323],[-122.070739,43.77309],[-122.070751,43.772967],[-122.070747,43.772843],[-122.070774,43.772747],[-122.070802,43.77265],[-122.070858,43.772536],[-122.07084,43.772419],[-122.070858,43.772274],[-122.07087,43.77215],[-122.070874,43.772],[-122.070811,43.771877],[-122.070719,43.77175],[-122.070523,43.771592],[-122.070342,43.771481],[-122.070222,43.771408],[-122.070104,43.771426],[-122.069942,43.771449],[-122.069779,43.771452],[-122.069622,43.771379],[-122.069486,43.771295],[-122.069395,43.771194],[-122.06921,43.771213],[-122.069071,43.771273],[-122.068924,43.771308],[-122.068769,43.771342],[-122.068592,43.771366],[-122.068499,43.771464],[-122.068426,43.771518],[-122.068286,43.771552],[-122.068125,43.771592],[-122.068069,43.771748],[-122.068064,43.771823],[-122.068111,43.77193],[-122.068313,43.772013],[-122.068435,43.77214],[-122.06849,43.772257],[-122.068515,43.77238],[-122.068407,43.772495],[-122.06841,43.772591],[-122.06842,43.772725],[-122.068445,43.772832],[-122.068498,43.772879],[-122.068611,43.772942],[-122.06873,43.772946],[-122.068784,43.773042],[-122.068743,43.773166],[-122.068716,43.773284],[-122.068667,43.773408],[-122.068596,43.773522],[-122.06848,43.773593],[-122.0684,43.773653],[-122.068351,43.773745],[-122.068197,43.773801],[-122.068317,43.773869],[-122.068305,43.773998],[-122.068235,43.774149],[-122.068103,43.774199],[-122.068025,43.774312],[-122.067991,43.774442],[-122.068038,43.774521],[-122.068106,43.774579],[-122.068159,43.774648],[-122.068162,43.77475],[-122.068067,43.774794],[-122.068061,43.774859],[-122.068144,43.774917],[-122.068178,43.775083],[-122.068128,43.775153],[-122.068085,43.775218],[-122.068087,43.775293],[-122.06809,43.775389],[-122.068092,43.775465],[-122.068145,43.775534],[-122.06811,43.775593],[-122.068134,43.775684],[-122.068284,43.775757],[-122.068375,43.775825],[-122.068502,43.775888],[-122.068577,43.775924],[-122.068673,43.775907],[-122.06877,43.775933]]]]}},{"type":"Feature","properties":{"MAPTAXLOT":"2156000000100","MAPNUMBER":"21560000","TAXLOT":"100","ACCTNO":"1857943","MAPACRES":16515.8639619},"geometry":{"type":"Polygon","coordinates":[[[-122.08132,43.778568],[-122.081546,43.778726],[-122.081769,43.77875],[-122.081958,43.778882],[-122.082148,43.779067],[-122.082228,43.779307],[-122.082231,43.779442],[-122.08216,43.77955],[-122.082201,43.77971],[-122.082204,43.779818],[-122.082245,43.779951],[-122.082255,43.780327],[-122.082262,43.780622],[-122.082269,43.780891],[-122.082202,43.78116],[-122.082174,43.781483],[-122.082032,43.781753],[-122.081963,43.781942],[-122.081968,43.78213],[-122.08197,43.782183],[-122.085082,43.782183],[-122.090079,43.782183],[-122.095076,43.782183],[-122.100073,43.782183],[-122.10507,43.782183],[-122.110067,43.782183],[-122.115064,43.782183],[-122.120062,43.782183],[-122.125059,43.782183],[-122.130056,43.782183],[-122.135053,43.782183],[-122.14005,43.782183],[-122.145047,43.782183],[-122.151971,43.781979],[-122.151972,43.779354],[-122.151974,43.775733],[-122.151976,43.772112],[-122.151977,43.76849],[-122.151977,43.76845],[-122.151979,43.764869],[-122.15198,43.761247],[-122.151982,43.757625],[-122.151983,43.754003],[-122.151983,43.753968],[-122.151984,43.750381],[-122.151984,43.746759],[-122.151985,43.743137],[-122.151986,43.739515],[-122.151986,43.739486],[-122.151987,43.735893],[-122.151988,43.73227],[-122.151989,43.728648],[-122.15199,43.725025],[-122.15199,43.725004],[-122.15199,43.721403],[-122.15199,43.71778],[-122.15199,43.714157],[-122.15199,43.710535],[-122.15199,43.710522],[-122.151993,43.70691],[-122.151997,43.703286],[-122.152001,43.699662],[-122.152005,43.696038],[-122.145957,43.69604],[-122.144934,43.696041],[-122.139944,43.696041],[-122.134954,43.696041],[-122.129964,43.696041],[-122.124974,43.696041],[-122.119984,43.696041],[-122.114994,43.696041],[-122.110004,43.696041],[-122.105014,43.696041],[-122.100024,43.696041],[-122.095034,43.696041],[-122.090044,43.696041],[-122.085054,43.696041],[-122.06592,43.696041],[-122.065642,43.69604],[-122.065653,43.696067],[-122.065638,43.69615],[-122.065628,43.696213],[-122.065669,43.696262],[-122.065723,43.696339],[-122.065804,43.696413],[-122.065847,43.696503],[-122.065856,43.696635],[-122.065852,43.696718],[-122.065843,43.696805],[-122.065799,43.696889],[-122.065755,43.696951],[-122.065712,43.697043],[-122.065697,43.697122],[-122.065699,43.697188],[-122.065701,43.697258],[-122.065685,43.697329],[-122.06562,43.697437],[-122.065615,43.697487],[-122.065571,43.697537],[-122.065561,43.697599],[-122.065517,43.697662],[-122.065467,43.6977],[-122.065436,43.697828],[-122.065415,43.697903],[-122.065388,43.697961],[-122.065349,43.697995],[-122.065298,43.698],[-122.065219,43.698022],[-122.065151,43.698068],[-122.065141,43.698097],[-122.065119,43.698126],[-122.065097,43.698172],[-122.065035,43.69821],[-122.065031,43.698252],[-122.065032,43.698297],[-122.065045,43.698351],[-122.065041,43.698413],[-122.065024,43.698438],[-122.065036,43.698475],[-122.065038,43.698545],[-122.065085,43.698594],[-122.065121,43.69866],[-122.065157,43.69873],[-122.065192,43.698775],[-122.065267,43.698811],[-122.065343,43.698847],[-122.065514,43.698874],[-122.065833,43.698861],[-122.066113,43.698862],[-122.066511,43.698835],[-122.06679,43.698815],[-122.067081,43.698824],[-122.067594,43.698817],[-122.067901,43.698808],[-122.068301,43.69884],[-122.068621,43.698852],[-122.068866,43.698865],[-122.069033,43.6989],[-122.069256,43.698947],[-122.069428,43.698994],[-122.069556,43.699088],[-122.069701,43.699193],[-122.069784,43.699283],[-122.069877,43.699365],[-122.069987,43.699425],[-122.069989,43.69952],[-122.07002,43.699623],[-122.070052,43.699743],[-122.070079,43.699891],[-122.070127,43.700011],[-122.070152,43.700093],[-122.070183,43.70018],[-122.070169,43.700308],[-122.070137,43.700391],[-122.070083,43.700483],[-122.070005,43.700558],[-122.069984,43.700645],[-122.069947,43.700762],[-122.069916,43.700874],[-122.069907,43.700977],[-122.069927,43.701089],[-122.069947,43.701192],[-122.069949,43.701266],[-122.069996,43.701328],[-122.070038,43.701385],[-122.07004,43.701476],[-122.070042,43.701563],[-122.069998,43.701638],[-122.069985,43.701762],[-122.06997,43.70187],[-122.070026,43.702035],[-122.070069,43.702146],[-122.070145,43.702223],[-122.070238,43.702305],[-122.07028,43.702366],[-122.070303,43.702403],[-122.070282,43.702466],[-122.070249,43.702495],[-122.070221,43.702541],[-122.070251,43.702578],[-122.070297,43.702614],[-122.07031,43.702664],[-122.070342,43.702804],[-122.070361,43.702891],[-122.070317,43.702933],[-122.070296,43.703011],[-122.070231,43.703132],[-122.070193,43.703203],[-122.070142,43.703237],[-122.070066,43.703354],[-122.070034,43.703449],[-122.070025,43.703536],[-122.070027,43.703611],[-122.070047,43.703739],[-122.070049,43.703805],[-122.070062,43.703871],[-122.070086,43.70392],[-122.070149,43.703952],[-122.070219,43.703989],[-122.070238,43.704063],[-122.070211,43.704125],[-122.07019,43.704183],[-122.070157,43.704238],[-122.070112,43.704276],[-122.070038,43.704277],[-122.069964,43.704265],[-122.069901,43.704254],[-122.069832,43.704259],[-122.069782,43.704284],[-122.069754,43.704313],[-122.069749,43.704359],[-122.069768,43.704421],[-122.069776,43.704487],[-122.069732,43.704558],[-122.069699,43.7046],[-122.069654,43.70465],[-122.069587,43.704709],[-122.069548,43.704742],[-122.069475,43.704752],[-122.069383,43.704728],[-122.069292,43.70475],[-122.06923,43.70478],[-122.069174,43.704826],[-122.069089,43.704852],[-122.069022,43.704882],[-122.068949,43.704928],[-122.068869,43.704946],[-122.068801,43.704963],[-122.068727,43.70496],[-122.068597,43.704987],[-122.068466,43.705018],[-122.068336,43.705032],[-122.068255,43.705004],[-122.068108,43.705039],[-122.067978,43.705086],[-122.067814,43.705146],[-122.067679,43.70521],[-122.067527,43.705274],[-122.067408,43.705313],[-122.067328,43.705306],[-122.067249,43.70534],[-122.067159,43.705379],[-122.067063,43.705442],[-122.067059,43.705492],[-122.067049,43.70555],[-122.067027,43.705596],[-122.066983,43.705658],[-122.066923,43.705729],[-122.066855,43.705784],[-122.066782,43.705814],[-122.066698,43.705857],[-122.066642,43.70589],[-122.066562,43.705912],[-122.06646,43.70593],[-122.066358,43.705931],[-122.066209,43.705938],[-122.066101,43.705951],[-122.066011,43.70599],[-122.065888,43.706058],[-122.06581,43.706154],[-122.065749,43.706229],[-122.0657,43.706304],[-122.06565,43.706363],[-122.06564,43.706425],[-122.065659,43.706475],[-122.065648,43.706499],[-122.065616,43.706579],[-122.065602,43.70669],[-122.06561,43.706794],[-122.065647,43.706905],[-122.065667,43.706996],[-122.06564,43.707066],[-122.06559,43.707137],[-122.065501,43.707201],[-122.065393,43.707223],[-122.06529,43.707199],[-122.065237,43.707163],[-122.065187,43.707184],[-122.065086,43.707243],[-122.064979,43.707299],[-122.064882,43.707312],[-122.064796,43.707309],[-122.064727,43.707277],[-122.064686,43.707245],[-122.06469,43.707174],[-122.064571,43.70718],[-122.064406,43.707186],[-122.064338,43.707208],[-122.064237,43.707276],[-122.064141,43.707335],[-122.06408,43.707389],[-122.06407,43.707435],[-122.064025,43.707477],[-122.063861,43.707533],[-122.063731,43.707555],[-122.06364,43.707581],[-122.063527,43.707612],[-122.063414,43.707647],[-122.063324,43.707685],[-122.063296,43.707719],[-122.063303,43.707776],[-122.063287,43.707822],[-122.063248,43.707864],[-122.063221,43.707906],[-122.063222,43.707947],[-122.063252,43.708013],[-122.063311,43.708078],[-122.063347,43.70814],[-122.063331,43.70819],[-122.063298,43.708252],[-122.063289,43.708323],[-122.063296,43.708401],[-122.063316,43.708496],[-122.06329,43.708583],[-122.063234,43.70865],[-122.063156,43.708713],[-122.063009,43.708761],[-122.062907,43.708787],[-122.062788,43.708817],[-122.062691,43.708819],[-122.062623,43.708832],[-122.062579,43.70887],[-122.062529,43.708945],[-122.062491,43.708999],[-122.062412,43.709046],[-122.062327,43.709076],[-122.062254,43.709093],[-122.062204,43.709152],[-122.062125,43.709207],[-122.062018,43.709254],[-122.061872,43.709347],[-122.06172,43.709415],[-122.061606,43.709471],[-122.061606,43.710336],[-122.061607,43.710522],[-122.061608,43.712786],[-122.06161,43.716325],[-122.061547,43.719837],[-122.061546,43.720198],[-122.061514,43.72162],[-122.061537,43.721625],[-122.061649,43.721673],[-122.061773,43.721729],[-122.061889,43.721736],[-122.062044,43.721787],[-122.062144,43.721871],[-122.062244,43.721945],[-122.062301,43.722011],[-122.062429,43.722213],[-122.062481,43.722333],[-122.062539,43.722456],[-122.062615,43.722531],[-122.062684,43.722619],[-122.062803,43.722715],[-122.062836,43.722773],[-122.062856,43.722852],[-122.062901,43.722918],[-122.062995,43.723019],[-122.063151,43.723124],[-122.063307,43.723224],[-122.063407,43.723285],[-122.063518,43.723328],[-122.063648,43.723371],[-122.063742,43.723454],[-122.063829,43.723519],[-122.063916,43.723549],[-122.063985,43.723615],[-122.064042,43.723672],[-122.064111,43.723747],[-122.064149,43.723799],[-122.064251,43.723931],[-122.064246,43.723985],[-122.064241,43.724025],[-122.06423,43.724083],[-122.064238,43.724136],[-122.064276,43.724211],[-122.064315,43.724268],[-122.064328,43.724322],[-122.064311,43.724366],[-122.064288,43.724433],[-122.064272,43.724518],[-122.064219,43.724612],[-122.064184,43.724657],[-122.064099,43.724707],[-122.064015,43.724761],[-122.063863,43.72483],[-122.063797,43.724884],[-122.063713,43.724943],[-122.063616,43.724994],[-122.063538,43.725052],[-122.063485,43.725146],[-122.063438,43.725227],[-122.063416,43.725303],[-122.063381,43.725392],[-122.063364,43.725459],[-122.063378,43.725521],[-122.063374,43.725588],[-122.063388,43.725672],[-122.063396,43.725743],[-122.063398,43.725814],[-122.0634,43.725903],[-122.063414,43.725961],[-122.06344,43.726027],[-122.063442,43.726085],[-122.063443,43.726143],[-122.063475,43.726191],[-122.063495,43.72624],[-122.063484,43.726276],[-122.063491,43.726333],[-122.063493,43.726387],[-122.063457,43.726427],[-122.063434,43.726476],[-122.063392,43.726539],[-122.06335,43.726571],[-122.063301,43.726585],[-122.063252,43.726585],[-122.063198,43.726631],[-122.063188,43.726693],[-122.063208,43.726773],[-122.063263,43.72675],[-122.063299,43.726723],[-122.063347,43.726682],[-122.063408,43.726695],[-122.063489,43.726738],[-122.063551,43.726768],[-122.06362,43.726812],[-122.063671,43.726882],[-122.063722,43.726948],[-122.06373,43.727037],[-122.063769,43.727107],[-122.063864,43.727231],[-122.063983,43.72734],[-122.064059,43.727437],[-122.064148,43.727556],[-122.064274,43.727679],[-122.064436,43.72781],[-122.06461,43.727878],[-122.064802,43.727951],[-122.065,43.728051],[-122.065088,43.728121],[-122.065245,43.728243],[-122.06532,43.728336],[-122.06544,43.728441],[-122.065577,43.728519],[-122.065701,43.728597],[-122.065815,43.728738],[-122.065848,43.72884],[-122.065888,43.728933],[-122.065913,43.728986],[-122.066051,43.729086],[-122.066083,43.729148],[-122.066152,43.729213],[-122.066222,43.729293],[-122.066267,43.729372],[-122.066293,43.729443],[-122.066326,43.729518],[-122.066365,43.729602],[-122.066379,43.729677],[-122.066467,43.729774],[-122.066493,43.72984],[-122.066556,43.72991],[-122.066669,43.729984],[-122.066806,43.730089],[-122.066943,43.730172],[-122.067,43.730247],[-122.06704,43.730357],[-122.067086,43.730472],[-122.067126,43.730605],[-122.067148,43.730729],[-122.06718,43.7308],[-122.067237,43.730857],[-122.067287,43.730918],[-122.06734,43.731042],[-122.067411,43.731179],[-122.067413,43.731268],[-122.067459,43.731387],[-122.067469,43.731534],[-122.067515,43.731644],[-122.067536,43.731755],[-122.067551,43.731862],[-122.067585,43.731995],[-122.0676,43.732092],[-122.067571,43.732155],[-122.067541,43.732195],[-122.067469,43.73225],[-122.067446,43.732294],[-122.067441,43.732348],[-122.067393,43.732393],[-122.067344,43.732398],[-122.067346,43.732456],[-122.06734,43.732491],[-122.067348,43.73254],[-122.067458,43.732521],[-122.067562,43.732524],[-122.067655,43.732558],[-122.06776,43.732615],[-122.067873,43.732693],[-122.067964,43.732665],[-122.068082,43.73273],[-122.068164,43.732805],[-122.068257,43.732857],[-122.06832,43.732927],[-122.068346,43.732984],[-122.068336,43.73306],[-122.068288,43.733123],[-122.068247,43.733177],[-122.0682,43.733244],[-122.068213,43.733302],[-122.068269,43.733301],[-122.068325,43.733354],[-122.068411,43.733353],[-122.068484,43.733352],[-122.068492,43.733405],[-122.068481,43.733454],[-122.068415,43.733504],[-122.068337,43.733571],[-122.06829,43.733639],[-122.068279,43.73371],[-122.06825,43.733777],[-122.068215,43.733844],[-122.068192,43.733907],[-122.068169,43.733969],[-122.068171,43.734023],[-122.068241,43.734133],[-122.068323,43.734216],[-122.068417,43.734286],[-122.068547,43.734346],[-122.068665,43.734389],[-122.068758,43.734455],[-122.06876,43.734526],[-122.068811,43.734596],[-122.068869,43.734716],[-122.068915,43.734839],[-122.068923,43.73491],[-122.068913,43.734973],[-122.068902,43.735044],[-122.068923,43.735128],[-122.068907,43.735217],[-122.068884,43.73528],[-122.068843,43.735352],[-122.068796,43.735437],[-122.068816,43.735521],[-122.068824,43.735583],[-122.06882,43.735659],[-122.068791,43.735721],[-122.06875,43.735806],[-122.068709,43.735891],[-122.068693,43.735963],[-122.068664,43.736025],[-122.068623,43.736088],[-122.068612,43.736146],[-122.068603,43.736262],[-122.068605,43.736342],[-122.068612,43.736408],[-122.068614,43.736457],[-122.068591,43.736511],[-122.068574,43.7366],[-122.06857,43.736676],[-122.068573,43.736782],[-122.068575,43.736853],[-122.068607,43.73692],[-122.068621,43.736995],[-122.068636,43.73707],[-122.068735,43.737109],[-122.068834,43.737148],[-122.068932,43.737146],[-122.069017,43.737127],[-122.06914,43.737139],[-122.069175,43.737076],[-122.069198,43.737014],[-122.069309,43.737021],[-122.069375,43.736971],[-122.069497,43.736947],[-122.069601,43.736946],[-122.069657,43.736985],[-122.069708,43.737042],[-122.06974,43.737104],[-122.069779,43.737179],[-122.069787,43.737241],[-122.069769,43.737277],[-122.069708,43.7373],[-122.069648,43.737337],[-122.069576,43.737382],[-122.069558,43.737422],[-122.069559,43.737467],[-122.06953,43.737494],[-122.069463,43.737535],[-122.069415,43.73758],[-122.069405,43.737656],[-122.069376,43.737732],[-122.069365,43.737785],[-122.069362,43.737874],[-122.069388,43.737949],[-122.069451,43.738015],[-122.069483,43.738072],[-122.069546,43.738129],[-122.069615,43.738182],[-122.069696,43.738225],[-122.069783,43.738277],[-122.069833,43.738339],[-122.069866,43.738396],[-122.069879,43.738454],[-122.069887,43.738516],[-122.069895,43.738582],[-122.069896,43.73864],[-122.069898,43.738711],[-122.069888,43.738774],[-122.069962,43.738826],[-122.070019,43.738874],[-122.070014,43.738932],[-122.069991,43.738986],[-122.069968,43.73903],[-122.069919,43.739058],[-122.06987,43.739054],[-122.069833,43.739037],[-122.069753,43.739029],[-122.06968,43.739057],[-122.06962,43.739102],[-122.069554,43.739143],[-122.069494,43.739188],[-122.069458,43.739228],[-122.069448,43.739304],[-122.069462,43.739375],[-122.069488,43.739433],[-122.069519,43.739472],[-122.069581,43.739489],[-122.069692,43.739523],[-122.069786,43.73958],[-122.06983,43.739646],[-122.069851,43.73973],[-122.069866,43.739832],[-122.069869,43.739939],[-122.069859,43.740023],[-122.069836,43.740099],[-122.069795,43.74018],[-122.069742,43.74026],[-122.069684,43.740377],[-122.069626,43.740498],[-122.069591,43.740569],[-122.069568,43.740632],[-122.069497,43.740739],[-122.069474,43.740789],[-122.069488,43.740855],[-122.069502,43.740948],[-122.069511,43.741055],[-122.0695,43.741108],[-122.069382,43.741274],[-122.069304,43.74136],[-122.069239,43.741441],[-122.069168,43.741526],[-122.06909,43.741603],[-122.068994,43.741675],[-122.068898,43.741748],[-122.068845,43.741846],[-122.06881,43.741927],[-122.068818,43.741984],[-122.068783,43.742052],[-122.068809,43.742109],[-122.068878,43.742184],[-122.068917,43.742259],[-122.068901,43.742348],[-122.068867,43.742464],[-122.068851,43.742566],[-122.068817,43.742682],[-122.06874,43.742772],[-122.068693,43.742857],[-122.068628,43.742952],[-122.068617,43.74301],[-122.068625,43.74305],[-122.06859,43.743134],[-122.068592,43.743197],[-122.068587,43.74325],[-122.068539,43.743313],[-122.068462,43.743416],[-122.068428,43.743506],[-122.068393,43.743564],[-122.068363,43.7436],[-122.068383,43.743648],[-122.068366,43.743702],[-122.068385,43.743751],[-122.0684,43.743844],[-122.06842,43.743906],[-122.068458,43.743954],[-122.068484,43.744021],[-122.068474,43.744101],[-122.068464,43.744172],[-122.068429,43.744244],[-122.06837,43.744333],[-122.068334,43.744378],[-122.068335,43.744414],[-122.068336,43.744472],[-122.068337,43.744512],[-122.068273,43.744615],[-122.06822,43.744695],[-122.06816,43.744767],[-122.068143,43.744825],[-122.068151,43.744879],[-122.068171,43.744963],[-122.068187,43.745083],[-122.068178,43.745207],[-122.068161,43.745265],[-122.068162,43.745314],[-122.068164,43.745385],[-122.068134,43.745426],[-122.068111,43.745479],[-122.068075,43.745515],[-122.068059,43.745587],[-122.068011,43.745658],[-122.067964,43.745735],[-122.067929,43.745775],[-122.067943,43.745864],[-122.067908,43.745944],[-122.067867,43.745998],[-122.067807,43.746052],[-122.067704,43.746094],[-122.067662,43.74613],[-122.0676,43.746126],[-122.067546,43.746149],[-122.067473,43.746186],[-122.067419,43.746235],[-122.067402,43.746293],[-122.067399,43.746382],[-122.067382,43.746458],[-122.067403,43.746542],[-122.067478,43.746604],[-122.067591,43.746695],[-122.06771,43.746805],[-122.067761,43.74688],[-122.067789,43.747008],[-122.067786,43.747124],[-122.067775,43.747204],[-122.067771,43.747289],[-122.06778,43.747382],[-122.067745,43.747453],[-122.067716,43.747498],[-122.067723,43.747538],[-122.067712,43.747596],[-122.067671,43.747668],[-122.067636,43.747735],[-122.067601,43.747798],[-122.067577,43.747843],[-122.067597,43.747887],[-122.06758,43.74794],[-122.067538,43.747985],[-122.067484,43.74803],[-122.067381,43.74809],[-122.067291,43.748149],[-122.067206,43.748203],[-122.067147,43.748275],[-122.067112,43.748342],[-122.067083,43.748423],[-122.067122,43.748498],[-122.067185,43.74855],[-122.067252,43.748558],[-122.06732,43.748584],[-122.067401,43.748623],[-122.067375,43.748557],[-122.067448,43.748556],[-122.067517,43.748612],[-122.067586,43.748647],[-122.067578,43.74858],[-122.067534,43.74855],[-122.067595,43.748531],[-122.067712,43.748548],[-122.0678,43.748613],[-122.067844,43.748666],[-122.067852,43.748755],[-122.067873,43.748843],[-122.06787,43.748954],[-122.067872,43.749048],[-122.067874,43.749137],[-122.067907,43.749212],[-122.067927,43.749274],[-122.067929,43.749358],[-122.067931,43.749447],[-122.067921,43.749514],[-122.067923,43.749612],[-122.067913,43.749678],[-122.067878,43.749754],[-122.067831,43.749817],[-122.067771,43.749889],[-122.067742,43.749943],[-122.067688,43.75001],[-122.067666,43.750073],[-122.067617,43.750109],[-122.067569,43.75015],[-122.067552,43.75019],[-122.067486,43.750235],[-122.067377,43.750281],[-122.067292,43.750318],[-122.067219,43.750341],[-122.067134,43.750369],[-122.067061,43.750392],[-122.066981,43.750407],[-122.066871,43.750413],[-122.066791,43.750414],[-122.066662,43.750389],[-122.066606,43.75035],[-122.06655,43.750324],[-122.066549,43.750288],[-122.066554,43.750239],[-122.066584,43.750221],[-122.066577,43.750177],[-122.066538,43.750093],[-122.066537,43.750062],[-122.066448,43.749947],[-122.066403,43.749872],[-122.066346,43.749797],[-122.066296,43.749767],[-122.06619,43.749706],[-122.066165,43.749667],[-122.066121,43.749614],[-122.06604,43.749575],[-122.065953,43.749549],[-122.065848,43.749515],[-122.065792,43.749489],[-122.065724,43.749446],[-122.065625,43.749403],[-122.06555,43.749373],[-122.065457,43.749338],[-122.065371,43.749308],[-122.065291,43.749296],[-122.065265,43.749248],[-122.065208,43.749186],[-122.065151,43.749129],[-122.065107,43.749085],[-122.065051,43.749024],[-122.064994,43.748971],[-122.06495,43.748914],[-122.064912,43.748866],[-122.064886,43.748826],[-122.064848,43.748782],[-122.064843,43.748809],[-122.064794,43.748805],[-122.06478,43.748774],[-122.064761,43.748721],[-122.064753,43.748668],[-122.064739,43.74861],[-122.064701,43.748562],[-122.064676,43.748518],[-122.064699,43.748486],[-122.064755,43.748516],[-122.064717,43.748455],[-122.064667,43.74842],[-122.064636,43.748385],[-122.064591,43.748328],[-122.064541,43.748284],[-122.064521,43.74824],[-122.064496,43.748187],[-122.064488,43.748129],[-122.064437,43.748067],[-122.0644,43.748046],[-122.064363,43.748046],[-122.064313,43.748007],[-122.064263,43.747963],[-122.064224,43.747897],[-122.06418,43.747853],[-122.064155,43.747822],[-122.064129,43.74776],[-122.064128,43.747711],[-122.06409,43.747685],[-122.064039,43.747619],[-122.064007,43.747535],[-122.063925,43.747474],[-122.063856,43.747422],[-122.063782,43.747378],[-122.063707,43.74733],[-122.063601,43.747274],[-122.063502,43.747231],[-122.06344,43.747187],[-122.063322,43.747144],[-122.063273,43.747141],[-122.06323,43.747137],[-122.063199,43.747119],[-122.063156,43.747111],[-122.0631,43.747116],[-122.063045,43.747095],[-122.062983,43.747078],[-122.062903,43.747052],[-122.06281,43.747036],[-122.062737,43.747037],[-122.062675,43.747011],[-122.062607,43.747021],[-122.062527,43.747],[-122.062435,43.746988],[-122.062349,43.74698],[-122.062269,43.746972],[-122.062214,43.746968],[-122.062183,43.746951],[-122.062139,43.74692],[-122.062095,43.746894],[-122.062046,43.746877],[-122.061996,43.746847],[-122.061946,43.74683],[-122.061915,43.746808],[-122.061878,43.746777],[-122.06184,43.746747],[-122.061802,43.746716],[-122.061777,43.74669],[-122.061746,43.746663],[-122.061715,43.746637],[-122.061671,43.746624],[-122.06164,43.746616],[-122.061598,43.746617],[-122.061546,43.746605],[-122.061566,43.748754],[-122.061602,43.751318],[-122.061612,43.751331],[-122.061585,43.751342],[-122.061572,43.751371],[-122.061624,43.7514],[-122.061632,43.751449],[-122.061677,43.751486],[-122.061742,43.751522],[-122.061808,43.751548],[-122.061833,43.751626],[-122.061808,43.751679],[-122.061765,43.751731],[-122.061711,43.751756],[-122.06166,43.751762],[-122.061609,43.751772],[-122.061608,43.751772],[-122.061616,43.752314],[-122.061639,43.753968],[-122.061666,43.755874],[-122.061716,43.759435],[-122.061847,43.762971],[-122.061978,43.766508],[-122.06205,43.76845],[-122.062109,43.770045],[-122.06224,43.773581],[-122.062275,43.777185],[-122.062309,43.780789],[-122.062322,43.782183],[-122.074714,43.782183],[-122.074714,43.782183],[-122.074748,43.782183],[-122.074665,43.781988],[-122.074512,43.781775],[-122.074507,43.781587],[-122.074612,43.781344],[-122.074756,43.781208],[-122.074977,43.781125],[-122.075273,43.78112],[-122.075529,43.78101],[-122.075784,43.780845],[-122.076076,43.780653],[-122.076478,43.780433],[-122.076806,43.780241],[-122.0771,43.780129],[-122.077428,43.779937],[-122.077905,43.779769],[-122.078086,43.779579],[-122.078303,43.779388],[-122.078408,43.779172],[-122.078662,43.778954],[-122.078918,43.778816],[-122.079176,43.778759],[-122.079467,43.778567],[-122.079761,43.778482],[-122.080019,43.778425],[-122.080355,43.778501],[-122.080762,43.778495],[-122.080984,43.778492],[-122.08132,43.778568]],[[-122.072695,43.771171],[-122.072721,43.770893],[-122.07273,43.770707],[-122.072729,43.770409],[-122.072762,43.77015],[-122.07285,43.769895],[-122.073123,43.769755],[-122.073469,43.769589],[-122.073802,43.769462],[-122.074136,43.769345],[-122.074299,43.769387],[-122.074566,43.769315],[-122.074868,43.769277],[-122.075052,43.769328],[-122.075262,43.769408],[-122.075514,43.769493],[-122.075685,43.769583],[-122.075868,43.769634],[-122.076168,43.769767],[-122.076416,43.769729],[-122.076654,43.769809],[-122.076871,43.769869],[-122.076981,43.769946],[-122.077038,43.770067],[-122.077097,43.770286],[-122.077245,43.770518],[-122.077207,43.770636],[-122.077273,43.770821],[-122.077407,43.771073],[-122.077442,43.771355],[-122.07748,43.771516],[-122.077491,43.771682],[-122.077494,43.771799],[-122.077523,43.771886],[-122.077499,43.772004],[-122.077474,43.772092],[-122.077451,43.772214],[-122.077487,43.772316],[-122.077444,43.772498],[-122.077421,43.772615],[-122.077369,43.772699],[-122.077351,43.772777],[-122.077347,43.772885],[-122.077343,43.773002],[-122.077339,43.773109],[-122.077328,43.773217],[-122.077318,43.773329],[-122.077287,43.773432],[-122.077349,43.773495],[-122.077366,43.773612],[-122.077347,43.77369],[-122.07741,43.773767],[-122.077399,43.77385],[-122.077428,43.773928],[-122.077483,43.773991],[-122.077566,43.774073],[-122.077582,43.77416],[-122.077658,43.774232],[-122.077782,43.774358],[-122.077941,43.774482],[-122.078031,43.774603],[-122.078054,43.774686],[-122.07803,43.774808],[-122.078033,43.774916],[-122.077978,43.775136],[-122.077948,43.775221],[-122.077904,43.775263],[-122.077841,43.77528],[-122.0778,43.775286],[-122.077748,43.775297],[-122.077677,43.775285],[-122.07761,43.775253],[-122.077542,43.775196],[-122.077479,43.775138],[-122.07743,43.775061],[-122.077328,43.775028],[-122.077199,43.774976],[-122.07707,43.774939],[-122.076955,43.77493],[-122.076885,43.774819],[-122.076814,43.774674],[-122.076677,43.774573],[-122.076586,43.774462],[-122.076448,43.774317],[-122.076357,43.774206],[-122.076219,43.774091],[-122.076143,43.774014],[-122.076041,43.773966],[-122.075959,43.773933],[-122.075844,43.773901],[-122.075729,43.773893],[-122.07558,43.773856],[-122.075418,43.773843],[-122.075277,43.773855],[-122.075203,43.773861],[-122.075088,43.773862],[-122.075027,43.773839],[-122.075013,43.773819],[-122.074939,43.773801],[-122.074837,43.773768],[-122.074616,43.773561],[-122.074459,43.773485],[-122.074228,43.77341],[-122.074004,43.773335],[-122.073821,43.773289],[-122.07371,43.773164],[-122.07356,43.773097],[-122.073435,43.772977],[-122.0733,43.772954],[-122.07322,43.772999],[-122.073182,43.773073],[-122.073034,43.773075],[-122.072858,43.773043],[-122.072786,43.772893],[-122.072736,43.772772],[-122.072741,43.772449],[-122.072732,43.772108],[-122.072631,43.771855],[-122.072698,43.771552],[-122.072695,43.771171]],[[-122.069882,43.775451],[-122.069809,43.775484],[-122.069713,43.775491],[-122.069647,43.775518],[-122.069552,43.775557],[-122.069502,43.775617],[-122.069474,43.775671],[-122.069431,43.775747],[-122.069373,43.775806],[-122.069293,43.775845],[-122.069235,43.775878],[-122.069154,43.775906],[-122.069007,43.77594],[-122.068889,43.775947],[-122.06877,43.775933],[-122.068673,43.775907],[-122.068577,43.775924],[-122.068502,43.775888],[-122.068375,43.775825],[-122.068284,43.775757],[-122.068134,43.775684],[-122.06811,43.775593],[-122.068145,43.775534],[-122.068092,43.775465],[-122.06809,43.775389],[-122.068087,43.775293],[-122.068085,43.775218],[-122.068128,43.775153],[-122.068178,43.775083],[-122.068144,43.774917],[-122.068061,43.774859],[-122.068067,43.774794],[-122.068162,43.77475],[-122.068159,43.774648],[-122.068106,43.774579],[-122.068038,43.774521],[-122.067991,43.774442],[-122.068025,43.774312],[-122.068103,43.774199],[-122.068235,43.774149],[-122.068305,43.773998],[-122.068317,43.773869],[-122.068197,43.773801],[-122.068351,43.773745],[-122.0684,43.773653],[-122.06848,43.773593],[-122.068596,43.773522],[-122.068667,43.773408],[-122.068716,43.773284],[-122.068743,43.773166],[-122.068784,43.773042],[-122.06873,43.772946],[-122.068611,43.772942],[-122.068498,43.772879],[-122.068445,43.772832],[-122.06842,43.772725],[-122.06841,43.772591],[-122.068407,43.772495],[-122.068515,43.77238],[-122.06849,43.772257],[-122.068435,43.77214],[-122.068313,43.772013],[-122.068111,43.77193],[-122.068064,43.771823],[-122.068069,43.771748],[-122.068125,43.771592],[-122.068286,43.771552],[-122.068426,43.771518],[-122.068499,43.771464],[-122.068592,43.771366],[-122.068769,43.771342],[-122.068924,43.771308],[-122.069071,43.771273],[-122.06921,43.771213],[-122.069395,43.771194],[-122.069486,43.771295],[-122.069622,43.771379],[-122.069779,43.771452],[-122.069942,43.771449],[-122.070104,43.771426],[-122.070222,43.771408],[-122.070342,43.771481],[-122.070523,43.771592],[-122.070719,43.77175],[-122.070811,43.771877],[-122.070874,43.772],[-122.07087,43.77215],[-122.070858,43.772274],[-122.07084,43.772419],[-122.070858,43.772536],[-122.070802,43.77265],[-122.070774,43.772747],[-122.070747,43.772843],[-122.070751,43.772967],[-122.070739,43.77309],[-122.070735,43.77323],[-122.070717,43.773396],[-122.070728,43.773519],[-122.070747,43.773669],[-122.07075,43.773793],[-122.070797,43.773915],[-122.070845,43.774043],[-122.070871,43.774199],[-122.070911,43.774311],[-122.070914,43.774407],[-122.070895,43.774525],[-122.070868,43.774628],[-122.070908,43.774777],[-122.070928,43.774943],[-122.070938,43.775067],[-122.070941,43.775163],[-122.070942,43.775227],[-122.070877,43.775298],[-122.070805,43.775353],[-122.070717,43.775386],[-122.070643,43.775392],[-122.070562,43.775404],[-122.070517,43.775383],[-122.070509,43.775341],[-122.070412,43.775315],[-122.070264,43.775322],[-122.070124,43.77534],[-122.069984,43.775374],[-122.069882,43.775451]],[[-122.07593,43.756343],[-122.075934,43.756479],[-122.075938,43.756642],[-122.075956,43.756761],[-122.075945,43.756902],[-122.075917,43.757001],[-122.075898,43.757115],[-122.075795,43.757193],[-122.075698,43.757226],[-122.075618,43.757207],[-122.075606,43.757141],[-122.075529,43.757049],[-122.075466,43.756952],[-122.075397,43.756883],[-122.075372,43.756796],[-122.075303,43.756737],[-122.075271,43.756651],[-122.075201,43.756576],[-122.075117,43.756517],[-122.075033,43.756447],[-122.074956,43.756362],[-122.074879,43.756276],[-122.074817,43.756211],[-122.074741,43.756169],[-122.074643,43.756132],[-122.074561,43.75616],[-122.074482,43.756292],[-122.074507,43.756406],[-122.074548,43.756552],[-122.074574,43.756677],[-122.074563,43.756813],[-122.074561,43.756921],[-122.074462,43.756988],[-122.074343,43.757017],[-122.074208,43.757019],[-122.073976,43.757038],[-122.073804,43.757057],[-122.073465,43.757001],[-122.073284,43.756933],[-122.073124,43.756854],[-122.072971,43.756715],[-122.07281,43.756581],[-122.072687,43.756485],[-122.072587,43.756378],[-122.072501,43.756227],[-122.072483,43.756113],[-122.072443,43.756048],[-122.072329,43.755979],[-122.072238,43.755915],[-122.072182,43.755802],[-122.07221,43.755709],[-122.072304,43.755593],[-122.072459,43.755488],[-122.072657,43.755339],[-122.072766,43.755201],[-122.072943,43.755085],[-122.073045,43.754953],[-122.073193,43.754875],[-122.073343,43.754878],[-122.073524,43.754908],[-122.073653,43.754966],[-122.073887,43.755045],[-122.074029,43.755026],[-122.073973,43.754897],[-122.074169,43.754948],[-122.07435,43.754962],[-122.074492,43.754949],[-122.074489,43.754846],[-122.074509,43.754743],[-122.074611,43.754627],[-122.074706,43.754517],[-122.07487,43.754499],[-122.07496,43.754492],[-122.075042,43.754464],[-122.075189,43.754369],[-122.075358,43.754231],[-122.075535,43.75412],[-122.075563,43.754054],[-122.075597,43.753923],[-122.075654,43.753809],[-122.075735,43.753737],[-122.07587,43.75373],[-122.076043,43.75376],[-122.07618,43.753834],[-122.076391,43.753896],[-122.076581,43.753975],[-122.076748,43.754049],[-122.076885,43.754134],[-122.076985,43.754214],[-122.077046,43.75429],[-122.077086,43.754376],[-122.077119,43.754479],[-122.077076,43.754561],[-122.077048,43.754648],[-122.077005,43.754719],[-122.076947,43.754786],[-122.076934,43.754867],[-122.076905,43.754917],[-122.076824,43.754956],[-122.07675,43.755011],[-122.07667,43.755083],[-122.07655,43.75509],[-122.076423,43.755102],[-122.076327,43.755158],[-122.076231,43.755235],[-122.076174,43.755323],[-122.076093,43.755379],[-122.076005,43.755456],[-122.075902,43.755533],[-122.075858,43.755572],[-122.075883,43.755664],[-122.075869,43.75573],[-122.075947,43.755832],[-122.075987,43.755924],[-122.075937,43.756038],[-122.075934,43.756191],[-122.07593,43.756343]],[[-122.103522,43.755432],[-122.103388,43.755334],[-122.103293,43.75523],[-122.103158,43.755127],[-122.10309,43.755018],[-122.103034,43.754913],[-122.103032,43.754842],[-122.102931,43.754743],[-122.102848,43.75462],[-122.102747,43.754506],[-122.102651,43.754393],[-122.102596,43.754308],[-122.102648,43.754283],[-122.102733,43.754234],[-122.102836,43.754166],[-122.102868,43.754118],[-122.102866,43.754041],[-122.102944,43.753983],[-122.103074,43.75391],[-122.103197,43.75386],[-122.103371,43.753934],[-122.103531,43.753999],[-122.103776,43.754043],[-122.103994,43.754064],[-122.104131,43.754043],[-122.104183,43.753995],[-122.104295,43.754017],[-122.104421,43.754039],[-122.104665,43.754045],[-122.104777,43.754044],[-122.104856,43.754028],[-122.104937,43.754099],[-122.105045,43.754212],[-122.105212,43.754296],[-122.105372,43.75436],[-122.105624,43.754409],[-122.105822,43.754426],[-122.106046,43.754427],[-122.106217,43.754411],[-122.106369,43.754418],[-122.106514,43.754435],[-122.106666,43.754457],[-122.106819,43.754483],[-122.106917,43.754463],[-122.107035,43.754428],[-122.106945,43.754515],[-122.106847,43.754559],[-122.106748,43.754566],[-122.106696,43.754585],[-122.106717,43.754647],[-122.106707,43.754733],[-122.106642,43.754792],[-122.106585,43.754859],[-122.106514,43.754941],[-122.106437,43.755],[-122.106373,43.755068],[-122.106322,43.755149],[-122.106284,43.755217],[-122.106206,43.755247],[-122.106119,43.75521],[-122.106068,43.755249],[-122.105917,43.755279],[-122.105813,43.755343],[-122.105735,43.755377],[-122.105651,43.755436],[-122.10556,43.755499],[-122.105483,43.755558],[-122.105392,43.755597],[-122.10534,43.755655],[-122.105223,43.755685],[-122.105165,43.755734],[-122.104962,43.755799],[-122.104796,43.755749],[-122.104721,43.755673],[-122.104628,43.755627],[-122.104521,43.755571],[-122.104467,43.755524],[-122.104289,43.755526],[-122.10417,43.755499],[-122.104069,43.755429],[-122.104002,43.755387],[-122.103634,43.755407],[-122.103601,43.755436],[-122.103522,43.755432]],[[-122.069314,43.749164],[-122.069311,43.749253],[-122.069314,43.749356],[-122.069231,43.749328],[-122.069078,43.749304],[-122.069021,43.749271],[-122.068953,43.74921],[-122.06889,43.749151],[-122.068832,43.749074],[-122.068804,43.748971],[-122.068825,43.748819],[-122.068883,43.748678],[-122.068942,43.748577],[-122.068969,43.748444],[-122.069018,43.748362],[-122.069102,43.748272],[-122.069165,43.748153],[-122.069101,43.748046],[-122.069199,43.747893],[-122.069352,43.747873],[-122.069426,43.747764],[-122.069448,43.747642],[-122.069599,43.747555],[-122.069777,43.747549],[-122.070026,43.747682],[-122.070245,43.747694],[-122.070439,43.747699],[-122.070618,43.747722],[-122.07077,43.747683],[-122.070882,43.747649],[-122.070992,43.747573],[-122.071094,43.747561],[-122.071201,43.747563],[-122.071303,43.747558],[-122.071402,43.747649],[-122.071556,43.747699],[-122.07163,43.747794],[-122.071734,43.747874],[-122.071772,43.747958],[-122.071814,43.747995],[-122.071895,43.747968],[-122.071968,43.748011],[-122.071995,43.748103],[-122.072059,43.748195],[-122.072067,43.748291],[-122.072022,43.748358],[-122.071988,43.74841],[-122.071953,43.748448],[-122.071946,43.748559],[-122.071897,43.748633],[-122.071796,43.748683],[-122.07172,43.74871],[-122.071594,43.748771],[-122.071508,43.748786],[-122.071387,43.748825],[-122.07128,43.748834],[-122.071152,43.748836],[-122.071003,43.748801],[-122.070957,43.748768],[-122.070818,43.748733],[-122.070684,43.748702],[-122.070571,43.748666],[-122.070564,43.748596],[-122.070541,43.748493],[-122.070493,43.748386],[-122.070449,43.748268],[-122.070348,43.748129],[-122.070269,43.748034],[-122.070196,43.747976],[-122.070115,43.747977],[-122.070055,43.74803],[-122.069998,43.748186],[-122.06997,43.748297],[-122.069993,43.748415],[-122.069996,43.748507],[-122.070004,43.748641],[-122.069995,43.748689],[-122.06995,43.748719],[-122.069978,43.748796],[-122.07001,43.748859],[-122.069965,43.7489],[-122.069874,43.748927],[-122.069794,43.749006],[-122.06973,43.749077],[-122.069665,43.749119],[-122.069567,43.749094],[-122.069454,43.749066],[-122.069338,43.749097],[-122.069314,43.749164]],[[-122.082061,43.718124],[-122.081989,43.718138],[-122.081911,43.718165],[-122.081827,43.718167],[-122.081724,43.718155],[-122.081651,43.718125],[-122.081578,43.718104],[-122.081528,43.718066],[-122.081459,43.717974],[-122.081403,43.717888],[-122.081322,43.717805],[-122.081252,43.717688],[-122.081195,43.71757],[-122.081205,43.717491],[-122.081232,43.717377],[-122.081229,43.717268],[-122.081262,43.71714],[-122.081259,43.717026],[-122.081322,43.716894],[-122.081337,43.716775],[-122.081401,43.716665],[-122.081544,43.716584],[-122.081663,43.716517],[-122.081783,43.716484],[-122.081872,43.716404],[-122.081881,43.716316],[-122.081989,43.716267],[-122.082044,43.71631],[-122.082113,43.716405],[-122.082244,43.716539],[-122.082409,43.716633],[-122.082507,43.716685],[-122.082689,43.716695],[-122.082865,43.716724],[-122.082975,43.716783],[-122.083129,43.716882],[-122.083283,43.717007],[-122.083401,43.717102],[-122.083396,43.717155],[-122.08341,43.717242],[-122.083443,43.717356],[-122.083542,43.717437],[-122.083588,43.717568],[-122.083579,43.717687],[-122.083521,43.717788],[-122.083451,43.717886],[-122.083296,43.717954],[-122.083141,43.718022],[-122.08305,43.71804],[-122.08293,43.718059],[-122.08281,43.718074],[-122.082713,43.71808],[-122.082604,43.71809],[-122.082514,43.7181],[-122.082435,43.718084],[-122.082368,43.718063],[-122.082278,43.718073],[-122.082158,43.718101],[-122.082061,43.718124]],[[-122.112333,43.754182],[-122.11237,43.754081],[-122.112442,43.75408],[-122.112728,43.754157],[-122.112829,43.754232],[-122.112917,43.754332],[-122.113013,43.754483],[-122.11312,43.754539],[-122.113386,43.754631],[-122.113666,43.754746],[-122.113894,43.754891],[-122.114015,43.754999],[-122.114044,43.75509],[-122.114094,43.755218],[-122.11407,43.755323],[-122.11404,43.755419],[-122.113977,43.755525],[-122.113833,43.755585],[-122.11371,43.755644],[-122.113598,43.755664],[-122.113468,43.755723],[-122.113377,43.755763],[-122.113351,43.755801],[-122.113239,43.755803],[-122.113095,43.755819],[-122.112909,43.755779],[-122.112763,43.755724],[-122.112603,43.755669],[-122.11245,43.755618],[-122.112339,43.755653],[-122.112182,43.755679],[-122.112043,43.755681],[-122.111944,43.755673],[-122.111887,43.75575],[-122.111729,43.755767],[-122.111649,43.755734],[-122.111568,43.755654],[-122.111526,43.755569],[-122.111438,43.755484],[-122.11141,43.755399],[-122.111368,43.755313],[-122.111364,43.75518],[-122.111441,43.755073],[-122.11157,43.755],[-122.111695,43.754979],[-122.11186,43.754977],[-122.112057,43.75495],[-122.112161,43.754887],[-122.112223,43.754766],[-122.112238,43.754561],[-122.112291,43.75434],[-122.112333,43.754182]],[[-122.068406,43.727066],[-122.068298,43.727077],[-122.068203,43.727064],[-122.068094,43.727031],[-122.068018,43.726993],[-122.067916,43.726945],[-122.06786,43.726877],[-122.067776,43.726775],[-122.067732,43.726673],[-122.067669,43.72657],[-122.067646,43.726463],[-122.067698,43.726393],[-122.06777,43.726289],[-122.06791,43.726224],[-122.067983,43.726164],[-122.068022,43.726089],[-122.067932,43.726012],[-122.067902,43.725885],[-122.067899,43.725787],[-122.067862,43.725669],[-122.067888,43.72561],[-122.067981,43.72554],[-122.068082,43.725509],[-122.068229,43.725449],[-122.068398,43.725451],[-122.068554,43.725469],[-122.06869,43.725467],[-122.068729,43.725412],[-122.068877,43.7254],[-122.069054,43.725423],[-122.069191,43.725485],[-122.069321,43.725537],[-122.069376,43.72559],[-122.069386,43.725678],[-122.069374,43.725752],[-122.069293,43.725768],[-122.069206,43.725813],[-122.069155,43.725907],[-122.069143,43.725991],[-122.069193,43.726088],[-122.06927,43.72619],[-122.069387,43.726243],[-122.069509,43.726261],[-122.069542,43.726221],[-122.069612,43.726303],[-122.069675,43.726406],[-122.069745,43.726498],[-122.069822,43.726605],[-122.069926,43.726677],[-122.069989,43.72675],[-122.070017,43.726818],[-122.069992,43.726873],[-122.069946,43.726922],[-122.069866,43.726973],[-122.069799,43.727023],[-122.069759,43.727018],[-122.069675,43.726921],[-122.06966,43.726858],[-122.069679,43.726803],[-122.06973,43.726714],[-122.069667,43.726622],[-122.069598,43.726579],[-122.069529,43.726521],[-122.069467,43.726463],[-122.069425,43.726404],[-122.069363,43.72639],[-122.069256,43.726431],[-122.069149,43.726487],[-122.069022,43.726547],[-122.068916,43.726612],[-122.068829,43.726687],[-122.06879,43.726742],[-122.068772,43.726821],[-122.068725,43.726856],[-122.068706,43.726905],[-122.068633,43.72693],[-122.06858,43.72697],[-122.068513,43.727025],[-122.068406,43.727066]],[[-122.086066,43.745174],[-122.085978,43.745175],[-122.085904,43.745191],[-122.085864,43.745221],[-122.085811,43.745251],[-122.08575,43.745267],[-122.085689,43.745258],[-122.085614,43.745234],[-122.085559,43.745191],[-122.085524,43.745152],[-122.085435,43.745129],[-122.085413,43.74508],[-122.085473,43.745025],[-122.085398,43.745007],[-122.085303,43.744983],[-122.085221,43.744955],[-122.085145,43.744912],[-122.085143,43.744853],[-122.085141,43.74475],[-122.085085,43.744687],[-122.085164,43.744588],[-122.085236,43.744508],[-122.085345,43.744517],[-122.0855,43.74449],[-122.085423,43.744403],[-122.0854,43.74431],[-122.085358,43.744237],[-122.085382,43.744133],[-122.08546,43.744024],[-122.085396,43.743892],[-122.085339,43.7438],[-122.085263,43.743722],[-122.085281,43.743634],[-122.085374,43.743569],[-122.08552,43.743469],[-122.085628,43.743452],[-122.08577,43.743421],[-122.085879,43.743444],[-122.086021,43.743462],[-122.086144,43.743504],[-122.086274,43.743547],[-122.086397,43.743594],[-122.086461,43.743716],[-122.086478,43.743833],[-122.08648,43.743936],[-122.08647,43.744064],[-122.086489,43.744251],[-122.086522,43.744471],[-122.086546,43.744633],[-122.086588,43.744686],[-122.08663,43.744749],[-122.08664,43.744847],[-122.086669,43.744925],[-122.086671,43.745009],[-122.08664,43.745103],[-122.086573,43.745153],[-122.086485,43.745164],[-122.086411,43.74515],[-122.086328,43.745117],[-122.086248,43.745128],[-122.086174,43.745163],[-122.086066,43.745174]],[[-122.079026,43.74697],[-122.07897,43.746991],[-122.078885,43.746962],[-122.078891,43.74689],[-122.078931,43.746819],[-122.078971,43.746732],[-122.078941,43.746666],[-122.078883,43.746591],[-122.078859,43.746479],[-122.078815,43.746408],[-122.078751,43.746384],[-122.078702,43.7464],[-122.078646,43.746406],[-122.078625,43.74637],[-122.07865,43.746253],[-122.078697,43.746186],[-122.078773,43.74616],[-122.078856,43.746103],[-122.07894,43.746081],[-122.079038,43.74609],[-122.079071,43.746024],[-122.079134,43.746002],[-122.079205,43.746022],[-122.079246,43.745981],[-122.079264,43.745879],[-122.079338,43.745761],[-122.079391,43.745653],[-122.079459,43.745561],[-122.079578,43.745534],[-122.079738,43.745516],[-122.079864,43.745509],[-122.080019,43.745502],[-122.08008,43.745425],[-122.080211,43.745367],[-122.080379,43.745355],[-122.080506,43.745353],[-122.080612,43.745403],[-122.08074,43.745462],[-122.080791,43.745532],[-122.08087,43.745618],[-122.080873,43.745709],[-122.080818,43.745766],[-122.080784,43.745802],[-122.080779,43.745893],[-122.080767,43.745965],[-122.080747,43.746021],[-122.08065,43.746043],[-122.080574,43.7461],[-122.080498,43.746136],[-122.080381,43.746214],[-122.080276,43.746246],[-122.080158,43.746278],[-122.080075,43.74631],[-122.079935,43.746317],[-122.079843,43.746308],[-122.079759,43.746289],[-122.079653,43.746285],[-122.079583,43.746286],[-122.079514,43.746312],[-122.079473,43.746369],[-122.079475,43.746455],[-122.079484,43.746511],[-122.079527,43.746572],[-122.079592,43.746622],[-122.079623,43.746723],[-122.079603,43.746799],[-122.079542,43.746866],[-122.079437,43.746883],[-122.079319,43.746905],[-122.079214,43.746922],[-122.079129,43.746907],[-122.079018,43.746919],[-122.079026,43.74697]],[[-122.112624,43.737944],[-122.112564,43.737999],[-122.112498,43.738049],[-122.112447,43.738059],[-122.11239,43.738075],[-122.112318,43.738046],[-122.11223,43.738021],[-122.112135,43.738019],[-122.112107,43.737995],[-122.112019,43.737994],[-122.111968,43.737968],[-122.111852,43.73794],[-122.111756,43.737907],[-122.111633,43.737867],[-122.111544,43.737839],[-122.111473,43.737822],[-122.111394,43.737774],[-122.111359,43.73775],[-122.111304,43.737709],[-122.111279,43.737651],[-122.11121,43.737632],[-122.111209,43.737576],[-122.111235,43.737534],[-122.1112,43.737483],[-122.11116,43.737395],[-122.111138,43.737314],[-122.111136,43.737243],[-122.111154,43.737147],[-122.111218,43.737006],[-122.111305,43.73699],[-122.111436,43.736944],[-122.111563,43.736901],[-122.111688,43.736865],[-122.111802,43.736819],[-122.111929,43.73679],[-122.112065,43.73681],[-122.112162,43.736865],[-122.112299,43.736945],[-122.112441,43.737055],[-122.112527,43.737128],[-122.112604,43.737213],[-122.112678,43.737298],[-122.112679,43.737349],[-122.11277,43.737446],[-122.112786,43.737554],[-122.112806,43.737659],[-122.112818,43.737733],[-122.112793,43.737816],[-122.112747,43.737861],[-122.11269,43.737906],[-122.112666,43.737897],[-122.112624,43.737944]],[[-122.071286,43.726158],[-122.071162,43.726071],[-122.071146,43.725964],[-122.071083,43.725871],[-122.0711,43.725768],[-122.071097,43.725655],[-122.071088,43.725547],[-122.071032,43.725494],[-122.071051,43.72541],[-122.071068,43.725287],[-122.0711,43.725218],[-122.071364,43.725249],[-122.071548,43.725271],[-122.071659,43.725387],[-122.071716,43.725504],[-122.071794,43.725621],[-122.071836,43.725694],[-122.071825,43.725782],[-122.071719,43.725862],[-122.071647,43.725962],[-122.071595,43.726036],[-122.071598,43.726149],[-122.071587,43.726252],[-122.071472,43.726263],[-122.071403,43.72622],[-122.071286,43.726158]]]}}]}