{"type":"FeatureCollection","features":[{"type":"Feature","properties":{"MAPTAXLOT":"1610000000077","MAPNUMBER":"16100000","TAXLOT":"77","ACCTNO":"000None","MAPACRES":103.39082602},"geometry":{"type":"MultiPolygon","coordinates":[[[[-123.916734,44.21284],[-123.916889,44.212747],[-123.916877,44.212571],[-123.916659,44.212363],[-123.914629,44.21195],[-123.914329,44.21175],[-123.913244,44.211447],[-123.912983,44.211198],[-123.91275,44.210967],[-123.912987,44.210888],[-123.913162,44.21083],[-123.913394,44.210753],[-123.914173,44.210494],[-123.914521,44.210442],[-123.914841,44.210494],[-123.91515,44.210572],[-123.915439,44.210536],[-123.915725,44.210572],[-123.915904,44.210492],[-123.91598,44.210507],[-123.916213,44.210519],[-123.916385,44.210651],[-123.916942,44.21082],[-123.917265,44.210811],[-123.917804,44.210773],[-123.91819,44.210715],[-123.918369,44.210604],[-123.918532,44.210411],[-123.918744,44.2103],[-123.919049,44.210291],[-123.919251,44.210322],[-123.91949,44.210558],[-123.919821,44.210688],[-123.920083,44.210763],[-123.920269,44.210865],[-123.920524,44.210925],[-123.92076,44.21099],[-123.921076,44.210955],[-123.921336,44.210841],[-123.921554,44.210815],[-123.921767,44.210774],[-123.921939,44.210872],[-123.92217,44.210986],[-123.922367,44.211172],[-123.92245,44.211329],[-123.922432,44.211437],[-123.92241,44.211559],[-123.922358,44.211689],[-123.922238,44.211692],[-123.92225,44.211902],[-123.922416,44.212092],[-123.922629,44.212137],[-123.922802,44.212192],[-123.922986,44.212252],[-123.923189,44.212307],[-123.923396,44.212398],[-123.923762,44.212363],[-123.92398,44.212334],[-123.924259,44.212258],[-123.924432,44.21219],[-123.924689,44.21212],[-123.924896,44.212057],[-123.925082,44.21207],[-123.925274,44.212065],[-123.925546,44.212032],[-123.92569,44.211948],[-123.925851,44.211822],[-123.92596,44.211624],[-123.926088,44.211505],[-123.926214,44.211406],[-123.926295,44.21123],[-123.92639,44.211141],[-123.926608,44.211134],[-123.926859,44.211107],[-123.926999,44.211128],[-123.927209,44.211044],[-123.927099,44.2109],[-123.926962,44.210954],[-123.926865,44.21094],[-123.926586,44.21097],[-123.926274,44.210979],[-123.926089,44.211152],[-123.926012,44.211321],[-123.925913,44.211399],[-123.92576,44.211542],[-123.925654,44.211733],[-123.925533,44.211828],[-123.925449,44.211877],[-123.925251,44.211901],[-123.925089,44.211905],[-123.924861,44.211889],[-123.924603,44.211967],[-123.924336,44.21204],[-123.924163,44.212109],[-123.923918,44.212175],[-123.923726,44.212201],[-123.923446,44.212227],[-123.92329,44.212159],[-123.923073,44.2121],[-123.922896,44.212042],[-123.922708,44.211982],[-123.922563,44.211952],[-123.922476,44.211852],[-123.922476,44.21185],[-123.922532,44.211848],[-123.922635,44.211592],[-123.922659,44.211457],[-123.922684,44.211309],[-123.922569,44.211091],[-123.92233,44.210865],[-123.922075,44.210739],[-123.921819,44.210594],[-123.921506,44.210654],[-123.921255,44.210684],[-123.920996,44.210797],[-123.920785,44.210821],[-123.920601,44.21077],[-123.920377,44.210717],[-123.920197,44.210618],[-123.919918,44.210539],[-123.919645,44.210432],[-123.919384,44.210174],[-123.919068,44.210126],[-123.918665,44.210138],[-123.918361,44.210297],[-123.918192,44.210496],[-123.918085,44.210563],[-123.917769,44.21061],[-123.917249,44.210646],[-123.916983,44.210654],[-123.916519,44.210513],[-123.916319,44.210359],[-123.91602,44.210344],[-123.91587,44.210313],[-123.915678,44.210399],[-123.91544,44.210368],[-123.915169,44.210403],[-123.914905,44.210335],[-123.914522,44.210273],[-123.914077,44.210345],[-123.913298,44.210603],[-123.913066,44.21068],[-123.912989,44.210706],[-123.912569,44.210846],[-123.912509,44.210957],[-123.912547,44.211057],[-123.912979,44.211468],[-123.913101,44.211584],[-123.914205,44.211892],[-123.914514,44.212098],[-123.916523,44.212506],[-123.916654,44.212665],[-123.914547,44.212445],[-123.914264,44.212292],[-123.912987,44.212105],[-123.912537,44.211867],[-123.912506,44.211851],[-123.911934,44.211727],[-123.911807,44.211625],[-123.910199,44.210327],[-123.910186,44.210316],[-123.910111,44.21032],[-123.90948,44.210355],[-123.909081,44.210244],[-123.90801,44.209945],[-123.906362,44.209759],[-123.905712,44.209482],[-123.903377,44.209805],[-123.903051,44.209777],[-123.903041,44.209776],[-123.902563,44.209735],[-123.900842,44.209586],[-123.90046,44.209457],[-123.899932,44.209261],[-123.899503,44.209154],[-123.899466,44.209144],[-123.899105,44.209055],[-123.898776,44.209001],[-123.898533,44.208943],[-123.898033,44.208891],[-123.897756,44.208911],[-123.897576,44.208907],[-123.897417,44.208802],[-123.897287,44.208737],[-123.897009,44.208615],[-123.896643,44.208476],[-123.896231,44.208322],[-123.895928,44.208141],[-123.895594,44.208002],[-123.895478,44.207936],[-123.895369,44.207875],[-123.895033,44.207805],[-123.894741,44.207921],[-123.894648,44.207958],[-123.894459,44.208022],[-123.894195,44.208068],[-123.893945,44.208058],[-123.893789,44.20799],[-123.893595,44.207897],[-123.893465,44.207834],[-123.893323,44.20774],[-123.893183,44.207724],[-123.893107,44.207716],[-123.893048,44.207735],[-123.892785,44.207819],[-123.892453,44.207931],[-123.89213,44.207961],[-123.891836,44.208056],[-123.89151,44.208105],[-123.891081,44.208097],[-123.890743,44.208086],[-123.890377,44.207997],[-123.890131,44.207908],[-123.889905,44.20774],[-123.889809,44.207634],[-123.889681,44.20755],[-123.889214,44.207496],[-123.888946,44.20742],[-123.888602,44.207369],[-123.888377,44.207257],[-123.888165,44.207158],[-123.887913,44.207028],[-123.887732,44.206812],[-123.887473,44.206555],[-123.887246,44.206405],[-123.887042,44.206289],[-123.886852,44.206101],[-123.8866,44.205976],[-123.886405,44.205847],[-123.886165,44.205782],[-123.885874,44.205744],[-123.885296,44.205761],[-123.885003,44.205791],[-123.884569,44.205803],[-123.884088,44.205797],[-123.883535,44.205668],[-123.883495,44.205659],[-123.883119,44.205575],[-123.882655,44.205445],[-123.882308,44.205279],[-123.881884,44.205244],[-123.881588,44.205261],[-123.881158,44.205152],[-123.880596,44.205035],[-123.880053,44.205073],[-123.879666,44.205063],[-123.879366,44.205091],[-123.879208,44.20504],[-123.878933,44.204983],[-123.878586,44.204903],[-123.87826,44.204913],[-123.878125,44.204936],[-123.877736,44.204892],[-123.877553,44.20477],[-123.877386,44.204623],[-123.877284,44.204373],[-123.877116,44.204217],[-123.876994,44.204098],[-123.876841,44.203917],[-123.876713,44.20373],[-123.87655,44.203537],[-123.87638,44.203369],[-123.876373,44.20325],[-123.876263,44.203084],[-123.876152,44.202963],[-123.875687,44.202732],[-123.875619,44.202468],[-123.875511,44.202166],[-123.875378,44.201932],[-123.87527,44.201727],[-123.875083,44.201603],[-123.874897,44.201305],[-123.874702,44.20101],[-123.874523,44.200777],[-123.874169,44.200662],[-123.873941,44.200648],[-123.873672,44.200523],[-123.873468,44.200311],[-123.873264,44.200063],[-123.873261,44.200059],[-123.873254,44.20005],[-123.87312,44.199796],[-123.872927,44.199606],[-123.872745,44.199368],[-123.872642,44.199135],[-123.872447,44.198921],[-123.87235,44.198795],[-123.8721,44.198547],[-123.871875,44.198253],[-123.871627,44.198048],[-123.871415,44.197772],[-123.871324,44.19758],[-123.871307,44.197284],[-123.871203,44.197067],[-123.871169,44.196965],[-123.871097,44.196753],[-123.870987,44.196502],[-123.870768,44.196333],[-123.870569,44.196268],[-123.870293,44.196168],[-123.870064,44.196114],[-123.86987,44.196004],[-123.869701,44.195891],[-123.869583,44.195756],[-123.869423,44.195567],[-123.869226,44.195373],[-123.868919,44.195169],[-123.868701,44.195136],[-123.868622,44.195033],[-123.868394,44.194882],[-123.868195,44.19475],[-123.86786,44.194652],[-123.867637,44.194525],[-123.86718,44.194468],[-123.866613,44.194485],[-123.866264,44.194474],[-123.86599,44.194462],[-123.865895,44.194432],[-123.865794,44.194387],[-123.86569,44.194371],[-123.86547,44.194208],[-123.865253,44.194023],[-123.865007,44.193839],[-123.864787,44.193652],[-123.864521,44.193487],[-123.864458,44.193268],[-123.864446,44.193052],[-123.86433,44.19279],[-123.864146,44.192668],[-123.864075,44.192514],[-123.863818,44.192393],[-123.863513,44.192316],[-123.863267,44.192226],[-123.863136,44.192122],[-123.863048,44.192008],[-123.862952,44.191862],[-123.862858,44.191741],[-123.862759,44.191553],[-123.862567,44.191301],[-123.86237,44.190986],[-123.862262,44.190867],[-123.861945,44.190678],[-123.861675,44.190498],[-123.861485,44.190351],[-123.861215,44.190212],[-123.861018,44.190039],[-123.860842,44.189994],[-123.860683,44.189942],[-123.860509,44.189827],[-123.860142,44.189624],[-123.859775,44.189401],[-123.859278,44.189134],[-123.859206,44.189082],[-123.8592,44.189077],[-123.85757,44.187828],[-123.85748,44.187759],[-123.857378,44.187654],[-123.857312,44.187475],[-123.857142,44.187152],[-123.856958,44.186909],[-123.856956,44.186904],[-123.85695,44.186891],[-123.856945,44.186877],[-123.856939,44.186863],[-123.856932,44.186848],[-123.856925,44.186834],[-123.856918,44.18682],[-123.85691,44.186805],[-123.856902,44.186791],[-123.856893,44.186777],[-123.856885,44.186763],[-123.856875,44.18675],[-123.856866,44.186736],[-123.856856,44.186723],[-123.856846,44.186709],[-123.856835,44.186696],[-123.856824,44.186683],[-123.856813,44.18667],[-123.856801,44.186658],[-123.85679,44.186645],[-123.856778,44.186633],[-123.856765,44.18662],[-123.856752,44.186608],[-123.856739,44.186596],[-123.856726,44.186585],[-123.856712,44.186572],[-123.856697,44.18656],[-123.856683,44.18655],[-123.85667,44.18654],[-123.856657,44.18653],[-123.856641,44.186518],[-123.856626,44.186508],[-123.856614,44.186499],[-123.856602,44.186491],[-123.85659,44.186482],[-123.856579,44.186473],[-123.856568,44.186464],[-123.856558,44.186455],[-123.856547,44.186445],[-123.856542,44.186441],[-123.856541,44.186439],[-123.856527,44.186426],[-123.856517,44.186416],[-123.856508,44.186406],[-123.856499,44.186396],[-123.85649,44.186385],[-123.85648,44.186374],[-123.856471,44.186363],[-123.856463,44.186353],[-123.856454,44.186342],[-123.856446,44.186331],[-123.856438,44.186319],[-123.85643,44.186308],[-123.856421,44.186295],[-123.856413,44.186283],[-123.856404,44.186271],[-123.856395,44.186259],[-123.856387,44.186246],[-123.856378,44.186234],[-123.85637,44.186222],[-123.856361,44.18621],[-123.856352,44.186197],[-123.856342,44.186183],[-123.856331,44.186169],[-123.856322,44.186157],[-123.856311,44.186145],[-123.856301,44.186132],[-123.856291,44.18612],[-123.85628,44.186108],[-123.85627,44.186096],[-123.856259,44.186084],[-123.856248,44.186071],[-123.856237,44.18606],[-123.856226,44.186048],[-123.856215,44.186036],[-123.856203,44.186024],[-123.856192,44.186012],[-123.85618,44.186001],[-123.856169,44.185989],[-123.856157,44.185977],[-123.856145,44.185966],[-123.856132,44.185955],[-123.85612,44.185943],[-123.856108,44.185932],[-123.856095,44.185921],[-123.856083,44.18591],[-123.856071,44.185899],[-123.856059,44.185889],[-123.856046,44.185878],[-123.856034,44.185867],[-123.856021,44.185856],[-123.856008,44.185845],[-123.855995,44.185834],[-123.855982,44.185824],[-123.855969,44.185813],[-123.855956,44.185803],[-123.855943,44.185792],[-123.85593,44.185782],[-123.855917,44.185771],[-123.855904,44.185761],[-123.85589,44.185751],[-123.855877,44.185741],[-123.855864,44.18573],[-123.85585,44.18572],[-123.855837,44.18571],[-123.855823,44.1857],[-123.855809,44.18569],[-123.855795,44.18568],[-123.855782,44.18567],[-123.855768,44.18566],[-123.855753,44.185649],[-123.855737,44.185639],[-123.855721,44.185629],[-123.855706,44.185619],[-123.855691,44.18561],[-123.855676,44.1856],[-123.85566,44.185591],[-123.855659,44.18559],[-123.855645,44.185582],[-123.855632,44.185575],[-123.855611,44.185564],[-123.855596,44.185555],[-123.85558,44.185547],[-123.855562,44.185538],[-123.855545,44.185529],[-123.855528,44.185521],[-123.85551,44.185513],[-123.855492,44.185505],[-123.855474,44.185497],[-123.855456,44.185489],[-123.855438,44.185482],[-123.85542,44.185475],[-123.855401,44.185468],[-123.855383,44.185461],[-123.855364,44.185455],[-123.855345,44.185449],[-123.855326,44.185443],[-123.855306,44.185437],[-123.855287,44.185431],[-123.855268,44.185426],[-123.855248,44.185421],[-123.855228,44.185416],[-123.855209,44.185411],[-123.85519,44.185407],[-123.855171,44.185402],[-123.855152,44.185398],[-123.855132,44.185394],[-123.855112,44.18539],[-123.855092,44.185386],[-123.855072,44.185383],[-123.855052,44.185379],[-123.855032,44.185376],[-123.855012,44.185373],[-123.854992,44.18537],[-123.854972,44.185368],[-123.854953,44.185365],[-123.854935,44.185363],[-123.854917,44.18536],[-123.854897,44.185358],[-123.854878,44.185355],[-123.854858,44.185353],[-123.854839,44.185351],[-123.854819,44.185349],[-123.854799,44.185347],[-123.85478,44.185345],[-123.85476,44.185343],[-123.85474,44.185341],[-123.854721,44.185339],[-123.854701,44.185338],[-123.854681,44.185336],[-123.854663,44.185335],[-123.854644,44.185333],[-123.854625,44.185332],[-123.854606,44.18533],[-123.854587,44.185329],[-123.854568,44.185327],[-123.854549,44.185326],[-123.85453,44.185324],[-123.854511,44.185323],[-123.854492,44.185321],[-123.854473,44.18532],[-123.854454,44.185318],[-123.854435,44.185317],[-123.854416,44.185316],[-123.854397,44.185314],[-123.854379,44.185313],[-123.85436,44.185311],[-123.854341,44.18531],[-123.854322,44.185308],[-123.854303,44.185307],[-123.854284,44.185305],[-123.854265,44.185304],[-123.854246,44.185302],[-123.854227,44.185301],[-123.854208,44.185299],[-123.854189,44.185298],[-123.854171,44.185297],[-123.854154,44.185295],[-123.854136,44.185293],[-123.854118,44.185291],[-123.8541,44.185289],[-123.854082,44.185287],[-123.854064,44.185285],[-123.854046,44.185283],[-123.854028,44.185281],[-123.854011,44.185278],[-123.853993,44.185276],[-123.853975,44.185273],[-123.853957,44.18527],[-123.85394,44.185267],[-123.853922,44.185264],[-123.853904,44.185261],[-123.853887,44.185258],[-123.853869,44.185255],[-123.853852,44.185251],[-123.853834,44.185248],[-123.853817,44.185244],[-123.853799,44.185241],[-123.853782,44.185237],[-123.853765,44.185233],[-123.853747,44.185229],[-123.85373,44.185225],[-123.853712,44.185221],[-123.853695,44.185216],[-123.853678,44.185212],[-123.853661,44.185208],[-123.853644,44.185203],[-123.853626,44.185198],[-123.853609,44.185194],[-123.853593,44.185189],[-123.853576,44.185184],[-123.853559,44.185179],[-123.853542,44.185174],[-123.853527,44.185169],[-123.853511,44.185164],[-123.853494,44.185159],[-123.853477,44.185153],[-123.85346,44.185147],[-123.853443,44.185141],[-123.853425,44.185135],[-123.853408,44.185129],[-123.853391,44.185123],[-123.853374,44.185118],[-123.853357,44.185112],[-123.853339,44.185106],[-123.853322,44.1851],[-123.853305,44.185094],[-123.853287,44.185088],[-123.853268,44.185082],[-123.853249,44.185076],[-123.853229,44.18507],[-123.85321,44.185064],[-123.85319,44.185059],[-123.85317,44.185054],[-123.85315,44.185049],[-123.85313,44.185045],[-123.85311,44.18504],[-123.85309,44.185036],[-123.85307,44.185032],[-123.85305,44.185029],[-123.853029,44.185025],[-123.853009,44.185022],[-123.852988,44.185019],[-123.852967,44.185017],[-123.852947,44.185014],[-123.852927,44.185012],[-123.852908,44.18501],[-123.852887,44.185008],[-123.852867,44.185006],[-123.852847,44.185005],[-123.852826,44.185003],[-123.852806,44.185002],[-123.852785,44.185001],[-123.852765,44.185],[-123.852744,44.185],[-123.852724,44.184999],[-123.852703,44.184999],[-123.852683,44.184999],[-123.852663,44.184999],[-123.852645,44.184999],[-123.852628,44.184999],[-123.852609,44.184999],[-123.85259,44.184998],[-123.852571,44.184998],[-123.852552,44.184998],[-123.852533,44.184997],[-123.852514,44.184997],[-123.852495,44.184997],[-123.852476,44.184997],[-123.852457,44.184996],[-123.852438,44.184996],[-123.852419,44.184996],[-123.8524,44.184995],[-123.852384,44.184995],[-123.852367,44.184994],[-123.852349,44.184993],[-123.852331,44.184992],[-123.852314,44.184991],[-123.852296,44.184989],[-123.852278,44.184988],[-123.85226,44.184986],[-123.852242,44.184985],[-123.852224,44.184983],[-123.852207,44.184981],[-123.852189,44.184979],[-123.852171,44.184976],[-123.852154,44.184974],[-123.852136,44.184972],[-123.852118,44.184969],[-123.852101,44.184966],[-123.852083,44.184964],[-123.852066,44.184961],[-123.852048,44.184958],[-123.852031,44.184954],[-123.852013,44.184951],[-123.851996,44.184948],[-123.851979,44.184944],[-123.851962,44.18494],[-123.851944,44.184937],[-123.851927,44.184933],[-123.85191,44.184929],[-123.851893,44.184925],[-123.851875,44.18492],[-123.851857,44.184916],[-123.85184,44.184912],[-123.851823,44.184907],[-123.851805,44.184903],[-123.851788,44.184898],[-123.851771,44.184894],[-123.851754,44.184889],[-123.851737,44.184884],[-123.851721,44.184879],[-123.851704,44.184874],[-123.851687,44.184869],[-123.85167,44.184864],[-123.851654,44.184858],[-123.851637,44.184853],[-123.85162,44.184848],[-123.851604,44.184842],[-123.851588,44.184836],[-123.851571,44.184831],[-123.851555,44.184825],[-123.851538,44.184819],[-123.851521,44.184813],[-123.851505,44.184807],[-123.851489,44.184801],[-123.851472,44.184795],[-123.851456,44.184788],[-123.85144,44.184782],[-123.851424,44.184776],[-123.851408,44.184769],[-123.851392,44.184763],[-123.851376,44.184756],[-123.851361,44.18475],[-123.851345,44.184743],[-123.851329,44.184736],[-123.851313,44.184729],[-123.851296,44.184722],[-123.85128,44.184714],[-123.851264,44.184707],[-123.851247,44.1847],[-123.851231,44.184693],[-123.851215,44.184686],[-123.851198,44.184679],[-123.851182,44.184672],[-123.851166,44.184665],[-123.851149,44.184658],[-123.851133,44.184651],[-123.851117,44.184644],[-123.8511,44.184637],[-123.851084,44.184629],[-123.851068,44.184622],[-123.851051,44.184615],[-123.851035,44.184608],[-123.851019,44.184601],[-123.851003,44.184594],[-123.850986,44.184587],[-123.85097,44.18458],[-123.850954,44.184573],[-123.850937,44.184566],[-123.850921,44.184559],[-123.850905,44.184552],[-123.850888,44.184544],[-123.850872,44.184537],[-123.850856,44.18453],[-123.850839,44.184523],[-123.850823,44.184516],[-123.850807,44.184509],[-123.85079,44.184502],[-123.850774,44.184495],[-123.850758,44.184488],[-123.850741,44.184481],[-123.850725,44.184474],[-123.850709,44.184467],[-123.850692,44.18446],[-123.850676,44.184452],[-123.85066,44.184445],[-123.850643,44.184438],[-123.850627,44.184431],[-123.850611,44.184424],[-123.850594,44.184417],[-123.850578,44.18441],[-123.850562,44.184403],[-123.850546,44.184396],[-123.850529,44.184389],[-123.850513,44.184382],[-123.850497,44.184375],[-123.85048,44.184367],[-123.850464,44.18436],[-123.850448,44.184353],[-123.850432,44.184347],[-123.850416,44.184339],[-123.8504,44.184332],[-123.850384,44.184325],[-123.850368,44.184318],[-123.850353,44.184311],[-123.85034,44.184305],[-123.850324,44.184297],[-123.850308,44.184289],[-123.850292,44.184282],[-123.850277,44.184274],[-123.850262,44.184267],[-123.850248,44.184259],[-123.850233,44.184252],[-123.850217,44.184244],[-123.850202,44.184235],[-123.850186,44.184227],[-123.850171,44.184219],[-123.850156,44.184211],[-123.85014,44.184203],[-123.850125,44.184195],[-123.850109,44.184187],[-123.850094,44.184179],[-123.850078,44.184171],[-123.850063,44.184163],[-123.850047,44.184155],[-123.850032,44.184147],[-123.850018,44.18414],[-123.850006,44.184133],[-123.849993,44.184125],[-123.849979,44.184117],[-123.849964,44.184108],[-123.84995,44.184099],[-123.849936,44.18409],[-123.849921,44.184082],[-123.849907,44.184073],[-123.849893,44.184064],[-123.849882,44.184057],[-123.849873,44.184051],[-123.849862,44.184043],[-123.849852,44.184034],[-123.849841,44.184025],[-123.849826,44.184011],[-123.849806,44.183997],[-123.849805,44.183996],[-123.849807,44.183993],[-123.849819,44.183982],[-123.84983,44.183971],[-123.849842,44.183959],[-123.849853,44.183948],[-123.849864,44.183936],[-123.849876,44.183924],[-123.849887,44.183913],[-123.849898,44.183901],[-123.849908,44.183889],[-123.849919,44.183877],[-123.84993,44.183866],[-123.849941,44.183854],[-123.849951,44.183842],[-123.849962,44.18383],[-123.849972,44.183818],[-123.849983,44.183806],[-123.849993,44.183794],[-123.850003,44.183782],[-123.850013,44.183771],[-123.850022,44.183759],[-123.850023,44.183759],[-123.850033,44.183747],[-123.850043,44.183734],[-123.850053,44.183722],[-123.850063,44.18371],[-123.850073,44.183698],[-123.850083,44.183685],[-123.850092,44.183673],[-123.850102,44.183661],[-123.850111,44.183648],[-123.85012,44.183637],[-123.85012,44.183636],[-123.85013,44.183623],[-123.850139,44.183611],[-123.850148,44.183598],[-123.850157,44.183586],[-123.850165,44.183574],[-123.850174,44.183562],[-123.850183,44.183549],[-123.850192,44.183536],[-123.850201,44.183523],[-123.85021,44.18351],[-123.850218,44.183497],[-123.850227,44.183484],[-123.850235,44.183471],[-123.850243,44.183457],[-123.850251,44.183444],[-123.850259,44.183431],[-123.850266,44.183417],[-123.850273,44.183405],[-123.85028,44.183392],[-123.850288,44.183379],[-123.850295,44.183365],[-123.850302,44.183351],[-123.850309,44.183337],[-123.850315,44.183323],[-123.850322,44.183309],[-123.850328,44.183294],[-123.850333,44.18328],[-123.850339,44.183266],[-123.850344,44.183252],[-123.850349,44.183237],[-123.850354,44.183223],[-123.850358,44.183208],[-123.850362,44.183193],[-123.850366,44.183179],[-123.85037,44.183164],[-123.850373,44.18315],[-123.850376,44.183135],[-123.850379,44.183121],[-123.850381,44.183106],[-123.850383,44.183091],[-123.850385,44.183077],[-123.850387,44.183062],[-123.850389,44.183047],[-123.85039,44.183033],[-123.850391,44.183018],[-123.850392,44.183003],[-123.850392,44.182988],[-123.850392,44.182973],[-123.850392,44.182959],[-123.850392,44.182944],[-123.850391,44.182929],[-123.850391,44.182915],[-123.85039,44.1829],[-123.850388,44.182885],[-123.850387,44.182871],[-123.850385,44.182856],[-123.850383,44.182842],[-123.850381,44.182827],[-123.850378,44.182812],[-123.850376,44.182798],[-123.850373,44.182783],[-123.85037,44.182769],[-123.850366,44.182754],[-123.850362,44.18274],[-123.850359,44.182726],[-123.850354,44.182711],[-123.85035,44.182697],[-123.850346,44.182682],[-123.850341,44.182668],[-123.850336,44.182654],[-123.85033,44.18264],[-123.850325,44.182626],[-123.850319,44.182612],[-123.850313,44.182597],[-123.850307,44.182583],[-123.850301,44.18257],[-123.850295,44.182557],[-123.850289,44.182544],[-123.850283,44.182531],[-123.850277,44.182518],[-123.850271,44.182505],[-123.850265,44.182492],[-123.850259,44.182479],[-123.850253,44.182466],[-123.850247,44.182453],[-123.850241,44.18244],[-123.850235,44.182427],[-123.850229,44.182414],[-123.850223,44.182401],[-123.850217,44.182388],[-123.850211,44.182375],[-123.850205,44.182362],[-123.850199,44.182349],[-123.850193,44.182336],[-123.850186,44.182322],[-123.85018,44.182309],[-123.850174,44.182297],[-123.850168,44.182284],[-123.850163,44.182271],[-123.850157,44.182259],[-123.850151,44.182246],[-123.85015,44.182243],[-123.850146,44.182233],[-123.85014,44.18222],[-123.850135,44.182208],[-123.85013,44.182195],[-123.850124,44.182182],[-123.850119,44.182169],[-123.850114,44.182156],[-123.850109,44.182143],[-123.850109,44.182143],[-123.850104,44.18213],[-123.850099,44.182118],[-123.850094,44.182105],[-123.85009,44.182092],[-123.850085,44.182079],[-123.850081,44.182066],[-123.850076,44.182053],[-123.850072,44.18204],[-123.850068,44.182027],[-123.850064,44.182014],[-123.85006,44.182002],[-123.850056,44.181989],[-123.850052,44.181976],[-123.850048,44.181963],[-123.850045,44.181949],[-123.850041,44.181936],[-123.85004,44.181934],[-123.850037,44.181923],[-123.850034,44.181909],[-123.85003,44.181896],[-123.850026,44.181882],[-123.850023,44.181869],[-123.850019,44.181855],[-123.850015,44.181842],[-123.850012,44.181828],[-123.850008,44.181815],[-123.850004,44.181801],[-123.85,44.181788],[-123.849997,44.181774],[-123.849993,44.181761],[-123.849989,44.181748],[-123.849986,44.181734],[-123.849982,44.181721],[-123.849978,44.181707],[-123.849975,44.181694],[-123.849971,44.18168],[-123.849967,44.181667],[-123.849964,44.181653],[-123.84996,44.18164],[-123.849956,44.181626],[-123.849952,44.181613],[-123.849949,44.1816],[-123.849945,44.181586],[-123.849941,44.181573],[-123.849938,44.18156],[-123.849934,44.181546],[-123.849931,44.181533],[-123.849928,44.18152],[-123.849924,44.181507],[-123.849921,44.181494],[-123.849918,44.18148],[-123.849915,44.181467],[-123.849912,44.181454],[-123.849909,44.181441],[-123.849906,44.181427],[-123.849903,44.181414],[-123.8499,44.181401],[-123.849898,44.181388],[-123.849895,44.181374],[-123.849893,44.181361],[-123.84989,44.181348],[-123.849888,44.181335],[-123.849885,44.181321],[-123.849883,44.181308],[-123.849881,44.181295],[-123.849879,44.181281],[-123.849877,44.181268],[-123.849875,44.181254],[-123.849873,44.181241],[-123.849871,44.181228],[-123.849869,44.181214],[-123.849867,44.181201],[-123.849865,44.181187],[-123.849863,44.181174],[-123.849862,44.18116],[-123.84986,44.181147],[-123.849858,44.181134],[-123.849857,44.18112],[-123.849855,44.181107],[-123.849854,44.181094],[-123.849853,44.18108],[-123.849852,44.181067],[-123.849851,44.181053],[-123.849849,44.18104],[-123.849848,44.181027],[-123.849848,44.181013],[-123.849847,44.181],[-123.849846,44.180987],[-123.849845,44.180973],[-123.849845,44.18096],[-123.849844,44.180947],[-123.849844,44.180933],[-123.849843,44.18092],[-123.849843,44.180906],[-123.849843,44.180893],[-123.849843,44.18088],[-123.849843,44.180868],[-123.849843,44.180854],[-123.849844,44.18084],[-123.849844,44.180827],[-123.849844,44.180813],[-123.849844,44.180799],[-123.849845,44.180785],[-123.849845,44.180772],[-123.849845,44.180758],[-123.849846,44.180744],[-123.849846,44.180731],[-123.849846,44.180717],[-123.849846,44.180703],[-123.849847,44.180689],[-123.849847,44.180676],[-123.849847,44.180662],[-123.849848,44.180648],[-123.849848,44.180635],[-123.849848,44.180621],[-123.849848,44.180608],[-123.849849,44.180594],[-123.849849,44.18058],[-123.84985,44.180566],[-123.84985,44.180552],[-123.84985,44.180538],[-123.84985,44.180524],[-123.84985,44.18051],[-123.84985,44.180496],[-123.84985,44.180482],[-123.84985,44.180468],[-123.84985,44.180454],[-123.84985,44.18044],[-123.849849,44.180426],[-123.849849,44.180412],[-123.849848,44.180398],[-123.849848,44.180384],[-123.849847,44.18037],[-123.849846,44.180356],[-123.849845,44.180342],[-123.849845,44.180328],[-123.849844,44.180314],[-123.849843,44.1803],[-123.849842,44.180286],[-123.84984,44.180272],[-123.849839,44.180258],[-123.849838,44.180244],[-123.849836,44.18023],[-123.849835,44.180216],[-123.849834,44.180202],[-123.849832,44.180188],[-123.84983,44.180174],[-123.849829,44.18016],[-123.849827,44.180146],[-123.849825,44.180132],[-123.849823,44.180118],[-123.849821,44.180104],[-123.849819,44.18009],[-123.849817,44.180076],[-123.849815,44.180062],[-123.849812,44.180048],[-123.84981,44.180034],[-123.849807,44.180021],[-123.849805,44.180007],[-123.849802,44.179993],[-123.849799,44.179979],[-123.849797,44.179965],[-123.849794,44.179951],[-123.849791,44.179937],[-123.849788,44.179923],[-123.849785,44.179909],[-123.849781,44.179895],[-123.849778,44.179882],[-123.849775,44.179868],[-123.849771,44.179854],[-123.849768,44.17984],[-123.849764,44.179826],[-123.849761,44.179812],[-123.849757,44.179799],[-123.849753,44.179785],[-123.849749,44.179771],[-123.849745,44.179758],[-123.849741,44.179744],[-123.849737,44.17973],[-123.849733,44.179716],[-123.849729,44.179703],[-123.849724,44.179689],[-123.84972,44.179675],[-123.849715,44.179661],[-123.849711,44.179647],[-123.849706,44.179634],[-123.849701,44.17962],[-123.849696,44.179606],[-123.849691,44.179593],[-123.849686,44.179579],[-123.84968,44.179565],[-123.849675,44.179552],[-123.84967,44.179538],[-123.849664,44.179525],[-123.849658,44.179511],[-123.849653,44.179498],[-123.849647,44.179484],[-123.849641,44.179471],[-123.849635,44.179457],[-123.849629,44.179444],[-123.849622,44.17943],[-123.849615,44.179416],[-123.849609,44.179403],[-123.849602,44.17939],[-123.849595,44.179377],[-123.849589,44.179364],[-123.849582,44.179351],[-123.849575,44.179337],[-123.849568,44.179324],[-123.849561,44.179311],[-123.849554,44.179298],[-123.849547,44.179285],[-123.84954,44.179272],[-123.849533,44.179259],[-123.849525,44.179246],[-123.849518,44.179233],[-123.84951,44.17922],[-123.849503,44.179208],[-123.849496,44.179195],[-123.849488,44.179182],[-123.849481,44.17917],[-123.849474,44.179157],[-123.849466,44.179144],[-123.849459,44.179131],[-123.849451,44.179118],[-123.849443,44.179105],[-123.849435,44.179093],[-123.849428,44.17908],[-123.84942,44.179068],[-123.849413,44.179055],[-123.849405,44.179043],[-123.849398,44.179031],[-123.849391,44.179018],[-123.849383,44.179006],[-123.849376,44.178993],[-123.849369,44.178981],[-123.849362,44.178968],[-123.849355,44.178955],[-123.849347,44.178943],[-123.84934,44.17893],[-123.849333,44.178918],[-123.849326,44.178905],[-123.849319,44.178893],[-123.849312,44.17888],[-123.849305,44.178867],[-123.849298,44.178855],[-123.849292,44.178842],[-123.849285,44.17883],[-123.849279,44.178818],[-123.849272,44.178805],[-123.849266,44.178792],[-123.849259,44.17878],[-123.849253,44.178767],[-123.849246,44.178754],[-123.84924,44.178741],[-123.849233,44.178728],[-123.849227,44.178715],[-123.84922,44.178702],[-123.849213,44.178689],[-123.849207,44.178677],[-123.8492,44.178664],[-123.849194,44.178651],[-123.849187,44.178638],[-123.849181,44.178625],[-123.849174,44.178612],[-123.849168,44.178599],[-123.849161,44.178586],[-123.849155,44.178573],[-123.849148,44.178561],[-123.849141,44.178548],[-123.849135,44.178535],[-123.849129,44.178523],[-123.849122,44.178509],[-123.849115,44.178495],[-123.849107,44.17848],[-123.849099,44.178466],[-123.84909,44.178452],[-123.849081,44.178438],[-123.849071,44.178424],[-123.849061,44.178411],[-123.849051,44.178397],[-123.84904,44.178384],[-123.849029,44.178371],[-123.849019,44.178359],[-123.849009,44.178347],[-123.848998,44.178335],[-123.848985,44.178321],[-123.848972,44.178308],[-123.848958,44.178295],[-123.848944,44.178282],[-123.848929,44.17827],[-123.848913,44.178258],[-123.848897,44.178246],[-123.84888,44.178235],[-123.848863,44.178224],[-123.848845,44.178213],[-123.848827,44.178203],[-123.848809,44.178194],[-123.84879,44.178185],[-123.848771,44.178176],[-123.848752,44.178168],[-123.848732,44.17816],[-123.848712,44.178153],[-123.848691,44.178146],[-123.848671,44.17814],[-123.84865,44.178134],[-123.848627,44.178128],[-123.848605,44.178123],[-123.848583,44.178119],[-123.848562,44.178115],[-123.84854,44.178112],[-123.848519,44.178109],[-123.848497,44.178106],[-123.848475,44.178104],[-123.848453,44.178102],[-123.848431,44.178101],[-123.848409,44.1781],[-123.848387,44.178099],[-123.848365,44.178099],[-123.848343,44.178099],[-123.848321,44.1781],[-123.848299,44.178101],[-123.848277,44.178103],[-123.848256,44.178105],[-123.848234,44.178107],[-123.848212,44.17811],[-123.84819,44.178113],[-123.848169,44.178117],[-123.848148,44.178121],[-123.848128,44.178125],[-123.84811,44.178128],[-123.848092,44.178132],[-123.848074,44.178136],[-123.848055,44.178139],[-123.848037,44.178143],[-123.848019,44.178147],[-123.848,44.17815],[-123.847982,44.178154],[-123.847964,44.178158],[-123.847945,44.178162],[-123.847927,44.178165],[-123.847908,44.178169],[-123.84789,44.178173],[-123.847872,44.178176],[-123.847853,44.17818],[-123.847835,44.178184],[-123.847817,44.178187],[-123.847798,44.178191],[-123.84778,44.178195],[-123.847761,44.178199],[-123.847743,44.178203],[-123.847724,44.178206],[-123.847705,44.17821],[-123.847687,44.178214],[-123.847668,44.178218],[-123.84765,44.178222],[-123.847632,44.178226],[-123.847613,44.17823],[-123.847595,44.178234],[-123.847576,44.178238],[-123.847557,44.178242],[-123.847539,44.178247],[-123.847521,44.178251],[-123.847502,44.178255],[-123.847484,44.178259],[-123.847466,44.178263],[-123.847448,44.178267],[-123.84743,44.178272],[-123.847411,44.178276],[-123.847393,44.17828],[-123.847375,44.178284],[-123.847357,44.178289],[-123.847339,44.178293],[-123.84732,44.178297],[-123.847302,44.178301],[-123.847284,44.178306],[-123.847266,44.17831],[-123.847248,44.178314],[-123.847229,44.178318],[-123.84721,44.178323],[-123.847192,44.178327],[-123.847174,44.178332],[-123.847156,44.178336],[-123.847138,44.178341],[-123.84712,44.178345],[-123.847102,44.17835],[-123.847084,44.178354],[-123.847066,44.178358],[-123.847048,44.178363],[-123.84703,44.178367],[-123.847012,44.178372],[-123.846994,44.178376],[-123.846976,44.178381],[-123.846958,44.178385],[-123.84694,44.178389],[-123.846921,44.178394],[-123.846903,44.178398],[-123.846885,44.178403],[-123.846867,44.178407],[-123.846849,44.178412],[-123.846831,44.178416],[-123.846813,44.17842],[-123.846795,44.178425],[-123.846777,44.178429],[-123.846759,44.178434],[-123.846741,44.178438],[-123.846723,44.178443],[-123.846705,44.178447],[-123.846687,44.178451],[-123.846669,44.178456],[-123.846651,44.17846],[-123.846633,44.178465],[-123.846615,44.178469],[-123.846597,44.178474],[-123.846579,44.178478],[-123.846561,44.178482],[-123.846543,44.178487],[-123.846525,44.178491],[-123.846507,44.178496],[-123.846489,44.1785],[-123.846471,44.178505],[-123.846453,44.178509],[-123.846434,44.178513],[-123.846416,44.178518],[-123.846398,44.178522],[-123.846381,44.178527],[-123.846363,44.178531],[-123.846346,44.178535],[-123.846328,44.178539],[-123.846311,44.178543],[-123.846293,44.178547],[-123.846276,44.178551],[-123.846258,44.178554],[-123.84624,44.178558],[-123.846223,44.178562],[-123.846205,44.178565],[-123.846187,44.178569],[-123.846169,44.178572],[-123.846152,44.178575],[-123.846134,44.178579],[-123.846115,44.178582],[-123.846096,44.178586],[-123.846078,44.178589],[-123.846061,44.178592],[-123.846043,44.178595],[-123.846025,44.178598],[-123.846008,44.1786],[-123.84599,44.178603],[-123.845972,44.178606],[-123.845955,44.178608],[-123.845937,44.17861],[-123.845919,44.178613],[-123.845901,44.178615],[-123.845883,44.178617],[-123.845865,44.178619],[-123.845848,44.17862],[-123.84583,44.178622],[-123.845809,44.178624],[-123.845788,44.178626],[-123.845771,44.178628],[-123.845754,44.17863],[-123.845738,44.178631],[-123.845721,44.178632],[-123.845704,44.178633],[-123.845687,44.178634],[-123.845671,44.178634],[-123.845654,44.178634],[-123.845637,44.178634],[-123.845621,44.178634],[-123.845605,44.178633],[-123.845588,44.178632],[-123.845571,44.178631],[-123.845554,44.17863],[-123.845537,44.178628],[-123.84552,44.178626],[-123.845504,44.178624],[-123.845487,44.178622],[-123.84547,44.17862],[-123.845453,44.178617],[-123.845437,44.178614],[-123.84542,44.178611],[-123.845404,44.178608],[-123.845387,44.178604],[-123.845371,44.178601],[-123.845355,44.178597],[-123.845339,44.178593],[-123.845323,44.178588],[-123.845307,44.178584],[-123.845292,44.178579],[-123.845276,44.178574],[-123.845261,44.178569],[-123.845246,44.178564],[-123.845231,44.178558],[-123.845216,44.178553],[-123.845201,44.178547],[-123.845186,44.17854],[-123.845172,44.178534],[-123.845159,44.178528],[-123.845147,44.178522],[-123.845133,44.178515],[-123.845124,44.17851],[-123.845112,44.178502],[-123.845101,44.178494],[-123.845089,44.178486],[-123.845078,44.178478],[-123.845067,44.178469],[-123.845058,44.178462],[-123.84505,44.178454],[-123.84504,44.178444],[-123.84503,44.178434],[-123.845021,44.178424],[-123.845011,44.178413],[-123.845002,44.178403],[-123.844994,44.178392],[-123.844985,44.178382],[-123.844977,44.178371],[-123.844969,44.17836],[-123.844961,44.178349],[-123.844953,44.178338],[-123.844946,44.178327],[-123.844939,44.178316],[-123.844932,44.178304],[-123.844925,44.178291],[-123.844917,44.178278],[-123.844909,44.178265],[-123.844901,44.178252],[-123.844894,44.17824],[-123.844886,44.178227],[-123.844878,44.178215],[-123.844871,44.178202],[-123.844863,44.17819],[-123.844855,44.178177],[-123.844848,44.178165],[-123.84484,44.178152],[-123.844832,44.178139],[-123.844825,44.178127],[-123.844817,44.178114],[-123.844809,44.178102],[-123.844802,44.178089],[-123.844794,44.178077],[-123.844786,44.178064],[-123.844779,44.178052],[-123.844771,44.178039],[-123.844763,44.178027],[-123.844756,44.178014],[-123.844748,44.178001],[-123.84474,44.177989],[-123.844733,44.177976],[-123.844725,44.177964],[-123.844717,44.177951],[-123.84471,44.177939],[-123.844702,44.177926],[-123.844694,44.177914],[-123.844687,44.177901],[-123.844679,44.177888],[-123.844671,44.177876],[-123.844664,44.177863],[-123.844656,44.177851],[-123.844648,44.177838],[-123.844641,44.177826],[-123.844633,44.177813],[-123.844625,44.177801],[-123.844618,44.177788],[-123.84461,44.177775],[-123.844602,44.177763],[-123.844594,44.17775],[-123.844587,44.177738],[-123.844579,44.177725],[-123.844571,44.177713],[-123.844564,44.1777],[-123.844556,44.177688],[-123.844548,44.177675],[-123.844541,44.177662],[-123.844533,44.17765],[-123.844525,44.177637],[-123.844518,44.177625],[-123.84451,44.177612],[-123.844502,44.1776],[-123.844495,44.177587],[-123.844487,44.177575],[-123.844479,44.177562],[-123.844472,44.177549],[-123.844464,44.177537],[-123.844456,44.177524],[-123.844449,44.177512],[-123.844441,44.177499],[-123.844433,44.177487],[-123.844426,44.177474],[-123.844418,44.177462],[-123.844411,44.17745],[-123.84441,44.177449],[-123.84441,44.177449],[-123.844403,44.177436],[-123.844395,44.177424],[-123.844387,44.177411],[-123.84438,44.177399],[-123.844372,44.177386],[-123.844364,44.177374],[-123.844357,44.177361],[-123.844349,44.177349],[-123.844341,44.177336],[-123.844334,44.177323],[-123.844326,44.177311],[-123.844318,44.177298],[-123.844311,44.177286],[-123.844303,44.177273],[-123.844295,44.177261],[-123.844288,44.177248],[-123.84428,44.177236],[-123.844272,44.177223],[-123.844264,44.17721],[-123.844257,44.177198],[-123.844249,44.177186],[-123.844242,44.177174],[-123.844236,44.177162],[-123.844229,44.17715],[-123.844223,44.177139],[-123.844216,44.177127],[-123.844211,44.177115],[-123.844205,44.177103],[-123.844199,44.17709],[-123.844194,44.177078],[-123.844189,44.177066],[-123.844184,44.177054],[-123.844179,44.177042],[-123.844174,44.177029],[-123.844169,44.177016],[-123.844165,44.177004],[-123.844161,44.176992],[-123.844157,44.17698],[-123.844154,44.176968],[-123.844151,44.176956],[-123.844148,44.176944],[-123.844146,44.176932],[-123.844144,44.17692],[-123.844142,44.176908],[-123.844141,44.176895],[-123.84414,44.176883],[-123.844139,44.176871],[-123.844138,44.176859],[-123.844138,44.176846],[-123.844138,44.176834],[-123.844138,44.176822],[-123.844139,44.17681],[-123.84414,44.176798],[-123.844141,44.176788],[-123.844143,44.176777],[-123.844146,44.176764],[-123.844148,44.176751],[-123.844152,44.176739],[-123.844155,44.176726],[-123.844158,44.176713],[-123.844161,44.1767],[-123.844165,44.176687],[-123.844169,44.176674],[-123.844173,44.176661],[-123.844177,44.176649],[-123.844181,44.176636],[-123.844185,44.176624],[-123.844189,44.176612],[-123.844194,44.176599],[-123.844199,44.176586],[-123.844204,44.176573],[-123.844209,44.17656],[-123.844215,44.176547],[-123.84422,44.176535],[-123.844225,44.176522],[-123.84423,44.176509],[-123.844236,44.176496],[-123.844241,44.176483],[-123.844247,44.176471],[-123.844253,44.176458],[-123.844258,44.176445],[-123.844264,44.176432],[-123.84427,44.17642],[-123.844276,44.176407],[-123.844282,44.176394],[-123.844288,44.176382],[-123.844294,44.176369],[-123.8443,44.176356],[-123.844307,44.176344],[-123.844313,44.176331],[-123.844319,44.176319],[-123.844326,44.176307],[-123.844332,44.176295],[-123.844339,44.176282],[-123.844346,44.176269],[-123.844353,44.176256],[-123.84436,44.176243],[-123.844367,44.176231],[-123.844374,44.176218],[-123.844381,44.176205],[-123.844388,44.176192],[-123.844395,44.17618],[-123.844402,44.176167],[-123.844409,44.176154],[-123.844416,44.176141],[-123.844423,44.176129],[-123.84443,44.176116],[-123.844437,44.176103],[-123.844444,44.17609],[-123.844451,44.176078],[-123.844458,44.176065],[-123.844465,44.176052],[-123.844472,44.176039],[-123.844479,44.176026],[-123.844486,44.176014],[-123.844493,44.176001],[-123.8445,44.175988],[-123.844507,44.175975],[-123.844514,44.175963],[-123.84452,44.17595],[-123.844527,44.175937],[-123.844534,44.175924],[-123.844541,44.175912],[-123.844548,44.175899],[-123.844555,44.175886],[-123.844562,44.175873],[-123.844569,44.17586],[-123.844576,44.175848],[-123.844583,44.175835],[-123.84459,44.175822],[-123.844597,44.175809],[-123.844604,44.175797],[-123.844611,44.175784],[-123.844618,44.175771],[-123.844625,44.175759],[-123.844632,44.175747],[-123.844639,44.175734],[-123.844647,44.17572],[-123.844654,44.175706],[-123.844661,44.175693],[-123.844668,44.175679],[-123.844674,44.175665],[-123.844681,44.175651],[-123.844687,44.175637],[-123.844693,44.175623],[-123.844699,44.175609],[-123.844704,44.175595],[-123.844709,44.175581],[-123.844715,44.175567],[-123.844719,44.175552],[-123.844724,44.175538],[-123.844728,44.175524],[-123.844733,44.175508],[-123.844736,44.175493],[-123.84474,44.175479],[-123.844743,44.175465],[-123.844746,44.17545],[-123.844748,44.175436],[-123.844751,44.175422],[-123.844753,44.175408],[-123.844756,44.175394],[-123.844758,44.175379],[-123.84476,44.175365],[-123.844762,44.175351],[-123.844763,44.175337],[-123.844765,44.175322],[-123.844766,44.175308],[-123.844767,44.175294],[-123.844769,44.175279],[-123.84477,44.175265],[-123.84477,44.175251],[-123.844771,44.175236],[-123.844771,44.175222],[-123.844772,44.175208],[-123.844772,44.175194],[-123.844772,44.175179],[-123.844772,44.175165],[-123.844772,44.175151],[-123.844772,44.175137],[-123.844771,44.175122],[-123.844771,44.175108],[-123.84477,44.175094],[-123.844769,44.17508],[-123.844768,44.175065],[-123.844767,44.175051],[-123.844766,44.175037],[-123.844765,44.175023],[-123.844763,44.175008],[-123.844762,44.174994],[-123.84476,44.17498],[-123.844758,44.174966],[-123.844756,44.174951],[-123.844754,44.174937],[-123.844751,44.174922],[-123.844749,44.174908],[-123.844746,44.174894],[-123.844743,44.17488],[-123.84474,44.174866],[-123.844737,44.174852],[-123.844734,44.174838],[-123.844731,44.174825],[-123.844728,44.174811],[-123.844725,44.174797],[-123.844721,44.174783],[-123.844718,44.174769],[-123.844714,44.174756],[-123.844711,44.174742],[-123.844707,44.174728],[-123.844704,44.174714],[-123.8447,44.1747],[-123.844696,44.174687],[-123.844692,44.174673],[-123.844688,44.174659],[-123.844684,44.174646],[-123.84468,44.174632],[-123.844676,44.174618],[-123.844671,44.174604],[-123.844667,44.17459],[-123.844662,44.174576],[-123.844658,44.174563],[-123.844653,44.17455],[-123.844649,44.174536],[-123.844644,44.174523],[-123.84464,44.17451],[-123.844635,44.174496],[-123.844631,44.174483],[-123.844626,44.17447],[-123.844622,44.174456],[-123.844617,44.174443],[-123.844613,44.17443],[-123.844609,44.174417],[-123.844604,44.174403],[-123.8446,44.17439],[-123.844595,44.174377],[-123.844591,44.174363],[-123.844586,44.17435],[-123.844582,44.174337],[-123.844577,44.174323],[-123.844573,44.17431],[-123.844568,44.174297],[-123.844564,44.174283],[-123.844559,44.17427],[-123.844555,44.174257],[-123.84455,44.174243],[-123.844546,44.17423],[-123.844541,44.174217],[-123.844537,44.174203],[-123.844532,44.17419],[-123.844528,44.174177],[-123.844523,44.174163],[-123.844519,44.17415],[-123.844514,44.174137],[-123.84451,44.174123],[-123.844505,44.17411],[-123.844501,44.174097],[-123.844496,44.174083],[-123.844492,44.17407],[-123.844487,44.174057],[-123.844483,44.174043],[-123.844478,44.17403],[-123.844474,44.174017],[-123.844469,44.174003],[-123.844465,44.17399],[-123.844461,44.173977],[-123.844456,44.173963],[-123.844452,44.17395],[-123.844447,44.173937],[-123.844443,44.173923],[-123.844438,44.17391],[-123.844434,44.173897],[-123.844429,44.173883],[-123.844425,44.17387],[-123.84442,44.173857],[-123.844416,44.173843],[-123.844411,44.17383],[-123.844407,44.173817],[-123.844402,44.173803],[-123.844398,44.17379],[-123.844393,44.173777],[-123.844389,44.173763],[-123.844384,44.17375],[-123.84438,44.173737],[-123.844375,44.173723],[-123.844371,44.17371],[-123.844366,44.173697],[-123.844362,44.173683],[-123.844357,44.17367],[-123.844353,44.173657],[-123.844348,44.173643],[-123.844344,44.17363],[-123.844339,44.173617],[-123.844335,44.173603],[-123.84433,44.17359],[-123.844326,44.173577],[-123.844322,44.173563],[-123.844317,44.17355],[-123.844313,44.173537],[-123.844308,44.173523],[-123.844304,44.17351],[-123.844299,44.173497],[-123.844295,44.173483],[-123.84429,44.17347],[-123.844285,44.173456],[-123.84428,44.173442],[-123.844275,44.173429],[-123.84427,44.173415],[-123.844265,44.173402],[-123.84426,44.173388],[-123.844255,44.173375],[-123.84425,44.173361],[-123.844245,44.173348],[-123.84424,44.173335],[-123.844234,44.173321],[-123.844229,44.173308],[-123.844224,44.173294],[-123.844218,44.173281],[-123.844212,44.173267],[-123.844207,44.173254],[-123.844201,44.173241],[-123.844195,44.173228],[-123.84419,44.173215],[-123.844184,44.173201],[-123.844179,44.173188],[-123.844173,44.173175],[-123.844167,44.173162],[-123.844162,44.173149],[-123.844156,44.173136],[-123.844151,44.173123],[-123.844145,44.17311],[-123.844144,44.173107],[-123.844139,44.173096],[-123.844133,44.173083],[-123.844128,44.173069],[-123.844122,44.173056],[-123.844115,44.173043],[-123.844109,44.173029],[-123.844103,44.173016],[-123.844097,44.173003],[-123.844091,44.172991],[-123.844085,44.172977],[-123.844079,44.172964],[-123.844072,44.17295],[-123.844065,44.172937],[-123.844059,44.172923],[-123.844052,44.17291],[-123.844044,44.172896],[-123.844037,44.172883],[-123.84403,44.17287],[-123.844022,44.172856],[-123.844014,44.172843],[-123.844006,44.17283],[-123.843998,44.172817],[-123.84399,44.172803],[-123.843982,44.17279],[-123.843973,44.172778],[-123.843965,44.172765],[-123.843956,44.172752],[-123.843947,44.172739],[-123.843938,44.172726],[-123.843929,44.172713],[-123.84392,44.172701],[-123.84391,44.172688],[-123.843901,44.172675],[-123.843891,44.172663],[-123.843881,44.17265],[-123.843871,44.172638],[-123.843861,44.172626],[-123.843851,44.172613],[-123.84384,44.172601],[-123.84383,44.172588],[-123.843819,44.172577],[-123.843809,44.172565],[-123.843799,44.172553],[-123.843788,44.172542],[-123.843778,44.17253],[-123.843768,44.172519],[-123.843758,44.172507],[-123.843748,44.172496],[-123.843737,44.172484],[-123.843727,44.172472],[-123.843717,44.172461],[-123.843707,44.172449],[-123.843696,44.172438],[-123.843686,44.172426],[-123.843676,44.172415],[-123.843666,44.172403],[-123.843656,44.172391],[-123.843645,44.17238],[-123.843635,44.172368],[-123.843625,44.172357],[-123.843615,44.172345],[-123.843604,44.172334],[-123.843594,44.172322],[-123.843584,44.17231],[-123.843574,44.172299],[-123.843563,44.172287],[-123.843553,44.172276],[-123.843543,44.172264],[-123.843533,44.172253],[-123.843523,44.172241],[-123.843513,44.17223],[-123.843503,44.172219],[-123.843492,44.172206],[-123.843481,44.172194],[-123.84347,44.172181],[-123.843458,44.172169],[-123.843447,44.172157],[-123.843435,44.172145],[-123.843422,44.172133],[-123.84341,44.172121],[-123.843397,44.17211],[-123.843384,44.172098],[-123.843371,44.172087],[-123.843358,44.172076],[-123.843347,44.172066],[-123.843337,44.172057],[-123.843324,44.172045],[-123.84331,44.172033],[-123.843295,44.172021],[-123.84328,44.17201],[-123.843265,44.171999],[-123.84325,44.171988],[-123.843234,44.171977],[-123.843217,44.171966],[-123.843201,44.171956],[-123.843184,44.171946],[-123.843167,44.171937],[-123.843149,44.171928],[-123.843131,44.171919],[-123.843113,44.17191],[-123.843095,44.171902],[-123.843076,44.171894],[-123.843057,44.171886],[-123.843038,44.171878],[-123.843018,44.171871],[-123.842999,44.171865],[-123.842979,44.171858],[-123.842958,44.171852],[-123.842938,44.171847],[-123.842917,44.171841],[-123.842897,44.171836],[-123.842876,44.171832],[-123.842855,44.171828],[-123.842833,44.171824],[-123.842809,44.17182],[-123.842784,44.171817],[-123.842763,44.171816],[-123.842742,44.171814],[-123.842722,44.171813],[-123.842701,44.171812],[-123.842681,44.171811],[-123.842661,44.17181],[-123.84264,44.17181],[-123.84262,44.171809],[-123.842599,44.171809],[-123.842579,44.171809],[-123.842558,44.171809],[-123.842536,44.17181],[-123.842515,44.171811],[-123.842495,44.171812],[-123.842475,44.171813],[-123.842455,44.171814],[-123.842435,44.171815],[-123.842415,44.171817],[-123.842395,44.171819],[-123.842374,44.17182],[-123.842354,44.171822],[-123.842334,44.171825],[-123.842314,44.171827],[-123.842295,44.171829],[-123.842275,44.171832],[-123.842255,44.171835],[-123.842235,44.171838],[-123.842215,44.171841],[-123.842195,44.171844],[-123.842176,44.171847],[-123.842156,44.171851],[-123.842136,44.171854],[-123.842117,44.171858],[-123.842097,44.171862],[-123.842078,44.171866],[-123.842059,44.17187],[-123.842039,44.171874],[-123.84202,44.171879],[-123.842001,44.171883],[-123.841982,44.171888],[-123.841962,44.171893],[-123.841942,44.171899],[-123.841924,44.171904],[-123.841906,44.171909],[-123.841888,44.171914],[-123.84187,44.171919],[-123.841853,44.171924],[-123.841835,44.17193],[-123.841817,44.171935],[-123.8418,44.17194],[-123.841782,44.171945],[-123.841764,44.17195],[-123.841747,44.171955],[-123.841729,44.17196],[-123.841711,44.171965],[-123.841694,44.171971],[-123.841676,44.171976],[-123.841658,44.171981],[-123.841641,44.171986],[-123.841623,44.171991],[-123.841605,44.171996],[-123.841588,44.172001],[-123.84157,44.172006],[-123.841552,44.172011],[-123.841535,44.172017],[-123.841517,44.172022],[-123.841499,44.172027],[-123.841482,44.172032],[-123.841464,44.172037],[-123.841446,44.172042],[-123.841429,44.172047],[-123.841411,44.172052],[-123.841393,44.172058],[-123.841375,44.172063],[-123.841358,44.172068],[-123.84134,44.172073],[-123.841322,44.172078],[-123.841305,44.172083],[-123.841287,44.172088],[-123.841269,44.172093],[-123.841252,44.172098],[-123.841234,44.172104],[-123.841216,44.172109],[-123.841199,44.172114],[-123.841181,44.172119],[-123.841163,44.172124],[-123.841146,44.172129],[-123.841128,44.172134],[-123.84111,44.172139],[-123.841093,44.172145],[-123.841075,44.17215],[-123.841057,44.172155],[-123.84104,44.17216],[-123.841022,44.172165],[-123.841004,44.17217],[-123.840985,44.172176],[-123.840966,44.172182],[-123.840948,44.172187],[-123.84093,44.172193],[-123.840912,44.172199],[-123.840894,44.172205],[-123.840876,44.172211],[-123.840859,44.172217],[-123.840841,44.172223],[-123.840823,44.172229],[-123.840806,44.172236],[-123.840788,44.172242],[-123.840771,44.172248],[-123.840753,44.172255],[-123.840736,44.172261],[-123.840718,44.172268],[-123.840701,44.172274],[-123.840684,44.172281],[-123.840666,44.172288],[-123.840649,44.172294],[-123.840632,44.172301],[-123.840615,44.172308],[-123.840598,44.172315],[-123.840581,44.172322],[-123.840564,44.172329],[-123.840547,44.172336],[-123.84053,44.172343],[-123.840513,44.172351],[-123.840496,44.172358],[-123.84048,44.172365],[-123.840463,44.172373],[-123.840446,44.17238],[-123.84043,44.172388],[-123.840413,44.172396],[-123.840397,44.172403],[-123.84038,44.172411],[-123.840364,44.172419],[-123.840347,44.172427],[-123.840331,44.172435],[-123.840315,44.172443],[-123.840299,44.172451],[-123.840283,44.172459],[-123.840267,44.172468],[-123.840251,44.172476],[-123.840235,44.172485],[-123.84022,44.172493],[-123.840204,44.172501],[-123.840189,44.172509],[-123.840174,44.172517],[-123.840158,44.172525],[-123.840143,44.172533],[-123.840128,44.172542],[-123.840112,44.17255],[-123.840097,44.172558],[-123.840082,44.172566],[-123.840067,44.172574],[-123.840051,44.172582],[-123.840036,44.172591],[-123.840021,44.172599],[-123.840005,44.172607],[-123.83999,44.172615],[-123.839975,44.172623],[-123.839959,44.172631],[-123.839944,44.17264],[-123.839929,44.172648],[-123.839913,44.172656],[-123.839898,44.172664],[-123.839883,44.172672],[-123.839867,44.17268],[-123.839851,44.172689],[-123.839836,44.172698],[-123.839821,44.172706],[-123.839807,44.172713],[-123.839792,44.172721],[-123.839777,44.172729],[-123.839762,44.172736],[-123.839747,44.172744],[-123.839732,44.172752],[-123.839717,44.172759],[-123.839702,44.172766],[-123.839687,44.172773],[-123.839672,44.172781],[-123.839656,44.172788],[-123.839641,44.172795],[-123.839625,44.172802],[-123.839608,44.172809],[-123.839592,44.172817],[-123.839577,44.172823],[-123.839562,44.17283],[-123.839546,44.172837],[-123.839531,44.172843],[-123.839516,44.172849],[-123.8395,44.172855],[-123.839484,44.172861],[-123.839468,44.172867],[-123.839453,44.172873],[-123.839437,44.172879],[-123.839421,44.172884],[-123.83942,44.172884],[-123.839405,44.17289],[-123.839389,44.172895],[-123.839372,44.1729],[-123.839356,44.172905],[-123.839339,44.172909],[-123.839323,44.172914],[-123.839306,44.172919],[-123.839289,44.172923],[-123.839272,44.172928],[-123.839255,44.172932],[-123.839238,44.172936],[-123.839221,44.17294],[-123.839204,44.172944],[-123.839187,44.172947],[-123.839171,44.172951],[-123.839155,44.172954],[-123.839138,44.172957],[-123.83912,44.17296],[-123.839102,44.172963],[-123.839084,44.172966],[-123.839066,44.172969],[-123.839048,44.172972],[-123.83903,44.172974],[-123.839012,44.172977],[-123.838993,44.17298],[-123.838975,44.172982],[-123.838956,44.172985],[-123.838937,44.172988],[-123.838919,44.17299],[-123.838901,44.172993],[-123.838884,44.172995],[-123.838866,44.172997],[-123.838848,44.172999],[-123.83883,44.173001],[-123.838812,44.173003],[-123.838794,44.173005],[-123.838776,44.173007],[-123.838758,44.173008],[-123.83874,44.17301],[-123.838722,44.173011],[-123.838704,44.173012],[-123.838684,44.173014],[-123.838664,44.173015],[-123.838647,44.173017],[-123.83863,44.173018],[-123.838612,44.173019],[-123.838595,44.173019],[-123.838577,44.17302],[-123.83856,44.17302],[-123.838542,44.173021],[-123.838525,44.173021],[-123.838507,44.173021],[-123.83849,44.17302],[-123.838472,44.17302],[-123.838455,44.173019],[-123.838436,44.173018],[-123.838417,44.173018],[-123.8384,44.173017],[-123.838383,44.173016],[-123.838366,44.173015],[-123.838349,44.173013],[-123.838332,44.173011],[-123.838316,44.17301],[-123.838299,44.173007],[-123.838282,44.173005],[-123.838266,44.173002],[-123.838247,44.172999],[-123.838227,44.172996],[-123.83821,44.172994],[-123.838195,44.172991],[-123.83818,44.172988],[-123.838165,44.172985],[-123.838151,44.172981],[-123.838136,44.172977],[-123.838122,44.172973],[-123.838108,44.172968],[-123.838094,44.172963],[-123.83808,44.172958],[-123.838064,44.172952],[-123.838049,44.172946],[-123.838036,44.17294],[-123.838024,44.172934],[-123.838012,44.172928],[-123.838,44.172922],[-123.837989,44.172915],[-123.837978,44.172908],[-123.837968,44.172901],[-123.837958,44.172893],[-123.837948,44.172885],[-123.837939,44.172877],[-123.83793,44.172869],[-123.837922,44.17286],[-123.837916,44.172853],[-123.83791,44.172844],[-123.837903,44.172834],[-123.837896,44.172824],[-123.83789,44.172813],[-123.837884,44.172803],[-123.837879,44.172792],[-123.837874,44.172781],[-123.83787,44.17277],[-123.837866,44.17276],[-123.837863,44.172749],[-123.83786,44.172738],[-123.837857,44.172726],[-123.837855,44.172715],[-123.837853,44.172703],[-123.837852,44.172691],[-123.837851,44.172679],[-123.83785,44.172667],[-123.83785,44.172657],[-123.83785,44.172646],[-123.837851,44.172634],[-123.837852,44.17262],[-123.837853,44.172607],[-123.837855,44.172594],[-123.837856,44.172582],[-123.837858,44.17257],[-123.83786,44.172557],[-123.837862,44.172543],[-123.837865,44.17253],[-123.837867,44.172516],[-123.837869,44.172503],[-123.837872,44.172489],[-123.837874,44.172476],[-123.837877,44.172463],[-123.837879,44.172449],[-123.837882,44.172436],[-123.837884,44.172422],[-123.837887,44.172408],[-123.837889,44.172395],[-123.837892,44.172382],[-123.837894,44.172368],[-123.837897,44.172355],[-123.8379,44.172341],[-123.837902,44.172328],[-123.837905,44.172315],[-123.837908,44.172301],[-123.837911,44.172288],[-123.837914,44.172275],[-123.837917,44.172261],[-123.83792,44.172248],[-123.837923,44.172234],[-123.837926,44.172221],[-123.837929,44.172207],[-123.837932,44.172194],[-123.837935,44.172181],[-123.837938,44.172168],[-123.837942,44.172155],[-123.837945,44.172141],[-123.837948,44.172128],[-123.837952,44.172115],[-123.837955,44.172102],[-123.837959,44.172088],[-123.837963,44.172073],[-123.837966,44.17206],[-123.837969,44.172048],[-123.837973,44.172035],[-123.837976,44.172023],[-123.83798,44.172011],[-123.837984,44.171998],[-123.837989,44.171986],[-123.837993,44.171973],[-123.837998,44.171961],[-123.838003,44.171949],[-123.838008,44.171937],[-123.838013,44.171925],[-123.838019,44.171913],[-123.838024,44.171901],[-123.83803,44.17189],[-123.838037,44.171878],[-123.838043,44.171866],[-123.83805,44.171855],[-123.838057,44.171844],[-123.838064,44.171832],[-123.838072,44.171821],[-123.838079,44.17181],[-123.838087,44.171799],[-123.838095,44.171788],[-123.838104,44.171777],[-123.838112,44.171766],[-123.838121,44.171755],[-123.83813,44.171745],[-123.838139,44.171734],[-123.838149,44.171724],[-123.838158,44.171714],[-123.838168,44.171704],[-123.838179,44.171693],[-123.838191,44.171682],[-123.838202,44.171671],[-123.838213,44.17166],[-123.838224,44.171649],[-123.838236,44.171638],[-123.838247,44.171627],[-123.838258,44.171616],[-123.83827,44.171605],[-123.838281,44.171594],[-123.838292,44.171583],[-123.838304,44.171572],[-123.838315,44.171561],[-123.838326,44.17155],[-123.838338,44.171539],[-123.838349,44.171528],[-123.83836,44.171517],[-123.838372,44.171506],[-123.838384,44.171494],[-123.838395,44.171482],[-123.838407,44.17147],[-123.838418,44.171457],[-123.83843,44.171445],[-123.838441,44.171433],[-123.838451,44.17142],[-123.838462,44.171408],[-123.838466,44.171402],[-123.838467,44.171402],[-123.838472,44.171395],[-123.838482,44.171382],[-123.838492,44.171369],[-123.838503,44.171355],[-123.838512,44.171342],[-123.838521,44.171329],[-123.838529,44.171316],[-123.838538,44.171303],[-123.838546,44.17129],[-123.838554,44.171277],[-123.838562,44.171265],[-123.83857,44.171252],[-123.838578,44.171239],[-123.838586,44.171226],[-123.838594,44.171213],[-123.838601,44.171199],[-123.838609,44.171186],[-123.838616,44.171173],[-123.838623,44.17116],[-123.838631,44.171147],[-123.838638,44.171134],[-123.838645,44.17112],[-123.838652,44.171107],[-123.838658,44.171095],[-123.838665,44.171082],[-123.838672,44.171069],[-123.838678,44.171056],[-123.838685,44.171043],[-123.838692,44.17103],[-123.838698,44.171018],[-123.838705,44.171005],[-123.838712,44.170992],[-123.838718,44.170979],[-123.838725,44.170966],[-123.838732,44.170953],[-123.838738,44.17094],[-123.838745,44.170928],[-123.838752,44.170915],[-123.838758,44.170902],[-123.838765,44.170889],[-123.838772,44.170876],[-123.838778,44.170863],[-123.838785,44.170851],[-123.838792,44.170838],[-123.838799,44.170825],[-123.838805,44.170812],[-123.838812,44.170799],[-123.838819,44.170786],[-123.838825,44.170773],[-123.838832,44.170759],[-123.838839,44.170746],[-123.838846,44.170732],[-123.838852,44.170719],[-123.838858,44.170705],[-123.838864,44.170691],[-123.83887,44.170677],[-123.838876,44.170663],[-123.838881,44.17065],[-123.838886,44.170636],[-123.838892,44.170622],[-123.838896,44.170609],[-123.838901,44.170595],[-123.838906,44.170581],[-123.838911,44.170567],[-123.838916,44.170552],[-123.83892,44.170538],[-123.838924,44.170523],[-123.838928,44.170509],[-123.838932,44.170494],[-123.838935,44.17048],[-123.838938,44.170465],[-123.838941,44.17045],[-123.838944,44.170435],[-123.838946,44.17042],[-123.838947,44.170406],[-123.838949,44.170392],[-123.838951,44.170377],[-123.838952,44.170363],[-123.838953,44.170349],[-123.838954,44.170334],[-123.838955,44.170319],[-123.838955,44.170303],[-123.838955,44.170289],[-123.838955,44.170275],[-123.838955,44.170262],[-123.838955,44.170248],[-123.838955,44.170235],[-123.838955,44.170221],[-123.838955,44.170207],[-123.838955,44.170193],[-123.838955,44.170178],[-123.838955,44.170166],[-123.838955,44.170153],[-123.838955,44.17014],[-123.838955,44.170127],[-123.838956,44.170115],[-123.838957,44.170102],[-123.838958,44.170089],[-123.838959,44.170076],[-123.838961,44.170063],[-123.838962,44.17005],[-123.838964,44.170038],[-123.838966,44.170026],[-123.838968,44.170013],[-123.838971,44.170001],[-123.838974,44.169988],[-123.838977,44.169976],[-123.83898,44.169964],[-123.838983,44.169952],[-123.838987,44.16994],[-123.838991,44.169928],[-123.838996,44.169916],[-123.839,44.169903],[-123.839005,44.169891],[-123.83901,44.169879],[-123.839016,44.169867],[-123.839021,44.169855],[-123.839027,44.169843],[-123.839033,44.169831],[-123.839039,44.169819],[-123.839045,44.169808],[-123.839052,44.169796],[-123.839059,44.169784],[-123.839066,44.169773],[-123.839073,44.169761],[-123.83908,44.16975],[-123.839088,44.169738],[-123.839096,44.169727],[-123.839104,44.169716],[-123.839112,44.169704],[-123.839121,44.169693],[-123.839129,44.169682],[-123.839138,44.169671],[-123.839147,44.16966],[-123.839157,44.169649],[-123.839167,44.169637],[-123.839177,44.169626],[-123.839187,44.169614],[-123.839197,44.169602],[-123.839207,44.16959],[-123.839217,44.169579],[-123.839226,44.169567],[-123.839236,44.169555],[-123.839246,44.169544],[-123.839256,44.169532],[-123.839266,44.16952],[-123.839276,44.169509],[-123.839286,44.169497],[-123.839296,44.169485],[-123.839306,44.169473],[-123.839316,44.169462],[-123.839326,44.16945],[-123.839336,44.169438],[-123.839346,44.169427],[-123.839356,44.169415],[-123.839366,44.169403],[-123.839375,44.169392],[-123.839386,44.16938],[-123.839396,44.169367],[-123.839406,44.169355],[-123.839416,44.169343],[-123.839426,44.169331],[-123.839435,44.169319],[-123.839445,44.169306],[-123.839454,44.169294],[-123.839464,44.169282],[-123.839473,44.16927],[-123.839483,44.169257],[-123.839492,44.169245],[-123.839501,44.169233],[-123.839511,44.169221],[-123.83952,44.169208],[-123.839529,44.169196],[-123.839538,44.169183],[-123.839547,44.169171],[-123.839556,44.169158],[-123.839565,44.169146],[-123.839573,44.169133],[-123.839582,44.169121],[-123.83959,44.169108],[-123.839599,44.169096],[-123.839608,44.169083],[-123.839616,44.16907],[-123.839624,44.169057],[-123.839633,44.169044],[-123.839641,44.169031],[-123.839649,44.169018],[-123.839657,44.169005],[-123.839665,44.168992],[-123.839672,44.168979],[-123.83968,44.168966],[-123.839687,44.168953],[-123.839695,44.16894],[-123.839702,44.168926],[-123.839709,44.168913],[-123.839716,44.1689],[-123.839723,44.168886],[-123.83973,44.168873],[-123.839736,44.16886],[-123.839743,44.168846],[-123.83975,44.168833],[-123.839756,44.16882],[-123.839762,44.168806],[-123.839768,44.168793],[-123.839774,44.168779],[-123.83978,44.168766],[-123.839786,44.168753],[-123.839792,44.168739],[-123.839798,44.168725],[-123.839803,44.168712],[-123.839809,44.168698],[-123.839814,44.168685],[-123.83982,44.168671],[-123.839825,44.168658],[-123.83983,44.168644],[-123.839835,44.168631],[-123.83984,44.168618],[-123.839845,44.168605],[-123.83985,44.168591],[-123.839855,44.168578],[-123.83986,44.168565],[-123.839865,44.168552],[-123.83987,44.168539],[-123.839875,44.168525],[-123.83988,44.168512],[-123.839885,44.168499],[-123.83989,44.168486],[-123.839895,44.168472],[-123.8399,44.168459],[-123.839905,44.168446],[-123.839911,44.168433],[-123.839916,44.168419],[-123.839921,44.168406],[-123.839926,44.168393],[-123.839931,44.16838],[-123.839936,44.168367],[-123.839941,44.168354],[-123.839946,44.168341],[-123.839951,44.168328],[-123.839956,44.168316],[-123.839962,44.168303],[-123.839967,44.16829],[-123.839973,44.168277],[-123.839978,44.168264],[-123.839984,44.168251],[-123.839989,44.168238],[-123.839995,44.168225],[-123.840001,44.168213],[-123.840006,44.1682],[-123.840012,44.168187],[-123.840018,44.168174],[-123.840024,44.168162],[-123.84003,44.168149],[-123.840036,44.168136],[-123.840042,44.168123],[-123.840048,44.168111],[-123.840055,44.168098],[-123.840061,44.168085],[-123.840067,44.168073],[-123.840074,44.16806],[-123.84008,44.168047],[-123.840087,44.168035],[-123.840093,44.168022],[-123.8401,44.168009],[-123.840106,44.167996],[-123.840113,44.167984],[-123.84012,44.167971],[-123.840126,44.167959],[-123.840133,44.167946],[-123.84014,44.167934],[-123.840147,44.167921],[-123.840154,44.167909],[-123.840161,44.167896],[-123.840168,44.167884],[-123.840175,44.167871],[-123.840182,44.167859],[-123.840189,44.167846],[-123.840197,44.167834],[-123.840204,44.167822],[-123.840211,44.167809],[-123.840219,44.167796],[-123.840226,44.167784],[-123.840234,44.167772],[-123.840241,44.16776],[-123.840249,44.167748],[-123.840256,44.167736],[-123.840256,44.167735],[-123.840272,44.167711],[-123.84028,44.167699],[-123.840288,44.167687],[-123.840296,44.167675],[-123.840304,44.167663],[-123.840312,44.167651],[-123.84032,44.167639],[-123.840328,44.167627],[-123.840337,44.167615],[-123.840345,44.167603],[-123.840354,44.167591],[-123.840362,44.167579],[-123.840371,44.167568],[-123.840379,44.167556],[-123.840388,44.167545],[-123.840397,44.167533],[-123.840406,44.167521],[-123.840416,44.167509],[-123.840425,44.167497],[-123.840434,44.167485],[-123.840444,44.167474],[-123.840453,44.167462],[-123.840462,44.16745],[-123.840472,44.167438],[-123.840481,44.167426],[-123.84049,44.167414],[-123.8405,44.167402],[-123.840509,44.16739],[-123.840518,44.167378],[-123.840528,44.167366],[-123.840537,44.167354],[-123.840546,44.167342],[-123.840556,44.16733],[-123.840565,44.167318],[-123.840574,44.167306],[-123.840584,44.167294],[-123.840593,44.167282],[-123.840602,44.16727],[-123.840612,44.167258],[-123.840621,44.167246],[-123.84063,44.167234],[-123.84064,44.167222],[-123.840649,44.16721],[-123.840658,44.167199],[-123.840668,44.167187],[-123.840677,44.167175],[-123.840686,44.167163],[-123.840696,44.167151],[-123.840705,44.167139],[-123.840714,44.167127],[-123.840724,44.167115],[-123.840733,44.167103],[-123.840742,44.167091],[-123.840752,44.167079],[-123.840761,44.167067],[-123.84077,44.167055],[-123.840779,44.167043],[-123.840789,44.167032],[-123.840798,44.16702],[-123.840807,44.167008],[-123.840817,44.166997],[-123.840826,44.166985],[-123.840836,44.166974],[-123.840845,44.166962],[-123.840855,44.166951],[-123.840865,44.166939],[-123.840874,44.166928],[-123.840884,44.166917],[-123.840894,44.166905],[-123.840904,44.166894],[-123.840914,44.166882],[-123.840924,44.166871],[-123.840934,44.16686],[-123.840944,44.166849],[-123.840954,44.166837],[-123.840965,44.166826],[-123.840975,44.166815],[-123.840985,44.166804],[-123.840996,44.166793],[-123.841006,44.166782],[-123.841017,44.166771],[-123.841027,44.16676],[-123.841038,44.166749],[-123.841049,44.166738],[-123.84106,44.166727],[-123.841071,44.166716],[-123.841081,44.166705],[-123.841092,44.166695],[-123.841103,44.166684],[-123.841114,44.166673],[-123.841126,44.166663],[-123.841137,44.166652],[-123.841148,44.166641],[-123.841159,44.166631],[-123.841169,44.166622],[-123.841181,44.166612],[-123.841193,44.166601],[-123.841206,44.166591],[-123.841218,44.16658],[-123.841231,44.166569],[-123.841243,44.166558],[-123.841255,44.166547],[-123.841267,44.166537],[-123.841279,44.166526],[-123.841291,44.166516],[-123.841303,44.166505],[-123.841316,44.166494],[-123.841328,44.166483],[-123.841341,44.166471],[-123.841353,44.16646],[-123.841365,44.166448],[-123.841377,44.166437],[-123.841389,44.166425],[-123.8414,44.166413],[-123.841412,44.166401],[-123.841423,44.166389],[-123.841434,44.166377],[-123.841445,44.166365],[-123.841456,44.166352],[-123.841467,44.16634],[-123.841477,44.166328],[-123.841488,44.166315],[-123.841498,44.166303],[-123.841508,44.16629],[-123.841517,44.166278],[-123.841527,44.166265],[-123.841536,44.166253],[-123.841545,44.166241],[-123.841554,44.166229],[-123.841564,44.166217],[-123.841573,44.166205],[-123.841582,44.166193],[-123.841591,44.166181],[-123.8416,44.166169],[-123.84161,44.166157],[-123.841619,44.166145],[-123.841628,44.166133],[-123.841637,44.166121],[-123.841646,44.166109],[-123.841656,44.166097],[-123.841665,44.166085],[-123.841674,44.166073],[-123.841683,44.166061],[-123.841692,44.16605],[-123.841701,44.166038],[-123.84171,44.166026],[-123.84172,44.166014],[-123.841729,44.166003],[-123.841738,44.165991],[-123.841748,44.165979],[-123.841757,44.165968],[-123.841767,44.165956],[-123.841776,44.165944],[-123.841786,44.165933],[-123.841795,44.165921],[-123.841805,44.165909],[-123.841814,44.165898],[-123.841824,44.165886],[-123.841834,44.165875],[-123.841844,44.165863],[-123.841853,44.165852],[-123.841863,44.16584],[-123.841874,44.165828],[-123.841884,44.165816],[-123.841894,44.165805],[-123.841903,44.165793],[-123.841913,44.165781],[-123.841923,44.16577],[-123.841933,44.165758],[-123.841943,44.165746],[-123.841953,44.165734],[-123.841963,44.165723],[-123.841973,44.165711],[-123.841983,44.165699],[-123.841993,44.165688],[-123.842003,44.165676],[-123.842013,44.165664],[-123.842023,44.165652],[-123.842033,44.165641],[-123.842042,44.165629],[-123.842052,44.165617],[-123.842062,44.165606],[-123.842072,44.165594],[-123.842082,44.165582],[-123.842092,44.165571],[-123.842102,44.165559],[-123.842112,44.165547],[-123.842122,44.165535],[-123.842132,44.165524],[-123.842142,44.165512],[-123.842152,44.1655],[-123.842162,44.165489],[-123.842172,44.165477],[-123.842182,44.165465],[-123.842192,44.165453],[-123.842202,44.165441],[-123.842212,44.165429],[-123.842222,44.165417],[-123.842232,44.165405],[-123.842241,44.165393],[-123.842251,44.16538],[-123.842261,44.165368],[-123.84227,44.165356],[-123.84228,44.165344],[-123.842289,44.165331],[-123.842297,44.165321],[-123.842306,44.165311],[-123.842316,44.165298],[-123.842327,44.165286],[-123.842337,44.165273],[-123.842347,44.16526],[-123.842356,44.165247],[-123.842366,44.165233],[-123.842375,44.16522],[-123.842384,44.165207],[-123.842393,44.165193],[-123.842401,44.16518],[-123.842409,44.165166],[-123.842417,44.165152],[-123.842425,44.165139],[-123.842432,44.165125],[-123.842439,44.165111],[-123.842446,44.165097],[-123.842453,44.165083],[-123.842459,44.165069],[-123.842465,44.165054],[-123.842471,44.16504],[-123.842476,44.165026],[-123.842482,44.165012],[-123.842487,44.164997],[-123.842491,44.164983],[-123.842496,44.164968],[-123.8425,44.164954],[-123.842504,44.164939],[-123.842507,44.164924],[-123.842511,44.16491],[-123.842514,44.164895],[-123.842516,44.16488],[-123.842519,44.164866],[-123.842521,44.164851],[-123.842523,44.164836],[-123.842525,44.164821],[-123.842526,44.164807],[-123.842527,44.164794],[-123.842528,44.16478],[-123.84253,44.164767],[-123.842531,44.164753],[-123.842532,44.164739],[-123.842534,44.164726],[-123.842535,44.164712],[-123.842537,44.164698],[-123.842538,44.164685],[-123.842539,44.164671],[-123.842541,44.164657],[-123.842542,44.164644],[-123.842544,44.16463],[-123.842545,44.164616],[-123.842546,44.164603],[-123.842548,44.164589],[-123.842549,44.164575],[-123.84255,44.164562],[-123.842552,44.164548],[-123.842553,44.164534],[-123.842555,44.16452],[-123.842556,44.164507],[-123.842557,44.164493],[-123.842559,44.164479],[-123.84256,44.164466],[-123.842562,44.164452],[-123.842563,44.164438],[-123.842564,44.164425],[-123.842566,44.164411],[-123.842567,44.164397],[-123.842569,44.164384],[-123.84257,44.16437],[-123.842571,44.164356],[-123.842573,44.164343],[-123.842574,44.164329],[-123.842575,44.164315],[-123.842577,44.164302],[-123.842578,44.164288],[-123.84258,44.164274],[-123.842581,44.164261],[-123.842582,44.164247],[-123.842584,44.164233],[-123.842585,44.16422],[-123.842587,44.164206],[-123.842588,44.164192],[-123.842589,44.164179],[-123.842591,44.164165],[-123.842592,44.164151],[-123.842593,44.164137],[-123.842595,44.164124],[-123.842596,44.16411],[-123.842598,44.164096],[-123.842599,44.164082],[-123.8426,44.164068],[-123.842602,44.164054],[-123.842603,44.164041],[-123.842604,44.164027],[-123.842605,44.164013],[-123.842606,44.163999],[-123.842607,44.163985],[-123.842608,44.163972],[-123.842609,44.163958],[-123.84261,44.163944],[-123.842611,44.16393],[-123.842612,44.163916],[-123.842613,44.163903],[-123.842614,44.163889],[-123.842615,44.163875],[-123.842616,44.163861],[-123.842616,44.163847],[-123.842617,44.163834],[-123.842618,44.16382],[-123.842619,44.163806],[-123.84262,44.163792],[-123.84262,44.163777],[-123.84262,44.163764],[-123.842621,44.16375],[-123.842621,44.163736],[-123.842622,44.163722],[-123.842622,44.163709],[-123.842623,44.163695],[-123.842623,44.163681],[-123.842623,44.163668],[-123.842624,44.163654],[-123.842624,44.16364],[-123.842625,44.163626],[-123.842625,44.163613],[-123.842626,44.163599],[-123.842626,44.163585],[-123.842626,44.163572],[-123.842627,44.163558],[-123.842627,44.163544],[-123.842628,44.16353],[-123.842628,44.163517],[-123.842629,44.163503],[-123.842629,44.163489],[-123.842629,44.163476],[-123.84263,44.163462],[-123.84263,44.163448],[-123.842631,44.163435],[-123.842631,44.163421],[-123.842632,44.163407],[-123.842632,44.163393],[-123.842633,44.16338],[-123.842633,44.163366],[-123.842633,44.163352],[-123.842634,44.163339],[-123.842634,44.163325],[-123.842635,44.163312],[-123.842635,44.163298],[-123.842636,44.163284],[-123.842637,44.163271],[-123.842637,44.163257],[-123.842638,44.163243],[-123.842638,44.16323],[-123.842639,44.163216],[-123.84264,44.163202],[-123.84264,44.163189],[-123.842641,44.163175],[-123.842642,44.163162],[-123.842642,44.163148],[-123.842643,44.163134],[-123.842644,44.163121],[-123.842645,44.163107],[-123.842646,44.163093],[-123.842646,44.16308],[-123.842647,44.163066],[-123.842648,44.163052],[-123.842649,44.163039],[-123.84265,44.163025],[-123.84265,44.163011],[-123.842651,44.162997],[-123.842652,44.162984],[-123.842653,44.16297],[-123.842653,44.162956],[-123.842654,44.162943],[-123.842655,44.162929],[-123.842656,44.162915],[-123.842657,44.162901],[-123.842657,44.162888],[-123.842658,44.162874],[-123.842659,44.16286],[-123.84266,44.162847],[-123.84266,44.162833],[-123.842661,44.162819],[-123.842662,44.162806],[-123.842663,44.162792],[-123.842664,44.162778],[-123.842664,44.162764],[-123.842665,44.162751],[-123.842666,44.162737],[-123.842667,44.162723],[-123.842667,44.16271],[-123.842668,44.162696],[-123.842669,44.162682],[-123.84267,44.162669],[-123.842671,44.162655],[-123.842671,44.162641],[-123.842672,44.162627],[-123.842673,44.162614],[-123.842674,44.1626],[-123.842675,44.162586],[-123.842675,44.162573],[-123.842676,44.162559],[-123.842677,44.162545],[-123.842678,44.162531],[-123.842678,44.162518],[-123.842679,44.162504],[-123.84268,44.16249],[-123.842681,44.162477],[-123.842682,44.162463],[-123.842682,44.162449],[-123.842683,44.162436],[-123.842684,44.162422],[-123.842685,44.162408],[-123.842685,44.162394],[-123.842686,44.162381],[-123.842687,44.162367],[-123.842688,44.162353],[-123.842689,44.16234],[-123.842689,44.162326],[-123.84269,44.162312],[-123.842691,44.162299],[-123.842692,44.162285],[-123.842693,44.162271],[-123.842693,44.162257],[-123.842694,44.162244],[-123.842695,44.16223],[-123.842696,44.162216],[-123.842696,44.162203],[-123.842697,44.162189],[-123.842698,44.162175],[-123.842699,44.162162],[-123.8427,44.162148],[-123.8427,44.162134],[-123.842701,44.16212],[-123.842702,44.162107],[-123.842703,44.162093],[-123.842703,44.162079],[-123.842704,44.162066],[-123.842705,44.162052],[-123.842706,44.162038],[-123.842707,44.162024],[-123.842707,44.162011],[-123.842708,44.161997],[-123.842709,44.161983],[-123.84271,44.16197],[-123.842711,44.161956],[-123.842712,44.161928],[-123.842713,44.161905],[-123.842714,44.161892],[-123.842715,44.161878],[-123.842716,44.161865],[-123.842717,44.161852],[-123.842718,44.161838],[-123.842719,44.161825],[-123.84272,44.161812],[-123.842722,44.161798],[-123.842723,44.161784],[-123.842725,44.161771],[-123.842726,44.161758],[-123.842728,44.161745],[-123.842729,44.161732],[-123.842731,44.161719],[-123.842733,44.161706],[-123.842736,44.161693],[-123.842738,44.16168],[-123.84274,44.161668],[-123.842743,44.161656],[-123.842746,44.161643],[-123.842749,44.161629],[-123.842753,44.161616],[-123.842756,44.161603],[-123.842759,44.16159],[-123.842763,44.161577],[-123.842766,44.161565],[-123.84277,44.161552],[-123.842774,44.161539],[-123.842778,44.161525],[-123.842783,44.161512],[-123.842787,44.161498],[-123.842791,44.161484],[-123.842795,44.16147],[-123.842798,44.161458],[-123.842802,44.161445],[-123.842806,44.161431],[-123.842811,44.161417],[-123.842815,44.161402],[-123.842818,44.161388],[-123.842822,44.161373],[-123.842825,44.161359],[-123.842828,44.161344],[-123.842831,44.16133],[-123.842833,44.161315],[-123.842835,44.161301],[-123.842835,44.161301],[-123.842837,44.161288],[-123.84284,44.161275],[-123.842842,44.161259],[-123.842844,44.161244],[-123.842846,44.161229],[-123.842847,44.161214],[-123.842847,44.161198],[-123.842848,44.161183],[-123.842848,44.161168],[-123.842847,44.161152],[-123.842846,44.161137],[-123.842845,44.161122],[-123.842843,44.161107],[-123.842841,44.161092],[-123.842839,44.161077],[-123.842836,44.161061],[-123.842832,44.161046],[-123.842829,44.161031],[-123.842824,44.161016],[-123.84282,44.161001],[-123.842815,44.160986],[-123.842809,44.160971],[-123.842803,44.160956],[-123.842797,44.160941],[-123.842791,44.160927],[-123.842783,44.160912],[-123.842776,44.160898],[-123.842768,44.160884],[-123.84276,44.16087],[-123.842751,44.160855],[-123.842742,44.160842],[-123.842732,44.160828],[-123.842722,44.160814],[-123.842712,44.160801],[-123.842702,44.160787],[-123.842692,44.160775],[-123.842682,44.160763],[-123.842672,44.160752],[-123.842662,44.16074],[-123.842653,44.160728],[-123.842643,44.160716],[-123.842633,44.160704],[-123.842623,44.160693],[-123.842614,44.160681],[-123.842604,44.160669],[-123.842594,44.160657],[-123.842584,44.160645],[-123.842575,44.160634],[-123.842567,44.160625],[-123.842565,44.160622],[-123.842555,44.16061],[-123.842546,44.160598],[-123.842536,44.160587],[-123.842526,44.160575],[-123.842516,44.160563],[-123.842507,44.160551],[-123.842497,44.160539],[-123.842487,44.160528],[-123.842477,44.160516],[-123.842468,44.160504],[-123.842458,44.160492],[-123.842448,44.16048],[-123.842438,44.160469],[-123.842429,44.160457],[-123.842419,44.160445],[-123.842409,44.160433],[-123.842399,44.160421],[-123.842389,44.160409],[-123.842378,44.160396],[-123.842368,44.160384],[-123.842357,44.160372],[-123.842347,44.160361],[-123.842336,44.160349],[-123.842325,44.160337],[-123.842314,44.160325],[-123.842304,44.160314],[-123.842293,44.160302],[-123.842282,44.160291],[-123.842271,44.160279],[-123.84226,44.160267],[-123.842248,44.160256],[-123.842237,44.160244],[-123.842226,44.160233],[-123.842215,44.160221],[-123.842203,44.16021],[-123.842192,44.160199],[-123.84218,44.160187],[-123.842168,44.160176],[-123.842157,44.160165],[-123.842145,44.160154],[-123.842133,44.160142],[-123.842121,44.160131],[-123.842109,44.16012],[-123.842096,44.160108],[-123.842083,44.160097],[-123.842071,44.160087],[-123.842059,44.160076],[-123.842047,44.160065],[-123.842035,44.160055],[-123.842023,44.160044],[-123.842011,44.160034],[-123.841999,44.160023],[-123.841987,44.160012],[-123.841975,44.160002],[-123.841963,44.159991],[-123.84195,44.159981],[-123.841938,44.15997],[-123.841926,44.159959],[-123.841914,44.159949],[-123.841902,44.159938],[-123.84189,44.159928],[-123.841878,44.159917],[-123.841866,44.159906],[-123.841854,44.159896],[-123.841842,44.159885],[-123.841829,44.159875],[-123.841817,44.159864],[-123.841805,44.159853],[-123.841793,44.159843],[-123.841781,44.159832],[-123.841769,44.159822],[-123.841757,44.159811],[-123.841744,44.1598],[-123.841731,44.159789],[-123.841718,44.159778],[-123.841705,44.159767],[-123.841691,44.159756],[-123.841678,44.159746],[-123.841664,44.159735],[-123.841651,44.159725],[-123.841637,44.159714],[-123.841623,44.159704],[-123.841609,44.159694],[-123.841595,44.159684],[-123.841581,44.159673],[-123.841567,44.159663],[-123.841553,44.159653],[-123.841538,44.159644],[-123.841524,44.159634],[-123.841509,44.159624],[-123.841493,44.159614],[-123.841479,44.159605],[-123.841464,44.159595],[-123.841449,44.159586],[-123.841434,44.159577],[-123.841419,44.159568],[-123.841404,44.159559],[-123.841388,44.15955],[-123.841373,44.159541],[-123.841358,44.159532],[-123.841342,44.159523],[-123.841327,44.159514],[-123.841311,44.159506],[-123.841296,44.159497],[-123.84128,44.159489],[-123.841264,44.15948],[-123.841248,44.159472],[-123.841232,44.159463],[-123.841216,44.159455],[-123.8412,44.159447],[-123.841184,44.159439],[-123.841168,44.15943],[-123.841151,44.159422],[-123.841135,44.159415],[-123.841118,44.159407],[-123.841102,44.159399],[-123.841085,44.159391],[-123.841068,44.159384],[-123.841052,44.159376],[-123.841035,44.159368],[-123.841018,44.159361],[-123.841001,44.159354],[-123.840984,44.159346],[-123.840967,44.159339],[-123.84095,44.159332],[-123.840933,44.159325],[-123.840916,44.159318],[-123.840898,44.159311],[-123.840881,44.159304],[-123.840863,44.159298],[-123.840846,44.159291],[-123.840828,44.159285],[-123.840811,44.159278],[-123.840793,44.159272],[-123.840775,44.159265],[-123.840757,44.159259],[-123.840738,44.159253],[-123.84072,44.159247],[-123.840703,44.159241],[-123.840685,44.159235],[-123.840668,44.15923],[-123.840651,44.159224],[-123.840633,44.159219],[-123.840616,44.159213],[-123.840598,44.159207],[-123.840581,44.159202],[-123.840564,44.159196],[-123.840546,44.15919],[-123.840529,44.159185],[-123.840511,44.159179],[-123.840493,44.159173],[-123.840474,44.159167],[-123.840456,44.159162],[-123.840438,44.159157],[-123.84042,44.159151],[-123.840401,44.159146],[-123.840383,44.159141],[-123.840365,44.159136],[-123.840346,44.159131],[-123.840328,44.159126],[-123.840309,44.159121],[-123.840291,44.159116],[-123.840272,44.159111],[-123.840253,44.159107],[-123.840235,44.159102],[-123.840216,44.159098],[-123.840197,44.159093],[-123.840178,44.159089],[-123.84016,44.159085],[-123.840141,44.15908],[-123.840122,44.159076],[-123.840103,44.159072],[-123.840084,44.159068],[-123.840065,44.159065],[-123.840046,44.159061],[-123.840027,44.159057],[-123.840008,44.159053],[-123.839989,44.15905],[-123.83997,44.159046],[-123.839951,44.159043],[-123.839932,44.159039],[-123.839913,44.159036],[-123.839894,44.159033],[-123.839875,44.15903],[-123.839856,44.159027],[-123.839837,44.159024],[-123.839818,44.159021],[-123.839799,44.159018],[-123.839781,44.159015],[-123.839779,44.159015],[-123.839762,44.159012],[-123.839744,44.159009],[-123.839725,44.159006],[-123.839706,44.159004],[-123.839688,44.159001],[-123.839669,44.158998],[-123.83965,44.158995],[-123.839632,44.158992],[-123.839613,44.158989],[-123.839595,44.158986],[-123.839576,44.158983],[-123.839557,44.15898],[-123.839539,44.158977],[-123.83952,44.158975],[-123.839501,44.158972],[-123.839483,44.158969],[-123.839464,44.158966],[-123.839446,44.158963],[-123.839427,44.15896],[-123.839408,44.158957],[-123.83939,44.158954],[-123.839371,44.158951],[-123.839352,44.158949],[-123.839334,44.158946],[-123.839315,44.158943],[-123.839297,44.15894],[-123.839278,44.158937],[-123.839259,44.158934],[-123.839241,44.158931],[-123.839222,44.158928],[-123.839203,44.158925],[-123.839185,44.158923],[-123.839166,44.15892],[-123.839147,44.158917],[-123.83913,44.158914],[-123.839113,44.158911],[-123.839097,44.158908],[-123.83908,44.158905],[-123.839063,44.158902],[-123.839047,44.158898],[-123.83903,44.158894],[-123.839014,44.15889],[-123.838997,44.158886],[-123.838981,44.158882],[-123.838978,44.158881],[-123.838965,44.158877],[-123.838949,44.158873],[-123.838933,44.158868],[-123.838918,44.158863],[-123.838902,44.158858],[-123.838887,44.158852],[-123.838871,44.158847],[-123.838856,44.158841],[-123.838841,44.158835],[-123.838826,44.158829],[-123.838811,44.158823],[-123.838796,44.158816],[-123.838782,44.15881],[-123.838768,44.158803],[-123.838753,44.158796],[-123.838739,44.158789],[-123.838725,44.158781],[-123.838711,44.158774],[-123.838697,44.158766],[-123.838683,44.158758],[-123.83867,44.15875],[-123.838656,44.158742],[-123.838643,44.158734],[-123.83863,44.158726],[-123.838617,44.158718],[-123.838605,44.158709],[-123.838592,44.1587],[-123.83858,44.158691],[-123.838568,44.158682],[-123.838555,44.158673],[-123.838544,44.158664],[-123.838532,44.158655],[-123.83852,44.158645],[-123.838509,44.158636],[-123.838498,44.158626],[-123.838487,44.158616],[-123.838476,44.158606],[-123.838465,44.158596],[-123.838455,44.158586],[-123.838445,44.158576],[-123.838435,44.158565],[-123.838424,44.158554],[-123.838413,44.158543],[-123.838402,44.158532],[-123.838392,44.15852],[-123.838381,44.158509],[-123.83837,44.158498],[-123.838359,44.158486],[-123.838348,44.158475],[-123.838337,44.158464],[-123.838327,44.158453],[-123.838316,44.158441],[-123.838305,44.15843],[-123.838294,44.158419],[-123.838283,44.158407],[-123.838273,44.158396],[-123.838262,44.158385],[-123.838251,44.158374],[-123.83824,44.158362],[-123.838229,44.158351],[-123.838218,44.15834],[-123.838208,44.158328],[-123.838197,44.158317],[-123.838186,44.158306],[-123.838175,44.158295],[-123.838164,44.158283],[-123.838154,44.158272],[-123.838143,44.158261],[-123.838132,44.158249],[-123.838121,44.158238],[-123.83811,44.158227],[-123.838099,44.158216],[-123.838089,44.158204],[-123.838078,44.158193],[-123.838067,44.158182],[-123.838058,44.158172],[-123.838049,44.158162],[-123.83804,44.158151],[-123.838031,44.158141],[-123.838023,44.15813],[-123.838014,44.158119],[-123.838006,44.158108],[-123.837998,44.158096],[-123.83799,44.158085],[-123.837982,44.158073],[-123.837974,44.158062],[-123.837967,44.158051],[-123.83796,44.158039],[-123.837954,44.158028],[-123.837947,44.158017],[-123.837941,44.158005],[-123.837936,44.157994],[-123.83793,44.157982],[-123.837925,44.15797],[-123.83792,44.157959],[-123.837915,44.157947],[-123.837911,44.157935],[-123.837907,44.157923],[-123.837903,44.157911],[-123.8379,44.157899],[-123.837897,44.157887],[-123.837894,44.157875],[-123.837892,44.157863],[-123.837889,44.157851],[-123.837887,44.157838],[-123.837886,44.157826],[-123.837884,44.157814],[-123.837883,44.157801],[-123.837882,44.157788],[-123.837881,44.157774],[-123.83788,44.15776],[-123.837879,44.157747],[-123.837878,44.157733],[-123.837877,44.157719],[-123.837876,44.157706],[-123.837875,44.157692],[-123.837874,44.157678],[-123.837873,44.157665],[-123.837872,44.157651],[-123.837871,44.157637],[-123.83787,44.157623],[-123.837869,44.15761],[-123.837868,44.157596],[-123.837867,44.157582],[-123.837866,44.157569],[-123.837865,44.157555],[-123.837864,44.157541],[-123.837863,44.157528],[-123.837861,44.157514],[-123.83786,44.1575],[-123.837859,44.157487],[-123.837858,44.157473],[-123.837858,44.15746],[-123.837857,44.157446],[-123.837856,44.157433],[-123.837855,44.15742],[-123.837855,44.157406],[-123.837854,44.157393],[-123.837854,44.157379],[-123.837853,44.157366],[-123.837853,44.157352],[-123.837852,44.157339],[-123.837852,44.157326],[-123.837852,44.157312],[-123.837852,44.157299],[-123.837852,44.157285],[-123.837852,44.157272],[-123.837852,44.157258],[-123.837852,44.157245],[-123.837852,44.157231],[-123.837852,44.157217],[-123.837852,44.157204],[-123.837852,44.15719],[-123.837853,44.157176],[-123.837853,44.157162],[-123.837853,44.157149],[-123.837853,44.157135],[-123.837853,44.157121],[-123.837853,44.157108],[-123.837853,44.157107],[-123.837625,44.157109],[-123.837624,44.15712],[-123.837624,44.157134],[-123.837624,44.157148],[-123.837624,44.157162],[-123.837624,44.157175],[-123.837624,44.157189],[-123.837624,44.157203],[-123.837624,44.157216],[-123.837624,44.15723],[-123.837623,44.157244],[-123.837623,44.157258],[-123.837623,44.157272],[-123.837623,44.157286],[-123.837623,44.1573],[-123.837623,44.157314],[-123.837624,44.157328],[-123.837624,44.157342],[-123.837624,44.157356],[-123.837625,44.15737],[-123.837625,44.157384],[-123.837626,44.157398],[-123.837626,44.157411],[-123.837627,44.157425],[-123.837628,44.157439],[-123.837628,44.157453],[-123.837629,44.157467],[-123.83763,44.157481],[-123.837631,44.157495],[-123.837632,44.157509],[-123.837633,44.157523],[-123.837634,44.157537],[-123.837635,44.15755],[-123.837636,44.157564],[-123.837637,44.157578],[-123.837638,44.157591],[-123.83764,44.157605],[-123.837641,44.157619],[-123.837642,44.157633],[-123.837643,44.157646],[-123.837644,44.15766],[-123.837645,44.157674],[-123.837646,44.157687],[-123.837647,44.157701],[-123.837648,44.157715],[-123.837649,44.157728],[-123.83765,44.157742],[-123.837651,44.157756],[-123.837652,44.157769],[-123.837653,44.157783],[-123.837654,44.157797],[-123.837655,44.157811],[-123.837656,44.157825],[-123.837658,44.157841],[-123.83766,44.157856],[-123.837662,44.157871],[-123.837665,44.157886],[-123.837668,44.157901],[-123.837672,44.157916],[-123.837676,44.157931],[-123.83768,44.157946],[-123.837685,44.15796],[-123.837689,44.157975],[-123.837695,44.15799],[-123.8377,44.158004],[-123.837707,44.158019],[-123.837713,44.158033],[-123.83772,44.158048],[-123.837727,44.158062],[-123.837734,44.158076],[-123.837742,44.15809],[-123.83775,44.158104],[-123.837759,44.158118],[-123.837768,44.158132],[-123.837776,44.158145],[-123.837785,44.158158],[-123.837794,44.158171],[-123.837804,44.158184],[-123.837813,44.158197],[-123.837823,44.15821],[-123.837834,44.158223],[-123.837844,44.158236],[-123.837855,44.158249],[-123.837866,44.158262],[-123.837878,44.158275],[-123.83789,44.158286],[-123.8379,44.158298],[-123.837911,44.158309],[-123.837922,44.15832],[-123.837933,44.158332],[-123.837944,44.158343],[-123.837955,44.158354],[-123.837965,44.158365],[-123.837976,44.158377],[-123.837987,44.158388],[-123.837998,44.158399],[-123.838009,44.158411],[-123.838019,44.158422],[-123.83803,44.158433],[-123.838041,44.158444],[-123.838052,44.158456],[-123.838063,44.158467],[-123.838074,44.158478],[-123.838084,44.15849],[-123.838095,44.158501],[-123.838106,44.158512],[-123.838117,44.158523],[-123.838128,44.158535],[-123.838138,44.158546],[-123.838149,44.158557],[-123.83816,44.158569],[-123.838171,44.15858],[-123.838182,44.158591],[-123.838193,44.158603],[-123.838203,44.158614],[-123.838214,44.158625],[-123.838225,44.158636],[-123.838236,44.158648],[-123.838247,44.158659],[-123.838258,44.158671],[-123.83827,44.158683],[-123.838283,44.158695],[-123.838295,44.158707],[-123.838308,44.158719],[-123.838321,44.15873],[-123.838334,44.158742],[-123.838347,44.158753],[-123.838361,44.158764],[-123.838375,44.158775],[-123.838389,44.158786],[-123.838403,44.158797],[-123.838418,44.158807],[-123.838432,44.158818],[-123.838447,44.158828],[-123.838462,44.158838],[-123.838477,44.158848],[-123.838493,44.158858],[-123.838509,44.158868],[-123.838524,44.158877],[-123.838537,44.158885],[-123.83854,44.158887],[-123.838557,44.158896],[-123.838573,44.158905],[-123.83859,44.158914],[-123.838607,44.158923],[-123.838623,44.158931],[-123.838641,44.15894],[-123.838658,44.158948],[-123.838676,44.158956],[-123.838694,44.158964],[-123.838712,44.158971],[-123.83873,44.158979],[-123.838748,44.158986],[-123.838767,44.158993],[-123.838785,44.159],[-123.838804,44.159006],[-123.838823,44.159013],[-123.838842,44.159019],[-123.838862,44.159025],[-123.838881,44.15903],[-123.8389,44.159036],[-123.83892,44.159041],[-123.838939,44.159046],[-123.838959,44.159051],[-123.838979,44.159055],[-123.838999,44.15906],[-123.839019,44.159064],[-123.839039,44.159068],[-123.839059,44.159071],[-123.83908,44.159075],[-123.8391,44.159078],[-123.839118,44.159081],[-123.839137,44.159083],[-123.839155,44.159086],[-123.839174,44.159089],[-123.839192,44.159092],[-123.839211,44.159095],[-123.83923,44.159098],[-123.839248,44.159101],[-123.839267,44.159104],[-123.839286,44.159107],[-123.839304,44.159109],[-123.839323,44.159112],[-123.839341,44.159115],[-123.83936,44.159118],[-123.839379,44.159121],[-123.839397,44.159124],[-123.839416,44.159127],[-123.839435,44.15913],[-123.839453,44.159133],[-123.839472,44.159135],[-123.83949,44.159138],[-123.839509,44.159141],[-123.839528,44.159144],[-123.839546,44.159147],[-123.839565,44.15915],[-123.839584,44.159153],[-123.839602,44.159156],[-123.839621,44.159159],[-123.839639,44.159162],[-123.839658,44.159164],[-123.839677,44.159167],[-123.839695,44.15917],[-123.839714,44.159173],[-123.839733,44.159176],[-123.839751,44.159179],[-123.83977,44.159182],[-123.839772,44.159182],[-123.839788,44.159185],[-123.839807,44.159187],[-123.839825,44.15919],[-123.839843,44.159193],[-123.839861,44.159196],[-123.839878,44.159199],[-123.839896,44.159203],[-123.839914,44.159206],[-123.839932,44.159209],[-123.83995,44.159212],[-123.839968,44.159216],[-123.839986,44.159219],[-123.840003,44.159223],[-123.840021,44.159227],[-123.840039,44.15923],[-123.840057,44.159234],[-123.840074,44.159238],[-123.840092,44.159242],[-123.840109,44.159246],[-123.840127,44.15925],[-123.840145,44.159254],[-123.840162,44.159258],[-123.840179,44.159262],[-123.840197,44.159267],[-123.840214,44.159271],[-123.840231,44.159276],[-123.840248,44.15928],[-123.840266,44.159285],[-123.840283,44.159289],[-123.8403,44.159294],[-123.840317,44.159299],[-123.840334,44.159304],[-123.840351,44.159309],[-123.840368,44.159314],[-123.840385,44.159319],[-123.840402,44.159324],[-123.840418,44.159329],[-123.840435,44.159335],[-123.840453,44.15934],[-123.84047,44.159346],[-123.840487,44.159352],[-123.840505,44.159357],[-123.840522,44.159363],[-123.840539,44.159369],[-123.840557,44.159374],[-123.840574,44.15938],[-123.840592,44.159385],[-123.840609,44.159391],[-123.840626,44.159397],[-123.840643,44.159402],[-123.840658,44.159407],[-123.840674,44.159413],[-123.840691,44.159419],[-123.840707,44.159425],[-123.840724,44.159431],[-123.84074,44.159437],[-123.840756,44.159443],[-123.840772,44.159449],[-123.840788,44.159456],[-123.840804,44.159462],[-123.84082,44.159468],[-123.840836,44.159475],[-123.840852,44.159482],[-123.840868,44.159488],[-123.840884,44.159495],[-123.8409,44.159502],[-123.840915,44.159509],[-123.840931,44.159516],[-123.840946,44.159523],[-123.840962,44.15953],[-123.840977,44.159537],[-123.840992,44.159544],[-123.841008,44.159551],[-123.841023,44.159559],[-123.841038,44.159566],[-123.841053,44.159574],[-123.841068,44.159581],[-123.841083,44.159589],[-123.841098,44.159597],[-123.841113,44.159604],[-123.841128,44.159612],[-123.841142,44.15962],[-123.841157,44.159628],[-123.841172,44.159636],[-123.841186,44.159644],[-123.841201,44.159653],[-123.841215,44.159661],[-123.84123,44.159669],[-123.841244,44.159677],[-123.841258,44.159686],[-123.841272,44.159694],[-123.841286,44.159703],[-123.8413,44.159711],[-123.841314,44.15972],[-123.841328,44.159729],[-123.841342,44.159737],[-123.841355,44.159746],[-123.841368,44.159754],[-123.841381,44.159763],[-123.841395,44.159772],[-123.841408,44.159781],[-123.841421,44.159791],[-123.841434,44.1598],[-123.841447,44.159809],[-123.841459,44.159819],[-123.841472,44.159828],[-123.841484,44.159837],[-123.841497,44.159847],[-123.841509,44.159857],[-123.841521,44.159866],[-123.841533,44.159876],[-123.841546,44.159886],[-123.841557,44.159896],[-123.841569,44.159906],[-123.84158,44.159916],[-123.841592,44.159926],[-123.841604,44.159937],[-123.841617,44.159947],[-123.841629,44.159958],[-123.841641,44.159968],[-123.841653,44.159979],[-123.841665,44.15999],[-123.841677,44.16],[-123.841689,44.160011],[-123.841701,44.160021],[-123.841713,44.160032],[-123.841725,44.160043],[-123.841737,44.160053],[-123.84175,44.160064],[-123.841762,44.160074],[-123.841774,44.160085],[-123.841786,44.160096],[-123.841798,44.160106],[-123.84181,44.160117],[-123.841822,44.160127],[-123.841834,44.160138],[-123.841846,44.160149],[-123.841858,44.160159],[-123.841871,44.16017],[-123.841883,44.16018],[-123.841895,44.160191],[-123.841907,44.160202],[-123.841918,44.160212],[-123.841929,44.160221],[-123.84194,44.160232],[-123.841951,44.160242],[-123.841963,44.160253],[-123.841974,44.160264],[-123.841985,44.160274],[-123.841996,44.160285],[-123.842007,44.160296],[-123.842018,44.160307],[-123.842029,44.160318],[-123.84204,44.160328],[-123.84205,44.160339],[-123.842061,44.16035],[-123.842072,44.160361],[-123.842082,44.160372],[-123.842093,44.160383],[-123.842103,44.160394],[-123.842114,44.160406],[-123.842124,44.160417],[-123.842134,44.160428],[-123.842145,44.160439],[-123.842155,44.16045],[-123.842165,44.160461],[-123.842175,44.160473],[-123.842185,44.160484],[-123.842194,44.160494],[-123.842203,44.160506],[-123.842213,44.160517],[-123.842222,44.160529],[-123.842232,44.160541],[-123.842242,44.160553],[-123.842252,44.160565],[-123.842261,44.160576],[-123.842271,44.160588],[-123.842281,44.1606],[-123.842291,44.160612],[-123.8423,44.160623],[-123.842304,44.160628],[-123.84231,44.160635],[-123.84232,44.160647],[-123.84233,44.160659],[-123.842339,44.160671],[-123.842349,44.160682],[-123.842359,44.160694],[-123.842368,44.160706],[-123.842378,44.160718],[-123.842388,44.16073],[-123.842398,44.160741],[-123.842407,44.160753],[-123.842417,44.160765],[-123.842427,44.160777],[-123.842437,44.160789],[-123.842446,44.1608],[-123.842456,44.160812],[-123.842466,44.160824],[-123.842476,44.160836],[-123.842485,44.160847],[-123.842495,44.160859],[-123.842504,44.16087],[-123.842513,44.160881],[-123.842521,44.160892],[-123.842529,44.160902],[-123.842536,44.160913],[-123.842543,44.160924],[-123.84255,44.160935],[-123.842556,44.160946],[-123.842563,44.160957],[-123.842569,44.160969],[-123.842574,44.16098],[-123.842579,44.160991],[-123.842584,44.161003],[-123.842589,44.161015],[-123.842593,44.161026],[-123.842597,44.161038],[-123.842601,44.16105],[-123.842604,44.161061],[-123.842607,44.161073],[-123.842609,44.161085],[-123.842612,44.161097],[-123.842614,44.161109],[-123.842615,44.161122],[-123.842617,44.161134],[-123.842618,44.161146],[-123.842619,44.161158],[-123.842619,44.16117],[-123.842619,44.161182],[-123.842619,44.161194],[-123.842618,44.161206],[-123.842617,44.161219],[-123.842616,44.161231],[-123.842615,44.161243],[-123.842613,44.161255],[-123.84261,44.161269],[-123.842608,44.161283],[-123.842608,44.161283],[-123.842606,44.161296],[-123.842604,44.161309],[-123.842602,44.161321],[-123.842599,44.161334],[-123.842596,44.161346],[-123.842593,44.161359],[-123.84259,44.161371],[-123.842587,44.161384],[-123.842583,44.161396],[-123.842579,44.161409],[-123.842574,44.161423],[-123.84257,44.161438],[-123.842567,44.161451],[-123.842563,44.161464],[-123.842559,44.161477],[-123.842555,44.16149],[-123.842551,44.161503],[-123.842547,44.161516],[-123.842542,44.161531],[-123.842538,44.161546],[-123.842535,44.161559],[-123.842531,44.161573],[-123.842528,44.161587],[-123.842524,44.161601],[-123.842521,44.161615],[-123.842518,44.161629],[-123.842514,44.161643],[-123.842512,44.161658],[-123.842509,44.161673],[-123.842506,44.161687],[-123.842504,44.161701],[-123.842502,44.161715],[-123.8425,44.16173],[-123.842498,44.161744],[-123.842497,44.161758],[-123.842495,44.161772],[-123.842494,44.161786],[-123.842492,44.1618],[-123.842491,44.161814],[-123.84249,44.161828],[-123.842489,44.161842],[-123.842487,44.161856],[-123.842486,44.16187],[-123.842485,44.161884],[-123.842485,44.161899],[-123.842484,44.161922],[-123.842482,44.161949],[-123.842481,44.161963],[-123.842481,44.161977],[-123.84248,44.16199],[-123.842479,44.162004],[-123.842478,44.162018],[-123.842477,44.162031],[-123.842477,44.162045],[-123.842476,44.162059],[-123.842475,44.162073],[-123.842474,44.162086],[-123.842473,44.1621],[-123.842473,44.162114],[-123.842472,44.162127],[-123.842471,44.162141],[-123.84247,44.162155],[-123.84247,44.162168],[-123.842469,44.162182],[-123.842468,44.162196],[-123.842467,44.16221],[-123.842466,44.162223],[-123.842466,44.162237],[-123.842465,44.162251],[-123.842464,44.162264],[-123.842463,44.162278],[-123.842463,44.162292],[-123.842462,44.162305],[-123.842461,44.162319],[-123.84246,44.162333],[-123.842459,44.162347],[-123.842459,44.16236],[-123.842458,44.162374],[-123.842457,44.162388],[-123.842456,44.162401],[-123.842455,44.162415],[-123.842455,44.162429],[-123.842454,44.162443],[-123.842453,44.162456],[-123.842452,44.16247],[-123.842452,44.162484],[-123.842451,44.162497],[-123.84245,44.162511],[-123.842449,44.162525],[-123.842448,44.162538],[-123.842448,44.162552],[-123.842447,44.162566],[-123.842446,44.16258],[-123.842445,44.162593],[-123.842445,44.162607],[-123.842444,44.162621],[-123.842443,44.162634],[-123.842442,44.162648],[-123.842441,44.162662],[-123.842441,44.162675],[-123.84244,44.162689],[-123.842439,44.162703],[-123.842438,44.162717],[-123.842438,44.16273],[-123.842437,44.162744],[-123.842436,44.162758],[-123.842435,44.162771],[-123.842434,44.162785],[-123.842434,44.162799],[-123.842433,44.162813],[-123.842432,44.162826],[-123.842431,44.16284],[-123.84243,44.162854],[-123.84243,44.162867],[-123.842429,44.162881],[-123.842428,44.162895],[-123.842427,44.162908],[-123.842427,44.162922],[-123.842426,44.162936],[-123.842425,44.16295],[-123.842424,44.162963],[-123.842423,44.162977],[-123.842423,44.162991],[-123.842422,44.163004],[-123.842421,44.163018],[-123.84242,44.163032],[-123.84242,44.163045],[-123.842419,44.163059],[-123.842418,44.163073],[-123.842417,44.163087],[-123.842416,44.1631],[-123.842416,44.163114],[-123.842415,44.163128],[-123.842414,44.163141],[-123.842413,44.163155],[-123.842412,44.163169],[-123.842412,44.163183],[-123.842411,44.163197],[-123.84241,44.163211],[-123.84241,44.163224],[-123.842409,44.163238],[-123.842409,44.163252],[-123.842408,44.163266],[-123.842407,44.163279],[-123.842407,44.163293],[-123.842406,44.163307],[-123.842406,44.163321],[-123.842405,44.163335],[-123.842405,44.163348],[-123.842404,44.163362],[-123.842404,44.163376],[-123.842403,44.16339],[-123.842403,44.163403],[-123.842403,44.163417],[-123.842402,44.163431],[-123.842402,44.163444],[-123.842401,44.163458],[-123.842401,44.163472],[-123.8424,44.163486],[-123.8424,44.163499],[-123.8424,44.163513],[-123.842399,44.163527],[-123.842399,44.16354],[-123.842398,44.163554],[-123.842398,44.163568],[-123.842397,44.163582],[-123.842397,44.163595],[-123.842397,44.163609],[-123.842396,44.163623],[-123.842396,44.163636],[-123.842395,44.16365],[-123.842395,44.163664],[-123.842394,44.163678],[-123.842394,44.163691],[-123.842394,44.163705],[-123.842393,44.163719],[-123.842393,44.163732],[-123.842392,44.163746],[-123.842392,44.16376],[-123.842391,44.163773],[-123.842391,44.163787],[-123.84239,44.1638],[-123.84239,44.163813],[-123.842389,44.163827],[-123.842388,44.16384],[-123.842387,44.163854],[-123.842386,44.163868],[-123.842385,44.163881],[-123.842385,44.163895],[-123.842384,44.163908],[-123.842383,44.163922],[-123.842382,44.163936],[-123.842381,44.163949],[-123.84238,44.163963],[-123.842379,44.163976],[-123.842378,44.16399],[-123.842377,44.164004],[-123.842376,44.164017],[-123.842374,44.164031],[-123.842373,44.164044],[-123.842372,44.164058],[-123.842371,44.164071],[-123.84237,44.164084],[-123.842368,44.164098],[-123.842367,44.164112],[-123.842365,44.164126],[-123.842364,44.164139],[-123.842363,44.164153],[-123.842361,44.164167],[-123.84236,44.16418],[-123.842359,44.164194],[-123.842357,44.164208],[-123.842356,44.164221],[-123.842354,44.164235],[-123.842353,44.164249],[-123.842352,44.164262],[-123.84235,44.164276],[-123.842349,44.16429],[-123.842347,44.164303],[-123.842346,44.164317],[-123.842345,44.164331],[-123.842343,44.164344],[-123.842342,44.164358],[-123.84234,44.164372],[-123.842339,44.164385],[-123.842338,44.164399],[-123.842336,44.164413],[-123.842335,44.164426],[-123.842334,44.16444],[-123.842332,44.164454],[-123.842331,44.164467],[-123.842329,44.164481],[-123.842328,44.164495],[-123.842327,44.164508],[-123.842325,44.164522],[-123.842324,44.164536],[-123.842322,44.16455],[-123.842321,44.164563],[-123.84232,44.164577],[-123.842318,44.164591],[-123.842317,44.164604],[-123.842316,44.164618],[-123.842314,44.164632],[-123.842313,44.164645],[-123.842311,44.164659],[-123.84231,44.164673],[-123.842309,44.164686],[-123.842307,44.1647],[-123.842306,44.164714],[-123.842304,44.164727],[-123.842303,44.164741],[-123.842302,44.164755],[-123.8423,44.164768],[-123.842299,44.164783],[-123.842298,44.164797],[-123.842296,44.164809],[-123.842295,44.164822],[-123.842293,44.164835],[-123.842292,44.164847],[-123.84229,44.16486],[-123.842287,44.164872],[-123.842285,44.164885],[-123.842282,44.164897],[-123.842279,44.164909],[-123.842275,44.164922],[-123.842272,44.164934],[-123.842268,44.164946],[-123.842264,44.164959],[-123.84226,44.164971],[-123.842256,44.164983],[-123.842251,44.164995],[-123.842246,44.165007],[-123.842241,44.165019],[-123.842235,44.165031],[-123.84223,44.165043],[-123.842224,44.165055],[-123.842218,44.165067],[-123.842212,44.165079],[-123.842205,44.16509],[-123.842199,44.165102],[-123.842192,44.165114],[-123.842184,44.165125],[-123.842177,44.165136],[-123.84217,44.165148],[-123.842162,44.165159],[-123.842154,44.16517],[-123.842146,44.165181],[-123.842137,44.165192],[-123.842128,44.165203],[-123.84212,44.165214],[-123.84211,44.165225],[-123.842099,44.165238],[-123.842089,44.165252],[-123.84208,44.165264],[-123.842071,44.165276],[-123.842062,44.165287],[-123.842052,44.165299],[-123.842043,44.16531],[-123.842034,44.165322],[-123.842025,44.165334],[-123.842015,44.165345],[-123.842006,44.165357],[-123.841996,44.165368],[-123.841986,44.165379],[-123.841976,44.165391],[-123.841967,44.165403],[-123.841957,44.165415],[-123.841947,44.165426],[-123.841937,44.165438],[-123.841927,44.16545],[-123.841917,44.165461],[-123.841907,44.165473],[-123.841897,44.165485],[-123.841887,44.165496],[-123.841877,44.165508],[-123.841867,44.16552],[-123.841857,44.165532],[-123.841847,44.165543],[-123.841837,44.165555],[-123.841828,44.165567],[-123.841818,44.165578],[-123.841808,44.16559],[-123.841798,44.165602],[-123.841788,44.165613],[-123.841778,44.165625],[-123.841768,44.165637],[-123.841758,44.165649],[-123.841748,44.16566],[-123.841738,44.165672],[-123.841728,44.165684],[-123.841718,44.165695],[-123.841708,44.165707],[-123.841698,44.165719],[-123.841688,44.165731],[-123.841679,44.165742],[-123.841669,44.165754],[-123.841659,44.165765],[-123.841649,44.165777],[-123.841639,44.165789],[-123.841629,44.165801],[-123.841619,44.165813],[-123.841609,44.165825],[-123.841599,44.165837],[-123.841589,44.165849],[-123.841579,44.165861],[-123.841569,44.165873],[-123.841559,44.165885],[-123.84155,44.165897],[-123.84154,44.165909],[-123.84153,44.165921],[-123.841521,44.165933],[-123.841511,44.165945],[-123.841502,44.165957],[-123.841492,44.16597],[-123.841483,44.165982],[-123.841474,44.165994],[-123.841464,44.166006],[-123.841455,44.166018],[-123.841446,44.16603],[-123.841437,44.166042],[-123.841428,44.166054],[-123.841419,44.166066],[-123.841409,44.166078],[-123.8414,44.16609],[-123.841391,44.166102],[-123.841382,44.166114],[-123.841373,44.166126],[-123.841363,44.166138],[-123.841354,44.16615],[-123.841345,44.166162],[-123.841336,44.166174],[-123.841327,44.166186],[-123.841317,44.166198],[-123.841309,44.166209],[-123.8413,44.166221],[-123.841291,44.166232],[-123.841281,44.166243],[-123.841272,44.166254],[-123.841263,44.166265],[-123.841253,44.166276],[-123.841243,44.166287],[-123.841233,44.166297],[-123.841223,44.166308],[-123.841213,44.166319],[-123.841203,44.166329],[-123.841192,44.16634],[-123.841182,44.16635],[-123.841171,44.16636],[-123.84116,44.166371],[-123.841149,44.166381],[-123.841138,44.166391],[-123.841126,44.166401],[-123.841114,44.166411],[-123.841102,44.166422],[-123.841089,44.166433],[-123.841078,44.166444],[-123.841066,44.166454],[-123.841054,44.166465],[-123.841042,44.166475],[-123.84103,44.166485],[-123.841018,44.166496],[-123.841006,44.166506],[-123.840993,44.166517],[-123.840979,44.166529],[-123.840967,44.166541],[-123.840955,44.166552],[-123.840943,44.166563],[-123.840932,44.166574],[-123.84092,44.166586],[-123.840908,44.166597],[-123.840897,44.166608],[-123.840885,44.16662],[-123.840874,44.166631],[-123.840862,44.166643],[-123.840851,44.166654],[-123.84084,44.166666],[-123.840829,44.166677],[-123.840818,44.166689],[-123.840807,44.1667],[-123.840796,44.166712],[-123.840785,44.166724],[-123.840774,44.166735],[-123.840763,44.166747],[-123.840753,44.166759],[-123.840742,44.166771],[-123.840731,44.166782],[-123.840721,44.166794],[-123.840711,44.166806],[-123.8407,44.166818],[-123.84069,44.16683],[-123.84068,44.166842],[-123.84067,44.166853],[-123.840659,44.166865],[-123.840649,44.166877],[-123.840639,44.166889],[-123.840629,44.166902],[-123.84062,44.166914],[-123.84061,44.166926],[-123.8406,44.166938],[-123.84059,44.16695],[-123.840581,44.166962],[-123.840571,44.166974],[-123.840562,44.166986],[-123.840552,44.166998],[-123.840543,44.16701],[-123.840534,44.167022],[-123.840524,44.167034],[-123.840515,44.167046],[-123.840506,44.167058],[-123.840496,44.16707],[-123.840487,44.167082],[-123.840478,44.167094],[-123.840468,44.167106],[-123.840459,44.167118],[-123.84045,44.16713],[-123.84044,44.167142],[-123.840431,44.167154],[-123.840422,44.167166],[-123.840412,44.167178],[-123.840403,44.16719],[-123.840394,44.167202],[-123.840384,44.167214],[-123.840375,44.167225],[-123.840366,44.167237],[-123.840356,44.167249],[-123.840347,44.167261],[-123.840338,44.167273],[-123.840328,44.167285],[-123.840319,44.167297],[-123.84031,44.167309],[-123.8403,44.167321],[-123.840291,44.167333],[-123.840282,44.167345],[-123.840272,44.167357],[-123.840263,44.167369],[-123.840254,44.167381],[-123.840244,44.167393],[-123.840235,44.167405],[-123.840226,44.167417],[-123.840216,44.167429],[-123.840207,44.167441],[-123.840198,44.167453],[-123.840188,44.167465],[-123.840178,44.167478],[-123.840169,44.167491],[-123.84016,44.167503],[-123.840151,44.167515],[-123.840142,44.167528],[-123.840133,44.16754],[-123.840124,44.167553],[-123.840115,44.167566],[-123.840107,44.167578],[-123.840098,44.167591],[-123.840089,44.167604],[-123.840081,44.167616],[-123.840073,44.167629],[-123.840064,44.167642],[-123.840056,44.167655],[-123.84004,44.16768],[-123.840032,44.167693],[-123.840024,44.167706],[-123.840016,44.167719],[-123.840009,44.167732],[-123.840001,44.167744],[-123.839994,44.167757],[-123.839986,44.16777],[-123.839979,44.167783],[-123.839971,44.167796],[-123.839964,44.167808],[-123.839956,44.167821],[-123.839949,44.167834],[-123.839942,44.167847],[-123.839934,44.16786],[-123.839927,44.167873],[-123.83992,44.167886],[-123.839913,44.167899],[-123.839906,44.167912],[-123.839899,44.167925],[-123.839892,44.167938],[-123.839886,44.167951],[-123.839879,44.167964],[-123.839872,44.167977],[-123.839865,44.167991],[-123.839859,44.168004],[-123.839852,44.168017],[-123.839846,44.16803],[-123.839839,44.168043],[-123.839833,44.168056],[-123.839826,44.168069],[-123.83982,44.168082],[-123.839814,44.168096],[-123.839807,44.168109],[-123.839801,44.168122],[-123.839795,44.168135],[-123.839789,44.168149],[-123.839783,44.168162],[-123.839777,44.168175],[-123.839771,44.168189],[-123.839765,44.168202],[-123.83976,44.168215],[-123.839754,44.168229],[-123.839748,44.168242],[-123.839743,44.168255],[-123.839737,44.168269],[-123.839732,44.168282],[-123.839726,44.168296],[-123.839721,44.168309],[-123.839716,44.168322],[-123.83971,44.168336],[-123.839705,44.16835],[-123.8397,44.168363],[-123.839695,44.168376],[-123.83969,44.168389],[-123.839685,44.168402],[-123.83968,44.168416],[-123.839675,44.168429],[-123.83967,44.168442],[-123.839665,44.168455],[-123.83966,44.168469],[-123.839655,44.168482],[-123.83965,44.168495],[-123.839645,44.168508],[-123.83964,44.168522],[-123.839635,44.168535],[-123.83963,44.168548],[-123.839625,44.168561],[-123.83962,44.168574],[-123.839615,44.168588],[-123.839609,44.168601],[-123.839604,44.168614],[-123.8396,44.168627],[-123.839595,44.16864],[-123.839589,44.168652],[-123.839584,44.168665],[-123.839579,44.168678],[-123.839574,44.168691],[-123.839568,44.168703],[-123.839563,44.168716],[-123.839557,44.168729],[-123.839551,44.168741],[-123.839545,44.168754],[-123.839539,44.168767],[-123.839533,44.168779],[-123.839527,44.168792],[-123.839521,44.168804],[-123.839515,44.168817],[-123.839509,44.168829],[-123.839502,44.168842],[-123.839496,44.168854],[-123.839489,44.168866],[-123.839482,44.168879],[-123.839476,44.168891],[-123.839469,44.168903],[-123.839462,44.168915],[-123.839454,44.168927],[-123.839447,44.16894],[-123.83944,44.168952],[-123.839432,44.168964],[-123.839425,44.168976],[-123.839417,44.168988],[-123.839409,44.169],[-123.839401,44.169012],[-123.839393,44.169024],[-123.839385,44.169035],[-123.839377,44.169048],[-123.839369,44.16906],[-123.83936,44.169072],[-123.839352,44.169084],[-123.839344,44.169096],[-123.839335,44.169108],[-123.839326,44.169119],[-123.839318,44.169131],[-123.839309,44.169143],[-123.8393,44.169155],[-123.839291,44.169167],[-123.839282,44.169178],[-123.839273,44.16919],[-123.839264,44.169202],[-123.839255,44.169214],[-123.839246,44.169225],[-123.839237,44.169237],[-123.839228,44.169248],[-123.839218,44.16926],[-123.839209,44.169272],[-123.839199,44.169283],[-123.83919,44.169294],[-123.83918,44.169306],[-123.83917,44.169317],[-123.83916,44.169329],[-123.839151,44.169341],[-123.839141,44.169353],[-123.839131,44.169364],[-123.839121,44.169376],[-123.839111,44.169388],[-123.839101,44.169399],[-123.839091,44.169411],[-123.839081,44.169423],[-123.839071,44.169434],[-123.839061,44.169446],[-123.839051,44.169458],[-123.839041,44.16947],[-123.839031,44.169481],[-123.839021,44.169493],[-123.839011,44.169505],[-123.839002,44.169516],[-123.838992,44.169528],[-123.838982,44.16954],[-123.838972,44.169552],[-123.838962,44.169563],[-123.838952,44.169575],[-123.838941,44.169588],[-123.838931,44.169601],[-123.838921,44.169613],[-123.838911,44.169626],[-123.838901,44.169639],[-123.838892,44.169653],[-123.838883,44.169666],[-123.838874,44.169679],[-123.838865,44.169693],[-123.838857,44.169706],[-123.838849,44.16972],[-123.838841,44.169733],[-123.838833,44.169747],[-123.838825,44.169761],[-123.838818,44.169774],[-123.838811,44.169788],[-123.838805,44.169802],[-123.838798,44.169816],[-123.838792,44.16983],[-123.838786,44.169845],[-123.83878,44.169859],[-123.838775,44.169873],[-123.83877,44.169887],[-123.838765,44.169902],[-123.83876,44.169917],[-123.838756,44.169932],[-123.838752,44.169946],[-123.838748,44.169961],[-123.838745,44.169976],[-123.838742,44.16999],[-123.838739,44.170005],[-123.838737,44.17002],[-123.838735,44.170035],[-123.838733,44.17005],[-123.838731,44.170064],[-123.83873,44.170078],[-123.838729,44.170093],[-123.838728,44.170107],[-123.838727,44.170122],[-123.838726,44.170137],[-123.838726,44.170152],[-123.838726,44.170166],[-123.838726,44.170181],[-123.838727,44.170194],[-123.838726,44.170207],[-123.838726,44.17022],[-123.838726,44.170234],[-123.838726,44.170248],[-123.838726,44.170262],[-123.838726,44.170276],[-123.838727,44.17029],[-123.838727,44.170303],[-123.838726,44.170314],[-123.838726,44.170327],[-123.838725,44.17034],[-123.838724,44.170353],[-123.838722,44.170366],[-123.838721,44.170379],[-123.83872,44.170392],[-123.838718,44.170405],[-123.838716,44.170417],[-123.838714,44.170429],[-123.838712,44.170441],[-123.838709,44.170454],[-123.838706,44.170467],[-123.838703,44.170479],[-123.8387,44.170491],[-123.838696,44.170504],[-123.838693,44.170516],[-123.838689,44.170529],[-123.838685,44.170541],[-123.83868,44.170553],[-123.838675,44.170566],[-123.83867,44.17058],[-123.838666,44.170592],[-123.838661,44.170605],[-123.838656,44.170617],[-123.838651,44.17063],[-123.838646,44.170642],[-123.83864,44.170655],[-123.838635,44.170667],[-123.838629,44.170679],[-123.838623,44.170692],[-123.838617,44.170704],[-123.838611,44.170716],[-123.838604,44.170729],[-123.838598,44.170741],[-123.838591,44.170754],[-123.838584,44.170767],[-123.838578,44.17078],[-123.838571,44.170793],[-123.838564,44.170806],[-123.838558,44.170819],[-123.838551,44.170831],[-123.838544,44.170844],[-123.838538,44.170857],[-123.838531,44.17087],[-123.838524,44.170883],[-123.838518,44.170896],[-123.838511,44.170908],[-123.838504,44.170921],[-123.838498,44.170934],[-123.838491,44.170947],[-123.838484,44.17096],[-123.838477,44.170973],[-123.838471,44.170986],[-123.838464,44.170998],[-123.838457,44.171011],[-123.838451,44.171024],[-123.838444,44.171037],[-123.838437,44.17105],[-123.838431,44.171062],[-123.838424,44.171075],[-123.838418,44.171087],[-123.838411,44.1711],[-123.838404,44.171112],[-123.838397,44.171124],[-123.83839,44.171136],[-123.838383,44.171149],[-123.838376,44.171161],[-123.838368,44.171173],[-123.838361,44.171185],[-123.838354,44.171197],[-123.838346,44.171209],[-123.838338,44.171221],[-123.838331,44.171233],[-123.838323,44.171245],[-123.838315,44.171257],[-123.838307,44.171269],[-123.838299,44.17128],[-123.838292,44.17129],[-123.838283,44.171301],[-123.838274,44.171312],[-123.838265,44.171323],[-123.838256,44.171334],[-123.838247,44.171345],[-123.838237,44.171356],[-123.838228,44.171367],[-123.838218,44.171377],[-123.838208,44.171388],[-123.838198,44.171398],[-123.838191,44.171405],[-123.838191,44.171405],[-123.838187,44.171408],[-123.838176,44.171419],[-123.838165,44.17143],[-123.838154,44.171441],[-123.838142,44.171452],[-123.838131,44.171463],[-123.83812,44.171474],[-123.838108,44.171485],[-123.838097,44.171496],[-123.838086,44.171507],[-123.838074,44.171518],[-123.838063,44.17153],[-123.838052,44.171541],[-123.83804,44.171552],[-123.838029,44.171563],[-123.838018,44.171574],[-123.838006,44.171585],[-123.837995,44.171596],[-123.837984,44.171607],[-123.837971,44.171619],[-123.837959,44.171632],[-123.837947,44.171645],[-123.837936,44.171657],[-123.837925,44.17167],[-123.837915,44.171683],[-123.837904,44.171696],[-123.837894,44.171709],[-123.837885,44.171722],[-123.837875,44.171736],[-123.837866,44.171749],[-123.837857,44.171763],[-123.837848,44.171776],[-123.83784,44.17179],[-123.837832,44.171804],[-123.837824,44.171818],[-123.837817,44.171831],[-123.837809,44.171846],[-123.837802,44.17186],[-123.837796,44.171874],[-123.83779,44.171888],[-123.837784,44.171902],[-123.837778,44.171917],[-123.837773,44.171931],[-123.837767,44.171944],[-123.837762,44.171959],[-123.837758,44.171973],[-123.837753,44.171987],[-123.837749,44.172002],[-123.837745,44.172016],[-123.837741,44.172031],[-123.837737,44.172045],[-123.837734,44.172058],[-123.837731,44.17207],[-123.837727,44.172084],[-123.837724,44.172098],[-123.83772,44.172112],[-123.837716,44.172125],[-123.837713,44.172139],[-123.83771,44.172153],[-123.837706,44.172167],[-123.837703,44.172181],[-123.8377,44.172194],[-123.837697,44.172208],[-123.837694,44.172221],[-123.837691,44.172235],[-123.837688,44.172249],[-123.837685,44.172263],[-123.837682,44.172276],[-123.837679,44.17229],[-123.837676,44.172304],[-123.837673,44.172318],[-123.837671,44.172331],[-123.837668,44.172345],[-123.837665,44.172359],[-123.837663,44.172373],[-123.83766,44.172387],[-123.837657,44.1724],[-123.837655,44.172414],[-123.837652,44.172427],[-123.83765,44.172441],[-123.837647,44.172455],[-123.837645,44.172469],[-123.837642,44.172482],[-123.83764,44.172496],[-123.837638,44.17251],[-123.837635,44.172523],[-123.837633,44.172537],[-123.837631,44.172551],[-123.837628,44.172566],[-123.837627,44.172582],[-123.837625,44.172596],[-123.837624,44.17261],[-123.837623,44.172624],[-123.837622,44.17264],[-123.837621,44.172656],[-123.837621,44.172673],[-123.837622,44.172688],[-123.837624,44.172704],[-123.837626,44.17272],[-123.837628,44.172735],[-123.837631,44.17275],[-123.837635,44.172766],[-123.837639,44.172781],[-123.837643,44.172798],[-123.837649,44.172814],[-123.837656,44.17283],[-123.837663,44.172845],[-123.83767,44.17286],[-123.837678,44.172875],[-123.837687,44.17289],[-123.837696,44.172904],[-123.837706,44.172919],[-123.837717,44.172934],[-123.837731,44.17295],[-123.837744,44.172965],[-123.837759,44.172978],[-123.837773,44.172991],[-123.837789,44.173004],[-123.837805,44.173016],[-123.837822,44.173028],[-123.837839,44.173039],[-123.837857,44.17305],[-123.837876,44.173061],[-123.837895,44.17307],[-123.837915,44.17308],[-123.837935,44.173088],[-123.837953,44.173095],[-123.83797,44.173102],[-123.83799,44.17311],[-123.83801,44.173117],[-123.838031,44.173124],[-123.838052,44.17313],[-123.838073,44.173136],[-123.838094,44.173141],[-123.838116,44.173146],[-123.838138,44.17315],[-123.83816,44.173154],[-123.83818,44.173157],[-123.838197,44.17316],[-123.838215,44.173163],[-123.838236,44.173166],[-123.838257,44.173169],[-123.838278,44.173172],[-123.838299,44.173174],[-123.83832,44.173176],[-123.838341,44.173178],[-123.838362,44.17318],[-123.838383,44.173181],[-123.838403,44.173182],[-123.838423,44.173183],[-123.838442,44.173184],[-123.838463,44.173184],[-123.838483,44.173185],[-123.838504,44.173185],[-123.838524,44.173185],[-123.838545,44.173185],[-123.838566,44.173185],[-123.838586,44.173184],[-123.838607,44.173184],[-123.838627,44.173183],[-123.838648,44.173182],[-123.838668,44.17318],[-123.838689,44.173179],[-123.838708,44.173177],[-123.838726,44.173176],[-123.838745,44.173175],[-123.838765,44.173173],[-123.838785,44.173172],[-123.838805,44.17317],[-123.838824,44.173168],[-123.838844,44.173166],[-123.838864,44.173164],[-123.838884,44.173162],[-123.838904,44.173159],[-123.838923,44.173157],[-123.838943,44.173154],[-123.838963,44.173152],[-123.838982,44.173149],[-123.839,44.173146],[-123.839019,44.173144],[-123.839038,44.173141],[-123.839057,44.173138],[-123.839076,44.173136],[-123.839096,44.173133],[-123.839115,44.17313],[-123.839134,44.173127],[-123.839153,44.173123],[-123.839172,44.17312],[-123.839191,44.173117],[-123.839211,44.173113],[-123.839232,44.173109],[-123.839252,44.173105],[-123.839272,44.173101],[-123.839291,44.173097],[-123.83931,44.173092],[-123.839329,44.173088],[-123.839348,44.173083],[-123.839367,44.173078],[-123.839386,44.173073],[-123.839405,44.173068],[-123.839424,44.173062],[-123.839443,44.173057],[-123.839462,44.173051],[-123.83948,44.173045],[-123.839499,44.173039],[-123.839517,44.173033],[-123.839536,44.173027],[-123.839554,44.17302],[-123.839573,44.173014],[-123.839591,44.173007],[-123.839609,44.173],[-123.839626,44.172993],[-123.839644,44.172986],[-123.839662,44.172979],[-123.839679,44.172971],[-123.839697,44.172964],[-123.839714,44.172956],[-123.83973,44.172949],[-123.839746,44.172942],[-123.839762,44.172934],[-123.839779,44.172927],[-123.839796,44.172919],[-123.839812,44.172911],[-123.839829,44.172903],[-123.839845,44.172895],[-123.839862,44.172887],[-123.839878,44.172879],[-123.839894,44.172871],[-123.83991,44.172862],[-123.839927,44.172854],[-123.839943,44.172846],[-123.839959,44.172837],[-123.839974,44.172828],[-123.839989,44.17282],[-123.840003,44.172813],[-123.840019,44.172804],[-123.840034,44.172796],[-123.840049,44.172788],[-123.840065,44.17278],[-123.84008,44.172772],[-123.840095,44.172764],[-123.840111,44.172756],[-123.840126,44.172747],[-123.840141,44.172739],[-123.840157,44.172731],[-123.840172,44.172723],[-123.840187,44.172715],[-123.840203,44.172707],[-123.840218,44.172698],[-123.840233,44.17269],[-123.840249,44.172682],[-123.840264,44.172674],[-123.840279,44.172666],[-123.840294,44.172658],[-123.84031,44.172649],[-123.840325,44.172641],[-123.84034,44.172633],[-123.840356,44.172625],[-123.840371,44.172617],[-123.840386,44.172609],[-123.840401,44.172601],[-123.840416,44.172593],[-123.840431,44.172586],[-123.840446,44.172578],[-123.840461,44.172571],[-123.840476,44.172563],[-123.840491,44.172556],[-123.840507,44.172548],[-123.840522,44.172541],[-123.840537,44.172534],[-123.840553,44.172527],[-123.840568,44.172519],[-123.840584,44.172512],[-123.8406,44.172505],[-123.840615,44.172498],[-123.840631,44.172492],[-123.840647,44.172485],[-123.840663,44.172478],[-123.840679,44.172471],[-123.840695,44.172465],[-123.840711,44.172458],[-123.840727,44.172452],[-123.840743,44.172445],[-123.840759,44.172439],[-123.840776,44.172432],[-123.840792,44.172426],[-123.840808,44.17242],[-123.840825,44.172413],[-123.840841,44.172407],[-123.840858,44.172401],[-123.840874,44.172395],[-123.840891,44.172389],[-123.840907,44.172383],[-123.840924,44.172377],[-123.84094,44.172371],[-123.840957,44.172366],[-123.840974,44.17236],[-123.84099,44.172354],[-123.841007,44.172349],[-123.841024,44.172343],[-123.841041,44.172338],[-123.841058,44.172332],[-123.841073,44.172328],[-123.84109,44.172323],[-123.841107,44.172318],[-123.841125,44.172313],[-123.841143,44.172307],[-123.84116,44.172302],[-123.841178,44.172297],[-123.841196,44.172292],[-123.841213,44.172287],[-123.841231,44.172282],[-123.841249,44.172277],[-123.841266,44.172272],[-123.841284,44.172267],[-123.841302,44.172261],[-123.841319,44.172256],[-123.841337,44.172251],[-123.841355,44.172246],[-123.841372,44.172241],[-123.84139,44.172236],[-123.841408,44.172231],[-123.841425,44.172226],[-123.841443,44.17222],[-123.841461,44.172215],[-123.841478,44.17221],[-123.841496,44.172205],[-123.841514,44.1722],[-123.841531,44.172195],[-123.841549,44.17219],[-123.841567,44.172185],[-123.841585,44.17218],[-123.841602,44.172174],[-123.84162,44.172169],[-123.841638,44.172164],[-123.841655,44.172159],[-123.841673,44.172154],[-123.841691,44.172149],[-123.841708,44.172144],[-123.841726,44.172139],[-123.841744,44.172133],[-123.841761,44.172128],[-123.841779,44.172123],[-123.841797,44.172118],[-123.841814,44.172113],[-123.841832,44.172108],[-123.84185,44.172103],[-123.841867,44.172098],[-123.841885,44.172093],[-123.841903,44.172087],[-123.84192,44.172082],[-123.841938,44.172077],[-123.841956,44.172072],[-123.841973,44.172067],[-123.841991,44.172062],[-123.842009,44.172057],[-123.842025,44.172052],[-123.842041,44.172048],[-123.842057,44.172043],[-123.842074,44.172039],[-123.842091,44.172035],[-123.842108,44.172031],[-123.842125,44.172027],[-123.842143,44.172024],[-123.84216,44.17202],[-123.842177,44.172017],[-123.842194,44.172013],[-123.842212,44.17201],[-123.842229,44.172007],[-123.842246,44.172004],[-123.842264,44.172001],[-123.842281,44.171999],[-123.842299,44.171996],[-123.842316,44.171994],[-123.842334,44.171991],[-123.842352,44.171989],[-123.842369,44.171987],[-123.842387,44.171985],[-123.842405,44.171984],[-123.842422,44.171982],[-123.84244,44.17198],[-123.842458,44.171979],[-123.842476,44.171978],[-123.842494,44.171977],[-123.842511,44.171976],[-123.842529,44.171975],[-123.842546,44.171974],[-123.842563,44.171974],[-123.84258,44.171974],[-123.842598,44.171974],[-123.842616,44.171974],[-123.842633,44.171974],[-123.842651,44.171975],[-123.842668,44.171975],[-123.842686,44.171976],[-123.842703,44.171977],[-123.842721,44.171978],[-123.842739,44.171979],[-123.842756,44.171981],[-123.842768,44.171982],[-123.842781,44.171984],[-123.842796,44.171987],[-123.842812,44.17199],[-123.842828,44.171993],[-123.842843,44.171997],[-123.842858,44.172001],[-123.842873,44.172005],[-123.842888,44.172009],[-123.842903,44.172014],[-123.842918,44.172019],[-123.842933,44.172024],[-123.842947,44.17203],[-123.842961,44.172036],[-123.842975,44.172042],[-123.842989,44.172048],[-123.843003,44.172055],[-123.843016,44.172061],[-123.843029,44.172068],[-123.843042,44.172076],[-123.843055,44.172083],[-123.843067,44.172091],[-123.843079,44.172098],[-123.843091,44.172106],[-123.843103,44.172115],[-123.843114,44.172123],[-123.843125,44.172132],[-123.843136,44.17214],[-123.843147,44.172149],[-123.843157,44.172159],[-123.843171,44.172171],[-123.843185,44.172183],[-123.843196,44.172192],[-123.843207,44.172202],[-123.843218,44.172212],[-123.843229,44.172222],[-123.843239,44.172232],[-123.84325,44.172242],[-123.84326,44.172252],[-123.84327,44.172263],[-123.84328,44.172273],[-123.84329,44.172284],[-123.843299,44.172294],[-123.843309,44.172305],[-123.843319,44.172317],[-123.84333,44.172329],[-123.84334,44.172341],[-123.84335,44.172353],[-123.84336,44.172364],[-123.843371,44.172376],[-123.843381,44.172387],[-123.843391,44.172399],[-123.843401,44.17241],[-123.843411,44.172422],[-123.843422,44.172434],[-123.843432,44.172445],[-123.843442,44.172457],[-123.843452,44.172468],[-123.843463,44.17248],[-123.843473,44.172491],[-123.843483,44.172503],[-123.843493,44.172515],[-123.843504,44.172526],[-123.843514,44.172538],[-123.843524,44.172549],[-123.843534,44.172561],[-123.843544,44.172572],[-123.843555,44.172584],[-123.843565,44.172596],[-123.843575,44.172607],[-123.843585,44.172619],[-123.843596,44.17263],[-123.843606,44.172642],[-123.843616,44.172653],[-123.843626,44.172665],[-123.843636,44.172676],[-123.843646,44.172687],[-123.843655,44.172698],[-123.843664,44.172709],[-123.843673,44.172721],[-123.843683,44.172732],[-123.843691,44.172743],[-123.8437,44.172755],[-123.843709,44.172766],[-123.843718,44.172778],[-123.843726,44.172789],[-123.843734,44.172801],[-123.843743,44.172813],[-123.843751,44.172824],[-123.843759,44.172836],[-123.843767,44.172848],[-123.843774,44.17286],[-123.843782,44.172872],[-123.843789,44.172884],[-123.843797,44.172896],[-123.843804,44.172908],[-123.843811,44.17292],[-123.843818,44.172932],[-123.843825,44.172944],[-123.843831,44.172956],[-123.843838,44.172968],[-123.843844,44.17298],[-123.84385,44.172993],[-123.843856,44.173005],[-123.843862,44.173017],[-123.843868,44.17303],[-123.843874,44.173042],[-123.84388,44.173056],[-123.843887,44.173069],[-123.843892,44.173082],[-123.843898,44.173094],[-123.843904,44.173107],[-123.84391,44.17312],[-123.843915,44.173132],[-123.843921,44.173145],[-123.843926,44.173158],[-123.843932,44.173171],[-123.843937,44.173184],[-123.843943,44.173197],[-123.843949,44.173211],[-123.843955,44.173224],[-123.84396,44.173237],[-123.843966,44.17325],[-123.843971,44.173263],[-123.843977,44.173276],[-123.843982,44.173289],[-123.843988,44.173302],[-123.843993,44.173315],[-123.843999,44.173328],[-123.844004,44.173341],[-123.844009,44.173353],[-123.844014,44.173366],[-123.84402,44.173379],[-123.844025,44.173392],[-123.84403,44.173405],[-123.844035,44.173419],[-123.84404,44.173432],[-123.844045,44.173445],[-123.84405,44.173458],[-123.844054,44.173471],[-123.844059,44.173484],[-123.844064,44.173496],[-123.844068,44.173509],[-123.844072,44.173522],[-123.844077,44.173535],[-123.844081,44.173549],[-123.844086,44.173562],[-123.84409,44.173575],[-123.844095,44.173589],[-123.844099,44.173602],[-123.844104,44.173615],[-123.844108,44.173629],[-123.844113,44.173642],[-123.844117,44.173655],[-123.844122,44.173669],[-123.844126,44.173682],[-123.84413,44.173693],[-123.844131,44.173695],[-123.844135,44.173709],[-123.84414,44.173722],[-123.844144,44.173735],[-123.844149,44.173749],[-123.844153,44.173762],[-123.844158,44.173775],[-123.844162,44.173789],[-123.844167,44.173802],[-123.844171,44.173815],[-123.844176,44.173829],[-123.84418,44.173842],[-123.844184,44.173855],[-123.844189,44.173869],[-123.844193,44.173882],[-123.844198,44.173895],[-123.844202,44.173909],[-123.844207,44.173922],[-123.844211,44.173935],[-123.844216,44.173949],[-123.84422,44.173962],[-123.844225,44.173975],[-123.844229,44.173989],[-123.844234,44.174002],[-123.844238,44.174015],[-123.844243,44.174029],[-123.844247,44.174042],[-123.844252,44.174055],[-123.844256,44.174069],[-123.844261,44.174082],[-123.844265,44.174095],[-123.84427,44.174109],[-123.844274,44.174122],[-123.844279,44.174135],[-123.844283,44.174149],[-123.844288,44.174162],[-123.844292,44.174175],[-123.844297,44.174189],[-123.844301,44.174202],[-123.844306,44.174215],[-123.84431,44.174229],[-123.844315,44.174242],[-123.844319,44.174255],[-123.844323,44.174269],[-123.844328,44.174282],[-123.844332,44.174295],[-123.844337,44.174309],[-123.844341,44.174322],[-123.844346,44.174335],[-123.84435,44.174349],[-123.844355,44.174362],[-123.844359,44.174375],[-123.844364,44.174389],[-123.844368,44.174402],[-123.844373,44.174415],[-123.844377,44.174429],[-123.844382,44.174442],[-123.844386,44.174455],[-123.844391,44.174469],[-123.844395,44.174482],[-123.8444,44.174495],[-123.844404,44.174509],[-123.844409,44.174522],[-123.844413,44.174535],[-123.844418,44.174549],[-123.844422,44.174562],[-123.844427,44.174575],[-123.844431,44.174589],[-123.844436,44.174602],[-123.84444,44.174615],[-123.844444,44.174628],[-123.844449,44.174641],[-123.844453,44.174654],[-123.844457,44.174667],[-123.84446,44.17468],[-123.844464,44.174693],[-123.844468,44.174706],[-123.844472,44.174719],[-123.844475,44.174732],[-123.844479,44.174746],[-123.844483,44.174759],[-123.844486,44.174772],[-123.844489,44.174785],[-123.844493,44.174798],[-123.844496,44.174812],[-123.844499,44.174825],[-123.844502,44.174838],[-123.844505,44.174851],[-123.844508,44.174864],[-123.844511,44.174878],[-123.844514,44.174891],[-123.844517,44.174904],[-123.844519,44.174917],[-123.844522,44.174931],[-123.844525,44.174944],[-123.844527,44.174956],[-123.844529,44.174969],[-123.844531,44.174982],[-123.844532,44.174995],[-123.844534,44.175008],[-123.844535,44.175021],[-123.844537,44.175034],[-123.844538,44.175047],[-123.844539,44.17506],[-123.84454,44.175073],[-123.844541,44.175087],[-123.844542,44.1751],[-123.844542,44.175113],[-123.844543,44.175126],[-123.844543,44.175139],[-123.844543,44.175153],[-123.844543,44.175166],[-123.844543,44.175179],[-123.844543,44.175192],[-123.844543,44.175205],[-123.844543,44.175218],[-123.844542,44.175232],[-123.844542,44.175245],[-123.844541,44.175258],[-123.84454,44.175271],[-123.844539,44.175284],[-123.844538,44.175297],[-123.844537,44.17531],[-123.844535,44.175323],[-123.844534,44.175336],[-123.844532,44.175349],[-123.84453,44.175362],[-123.844528,44.175375],[-123.844526,44.175388],[-123.844524,44.175401],[-123.844522,44.175414],[-123.844519,44.175427],[-123.844516,44.17544],[-123.844514,44.175453],[-123.844511,44.175466],[-123.844508,44.175478],[-123.844505,44.175489],[-123.844501,44.175502],[-123.844497,44.175514],[-123.844493,44.175526],[-123.844488,44.175539],[-123.844484,44.175551],[-123.844479,44.175563],[-123.844474,44.175576],[-123.844469,44.175588],[-123.844463,44.1756],[-123.844458,44.175612],[-123.844452,44.175624],[-123.844446,44.175636],[-123.84444,44.175648],[-123.84444,44.175649],[-123.844433,44.17566],[-123.844427,44.175672],[-123.84442,44.175684],[-123.844413,44.175697],[-123.844405,44.175711],[-123.844398,44.175724],[-123.844391,44.175736],[-123.844384,44.175749],[-123.844377,44.175762],[-123.84437,44.175775],[-123.844363,44.175788],[-123.844356,44.1758],[-123.844349,44.175813],[-123.844342,44.175826],[-123.844336,44.175839],[-123.844329,44.175851],[-123.844322,44.175864],[-123.844315,44.175877],[-123.844308,44.17589],[-123.844301,44.175902],[-123.844294,44.175915],[-123.844287,44.175928],[-123.84428,44.175941],[-123.844273,44.175954],[-123.844266,44.175966],[-123.844259,44.175979],[-123.844252,44.175992],[-123.844245,44.176005],[-123.844238,44.176017],[-123.844231,44.17603],[-123.844224,44.176043],[-123.844217,44.176056],[-123.84421,44.176068],[-123.844203,44.176081],[-123.844196,44.176094],[-123.844189,44.176107],[-123.844182,44.176119],[-123.844175,44.176132],[-123.844168,44.176145],[-123.844161,44.176158],[-123.844154,44.176171],[-123.844147,44.176183],[-123.84414,44.176196],[-123.844133,44.176209],[-123.844126,44.176222],[-123.84412,44.176234],[-123.844112,44.176248],[-123.844105,44.176261],[-123.844098,44.176275],[-123.844092,44.176288],[-123.844085,44.176301],[-123.844079,44.176314],[-123.844072,44.176328],[-123.844066,44.176341],[-123.844065,44.176341],[-123.844059,44.176354],[-123.844053,44.176367],[-123.844047,44.176381],[-123.844041,44.176394],[-123.844035,44.176407],[-123.844029,44.176421],[-123.844023,44.176434],[-123.844017,44.176448],[-123.844012,44.176461],[-123.844006,44.176474],[-123.844,44.176488],[-123.843995,44.176501],[-123.84399,44.176515],[-123.843984,44.176528],[-123.843979,44.176542],[-123.843974,44.176555],[-123.843969,44.176569],[-123.843963,44.176583],[-123.843958,44.176598],[-123.843954,44.176612],[-123.843949,44.176626],[-123.843945,44.17664],[-123.843941,44.176654],[-123.843937,44.176668],[-123.843933,44.176682],[-123.84393,44.176696],[-123.843926,44.17671],[-123.843923,44.176724],[-123.84392,44.176739],[-123.843917,44.176753],[-123.843913,44.17677],[-123.843911,44.176787],[-123.84391,44.176802],[-123.843909,44.176817],[-123.843909,44.176833],[-123.843909,44.176848],[-123.843909,44.176863],[-123.84391,44.176878],[-123.843911,44.176893],[-123.843913,44.176908],[-123.843915,44.176923],[-123.843917,44.176939],[-123.843919,44.176954],[-123.843922,44.176969],[-123.843926,44.176984],[-123.843929,44.176999],[-123.843934,44.177014],[-123.843938,44.177029],[-123.843943,44.177043],[-123.843948,44.177058],[-123.843953,44.177072],[-123.843958,44.177085],[-123.843964,44.177099],[-123.84397,44.177113],[-123.843976,44.177127],[-123.843982,44.177141],[-123.843988,44.177155],[-123.843995,44.177169],[-123.844002,44.177183],[-123.844009,44.177197],[-123.844016,44.177211],[-123.844024,44.177224],[-123.844032,44.177238],[-123.84404,44.177251],[-123.844043,44.177257],[-123.844048,44.177265],[-123.844055,44.177277],[-123.844059,44.177283],[-123.844063,44.177289],[-123.844071,44.177302],[-123.844078,44.177314],[-123.844086,44.177327],[-123.844094,44.177339],[-123.844101,44.177352],[-123.844109,44.177365],[-123.844117,44.177377],[-123.844124,44.17739],[-123.844132,44.177402],[-123.84414,44.177415],[-123.844147,44.177427],[-123.844155,44.17744],[-123.844163,44.177452],[-123.844164,44.177454],[-123.84417,44.177465],[-123.844178,44.177478],[-123.844186,44.17749],[-123.844193,44.177503],[-123.844201,44.177515],[-123.844209,44.177528],[-123.844216,44.17754],[-123.844224,44.177553],[-123.844232,44.177565],[-123.844239,44.177578],[-123.844247,44.177591],[-123.844255,44.177603],[-123.844262,44.177616],[-123.84427,44.177628],[-123.844278,44.177641],[-123.844285,44.177653],[-123.844293,44.177666],[-123.844301,44.177678],[-123.844308,44.177691],[-123.844316,44.177704],[-123.844324,44.177716],[-123.844331,44.177729],[-123.844339,44.177741],[-123.844347,44.177754],[-123.844354,44.177766],[-123.844362,44.177779],[-123.84437,44.177791],[-123.844377,44.177804],[-123.844385,44.177817],[-123.844393,44.177829],[-123.8444,44.177842],[-123.844408,44.177854],[-123.844416,44.177867],[-123.844424,44.177879],[-123.844431,44.177892],[-123.844439,44.177904],[-123.844447,44.177917],[-123.844454,44.17793],[-123.844462,44.177942],[-123.84447,44.177955],[-123.844477,44.177967],[-123.844485,44.17798],[-123.844493,44.177992],[-123.8445,44.178005],[-123.844508,44.178017],[-123.844516,44.17803],[-123.844523,44.178043],[-123.844531,44.178055],[-123.844539,44.178068],[-123.844546,44.17808],[-123.844554,44.178093],[-123.844562,44.178105],[-123.844569,44.178118],[-123.844577,44.17813],[-123.844585,44.178143],[-123.844592,44.178156],[-123.8446,44.178168],[-123.844608,44.178181],[-123.844615,44.178193],[-123.844623,44.178206],[-123.844631,44.178218],[-123.844638,44.178231],[-123.844646,44.178243],[-123.844654,44.178256],[-123.844661,44.178269],[-123.844669,44.178281],[-123.844677,44.178294],[-123.844684,44.178306],[-123.844692,44.178319],[-123.8447,44.178331],[-123.844707,44.178344],[-123.844714,44.178356],[-123.844722,44.178368],[-123.84473,44.178381],[-123.844738,44.178395],[-123.844747,44.178409],[-123.844756,44.178423],[-123.844766,44.178436],[-123.844776,44.178449],[-123.844786,44.178463],[-123.844796,44.178476],[-123.844807,44.178489],[-123.844818,44.178502],[-123.84483,44.178514],[-123.844841,44.178527],[-123.844853,44.178539],[-123.844866,44.178552],[-123.844881,44.178565],[-123.844896,44.178579],[-123.844911,44.17859],[-123.844927,44.178602],[-123.844943,44.178613],[-123.844959,44.178624],[-123.844975,44.178634],[-123.844988,44.178642],[-123.845013,44.178656],[-123.845032,44.178665],[-123.845051,44.178674],[-123.84507,44.178682],[-123.845088,44.17869],[-123.845106,44.178697],[-123.845125,44.178704],[-123.845144,44.178711],[-123.845163,44.178718],[-123.845182,44.178724],[-123.845201,44.17873],[-123.845221,44.178736],[-123.845241,44.178742],[-123.845261,44.178747],[-123.845281,44.178752],[-123.845301,44.178757],[-123.845321,44.178762],[-123.845341,44.178766],[-123.845361,44.17877],[-123.845381,44.178774],[-123.845402,44.178777],[-123.845422,44.178781],[-123.845443,44.178784],[-123.845464,44.178786],[-123.845484,44.178789],[-123.845505,44.178791],[-123.845526,44.178793],[-123.845547,44.178795],[-123.845568,44.178796],[-123.84559,44.178798],[-123.845612,44.178798],[-123.845633,44.178799],[-123.845655,44.178799],[-123.845676,44.178799],[-123.845697,44.178798],[-123.845719,44.178797],[-123.84574,44.178796],[-123.845761,44.178795],[-123.845782,44.178793],[-123.845803,44.178791],[-123.845824,44.178789],[-123.845841,44.178787],[-123.845858,44.178785],[-123.845878,44.178784],[-123.845898,44.178782],[-123.845917,44.178779],[-123.845937,44.178777],[-123.845957,44.178775],[-123.845977,44.178772],[-123.845996,44.17877],[-123.846016,44.178767],[-123.846036,44.178764],[-123.846055,44.178761],[-123.846075,44.178758],[-123.846095,44.178755],[-123.846114,44.178752],[-123.846133,44.178748],[-123.846153,44.178745],[-123.846171,44.178742],[-123.846189,44.178738],[-123.846208,44.178735],[-123.846227,44.178731],[-123.846246,44.178728],[-123.846265,44.178724],[-123.846284,44.17872],[-123.846303,44.178716],[-123.846322,44.178712],[-123.846341,44.178708],[-123.84636,44.178704],[-123.846379,44.1787],[-123.846398,44.178696],[-123.846416,44.178691],[-123.846435,44.178687],[-123.846454,44.178682],[-123.846472,44.178678],[-123.84649,44.178674],[-123.846508,44.178669],[-123.846526,44.178665],[-123.846544,44.17866],[-123.846562,44.178656],[-123.84658,44.178651],[-123.846598,44.178647],[-123.846617,44.178643],[-123.846635,44.178638],[-123.846653,44.178634],[-123.846671,44.178629],[-123.846689,44.178625],[-123.846707,44.17862],[-123.846725,44.178616],[-123.846743,44.178612],[-123.846761,44.178607],[-123.846779,44.178603],[-123.846797,44.178598],[-123.846815,44.178594],[-123.846833,44.178589],[-123.846851,44.178585],[-123.846869,44.178581],[-123.846887,44.178576],[-123.846905,44.178572],[-123.846923,44.178567],[-123.846941,44.178563],[-123.846959,44.178558],[-123.846977,44.178554],[-123.846995,44.17855],[-123.847013,44.178545],[-123.847031,44.178541],[-123.847049,44.178536],[-123.847067,44.178532],[-123.847085,44.178528],[-123.847104,44.178523],[-123.847122,44.178519],[-123.84714,44.178514],[-123.847158,44.17851],[-123.847176,44.178505],[-123.847194,44.178501],[-123.847212,44.178497],[-123.84723,44.178492],[-123.847248,44.178488],[-123.847266,44.178483],[-123.847284,44.178479],[-123.847301,44.178475],[-123.847319,44.17847],[-123.847337,44.178466],[-123.847355,44.178462],[-123.847373,44.178458],[-123.847391,44.178454],[-123.847409,44.178449],[-123.847427,44.178445],[-123.847445,44.178441],[-123.847463,44.178437],[-123.847481,44.178433],[-123.847499,44.178428],[-123.847517,44.178424],[-123.847536,44.17842],[-123.847554,44.178416],[-123.847572,44.178412],[-123.84759,44.178408],[-123.847608,44.178403],[-123.847626,44.178399],[-123.847643,44.178395],[-123.847661,44.178391],[-123.847679,44.178388],[-123.847697,44.178384],[-123.847715,44.17838],[-123.847733,44.178376],[-123.847752,44.178372],[-123.84777,44.178368],[-123.847788,44.178364],[-123.847806,44.178361],[-123.847824,44.178357],[-123.847842,44.178353],[-123.84786,44.17835],[-123.847878,44.178346],[-123.847897,44.178342],[-123.847915,44.178339],[-123.847933,44.178335],[-123.847952,44.178331],[-123.84797,44.178327],[-123.847988,44.178324],[-123.848007,44.17832],[-123.848025,44.178316],[-123.848043,44.178313],[-123.848062,44.178309],[-123.84808,44.178305],[-123.848099,44.178302],[-123.848117,44.178298],[-123.848135,44.178294],[-123.848154,44.17829],[-123.848172,44.178287],[-123.848191,44.178283],[-123.848208,44.178279],[-123.848223,44.178277],[-123.848239,44.178274],[-123.848255,44.178272],[-123.848271,44.17827],[-123.848287,44.178268],[-123.848303,44.178266],[-123.848319,44.178265],[-123.848335,44.178265],[-123.848351,44.178264],[-123.848367,44.178264],[-123.848383,44.178264],[-123.848399,44.178264],[-123.848415,44.178265],[-123.848431,44.178266],[-123.848447,44.178267],[-123.848463,44.178269],[-123.848479,44.178271],[-123.848495,44.178273],[-123.84851,44.178275],[-123.848526,44.178278],[-123.848541,44.178281],[-123.848555,44.178284],[-123.848569,44.178288],[-123.848583,44.178292],[-123.848597,44.178296],[-123.848612,44.178301],[-123.848625,44.178306],[-123.848639,44.178311],[-123.848652,44.178317],[-123.848666,44.178323],[-123.848678,44.178329],[-123.848691,44.178336],[-123.848703,44.178342],[-123.848715,44.178349],[-123.848727,44.178356],[-123.848738,44.178364],[-123.848748,44.178372],[-123.848759,44.17838],[-123.848769,44.178388],[-123.848779,44.178397],[-123.848788,44.178406],[-123.848797,44.178415],[-123.848806,44.178424],[-123.848815,44.178434],[-123.848825,44.178446],[-123.848835,44.178457],[-123.848843,44.178468],[-123.848852,44.178478],[-123.84886,44.178489],[-123.848867,44.178499],[-123.848875,44.17851],[-123.848882,44.178521],[-123.848889,44.178532],[-123.848895,44.178543],[-123.848902,44.178554],[-123.848907,44.178565],[-123.848913,44.178577],[-123.84892,44.178591],[-123.848927,44.178604],[-123.848933,44.178617],[-123.84894,44.17863],[-123.848946,44.178643],[-123.848953,44.178656],[-123.848959,44.178669],[-123.848966,44.178682],[-123.848973,44.178694],[-123.848979,44.178707],[-123.848986,44.17872],[-123.848992,44.178733],[-123.848999,44.178746],[-123.849005,44.178759],[-123.849012,44.178772],[-123.849018,44.178785],[-123.849025,44.178797],[-123.849031,44.17881],[-123.849038,44.178823],[-123.849045,44.178836],[-123.849051,44.178849],[-123.849058,44.178862],[-123.849064,44.178875],[-123.849071,44.178888],[-123.849079,44.178902],[-123.849086,44.178915],[-123.849093,44.178928],[-123.8491,44.178941],[-123.849107,44.178954],[-123.849114,44.178967],[-123.849121,44.178979],[-123.849128,44.178992],[-123.849136,44.179005],[-123.849143,44.179018],[-123.84915,44.179031],[-123.849158,44.179044],[-123.849165,44.179056],[-123.849173,44.179069],[-123.84918,44.179082],[-123.849188,44.179095],[-123.849195,44.179108],[-123.849203,44.17912],[-123.84921,44.179133],[-123.849218,44.179146],[-123.849226,44.179159],[-123.849233,44.179171],[-123.849241,44.179184],[-123.849248,44.179196],[-123.849255,44.179208],[-123.849263,44.17922],[-123.84927,44.179233],[-123.849277,44.179246],[-123.849285,44.179258],[-123.849292,44.179271],[-123.849299,44.179283],[-123.849306,44.179296],[-123.849314,44.179309],[-123.849321,44.179321],[-123.849327,44.179333],[-123.849334,44.179346],[-123.849341,44.179358],[-123.849348,44.179371],[-123.849354,44.179383],[-123.849361,44.179396],[-123.849368,44.179408],[-123.849374,44.179421],[-123.849381,44.179434],[-123.849387,44.179446],[-123.849394,44.179459],[-123.8494,44.179471],[-123.849406,44.179484],[-123.849412,44.179496],[-123.849417,44.179508],[-123.849423,44.179521],[-123.849429,44.179534],[-123.849434,44.179546],[-123.84944,44.179559],[-123.849445,44.179572],[-123.84945,44.179585],[-123.849455,44.179597],[-123.84946,44.17961],[-123.849465,44.179623],[-123.84947,44.179636],[-123.849475,44.179649],[-123.84948,44.179661],[-123.849484,44.179674],[-123.849489,44.179687],[-123.849493,44.1797],[-123.849497,44.179713],[-123.849502,44.179726],[-123.849506,44.179739],[-123.84951,44.179752],[-123.849514,44.179765],[-123.849518,44.179778],[-123.849521,44.179791],[-123.849525,44.179804],[-123.849529,44.179817],[-123.849532,44.179831],[-123.849536,44.179844],[-123.84954,44.179857],[-123.849543,44.17987],[-123.849546,44.179883],[-123.84955,44.179896],[-123.849553,44.17991],[-123.849556,44.179923],[-123.849559,44.179936],[-123.849562,44.179949],[-123.849565,44.179962],[-123.849568,44.179976],[-123.84957,44.179989],[-123.849573,44.180002],[-123.849576,44.180015],[-123.849578,44.180029],[-123.849581,44.180042],[-123.849583,44.180055],[-123.849585,44.180068],[-123.849587,44.180082],[-123.84959,44.180095],[-123.849592,44.180108],[-123.849594,44.180121],[-123.849596,44.180135],[-123.849597,44.180148],[-123.849599,44.180161],[-123.849601,44.180175],[-123.849602,44.180188],[-123.849604,44.180202],[-123.849606,44.180215],[-123.849607,44.180228],[-123.849608,44.180242],[-123.84961,44.180255],[-123.849611,44.180269],[-123.849612,44.180282],[-123.849613,44.180295],[-123.849614,44.180309],[-123.849615,44.180322],[-123.849616,44.180335],[-123.849617,44.180349],[-123.849618,44.180362],[-123.849618,44.180376],[-123.849619,44.180389],[-123.84962,44.180403],[-123.84962,44.180416],[-123.849621,44.180429],[-123.849621,44.180443],[-123.849621,44.180456],[-123.849621,44.18047],[-123.849622,44.180483],[-123.849622,44.180496],[-123.849622,44.18051],[-123.849622,44.180523],[-123.849621,44.180537],[-123.849621,44.18055],[-123.849621,44.180563],[-123.849621,44.180577],[-123.84962,44.18059],[-123.84962,44.180604],[-123.849619,44.180618],[-123.849619,44.180632],[-123.849619,44.180646],[-123.849619,44.180659],[-123.849618,44.180673],[-123.849618,44.180687],[-123.849618,44.180701],[-123.849617,44.180714],[-123.849617,44.180728],[-123.849617,44.180742],[-123.849617,44.180755],[-123.849616,44.180769],[-123.849616,44.180783],[-123.849616,44.180797],[-123.849615,44.18081],[-123.849615,44.180824],[-123.849615,44.180838],[-123.849615,44.180851],[-123.849614,44.180865],[-123.849614,44.18088],[-123.849614,44.180895],[-123.849614,44.180909],[-123.849615,44.180923],[-123.849615,44.180937],[-123.849616,44.180951],[-123.849616,44.180965],[-123.849617,44.180979],[-123.849617,44.180993],[-123.849618,44.181007],[-123.849619,44.181021],[-123.84962,44.181035],[-123.849621,44.181049],[-123.849622,44.181063],[-123.849623,44.181077],[-123.849625,44.181091],[-123.849626,44.181105],[-123.849627,44.181119],[-123.849629,44.181133],[-123.84963,44.181147],[-123.849632,44.181161],[-123.849634,44.181175],[-123.849636,44.181189],[-123.849638,44.181203],[-123.849639,44.181217],[-123.849641,44.18123],[-123.849643,44.181244],[-123.849645,44.181258],[-123.849647,44.181272],[-123.849649,44.181286],[-123.849652,44.1813],[-123.849654,44.181314],[-123.849656,44.181328],[-123.849658,44.181341],[-123.849661,44.181355],[-123.849663,44.181369],[-123.849666,44.181383],[-123.849668,44.181397],[-123.849671,44.181411],[-123.849674,44.181425],[-123.849677,44.181439],[-123.84968,44.181453],[-123.849683,44.181467],[-123.849686,44.18148],[-123.849689,44.181494],[-123.849692,44.181508],[-123.849696,44.181522],[-123.849699,44.181536],[-123.849703,44.181549],[-123.849706,44.181563],[-123.84971,44.181577],[-123.849713,44.181591],[-123.849717,44.181604],[-123.849721,44.181618],[-123.849724,44.181631],[-123.849728,44.181645],[-123.849732,44.181658],[-123.849735,44.181672],[-123.849739,44.181685],[-123.849743,44.181699],[-123.849747,44.181712],[-123.84975,44.181726],[-123.849754,44.181739],[-123.849758,44.181753],[-123.849761,44.181766],[-123.849765,44.181779],[-123.849769,44.181793],[-123.849772,44.181806],[-123.849776,44.18182],[-123.84978,44.181833],[-123.849783,44.181847],[-123.849787,44.18186],[-123.849791,44.181874],[-123.849795,44.181887],[-123.849798,44.181901],[-123.849802,44.181914],[-123.849806,44.181927],[-123.849807,44.181931],[-123.849809,44.181941],[-123.849813,44.181954],[-123.849817,44.181968],[-123.84982,44.181981],[-123.849824,44.181995],[-123.849828,44.182009],[-123.849832,44.182023],[-123.849836,44.182037],[-123.849841,44.18205],[-123.849845,44.182064],[-123.849849,44.182078],[-123.849854,44.182092],[-123.849859,44.182106],[-123.849863,44.182119],[-123.849868,44.182133],[-123.849873,44.182147],[-123.849878,44.18216],[-123.849883,44.182174],[-123.849889,44.182187],[-123.849894,44.182201],[-123.849899,44.182215],[-123.849905,44.182228],[-123.84991,44.182241],[-123.849916,44.182255],[-123.849922,44.182268],[-123.849927,44.182282],[-123.849933,44.182295],[-123.849939,44.182309],[-123.849945,44.182322],[-123.849951,44.182335],[-123.849957,44.182349],[-123.849964,44.182362],[-123.84997,44.182375],[-123.849976,44.182388],[-123.849982,44.182401],[-123.849988,44.182414],[-123.849994,44.182427],[-123.85,44.18244],[-123.850006,44.182453],[-123.850012,44.182466],[-123.850018,44.182479],[-123.850024,44.182492],[-123.85003,44.182505],[-123.850036,44.182518],[-123.850042,44.182531],[-123.850048,44.182544],[-123.850054,44.182557],[-123.85006,44.18257],[-123.850066,44.182583],[-123.850072,44.182596],[-123.850078,44.182609],[-123.850084,44.182622],[-123.850089,44.182635],[-123.850095,44.182647],[-123.8501,44.182659],[-123.850105,44.182671],[-123.85011,44.182683],[-123.850114,44.182696],[-123.850119,44.182708],[-123.850123,44.18272],[-123.850127,44.182733],[-123.850131,44.182745],[-123.850134,44.182758],[-123.850138,44.18277],[-123.850141,44.182783],[-123.850144,44.182795],[-123.850147,44.182808],[-123.850149,44.182821],[-123.850152,44.182833],[-123.850154,44.182846],[-123.850156,44.182859],[-123.850157,44.182871],[-123.850159,44.182884],[-123.85016,44.182897],[-123.850161,44.182909],[-123.850162,44.182922],[-123.850163,44.182935],[-123.850163,44.182948],[-123.850164,44.18296],[-123.850164,44.182973],[-123.850163,44.182986],[-123.850163,44.182998],[-123.850162,44.183011],[-123.850162,44.183024],[-123.850161,44.183036],[-123.850159,44.183049],[-123.850158,44.183062],[-123.850156,44.183074],[-123.850154,44.183087],[-123.850152,44.183099],[-123.850149,44.183112],[-123.850147,44.183125],[-123.850144,44.183137],[-123.850141,44.18315],[-123.850138,44.183162],[-123.850134,44.183174],[-123.850131,44.183186],[-123.850127,44.183199],[-123.850123,44.183211],[-123.850118,44.183223],[-123.850113,44.183235],[-123.850109,44.183247],[-123.850103,44.183259],[-123.850098,44.183271],[-123.850092,44.183283],[-123.850087,44.183295],[-123.850081,44.183307],[-123.850074,44.183319],[-123.850068,44.183331],[-123.850061,44.183344],[-123.850054,44.183357],[-123.850047,44.183369],[-123.85004,44.18338],[-123.850033,44.183392],[-123.850026,44.183404],[-123.850018,44.183416],[-123.850011,44.183428],[-123.850003,44.18344],[-123.849995,44.183451],[-123.849987,44.183463],[-123.849979,44.183474],[-123.849971,44.183486],[-123.849962,44.183498],[-123.849953,44.183511],[-123.849945,44.183523],[-123.849936,44.183535],[-123.849927,44.183546],[-123.849919,44.183558],[-123.84991,44.18357],[-123.849901,44.183581],[-123.849892,44.183593],[-123.849883,44.183605],[-123.849874,44.183616],[-123.849865,44.183628],[-123.849856,44.183639],[-123.849846,44.183651],[-123.849837,44.183662],[-123.849827,44.183673],[-123.849818,44.183685],[-123.849808,44.183697],[-123.849798,44.183708],[-123.849788,44.183719],[-123.849778,44.183731],[-123.849769,44.183742],[-123.849759,44.183753],[-123.849755,44.183758],[-123.849749,44.183765],[-123.849738,44.183776],[-123.849728,44.183787],[-123.849718,44.183798],[-123.849708,44.183809],[-123.849697,44.18382],[-123.849687,44.183831],[-123.849676,44.183842],[-123.849666,44.183853],[-123.849655,44.183864],[-123.849645,44.183875],[-123.849634,44.183885],[-123.849623,44.183896],[-123.849612,44.183907],[-123.849601,44.183917],[-123.84959,44.183928],[-123.849578,44.183939],[-123.849567,44.183949],[-123.849564,44.183953],[-123.849546,44.183968],[-123.849534,44.183977],[-123.849522,44.183988],[-123.849509,44.183998],[-123.849497,44.184008],[-123.849484,44.184019],[-123.849476,44.184026],[-123.849471,44.18403],[-123.849458,44.184041],[-123.849446,44.184051],[-123.849433,44.184062],[-123.84942,44.184073],[-123.849407,44.184085],[-123.849396,44.184095],[-123.849384,44.184106],[-123.849372,44.184117],[-123.84936,44.184128],[-123.849348,44.184139],[-123.849334,44.184152],[-123.849321,44.184165],[-123.84931,44.184176],[-123.849299,44.184187],[-123.849289,44.184199],[-123.849278,44.18421],[-123.849266,44.184222],[-123.849255,44.184233],[-123.849244,44.184245],[-123.849234,44.184256],[-123.849223,44.184268],[-123.849213,44.184279],[-123.849202,44.184291],[-123.849191,44.184302],[-123.849181,44.184313],[-123.84917,44.184325],[-123.84916,44.184336],[-123.849149,44.184348],[-123.849138,44.184359],[-123.849128,44.18437],[-123.849117,44.184382],[-123.849107,44.184393],[-123.849096,44.184405],[-123.849085,44.184416],[-123.849075,44.184427],[-123.849064,44.184439],[-123.849054,44.18445],[-123.849043,44.184462],[-123.849032,44.184473],[-123.849003,44.184504],[-123.848899,44.184717],[-123.848831,44.184902],[-123.848831,44.184903],[-123.848786,44.185024],[-123.848826,44.185106],[-123.848826,44.185107],[-123.848826,44.185107],[-123.848894,44.185249],[-123.848932,44.185427],[-123.848941,44.185581],[-123.848942,44.185613],[-123.848844,44.185749],[-123.848733,44.18595],[-123.848658,44.186136],[-123.848534,44.186272],[-123.848338,44.186424],[-123.848348,44.186594],[-123.848248,44.186671],[-123.848195,44.186805],[-123.848061,44.186935],[-123.848107,44.187048],[-123.848112,44.187135],[-123.847959,44.187274],[-123.847861,44.187458],[-123.847906,44.187636],[-123.848078,44.187962],[-123.848162,44.188071],[-123.848147,44.188272],[-123.848066,44.188475],[-123.848139,44.188748],[-123.848039,44.188974],[-123.848019,44.189183],[-123.848024,44.189212],[-123.848057,44.189406],[-123.847731,44.18966],[-123.847662,44.189923],[-123.847513,44.189982],[-123.84728,44.190217],[-123.847291,44.190421],[-123.847194,44.190641],[-123.847052,44.190892],[-123.847056,44.190973],[-123.846913,44.191177],[-123.846987,44.191378],[-123.846942,44.191557],[-123.846923,44.191749],[-123.846872,44.191981],[-123.846975,44.192177],[-123.846991,44.19254],[-123.847001,44.192735],[-123.847137,44.192869],[-123.847235,44.193075],[-123.84739,44.193258],[-123.84749,44.193553],[-123.847502,44.193778],[-123.847523,44.194146],[-123.847396,44.194462],[-123.84735,44.194724],[-123.847281,44.195115],[-123.847295,44.195369],[-123.847251,44.195625],[-123.847262,44.195835],[-123.84719,44.196164],[-123.847302,44.196498],[-123.847406,44.196733],[-123.847509,44.196929],[-123.847595,44.197042],[-123.847605,44.197226],[-123.847714,44.197432],[-123.847804,44.197551],[-123.847879,44.197827],[-123.848144,44.198131],[-123.848359,44.198354],[-123.848406,44.198429],[-123.848366,44.198632],[-123.848211,44.198947],[-123.847994,44.199364],[-123.847926,44.199752],[-123.847827,44.200022],[-123.847665,44.200326],[-123.847594,44.20057],[-123.847191,44.200948],[-123.846791,44.201282],[-123.846669,44.201442],[-123.846477,44.201748],[-123.846314,44.202007],[-123.846145,44.202276],[-123.8461,44.202482],[-123.845941,44.202648],[-123.845782,44.202902],[-123.845599,44.203044],[-123.845368,44.203201],[-123.84519,44.203363],[-123.84507,44.203505],[-123.844925,44.203786],[-123.844937,44.204001],[-123.844864,44.204182],[-123.844786,44.204377],[-123.84468,44.20469],[-123.8447,44.205059],[-123.844831,44.205229],[-123.844871,44.205434],[-123.844971,44.205626],[-123.845042,44.205854],[-123.845142,44.206098],[-123.845158,44.206383],[-123.845385,44.20668],[-123.845454,44.206918],[-123.845492,44.207099],[-123.84548,44.20743],[-123.845598,44.207608],[-123.845842,44.20777],[-123.845957,44.207954],[-123.846028,44.208233],[-123.846037,44.208398],[-123.845933,44.208459],[-123.845897,44.208625],[-123.846028,44.208796],[-123.846259,44.208882],[-123.846508,44.209029],[-123.8466,44.209149],[-123.846852,44.209337],[-123.847051,44.209524],[-123.84712,44.209765],[-123.847234,44.209981],[-123.847444,44.210097],[-123.847721,44.21024],[-123.847943,44.210344],[-123.848059,44.210382],[-123.848048,44.210492],[-123.848058,44.21066],[-123.84789,44.210835],[-123.847897,44.210951],[-123.847946,44.211184],[-123.84824,44.211313],[-123.848429,44.21154],[-123.848742,44.211684],[-123.849044,44.211924],[-123.849323,44.212109],[-123.849556,44.21227],[-123.849677,44.212383],[-123.849803,44.212529],[-123.849973,44.2126],[-123.850142,44.212595],[-123.850316,44.212526],[-123.850364,44.212383],[-123.850331,44.212233],[-123.850288,44.212178],[-123.850246,44.212098],[-123.84997,44.211788],[-123.849656,44.211414],[-123.8495,44.211287],[-123.849483,44.211213],[-123.84948,44.211165],[-123.849532,44.211103],[-123.849582,44.211034],[-123.849704,44.210997],[-123.849812,44.210927],[-123.849959,44.210875],[-123.850044,44.210841],[-123.85024,44.210836],[-123.85042,44.210818],[-123.850664,44.210811],[-123.85099,44.210814],[-123.851205,44.210808],[-123.851406,44.210814],[-123.85157,44.210845],[-123.851709,44.210884],[-123.851772,44.210926],[-123.851776,44.211007],[-123.851817,44.211097],[-123.851825,44.211232],[-123.851769,44.211442],[-123.851713,44.21158],[-123.851802,44.211786],[-123.851809,44.211914],[-123.85191,44.212031],[-123.852143,44.212186],[-123.852385,44.212258],[-123.852592,44.212383],[-123.8527,44.212412],[-123.852789,44.212528],[-123.853045,44.212669],[-123.853214,44.212718],[-123.853435,44.212824],[-123.853707,44.21283],[-123.853973,44.212885],[-123.85418,44.212916],[-123.854382,44.212993],[-123.854586,44.213091],[-123.85479,44.213171],[-123.855021,44.21321],[-123.855244,44.213203],[-123.855477,44.213111],[-123.855867,44.212977],[-123.855958,44.212907],[-123.856131,44.212891],[-123.856397,44.212871],[-123.85661,44.212864],[-123.856771,44.21286],[-123.8568,44.212875],[-123.856899,44.212962],[-123.856989,44.213068],[-123.857063,44.213176],[-123.857163,44.213365],[-123.857242,44.213515],[-123.857349,44.213802],[-123.857437,44.213929],[-123.857557,44.214059],[-123.857832,44.214059],[-123.857635,44.213846],[-123.857565,44.213744],[-123.85746,44.213464],[-123.857377,44.213307],[-123.857274,44.213111],[-123.85719,44.212989],[-123.857086,44.212867],[-123.856957,44.212752],[-123.856838,44.212693],[-123.856601,44.2127],[-123.85638,44.212706],[-123.856105,44.212728],[-123.855846,44.212751],[-123.855729,44.212842],[-123.855373,44.212964],[-123.855181,44.21304],[-123.855042,44.213044],[-123.854872,44.213016],[-123.854705,44.212951],[-123.8545,44.212852],[-123.854258,44.21276],[-123.854028,44.212725],[-123.853743,44.212666],[-123.853508,44.212661],[-123.853321,44.212571],[-123.853159,44.212525],[-123.852966,44.212418],[-123.85286,44.21228],[-123.85271,44.212239],[-123.852505,44.212115],[-123.852268,44.212045],[-123.852088,44.211925],[-123.852035,44.211864],[-123.852029,44.211758],[-123.851952,44.211579],[-123.851991,44.21148],[-123.852055,44.211244],[-123.852045,44.211067],[-123.852004,44.210977],[-123.851997,44.210851],[-123.851833,44.210743],[-123.851641,44.210688],[-123.85144,44.21065],[-123.851206,44.210643],[-123.850987,44.21065],[-123.850661,44.210646],[-123.850399,44.210653],[-123.850219,44.210672],[-123.849981,44.210678],[-123.849854,44.210729],[-123.849682,44.21079],[-123.84958,44.210856],[-123.849417,44.210906],[-123.849333,44.211022],[-123.849249,44.211121],[-123.849255,44.211229],[-123.849285,44.211361],[-123.849471,44.211512],[-123.849776,44.211875],[-123.850041,44.212173],[-123.85008,44.212247],[-123.850111,44.212288],[-123.850131,44.212377],[-123.850117,44.212417],[-123.850079,44.212433],[-123.850031,44.212434],[-123.849967,44.212407],[-123.849865,44.212289],[-123.849726,44.21216],[-123.849479,44.21199],[-123.849207,44.211808],[-123.848891,44.211557],[-123.848598,44.211422],[-123.848407,44.211193],[-123.848156,44.211083],[-123.848125,44.210936],[-123.848122,44.210883],[-123.848289,44.210708],[-123.848278,44.210495],[-123.848298,44.210279],[-123.848053,44.210199],[-123.84785,44.210104],[-123.84758,44.209965],[-123.847425,44.209879],[-123.847341,44.209719],[-123.847264,44.209454],[-123.847026,44.20923],[-123.846786,44.20905],[-123.846687,44.208921],[-123.846386,44.208744],[-123.846195,44.208673],[-123.846135,44.208595],[-123.846146,44.208547],[-123.846271,44.208474],[-123.846256,44.208215],[-123.846177,44.207905],[-123.846032,44.207672],[-123.845786,44.207508],[-123.84571,44.207395],[-123.845722,44.207088],[-123.845679,44.206889],[-123.845602,44.206622],[-123.845384,44.206338],[-123.845369,44.206072],[-123.845264,44.205813],[-123.845191,44.205578],[-123.845094,44.205393],[-123.845051,44.205176],[-123.844927,44.205014],[-123.84491,44.204706],[-123.845007,44.204419],[-123.845084,44.204227],[-123.845167,44.204021],[-123.845155,44.203813],[-123.845277,44.203577],[-123.845378,44.203458],[-123.845537,44.203313],[-123.845762,44.20316],[-123.845975,44.202994],[-123.846141,44.202729],[-123.846317,44.202545],[-123.846366,44.202324],[-123.846523,44.202075],[-123.846685,44.201815],[-123.846873,44.201516],[-123.84698,44.201376],[-123.847369,44.201052],[-123.847808,44.200641],[-123.847885,44.200372],[-123.848045,44.200072],[-123.848151,44.199784],[-123.848217,44.199404],[-123.848426,44.199003],[-123.84859,44.198672],[-123.848642,44.198405],[-123.848559,44.198272],[-123.848335,44.198041],[-123.848096,44.197765],[-123.848022,44.197494],[-123.847922,44.197363],[-123.847832,44.197193],[-123.847821,44.196996],[-123.847717,44.19686],[-123.847622,44.196679],[-123.847523,44.196454],[-123.847423,44.196157],[-123.847492,44.195845],[-123.84748,44.195632],[-123.847525,44.195376],[-123.847511,44.195122],[-123.847577,44.194744],[-123.84762,44.194495],[-123.847753,44.194166],[-123.847731,44.193772],[-123.847717,44.19353],[-123.847604,44.193195],[-123.847444,44.193005],[-123.847342,44.192792],[-123.847227,44.192679],[-123.847219,44.192535],[-123.847203,44.192144],[-123.847108,44.191964],[-123.847151,44.191768],[-123.84717,44.191578],[-123.847221,44.191372],[-123.847157,44.191195],[-123.847287,44.191009],[-123.847282,44.190921],[-123.847409,44.190697],[-123.847521,44.190444],[-123.847511,44.190267],[-123.847669,44.190108],[-123.847867,44.19003],[-123.847944,44.189737],[-123.848297,44.189462],[-123.848254,44.189211],[-123.848248,44.189179],[-123.848266,44.189005],[-123.848375,44.188758],[-123.848301,44.188483],[-123.848374,44.188299],[-123.848393,44.188033],[-123.848286,44.187893],[-123.848128,44.187592],[-123.848097,44.187474],[-123.84816,44.187357],[-123.848344,44.187189],[-123.848335,44.187021],[-123.848312,44.186967],[-123.848403,44.186879],[-123.848453,44.186754],[-123.84858,44.186655],[-123.84857,44.186486],[-123.848714,44.186374],[-123.848868,44.186205],[-123.848949,44.186004],[-123.849052,44.185817],[-123.849173,44.18565],[-123.849169,44.185581],[-123.84916,44.185412],[-123.849117,44.18521],[-123.849025,44.185017],[-123.849118,44.184766],[-123.849209,44.184579],[-123.849222,44.184565],[-123.849233,44.184553],[-123.849244,44.184542],[-123.849254,44.18453],[-123.849265,44.184519],[-123.849275,44.184508],[-123.849286,44.184496],[-123.849297,44.184485],[-123.849307,44.184473],[-123.849318,44.184462],[-123.849328,44.184451],[-123.849339,44.184439],[-123.84935,44.184428],[-123.84936,44.184416],[-123.849371,44.184405],[-123.849381,44.184394],[-123.849392,44.184382],[-123.849403,44.184371],[-123.849413,44.184359],[-123.849424,44.184348],[-123.849434,44.184337],[-123.849445,44.184325],[-123.849455,44.184315],[-123.849466,44.184304],[-123.849476,44.184292],[-123.849487,44.184281],[-123.849498,44.18427],[-123.849509,44.184259],[-123.849518,44.184249],[-123.849528,44.184241],[-123.849539,44.18423],[-123.849551,44.184219],[-123.849563,44.184209],[-123.849575,44.184198],[-123.849586,44.184187],[-123.849597,44.184177],[-123.849609,44.184167],[-123.849621,44.184157],[-123.849633,44.184147],[-123.849645,44.184137],[-123.849657,44.184127],[-123.849659,44.184125],[-123.849664,44.184129],[-123.849677,44.184141],[-123.849692,44.184153],[-123.849708,44.184165],[-123.849726,44.184178],[-123.849744,44.184189],[-123.849758,44.184198],[-123.849773,44.184207],[-123.849788,44.184216],[-123.849802,44.184225],[-123.849817,44.184234],[-123.849832,44.184243],[-123.849846,44.184252],[-123.849863,44.184261],[-123.849881,44.184272],[-123.849898,44.18428],[-123.849913,44.184288],[-123.849929,44.184296],[-123.849944,44.184305],[-123.84996,44.184313],[-123.849975,44.184321],[-123.849991,44.184329],[-123.850006,44.184337],[-123.850021,44.184345],[-123.850037,44.184353],[-123.850052,44.184361],[-123.850068,44.184369],[-123.850083,44.184377],[-123.850099,44.184385],[-123.850114,44.184393],[-123.850131,44.184402],[-123.850148,44.18441],[-123.850164,44.184418],[-123.85018,44.184425],[-123.850196,44.184433],[-123.850211,44.184441],[-123.850229,44.184449],[-123.850247,44.184458],[-123.850263,44.184465],[-123.85028,44.184472],[-123.850296,44.184479],[-123.850312,44.184487],[-123.850319,44.18449],[-123.850507,44.184571],[-123.850509,44.184572],[-123.850525,44.184579],[-123.850542,44.184586],[-123.850558,44.184593],[-123.850574,44.1846],[-123.850591,44.184608],[-123.850607,44.184615],[-123.850623,44.184622],[-123.85064,44.184629],[-123.850656,44.184636],[-123.850672,44.184643],[-123.850689,44.18465],[-123.850705,44.184657],[-123.850721,44.184664],[-123.850738,44.184671],[-123.850754,44.184678],[-123.85077,44.184685],[-123.850786,44.184693],[-123.850803,44.1847],[-123.850819,44.184707],[-123.850835,44.184714],[-123.850852,44.184721],[-123.850868,44.184728],[-123.850884,44.184735],[-123.850901,44.184742],[-123.850917,44.184749],[-123.850933,44.184756],[-123.85095,44.184763],[-123.850966,44.18477],[-123.850982,44.184778],[-123.850999,44.184785],[-123.851015,44.184792],[-123.851031,44.184799],[-123.851048,44.184806],[-123.851064,44.184813],[-123.85108,44.18482],[-123.851097,44.184827],[-123.851113,44.184834],[-123.851129,44.184841],[-123.851146,44.184848],[-123.851162,44.184855],[-123.851178,44.184862],[-123.851194,44.184869],[-123.85121,44.184877],[-123.851227,44.184884],[-123.851244,44.184891],[-123.851261,44.184898],[-123.851279,44.184906],[-123.851296,44.184913],[-123.851313,44.18492],[-123.85133,44.184926],[-123.851348,44.184933],[-123.851365,44.18494],[-123.851383,44.184947],[-123.8514,44.184953],[-123.851418,44.18496],[-123.851436,44.184966],[-123.851453,44.184972],[-123.851471,44.184978],[-123.851486,44.184984],[-123.851488,44.184985],[-123.851506,44.184991],[-123.851524,44.184997],[-123.851543,44.185003],[-123.851561,44.185009],[-123.851579,44.185015],[-123.851597,44.18502],[-123.851616,44.185026],[-123.851634,44.185031],[-123.851652,44.185037],[-123.851671,44.185042],[-123.851689,44.185047],[-123.851708,44.185052],[-123.851727,44.185057],[-123.851745,44.185062],[-123.851764,44.185067],[-123.851783,44.185072],[-123.851801,44.185076],[-123.851819,44.18508],[-123.851838,44.185085],[-123.851857,44.185089],[-123.851877,44.185094],[-123.851896,44.185098],[-123.851915,44.185102],[-123.851935,44.185106],[-123.851954,44.18511],[-123.851973,44.185114],[-123.851993,44.185117],[-123.852013,44.185121],[-123.852032,44.185124],[-123.852052,44.185127],[-123.852072,44.18513],[-123.852091,44.185133],[-123.852111,44.185136],[-123.852131,44.185138],[-123.852151,44.185141],[-123.852171,44.185143],[-123.852191,44.185145],[-123.85221,44.185148],[-123.85223,44.185149],[-123.85225,44.185151],[-123.85227,44.185153],[-123.85229,44.185155],[-123.852311,44.185156],[-123.852331,44.185157],[-123.852351,44.185158],[-123.852372,44.185159],[-123.852394,44.18516],[-123.852414,44.18516],[-123.852433,44.18516],[-123.852452,44.185161],[-123.852471,44.185161],[-123.85249,44.185161],[-123.852509,44.185162],[-123.852528,44.185162],[-123.852547,44.185162],[-123.852566,44.185163],[-123.852585,44.185163],[-123.852604,44.185163],[-123.852623,44.185164],[-123.852644,44.185164],[-123.852665,44.185164],[-123.852683,44.185164],[-123.852701,44.185164],[-123.852718,44.185164],[-123.852736,44.185164],[-123.852753,44.185165],[-123.852771,44.185165],[-123.852788,44.185166],[-123.852806,44.185167],[-123.852824,44.185169],[-123.852841,44.18517],[-123.852858,44.185171],[-123.852876,44.185173],[-123.852894,44.185175],[-123.852912,44.185177],[-123.852929,44.185179],[-123.852946,44.185181],[-123.852963,44.185183],[-123.85298,44.185186],[-123.852997,44.185189],[-123.853013,44.185192],[-123.85303,44.185195],[-123.853046,44.185198],[-123.853063,44.185202],[-123.853079,44.185205],[-123.853095,44.185209],[-123.853111,44.185214],[-123.853127,44.185218],[-123.853143,44.185222],[-123.853159,44.185227],[-123.853175,44.185232],[-123.853191,44.185237],[-123.853207,44.185243],[-123.853224,44.185249],[-123.853242,44.185255],[-123.853259,44.18526],[-123.853276,44.185266],[-123.853293,44.185272],[-123.85331,44.185278],[-123.853328,44.185284],[-123.853345,44.18529],[-123.853362,44.185296],[-123.853379,44.185301],[-123.853397,44.185307],[-123.853414,44.185313],[-123.853433,44.18532],[-123.853453,44.185326],[-123.853472,44.185331],[-123.85349,44.185337],[-123.853508,44.185342],[-123.853527,44.185347],[-123.853546,44.185352],[-123.853564,44.185357],[-123.853583,44.185362],[-123.853602,44.185367],[-123.85362,44.185372],[-123.853639,44.185376],[-123.853658,44.185381],[-123.853677,44.185385],[-123.853696,44.18539],[-123.853715,44.185394],[-123.853734,44.185398],[-123.853753,44.185402],[-123.853772,44.185406],[-123.853791,44.18541],[-123.853811,44.185414],[-123.85383,44.185417],[-123.853849,44.185421],[-123.853869,44.185424],[-123.853888,44.185428],[-123.853908,44.185431],[-123.853927,44.185434],[-123.853947,44.185437],[-123.853966,44.18544],[-123.853986,44.185442],[-123.854006,44.185445],[-123.854025,44.185447],[-123.854045,44.18545],[-123.854065,44.185452],[-123.854085,44.185454],[-123.854104,44.185456],[-123.854124,44.185458],[-123.854144,44.18546],[-123.854164,44.185462],[-123.854183,44.185463],[-123.854202,44.185465],[-123.854221,44.185466],[-123.85424,44.185467],[-123.854259,44.185469],[-123.854278,44.18547],[-123.854297,44.185472],[-123.854316,44.185473],[-123.854335,44.185475],[-123.854354,44.185476],[-123.854373,44.185478],[-123.854392,44.185479],[-123.854411,44.185481],[-123.85443,44.185482],[-123.854449,44.185484],[-123.854468,44.185485],[-123.854487,44.185487],[-123.854506,44.185488],[-123.854525,44.185489],[-123.854544,44.185491],[-123.854563,44.185492],[-123.854581,44.185494],[-123.8546,44.185495],[-123.854619,44.185497],[-123.854639,44.185498],[-123.854658,44.1855],[-123.854676,44.185501],[-123.854694,44.185503],[-123.854712,44.185504],[-123.85473,44.185506],[-123.854749,44.185508],[-123.854767,44.185509],[-123.854785,44.185511],[-123.854803,44.185513],[-123.854821,44.185515],[-123.854839,44.185518],[-123.854857,44.18552],[-123.854875,44.185522],[-123.854894,44.185525],[-123.854914,44.185527],[-123.854932,44.18553],[-123.854949,44.185532],[-123.854967,44.185534],[-123.854984,44.185537],[-123.855001,44.18554],[-123.855018,44.185543],[-123.855035,44.185546],[-123.855052,44.185549],[-123.855069,44.185552],[-123.855086,44.185556],[-123.855103,44.18556],[-123.855121,44.185564],[-123.855138,44.185568],[-123.855155,44.185572],[-123.855171,44.185576],[-123.855187,44.18558],[-123.855203,44.185584],[-123.855219,44.185589],[-123.855222,44.18559],[-123.855235,44.185594],[-123.855251,44.185599],[-123.855267,44.185604],[-123.855282,44.185609],[-123.855298,44.185615],[-123.855313,44.185621],[-123.855328,44.185626],[-123.855343,44.185632],[-123.855358,44.185639],[-123.855373,44.185645],[-123.855388,44.185652],[-123.855402,44.185658],[-123.855417,44.185665],[-123.855431,44.185672],[-123.855444,44.185679],[-123.855459,44.185687],[-123.855474,44.185695],[-123.855494,44.185706],[-123.855501,44.18571],[-123.855515,44.185718],[-123.855529,44.185727],[-123.855542,44.185735],[-123.855556,44.185743],[-123.85557,44.185752],[-123.855583,44.18576],[-123.855595,44.185768],[-123.855607,44.185777],[-123.85562,44.185786],[-123.855633,44.185796],[-123.855646,44.185805],[-123.855659,44.185815],[-123.855672,44.185824],[-123.855685,44.185834],[-123.855698,44.185844],[-123.85571,44.185853],[-123.855723,44.185863],[-123.855736,44.185873],[-123.855748,44.185883],[-123.855761,44.185893],[-123.855774,44.185903],[-123.855786,44.185912],[-123.855798,44.185922],[-123.85581,44.185932],[-123.855823,44.185942],[-123.855835,44.185952],[-123.855846,44.185962],[-123.855858,44.185973],[-123.85587,44.185983],[-123.855882,44.185993],[-123.855894,44.186004],[-123.855906,44.186014],[-123.855918,44.186024],[-123.855929,44.186035],[-123.85594,44.186045],[-123.855951,44.186055],[-123.855963,44.186066],[-123.855973,44.186076],[-123.855984,44.186087],[-123.855995,44.186097],[-123.856006,44.186108],[-123.856016,44.186118],[-123.856026,44.186129],[-123.856037,44.18614],[-123.856047,44.186151],[-123.856057,44.186162],[-123.856067,44.186173],[-123.856077,44.186184],[-123.856086,44.186195],[-123.856096,44.186206],[-123.856105,44.186217],[-123.856115,44.186228],[-123.856124,44.18624],[-123.856133,44.186251],[-123.856141,44.186262],[-123.856149,44.186272],[-123.856157,44.186283],[-123.856165,44.186296],[-123.856174,44.186308],[-123.856182,44.18632],[-123.856191,44.186332],[-123.8562,44.186345],[-123.856208,44.186357],[-123.856217,44.186369],[-123.856225,44.186381],[-123.856234,44.186394],[-123.856244,44.186407],[-123.856253,44.186421],[-123.856263,44.186434],[-123.856274,44.186446],[-123.856284,44.186459],[-123.856295,44.186471],[-123.856305,44.186484],[-123.856317,44.186497],[-123.856329,44.18651],[-123.856342,44.186522],[-123.856359,44.186539],[-123.856367,44.186547],[-123.85638,44.186559],[-123.856394,44.186571],[-123.856408,44.186582],[-123.856423,44.186594],[-123.856437,44.186605],[-123.856452,44.186616],[-123.856468,44.186627],[-123.85648,44.186635],[-123.856491,44.186643],[-123.856503,44.186653],[-123.856517,44.186663],[-123.856529,44.186673],[-123.85654,44.186681],[-123.85655,44.186689],[-123.856561,44.186699],[-123.856571,44.186709],[-123.856581,44.186718],[-123.856591,44.186728],[-123.856601,44.186738],[-123.856611,44.186749],[-123.85662,44.186759],[-123.856629,44.186769],[-123.856638,44.18678],[-123.856647,44.18679],[-123.856655,44.186801],[-123.856663,44.186812],[-123.85667,44.186823],[-123.856678,44.186834],[-123.856685,44.186845],[-123.856691,44.186856],[-123.856698,44.186867],[-123.856704,44.186878],[-123.85671,44.18689],[-123.856715,44.186901],[-123.856721,44.186913],[-123.856726,44.186924],[-123.856731,44.186937],[-123.856736,44.186951],[-123.856742,44.186964],[-123.856745,44.186972],[-123.856934,44.187221],[-123.857094,44.187526],[-123.857167,44.187725],[-123.857372,44.187917],[-123.858888,44.189079],[-123.859155,44.189273],[-123.859632,44.18953],[-123.859998,44.189752],[-123.860362,44.189953],[-123.860555,44.190082],[-123.860757,44.190147],[-123.860881,44.190178],[-123.861057,44.190333],[-123.861333,44.190476],[-123.861513,44.190615],[-123.861795,44.190802],[-123.862089,44.190977],[-123.862169,44.191065],[-123.862362,44.191375],[-123.862551,44.191622],[-123.86265,44.19181],[-123.862748,44.191938],[-123.862845,44.192083],[-123.862948,44.192218],[-123.863126,44.19236],[-123.863423,44.192467],[-123.863716,44.192542],[-123.863883,44.192621],[-123.863947,44.19276],[-123.864131,44.192882],[-123.864218,44.193081],[-123.86423,44.193289],[-123.864313,44.193575],[-123.864624,44.193768],[-123.864837,44.19395],[-123.865084,44.194133],[-123.8653,44.194318],[-123.865574,44.194522],[-123.865708,44.194542],[-123.865788,44.194577],[-123.865934,44.194625],[-123.866252,44.194638],[-123.866612,44.194649],[-123.867165,44.194633],[-123.867541,44.19468],[-123.867744,44.194795],[-123.86807,44.194891],[-123.868239,44.195003],[-123.86844,44.195136],[-123.868552,44.195282],[-123.86881,44.195321],[-123.869054,44.195483],[-123.869233,44.195659],[-123.869389,44.195843],[-123.869523,44.195998],[-123.869722,44.196129],[-123.869954,44.196261],[-123.870205,44.196321],[-123.870471,44.196417],[-123.870632,44.196469],[-123.870784,44.196587],[-123.870877,44.196797],[-123.870947,44.197004],[-123.870983,44.197113],[-123.87108,44.197315],[-123.871096,44.197611],[-123.871205,44.197839],[-123.871439,44.198143],[-123.871687,44.198348],[-123.871907,44.198636],[-123.872157,44.198883],[-123.872251,44.199006],[-123.872434,44.199206],[-123.872534,44.199433],[-123.872734,44.199694],[-123.872917,44.199875],[-123.87301,44.200051],[-123.873011,44.200055],[-123.873047,44.200122],[-123.873276,44.2004],[-123.873529,44.200652],[-123.873865,44.200809],[-123.874111,44.200824],[-123.874359,44.200904],[-123.874498,44.201086],[-123.87469,44.201374],[-123.874893,44.201701],[-123.875075,44.201821],[-123.875165,44.201992],[-123.875293,44.202218],[-123.875396,44.202504],[-123.875479,44.202829],[-123.875985,44.20308],[-123.876063,44.203165],[-123.876146,44.203291],[-123.876154,44.203426],[-123.876359,44.203629],[-123.876512,44.203809],[-123.876641,44.203997],[-123.876804,44.204189],[-123.876933,44.204316],[-123.877076,44.204449],[-123.877179,44.204702],[-123.877386,44.204884],[-123.877632,44.205047],[-123.878134,44.205104],[-123.878291,44.205076],[-123.878555,44.205069],[-123.878866,44.20514],[-123.879129,44.205195],[-123.879331,44.20526],[-123.879677,44.205227],[-123.880059,44.205237],[-123.880575,44.205202],[-123.881088,44.205309],[-123.881557,44.205428],[-123.88188,44.20541],[-123.882227,44.205438],[-123.882548,44.205592],[-123.883044,44.205731],[-123.883465,44.205825],[-123.883495,44.205832],[-123.884049,44.205961],[-123.884572,44.205968],[-123.885023,44.205955],[-123.885317,44.205925],[-123.885859,44.205909],[-123.886103,44.205941],[-123.886283,44.20599],[-123.886457,44.206105],[-123.88669,44.206221],[-123.886875,44.206404],[-123.887098,44.20653],[-123.887301,44.206665],[-123.887541,44.206903],[-123.887741,44.207142],[-123.888036,44.207294],[-123.888249,44.207394],[-123.88851,44.207523],[-123.88888,44.207578],[-123.889153,44.207656],[-123.889577,44.207704],[-123.889633,44.207742],[-123.889726,44.207843],[-123.889993,44.208042],[-123.890289,44.208149],[-123.890701,44.20825],[-123.891073,44.208261],[-123.891531,44.20827],[-123.891907,44.208213],[-123.892193,44.208121],[-123.892517,44.20809],[-123.89288,44.207969],[-123.893138,44.207886],[-123.893219,44.207895],[-123.893299,44.207948],[-123.893323,44.207964],[-123.893666,44.208129],[-123.893874,44.20822],[-123.894216,44.208234],[-123.894536,44.208178],[-123.894753,44.208104],[-123.895061,44.207982],[-123.895263,44.208024],[-123.895465,44.208139],[-123.895796,44.208277],[-123.896104,44.20846],[-123.896537,44.208622],[-123.896895,44.208758],[-123.897162,44.208875],[-123.897274,44.208931],[-123.897484,44.209069],[-123.897764,44.209076],[-123.898029,44.209056],[-123.89848,44.209104],[-123.898613,44.209135],[-123.898715,44.209159],[-123.899042,44.209213],[-123.899391,44.2093],[-123.899841,44.209413],[-123.900357,44.209604],[-123.900778,44.209746],[-123.902536,44.209898],[-123.903024,44.20994],[-123.903386,44.209972],[-123.9041,44.209873],[-123.90567,44.209655],[-123.906283,44.209917],[-123.907951,44.210105],[-123.908219,44.21018],[-123.909446,44.210522],[-123.91009,44.210487],[-123.911637,44.211734],[-123.911795,44.211862],[-123.911806,44.211871],[-123.912402,44.212],[-123.912892,44.212259],[-123.914167,44.212446],[-123.914456,44.212602],[-123.916734,44.21284]]],[[[-123.92958,44.142865],[-123.929654,44.142866],[-123.929944,44.14287],[-123.930107,44.142882],[-123.930204,44.142911],[-123.930419,44.143053],[-123.9308,44.143366],[-123.931143,44.143606],[-123.931274,44.143711],[-123.931578,44.143709],[-123.931572,44.143704],[-123.931308,44.143492],[-123.930965,44.143252],[-123.930582,44.142938],[-123.930527,44.142901],[-123.930343,44.142779],[-123.930329,44.14277],[-123.930164,44.142721],[-123.929958,44.142705],[-123.929659,44.142701],[-123.929656,44.142701],[-123.92958,44.1427],[-123.92958,44.142865]]],[[[-123.869091,44.152515],[-123.869109,44.152515],[-123.869127,44.152515],[-123.869145,44.152515],[-123.869163,44.152515],[-123.86918,44.152516],[-123.869198,44.152516],[-123.869216,44.152517],[-123.869234,44.152517],[-123.869252,44.152518],[-123.86927,44.152519],[-123.869287,44.15252],[-123.869305,44.152522],[-123.869322,44.152523],[-123.86934,44.152525],[-123.869357,44.152526],[-123.869375,44.152528],[-123.869392,44.15253],[-123.86941,44.152532],[-123.869427,44.152535],[-123.869444,44.152537],[-123.869462,44.15254],[-123.869479,44.152543],[-123.869496,44.152546],[-123.869513,44.152549],[-123.86953,44.152552],[-123.869547,44.152555],[-123.869564,44.152559],[-123.869581,44.152562],[-123.869598,44.152566],[-123.869615,44.15257],[-123.869633,44.152575],[-123.869651,44.152579],[-123.869669,44.152583],[-123.869687,44.152588],[-123.869705,44.152592],[-123.869723,44.152596],[-123.869741,44.152601],[-123.869759,44.152605],[-123.869777,44.15261],[-123.869796,44.152614],[-123.869803,44.152616],[-123.869805,44.152616],[-123.869814,44.152618],[-123.869832,44.152623],[-123.86985,44.152627],[-123.869868,44.152631],[-123.869886,44.152636],[-123.869904,44.15264],[-123.869922,44.152644],[-123.86994,44.152649],[-123.869958,44.152653],[-123.869976,44.152657],[-123.869994,44.152662],[-123.870012,44.152666],[-123.87003,44.152671],[-123.870048,44.152675],[-123.870066,44.152679],[-123.870085,44.152684],[-123.870103,44.152688],[-123.870121,44.152692],[-123.870139,44.152697],[-123.870157,44.152701],[-123.870175,44.152705],[-123.870193,44.15271],[-123.870211,44.152714],[-123.870229,44.152718],[-123.870247,44.152723],[-123.870265,44.152727],[-123.870283,44.152731],[-123.870302,44.152736],[-123.870321,44.15274],[-123.870338,44.152744],[-123.870353,44.152748],[-123.870368,44.152752],[-123.870382,44.152756],[-123.870397,44.152761],[-123.870412,44.152766],[-123.870426,44.152771],[-123.87044,44.152777],[-123.870454,44.152783],[-123.870468,44.152789],[-123.870481,44.152795],[-123.870494,44.152801],[-123.870507,44.152808],[-123.87052,44.152815],[-123.870532,44.152822],[-123.870544,44.152829],[-123.870555,44.152837],[-123.870569,44.152846],[-123.870583,44.152856],[-123.870596,44.152865],[-123.87061,44.152875],[-123.870624,44.152884],[-123.870638,44.152894],[-123.870652,44.152903],[-123.870666,44.152913],[-123.87068,44.152922],[-123.870694,44.152932],[-123.870708,44.152941],[-123.870722,44.152951],[-123.870736,44.15296],[-123.870742,44.152964],[-123.87075,44.152969],[-123.870764,44.152979],[-123.870778,44.152988],[-123.870792,44.152998],[-123.870806,44.153007],[-123.87082,44.153016],[-123.870834,44.153026],[-123.870848,44.153035],[-123.870862,44.153044],[-123.870877,44.153054],[-123.870891,44.153063],[-123.870905,44.153072],[-123.870919,44.153082],[-123.870933,44.153091],[-123.870947,44.1531],[-123.870962,44.153109],[-123.870976,44.153119],[-123.87099,44.153128],[-123.871004,44.153137],[-123.871019,44.153146],[-123.871023,44.153149],[-123.871033,44.153155],[-123.871047,44.153165],[-123.871061,44.153174],[-123.871076,44.153183],[-123.87109,44.153192],[-123.871104,44.153201],[-123.871119,44.153211],[-123.871133,44.15322],[-123.871147,44.153229],[-123.871162,44.153238],[-123.871175,44.153246],[-123.871176,44.153247],[-123.871189,44.153255],[-123.871203,44.153264],[-123.871218,44.153274],[-123.871233,44.153284],[-123.871248,44.153293],[-123.871263,44.153303],[-123.871278,44.153312],[-123.871294,44.153321],[-123.87131,44.15333],[-123.871325,44.153339],[-123.871341,44.153348],[-123.871357,44.153357],[-123.871373,44.153366],[-123.871389,44.153374],[-123.871406,44.153383],[-123.871421,44.153391],[-123.871437,44.153399],[-123.871452,44.153407],[-123.871468,44.153415],[-123.871483,44.153423],[-123.871498,44.153431],[-123.871514,44.153439],[-123.871529,44.153447],[-123.871545,44.153455],[-123.87156,44.153463],[-123.871576,44.153471],[-123.871591,44.153479],[-123.871607,44.153486],[-123.871622,44.153494],[-123.871638,44.153502],[-123.871653,44.15351],[-123.871669,44.153518],[-123.871684,44.153526],[-123.8717,44.153534],[-123.871715,44.153542],[-123.871731,44.15355],[-123.871746,44.153558],[-123.871762,44.153566],[-123.871777,44.153574],[-123.871793,44.153582],[-123.871808,44.15359],[-123.871823,44.153598],[-123.871839,44.153606],[-123.871853,44.153614],[-123.871868,44.153622],[-123.871883,44.15363],[-123.871898,44.153638],[-123.871912,44.153646],[-123.871927,44.153654],[-123.871942,44.153662],[-123.871956,44.15367],[-123.871971,44.153679],[-123.871985,44.153687],[-123.871999,44.153695],[-123.872013,44.153704],[-123.872028,44.153713],[-123.872043,44.153721],[-123.872058,44.15373],[-123.872071,44.153738],[-123.872085,44.153747],[-123.872099,44.153755],[-123.872112,44.153764],[-123.872125,44.153772],[-123.872139,44.153781],[-123.872152,44.15379],[-123.872165,44.153799],[-123.872178,44.153808],[-123.872191,44.153817],[-123.872203,44.153826],[-123.872216,44.153835],[-123.872228,44.153845],[-123.87224,44.153854],[-123.872253,44.153864],[-123.872265,44.153873],[-123.872277,44.153883],[-123.872288,44.153893],[-123.8723,44.153903],[-123.872311,44.153912],[-123.872321,44.153921],[-123.872331,44.153931],[-123.872343,44.153942],[-123.872354,44.153953],[-123.872366,44.153964],[-123.872377,44.153975],[-123.872388,44.153986],[-123.8724,44.153997],[-123.872411,44.154008],[-123.872423,44.154019],[-123.872434,44.15403],[-123.872445,44.154041],[-123.872457,44.154052],[-123.872468,44.154063],[-123.87248,44.154074],[-123.872491,44.154085],[-123.872502,44.154096],[-123.872514,44.154107],[-123.872525,44.154118],[-123.872537,44.154129],[-123.872548,44.15414],[-123.872559,44.154151],[-123.872571,44.154162],[-123.872582,44.154173],[-123.872594,44.154184],[-123.872605,44.154195],[-123.872616,44.154206],[-123.872628,44.154217],[-123.872639,44.154228],[-123.872651,44.154239],[-123.872662,44.15425],[-123.872673,44.154261],[-123.872685,44.154272],[-123.872696,44.154283],[-123.872708,44.154294],[-123.872719,44.154305],[-123.87273,44.154315],[-123.872742,44.154326],[-123.872753,44.154337],[-123.872765,44.154348],[-123.872776,44.154359],[-123.872787,44.15437],[-123.872799,44.154381],[-123.87281,44.154392],[-123.872822,44.154403],[-123.872833,44.154414],[-123.872844,44.154425],[-123.872856,44.154436],[-123.872867,44.154447],[-123.872879,44.154458],[-123.87289,44.154469],[-123.872902,44.15448],[-123.872913,44.154491],[-123.872924,44.154502],[-123.872936,44.154513],[-123.872947,44.154524],[-123.872959,44.154535],[-123.87297,44.154546],[-123.872981,44.154557],[-123.872993,44.154568],[-123.873004,44.154579],[-123.873016,44.15459],[-123.873027,44.154601],[-123.873038,44.154612],[-123.87305,44.154623],[-123.873061,44.154634],[-123.873073,44.154645],[-123.873084,44.154656],[-123.873095,44.154667],[-123.873107,44.154678],[-123.873118,44.154689],[-123.873128,44.154699],[-123.873138,44.154709],[-123.873149,44.15472],[-123.87316,44.154732],[-123.873173,44.154744],[-123.873185,44.154756],[-123.873198,44.154768],[-123.873211,44.15478],[-123.873215,44.154784],[-123.873224,44.154792],[-123.873238,44.154803],[-123.873251,44.154814],[-123.873265,44.154825],[-123.873279,44.154836],[-123.873294,44.154847],[-123.873309,44.154858],[-123.873323,44.154868],[-123.873339,44.154879],[-123.873354,44.154889],[-123.873369,44.154899],[-123.873385,44.154909],[-123.873401,44.154918],[-123.873417,44.154928],[-123.873434,44.154937],[-123.873445,44.154943],[-123.87345,44.154946],[-123.873467,44.154955],[-123.873484,44.154964],[-123.873501,44.154972],[-123.873519,44.15498],[-123.873539,44.15499],[-123.873562,44.154999],[-123.873581,44.155005],[-123.873598,44.155011],[-123.873615,44.155017],[-123.873632,44.155023],[-123.873649,44.155029],[-123.873666,44.155035],[-123.873683,44.155042],[-123.8737,44.155048],[-123.873717,44.155054],[-123.873734,44.15506],[-123.873752,44.155066],[-123.873769,44.155072],[-123.873789,44.155079],[-123.873808,44.155085],[-123.873823,44.15509],[-123.873838,44.155095],[-123.873853,44.1551],[-123.873868,44.155106],[-123.873883,44.155112],[-123.873898,44.155118],[-123.873913,44.155124],[-123.873927,44.155131],[-123.873941,44.155137],[-123.873955,44.155144],[-123.873969,44.155151],[-123.873983,44.155158],[-123.873996,44.155165],[-123.87401,44.155173],[-123.874024,44.155181],[-123.874039,44.15519],[-123.874054,44.155199],[-123.874069,44.155207],[-123.874084,44.155216],[-123.874099,44.155224],[-123.874114,44.155233],[-123.874129,44.155242],[-123.874144,44.15525],[-123.874158,44.155259],[-123.874173,44.155267],[-123.874188,44.155276],[-123.874203,44.155284],[-123.874218,44.155293],[-123.874233,44.155302],[-123.874248,44.15531],[-123.874263,44.155319],[-123.874277,44.155327],[-123.874292,44.155336],[-123.874307,44.155344],[-123.874322,44.155353],[-123.874337,44.155362],[-123.874352,44.15537],[-123.874367,44.155379],[-123.874382,44.155387],[-123.874397,44.155396],[-123.874411,44.155404],[-123.874426,44.155413],[-123.87444,44.155421],[-123.874455,44.155429],[-123.874469,44.155438],[-123.874483,44.155446],[-123.874497,44.155455],[-123.874511,44.155464],[-123.874525,44.155472],[-123.874539,44.155481],[-123.874552,44.15549],[-123.874566,44.155499],[-123.87458,44.155507],[-123.874593,44.155517],[-123.874608,44.155526],[-123.874623,44.155536],[-123.874637,44.155545],[-123.874651,44.155554],[-123.874665,44.155563],[-123.87468,44.155572],[-123.874694,44.155582],[-123.874708,44.155591],[-123.874722,44.1556],[-123.874736,44.155609],[-123.874751,44.155618],[-123.874765,44.155627],[-123.874779,44.155636],[-123.874793,44.155646],[-123.874808,44.155655],[-123.874823,44.155664],[-123.874837,44.155674],[-123.874852,44.155683],[-123.874867,44.155692],[-123.874882,44.155701],[-123.874897,44.15571],[-123.874912,44.155719],[-123.874927,44.155728],[-123.874942,44.155737],[-123.874957,44.155746],[-123.874973,44.155755],[-123.874988,44.155763],[-123.875003,44.155772],[-123.875019,44.155781],[-123.875034,44.155789],[-123.87505,44.155798],[-123.875066,44.155807],[-123.875081,44.155815],[-123.875096,44.155823],[-123.875112,44.155831],[-123.875127,44.15584],[-123.875142,44.155848],[-123.875157,44.155856],[-123.875173,44.155864],[-123.875188,44.155872],[-123.875203,44.155881],[-123.875218,44.155889],[-123.875234,44.155897],[-123.875249,44.155905],[-123.875264,44.155914],[-123.875279,44.155922],[-123.875295,44.15593],[-123.87531,44.155938],[-123.875325,44.155946],[-123.87534,44.155955],[-123.875356,44.155963],[-123.875371,44.155971],[-123.875386,44.155979],[-123.875401,44.155987],[-123.875417,44.155996],[-123.875432,44.156004],[-123.875447,44.156012],[-123.875462,44.15602],[-123.875478,44.156029],[-123.875493,44.156037],[-123.875508,44.156045],[-123.875523,44.156053],[-123.875539,44.156061],[-123.875554,44.15607],[-123.875569,44.156078],[-123.875584,44.156086],[-123.8756,44.156094],[-123.875615,44.156103],[-123.87563,44.156111],[-123.875645,44.156119],[-123.875661,44.156127],[-123.875676,44.156135],[-123.875691,44.156144],[-123.875706,44.156152],[-123.875722,44.15616],[-123.875738,44.156169],[-123.875754,44.156177],[-123.87577,44.156185],[-123.875785,44.156193],[-123.875801,44.156201],[-123.875816,44.156209],[-123.875832,44.156217],[-123.875847,44.156225],[-123.875863,44.156233],[-123.875878,44.156241],[-123.875894,44.156249],[-123.875909,44.156257],[-123.875925,44.156265],[-123.875941,44.156273],[-123.875958,44.156282],[-123.875975,44.15629],[-123.875991,44.156298],[-123.876007,44.156305],[-123.876023,44.156313],[-123.876039,44.15632],[-123.876055,44.156328],[-123.876071,44.156336],[-123.876087,44.156343],[-123.876103,44.156351],[-123.876118,44.156358],[-123.876134,44.156366],[-123.87615,44.156373],[-123.876166,44.156381],[-123.876182,44.156388],[-123.876198,44.156396],[-123.876214,44.156404],[-123.87623,44.156411],[-123.876246,44.156419],[-123.876262,44.156426],[-123.876277,44.156434],[-123.876293,44.156441],[-123.87631,44.156449],[-123.876326,44.156457],[-123.876341,44.156464],[-123.876356,44.156471],[-123.87637,44.156478],[-123.876384,44.156485],[-123.876399,44.156493],[-123.876413,44.1565],[-123.876427,44.156508],[-123.876441,44.156516],[-123.876454,44.156524],[-123.876468,44.156532],[-123.876481,44.15654],[-123.876495,44.156549],[-123.876508,44.156557],[-123.876521,44.156566],[-123.876534,44.156574],[-123.876546,44.156583],[-123.876559,44.156592],[-123.876573,44.156602],[-123.876587,44.156612],[-123.876601,44.156622],[-123.876615,44.156631],[-123.876628,44.156641],[-123.876642,44.15665],[-123.876656,44.15666],[-123.876669,44.156669],[-123.876683,44.156679],[-123.876697,44.156689],[-123.876713,44.156699],[-123.876728,44.156709],[-123.876742,44.156718],[-123.876757,44.156728],[-123.876771,44.156737],[-123.876786,44.156746],[-123.8768,44.156756],[-123.876815,44.156765],[-123.87683,44.156774],[-123.876844,44.156783],[-123.876859,44.156792],[-123.876874,44.156801],[-123.876889,44.15681],[-123.876904,44.156819],[-123.876919,44.156828],[-123.876934,44.156837],[-123.876949,44.156846],[-123.876964,44.156855],[-123.876979,44.156863],[-123.876994,44.156872],[-123.87701,44.156881],[-123.877026,44.15689],[-123.877041,44.156898],[-123.877056,44.156907],[-123.877071,44.156915],[-123.877086,44.156923],[-123.877101,44.156932],[-123.877116,44.15694],[-123.877131,44.156949],[-123.877146,44.156957],[-123.877162,44.156965],[-123.877177,44.156974],[-123.877192,44.156982],[-123.877207,44.15699],[-123.877222,44.156999],[-123.877237,44.157007],[-123.877252,44.157016],[-123.877267,44.157024],[-123.877282,44.157032],[-123.877297,44.157041],[-123.877312,44.157049],[-123.877327,44.157057],[-123.877343,44.157066],[-123.877358,44.157074],[-123.877372,44.157082],[-123.877386,44.15709],[-123.8774,44.157099],[-123.877415,44.157107],[-123.87743,44.157116],[-123.877445,44.157125],[-123.87746,44.157133],[-123.877474,44.157142],[-123.877489,44.15715],[-123.877504,44.157159],[-123.877519,44.157168],[-123.877534,44.157176],[-123.877549,44.157185],[-123.877563,44.157193],[-123.877578,44.157202],[-123.877593,44.157211],[-123.877608,44.157219],[-123.877623,44.157228],[-123.877637,44.157236],[-123.87765,44.157244],[-123.877663,44.157252],[-123.877676,44.157261],[-123.877689,44.157269],[-123.877702,44.157278],[-123.877714,44.157287],[-123.877727,44.157295],[-123.877739,44.157305],[-123.877751,44.157314],[-123.877763,44.157323],[-123.877775,44.157332],[-123.877787,44.157342],[-123.877798,44.157351],[-123.87781,44.157361],[-123.877822,44.157372],[-123.877835,44.157382],[-123.877845,44.157392],[-123.877856,44.157401],[-123.877866,44.157411],[-123.877876,44.157421],[-123.877886,44.157431],[-123.877896,44.157441],[-123.877905,44.157451],[-123.877914,44.157461],[-123.877923,44.157472],[-123.877932,44.157482],[-123.87794,44.157493],[-123.877948,44.157504],[-123.877956,44.157515],[-123.877964,44.157527],[-123.877971,44.157537],[-123.877978,44.157548],[-123.877985,44.157559],[-123.877986,44.157561],[-123.877987,44.157562],[-123.877991,44.15757],[-123.877997,44.157581],[-123.878002,44.157593],[-123.878008,44.157604],[-123.878012,44.157614],[-123.878015,44.157623],[-123.878018,44.157635],[-123.878022,44.157648],[-123.878026,44.157661],[-123.878029,44.157675],[-123.878033,44.157688],[-123.878036,44.157701],[-123.878039,44.15771],[-123.878039,44.157718],[-123.87804,44.157731],[-123.878042,44.157751],[-123.878045,44.157767],[-123.87805,44.157785],[-123.878056,44.157803],[-123.878063,44.15782],[-123.878071,44.157836],[-123.87808,44.157852],[-123.878091,44.157869],[-123.878103,44.157886],[-123.878117,44.157902],[-123.878132,44.157917],[-123.878149,44.157931],[-123.878166,44.157945],[-123.878185,44.157958],[-123.878205,44.15797],[-123.878225,44.157982],[-123.878249,44.157993],[-123.878275,44.158003],[-123.878296,44.158009],[-123.878298,44.15801],[-123.878313,44.158015],[-123.878331,44.15802],[-123.878348,44.158026],[-123.878366,44.158031],[-123.878383,44.158037],[-123.878401,44.158042],[-123.878418,44.158048],[-123.878435,44.158053],[-123.878453,44.158059],[-123.87847,44.158064],[-123.878488,44.15807],[-123.878505,44.158075],[-123.878523,44.158081],[-123.87854,44.158086],[-123.878558,44.158092],[-123.878575,44.158097],[-123.878593,44.158103],[-123.87861,44.158108],[-123.878627,44.158114],[-123.878645,44.158119],[-123.878662,44.158125],[-123.87868,44.15813],[-123.878697,44.158136],[-123.878715,44.158141],[-123.878732,44.158147],[-123.87875,44.158152],[-123.878767,44.158158],[-123.878785,44.158163],[-123.878802,44.158169],[-123.878819,44.158174],[-123.878837,44.15818],[-123.878854,44.158185],[-123.878872,44.158191],[-123.878889,44.158196],[-123.878907,44.158202],[-123.878924,44.158207],[-123.878942,44.158213],[-123.878959,44.158218],[-123.878977,44.158224],[-123.878994,44.158229],[-123.879011,44.158235],[-123.879029,44.15824],[-123.879046,44.158246],[-123.879064,44.158251],[-123.879081,44.158257],[-123.879099,44.158262],[-123.879116,44.158268],[-123.879134,44.158273],[-123.879151,44.158279],[-123.879169,44.158284],[-123.879186,44.15829],[-123.879203,44.158295],[-123.879221,44.158301],[-123.879238,44.158306],[-123.879256,44.158312],[-123.879273,44.158317],[-123.879523,44.158396],[-123.879529,44.158218],[-123.879365,44.158166],[-123.879347,44.158161],[-123.87933,44.158155],[-123.879312,44.15815],[-123.879295,44.158144],[-123.879278,44.158139],[-123.87926,44.158133],[-123.879243,44.158128],[-123.879225,44.158123],[-123.879208,44.158117],[-123.87919,44.158112],[-123.879173,44.158106],[-123.879155,44.158101],[-123.879138,44.158095],[-123.879121,44.15809],[-123.879103,44.158084],[-123.879086,44.158079],[-123.879068,44.158073],[-123.879051,44.158068],[-123.879033,44.158062],[-123.879016,44.158057],[-123.878998,44.158051],[-123.878981,44.158046],[-123.878963,44.15804],[-123.878946,44.158035],[-123.878929,44.158029],[-123.878911,44.158024],[-123.878894,44.158018],[-123.878876,44.158013],[-123.878859,44.158007],[-123.878841,44.158002],[-123.878824,44.157996],[-123.878806,44.157991],[-123.878789,44.157985],[-123.878771,44.15798],[-123.878754,44.157974],[-123.878737,44.157969],[-123.878719,44.157963],[-123.878702,44.157958],[-123.878684,44.157952],[-123.878667,44.157947],[-123.878649,44.157941],[-123.878632,44.157936],[-123.878614,44.15793],[-123.878597,44.157925],[-123.878579,44.157919],[-123.878562,44.157914],[-123.878545,44.157908],[-123.878527,44.157903],[-123.87851,44.157897],[-123.878492,44.157892],[-123.878475,44.157886],[-123.878457,44.157881],[-123.87844,44.157875],[-123.878422,44.15787],[-123.878405,44.157864],[-123.878387,44.157859],[-123.878374,44.157854],[-123.878366,44.157851],[-123.878358,44.157847],[-123.878348,44.157842],[-123.878339,44.157837],[-123.87833,44.15783],[-123.878322,44.157824],[-123.878314,44.157817],[-123.878307,44.15781],[-123.878307,44.15781],[-123.878301,44.157803],[-123.878295,44.157795],[-123.87829,44.157787],[-123.878285,44.157778],[-123.87828,44.157769],[-123.878277,44.157759],[-123.878273,44.15775],[-123.878271,44.157741],[-123.878269,44.157732],[-123.878268,44.157722],[-123.878268,44.157709],[-123.878265,44.157689],[-123.878261,44.157671],[-123.878257,44.157657],[-123.878254,44.157644],[-123.87825,44.15763],[-123.878246,44.157616],[-123.878243,44.157602],[-123.878238,44.157587],[-123.878232,44.15757],[-123.878231,44.157568],[-123.878231,44.157567],[-123.878225,44.157554],[-123.878219,44.157539],[-123.878211,44.157525],[-123.878204,44.15751],[-123.878196,44.157496],[-123.878187,44.157482],[-123.878178,44.157467],[-123.878169,44.157454],[-123.87816,44.15744],[-123.87815,44.157427],[-123.878141,44.157414],[-123.87813,44.157401],[-123.87812,44.157388],[-123.878109,44.157375],[-123.878097,44.157362],[-123.878086,44.157349],[-123.878074,44.157336],[-123.878062,44.157324],[-123.878049,44.157312],[-123.878036,44.1573],[-123.878023,44.157288],[-123.878009,44.157276],[-123.877997,44.157266],[-123.877985,44.157255],[-123.877972,44.157244],[-123.877959,44.157233],[-123.877945,44.157222],[-123.877931,44.157211],[-123.877917,44.1572],[-123.877903,44.15719],[-123.877889,44.157179],[-123.877874,44.157169],[-123.877859,44.157159],[-123.877844,44.157149],[-123.877829,44.157139],[-123.877814,44.157129],[-123.877798,44.157119],[-123.877782,44.157109],[-123.877766,44.1571],[-123.877751,44.157091],[-123.877737,44.157083],[-123.877722,44.157074],[-123.877707,44.157065],[-123.877692,44.157057],[-123.877677,44.157048],[-123.877663,44.15704],[-123.877648,44.157031],[-123.877633,44.157022],[-123.877618,44.157014],[-123.877603,44.157005],[-123.877589,44.156997],[-123.877574,44.156988],[-123.877559,44.156979],[-123.877544,44.156971],[-123.877529,44.156962],[-123.877513,44.156953],[-123.877497,44.156944],[-123.877482,44.156936],[-123.877467,44.156927],[-123.877452,44.156919],[-123.877437,44.15691],[-123.877422,44.156902],[-123.877407,44.156894],[-123.877392,44.156885],[-123.877377,44.156877],[-123.877361,44.156869],[-123.877346,44.15686],[-123.877331,44.156852],[-123.877316,44.156843],[-123.877301,44.156835],[-123.877286,44.156827],[-123.877271,44.156818],[-123.877256,44.15681],[-123.877241,44.156802],[-123.877226,44.156793],[-123.877211,44.156785],[-123.877196,44.156776],[-123.87718,44.156768],[-123.877166,44.15676],[-123.877151,44.156752],[-123.877137,44.156743],[-123.877122,44.156735],[-123.877108,44.156727],[-123.877093,44.156718],[-123.877079,44.15671],[-123.877064,44.156701],[-123.87705,44.156693],[-123.877036,44.156684],[-123.877021,44.156675],[-123.877007,44.156667],[-123.876993,44.156658],[-123.876979,44.156649],[-123.876965,44.156641],[-123.876951,44.156632],[-123.876937,44.156623],[-123.876923,44.156614],[-123.876909,44.156605],[-123.876895,44.156596],[-123.876881,44.156587],[-123.876868,44.156578],[-123.876855,44.15657],[-123.876842,44.156561],[-123.876829,44.156551],[-123.876815,44.156542],[-123.876801,44.156532],[-123.876788,44.156523],[-123.876774,44.156513],[-123.87676,44.156504],[-123.876747,44.156494],[-123.876733,44.156485],[-123.87672,44.156475],[-123.876706,44.156465],[-123.876691,44.156455],[-123.876676,44.156445],[-123.876661,44.156435],[-123.876646,44.156425],[-123.87663,44.156416],[-123.876615,44.156406],[-123.876599,44.156397],[-123.876583,44.156387],[-123.876567,44.156378],[-123.876551,44.156369],[-123.876534,44.15636],[-123.876518,44.156352],[-123.876501,44.156343],[-123.876484,44.156335],[-123.876467,44.156327],[-123.876451,44.156319],[-123.876435,44.156311],[-123.876419,44.156304],[-123.876403,44.156296],[-123.876387,44.156289],[-123.876372,44.156281],[-123.876356,44.156274],[-123.87634,44.156266],[-123.876324,44.156259],[-123.876308,44.156251],[-123.876292,44.156244],[-123.876276,44.156236],[-123.87626,44.156228],[-123.876244,44.156221],[-123.876228,44.156213],[-123.876213,44.156206],[-123.876197,44.156198],[-123.876181,44.156191],[-123.876165,44.156183],[-123.876149,44.156176],[-123.876133,44.156168],[-123.876117,44.15616],[-123.876101,44.156153],[-123.876087,44.156146],[-123.876073,44.156139],[-123.876058,44.156131],[-123.876042,44.156123],[-123.876027,44.156115],[-123.876011,44.156107],[-123.875996,44.156099],[-123.87598,44.156091],[-123.875965,44.156083],[-123.875949,44.156075],[-123.875934,44.156067],[-123.875919,44.156059],[-123.875903,44.156051],[-123.875888,44.156043],[-123.875873,44.156036],[-123.875858,44.156028],[-123.875843,44.15602],[-123.875828,44.156012],[-123.875813,44.156004],[-123.875798,44.155995],[-123.875782,44.155987],[-123.875767,44.155979],[-123.875752,44.155971],[-123.875737,44.155963],[-123.875721,44.155954],[-123.875706,44.155946],[-123.875691,44.155938],[-123.875676,44.15593],[-123.87566,44.155921],[-123.875645,44.155913],[-123.87563,44.155905],[-123.875615,44.155897],[-123.875599,44.155889],[-123.875584,44.15588],[-123.875569,44.155872],[-123.875554,44.155864],[-123.875538,44.155856],[-123.875523,44.155848],[-123.875508,44.155839],[-123.875493,44.155831],[-123.875477,44.155823],[-123.875462,44.155815],[-123.875447,44.155806],[-123.875432,44.155798],[-123.875416,44.15579],[-123.875401,44.155782],[-123.875386,44.155774],[-123.875371,44.155765],[-123.875355,44.155757],[-123.87534,44.155749],[-123.875325,44.155741],[-123.87531,44.155732],[-123.875294,44.155724],[-123.875279,44.155716],[-123.875264,44.155708],[-123.875249,44.1557],[-123.875233,44.155691],[-123.875218,44.155683],[-123.875203,44.155675],[-123.875188,44.155667],[-123.875174,44.155659],[-123.875159,44.155651],[-123.875144,44.155643],[-123.87513,44.155634],[-123.875115,44.155626],[-123.875101,44.155618],[-123.875087,44.155609],[-123.875072,44.155601],[-123.875058,44.155592],[-123.875044,44.155584],[-123.875029,44.155575],[-123.875015,44.155567],[-123.875001,44.155558],[-123.874987,44.155549],[-123.874973,44.15554],[-123.874959,44.155532],[-123.874946,44.155523],[-123.874931,44.155514],[-123.874917,44.155505],[-123.874903,44.155495],[-123.874889,44.155486],[-123.874875,44.155477],[-123.87486,44.155468],[-123.874846,44.155459],[-123.874832,44.15545],[-123.874818,44.155441],[-123.874804,44.155431],[-123.874789,44.155422],[-123.874775,44.155413],[-123.874762,44.155404],[-123.874748,44.155396],[-123.874734,44.155386],[-123.874719,44.155376],[-123.874705,44.155367],[-123.87469,44.155358],[-123.874675,44.155348],[-123.87466,44.155339],[-123.874645,44.15533],[-123.87463,44.15532],[-123.874615,44.155311],[-123.8746,44.155302],[-123.874585,44.155293],[-123.874569,44.155284],[-123.874554,44.155276],[-123.874539,44.155267],[-123.874524,44.155259],[-123.87451,44.15525],[-123.874495,44.155242],[-123.87448,44.155233],[-123.874465,44.155224],[-123.87445,44.155216],[-123.874435,44.155207],[-123.87442,44.155199],[-123.874405,44.15519],[-123.874391,44.155182],[-123.874376,44.155173],[-123.874361,44.155164],[-123.874346,44.155156],[-123.874331,44.155147],[-123.874316,44.155139],[-123.874301,44.15513],[-123.874286,44.155122],[-123.874271,44.155113],[-123.874257,44.155104],[-123.874242,44.155096],[-123.874227,44.155087],[-123.874212,44.155079],[-123.874197,44.15507],[-123.874182,44.155062],[-123.874168,44.155053],[-123.874152,44.155044],[-123.874136,44.155035],[-123.874119,44.155026],[-123.874102,44.155017],[-123.874085,44.155008],[-123.874067,44.155],[-123.874049,44.154991],[-123.874031,44.154983],[-123.874013,44.154976],[-123.873995,44.154968],[-123.873976,44.154961],[-123.873957,44.154954],[-123.873938,44.154947],[-123.873919,44.15494],[-123.8739,44.154934],[-123.873884,44.154929],[-123.87387,44.154924],[-123.873853,44.154918],[-123.873835,44.154912],[-123.873818,44.154906],[-123.873801,44.1549],[-123.873784,44.154894],[-123.873767,44.154888],[-123.87375,44.154882],[-123.873733,44.154876],[-123.873716,44.15487],[-123.873699,44.154864],[-123.873682,44.154858],[-123.873666,44.154852],[-123.873655,44.154848],[-123.873644,44.154843],[-123.873629,44.154836],[-123.873615,44.154829],[-123.873601,44.154821],[-123.873587,44.154814],[-123.873573,44.154807],[-123.87356,44.154799],[-123.873546,44.154791],[-123.873533,44.154783],[-123.87352,44.154775],[-123.873507,44.154767],[-123.873494,44.154758],[-123.873482,44.15475],[-123.87347,44.154741],[-123.873457,44.154732],[-123.873445,44.154723],[-123.873434,44.154714],[-123.873422,44.154705],[-123.873411,44.154696],[-123.873399,44.154686],[-123.873388,44.154677],[-123.873378,44.154667],[-123.873367,44.154657],[-123.873357,44.154647],[-123.873347,44.154637],[-123.873337,44.154627],[-123.873326,44.154615],[-123.873314,44.154603],[-123.873301,44.154591],[-123.87329,44.15458],[-123.873278,44.154569],[-123.873267,44.154558],[-123.873256,44.154547],[-123.873244,44.154536],[-123.873233,44.154525],[-123.873221,44.154514],[-123.87321,44.154503],[-123.873199,44.154492],[-123.873187,44.154481],[-123.873176,44.15447],[-123.873164,44.154459],[-123.873153,44.154448],[-123.873142,44.154437],[-123.87313,44.154426],[-123.873119,44.154415],[-123.873107,44.154404],[-123.873096,44.154393],[-123.873085,44.154382],[-123.873073,44.154371],[-123.873062,44.15436],[-123.87305,44.154349],[-123.873039,44.154338],[-123.873028,44.154327],[-123.873016,44.154316],[-123.873005,44.154305],[-123.872993,44.154294],[-123.872982,44.154283],[-123.872971,44.154272],[-123.872959,44.154261],[-123.872948,44.15425],[-123.872936,44.154239],[-123.872925,44.154228],[-123.872914,44.154217],[-123.872902,44.154206],[-123.872891,44.154195],[-123.872879,44.154184],[-123.872868,44.154173],[-123.872857,44.154162],[-123.872845,44.154151],[-123.872834,44.15414],[-123.872822,44.154129],[-123.872811,44.154118],[-123.8728,44.154107],[-123.872788,44.154096],[-123.872777,44.154085],[-123.872765,44.154074],[-123.872754,44.154063],[-123.872743,44.154052],[-123.872731,44.154041],[-123.87272,44.15403],[-123.872708,44.154019],[-123.872697,44.154008],[-123.872686,44.153997],[-123.872674,44.153986],[-123.872663,44.153975],[-123.872651,44.153964],[-123.87264,44.153953],[-123.872629,44.153942],[-123.872617,44.153931],[-123.872606,44.15392],[-123.872594,44.153909],[-123.872583,44.153898],[-123.872572,44.153887],[-123.87256,44.153876],[-123.872549,44.153865],[-123.872537,44.153854],[-123.872526,44.153843],[-123.872515,44.153832],[-123.872502,44.15382],[-123.872488,44.153808],[-123.872475,44.153796],[-123.872462,44.153785],[-123.872448,44.153774],[-123.872435,44.153764],[-123.872422,44.153753],[-123.872408,44.153742],[-123.872394,44.153732],[-123.87238,44.153721],[-123.872366,44.153711],[-123.872352,44.1537],[-123.872338,44.15369],[-123.872323,44.15368],[-123.872309,44.15367],[-123.872294,44.15366],[-123.872279,44.153651],[-123.872264,44.153641],[-123.872249,44.153631],[-123.872234,44.153622],[-123.872219,44.153612],[-123.872203,44.153603],[-123.872188,44.153594],[-123.872174,44.153586],[-123.872159,44.153577],[-123.872144,44.153568],[-123.872129,44.153559],[-123.872113,44.15355],[-123.872098,44.153541],[-123.872083,44.153533],[-123.872067,44.153524],[-123.872052,44.153515],[-123.872036,44.153507],[-123.87202,44.153498],[-123.872004,44.15349],[-123.871989,44.153481],[-123.871973,44.153473],[-123.871957,44.153465],[-123.871941,44.153457],[-123.871926,44.153449],[-123.87191,44.153441],[-123.871895,44.153433],[-123.871879,44.153425],[-123.871864,44.153417],[-123.871848,44.153409],[-123.871833,44.153401],[-123.871817,44.153393],[-123.871802,44.153385],[-123.871787,44.153377],[-123.871771,44.153369],[-123.871756,44.153361],[-123.87174,44.153353],[-123.871725,44.153345],[-123.871709,44.153337],[-123.871694,44.153329],[-123.871678,44.153321],[-123.871663,44.153313],[-123.871647,44.153305],[-123.871632,44.153297],[-123.871616,44.153289],[-123.871601,44.153281],[-123.871585,44.153273],[-123.87157,44.153265],[-123.871554,44.153257],[-123.871539,44.153249],[-123.871524,44.153241],[-123.87151,44.153234],[-123.871495,44.153226],[-123.871481,44.153218],[-123.871467,44.15321],[-123.871453,44.153202],[-123.871439,44.153194],[-123.871425,44.153185],[-123.871411,44.153177],[-123.871397,44.153169],[-123.871384,44.15316],[-123.87137,44.153152],[-123.871357,44.153143],[-123.871343,44.153134],[-123.871327,44.153123],[-123.871313,44.153114],[-123.871299,44.153105],[-123.871284,44.153096],[-123.87127,44.153087],[-123.871256,44.153078],[-123.871242,44.153069],[-123.871228,44.15306],[-123.871214,44.153051],[-123.871199,44.153042],[-123.871185,44.153033],[-123.871171,44.153024],[-123.871157,44.153015],[-123.871143,44.153006],[-123.871129,44.152996],[-123.871115,44.152987],[-123.871101,44.152978],[-123.871087,44.152969],[-123.871073,44.15296],[-123.871059,44.152951],[-123.871045,44.152941],[-123.871031,44.152932],[-123.871017,44.152923],[-123.871003,44.152914],[-123.870989,44.152905],[-123.870975,44.152895],[-123.870961,44.152886],[-123.870947,44.152877],[-123.870933,44.152868],[-123.87092,44.152858],[-123.870906,44.152849],[-123.870892,44.15284],[-123.870878,44.15283],[-123.870864,44.152821],[-123.87085,44.152812],[-123.870837,44.152802],[-123.870823,44.152793],[-123.870809,44.152784],[-123.870795,44.152774],[-123.870781,44.152765],[-123.870768,44.152756],[-123.870754,44.152746],[-123.87074,44.152737],[-123.870727,44.152727],[-123.870713,44.152718],[-123.870696,44.152707],[-123.870679,44.152696],[-123.870661,44.152686],[-123.870644,44.152676],[-123.870626,44.152667],[-123.870608,44.152658],[-123.870589,44.152649],[-123.87057,44.152641],[-123.870551,44.152633],[-123.870532,44.152625],[-123.870512,44.152618],[-123.870492,44.152611],[-123.870472,44.152605],[-123.870452,44.152599],[-123.870431,44.152593],[-123.87041,44.152588],[-123.87039,44.152584],[-123.870373,44.15258],[-123.870356,44.152575],[-123.870338,44.152571],[-123.87032,44.152567],[-123.870302,44.152562],[-123.870284,44.152558],[-123.870266,44.152554],[-123.870247,44.152549],[-123.870229,44.152545],[-123.870211,44.152541],[-123.870193,44.152536],[-123.870175,44.152532],[-123.870157,44.152528],[-123.870139,44.152523],[-123.870121,44.152519],[-123.870103,44.152514],[-123.870085,44.15251],[-123.870067,44.152506],[-123.870049,44.152501],[-123.870031,44.152497],[-123.870013,44.152493],[-123.869995,44.152488],[-123.869977,44.152484],[-123.869958,44.15248],[-123.86994,44.152475],[-123.869922,44.152471],[-123.869904,44.152467],[-123.869886,44.152462],[-123.869868,44.152458],[-123.86985,44.152453],[-123.869832,44.152449],[-123.869814,44.152445],[-123.86981,44.152444],[-123.869807,44.152443],[-123.869796,44.15244],[-123.869778,44.152436],[-123.86976,44.152432],[-123.869742,44.152427],[-123.869724,44.152423],[-123.869706,44.152419],[-123.869687,44.152414],[-123.869669,44.15241],[-123.869649,44.152405],[-123.869629,44.152401],[-123.869609,44.152397],[-123.86959,44.152393],[-123.86957,44.152389],[-123.86955,44.152386],[-123.86953,44.152382],[-123.86951,44.152379],[-123.86949,44.152376],[-123.86947,44.152373],[-123.86945,44.15237],[-123.86943,44.152368],[-123.86941,44.152366],[-123.86939,44.152363],[-123.869369,44.152361],[-123.869349,44.15236],[-123.869329,44.152358],[-123.869309,44.152356],[-123.869288,44.152355],[-123.869268,44.152354],[-123.869248,44.152353],[-123.869228,44.152352],[-123.869208,44.152352],[-123.869187,44.152351],[-123.869167,44.152351],[-123.869147,44.15235],[-123.869127,44.15235],[-123.869106,44.152351],[-123.869086,44.152351],[-123.869066,44.152351],[-123.869045,44.152352],[-123.869027,44.152353],[-123.869008,44.152353],[-123.868989,44.152354],[-123.86897,44.152354],[-123.868951,44.152355],[-123.868932,44.152355],[-123.868913,44.152356],[-123.868894,44.152356],[-123.868875,44.152357],[-123.868856,44.152357],[-123.868837,44.152358],[-123.868819,44.152358],[-123.868801,44.152358],[-123.868782,44.152359],[-123.868764,44.152359],[-123.868746,44.152359],[-123.868728,44.152359],[-123.868709,44.152359],[-123.868691,44.152359],[-123.868673,44.152358],[-123.868655,44.152358],[-123.868636,44.152357],[-123.868618,44.152357],[-123.8686,44.152356],[-123.868582,44.152355],[-123.868564,44.152354],[-123.868545,44.152354],[-123.868528,44.152353],[-123.86851,44.152351],[-123.868491,44.15235],[-123.868472,44.152349],[-123.868453,44.152347],[-123.868434,44.152346],[-123.868415,44.152344],[-123.868396,44.152343],[-123.868377,44.152342],[-123.868358,44.15234],[-123.868339,44.152339],[-123.86832,44.152338],[-123.868301,44.152336],[-123.868282,44.152335],[-123.868264,44.152334],[-123.868245,44.152332],[-123.868226,44.152331],[-123.868207,44.15233],[-123.868188,44.152328],[-123.868169,44.152327],[-123.86815,44.152326],[-123.868131,44.152324],[-123.868112,44.152323],[-123.868093,44.152321],[-123.868075,44.15232],[-123.868059,44.152319],[-123.868042,44.152317],[-123.868026,44.152315],[-123.868009,44.152313],[-123.867993,44.152311],[-123.867977,44.152308],[-123.867961,44.152305],[-123.867945,44.152302],[-123.867929,44.152298],[-123.867913,44.152295],[-123.867897,44.152291],[-123.867881,44.152287],[-123.867866,44.152282],[-123.86785,44.152278],[-123.867835,44.152273],[-123.86782,44.152268],[-123.867805,44.152263],[-123.867788,44.152256],[-123.86777,44.15225],[-123.867754,44.152245],[-123.867739,44.152239],[-123.867723,44.152233],[-123.867708,44.152227],[-123.867692,44.15222],[-123.867677,44.152214],[-123.867662,44.152208],[-123.867647,44.152201],[-123.867632,44.152194],[-123.867618,44.152188],[-123.867602,44.15218],[-123.867586,44.152172],[-123.86757,44.152165],[-123.867554,44.152157],[-123.867538,44.15215],[-123.867523,44.152142],[-123.867507,44.152134],[-123.867491,44.152127],[-123.867475,44.152119],[-123.867459,44.152112],[-123.867443,44.152104],[-123.867428,44.152096],[-123.867412,44.152089],[-123.867397,44.152081],[-123.867379,44.152073],[-123.867362,44.152065],[-123.867344,44.152057],[-123.867326,44.152049],[-123.867308,44.152042],[-123.867289,44.152034],[-123.867271,44.152027],[-123.867252,44.152021],[-123.867233,44.152014],[-123.867214,44.152008],[-123.867195,44.152001],[-123.867176,44.151995],[-123.867157,44.15199],[-123.867139,44.151985],[-123.867122,44.15198],[-123.867104,44.151974],[-123.867085,44.151969],[-123.867067,44.151964],[-123.867048,44.151959],[-123.867029,44.151954],[-123.86701,44.151949],[-123.866991,44.151944],[-123.866973,44.15194],[-123.866954,44.151935],[-123.866936,44.151931],[-123.866918,44.151926],[-123.8669,44.151922],[-123.866882,44.151918],[-123.866864,44.151913],[-123.866846,44.151909],[-123.866828,44.151905],[-123.86681,44.1519],[-123.866792,44.151896],[-123.866774,44.151892],[-123.866756,44.151887],[-123.866738,44.151883],[-123.86672,44.151879],[-123.866701,44.151874],[-123.866685,44.15187],[-123.866669,44.151866],[-123.866652,44.151861],[-123.866635,44.151857],[-123.866617,44.151852],[-123.8666,44.151847],[-123.866583,44.151842],[-123.866566,44.151837],[-123.866549,44.151832],[-123.866533,44.151827],[-123.866516,44.151822],[-123.866499,44.151816],[-123.866482,44.151811],[-123.866465,44.151806],[-123.866448,44.1518],[-123.866431,44.151794],[-123.866414,44.151789],[-123.866397,44.151783],[-123.86638,44.151777],[-123.866364,44.151772],[-123.866347,44.151766],[-123.86633,44.15176],[-123.866314,44.151754],[-123.866297,44.151748],[-123.866281,44.151742],[-123.866265,44.151736],[-123.866249,44.15173],[-123.866232,44.151724],[-123.866216,44.151717],[-123.8662,44.151711],[-123.866184,44.151705],[-123.866169,44.151699],[-123.866155,44.151692],[-123.866139,44.151686],[-123.866123,44.151678],[-123.866107,44.151671],[-123.866091,44.151664],[-123.866075,44.151657],[-123.866059,44.151649],[-123.866042,44.151642],[-123.866026,44.151635],[-123.86601,44.151628],[-123.865994,44.15162],[-123.865978,44.151613],[-123.865962,44.151606],[-123.865945,44.151599],[-123.865929,44.151591],[-123.865913,44.151584],[-123.865897,44.151577],[-123.865881,44.15157],[-123.865864,44.151562],[-123.865848,44.151555],[-123.865831,44.151547],[-123.865814,44.15154],[-123.865798,44.151533],[-123.865782,44.151526],[-123.865765,44.151519],[-123.865749,44.151512],[-123.865733,44.151505],[-123.865716,44.151498],[-123.865699,44.15149],[-123.865682,44.151483],[-123.865665,44.151476],[-123.865648,44.151469],[-123.865632,44.151463],[-123.865615,44.151456],[-123.865599,44.151449],[-123.865582,44.151442],[-123.865565,44.151435],[-123.865549,44.151429],[-123.865532,44.151422],[-123.865516,44.151415],[-123.865499,44.151408],[-123.865483,44.151401],[-123.865466,44.151395],[-123.86545,44.151388],[-123.865433,44.151381],[-123.865417,44.151374],[-123.865403,44.151368],[-123.865389,44.151362],[-123.865375,44.151355],[-123.865361,44.151349],[-123.865346,44.151341],[-123.865332,44.151334],[-123.865319,44.151327],[-123.865305,44.151319],[-123.865292,44.151311],[-123.865278,44.151303],[-123.865265,44.151295],[-123.865252,44.151287],[-123.86524,44.151279],[-123.865227,44.15127],[-123.865215,44.151262],[-123.865202,44.151253],[-123.86519,44.151244],[-123.865179,44.151235],[-123.865167,44.151226],[-123.865156,44.151216],[-123.865145,44.151208],[-123.865136,44.151199],[-123.865126,44.151189],[-123.865114,44.151178],[-123.865103,44.151167],[-123.865092,44.151156],[-123.86508,44.151145],[-123.865069,44.151134],[-123.865058,44.151123],[-123.865046,44.151112],[-123.865035,44.151101],[-123.865024,44.15109],[-123.865012,44.151079],[-123.865001,44.151068],[-123.86499,44.151057],[-123.864978,44.151046],[-123.864967,44.151035],[-123.864956,44.151024],[-123.864945,44.151013],[-123.864933,44.151002],[-123.864922,44.150991],[-123.864911,44.15098],[-123.864899,44.150969],[-123.864888,44.150957],[-123.864876,44.150946],[-123.864862,44.150933],[-123.864847,44.15092],[-123.864833,44.150908],[-123.864818,44.150897],[-123.864803,44.150886],[-123.864787,44.150875],[-123.864771,44.150864],[-123.864755,44.150854],[-123.864739,44.150844],[-123.864722,44.150834],[-123.864704,44.150824],[-123.864687,44.150815],[-123.864669,44.150806],[-123.864651,44.150797],[-123.864633,44.150789],[-123.864614,44.150781],[-123.864596,44.150773],[-123.864578,44.150766],[-123.864559,44.150759],[-123.86454,44.150752],[-123.864521,44.150745],[-123.864502,44.150739],[-123.864482,44.150733],[-123.864463,44.150727],[-123.864443,44.150721],[-123.864424,44.150716],[-123.864406,44.150711],[-123.864387,44.150706],[-123.864367,44.150702],[-123.864347,44.150697],[-123.864328,44.150693],[-123.864308,44.150688],[-123.864288,44.150684],[-123.864268,44.15068],[-123.864247,44.150677],[-123.864219,44.150672],[-123.864189,44.150671],[-123.864165,44.15067],[-123.864141,44.15067],[-123.864118,44.150671],[-123.864094,44.150673],[-123.864071,44.150675],[-123.864047,44.150678],[-123.864024,44.150682],[-123.864001,44.150686],[-123.863978,44.150691],[-123.863956,44.150697],[-123.863934,44.150703],[-123.863912,44.15071],[-123.863891,44.150718],[-123.86387,44.150726],[-123.86385,44.150735],[-123.863832,44.150744],[-123.863815,44.150752],[-123.863799,44.15076],[-123.863784,44.150768],[-123.863768,44.150775],[-123.863752,44.150783],[-123.863737,44.150791],[-123.863721,44.150798],[-123.863705,44.150806],[-123.863687,44.150815],[-123.86367,44.150824],[-123.863657,44.150831],[-123.863646,44.150836],[-123.863635,44.150841],[-123.863623,44.150846],[-123.863611,44.15085],[-123.863599,44.150854],[-123.863587,44.150857],[-123.863574,44.150859],[-123.863561,44.150862],[-123.863548,44.150863],[-123.863535,44.150865],[-123.863522,44.150865],[-123.863507,44.150866],[-123.86349,44.150866],[-123.863473,44.150866],[-123.863459,44.150865],[-123.863444,44.150865],[-123.863429,44.150863],[-123.863415,44.150862],[-123.8634,44.15086],[-123.863386,44.150857],[-123.863371,44.150855],[-123.863357,44.150851],[-123.863343,44.150848],[-123.86333,44.150844],[-123.863317,44.15084],[-123.863304,44.150835],[-123.863291,44.15083],[-123.863279,44.150825],[-123.863266,44.150819],[-123.863255,44.150813],[-123.863243,44.150807],[-123.863232,44.1508],[-123.863221,44.150793],[-123.863208,44.150784],[-123.863195,44.150775],[-123.863181,44.150765],[-123.863167,44.150756],[-123.863153,44.150746],[-123.86314,44.150737],[-123.863126,44.150727],[-123.863112,44.150718],[-123.863097,44.150707],[-123.863082,44.150697],[-123.863067,44.150688],[-123.863052,44.150678],[-123.863037,44.150669],[-123.863021,44.150659],[-123.863006,44.15065],[-123.86299,44.150641],[-123.862974,44.150632],[-123.862959,44.150623],[-123.862943,44.150614],[-123.862926,44.150605],[-123.86291,44.150597],[-123.862894,44.150588],[-123.862877,44.15058],[-123.862861,44.150571],[-123.862845,44.150564],[-123.86283,44.150556],[-123.862816,44.150549],[-123.862801,44.150541],[-123.862785,44.150533],[-123.86277,44.150525],[-123.862754,44.150517],[-123.862739,44.150509],[-123.862723,44.150501],[-123.862708,44.150493],[-123.862692,44.150485],[-123.862677,44.150477],[-123.862662,44.150469],[-123.862646,44.150461],[-123.862631,44.150453],[-123.862615,44.150445],[-123.8626,44.150437],[-123.862584,44.150429],[-123.862569,44.150421],[-123.862553,44.150413],[-123.862538,44.150405],[-123.862522,44.150397],[-123.862507,44.150389],[-123.862492,44.150381],[-123.862476,44.150373],[-123.862461,44.150365],[-123.862445,44.150357],[-123.86243,44.150349],[-123.862414,44.150341],[-123.862404,44.150335],[-123.862399,44.150333],[-123.862383,44.150325],[-123.862368,44.150317],[-123.862352,44.150309],[-123.862337,44.150301],[-123.862322,44.150293],[-123.862306,44.150284],[-123.862291,44.150276],[-123.862275,44.150268],[-123.86226,44.15026],[-123.862244,44.150252],[-123.862229,44.150244],[-123.862213,44.150236],[-123.862198,44.150228],[-123.862182,44.15022],[-123.862181,44.15022],[-123.862167,44.150212],[-123.862152,44.150204],[-123.862136,44.150196],[-123.862121,44.150188],[-123.862105,44.15018],[-123.86209,44.150172],[-123.862074,44.150164],[-123.862059,44.150156],[-123.862043,44.150148],[-123.862028,44.15014],[-123.862012,44.150132],[-123.861997,44.150124],[-123.861982,44.150116],[-123.861966,44.150108],[-123.861951,44.1501],[-123.861935,44.150092],[-123.86192,44.150084],[-123.861904,44.150076],[-123.861889,44.150068],[-123.861873,44.15006],[-123.861856,44.150051],[-123.861839,44.150043],[-123.861823,44.150035],[-123.861807,44.150027],[-123.861792,44.15002],[-123.861776,44.150012],[-123.86176,44.150005],[-123.861744,44.149997],[-123.861728,44.149989],[-123.861713,44.149982],[-123.861697,44.149974],[-123.861681,44.149966],[-123.861665,44.149959],[-123.861649,44.149951],[-123.861633,44.149943],[-123.861618,44.149936],[-123.861602,44.149928],[-123.861586,44.14992],[-123.86157,44.149913],[-123.861555,44.149905],[-123.86154,44.149898],[-123.861526,44.149891],[-123.861512,44.149884],[-123.861498,44.149876],[-123.861484,44.149868],[-123.86147,44.149861],[-123.861457,44.149853],[-123.861444,44.149845],[-123.861431,44.149837],[-123.861418,44.149828],[-123.861405,44.14982],[-123.861393,44.149811],[-123.86138,44.149802],[-123.861368,44.149793],[-123.861356,44.149784],[-123.861344,44.149775],[-123.861333,44.149766],[-123.861321,44.149757],[-123.86131,44.149747],[-123.861298,44.149737],[-123.861285,44.149726],[-123.861273,44.149715],[-123.861261,44.149705],[-123.861249,44.149694],[-123.861236,44.149684],[-123.861224,44.149673],[-123.861212,44.149663],[-123.8612,44.149652],[-123.861187,44.149642],[-123.861179,44.149635],[-123.861175,44.149631],[-123.861163,44.149621],[-123.861151,44.14961],[-123.861138,44.1496],[-123.861126,44.149589],[-123.861114,44.149579],[-123.861102,44.149568],[-123.861089,44.149558],[-123.861077,44.149547],[-123.861065,44.149537],[-123.861053,44.149526],[-123.86104,44.149516],[-123.861028,44.149505],[-123.861016,44.149495],[-123.861004,44.149484],[-123.860991,44.149474],[-123.860979,44.149463],[-123.860967,44.149453],[-123.860955,44.149442],[-123.860942,44.149432],[-123.86093,44.149421],[-123.860918,44.149411],[-123.860908,44.149402],[-123.860898,44.149393],[-123.860887,44.149383],[-123.860877,44.149372],[-123.860866,44.149362],[-123.860856,44.149351],[-123.860846,44.14934],[-123.860836,44.14933],[-123.860826,44.149319],[-123.860817,44.149308],[-123.860807,44.149297],[-123.860798,44.149286],[-123.860789,44.149275],[-123.860779,44.149264],[-123.860771,44.149253],[-123.860762,44.149242],[-123.860753,44.14923],[-123.860745,44.149219],[-123.860737,44.149207],[-123.860729,44.149196],[-123.860721,44.149184],[-123.860713,44.149173],[-123.860705,44.149161],[-123.860698,44.149149],[-123.86069,44.149138],[-123.860683,44.149126],[-123.860676,44.149114],[-123.86067,44.149102],[-123.860664,44.149091],[-123.860659,44.149081],[-123.860654,44.14907],[-123.860649,44.149058],[-123.860645,44.149047],[-123.860641,44.149035],[-123.860637,44.149023],[-123.860633,44.149011],[-123.86063,44.148999],[-123.860627,44.148987],[-123.860624,44.148975],[-123.860622,44.148963],[-123.86062,44.148951],[-123.860618,44.148939],[-123.860617,44.148927],[-123.860616,44.148915],[-123.860615,44.148902],[-123.860614,44.14889],[-123.860614,44.148878],[-123.860615,44.148866],[-123.860615,44.148854],[-123.860616,44.148842],[-123.860617,44.148829],[-123.860619,44.148817],[-123.860621,44.148805],[-123.860623,44.148793],[-123.860625,44.14878],[-123.860628,44.148766],[-123.86063,44.148752],[-123.860633,44.14874],[-123.860636,44.148727],[-123.860638,44.148714],[-123.860641,44.148702],[-123.860645,44.148689],[-123.860648,44.148677],[-123.860652,44.148664],[-123.860656,44.148652],[-123.86066,44.148639],[-123.860664,44.148627],[-123.860668,44.148615],[-123.860673,44.148603],[-123.860677,44.148592],[-123.860683,44.148581],[-123.860689,44.148568],[-123.860695,44.148555],[-123.860701,44.148542],[-123.860707,44.148529],[-123.860713,44.148516],[-123.860719,44.148503],[-123.860726,44.14849],[-123.860732,44.148477],[-123.860738,44.148464],[-123.860744,44.148451],[-123.86075,44.148438],[-123.860756,44.148425],[-123.860762,44.148412],[-123.860768,44.148399],[-123.860775,44.148384],[-123.860781,44.148369],[-123.860787,44.148355],[-123.860792,44.148342],[-123.860797,44.148329],[-123.860803,44.148316],[-123.860808,44.148303],[-123.860813,44.14829],[-123.860818,44.148276],[-123.860823,44.148263],[-123.860829,44.14825],[-123.860834,44.148237],[-123.860839,44.148224],[-123.860844,44.148211],[-123.86085,44.148198],[-123.860855,44.148185],[-123.860861,44.148172],[-123.860866,44.148159],[-123.860871,44.148146],[-123.860877,44.148132],[-123.860882,44.14812],[-123.860886,44.14811],[-123.860892,44.1481],[-123.860899,44.148088],[-123.860906,44.148075],[-123.860913,44.148062],[-123.86092,44.148049],[-123.860927,44.148036],[-123.860934,44.148024],[-123.860941,44.148011],[-123.860948,44.147998],[-123.860955,44.147985],[-123.860962,44.147973],[-123.860969,44.14796],[-123.860976,44.147947],[-123.860983,44.147934],[-123.86099,44.147922],[-123.860997,44.147909],[-123.861004,44.147896],[-123.861011,44.147883],[-123.861018,44.147871],[-123.861025,44.147858],[-123.861031,44.147846],[-123.861038,44.147834],[-123.861045,44.147823],[-123.861052,44.147811],[-123.861059,44.1478],[-123.861067,44.147789],[-123.861074,44.147778],[-123.861083,44.147767],[-123.861091,44.147756],[-123.861099,44.147745],[-123.861108,44.147734],[-123.861117,44.147723],[-123.861126,44.147713],[-123.861135,44.147702],[-123.861145,44.147692],[-123.861155,44.147682],[-123.861166,44.147671],[-123.861177,44.147659],[-123.861188,44.147648],[-123.861198,44.147638],[-123.861209,44.147627],[-123.861219,44.147617],[-123.86123,44.147606],[-123.861234,44.147602],[-123.861241,44.147596],[-123.861254,44.147584],[-123.861256,44.147582],[-123.861268,44.14757],[-123.861281,44.147555],[-123.861292,44.147542],[-123.861302,44.147529],[-123.861313,44.147516],[-123.861322,44.147503],[-123.861332,44.14749],[-123.861341,44.147476],[-123.86135,44.147463],[-123.861358,44.14745],[-123.861367,44.147438],[-123.861375,44.147424],[-123.861383,44.147411],[-123.861391,44.147398],[-123.861399,44.147384],[-123.861407,44.147371],[-123.861414,44.147357],[-123.861422,44.147343],[-123.861429,44.14733],[-123.861435,44.147317],[-123.861441,44.147306],[-123.861447,44.147295],[-123.861455,44.147283],[-123.861462,44.14727],[-123.861469,44.147258],[-123.861477,44.147245],[-123.861484,44.147233],[-123.861492,44.14722],[-123.861498,44.147209],[-123.861505,44.147198],[-123.861513,44.147187],[-123.861521,44.147175],[-123.86153,44.147164],[-123.861538,44.147152],[-123.861546,44.147141],[-123.861555,44.14713],[-123.861564,44.147118],[-123.861575,44.147104],[-123.861585,44.147089],[-123.861594,44.147076],[-123.861602,44.147064],[-123.861611,44.147051],[-123.861619,44.147038],[-123.861627,44.147025],[-123.861635,44.147012],[-123.861643,44.146999],[-123.861652,44.146985],[-123.861661,44.146968],[-123.861668,44.146951],[-123.861674,44.146937],[-123.861679,44.146922],[-123.861684,44.146906],[-123.861689,44.146891],[-123.861693,44.146876],[-123.861697,44.146861],[-123.8617,44.146845],[-123.861703,44.14683],[-123.861705,44.146815],[-123.861707,44.146802],[-123.861709,44.146789],[-123.861711,44.146774],[-123.861713,44.146759],[-123.861715,44.146745],[-123.861716,44.14673],[-123.861717,44.146715],[-123.861718,44.146707],[-123.861718,44.1467],[-123.861719,44.146686],[-123.861719,44.146671],[-123.861719,44.146658],[-123.86172,44.146646],[-123.861721,44.146632],[-123.861721,44.146618],[-123.861722,44.146604],[-123.861723,44.14659],[-123.861723,44.146576],[-123.861724,44.146562],[-123.861724,44.146548],[-123.861724,44.146534],[-123.861725,44.14652],[-123.861725,44.146506],[-123.861725,44.146492],[-123.861725,44.146478],[-123.861725,44.146463],[-123.861724,44.146449],[-123.861724,44.146435],[-123.861723,44.146421],[-123.861723,44.146407],[-123.861722,44.146392],[-123.861721,44.146378],[-123.86172,44.146364],[-123.861719,44.14635],[-123.861718,44.146336],[-123.861717,44.146322],[-123.861715,44.146308],[-123.861714,44.146294],[-123.861713,44.14628],[-123.861711,44.146266],[-123.86171,44.146252],[-123.861708,44.146238],[-123.861706,44.146224],[-123.861704,44.14621],[-123.861703,44.146196],[-123.861701,44.146184],[-123.8617,44.146172],[-123.861699,44.146159],[-123.861698,44.146146],[-123.861697,44.146133],[-123.861697,44.14612],[-123.861696,44.146107],[-123.861696,44.146093],[-123.861696,44.14608],[-123.861695,44.146067],[-123.861695,44.146054],[-123.861695,44.14604],[-123.861696,44.146027],[-123.861696,44.146014],[-123.861696,44.146001],[-123.861697,44.145987],[-123.861697,44.145974],[-123.861698,44.145959],[-123.861698,44.145944],[-123.861698,44.145928],[-123.861697,44.145914],[-123.861697,44.1459],[-123.861696,44.145886],[-123.861695,44.145872],[-123.861694,44.145858],[-123.861693,44.145843],[-123.861692,44.145828],[-123.861689,44.14581],[-123.861686,44.145795],[-123.861683,44.14578],[-123.861679,44.145765],[-123.861675,44.14575],[-123.86167,44.145735],[-123.861665,44.14572],[-123.86166,44.145705],[-123.861654,44.14569],[-123.861648,44.145676],[-123.861642,44.145662],[-123.861636,44.145649],[-123.86163,44.145635],[-123.861623,44.145621],[-123.861616,44.145607],[-123.861609,44.145593],[-123.861601,44.145579],[-123.861595,44.145568],[-123.861592,44.145562],[-123.86159,44.145554],[-123.861587,44.145543],[-123.861584,44.145532],[-123.861582,44.145521],[-123.861581,44.14551],[-123.86158,44.145498],[-123.861579,44.145487],[-123.861579,44.145474],[-123.861579,44.145461],[-123.861579,44.145449],[-123.861579,44.145437],[-123.86158,44.145425],[-123.861581,44.145413],[-123.861583,44.145401],[-123.861584,44.145389],[-123.861586,44.145377],[-123.861589,44.145365],[-123.861592,44.145353],[-123.861595,44.145338],[-123.861598,44.145324],[-123.861601,44.14531],[-123.861604,44.145296],[-123.861607,44.145283],[-123.861609,44.145269],[-123.861612,44.145256],[-123.861615,44.145242],[-123.861618,44.145229],[-123.861621,44.145214],[-123.861623,44.145198],[-123.861625,44.145181],[-123.861626,44.145166],[-123.861627,44.145151],[-123.861628,44.145135],[-123.861628,44.14512],[-123.861627,44.145104],[-123.861626,44.145089],[-123.861625,44.145074],[-123.861623,44.145058],[-123.861621,44.145043],[-123.861618,44.145028],[-123.861615,44.145012],[-123.861611,44.144997],[-123.861607,44.144982],[-123.861603,44.144967],[-123.861598,44.144952],[-123.861592,44.144937],[-123.861587,44.144922],[-123.861581,44.144908],[-123.861574,44.144893],[-123.861567,44.144878],[-123.86156,44.144865],[-123.861554,44.144852],[-123.861547,44.144839],[-123.861541,44.144826],[-123.861534,44.144814],[-123.861528,44.144801],[-123.861521,44.144788],[-123.861515,44.144775],[-123.861508,44.144762],[-123.861502,44.144749],[-123.861496,44.144736],[-123.861489,44.144723],[-123.861483,44.14471],[-123.861476,44.144697],[-123.86147,44.144685],[-123.861463,44.144672],[-123.861458,44.14466],[-123.861453,44.144649],[-123.861448,44.144638],[-123.861444,44.144626],[-123.86144,44.144615],[-123.861436,44.144603],[-123.861433,44.144592],[-123.86143,44.14458],[-123.861427,44.144568],[-123.861425,44.144556],[-123.861423,44.144545],[-123.861421,44.144533],[-123.86142,44.144521],[-123.86142,44.144509],[-123.861419,44.144497],[-123.861419,44.144485],[-123.861419,44.144473],[-123.86142,44.144461],[-123.861421,44.14445],[-123.861423,44.144438],[-123.861424,44.144426],[-123.861427,44.144414],[-123.861429,44.144403],[-123.861432,44.144391],[-123.861435,44.144379],[-123.861439,44.144368],[-123.861443,44.144356],[-123.861447,44.144345],[-123.861452,44.144333],[-123.861457,44.144322],[-123.861462,44.144311],[-123.861468,44.1443],[-123.861474,44.144289],[-123.861481,44.144278],[-123.861489,44.144265],[-123.861496,44.144252],[-123.861504,44.14424],[-123.861511,44.144227],[-123.861519,44.144215],[-123.861527,44.144202],[-123.861534,44.144189],[-123.861542,44.144177],[-123.861549,44.144165],[-123.861557,44.144153],[-123.861566,44.144138],[-123.861574,44.144122],[-123.861582,44.144107],[-123.861589,44.144091],[-123.861595,44.144074],[-123.8616,44.144058],[-123.861604,44.144042],[-123.861608,44.144025],[-123.861611,44.144008],[-123.861612,44.143992],[-123.861613,44.143975],[-123.861614,44.143958],[-123.861613,44.143942],[-123.861612,44.143926],[-123.86161,44.14391],[-123.861607,44.143894],[-123.861604,44.143878],[-123.8616,44.143862],[-123.861595,44.143846],[-123.86159,44.14383],[-123.861584,44.143814],[-123.861577,44.143799],[-123.86157,44.143784],[-123.861565,44.143775],[-123.861562,44.143765],[-123.861557,44.143752],[-123.861552,44.143738],[-123.861548,44.143725],[-123.861543,44.143712],[-123.861538,44.143699],[-123.861534,44.143685],[-123.861529,44.143672],[-123.861524,44.143659],[-123.861519,44.143645],[-123.861515,44.143632],[-123.86151,44.14362],[-123.861507,44.143609],[-123.861503,44.143596],[-123.8615,44.143584],[-123.861497,44.143571],[-123.861494,44.143559],[-123.861491,44.143546],[-123.861489,44.143534],[-123.861487,44.143521],[-123.861485,44.143509],[-123.861483,44.143496],[-123.861481,44.143483],[-123.86148,44.143471],[-123.861479,44.143458],[-123.861478,44.143445],[-123.861477,44.143432],[-123.861476,44.143418],[-123.861475,44.143405],[-123.861475,44.143391],[-123.861474,44.143377],[-123.861473,44.143364],[-123.861472,44.14335],[-123.861471,44.143336],[-123.861471,44.143322],[-123.86147,44.143309],[-123.861469,44.143295],[-123.861468,44.143281],[-123.861467,44.143268],[-123.861467,44.143254],[-123.861466,44.14324],[-123.861465,44.143227],[-123.861464,44.143213],[-123.861463,44.143202],[-123.861463,44.143201],[-123.861463,44.143199],[-123.861462,44.143184],[-123.861461,44.143169],[-123.861459,44.143155],[-123.861457,44.143141],[-123.861456,44.143126],[-123.861454,44.143112],[-123.861452,44.143098],[-123.86145,44.143084],[-123.861447,44.14307],[-123.861445,44.143056],[-123.861443,44.143042],[-123.86144,44.143028],[-123.861437,44.143014],[-123.861434,44.143],[-123.861432,44.142986],[-123.861429,44.142972],[-123.861425,44.142958],[-123.861422,44.142944],[-123.861419,44.14293],[-123.861415,44.142916],[-123.861412,44.142902],[-123.861408,44.142888],[-123.861404,44.142874],[-123.8614,44.14286],[-123.861397,44.142847],[-123.861393,44.142834],[-123.861389,44.14282],[-123.861386,44.142807],[-123.861382,44.142793],[-123.861378,44.14278],[-123.861374,44.142766],[-123.86137,44.142752],[-123.861366,44.142739],[-123.861362,44.142725],[-123.861358,44.142711],[-123.861354,44.142697],[-123.86135,44.142683],[-123.861345,44.142669],[-123.86134,44.142656],[-123.861336,44.142642],[-123.861331,44.142628],[-123.861326,44.142615],[-123.861321,44.142601],[-123.861316,44.142587],[-123.861311,44.142574],[-123.861306,44.14256],[-123.8613,44.142547],[-123.861295,44.142533],[-123.861289,44.14252],[-123.861284,44.142506],[-123.861278,44.142493],[-123.861273,44.14248],[-123.861268,44.142467],[-123.861262,44.142454],[-123.861257,44.142441],[-123.861251,44.142427],[-123.861246,44.142414],[-123.86124,44.142401],[-123.861234,44.142387],[-123.861228,44.142374],[-123.861223,44.142361],[-123.861217,44.142347],[-123.861211,44.142334],[-123.861205,44.142321],[-123.861199,44.142308],[-123.861193,44.142294],[-123.861187,44.142281],[-123.861181,44.142268],[-123.861174,44.142254],[-123.861168,44.142241],[-123.861162,44.142228],[-123.861155,44.142215],[-123.861149,44.142202],[-123.861142,44.142189],[-123.861136,44.142175],[-123.861129,44.142162],[-123.861122,44.142149],[-123.861115,44.142136],[-123.861109,44.142123],[-123.861102,44.14211],[-123.861095,44.142097],[-123.861088,44.142084],[-123.861081,44.142071],[-123.861074,44.142059],[-123.861068,44.142046],[-123.861061,44.142033],[-123.861054,44.142021],[-123.861048,44.142008],[-123.861041,44.141995],[-123.861034,44.141982],[-123.861027,44.141969],[-123.861021,44.141956],[-123.861014,44.141944],[-123.861007,44.141931],[-123.861001,44.141918],[-123.860994,44.141905],[-123.860987,44.141892],[-123.86098,44.141879],[-123.860974,44.141867],[-123.860967,44.141854],[-123.86096,44.141841],[-123.860954,44.141828],[-123.860947,44.141815],[-123.86094,44.141802],[-123.860933,44.14179],[-123.860927,44.141777],[-123.86092,44.141764],[-123.860913,44.141751],[-123.860907,44.141738],[-123.8609,44.141725],[-123.860893,44.141713],[-123.860886,44.1417],[-123.86088,44.141687],[-123.860873,44.141674],[-123.860866,44.141661],[-123.86086,44.141648],[-123.860853,44.141636],[-123.860846,44.141623],[-123.860839,44.14161],[-123.860833,44.141597],[-123.860826,44.141584],[-123.860819,44.141571],[-123.860813,44.141559],[-123.860806,44.141546],[-123.860799,44.141533],[-123.860793,44.141521],[-123.860787,44.141509],[-123.860781,44.141496],[-123.860774,44.141483],[-123.860768,44.14147],[-123.860762,44.141457],[-123.860755,44.141444],[-123.860749,44.141431],[-123.860743,44.141418],[-123.860736,44.141405],[-123.86073,44.141392],[-123.860724,44.14138],[-123.860719,44.141369],[-123.860713,44.141356],[-123.860707,44.141343],[-123.860701,44.141329],[-123.860695,44.141316],[-123.86069,44.141303],[-123.860684,44.14129],[-123.860678,44.141277],[-123.860672,44.141264],[-123.860666,44.141251],[-123.860661,44.141239],[-123.860656,44.141227],[-123.860651,44.141214],[-123.860645,44.141201],[-123.86064,44.141188],[-123.860635,44.141174],[-123.86063,44.141161],[-123.860624,44.141148],[-123.860619,44.141135],[-123.860614,44.141122],[-123.860608,44.141108],[-123.860603,44.141095],[-123.860598,44.141082],[-123.860592,44.141069],[-123.860587,44.141056],[-123.860582,44.141043],[-123.860576,44.141029],[-123.860571,44.141017],[-123.860567,44.141006],[-123.860563,44.140993],[-123.860559,44.14098],[-123.860554,44.140967],[-123.86055,44.140953],[-123.860545,44.14094],[-123.860541,44.140927],[-123.860536,44.140913],[-123.860532,44.1409],[-123.860528,44.140887],[-123.860524,44.140875],[-123.86052,44.140862],[-123.860516,44.140849],[-123.860512,44.140835],[-123.860508,44.140822],[-123.860504,44.140809],[-123.8605,44.140795],[-123.860497,44.140782],[-123.860493,44.140768],[-123.860489,44.140755],[-123.860485,44.140742],[-123.860481,44.140728],[-123.860477,44.140715],[-123.860473,44.140701],[-123.860469,44.140688],[-123.860465,44.140674],[-123.860461,44.140661],[-123.860458,44.140648],[-123.860454,44.140634],[-123.86045,44.140621],[-123.860446,44.140607],[-123.860442,44.140594],[-123.860438,44.14058],[-123.860434,44.140567],[-123.86043,44.140554],[-123.860426,44.14054],[-123.860423,44.140528],[-123.86042,44.140516],[-123.860417,44.140504],[-123.860415,44.140492],[-123.860413,44.14048],[-123.860411,44.140468],[-123.860409,44.140456],[-123.860408,44.140443],[-123.860407,44.140431],[-123.860407,44.140419],[-123.860407,44.140407],[-123.860407,44.140394],[-123.860407,44.140382],[-123.860408,44.14037],[-123.860408,44.140358],[-123.86041,44.140346],[-123.860411,44.140333],[-123.860413,44.140321],[-123.860415,44.140309],[-123.860418,44.140297],[-123.86042,44.140285],[-123.860423,44.140273],[-123.860427,44.140261],[-123.86043,44.140249],[-123.860434,44.140237],[-123.860439,44.140225],[-123.860443,44.140213],[-123.860448,44.140202],[-123.860453,44.14019],[-123.860459,44.140177],[-123.860465,44.140164],[-123.860471,44.140151],[-123.860476,44.140139],[-123.860482,44.140127],[-123.860488,44.140116],[-123.860495,44.140104],[-123.860501,44.140092],[-123.860508,44.14008],[-123.860515,44.140069],[-123.860522,44.140057],[-123.860529,44.140046],[-123.860537,44.140035],[-123.860545,44.140023],[-123.860553,44.140012],[-123.860561,44.140001],[-123.860569,44.13999],[-123.860578,44.139979],[-123.860587,44.139967],[-123.860598,44.139955],[-123.860607,44.139942],[-123.860616,44.139931],[-123.860625,44.139919],[-123.860634,44.139908],[-123.860643,44.139897],[-123.860653,44.139886],[-123.860662,44.139875],[-123.860672,44.139864],[-123.860682,44.139853],[-123.860692,44.139842],[-123.860702,44.139831],[-123.860712,44.13982],[-123.860722,44.13981],[-123.860732,44.139799],[-123.860743,44.139788],[-123.860755,44.139776],[-123.860766,44.139765],[-123.860776,44.139754],[-123.860787,44.139743],[-123.860798,44.139733],[-123.860809,44.139722],[-123.86082,44.139711],[-123.860831,44.1397],[-123.860842,44.13969],[-123.860853,44.139679],[-123.860864,44.139669],[-123.860875,44.139658],[-123.860887,44.139648],[-123.860898,44.139637],[-123.86091,44.139627],[-123.860922,44.139617],[-123.860933,44.139607],[-123.860944,44.139597],[-123.860955,44.139588],[-123.860966,44.139579],[-123.860979,44.13957],[-123.860991,44.13956],[-123.861004,44.139551],[-123.861016,44.139542],[-123.861029,44.139533],[-123.861042,44.139524],[-123.861055,44.139515],[-123.861068,44.139506],[-123.861081,44.139498],[-123.861095,44.139489],[-123.861108,44.13948],[-123.861122,44.139472],[-123.861136,44.139464],[-123.861149,44.139455],[-123.861163,44.139447],[-123.861177,44.139439],[-123.861191,44.139431],[-123.861206,44.139423],[-123.86122,44.139415],[-123.861234,44.139408],[-123.861249,44.1394],[-123.861264,44.139393],[-123.861278,44.139385],[-123.861293,44.139378],[-123.861308,44.139371],[-123.861323,44.139364],[-123.861338,44.139357],[-123.861354,44.13935],[-123.861369,44.139343],[-123.861384,44.139336],[-123.8614,44.13933],[-123.861416,44.139323],[-123.861433,44.139316],[-123.861449,44.139309],[-123.861466,44.139303],[-123.861482,44.139296],[-123.861498,44.139289],[-123.861515,44.139282],[-123.861531,44.139275],[-123.861548,44.139268],[-123.861564,44.139261],[-123.861581,44.139254],[-123.861597,44.139248],[-123.861614,44.139241],[-123.86163,44.139234],[-123.861647,44.139227],[-123.861663,44.13922],[-123.86168,44.139213],[-123.861696,44.139206],[-123.861713,44.1392],[-123.861729,44.139193],[-123.861746,44.139186],[-123.861762,44.139179],[-123.861779,44.139172],[-123.861795,44.139165],[-123.861813,44.139158],[-123.86183,44.13915],[-123.861847,44.139143],[-123.861863,44.139135],[-123.86188,44.139128],[-123.861896,44.139121],[-123.861912,44.139114],[-123.861928,44.139107],[-123.861944,44.139099],[-123.861961,44.139092],[-123.861978,44.139084],[-123.861994,44.139076],[-123.86201,44.139069],[-123.862026,44.139061],[-123.862042,44.139054],[-123.862058,44.139047],[-123.862074,44.139039],[-123.86209,44.139032],[-123.862106,44.139024],[-123.862122,44.139017],[-123.862138,44.139009],[-123.862154,44.139002],[-123.86217,44.138994],[-123.862186,44.138987],[-123.862202,44.138979],[-123.862218,44.138972],[-123.862234,44.138965],[-123.86225,44.138957],[-123.862266,44.13895],[-123.862282,44.138942],[-123.862298,44.138935],[-123.862314,44.138927],[-123.86233,44.13892],[-123.862346,44.138912],[-123.862362,44.138905],[-123.862378,44.138898],[-123.862394,44.13889],[-123.86241,44.138883],[-123.862426,44.138875],[-123.86244,44.138869],[-123.862454,44.138863],[-123.862469,44.138857],[-123.862485,44.13885],[-123.8625,44.138844],[-123.862516,44.138838],[-123.862532,44.138832],[-123.862548,44.138826],[-123.862564,44.138821],[-123.86258,44.138815],[-123.862596,44.13881],[-123.862613,44.138804],[-123.862629,44.138799],[-123.862645,44.138794],[-123.862662,44.138789],[-123.862679,44.138784],[-123.862695,44.138779],[-123.862712,44.138775],[-123.862729,44.13877],[-123.862745,44.138766],[-123.862762,44.138762],[-123.862779,44.138758],[-123.862796,44.138754],[-123.862813,44.13875],[-123.86283,44.138746],[-123.862849,44.138742],[-123.862868,44.138738],[-123.862886,44.138734],[-123.862904,44.13873],[-123.862921,44.138726],[-123.862939,44.138722],[-123.862957,44.138719],[-123.862974,44.138715],[-123.862992,44.138712],[-123.86301,44.138708],[-123.863028,44.138705],[-123.863045,44.138701],[-123.863063,44.138698],[-123.863081,44.138695],[-123.863099,44.138692],[-123.863117,44.138689],[-123.863135,44.138686],[-123.863153,44.138683],[-123.863172,44.13868],[-123.86319,44.138677],[-123.863208,44.138674],[-123.863226,44.138672],[-123.863244,44.138669],[-123.863263,44.138666],[-123.863281,44.138664],[-123.863299,44.138661],[-123.863317,44.138659],[-123.863335,44.138657],[-123.863354,44.138654],[-123.863372,44.138652],[-123.86339,44.13865],[-123.863408,44.138648],[-123.863426,44.138646],[-123.863444,44.138644],[-123.863461,44.138642],[-123.86348,44.13864],[-123.863499,44.138639],[-123.863518,44.138637],[-123.863537,44.138635],[-123.863556,44.138633],[-123.863575,44.138632],[-123.863594,44.13863],[-123.863612,44.138628],[-123.863631,44.138627],[-123.86365,44.138625],[-123.863669,44.138623],[-123.863688,44.138621],[-123.863707,44.13862],[-123.863726,44.138618],[-123.863745,44.138616],[-123.863762,44.138614],[-123.863781,44.138613],[-123.863801,44.138611],[-123.86382,44.13861],[-123.86384,44.138608],[-123.86386,44.138606],[-123.86388,44.138603],[-123.8639,44.138601],[-123.86392,44.138599],[-123.863939,44.138596],[-123.863959,44.138594],[-123.863979,44.138591],[-123.863999,44.138588],[-123.864018,44.138585],[-123.864038,44.138581],[-123.864057,44.138578],[-123.864076,44.138575],[-123.864094,44.138572],[-123.864111,44.138569],[-123.86413,44.138566],[-123.864148,44.138563],[-123.864167,44.13856],[-123.864185,44.138557],[-123.864204,44.138554],[-123.864223,44.138551],[-123.864241,44.138548],[-123.86426,44.138545],[-123.864278,44.138542],[-123.864297,44.138539],[-123.864315,44.138536],[-123.864334,44.138533],[-123.864353,44.13853],[-123.864371,44.138527],[-123.86439,44.138524],[-123.864408,44.138521],[-123.864427,44.138518],[-123.864446,44.138515],[-123.864464,44.138512],[-123.864483,44.138509],[-123.864501,44.138506],[-123.86452,44.138503],[-123.864538,44.1385],[-123.864557,44.138497],[-123.864576,44.138494],[-123.864594,44.138491],[-123.864613,44.138488],[-123.864631,44.138485],[-123.86465,44.138482],[-123.864669,44.138479],[-123.864687,44.138476],[-123.864704,44.138473],[-123.864722,44.138471],[-123.864744,44.138467],[-123.864768,44.138463],[-123.864792,44.138457],[-123.864815,44.138451],[-123.864837,44.138444],[-123.86486,44.138436],[-123.864881,44.138428],[-123.864902,44.138419],[-123.864923,44.138409],[-123.864942,44.138398],[-123.864961,44.138386],[-123.864979,44.138374],[-123.864996,44.138362],[-123.865013,44.138348],[-123.865028,44.138334],[-123.865043,44.13832],[-123.865055,44.138306],[-123.865066,44.138294],[-123.865077,44.138281],[-123.865089,44.138266],[-123.865099,44.138251],[-123.865109,44.138236],[-123.865118,44.138221],[-123.865127,44.138206],[-123.865135,44.13819],[-123.865141,44.138174],[-123.865148,44.138158],[-123.865153,44.138143],[-123.865157,44.138128],[-123.865162,44.138113],[-123.865166,44.138097],[-123.865169,44.138081],[-123.865171,44.138065],[-123.865173,44.138049],[-123.865174,44.138032],[-123.865175,44.138016],[-123.865175,44.138],[-123.865174,44.137985],[-123.865173,44.137971],[-123.865172,44.137958],[-123.865172,44.137944],[-123.865171,44.137931],[-123.86517,44.137917],[-123.86517,44.137903],[-123.865169,44.137889],[-123.865168,44.137876],[-123.865168,44.137862],[-123.865167,44.137848],[-123.865166,44.137835],[-123.865166,44.137821],[-123.865165,44.137807],[-123.865164,44.137793],[-123.865164,44.13778],[-123.865163,44.137766],[-123.865162,44.137752],[-123.865162,44.137739],[-123.865161,44.137725],[-123.86516,44.137711],[-123.86516,44.137697],[-123.865159,44.137684],[-123.865158,44.13767],[-123.865158,44.137656],[-123.865157,44.137643],[-123.865156,44.137629],[-123.865156,44.137615],[-123.865155,44.137602],[-123.865154,44.137588],[-123.865154,44.137574],[-123.865153,44.13756],[-123.865152,44.137547],[-123.865152,44.137533],[-123.865151,44.137519],[-123.86515,44.137506],[-123.86515,44.137492],[-123.865149,44.137478],[-123.865148,44.137464],[-123.865148,44.137451],[-123.865147,44.137437],[-123.865146,44.137423],[-123.865146,44.13741],[-123.865145,44.137396],[-123.865144,44.137382],[-123.865144,44.137369],[-123.865143,44.137355],[-123.865142,44.137341],[-123.865142,44.137327],[-123.865141,44.137314],[-123.86514,44.1373],[-123.86514,44.137286],[-123.865139,44.137273],[-123.865138,44.137259],[-123.865138,44.137245],[-123.865137,44.137231],[-123.865136,44.137218],[-123.865136,44.137204],[-123.865135,44.13719],[-123.865134,44.137177],[-123.865134,44.137163],[-123.865133,44.137149],[-123.865132,44.137136],[-123.865132,44.137122],[-123.865131,44.137108],[-123.86513,44.137094],[-123.86513,44.13708],[-123.865129,44.137066],[-123.865128,44.137052],[-123.865126,44.137038],[-123.865125,44.137024],[-123.865124,44.13701],[-123.865123,44.136996],[-123.865122,44.136982],[-123.865121,44.136969],[-123.865119,44.136955],[-123.865118,44.136941],[-123.865117,44.136927],[-123.865115,44.136913],[-123.865114,44.136899],[-123.865112,44.136886],[-123.865111,44.136872],[-123.865109,44.136858],[-123.865108,44.136844],[-123.865106,44.13683],[-123.865104,44.136816],[-123.865103,44.136803],[-123.865101,44.136789],[-123.865099,44.136775],[-123.865098,44.136762],[-123.865096,44.136748],[-123.865094,44.136734],[-123.865093,44.136721],[-123.865091,44.136707],[-123.865089,44.136693],[-123.865088,44.13668],[-123.865086,44.136666],[-123.865084,44.136653],[-123.865083,44.136639],[-123.865081,44.136625],[-123.865079,44.136612],[-123.865078,44.136598],[-123.865076,44.136584],[-123.865074,44.136571],[-123.865073,44.136557],[-123.865071,44.136543],[-123.865069,44.13653],[-123.865068,44.136516],[-123.865066,44.136502],[-123.865064,44.136488],[-123.865062,44.136474],[-123.865061,44.136461],[-123.865059,44.136448],[-123.865058,44.136435],[-123.865056,44.136422],[-123.865055,44.13641],[-123.865055,44.136397],[-123.865054,44.136384],[-123.865054,44.136371],[-123.865053,44.136358],[-123.865053,44.136345],[-123.865053,44.136332],[-123.865054,44.136319],[-123.865054,44.136307],[-123.865055,44.136294],[-123.865055,44.136281],[-123.865056,44.136268],[-123.865058,44.136255],[-123.865059,44.136242],[-123.865061,44.136229],[-123.865062,44.136214],[-123.865063,44.136201],[-123.865065,44.136187],[-123.865066,44.136173],[-123.865068,44.13616],[-123.865069,44.136146],[-123.865071,44.136132],[-123.865072,44.136119],[-123.865074,44.136105],[-123.865075,44.136091],[-123.865076,44.136078],[-123.865078,44.136064],[-123.865079,44.13605],[-123.865081,44.136037],[-123.865082,44.136023],[-123.865084,44.136009],[-123.865085,44.135996],[-123.865087,44.135982],[-123.865088,44.135968],[-123.865089,44.135955],[-123.865091,44.135941],[-123.865092,44.135927],[-123.865094,44.135912],[-123.865095,44.135897],[-123.865095,44.135882],[-123.865096,44.135867],[-123.865096,44.135852],[-123.865095,44.135836],[-123.865094,44.135821],[-123.865093,44.135806],[-123.865092,44.135791],[-123.86509,44.135776],[-123.865088,44.135761],[-123.865085,44.135746],[-123.865082,44.135731],[-123.865079,44.135716],[-123.865075,44.135701],[-123.865072,44.135687],[-123.865067,44.135672],[-123.865063,44.135657],[-123.865058,44.135642],[-123.865052,44.135628],[-123.865047,44.135613],[-123.865041,44.135599],[-123.865035,44.135585],[-123.865029,44.135571],[-123.865022,44.135557],[-123.865015,44.135543],[-123.865008,44.135529],[-123.865001,44.135515],[-123.864993,44.135501],[-123.864985,44.135488],[-123.864977,44.135474],[-123.864968,44.13546],[-123.864959,44.135447],[-123.86495,44.135433],[-123.864941,44.13542],[-123.864931,44.135407],[-123.864921,44.135394],[-123.864911,44.135381],[-123.864901,44.135368],[-123.86489,44.135355],[-123.864879,44.135342],[-123.864868,44.13533],[-123.864857,44.135317],[-123.864845,44.135305],[-123.864833,44.135293],[-123.864821,44.135281],[-123.864809,44.135269],[-123.864796,44.135257],[-123.864783,44.135245],[-123.86477,44.135234],[-123.864757,44.135223],[-123.864743,44.135211],[-123.864729,44.1352],[-123.864715,44.135189],[-123.864701,44.135178],[-123.864689,44.13517],[-123.864679,44.135161],[-123.864665,44.13515],[-123.864652,44.135139],[-123.864638,44.135128],[-123.864624,44.135118],[-123.86461,44.135107],[-123.864596,44.135097],[-123.864581,44.135087],[-123.864567,44.135077],[-123.864552,44.135067],[-123.864537,44.135057],[-123.864522,44.135047],[-123.864507,44.135037],[-123.864492,44.135028],[-123.864477,44.135018],[-123.864462,44.135009],[-123.864447,44.135],[-123.864431,44.134991],[-123.864416,44.134982],[-123.8644,44.134973],[-123.864384,44.134964],[-123.864368,44.134955],[-123.864352,44.134946],[-123.864336,44.134938],[-123.86432,44.134929],[-123.864304,44.134921],[-123.864287,44.134912],[-123.86427,44.134904],[-123.864253,44.134896],[-123.864236,44.134888],[-123.86422,44.134881],[-123.864204,44.134873],[-123.864188,44.134866],[-123.864172,44.134858],[-123.864156,44.134851],[-123.86414,44.134844],[-123.864124,44.134836],[-123.864108,44.134829],[-123.864092,44.134821],[-123.864076,44.134814],[-123.86406,44.134806],[-123.864044,44.134799],[-123.864028,44.134792],[-123.864012,44.134784],[-123.863996,44.134777],[-123.86398,44.134769],[-123.863964,44.134762],[-123.863948,44.134755],[-123.863932,44.134747],[-123.863916,44.13474],[-123.8639,44.134732],[-123.863882,44.134724],[-123.863864,44.134716],[-123.863846,44.134709],[-123.863828,44.134702],[-123.86381,44.134694],[-123.863791,44.134688],[-123.863773,44.134681],[-123.863754,44.134674],[-123.863736,44.134668],[-123.863717,44.134662],[-123.863698,44.134656],[-123.863679,44.13465],[-123.86366,44.134645],[-123.863641,44.134639],[-123.863621,44.134634],[-123.863602,44.134629],[-123.863582,44.134624],[-123.863563,44.13462],[-123.863543,44.134615],[-123.863523,44.134611],[-123.863503,44.134607],[-123.863483,44.134603],[-123.863463,44.1346],[-123.863443,44.134596],[-123.863423,44.134593],[-123.863403,44.13459],[-123.863383,44.134587],[-123.863362,44.134584],[-123.863343,44.134582],[-123.863323,44.13458],[-123.863303,44.134578],[-123.863283,44.134576],[-123.863263,44.134574],[-123.863243,44.134572],[-123.863222,44.134571],[-123.863202,44.134569],[-123.863182,44.134568],[-123.863162,44.134567],[-123.863141,44.134566],[-123.863121,44.134565],[-123.8631,44.134565],[-123.863078,44.134565],[-123.863057,44.134565],[-123.863036,44.134565],[-123.863016,44.134566],[-123.862995,44.134567],[-123.862974,44.134568],[-123.862954,44.134569],[-123.862933,44.13457],[-123.862912,44.134572],[-123.862892,44.134574],[-123.862872,44.134576],[-123.862854,44.134578],[-123.862836,44.13458],[-123.862816,44.134582],[-123.862796,44.134584],[-123.862776,44.134586],[-123.862757,44.134588],[-123.862737,44.13459],[-123.862717,44.134593],[-123.8627,44.134595],[-123.862682,44.134597],[-123.862664,44.134599],[-123.862645,44.134602],[-123.862626,44.134604],[-123.862607,44.134606],[-123.862591,44.134608],[-123.862577,44.134609],[-123.862562,44.134609],[-123.862545,44.13461],[-123.862528,44.13461],[-123.862513,44.13461],[-123.86251,44.13461],[-123.862495,44.13461],[-123.862478,44.13461],[-123.862463,44.134609],[-123.862446,44.134608],[-123.862427,44.134607],[-123.862408,44.134605],[-123.862389,44.134604],[-123.86237,44.134603],[-123.862351,44.134602],[-123.862332,44.1346],[-123.862313,44.134599],[-123.862295,44.134598],[-123.862276,44.134596],[-123.862257,44.134595],[-123.862238,44.134594],[-123.862219,44.134592],[-123.8622,44.134591],[-123.862181,44.13459],[-123.862162,44.134588],[-123.862143,44.134587],[-123.862124,44.134586],[-123.862105,44.134584],[-123.862086,44.134583],[-123.862067,44.134582],[-123.862049,44.13458],[-123.862032,44.134579],[-123.862013,44.134577],[-123.861992,44.134576],[-123.861972,44.134574],[-123.861952,44.134573],[-123.861932,44.134572],[-123.861911,44.134571],[-123.861891,44.13457],[-123.861871,44.134569],[-123.86185,44.134569],[-123.86183,44.134569],[-123.86181,44.134568],[-123.861789,44.134569],[-123.861769,44.134569],[-123.861749,44.134569],[-123.861728,44.13457],[-123.86171,44.13457],[-123.861694,44.13457],[-123.861675,44.134571],[-123.861656,44.134571],[-123.861637,44.134571],[-123.861618,44.134571],[-123.861599,44.134571],[-123.86158,44.134571],[-123.861561,44.134571],[-123.861542,44.134572],[-123.861523,44.134572],[-123.861504,44.134572],[-123.861485,44.134572],[-123.861465,44.134572],[-123.861446,44.134572],[-123.861428,44.134572],[-123.861412,44.134572],[-123.861394,44.134572],[-123.861375,44.134571],[-123.861356,44.134571],[-123.861337,44.13457],[-123.861318,44.13457],[-123.861299,44.134569],[-123.86128,44.134569],[-123.861261,44.134568],[-123.861242,44.134568],[-123.861223,44.134567],[-123.861204,44.134567],[-123.861185,44.134566],[-123.861166,44.134566],[-123.861147,44.134566],[-123.861128,44.134565],[-123.861109,44.134565],[-123.86109,44.134564],[-123.861071,44.134564],[-123.861052,44.134563],[-123.861033,44.134563],[-123.861014,44.134562],[-123.860995,44.134562],[-123.860976,44.134561],[-123.860957,44.134561],[-123.860938,44.13456],[-123.860919,44.13456],[-123.8609,44.134559],[-123.860881,44.134559],[-123.860862,44.134558],[-123.860843,44.134558],[-123.860824,44.134557],[-123.860804,44.134557],[-123.860785,44.134556],[-123.860766,44.134556],[-123.860747,44.134555],[-123.860728,44.134555],[-123.860709,44.134554],[-123.86069,44.134554],[-123.860671,44.134553],[-123.860652,44.134553],[-123.860633,44.134552],[-123.860614,44.134552],[-123.860595,44.134551],[-123.860576,44.134551],[-123.860557,44.13455],[-123.860538,44.13455],[-123.860519,44.134549],[-123.8605,44.134549],[-123.860478,44.134548],[-123.860455,44.134549],[-123.860434,44.134549],[-123.860413,44.13455],[-123.860393,44.134551],[-123.860372,44.134552],[-123.860352,44.134554],[-123.860331,44.134555],[-123.860311,44.134557],[-123.86029,44.134559],[-123.86027,44.134561],[-123.860249,44.134563],[-123.860229,44.134566],[-123.860209,44.134569],[-123.860188,44.134572],[-123.860168,44.134575],[-123.860148,44.134579],[-123.860128,44.134582],[-123.860108,44.134586],[-123.860091,44.13459],[-123.860073,44.134593],[-123.860053,44.134597],[-123.860034,44.134601],[-123.860015,44.134605],[-123.859996,44.134609],[-123.859976,44.134613],[-123.859957,44.134617],[-123.859944,44.13462],[-123.859938,44.134621],[-123.85993,44.134622],[-123.859915,44.134622],[-123.859901,44.134622],[-123.859886,44.134621],[-123.859872,44.134621],[-123.859857,44.134619],[-123.859843,44.134618],[-123.85983,44.134616],[-123.859817,44.134613],[-123.859803,44.13461],[-123.85979,44.134607],[-123.859777,44.134603],[-123.859764,44.134599],[-123.859746,44.134592],[-123.859722,44.134585],[-123.859701,44.134579],[-123.859683,44.134575],[-123.859665,44.13457],[-123.859647,44.134565],[-123.859629,44.134561],[-123.859611,44.134556],[-123.859589,44.134551],[-123.859566,44.134546],[-123.859544,44.134542],[-123.859523,44.134539],[-123.859502,44.134535],[-123.859481,44.134533],[-123.85946,44.13453],[-123.859439,44.134528],[-123.859418,44.134526],[-123.859397,44.134525],[-123.859377,44.134523],[-123.859359,44.134522],[-123.859339,44.134521],[-123.859319,44.13452],[-123.859298,44.134519],[-123.859278,44.134518],[-123.859258,44.134517],[-123.859237,44.134517],[-123.859217,44.134517],[-123.859196,44.134516],[-123.85917,44.134517],[-123.859144,44.134519],[-123.859122,44.134521],[-123.8591,44.134523],[-123.859078,44.134527],[-123.859057,44.13453],[-123.859035,44.134534],[-123.859013,44.134538],[-123.858992,44.134543],[-123.858971,44.134549],[-123.858947,44.134555],[-123.858924,44.134563],[-123.858903,44.134571],[-123.858883,44.13458],[-123.858863,44.134589],[-123.858844,44.134599],[-123.858825,44.134609],[-123.858807,44.134619],[-123.858789,44.134631],[-123.858772,44.134642],[-123.858756,44.134654],[-123.858741,44.134666],[-123.858726,44.134678],[-123.858712,44.134691],[-123.858698,44.134704],[-123.858685,44.134718],[-123.858672,44.134731],[-123.85866,44.134746],[-123.858649,44.13476],[-123.858639,44.134775],[-123.858631,44.134787],[-123.858627,44.134792],[-123.858621,44.134798],[-123.85861,44.134808],[-123.8586,44.134818],[-123.858589,44.134828],[-123.858577,44.134838],[-123.858566,44.134848],[-123.858555,44.134857],[-123.858543,44.134867],[-123.858532,44.134876],[-123.858527,44.134879],[-123.858521,44.134883],[-123.85851,44.134888],[-123.858497,44.134894],[-123.858485,44.134899],[-123.858472,44.134903],[-123.85846,44.134908],[-123.858446,44.134911],[-123.858433,44.134915],[-123.85842,44.134918],[-123.858406,44.134921],[-123.858391,44.134923],[-123.858372,44.134926],[-123.858353,44.134929],[-123.858337,44.134931],[-123.858322,44.134933],[-123.858306,44.134935],[-123.85829,44.134936],[-123.858275,44.134937],[-123.858259,44.134937],[-123.858243,44.134938],[-123.858227,44.134938],[-123.858212,44.134937],[-123.858196,44.134937],[-123.858178,44.134936],[-123.858159,44.134934],[-123.85814,44.134933],[-123.858121,44.134932],[-123.858102,44.134931],[-123.858083,44.13493],[-123.858064,44.134929],[-123.858045,44.134928],[-123.858026,44.134927],[-123.858007,44.134925],[-123.857988,44.134924],[-123.857969,44.134923],[-123.85795,44.134922],[-123.857931,44.134921],[-123.857912,44.13492],[-123.857893,44.134919],[-123.857874,44.134918],[-123.857855,44.134917],[-123.857836,44.134915],[-123.857817,44.134914],[-123.857798,44.134913],[-123.857779,44.134912],[-123.85776,44.134911],[-123.857741,44.13491],[-123.857722,44.134909],[-123.857703,44.134908],[-123.857684,44.134907],[-123.857665,44.134905],[-123.857646,44.134904],[-123.857627,44.134903],[-123.857608,44.134902],[-123.857589,44.134901],[-123.85757,44.1349],[-123.857551,44.134899],[-123.857532,44.134898],[-123.857515,44.134897],[-123.857501,44.134895],[-123.857485,44.134894],[-123.857467,44.134892],[-123.85745,44.134889],[-123.857432,44.134887],[-123.857415,44.134884],[-123.857398,44.134882],[-123.85738,44.134879],[-123.857363,44.134876],[-123.857346,44.134873],[-123.857329,44.13487],[-123.857311,44.134866],[-123.857294,44.134863],[-123.857277,44.134859],[-123.85726,44.134855],[-123.857243,44.134851],[-123.857227,44.134847],[-123.85721,44.134843],[-123.857193,44.134839],[-123.857177,44.134834],[-123.85716,44.13483],[-123.857144,44.134825],[-123.857127,44.13482],[-123.857111,44.134815],[-123.857095,44.13481],[-123.857078,44.134805],[-123.857062,44.134799],[-123.857045,44.134793],[-123.857026,44.134787],[-123.857009,44.134781],[-123.856991,44.134776],[-123.856974,44.13477],[-123.856957,44.134764],[-123.856939,44.134759],[-123.856922,44.134753],[-123.856905,44.134747],[-123.856887,44.134742],[-123.85687,44.134736],[-123.856853,44.13473],[-123.856835,44.134725],[-123.856818,44.134719],[-123.856799,44.134713],[-123.856779,44.134707],[-123.856759,44.134701],[-123.856739,44.134696],[-123.85672,44.134691],[-123.856699,44.134686],[-123.856679,44.134681],[-123.856659,44.134677],[-123.856639,44.134673],[-123.856618,44.134669],[-123.856597,44.134666],[-123.856577,44.134663],[-123.856556,44.13466],[-123.856535,44.134657],[-123.856514,44.134655],[-123.856493,44.134653],[-123.856472,44.134651],[-123.856451,44.134649],[-123.85643,44.134648],[-123.856409,44.134647],[-123.856389,44.134647],[-123.856371,44.134646],[-123.856352,44.134645],[-123.856333,44.134644],[-123.856314,44.134644],[-123.856295,44.134643],[-123.856276,44.134642],[-123.856257,44.134641],[-123.856238,44.13464],[-123.856219,44.13464],[-123.8562,44.134639],[-123.856181,44.134638],[-123.856162,44.134637],[-123.856143,44.134636],[-123.856125,44.134636],[-123.856107,44.134635],[-123.856089,44.134634],[-123.85607,44.134633],[-123.856051,44.134631],[-123.856033,44.13463],[-123.856014,44.134629],[-123.855996,44.134628],[-123.855977,44.134626],[-123.855959,44.134625],[-123.85594,44.134624],[-123.855922,44.134622],[-123.855903,44.134621],[-123.855885,44.134619],[-123.855867,44.134618],[-123.855849,44.134616],[-123.85583,44.134614],[-123.855811,44.134612],[-123.855793,44.13461],[-123.855774,44.134608],[-123.855755,44.134606],[-123.855736,44.134605],[-123.855717,44.134603],[-123.855698,44.134601],[-123.855679,44.134599],[-123.855661,44.134597],[-123.855642,44.134595],[-123.855623,44.134593],[-123.855604,44.134591],[-123.855585,44.134589],[-123.855566,44.134588],[-123.855547,44.134586],[-123.855529,44.134584],[-123.85551,44.134582],[-123.855491,44.13458],[-123.855472,44.134578],[-123.855453,44.134576],[-123.855434,44.134574],[-123.855415,44.134572],[-123.855396,44.134571],[-123.855378,44.134569],[-123.855359,44.134567],[-123.85534,44.134565],[-123.855321,44.134563],[-123.855302,44.134561],[-123.855283,44.134559],[-123.855264,44.134557],[-123.855246,44.134555],[-123.855227,44.134554],[-123.855208,44.134552],[-123.855189,44.13455],[-123.85517,44.134548],[-123.855151,44.134546],[-123.855132,44.134544],[-123.855114,44.134542],[-123.855093,44.13454],[-123.855072,44.134539],[-123.855052,44.134537],[-123.855032,44.134536],[-123.855013,44.134535],[-123.854993,44.134533],[-123.854973,44.134532],[-123.854953,44.134531],[-123.854933,44.134531],[-123.854913,44.13453],[-123.854894,44.134529],[-123.854874,44.134529],[-123.854854,44.134528],[-123.854834,44.134528],[-123.854814,44.134528],[-123.854794,44.134528],[-123.854774,44.134528],[-123.854755,44.134528],[-123.854735,44.134528],[-123.854715,44.134528],[-123.854695,44.134529],[-123.854675,44.134529],[-123.854655,44.13453],[-123.854636,44.134531],[-123.854618,44.134531],[-123.8546,44.134532],[-123.854581,44.134532],[-123.854562,44.134533],[-123.854543,44.134533],[-123.854524,44.134534],[-123.854505,44.134534],[-123.854486,44.134535],[-123.854467,44.134535],[-123.854448,44.134535],[-123.854429,44.134536],[-123.854409,44.134536],[-123.85439,44.134537],[-123.854371,44.134537],[-123.854352,44.134538],[-123.854333,44.134538],[-123.854314,44.134539],[-123.854295,44.134539],[-123.854276,44.13454],[-123.854257,44.13454],[-123.854238,44.13454],[-123.854219,44.134541],[-123.8542,44.134541],[-123.854181,44.134542],[-123.854162,44.134542],[-123.854143,44.134543],[-123.854126,44.134543],[-123.854111,44.134543],[-123.854094,44.134543],[-123.854077,44.134542],[-123.854059,44.134541],[-123.854042,44.13454],[-123.854024,44.134539],[-123.854007,44.134538],[-123.85399,44.134537],[-123.853972,44.134535],[-123.853955,44.134533],[-123.853938,44.134531],[-123.85392,44.134529],[-123.853903,44.134527],[-123.853886,44.134524],[-123.853869,44.134522],[-123.853852,44.134519],[-123.853835,44.134516],[-123.853818,44.134513],[-123.853801,44.13451],[-123.853784,44.134506],[-123.853767,44.134503],[-123.85375,44.134499],[-123.853734,44.134495],[-123.853717,44.134491],[-123.853701,44.134487],[-123.853684,44.134482],[-123.853666,44.134478],[-123.853648,44.134473],[-123.85363,44.134468],[-123.853613,44.134463],[-123.853595,44.134458],[-123.853577,44.134454],[-123.853559,44.134449],[-123.853541,44.134444],[-123.853523,44.134439],[-123.853506,44.134434],[-123.853488,44.134429],[-123.85347,44.134425],[-123.853452,44.13442],[-123.853434,44.134415],[-123.853416,44.13441],[-123.853399,44.134405],[-123.853381,44.134401],[-123.853363,44.134396],[-123.853345,44.134391],[-123.853327,44.134386],[-123.853309,44.134381],[-123.853292,44.134376],[-123.853274,44.134372],[-123.853256,44.134367],[-123.853238,44.134362],[-123.85322,44.134357],[-123.853203,44.134352],[-123.853185,44.134347],[-123.853167,44.134343],[-123.853149,44.134338],[-123.853131,44.134333],[-123.853113,44.134328],[-123.853096,44.134323],[-123.853079,44.134319],[-123.853063,44.134314],[-123.853047,44.134309],[-123.85303,44.134304],[-123.853014,44.134299],[-123.852998,44.134294],[-123.852982,44.134288],[-123.852966,44.134283],[-123.85295,44.134277],[-123.852934,44.134271],[-123.852918,44.134266],[-123.852902,44.134259],[-123.852887,44.134253],[-123.852871,44.134247],[-123.852856,44.134241],[-123.85284,44.134234],[-123.852825,44.134227],[-123.85281,44.134221],[-123.852795,44.134214],[-123.85278,44.134207],[-123.852765,44.1342],[-123.85275,44.134192],[-123.852736,44.134185],[-123.852721,44.134178],[-123.852706,44.13417],[-123.852691,44.134162],[-123.852677,44.134154],[-123.852662,44.134146],[-123.852648,44.134138],[-123.852634,44.13413],[-123.85262,44.134122],[-123.852606,44.134114],[-123.852592,44.134106],[-123.852578,44.134098],[-123.852564,44.134089],[-123.85255,44.134081],[-123.852537,44.134072],[-123.852524,44.134063],[-123.85251,44.134055],[-123.852497,44.134046],[-123.852484,44.134037],[-123.852471,44.134028],[-123.852457,44.134018],[-123.852443,44.134008],[-123.85243,44.133999],[-123.852416,44.133989],[-123.852402,44.13398],[-123.852389,44.13397],[-123.852375,44.133961],[-123.852361,44.133951],[-123.852348,44.133942],[-123.852334,44.133932],[-123.85232,44.133923],[-123.852306,44.133913],[-123.852293,44.133904],[-123.852279,44.133894],[-123.852265,44.133884],[-123.852252,44.133875],[-123.852238,44.133865],[-123.852222,44.133854],[-123.852204,44.133843],[-123.852187,44.133833],[-123.852171,44.133824],[-123.852155,44.133815],[-123.852138,44.133806],[-123.852122,44.133797],[-123.852105,44.133789],[-123.852088,44.13378],[-123.852071,44.133772],[-123.852053,44.133764],[-123.852036,44.133756],[-123.852018,44.133748],[-123.852,44.133741],[-123.851982,44.133734],[-123.851964,44.133726],[-123.851946,44.133719],[-123.851928,44.133713],[-123.851909,44.133706],[-123.851891,44.1337],[-123.851872,44.133693],[-123.851853,44.133687],[-123.851835,44.133682],[-123.851819,44.133677],[-123.851804,44.133672],[-123.851787,44.133666],[-123.85177,44.13366],[-123.851752,44.133654],[-123.851735,44.133648],[-123.851718,44.133642],[-123.851701,44.133636],[-123.851684,44.13363],[-123.851666,44.133625],[-123.851649,44.133619],[-123.851632,44.133613],[-123.851615,44.133607],[-123.851598,44.133601],[-123.851582,44.133596],[-123.851566,44.13359],[-123.851549,44.133584],[-123.851533,44.133578],[-123.851516,44.133572],[-123.8515,44.133565],[-123.851483,44.133559],[-123.851467,44.133553],[-123.851451,44.133547],[-123.851435,44.13354],[-123.851419,44.133534],[-123.851402,44.133527],[-123.851386,44.133521],[-123.85137,44.133514],[-123.851354,44.133507],[-123.851338,44.133501],[-123.851322,44.133494],[-123.851307,44.133487],[-123.851291,44.13348],[-123.851275,44.133473],[-123.851259,44.133466],[-123.851244,44.133459],[-123.851228,44.133452],[-123.851213,44.133445],[-123.851197,44.133438],[-123.851182,44.13343],[-123.851166,44.133423],[-123.851151,44.133415],[-123.851135,44.133408],[-123.851119,44.1334],[-123.851103,44.133392],[-123.851087,44.133385],[-123.851071,44.133377],[-123.851055,44.13337],[-123.85104,44.133362],[-123.851024,44.133354],[-123.851008,44.133347],[-123.850992,44.133339],[-123.850976,44.133331],[-123.850962,44.133325],[-123.850948,44.133318],[-123.850931,44.133309],[-123.850911,44.133299],[-123.850891,44.13329],[-123.85087,44.133282],[-123.850849,44.133274],[-123.850827,44.133268],[-123.850804,44.133261],[-123.850782,44.133256],[-123.850759,44.133251],[-123.850736,44.133247],[-123.850712,44.133243],[-123.850689,44.13324],[-123.850665,44.133238],[-123.850641,44.133237],[-123.850617,44.133236],[-123.850594,44.133236],[-123.85057,44.133237],[-123.850546,44.133239],[-123.850522,44.133241],[-123.850499,44.133244],[-123.850476,44.133248],[-123.850452,44.133252],[-123.850432,44.133257],[-123.850415,44.133261],[-123.850396,44.133265],[-123.850375,44.13327],[-123.850355,44.133275],[-123.850335,44.13328],[-123.850314,44.133286],[-123.850294,44.133292],[-123.850274,44.133299],[-123.850255,44.133305],[-123.850237,44.133312],[-123.850218,44.133319],[-123.8502,44.133326],[-123.850181,44.133334],[-123.850178,44.133335],[-123.85018,44.13353],[-123.850188,44.133527],[-123.850204,44.133519],[-123.850222,44.133511],[-123.850239,44.133503],[-123.850254,44.133495],[-123.850268,44.133489],[-123.850282,44.133482],[-123.850297,44.133476],[-123.850311,44.13347],[-123.850326,44.133464],[-123.850341,44.133459],[-123.850357,44.133453],[-123.850372,44.133448],[-123.850387,44.133443],[-123.850402,44.133438],[-123.850417,44.133434],[-123.850432,44.13343],[-123.850448,44.133426],[-123.850463,44.133422],[-123.850481,44.133418],[-123.8505,44.133414],[-123.850516,44.133411],[-123.85053,44.133408],[-123.850544,44.133406],[-123.850558,44.133404],[-123.850572,44.133402],[-123.850586,44.133402],[-123.8506,44.133401],[-123.850614,44.133401],[-123.850629,44.133401],[-123.850643,44.133402],[-123.850657,44.133403],[-123.850671,44.133405],[-123.850685,44.133407],[-123.850699,44.13341],[-123.850712,44.133412],[-123.850726,44.133416],[-123.850739,44.133419],[-123.850752,44.133424],[-123.850765,44.133428],[-123.850777,44.133433],[-123.850789,44.133438],[-123.850801,44.133444],[-123.850815,44.133451],[-123.850832,44.13346],[-123.850849,44.133468],[-123.850865,44.133476],[-123.850881,44.133484],[-123.850897,44.133491],[-123.850913,44.133499],[-123.850929,44.133506],[-123.850945,44.133514],[-123.85096,44.133522],[-123.850976,44.133529],[-123.850992,44.133537],[-123.851008,44.133544],[-123.851024,44.133552],[-123.85104,44.13356],[-123.851055,44.133567],[-123.851072,44.133575],[-123.851089,44.133583],[-123.851105,44.133591],[-123.851122,44.133598],[-123.851138,44.133606],[-123.851155,44.133613],[-123.851172,44.133621],[-123.851189,44.133628],[-123.851205,44.133635],[-123.851222,44.133642],[-123.851239,44.13365],[-123.851256,44.133657],[-123.851273,44.133664],[-123.85129,44.133671],[-123.851307,44.133678],[-123.851324,44.133684],[-123.851342,44.133691],[-123.851359,44.133698],[-123.851376,44.133705],[-123.851394,44.133711],[-123.851411,44.133718],[-123.851428,44.133724],[-123.851446,44.133731],[-123.851463,44.133737],[-123.851481,44.133743],[-123.851499,44.13375],[-123.851517,44.133756],[-123.851534,44.133762],[-123.851551,44.133767],[-123.851569,44.133773],[-123.851586,44.133779],[-123.851603,44.133785],[-123.85162,44.133791],[-123.851637,44.133797],[-123.851655,44.133803],[-123.851672,44.133809],[-123.851689,44.133814],[-123.851706,44.13382],[-123.851725,44.133827],[-123.851745,44.133833],[-123.851762,44.133838],[-123.851777,44.133843],[-123.851793,44.133848],[-123.851809,44.133854],[-123.851825,44.133859],[-123.85184,44.133865],[-123.851856,44.133871],[-123.851871,44.133877],[-123.851886,44.133883],[-123.851901,44.13389],[-123.851916,44.133896],[-123.851931,44.133903],[-123.851945,44.13391],[-123.85196,44.133917],[-123.851974,44.133924],[-123.851989,44.133931],[-123.852003,44.133938],[-123.852017,44.133946],[-123.85203,44.133954],[-123.852044,44.133961],[-123.852057,44.133969],[-123.852068,44.133976],[-123.852079,44.133984],[-123.852093,44.133993],[-123.852107,44.134003],[-123.85212,44.134012],[-123.852134,44.134022],[-123.852148,44.134031],[-123.852161,44.134041],[-123.852175,44.13405],[-123.852189,44.13406],[-123.852202,44.13407],[-123.852216,44.134079],[-123.85223,44.134089],[-123.852243,44.134098],[-123.852257,44.134108],[-123.852271,44.134117],[-123.852285,44.134127],[-123.852298,44.134136],[-123.852312,44.134146],[-123.852326,44.134156],[-123.85234,44.134166],[-123.852355,44.134175],[-123.85237,44.134185],[-123.852385,44.134195],[-123.8524,44.134204],[-123.852415,44.134214],[-123.85243,44.134223],[-123.852445,44.134233],[-123.852461,44.134242],[-123.852477,44.134251],[-123.852492,44.13426],[-123.852508,44.134269],[-123.852524,44.134277],[-123.85254,44.134286],[-123.852556,44.134295],[-123.852572,44.134303],[-123.852588,44.134311],[-123.852604,44.13432],[-123.852621,44.134328],[-123.852637,44.134336],[-123.852654,44.134344],[-123.852671,44.134352],[-123.852688,44.13436],[-123.852706,44.134368],[-123.852723,44.134375],[-123.85274,44.134383],[-123.852758,44.13439],[-123.852776,44.134397],[-123.852793,44.134404],[-123.852811,44.134411],[-123.852829,44.134418],[-123.852847,44.134424],[-123.852866,44.134431],[-123.852884,44.134437],[-123.852902,44.134443],[-123.852921,44.134449],[-123.852939,44.134455],[-123.852958,44.134461],[-123.852977,44.134467],[-123.852996,44.134472],[-123.853015,44.134477],[-123.853033,44.134482],[-123.853051,44.134487],[-123.853069,44.134492],[-123.853087,44.134497],[-123.853104,44.134502],[-123.853122,44.134506],[-123.85314,44.134511],[-123.853158,44.134516],[-123.853176,44.134521],[-123.853194,44.134526],[-123.853211,44.134531],[-123.853229,44.134535],[-123.853247,44.13454],[-123.853265,44.134545],[-123.853283,44.13455],[-123.853301,44.134555],[-123.853318,44.134559],[-123.853336,44.134564],[-123.853354,44.134569],[-123.853372,44.134574],[-123.85339,44.134579],[-123.853407,44.134584],[-123.853425,44.134588],[-123.853443,44.134593],[-123.853461,44.134598],[-123.853479,44.134603],[-123.853497,44.134608],[-123.853514,44.134612],[-123.853532,44.134617],[-123.85355,44.134622],[-123.853568,44.134627],[-123.853586,44.134632],[-123.853604,44.134637],[-123.853623,44.134642],[-123.853642,44.134647],[-123.853662,44.134651],[-123.853681,44.134656],[-123.853701,44.13466],[-123.85372,44.134665],[-123.85374,44.134669],[-123.85376,44.134672],[-123.85378,44.134676],[-123.8538,44.134679],[-123.85382,44.134683],[-123.85384,44.134686],[-123.85386,44.134689],[-123.853881,44.134691],[-123.853901,44.134694],[-123.853921,44.134696],[-123.853942,44.134698],[-123.853962,44.1347],[-123.853983,44.134702],[-123.854003,44.134703],[-123.854024,44.134704],[-123.854044,44.134705],[-123.854065,44.134706],[-123.854085,44.134707],[-123.854106,44.134708],[-123.854129,44.134708],[-123.854151,44.134707],[-123.85417,44.134707],[-123.854189,44.134706],[-123.854208,44.134706],[-123.854227,44.134705],[-123.854246,44.134705],[-123.854265,44.134704],[-123.854284,44.134704],[-123.854303,44.134704],[-123.854322,44.134703],[-123.854341,44.134703],[-123.85436,44.134702],[-123.854379,44.134702],[-123.854398,44.134701],[-123.854417,44.134701],[-123.854436,44.1347],[-123.854455,44.1347],[-123.854474,44.1347],[-123.854493,44.134699],[-123.854512,44.134699],[-123.854531,44.134698],[-123.85455,44.134698],[-123.854569,44.134697],[-123.854588,44.134697],[-123.854607,44.134696],[-123.854628,44.134696],[-123.854648,44.134695],[-123.854666,44.134694],[-123.854684,44.134694],[-123.854702,44.134693],[-123.854721,44.134693],[-123.854739,44.134693],[-123.854757,44.134693],[-123.854775,44.134692],[-123.854794,44.134692],[-123.854812,44.134692],[-123.85483,44.134693],[-123.854848,44.134693],[-123.854866,44.134693],[-123.854885,44.134694],[-123.854903,44.134694],[-123.854921,44.134695],[-123.854939,44.134696],[-123.854957,44.134697],[-123.854976,44.134698],[-123.854994,44.134699],[-123.855012,44.1347],[-123.85503,44.134701],[-123.855048,44.134702],[-123.855065,44.134704],[-123.855082,44.134705],[-123.855101,44.134707],[-123.85512,44.134709],[-123.855139,44.134711],[-123.855158,44.134713],[-123.855176,44.134715],[-123.855195,44.134717],[-123.855214,44.134718],[-123.855233,44.13472],[-123.855252,44.134722],[-123.855271,44.134724],[-123.85529,44.134726],[-123.855308,44.134728],[-123.855327,44.13473],[-123.855346,44.134732],[-123.855365,44.134734],[-123.855384,44.134735],[-123.855403,44.134737],[-123.855422,44.134739],[-123.85544,44.134741],[-123.855459,44.134743],[-123.855478,44.134745],[-123.855497,44.134747],[-123.855516,44.134749],[-123.855535,44.134751],[-123.855554,44.134752],[-123.855573,44.134754],[-123.855591,44.134756],[-123.85561,44.134758],[-123.855629,44.13476],[-123.855648,44.134762],[-123.855667,44.134764],[-123.855686,44.134766],[-123.855705,44.134768],[-123.855723,44.134769],[-123.855742,44.134771],[-123.855761,44.134773],[-123.85578,44.134775],[-123.855799,44.134777],[-123.855818,44.134779],[-123.855837,44.134781],[-123.855857,44.134783],[-123.855877,44.134784],[-123.855897,44.134786],[-123.855916,44.134787],[-123.855935,44.134789],[-123.855955,44.13479],[-123.855974,44.134792],[-123.855993,44.134793],[-123.856013,44.134794],[-123.856032,44.134795],[-123.856051,44.134797],[-123.856071,44.134798],[-123.85609,44.134799],[-123.85611,44.1348],[-123.85613,44.134801],[-123.856149,44.134801],[-123.856168,44.134802],[-123.856187,44.134803],[-123.856206,44.134804],[-123.856225,44.134805],[-123.856244,44.134805],[-123.856263,44.134806],[-123.856282,44.134807],[-123.856301,44.134808],[-123.85632,44.134809],[-123.856339,44.134809],[-123.856359,44.13481],[-123.856378,44.134811],[-123.856397,44.134812],[-123.856414,44.134812],[-123.856431,44.134813],[-123.856447,44.134814],[-123.856464,44.134816],[-123.856481,44.134818],[-123.856498,44.134819],[-123.856514,44.134822],[-123.856531,44.134824],[-123.856547,44.134826],[-123.856564,44.134829],[-123.85658,44.134832],[-123.856597,44.134835],[-123.856613,44.134839],[-123.856629,44.134842],[-123.856645,44.134846],[-123.856661,44.13485],[-123.856677,44.134855],[-123.856693,44.134859],[-123.856708,44.134864],[-123.856724,44.134869],[-123.856741,44.134875],[-123.856758,44.13488],[-123.856776,44.134886],[-123.856793,44.134892],[-123.85681,44.134897],[-123.856828,44.134903],[-123.856845,44.134908],[-123.856862,44.134914],[-123.85688,44.13492],[-123.856897,44.134925],[-123.856914,44.134931],[-123.856931,44.134937],[-123.856948,44.134942],[-123.856964,44.134948],[-123.856983,44.134954],[-123.857001,44.13496],[-123.85702,44.134966],[-123.857039,44.134972],[-123.857058,44.134977],[-123.857076,44.134983],[-123.857095,44.134988],[-123.857114,44.134993],[-123.857134,44.134998],[-123.857153,44.135003],[-123.857172,44.135008],[-123.857191,44.135012],[-123.857211,44.135016],[-123.85723,44.135021],[-123.85725,44.135025],[-123.857269,44.135029],[-123.857289,44.135032],[-123.857309,44.135036],[-123.857329,44.135039],[-123.857348,44.135042],[-123.857368,44.135045],[-123.857388,44.135048],[-123.857408,44.135051],[-123.857428,44.135054],[-123.857448,44.135056],[-123.85747,44.135059],[-123.857493,44.13506],[-123.857514,44.135062],[-123.857533,44.135063],[-123.857552,44.135064],[-123.857571,44.135065],[-123.85759,44.135066],[-123.857609,44.135067],[-123.857628,44.135068],[-123.857647,44.135069],[-123.857666,44.135071],[-123.857685,44.135072],[-123.857704,44.135073],[-123.857723,44.135074],[-123.857742,44.135075],[-123.857761,44.135076],[-123.85778,44.135077],[-123.857799,44.135078],[-123.857818,44.13508],[-123.857837,44.135081],[-123.857856,44.135082],[-123.857875,44.135083],[-123.857894,44.135084],[-123.857913,44.135085],[-123.857932,44.135086],[-123.85795,44.135087],[-123.857969,44.135088],[-123.857988,44.13509],[-123.858007,44.135091],[-123.858026,44.135092],[-123.858045,44.135093],[-123.858064,44.135094],[-123.858083,44.135095],[-123.858102,44.135096],[-123.858121,44.135097],[-123.85814,44.135098],[-123.858159,44.1351],[-123.858179,44.135101],[-123.858201,44.135102],[-123.858224,44.135102],[-123.858246,44.135102],[-123.858268,44.135102],[-123.858291,44.135101],[-123.858313,44.1351],[-123.858335,44.135098],[-123.858357,44.135096],[-123.858379,44.135093],[-123.858401,44.13509],[-123.858419,44.135087],[-123.858437,44.135084],[-123.85846,44.135081],[-123.858483,44.135076],[-123.858505,44.135071],[-123.858528,44.135065],[-123.85855,44.135059],[-123.858572,44.135052],[-123.858593,44.135044],[-123.858614,44.135035],[-123.858634,44.135026],[-123.858654,44.135017],[-123.858679,44.135003],[-123.8587,44.134988],[-123.858714,44.134976],[-123.858728,44.134965],[-123.858741,44.134953],[-123.858754,44.134942],[-123.858767,44.134931],[-123.85878,44.134919],[-123.858792,44.134908],[-123.858804,44.134896],[-123.858821,44.13488],[-123.858835,44.134861],[-123.858843,44.134848],[-123.85885,44.134838],[-123.858858,44.134829],[-123.858866,44.134819],[-123.858874,44.13481],[-123.858883,44.134801],[-123.858892,44.134793],[-123.858901,44.134784],[-123.858912,44.134775],[-123.858923,44.134767],[-123.858933,44.134759],[-123.858943,44.134752],[-123.858954,44.134745],[-123.858966,44.134738],[-123.858977,44.134732],[-123.858989,44.134726],[-123.859002,44.134721],[-123.859014,44.134715],[-123.859027,44.13471],[-123.859038,44.134706],[-123.85905,44.134703],[-123.859065,44.134699],[-123.85908,44.134696],[-123.859095,44.134693],[-123.85911,44.13469],[-123.859125,44.134688],[-123.859141,44.134685],[-123.859156,44.134684],[-123.859172,44.134682],[-123.859184,44.134681],[-123.859196,44.134681],[-123.859214,44.134681],[-123.859231,44.134681],[-123.859249,44.134682],[-123.859267,44.134682],[-123.859284,44.134683],[-123.859302,44.134684],[-123.85932,44.134685],[-123.859338,44.134686],[-123.859357,44.134687],[-123.859376,44.134688],[-123.859392,44.13469],[-123.859409,44.134691],[-123.859426,44.134693],[-123.859442,44.134695],[-123.859459,44.134697],[-123.859475,44.134699],[-123.859491,44.134702],[-123.859507,44.134705],[-123.85952,44.134707],[-123.859534,44.134711],[-123.859552,44.134716],[-123.85957,44.13472],[-123.859587,44.134725],[-123.859605,44.13473],[-123.859623,44.134734],[-123.859638,44.134738],[-123.859649,44.134741],[-123.859665,44.134747],[-123.859687,44.134754],[-123.859709,44.134761],[-123.859731,44.134767],[-123.859754,44.134772],[-123.859778,44.134776],[-123.859802,44.13478],[-123.859826,44.134782],[-123.859849,44.134784],[-123.859872,44.134786],[-123.859896,44.134786],[-123.859919,44.134787],[-123.859943,44.134786],[-123.859972,44.134784],[-123.860004,44.134779],[-123.860027,44.134774],[-123.860044,44.13477],[-123.860061,44.134766],[-123.860078,44.134763],[-123.860096,44.134759],[-123.860113,44.134756],[-123.860131,44.134752],[-123.86015,44.134749],[-123.860168,44.134745],[-123.860186,44.134742],[-123.860203,44.134738],[-123.86022,44.134736],[-123.860237,44.134733],[-123.860254,44.13473],[-123.860271,44.134728],[-123.860288,44.134726],[-123.860305,44.134724],[-123.860322,44.134722],[-123.86034,44.13472],[-123.860357,44.134719],[-123.860374,44.134717],[-123.860391,44.134716],[-123.860409,44.134715],[-123.860426,44.134714],[-123.860444,44.134714],[-123.860461,44.134713],[-123.860476,44.134713],[-123.860492,44.134713],[-123.860511,44.134714],[-123.86053,44.134714],[-123.860549,44.134715],[-123.860568,44.134715],[-123.860587,44.134716],[-123.860606,44.134716],[-123.860625,44.134717],[-123.860644,44.134717],[-123.860663,44.134718],[-123.860682,44.134718],[-123.860701,44.134719],[-123.86072,44.134719],[-123.860739,44.13472],[-123.860758,44.13472],[-123.860777,44.134721],[-123.860796,44.134721],[-123.860815,44.134722],[-123.860834,44.134722],[-123.860853,44.134723],[-123.860873,44.134723],[-123.860892,44.134724],[-123.860911,44.134724],[-123.86093,44.134725],[-123.860949,44.134725],[-123.860968,44.134726],[-123.860987,44.134726],[-123.861006,44.134727],[-123.861025,44.134727],[-123.861044,44.134728],[-123.861063,44.134728],[-123.861082,44.134729],[-123.861101,44.134729],[-123.86112,44.134729],[-123.861139,44.13473],[-123.861158,44.13473],[-123.861177,44.134731],[-123.861196,44.134731],[-123.861215,44.134732],[-123.861234,44.134732],[-123.861253,44.134733],[-123.861272,44.134733],[-123.861291,44.134734],[-123.86131,44.134734],[-123.861329,44.134735],[-123.861348,44.134735],[-123.861367,44.134736],[-123.861386,44.134736],[-123.861407,44.134737],[-123.861429,44.134737],[-123.861449,44.134737],[-123.861468,44.134737],[-123.861487,44.134736],[-123.861506,44.134736],[-123.861525,44.134736],[-123.861544,44.134736],[-123.861563,44.134736],[-123.861582,44.134736],[-123.861601,44.134736],[-123.86162,44.134736],[-123.861639,44.134735],[-123.861658,44.134735],[-123.861677,44.134735],[-123.861697,44.134735],[-123.861718,44.134735],[-123.861738,44.134734],[-123.861756,44.134734],[-123.861773,44.134733],[-123.861791,44.134733],[-123.861809,44.134733],[-123.861827,44.134733],[-123.861844,44.134733],[-123.861862,44.134734],[-123.86188,44.134734],[-123.861898,44.134735],[-123.861915,44.134736],[-123.861933,44.134737],[-123.861951,44.134738],[-123.861968,44.134739],[-123.861986,44.134741],[-123.862005,44.134742],[-123.862025,44.134744],[-123.862045,44.134745],[-123.862064,44.134747],[-123.862083,44.134748],[-123.862102,44.134749],[-123.862121,44.134751],[-123.86214,44.134752],[-123.862159,44.134753],[-123.862178,44.134755],[-123.862197,44.134756],[-123.862216,44.134757],[-123.862235,44.134759],[-123.862254,44.13476],[-123.862272,44.134761],[-123.862291,44.134763],[-123.86231,44.134764],[-123.862329,44.134765],[-123.862348,44.134767],[-123.862367,44.134768],[-123.862386,44.134769],[-123.862405,44.134771],[-123.862424,44.134772],[-123.862445,44.134773],[-123.862468,44.134774],[-123.86249,44.134775],[-123.862512,44.134775],[-123.862532,44.134775],[-123.862554,44.134774],[-123.862575,44.134774],[-123.862597,44.134773],[-123.862621,44.134771],[-123.862643,44.134768],[-123.862661,44.134766],[-123.86268,44.134764],[-123.862699,44.134762],[-123.862718,44.13476],[-123.862739,44.134758],[-123.862758,44.134755],[-123.862776,44.134753],[-123.862794,44.13475],[-123.862812,44.134748],[-123.86283,44.134746],[-123.862848,44.134744],[-123.862866,44.134743],[-123.862886,44.134741],[-123.862905,44.134739],[-123.862923,44.134737],[-123.86294,44.134735],[-123.862957,44.134734],[-123.862974,44.134733],[-123.862992,44.134732],[-123.863009,44.134731],[-123.863026,44.13473],[-123.863044,44.13473],[-123.863061,44.134729],[-123.863078,44.134729],[-123.863094,44.134729],[-123.863111,44.13473],[-123.863129,44.13473],[-123.863147,44.134731],[-123.863165,44.134732],[-123.863182,44.134733],[-123.8632,44.134734],[-123.863217,44.134736],[-123.863235,44.134737],[-123.863253,44.134739],[-123.86327,44.134741],[-123.863288,44.134743],[-123.863306,44.134745],[-123.863324,44.134747],[-123.863341,44.134749],[-123.863358,44.134751],[-123.863375,44.134754],[-123.863392,44.134757],[-123.863409,44.134759],[-123.863426,44.134763],[-123.863443,44.134766],[-123.86346,44.134769],[-123.863477,44.134773],[-123.863493,44.134776],[-123.86351,44.13478],[-123.863526,44.134784],[-123.863543,44.134789],[-123.863559,44.134793],[-123.863576,44.134798],[-123.863592,44.134802],[-123.863608,44.134807],[-123.863624,44.134812],[-123.86364,44.134817],[-123.863656,44.134823],[-123.863671,44.134828],[-123.863687,44.134834],[-123.863702,44.13484],[-123.863718,44.134846],[-123.863733,44.134852],[-123.863748,44.134858],[-123.863762,44.134864],[-123.863777,44.134871],[-123.863792,44.134878],[-123.863808,44.134886],[-123.863824,44.134893],[-123.86384,44.1349],[-123.863856,44.134908],[-123.863873,44.134915],[-123.863889,44.134923],[-123.863905,44.13493],[-123.863921,44.134938],[-123.863937,44.134945],[-123.863953,44.134952],[-123.863969,44.13496],[-123.863985,44.134967],[-123.864001,44.134975],[-123.864017,44.134982],[-123.864033,44.134989],[-123.864049,44.134997],[-123.864065,44.135004],[-123.864081,44.135012],[-123.864097,44.135019],[-123.864113,44.135027],[-123.864128,44.135034],[-123.864143,44.135041],[-123.864157,44.135048],[-123.864172,44.135055],[-123.864187,44.135063],[-123.864201,44.13507],[-123.864216,44.135078],[-123.86423,44.135086],[-123.864244,44.135094],[-123.864258,44.135102],[-123.864273,44.13511],[-123.864287,44.135118],[-123.8643,44.135126],[-123.864315,44.135135],[-123.864329,44.135143],[-123.864342,44.135152],[-123.864356,44.13516],[-123.864369,44.135169],[-123.864382,44.135178],[-123.864395,44.135186],[-123.864408,44.135195],[-123.864421,44.135204],[-123.864434,44.135213],[-123.864446,44.135222],[-123.864459,44.135232],[-123.864471,44.135241],[-123.864483,44.13525],[-123.864495,44.13526],[-123.864507,44.13527],[-123.864521,44.135281],[-123.864536,44.135292],[-123.864548,44.135301],[-123.86456,44.135311],[-123.864572,44.13532],[-123.864583,44.135329],[-123.864594,44.135339],[-123.864605,44.135349],[-123.864616,44.135359],[-123.864627,44.135368],[-123.864637,44.135378],[-123.864647,44.135389],[-123.864657,44.135399],[-123.864667,44.135409],[-123.864677,44.13542],[-123.864686,44.13543],[-123.864695,44.135441],[-123.864704,44.135452],[-123.864713,44.135462],[-123.864721,44.135473],[-123.86473,44.135484],[-123.864738,44.135495],[-123.864746,44.135507],[-123.864753,44.135518],[-123.864761,44.135529],[-123.864768,44.135541],[-123.864775,44.135552],[-123.864781,44.135564],[-123.864788,44.135575],[-123.864794,44.135587],[-123.8648,44.135599],[-123.864806,44.135611],[-123.864811,44.135622],[-123.864817,44.135635],[-123.864822,44.135647],[-123.864827,44.135659],[-123.864832,44.135671],[-123.864836,44.135683],[-123.86484,44.135695],[-123.864844,44.135707],[-123.864847,44.135719],[-123.864851,44.135731],[-123.864854,44.135743],[-123.864856,44.135755],[-123.864859,44.135767],[-123.864861,44.13578],[-123.864862,44.135792],[-123.864864,44.135804],[-123.864865,44.135817],[-123.864866,44.135829],[-123.864867,44.135841],[-123.864867,44.135854],[-123.864867,44.135866],[-123.864867,44.135878],[-123.864866,44.135891],[-123.864866,44.135902],[-123.864864,44.135915],[-123.864863,44.135928],[-123.864862,44.135942],[-123.86486,44.135956],[-123.864859,44.13597],[-123.864857,44.135983],[-123.864856,44.135997],[-123.864854,44.136011],[-123.864853,44.136024],[-123.864851,44.136038],[-123.86485,44.136052],[-123.864849,44.136065],[-123.864847,44.136079],[-123.864846,44.136093],[-123.864844,44.136106],[-123.864843,44.13612],[-123.864841,44.136134],[-123.86484,44.136147],[-123.864839,44.136161],[-123.864837,44.136175],[-123.864836,44.136188],[-123.864834,44.136202],[-123.864833,44.136215],[-123.864831,44.136229],[-123.86483,44.136243],[-123.864828,44.136258],[-123.864827,44.136272],[-123.864826,44.136287],[-123.864826,44.136302],[-123.864825,44.136316],[-123.864825,44.136331],[-123.864825,44.136345],[-123.864825,44.13636],[-123.864825,44.136374],[-123.864826,44.136389],[-123.864826,44.136403],[-123.864827,44.136418],[-123.864828,44.136432],[-123.86483,44.136447],[-123.864831,44.136461],[-123.864833,44.136476],[-123.864835,44.13649],[-123.864837,44.136503],[-123.864838,44.136517],[-123.86484,44.13653],[-123.864842,44.136544],[-123.864843,44.136558],[-123.864845,44.136571],[-123.864847,44.136585],[-123.864848,44.136599],[-123.86485,44.136612],[-123.864852,44.136626],[-123.864853,44.13664],[-123.864855,44.136653],[-123.864857,44.136667],[-123.864858,44.136681],[-123.86486,44.136694],[-123.864862,44.136708],[-123.864863,44.136722],[-123.864865,44.136735],[-123.864867,44.136749],[-123.864868,44.136763],[-123.86487,44.136776],[-123.864872,44.13679],[-123.864873,44.136804],[-123.864875,44.136817],[-123.864877,44.136831],[-123.864878,44.136844],[-123.86488,44.136858],[-123.864881,44.136871],[-123.864883,44.136885],[-123.864884,44.136898],[-123.864886,44.136912],[-123.864887,44.136925],[-123.864889,44.136939],[-123.86489,44.136952],[-123.864891,44.136966],[-123.864893,44.13698],[-123.864894,44.136993],[-123.864895,44.137007],[-123.864896,44.13702],[-123.864897,44.137034],[-123.864898,44.137047],[-123.864899,44.137061],[-123.8649,44.137074],[-123.864901,44.137087],[-123.864902,44.1371],[-123.864903,44.137114],[-123.864903,44.137128],[-123.864904,44.137141],[-123.864905,44.137155],[-123.864905,44.137169],[-123.864906,44.137182],[-123.864907,44.137196],[-123.864907,44.13721],[-123.864908,44.137224],[-123.864909,44.137237],[-123.864909,44.137251],[-123.86491,44.137265],[-123.864911,44.137278],[-123.864911,44.137292],[-123.864912,44.137306],[-123.864913,44.137319],[-123.864913,44.137333],[-123.864914,44.137347],[-123.864915,44.137361],[-123.864915,44.137374],[-123.864916,44.137388],[-123.864917,44.137402],[-123.864917,44.137415],[-123.864918,44.137429],[-123.864919,44.137443],[-123.864919,44.137457],[-123.86492,44.13747],[-123.864921,44.137484],[-123.864921,44.137498],[-123.864922,44.137511],[-123.864923,44.137525],[-123.864923,44.137539],[-123.864924,44.137553],[-123.864925,44.137566],[-123.864925,44.13758],[-123.864926,44.137594],[-123.864927,44.137607],[-123.864927,44.137621],[-123.864928,44.137635],[-123.864929,44.137648],[-123.864929,44.137662],[-123.86493,44.137676],[-123.864931,44.13769],[-123.864931,44.137703],[-123.864932,44.137717],[-123.864933,44.137731],[-123.864933,44.137744],[-123.864934,44.137758],[-123.864935,44.137772],[-123.864935,44.137786],[-123.864936,44.137799],[-123.864937,44.137813],[-123.864937,44.137827],[-123.864938,44.13784],[-123.864939,44.137854],[-123.864939,44.137868],[-123.86494,44.137881],[-123.864941,44.137895],[-123.864941,44.137909],[-123.864942,44.137923],[-123.864943,44.137936],[-123.864943,44.13795],[-123.864944,44.137964],[-123.864945,44.137978],[-123.864945,44.137991],[-123.864946,44.138004],[-123.864946,44.138015],[-123.864946,44.138026],[-123.864945,44.138038],[-123.864944,44.138049],[-123.864942,44.13806],[-123.86494,44.138071],[-123.864937,44.138082],[-123.864934,44.138093],[-123.86493,44.138105],[-123.864926,44.138117],[-123.864922,44.138128],[-123.864918,44.138138],[-123.864913,44.138148],[-123.864907,44.138158],[-123.864901,44.138168],[-123.864895,44.138178],[-123.864888,44.138187],[-123.86488,44.138197],[-123.864872,44.138207],[-123.864862,44.138218],[-123.864854,44.138227],[-123.864846,44.138235],[-123.864838,44.138242],[-123.864829,44.138249],[-123.86482,44.138256],[-123.86481,44.138263],[-123.864799,44.138269],[-123.864789,44.138275],[-123.864778,44.138281],[-123.864766,44.138286],[-123.864754,44.13829],[-123.864742,44.138294],[-123.86473,44.138298],[-123.864718,44.138302],[-123.864705,44.138305],[-123.864692,44.138307],[-123.864677,44.138309],[-123.864658,44.138312],[-123.864637,44.138315],[-123.864619,44.138318],[-123.8646,44.138321],[-123.864581,44.138324],[-123.864563,44.138327],[-123.864544,44.13833],[-123.864526,44.138333],[-123.864507,44.138336],[-123.864488,44.138339],[-123.86447,44.138342],[-123.864451,44.138345],[-123.864433,44.138348],[-123.864414,44.138351],[-123.864396,44.138354],[-123.864377,44.138357],[-123.864358,44.13836],[-123.86434,44.138363],[-123.864321,44.138366],[-123.864303,44.138369],[-123.864284,44.138372],[-123.864265,44.138375],[-123.864247,44.138378],[-123.864228,44.138381],[-123.86421,44.138384],[-123.864191,44.138387],[-123.864173,44.13839],[-123.864154,44.138393],[-123.864135,44.138396],[-123.864117,44.138399],[-123.864098,44.138402],[-123.86408,44.138405],[-123.864061,44.138408],[-123.864041,44.138411],[-123.864022,44.138415],[-123.864004,44.138418],[-123.863986,44.138421],[-123.863969,44.138424],[-123.863951,44.138427],[-123.863933,44.138429],[-123.863916,44.138432],[-123.863898,44.138434],[-123.86388,44.138437],[-123.863862,44.138439],[-123.863845,44.138441],[-123.863827,44.138443],[-123.863809,44.138445],[-123.863791,44.138446],[-123.863773,44.138448],[-123.863755,44.138449],[-123.863736,44.138451],[-123.863716,44.138453],[-123.863697,44.138455],[-123.863678,44.138456],[-123.863659,44.138458],[-123.86364,44.13846],[-123.863621,44.138462],[-123.863602,44.138463],[-123.863584,44.138465],[-123.863565,44.138467],[-123.863546,44.138468],[-123.863527,44.13847],[-123.863508,44.138472],[-123.863489,44.138474],[-123.86347,44.138475],[-123.863451,44.138477],[-123.863432,44.138479],[-123.863412,44.138481],[-123.863392,44.138483],[-123.863372,44.138485],[-123.863353,44.138487],[-123.863334,44.13849],[-123.863314,44.138492],[-123.863295,44.138495],[-123.863276,44.138497],[-123.863257,44.1385],[-123.863237,44.138502],[-123.863218,44.138505],[-123.863199,44.138508],[-123.86318,44.138511],[-123.863161,44.138513],[-123.863141,44.138516],[-123.863122,44.138519],[-123.863104,44.138523],[-123.863085,44.138526],[-123.863066,44.138529],[-123.863047,44.138532],[-123.863028,44.138535],[-123.863008,44.138538],[-123.862989,44.138542],[-123.86297,44.138545],[-123.862951,44.138549],[-123.862932,44.138553],[-123.862913,44.138556],[-123.862894,44.13856],[-123.862875,44.138564],[-123.862856,44.138568],[-123.862838,44.138572],[-123.862819,44.138576],[-123.8628,44.138581],[-123.862783,44.138584],[-123.862765,44.138588],[-123.862746,44.138592],[-123.862726,44.138597],[-123.862707,44.138601],[-123.862688,44.138606],[-123.862669,44.138611],[-123.86265,44.138616],[-123.862631,44.138621],[-123.862612,44.138626],[-123.862593,44.138631],[-123.862575,44.138637],[-123.862556,44.138643],[-123.862537,44.138648],[-123.862519,44.138654],[-123.862501,44.13866],[-123.862482,44.138666],[-123.862464,44.138673],[-123.862446,44.138679],[-123.862428,44.138686],[-123.86241,44.138692],[-123.862392,44.138699],[-123.862374,44.138706],[-123.862357,44.138713],[-123.862339,44.138721],[-123.86232,44.138729],[-123.862302,44.138737],[-123.862286,44.138744],[-123.86227,44.138752],[-123.862254,44.138759],[-123.862238,44.138767],[-123.862222,44.138774],[-123.862206,44.138782],[-123.86219,44.138789],[-123.862174,44.138797],[-123.862158,44.138804],[-123.862142,44.138812],[-123.862126,44.138819],[-123.86211,44.138826],[-123.862094,44.138834],[-123.862078,44.138841],[-123.862062,44.138849],[-123.862046,44.138856],[-123.86203,44.138864],[-123.862014,44.138871],[-123.861998,44.138879],[-123.861982,44.138886],[-123.861966,44.138893],[-123.86195,44.138901],[-123.861934,44.138908],[-123.861918,44.138916],[-123.861902,44.138923],[-123.861886,44.138931],[-123.86187,44.138938],[-123.861854,44.138946],[-123.861839,44.138953],[-123.861824,44.13896],[-123.861808,44.138967],[-123.861791,44.138974],[-123.861775,44.138981],[-123.861759,44.138988],[-123.861743,44.138996],[-123.861727,44.139003],[-123.861711,44.13901],[-123.861697,44.139016],[-123.861681,44.139023],[-123.861664,44.13903],[-123.861648,44.139036],[-123.861631,44.139043],[-123.861615,44.13905],[-123.861598,44.139057],[-123.861582,44.139064],[-123.861565,44.139071],[-123.861549,44.139078],[-123.861532,44.139085],[-123.861516,44.139091],[-123.861499,44.139098],[-123.861483,44.139105],[-123.861466,44.139112],[-123.86145,44.139119],[-123.861434,44.139126],[-123.861417,44.139133],[-123.861401,44.139139],[-123.861384,44.139146],[-123.861368,44.139153],[-123.861351,44.13916],[-123.861335,44.139167],[-123.861318,44.139174],[-123.861302,44.139181],[-123.861285,44.139188],[-123.861268,44.139195],[-123.86125,44.139202],[-123.861233,44.13921],[-123.861216,44.139218],[-123.861199,44.139226],[-123.861182,44.139233],[-123.861166,44.139242],[-123.861149,44.13925],[-123.861132,44.139258],[-123.861116,44.139266],[-123.8611,44.139275],[-123.861083,44.139283],[-123.861067,44.139292],[-123.861051,44.139301],[-123.861036,44.13931],[-123.86102,44.139319],[-123.861004,44.139328],[-123.860989,44.139337],[-123.860973,44.139347],[-123.860958,44.139356],[-123.860943,44.139366],[-123.860928,44.139375],[-123.860913,44.139385],[-123.860898,44.139395],[-123.860884,44.139405],[-123.860869,44.139415],[-123.860855,44.139425],[-123.860841,44.139436],[-123.860827,44.139446],[-123.860813,44.139456],[-123.860799,44.139467],[-123.860785,44.139478],[-123.86077,44.13949],[-123.860757,44.139502],[-123.860745,44.139513],[-123.860732,44.139524],[-123.86072,44.139535],[-123.860708,44.139546],[-123.860695,44.139557],[-123.860683,44.139568],[-123.860671,44.139579],[-123.860659,44.13959],[-123.860648,44.139602],[-123.860636,44.139613],[-123.860624,44.139624],[-123.860613,44.139636],[-123.860601,44.139647],[-123.86059,44.139659],[-123.860578,44.13967],[-123.860568,44.139682],[-123.860557,44.139693],[-123.860546,44.139704],[-123.860534,44.139716],[-123.860523,44.139727],[-123.860512,44.139739],[-123.860501,44.139751],[-123.86049,44.139763],[-123.860479,44.139776],[-123.860468,44.139788],[-123.860458,44.1398],[-123.860447,44.139812],[-123.860437,44.139825],[-123.860427,44.139837],[-123.860417,44.13985],[-123.860407,44.139862],[-123.860398,44.139874],[-123.86039,44.139885],[-123.86038,44.139897],[-123.86037,44.13991],[-123.86036,44.139923],[-123.86035,44.139936],[-123.860341,44.139949],[-123.860332,44.139962],[-123.860323,44.139976],[-123.860314,44.139989],[-123.860306,44.140003],[-123.860298,44.140016],[-123.86029,44.14003],[-123.860282,44.140044],[-123.860275,44.140057],[-123.860267,44.140071],[-123.860261,44.140085],[-123.860254,44.140099],[-123.860248,44.140113],[-123.860242,44.140125],[-123.860236,44.140139],[-123.860229,44.140153],[-123.860223,44.140168],[-123.860218,44.140183],[-123.860213,44.140197],[-123.860208,44.140212],[-123.860203,44.140227],[-123.860199,44.140242],[-123.860195,44.140257],[-123.860192,44.140272],[-123.860189,44.140287],[-123.860186,44.140302],[-123.860184,44.140317],[-123.860182,44.140332],[-123.86018,44.140347],[-123.860179,44.140362],[-123.860178,44.140378],[-123.860178,44.140393],[-123.860178,44.140408],[-123.860178,44.140423],[-123.860179,44.140438],[-123.86018,44.140453],[-123.860182,44.140469],[-123.860183,44.140484],[-123.860186,44.140499],[-123.860188,44.140514],[-123.860191,44.140529],[-123.860195,44.140544],[-123.860198,44.140559],[-123.860202,44.140574],[-123.860206,44.140587],[-123.86021,44.140601],[-123.860214,44.140614],[-123.860218,44.140628],[-123.860222,44.140641],[-123.860226,44.140654],[-123.86023,44.140668],[-123.860234,44.140681],[-123.860238,44.140695],[-123.860242,44.140708],[-123.860246,44.140722],[-123.860249,44.140735],[-123.860253,44.140748],[-123.860257,44.140762],[-123.860261,44.140775],[-123.860265,44.140789],[-123.860269,44.140802],[-123.860273,44.140816],[-123.860277,44.140829],[-123.860281,44.140842],[-123.860285,44.140856],[-123.860289,44.140869],[-123.860292,44.140883],[-123.860296,44.140896],[-123.8603,44.14091],[-123.860305,44.140925],[-123.86031,44.140939],[-123.860314,44.140952],[-123.860319,44.140965],[-123.860323,44.140979],[-123.860328,44.140992],[-123.860332,44.141005],[-123.860336,44.141019],[-123.860341,44.141032],[-123.860346,44.141046],[-123.860351,44.141061],[-123.860357,44.141075],[-123.860362,44.141089],[-123.860368,44.141102],[-123.860373,44.141115],[-123.860378,44.141128],[-123.860383,44.141141],[-123.860389,44.141154],[-123.860394,44.141168],[-123.860399,44.141181],[-123.860405,44.141194],[-123.86041,44.141207],[-123.860415,44.14122],[-123.860421,44.141233],[-123.860426,44.141247],[-123.860431,44.14126],[-123.860437,44.141273],[-123.860443,44.141287],[-123.860449,44.141301],[-123.860455,44.141314],[-123.86046,44.141327],[-123.860466,44.14134],[-123.860472,44.141354],[-123.860478,44.141367],[-123.860484,44.14138],[-123.860489,44.141393],[-123.860495,44.141406],[-123.860501,44.141419],[-123.860507,44.141433],[-123.860514,44.141447],[-123.860521,44.14146],[-123.860527,44.141473],[-123.860533,44.141486],[-123.86054,44.141499],[-123.860546,44.141512],[-123.860552,44.141525],[-123.860559,44.141538],[-123.860565,44.141551],[-123.860571,44.141564],[-123.860578,44.141577],[-123.860585,44.141591],[-123.860592,44.141604],[-123.860599,44.141617],[-123.860605,44.141629],[-123.860612,44.141642],[-123.860619,44.141655],[-123.860626,44.141668],[-123.860632,44.141681],[-123.860639,44.141694],[-123.860646,44.141706],[-123.860652,44.141719],[-123.860659,44.141732],[-123.860666,44.141745],[-123.860673,44.141758],[-123.860679,44.141771],[-123.860686,44.141783],[-123.860693,44.141796],[-123.860699,44.141809],[-123.860706,44.141822],[-123.860713,44.141835],[-123.86072,44.141848],[-123.860726,44.14186],[-123.860733,44.141873],[-123.86074,44.141886],[-123.860746,44.141899],[-123.860753,44.141912],[-123.86076,44.141925],[-123.860767,44.141937],[-123.860773,44.14195],[-123.86078,44.141963],[-123.860787,44.141976],[-123.860793,44.141989],[-123.8608,44.142002],[-123.860807,44.142014],[-123.860814,44.142027],[-123.86082,44.14204],[-123.860827,44.142053],[-123.860834,44.142066],[-123.86084,44.142079],[-123.860847,44.142091],[-123.860854,44.142104],[-123.860861,44.142117],[-123.860868,44.142131],[-123.860875,44.142143],[-123.860882,44.142156],[-123.860888,44.142169],[-123.860895,44.142181],[-123.860901,44.142194],[-123.860908,44.142206],[-123.860914,44.142219],[-123.860921,44.142232],[-123.860927,44.142244],[-123.860934,44.142257],[-123.86094,44.14227],[-123.860946,44.142282],[-123.860952,44.142295],[-123.860958,44.142308],[-123.860964,44.142321],[-123.86097,44.142333],[-123.860976,44.142346],[-123.860982,44.142359],[-123.860988,44.142372],[-123.860993,44.142384],[-123.860999,44.142397],[-123.861005,44.14241],[-123.86101,44.142423],[-123.861016,44.142436],[-123.861021,44.142449],[-123.861027,44.142462],[-123.861032,44.142475],[-123.861038,44.142488],[-123.861043,44.142501],[-123.861048,44.142514],[-123.861054,44.142527],[-123.861059,44.14254],[-123.861065,44.142553],[-123.86107,44.142566],[-123.861075,44.142579],[-123.86108,44.142592],[-123.861085,44.142605],[-123.86109,44.142618],[-123.861095,44.14263],[-123.8611,44.142643],[-123.861105,44.142656],[-123.861109,44.142669],[-123.861114,44.142682],[-123.861118,44.142695],[-123.861123,44.142708],[-123.861127,44.142721],[-123.861131,44.142733],[-123.861135,44.142746],[-123.861139,44.142759],[-123.861143,44.142773],[-123.861147,44.142786],[-123.86115,44.142799],[-123.861154,44.142812],[-123.861158,44.142826],[-123.861162,44.142839],[-123.861165,44.142852],[-123.861169,44.142866],[-123.861173,44.14288],[-123.861177,44.142893],[-123.86118,44.142906],[-123.861184,44.142919],[-123.861187,44.142932],[-123.861191,44.142945],[-123.861194,44.142958],[-123.861197,44.142971],[-123.8612,44.142984],[-123.861203,44.142997],[-123.861206,44.14301],[-123.861208,44.143024],[-123.861211,44.143037],[-123.861213,44.14305],[-123.861216,44.143063],[-123.861218,44.143076],[-123.86122,44.143089],[-123.861222,44.143102],[-123.861224,44.143116],[-123.861226,44.143129],[-123.861228,44.143142],[-123.86123,44.143155],[-123.861231,44.143168],[-123.861233,44.143182],[-123.861234,44.143194],[-123.861235,44.143202],[-123.861235,44.143203],[-123.861235,44.143207],[-123.861236,44.14322],[-123.861237,44.143233],[-123.861237,44.143247],[-123.861238,44.143261],[-123.861239,44.143275],[-123.86124,44.143288],[-123.861241,44.143302],[-123.861241,44.143316],[-123.861242,44.143329],[-123.861243,44.143343],[-123.861244,44.143357],[-123.861245,44.14337],[-123.861245,44.143384],[-123.861246,44.143398],[-123.861247,44.143412],[-123.861248,44.143425],[-123.861249,44.143439],[-123.861249,44.143453],[-123.86125,44.143468],[-123.861252,44.143483],[-123.861253,44.143497],[-123.861255,44.143512],[-123.861257,44.143527],[-123.86126,44.143541],[-123.861262,44.143556],[-123.861265,44.14357],[-123.861268,44.143585],[-123.861272,44.1436],[-123.861275,44.143614],[-123.861279,44.143628],[-123.861283,44.143643],[-123.861288,44.143658],[-123.861293,44.143673],[-123.861298,44.143686],[-123.861303,44.1437],[-123.861307,44.143713],[-123.861312,44.143726],[-123.861317,44.143739],[-123.861322,44.143753],[-123.861326,44.143766],[-123.861331,44.143779],[-123.861336,44.143793],[-123.86134,44.143806],[-123.861347,44.143823],[-123.861354,44.143839],[-123.86136,44.14385],[-123.861365,44.143861],[-123.861369,44.143872],[-123.861372,44.143882],[-123.861376,44.143893],[-123.861378,44.143904],[-123.861381,44.143915],[-123.861382,44.143926],[-123.861384,44.143937],[-123.861384,44.143949],[-123.861385,44.14396],[-123.861385,44.143971],[-123.861384,44.143982],[-123.861383,44.143992],[-123.861381,44.144003],[-123.861379,44.144014],[-123.861376,44.144024],[-123.861373,44.144035],[-123.861369,44.144045],[-123.861365,44.144055],[-123.86136,44.144065],[-123.861354,44.144075],[-123.861348,44.144085],[-123.86134,44.144098],[-123.861332,44.144111],[-123.861324,44.144124],[-123.861317,44.144137],[-123.861309,44.144149],[-123.861302,44.144162],[-123.861294,44.144174],[-123.861287,44.144187],[-123.861279,44.144199],[-123.861271,44.144212],[-123.861263,44.144226],[-123.861255,44.14424],[-123.861247,44.144255],[-123.86124,44.14427],[-123.861234,44.144285],[-123.861227,44.144299],[-123.861222,44.144314],[-123.861217,44.14433],[-123.861212,44.144345],[-123.861207,44.14436],[-123.861204,44.144375],[-123.8612,44.144391],[-123.861197,44.144406],[-123.861195,44.144422],[-123.861193,44.144437],[-123.861192,44.144453],[-123.861191,44.144468],[-123.861191,44.144484],[-123.861191,44.144499],[-123.861191,44.144515],[-123.861192,44.14453],[-123.861194,44.144546],[-123.861196,44.144561],[-123.861198,44.144577],[-123.861201,44.144592],[-123.861204,44.144607],[-123.861208,44.144623],[-123.861212,44.144638],[-123.861217,44.144653],[-123.861222,44.144668],[-123.861228,44.144683],[-123.861234,44.144698],[-123.861241,44.144713],[-123.861248,44.144727],[-123.861255,44.144741],[-123.861261,44.144753],[-123.861268,44.144766],[-123.861274,44.144779],[-123.861281,44.144792],[-123.861287,44.144805],[-123.861294,44.144818],[-123.8613,44.144831],[-123.861306,44.144844],[-123.861313,44.144857],[-123.861319,44.14487],[-123.861326,44.144882],[-123.861332,44.144895],[-123.861339,44.144908],[-123.861345,44.144921],[-123.861352,44.144934],[-123.861357,44.144945],[-123.861362,44.144957],[-123.861367,44.144968],[-123.861372,44.14498],[-123.861376,44.144991],[-123.86138,44.145003],[-123.861383,44.145015],[-123.861386,44.145027],[-123.861389,44.145038],[-123.861391,44.14505],[-123.861394,44.145062],[-123.861395,44.145074],[-123.861397,44.145086],[-123.861398,44.145098],[-123.861399,44.14511],[-123.861399,44.145122],[-123.861399,44.145134],[-123.861399,44.145146],[-123.861398,44.145158],[-123.861397,44.14517],[-123.861396,44.145181],[-123.861394,44.145192],[-123.861391,44.145205],[-123.861389,44.145218],[-123.861386,44.145232],[-123.861383,44.145245],[-123.86138,44.145259],[-123.861378,44.145273],[-123.861375,44.145286],[-123.861372,44.1453],[-123.86137,44.145312],[-123.861367,44.145325],[-123.861363,44.145339],[-123.86136,44.145354],[-123.861357,44.14537],[-123.861355,44.145385],[-123.861353,44.1454],[-123.861352,44.145416],[-123.861351,44.145431],[-123.86135,44.145447],[-123.86135,44.145462],[-123.861351,44.145476],[-123.861351,44.145491],[-123.861352,44.145507],[-123.861353,44.145523],[-123.861355,44.145539],[-123.861358,44.145555],[-123.861361,44.145571],[-123.861366,44.145587],[-123.861371,44.145606],[-123.861381,44.145626],[-123.861389,44.14564],[-123.861395,44.145652],[-123.861401,44.145664],[-123.861407,44.145676],[-123.861413,44.145687],[-123.861419,44.1457],[-123.861424,44.145712],[-123.86143,44.145725],[-123.861435,44.145736],[-123.861439,44.145748],[-123.861444,44.14576],[-123.861448,44.145772],[-123.861451,44.145784],[-123.861455,44.145796],[-123.861458,44.145808],[-123.86146,44.14582],[-123.861463,44.145831],[-123.861464,44.145841],[-123.861465,44.145853],[-123.861466,44.145866],[-123.861467,44.145879],[-123.861468,44.145892],[-123.861468,44.145905],[-123.861469,44.145919],[-123.861469,44.145932],[-123.86147,44.145944],[-123.861469,44.145956],[-123.861469,44.145969],[-123.861468,44.145983],[-123.861468,44.145997],[-123.861467,44.146011],[-123.861467,44.146025],[-123.861467,44.146039],[-123.861467,44.146054],[-123.861467,44.146068],[-123.861467,44.146082],[-123.861467,44.146096],[-123.861468,44.14611],[-123.861468,44.146125],[-123.861469,44.146139],[-123.86147,44.146153],[-123.86147,44.146167],[-123.861472,44.146182],[-123.861473,44.146198],[-123.861475,44.146212],[-123.861477,44.146226],[-123.861479,44.146239],[-123.86148,44.146252],[-123.861482,44.146266],[-123.861483,44.146279],[-123.861485,44.146292],[-123.861486,44.146306],[-123.861487,44.146319],[-123.861489,44.146333],[-123.86149,44.146346],[-123.861491,44.146359],[-123.861492,44.146373],[-123.861493,44.146386],[-123.861494,44.146399],[-123.861494,44.146412],[-123.861495,44.146426],[-123.861495,44.146439],[-123.861496,44.146452],[-123.861496,44.146466],[-123.861496,44.146478],[-123.861496,44.146491],[-123.861496,44.146505],[-123.861496,44.146518],[-123.861496,44.146532],[-123.861495,44.146545],[-123.861495,44.146559],[-123.861495,44.146572],[-123.861494,44.146585],[-123.861494,44.146599],[-123.861493,44.146612],[-123.861492,44.146626],[-123.861492,44.146639],[-123.861491,44.146654],[-123.861491,44.146669],[-123.86149,44.146682],[-123.86149,44.146695],[-123.861489,44.146707],[-123.861489,44.146707],[-123.861488,44.14672],[-123.861487,44.146732],[-123.861486,44.146745],[-123.861484,44.146758],[-123.861482,44.14677],[-123.86148,44.146784],[-123.861478,44.146798],[-123.861476,44.146811],[-123.861474,44.146823],[-123.861471,44.146834],[-123.861468,44.146846],[-123.861465,44.146858],[-123.861462,44.146869],[-123.861458,44.146881],[-123.861454,44.146892],[-123.861449,44.146904],[-123.861445,44.146914],[-123.86144,44.146922],[-123.861433,44.146933],[-123.861426,44.146945],[-123.861419,44.146958],[-123.861411,44.14697],[-123.861403,44.146982],[-123.861396,44.146994],[-123.861388,44.147005],[-123.86138,44.147017],[-123.861373,44.147027],[-123.861365,44.147037],[-123.861356,44.147049],[-123.861346,44.147062],[-123.861336,44.147075],[-123.861327,44.147088],[-123.861318,44.147101],[-123.861309,44.147113],[-123.8613,44.147127],[-123.86129,44.147141],[-123.861282,44.147155],[-123.861274,44.147167],[-123.861267,44.14718],[-123.861259,44.147193],[-123.861252,44.147206],[-123.861244,44.147218],[-123.861237,44.147231],[-123.861228,44.147245],[-123.861221,44.14726],[-123.861214,44.147273],[-123.861208,44.147285],[-123.861201,44.147297],[-123.861195,44.147309],[-123.861188,44.147321],[-123.861181,44.147333],[-123.861174,44.147345],[-123.861167,44.147356],[-123.861159,44.147368],[-123.861151,44.14738],[-123.861143,44.147393],[-123.861136,44.147404],[-123.861128,44.147415],[-123.86112,44.147426],[-123.861112,44.147437],[-123.861104,44.147448],[-123.861095,44.147459],[-123.861086,44.147469],[-123.861079,44.147478],[-123.861071,44.147485],[-123.86106,44.147495],[-123.861048,44.147507],[-123.861036,44.147518],[-123.861024,44.14753],[-123.861012,44.147542],[-123.861001,44.147553],[-123.86099,44.147565],[-123.860979,44.147576],[-123.860968,44.147587],[-123.860956,44.1476],[-123.860944,44.147612],[-123.860933,44.147625],[-123.860922,44.147637],[-123.860911,44.14765],[-123.860901,44.147663],[-123.860891,44.147676],[-123.860881,44.147689],[-123.860871,44.147703],[-123.860862,44.147716],[-123.860853,44.147729],[-123.860844,44.147743],[-123.860835,44.147757],[-123.860827,44.14777],[-123.860819,44.147784],[-123.860812,44.147798],[-123.860805,44.14781],[-123.860798,44.147823],[-123.860791,44.147836],[-123.860784,44.147848],[-123.860777,44.147861],[-123.86077,44.147874],[-123.860763,44.147887],[-123.860756,44.1479],[-123.860749,44.147912],[-123.860742,44.147925],[-123.860735,44.147938],[-123.860728,44.147951],[-123.860721,44.147963],[-123.860714,44.147976],[-123.860707,44.147989],[-123.8607,44.148002],[-123.860693,44.148014],[-123.860686,44.148027],[-123.860679,44.14804],[-123.860671,44.148055],[-123.860663,44.148072],[-123.860658,44.148086],[-123.860652,44.148099],[-123.860647,44.148112],[-123.860641,44.148125],[-123.860636,44.148138],[-123.860631,44.148151],[-123.860625,44.148164],[-123.86062,44.148178],[-123.860614,44.148191],[-123.860609,44.148205],[-123.860604,44.148218],[-123.860598,44.148231],[-123.860593,44.148244],[-123.860588,44.148258],[-123.860583,44.148271],[-123.860577,44.148284],[-123.860572,44.148297],[-123.860567,44.14831],[-123.860562,44.148323],[-123.860557,44.148334],[-123.860552,44.148346],[-123.860546,44.148359],[-123.86054,44.148372],[-123.860534,44.148385],[-123.860527,44.148398],[-123.860521,44.148411],[-123.860515,44.148424],[-123.860509,44.148437],[-123.860503,44.14845],[-123.860497,44.148463],[-123.860491,44.148476],[-123.860485,44.148489],[-123.860479,44.148502],[-123.860472,44.148515],[-123.860466,44.148528],[-123.860459,44.148542],[-123.860453,44.148558],[-123.860448,44.148572],[-123.860442,44.148586],[-123.860438,44.148601],[-123.860433,44.148615],[-123.860428,44.148629],[-123.860424,44.148644],[-123.86042,44.148658],[-123.860417,44.148672],[-123.860413,44.148687],[-123.86041,44.148701],[-123.860407,44.148716],[-123.860404,44.14873],[-123.860401,44.148744],[-123.860399,44.148757],[-123.860396,44.148771],[-123.860393,44.148786],[-123.860391,44.148801],[-123.860389,44.148816],[-123.860388,44.148832],[-123.860387,44.148847],[-123.860386,44.148862],[-123.860386,44.148877],[-123.860386,44.148893],[-123.860386,44.148908],[-123.860387,44.148923],[-123.860389,44.148939],[-123.86039,44.148954],[-123.860393,44.148969],[-123.860395,44.148984],[-123.860398,44.148999],[-123.860401,44.149014],[-123.860405,44.149029],[-123.860409,44.149044],[-123.860414,44.149059],[-123.860419,44.149074],[-123.860424,44.149089],[-123.860429,44.149103],[-123.860435,44.149118],[-123.860442,44.149133],[-123.86045,44.149149],[-123.860458,44.149164],[-123.860465,44.149177],[-123.860473,44.14919],[-123.860481,44.149204],[-123.860489,44.149217],[-123.860498,44.14923],[-123.860506,44.149243],[-123.860515,44.149257],[-123.860524,44.14927],[-123.860533,44.149283],[-123.860543,44.149296],[-123.860552,44.149308],[-123.860562,44.149321],[-123.860572,44.149334],[-123.860582,44.149346],[-123.860592,44.149359],[-123.860602,44.149371],[-123.860613,44.149384],[-123.860624,44.149396],[-123.860634,44.149408],[-123.860645,44.149421],[-123.860657,44.149433],[-123.860668,44.149445],[-123.86068,44.149457],[-123.860691,44.149468],[-123.860703,44.14948],[-123.860715,44.149492],[-123.860729,44.149505],[-123.860743,44.149517],[-123.860755,44.149527],[-123.860767,44.149538],[-123.86078,44.149548],[-123.860792,44.149559],[-123.860804,44.149569],[-123.860816,44.14958],[-123.860829,44.14959],[-123.860841,44.149601],[-123.860853,44.149611],[-123.860865,44.149622],[-123.860878,44.149632],[-123.86089,44.149643],[-123.860902,44.149653],[-123.860914,44.149664],[-123.860927,44.149674],[-123.860939,44.149685],[-123.860951,44.149695],[-123.860963,44.149706],[-123.860976,44.149716],[-123.860988,44.149727],[-123.861,44.149737],[-123.861012,44.149748],[-123.861025,44.149758],[-123.861037,44.149769],[-123.861049,44.149779],[-123.861061,44.14979],[-123.861074,44.1498],[-123.861086,44.149811],[-123.861098,44.149821],[-123.86111,44.149832],[-123.861122,44.149842],[-123.861135,44.149853],[-123.861148,44.149864],[-123.861162,44.149875],[-123.861173,44.149884],[-123.861176,44.149886],[-123.86119,44.149897],[-123.861204,44.149908],[-123.861219,44.149919],[-123.861234,44.149929],[-123.861249,44.14994],[-123.861264,44.14995],[-123.861279,44.14996],[-123.861295,44.14997],[-123.861311,44.149979],[-123.861327,44.149989],[-123.861343,44.149998],[-123.86136,44.150007],[-123.861376,44.150016],[-123.861393,44.150025],[-123.86141,44.150034],[-123.861427,44.150042],[-123.861443,44.150049],[-123.861459,44.150057],[-123.861474,44.150065],[-123.86149,44.150072],[-123.861506,44.15008],[-123.861522,44.150088],[-123.861538,44.150095],[-123.861553,44.150103],[-123.861569,44.150111],[-123.861585,44.150118],[-123.861601,44.150126],[-123.861617,44.150133],[-123.861633,44.150141],[-123.861648,44.150149],[-123.861664,44.150156],[-123.86168,44.150164],[-123.861696,44.150172],[-123.861712,44.150179],[-123.861726,44.150186],[-123.86174,44.150194],[-123.861755,44.150202],[-123.861771,44.15021],[-123.861783,44.150216],[-123.861786,44.150218],[-123.861802,44.150226],[-123.861817,44.150234],[-123.861832,44.150242],[-123.861848,44.15025],[-123.861863,44.150258],[-123.861879,44.150266],[-123.861894,44.150274],[-123.86191,44.150282],[-123.861925,44.15029],[-123.861941,44.150298],[-123.861956,44.150306],[-123.861972,44.150314],[-123.861987,44.150322],[-123.862002,44.15033],[-123.862018,44.150338],[-123.862033,44.150346],[-123.862049,44.150354],[-123.862064,44.150362],[-123.86208,44.15037],[-123.862095,44.150378],[-123.862111,44.150386],[-123.862126,44.150394],[-123.862142,44.150402],[-123.862157,44.15041],[-123.862172,44.150418],[-123.862188,44.150426],[-123.862203,44.150434],[-123.862219,44.150442],[-123.862234,44.15045],[-123.86225,44.150458],[-123.862265,44.150466],[-123.862281,44.150474],[-123.862296,44.150482],[-123.862312,44.15049],[-123.862327,44.150498],[-123.862342,44.150506],[-123.862358,44.150514],[-123.862373,44.150522],[-123.862389,44.15053],[-123.862398,44.150535],[-123.862404,44.150538],[-123.86242,44.150546],[-123.862435,44.150554],[-123.862451,44.150562],[-123.862466,44.15057],[-123.862482,44.150578],[-123.862497,44.150586],[-123.862512,44.150594],[-123.862528,44.150602],[-123.862543,44.15061],[-123.862559,44.150618],[-123.862574,44.150626],[-123.86259,44.150634],[-123.862605,44.150643],[-123.862621,44.150651],[-123.862636,44.150659],[-123.862652,44.150667],[-123.862667,44.150675],[-123.862682,44.150683],[-123.862699,44.150691],[-123.862716,44.1507],[-123.862732,44.150707],[-123.862746,44.150715],[-123.862761,44.150722],[-123.862776,44.15073],[-123.86279,44.150737],[-123.862804,44.150745],[-123.862819,44.150753],[-123.862833,44.150761],[-123.862847,44.150769],[-123.862861,44.150777],[-123.862874,44.150785],[-123.862875,44.150786],[-123.862888,44.150794],[-123.862902,44.150802],[-123.862915,44.150811],[-123.862928,44.150819],[-123.862941,44.150828],[-123.862954,44.150836],[-123.862967,44.150846],[-123.862981,44.150855],[-123.862995,44.150865],[-123.863009,44.150874],[-123.863022,44.150884],[-123.863036,44.150893],[-123.86305,44.150903],[-123.863065,44.150913],[-123.863082,44.150925],[-123.8631,44.150935],[-123.863119,44.150946],[-123.863138,44.150955],[-123.863158,44.150965],[-123.863178,44.150973],[-123.863199,44.150981],[-123.86322,44.150989],[-123.863242,44.150996],[-123.863264,44.151002],[-123.863286,44.151008],[-123.863308,44.151013],[-123.86333,44.151017],[-123.863353,44.151021],[-123.863376,44.151024],[-123.863399,44.151027],[-123.863422,44.151028],[-123.863446,44.15103],[-123.863469,44.15103],[-123.863491,44.15103],[-123.863512,44.15103],[-123.863535,44.15103],[-123.86356,44.151028],[-123.863584,44.151026],[-123.863609,44.151023],[-123.863633,44.151018],[-123.863657,44.151013],[-123.86368,44.151007],[-123.863703,44.151001],[-123.863726,44.150993],[-123.863748,44.150985],[-123.863769,44.150975],[-123.86379,44.150965],[-123.863807,44.150956],[-123.863821,44.150949],[-123.863834,44.150942],[-123.86385,44.150934],[-123.863866,44.150927],[-123.863881,44.150919],[-123.863897,44.150911],[-123.863913,44.150903],[-123.863929,44.150896],[-123.863944,44.150888],[-123.863959,44.15088],[-123.863973,44.150874],[-123.863985,44.150869],[-123.863997,44.150864],[-123.86401,44.150859],[-123.864023,44.150855],[-123.864037,44.150851],[-123.86405,44.150848],[-123.864064,44.150845],[-123.864078,44.150842],[-123.864092,44.15084],[-123.864106,44.150838],[-123.86412,44.150837],[-123.864135,44.150836],[-123.864149,44.150835],[-123.864163,44.150835],[-123.864178,44.150835],[-123.864186,44.150836],[-123.864195,44.150837],[-123.864211,44.15084],[-123.864228,44.150843],[-123.864244,44.150846],[-123.864261,44.15085],[-123.864278,44.150854],[-123.864294,44.150858],[-123.864311,44.150862],[-123.864327,44.150866],[-123.864345,44.150871],[-123.864362,44.150875],[-123.864377,44.15088],[-123.864393,44.150884],[-123.864408,44.150889],[-123.864423,44.150894],[-123.864439,44.150899],[-123.864453,44.150905],[-123.864469,44.150911],[-123.864484,44.150917],[-123.864499,44.150923],[-123.864513,44.150929],[-123.864527,44.150935],[-123.86454,44.150942],[-123.864554,44.150949],[-123.864567,44.150956],[-123.86458,44.150963],[-123.864592,44.15097],[-123.864605,44.150978],[-123.864617,44.150986],[-123.864629,44.150994],[-123.864641,44.151002],[-123.864652,44.151011],[-123.864663,44.151019],[-123.864674,44.151028],[-123.864684,44.151036],[-123.864693,44.151045],[-123.864704,44.151055],[-123.864715,44.151066],[-123.864727,44.151077],[-123.864738,44.151088],[-123.864749,44.151099],[-123.864761,44.15111],[-123.864772,44.151121],[-123.864775,44.151125],[-123.864783,44.151133],[-123.864795,44.151144],[-123.864806,44.151155],[-123.864817,44.151166],[-123.864829,44.151177],[-123.86484,44.151188],[-123.864851,44.151199],[-123.864863,44.15121],[-123.864867,44.151214],[-123.864874,44.151221],[-123.864885,44.151232],[-123.864897,44.151243],[-123.864908,44.151254],[-123.864919,44.151265],[-123.864931,44.151276],[-123.864942,44.151287],[-123.864954,44.151299],[-123.864968,44.151312],[-123.864983,44.151324],[-123.864997,44.151335],[-123.865011,44.151347],[-123.865025,44.151357],[-123.865039,44.151368],[-123.865054,44.151379],[-123.865069,44.151389],[-123.865084,44.1514],[-123.8651,44.15141],[-123.865115,44.15142],[-123.865131,44.151429],[-123.865147,44.151439],[-123.865164,44.151448],[-123.86518,44.151458],[-123.865197,44.151467],[-123.865214,44.151475],[-123.865231,44.151484],[-123.865248,44.151492],[-123.865265,44.151501],[-123.865284,44.151509],[-123.865303,44.151517],[-123.86532,44.151524],[-123.865336,44.151531],[-123.865353,44.151538],[-123.865369,44.151544],[-123.865386,44.151551],[-123.865403,44.151558],[-123.865419,44.151565],[-123.865436,44.151572],[-123.865452,44.151578],[-123.865469,44.151585],[-123.865485,44.151592],[-123.865502,44.151599],[-123.865518,44.151606],[-123.865535,44.151612],[-123.865551,44.151619],[-123.865568,44.151626],[-123.865583,44.151632],[-123.865599,44.151639],[-123.865615,44.151646],[-123.865631,44.151653],[-123.865647,44.15166],[-123.865664,44.151667],[-123.86568,44.151674],[-123.865696,44.151681],[-123.865713,44.151688],[-123.865728,44.151695],[-123.865744,44.151702],[-123.86576,44.151709],[-123.865776,44.151717],[-123.865792,44.151724],[-123.865808,44.151731],[-123.865825,44.151738],[-123.865841,44.151746],[-123.865857,44.151753],[-123.865873,44.15176],[-123.865889,44.151767],[-123.865906,44.151775],[-123.865922,44.151782],[-123.865938,44.151789],[-123.865954,44.151796],[-123.86597,44.151804],[-123.865986,44.151811],[-123.866003,44.151818],[-123.866019,44.151825],[-123.866036,44.151833],[-123.866054,44.151841],[-123.866072,44.151848],[-123.86609,44.151855],[-123.866107,44.151862],[-123.866124,44.151869],[-123.866142,44.151875],[-123.866159,44.151882],[-123.866177,44.151889],[-123.866194,44.151895],[-123.866212,44.151902],[-123.86623,44.151908],[-123.866247,44.151914],[-123.866265,44.15192],[-123.866283,44.151926],[-123.8663,44.151932],[-123.866318,44.151938],[-123.866336,44.151944],[-123.866353,44.15195],[-123.866371,44.151955],[-123.866388,44.151961],[-123.866407,44.151967],[-123.866425,44.151973],[-123.866443,44.151978],[-123.866461,44.151984],[-123.866479,44.151989],[-123.866497,44.151995],[-123.866516,44.152],[-123.866534,44.152005],[-123.866553,44.15201],[-123.866571,44.152015],[-123.86659,44.15202],[-123.866609,44.152026],[-123.866629,44.15203],[-123.866647,44.152035],[-123.866665,44.152039],[-123.866683,44.152043],[-123.866701,44.152048],[-123.866719,44.152052],[-123.866737,44.152056],[-123.866755,44.152061],[-123.866773,44.152065],[-123.866791,44.152069],[-123.866809,44.152074],[-123.866828,44.152078],[-123.866846,44.152082],[-123.866864,44.152087],[-123.866882,44.152091],[-123.8669,44.152096],[-123.866917,44.1521],[-123.866934,44.152104],[-123.866951,44.152108],[-123.866968,44.152113],[-123.866985,44.152118],[-123.867002,44.152122],[-123.867019,44.152127],[-123.867035,44.152132],[-123.867053,44.152137],[-123.867072,44.152143],[-123.867088,44.152147],[-123.867104,44.152152],[-123.867119,44.152157],[-123.867135,44.152162],[-123.86715,44.152168],[-123.867165,44.152173],[-123.867181,44.152179],[-123.867196,44.152185],[-123.867211,44.152191],[-123.867225,44.152198],[-123.86724,44.152204],[-123.867254,44.152211],[-123.867269,44.152218],[-123.867284,44.152225],[-123.867301,44.152233],[-123.867317,44.152241],[-123.867332,44.152249],[-123.867348,44.152256],[-123.867364,44.152264],[-123.86738,44.152271],[-123.867396,44.152279],[-123.867412,44.152287],[-123.867428,44.152294],[-123.867443,44.152302],[-123.867459,44.152309],[-123.867475,44.152317],[-123.867491,44.152325],[-123.867508,44.152333],[-123.867526,44.152341],[-123.867544,44.152349],[-123.867561,44.152356],[-123.867579,44.152363],[-123.867597,44.152371],[-123.867615,44.152378],[-123.867633,44.152385],[-123.867651,44.152391],[-123.867669,44.152398],[-123.867686,44.152404],[-123.867703,44.15241],[-123.867722,44.152417],[-123.867741,44.152423],[-123.867761,44.152429],[-123.867781,44.152435],[-123.867801,44.152441],[-123.867821,44.152446],[-123.867841,44.152451],[-123.867861,44.152456],[-123.867882,44.15246],[-123.867903,44.152464],[-123.867924,44.152468],[-123.867944,44.152471],[-123.867965,44.152475],[-123.867987,44.152477],[-123.868008,44.15248],[-123.868029,44.152482],[-123.86805,44.152484],[-123.86807,44.152485],[-123.868089,44.152487],[-123.868108,44.152488],[-123.868127,44.152489],[-123.868146,44.152491],[-123.868165,44.152492],[-123.868184,44.152493],[-123.868203,44.152495],[-123.868222,44.152496],[-123.868241,44.152497],[-123.86826,44.152499],[-123.868279,44.1525],[-123.868298,44.152501],[-123.868317,44.152503],[-123.868336,44.152504],[-123.868355,44.152506],[-123.868374,44.152507],[-123.868393,44.152508],[-123.868412,44.15251],[-123.868431,44.152511],[-123.868449,44.152512],[-123.868468,44.152514],[-123.868487,44.152515],[-123.868507,44.152516],[-123.868528,44.152518],[-123.868548,44.152519],[-123.868568,44.15252],[-123.868587,44.15252],[-123.868607,44.152521],[-123.868627,44.152522],[-123.868647,44.152522],[-123.868667,44.152523],[-123.868687,44.152523],[-123.868706,44.152523],[-123.868726,44.152523],[-123.868746,44.152523],[-123.868766,44.152523],[-123.868786,44.152523],[-123.868806,44.152523],[-123.868826,44.152523],[-123.868845,44.152522],[-123.868864,44.152522],[-123.868883,44.152521],[-123.868903,44.152521],[-123.868922,44.15252],[-123.868941,44.15252],[-123.86896,44.152519],[-123.868979,44.152519],[-123.868998,44.152518],[-123.869017,44.152517],[-123.869037,44.152517],[-123.869056,44.152516],[-123.869074,44.152516],[-123.869091,44.152515]]]]}},{"type":"Feature","properties":{"MAPTAXLOT":"1610000000100","MAPNUMBER":"16100000","TAXLOT":"100","ACCTNO":"0073815","MAPACRES":15776.35127337},"geometry":{"type":"MultiPolygon","coordinates":[[[[-123.908783,44.16882],[-123.908707,44.170611],[-123.909936,44.170612],[-123.909874,44.172405],[-123.911121,44.172407],[-123.911079,44.174196],[-123.913575,44.174202],[-123.913556,44.175097],[-123.916054,44.175104],[-123.916035,44.176],[-123.915998,44.177793],[-123.913496,44.177785],[-123.913516,44.176889],[-123.911015,44.176882],[-123.911036,44.175986],[-123.908542,44.175979],[-123.908632,44.172403],[-123.906149,44.172352],[-123.906214,44.170566],[-123.901261,44.170478],[-123.901295,44.169583],[-123.898819,44.169539],[-123.898854,44.168644],[-123.897622,44.168622],[-123.897653,44.167727],[-123.896417,44.167706],[-123.896445,44.166811],[-123.891491,44.166723],[-123.891559,44.16583],[-123.890277,44.165807],[-123.890303,44.164913],[-123.889065,44.164892],[-123.889105,44.163999],[-123.887876,44.163972],[-123.887994,44.161302],[-123.886767,44.161276],[-123.886806,44.160386],[-123.885579,44.160363],[-123.885617,44.159474],[-123.884389,44.159452],[-123.884428,44.158564],[-123.87952,44.158481],[-123.879408,44.16169],[-123.879302,44.164705],[-123.879177,44.168259],[-123.88406,44.168355],[-123.883961,44.17193],[-123.888872,44.172046],[-123.898722,44.172201],[-123.898628,44.175781],[-123.888735,44.175582],[-123.888459,44.182656],[-123.898449,44.182897],[-123.89836,44.186531],[-123.888322,44.186194],[-123.888342,44.189781],[-123.883417,44.189623],[-123.883398,44.186048],[-123.878477,44.185901],[-123.87862,44.182382],[-123.883539,44.182519],[-123.88382,44.17545],[-123.878909,44.175318],[-123.879056,44.171814],[-123.874142,44.17167],[-123.874356,44.164559],[-123.874466,44.16156],[-123.874614,44.157485],[-123.875848,44.157513],[-123.875848,44.157513],[-123.875871,44.15662],[-123.874637,44.156594],[-123.87466,44.155703],[-123.873426,44.155678],[-123.873445,44.154943],[-123.873434,44.154937],[-123.873417,44.154928],[-123.873401,44.154918],[-123.873385,44.154909],[-123.873369,44.154899],[-123.873354,44.154889],[-123.873339,44.154879],[-123.873323,44.154868],[-123.873309,44.154858],[-123.873294,44.154847],[-123.873279,44.154836],[-123.873265,44.154825],[-123.873251,44.154814],[-123.873238,44.154803],[-123.873224,44.154792],[-123.873215,44.154784],[-123.872215,44.154765],[-123.872238,44.153877],[-123.871004,44.153855],[-123.871023,44.153149],[-123.871019,44.153146],[-123.871004,44.153137],[-123.87099,44.153128],[-123.870976,44.153119],[-123.870962,44.153109],[-123.870947,44.1531],[-123.870933,44.153091],[-123.870919,44.153082],[-123.870905,44.153072],[-123.870891,44.153063],[-123.870877,44.153054],[-123.870862,44.153044],[-123.870848,44.153035],[-123.870834,44.153026],[-123.87082,44.153016],[-123.870806,44.153007],[-123.870792,44.152998],[-123.870778,44.152988],[-123.870764,44.152979],[-123.87075,44.152969],[-123.870742,44.152964],[-123.869797,44.152949],[-123.866065,44.1529],[-123.866088,44.15202],[-123.864845,44.152005],[-123.864867,44.151214],[-123.864863,44.15121],[-123.864851,44.151199],[-123.86484,44.151188],[-123.864829,44.151177],[-123.864817,44.151166],[-123.864806,44.151155],[-123.864795,44.151144],[-123.864783,44.151133],[-123.864775,44.151125],[-123.862383,44.151099],[-123.862398,44.150535],[-123.862389,44.15053],[-123.862373,44.150522],[-123.862358,44.150514],[-123.862342,44.150506],[-123.862327,44.150498],[-123.862312,44.15049],[-123.862296,44.150482],[-123.862281,44.150474],[-123.862265,44.150466],[-123.86225,44.150458],[-123.862234,44.15045],[-123.862219,44.150442],[-123.862203,44.150434],[-123.862188,44.150426],[-123.862172,44.150418],[-123.862157,44.15041],[-123.862142,44.150402],[-123.862126,44.150394],[-123.862111,44.150386],[-123.862095,44.150378],[-123.86208,44.15037],[-123.862064,44.150362],[-123.862049,44.150354],[-123.862033,44.150346],[-123.862018,44.150338],[-123.862002,44.15033],[-123.861987,44.150322],[-123.861972,44.150314],[-123.861956,44.150306],[-123.861941,44.150298],[-123.861925,44.15029],[-123.86191,44.150282],[-123.861894,44.150274],[-123.861879,44.150266],[-123.861863,44.150258],[-123.861848,44.15025],[-123.861832,44.150242],[-123.861817,44.150234],[-123.861802,44.150226],[-123.861786,44.150218],[-123.861783,44.150216],[-123.861164,44.15021],[-123.861173,44.149884],[-123.861162,44.149875],[-123.861148,44.149864],[-123.861135,44.149853],[-123.861122,44.149842],[-123.86111,44.149832],[-123.861098,44.149821],[-123.861086,44.149811],[-123.861074,44.1498],[-123.861061,44.14979],[-123.861049,44.149779],[-123.861037,44.149769],[-123.861025,44.149758],[-123.861012,44.149748],[-123.861,44.149737],[-123.860988,44.149727],[-123.860976,44.149716],[-123.860963,44.149706],[-123.860951,44.149695],[-123.860939,44.149685],[-123.860927,44.149674],[-123.860914,44.149664],[-123.860902,44.149653],[-123.86089,44.149643],[-123.860878,44.149632],[-123.860865,44.149622],[-123.860853,44.149611],[-123.860841,44.149601],[-123.860829,44.14959],[-123.860816,44.14958],[-123.860804,44.149569],[-123.860792,44.149559],[-123.86078,44.149548],[-123.860767,44.149538],[-123.860755,44.149527],[-123.860743,44.149517],[-123.860729,44.149505],[-123.860715,44.149492],[-123.860703,44.14948],[-123.860691,44.149468],[-123.86068,44.149457],[-123.860668,44.149445],[-123.860657,44.149433],[-123.860645,44.149421],[-123.860634,44.149408],[-123.860624,44.149396],[-123.860613,44.149384],[-123.860602,44.149371],[-123.860592,44.149359],[-123.860582,44.149346],[-123.860572,44.149334],[-123.860562,44.149321],[-123.860552,44.149308],[-123.860543,44.149296],[-123.860533,44.149283],[-123.860524,44.14927],[-123.860515,44.149257],[-123.860506,44.149243],[-123.860498,44.14923],[-123.860489,44.149217],[-123.860481,44.149204],[-123.860473,44.14919],[-123.860465,44.149177],[-123.860458,44.149164],[-123.86045,44.149149],[-123.860442,44.149133],[-123.860435,44.149118],[-123.860429,44.149103],[-123.860424,44.149089],[-123.860419,44.149074],[-123.860414,44.149059],[-123.860409,44.149044],[-123.860405,44.149029],[-123.860401,44.149014],[-123.860398,44.148999],[-123.860395,44.148984],[-123.860393,44.148969],[-123.86039,44.148954],[-123.860389,44.148939],[-123.860387,44.148923],[-123.860386,44.148908],[-123.860386,44.148893],[-123.860386,44.148877],[-123.860386,44.148862],[-123.860387,44.148847],[-123.860388,44.148832],[-123.860389,44.148816],[-123.860391,44.148801],[-123.860393,44.148786],[-123.860396,44.148771],[-123.860399,44.148757],[-123.860401,44.148744],[-123.860404,44.14873],[-123.860407,44.148716],[-123.86041,44.148701],[-123.860413,44.148687],[-123.860417,44.148672],[-123.86042,44.148658],[-123.860424,44.148644],[-123.860428,44.148629],[-123.860433,44.148615],[-123.860438,44.148601],[-123.860442,44.148586],[-123.860448,44.148572],[-123.860453,44.148558],[-123.860459,44.148542],[-123.860466,44.148528],[-123.860472,44.148515],[-123.860479,44.148502],[-123.860485,44.148489],[-123.860491,44.148476],[-123.860497,44.148463],[-123.860503,44.14845],[-123.860509,44.148437],[-123.860515,44.148424],[-123.860521,44.148411],[-123.860527,44.148398],[-123.860534,44.148385],[-123.86054,44.148372],[-123.860546,44.148359],[-123.860552,44.148346],[-123.860557,44.148334],[-123.860562,44.148323],[-123.860567,44.14831],[-123.860572,44.148297],[-123.860577,44.148284],[-123.860583,44.148271],[-123.860588,44.148258],[-123.860593,44.148244],[-123.860598,44.148231],[-123.860604,44.148218],[-123.860609,44.148205],[-123.860614,44.148191],[-123.86062,44.148178],[-123.860625,44.148164],[-123.860631,44.148151],[-123.860636,44.148138],[-123.860641,44.148125],[-123.860647,44.148112],[-123.860652,44.148099],[-123.860658,44.148086],[-123.860663,44.148072],[-123.860671,44.148055],[-123.860679,44.14804],[-123.860686,44.148027],[-123.860693,44.148014],[-123.8607,44.148002],[-123.860707,44.147989],[-123.860714,44.147976],[-123.860721,44.147963],[-123.860728,44.147951],[-123.860735,44.147938],[-123.860742,44.147925],[-123.860749,44.147912],[-123.860756,44.1479],[-123.860763,44.147887],[-123.86077,44.147874],[-123.860777,44.147861],[-123.860784,44.147848],[-123.860791,44.147836],[-123.860798,44.147823],[-123.860805,44.14781],[-123.860812,44.147798],[-123.860819,44.147784],[-123.860827,44.14777],[-123.860835,44.147757],[-123.860844,44.147743],[-123.860853,44.147729],[-123.860862,44.147716],[-123.860871,44.147703],[-123.860881,44.147689],[-123.860891,44.147676],[-123.860901,44.147663],[-123.860911,44.14765],[-123.860922,44.147637],[-123.860933,44.147625],[-123.860944,44.147612],[-123.860956,44.1476],[-123.860968,44.147587],[-123.860979,44.147576],[-123.86099,44.147565],[-123.861001,44.147553],[-123.861012,44.147542],[-123.861024,44.14753],[-123.861036,44.147518],[-123.861048,44.147507],[-123.86106,44.147495],[-123.861071,44.147485],[-123.861079,44.147478],[-123.861086,44.147469],[-123.861095,44.147459],[-123.861104,44.147448],[-123.861112,44.147437],[-123.86112,44.147426],[-123.861128,44.147415],[-123.861136,44.147404],[-123.861143,44.147393],[-123.861151,44.14738],[-123.861159,44.147368],[-123.861167,44.147356],[-123.861174,44.147345],[-123.861181,44.147333],[-123.861188,44.147321],[-123.861195,44.147309],[-123.861201,44.147297],[-123.861208,44.147285],[-123.861214,44.147273],[-123.861221,44.14726],[-123.861228,44.147245],[-123.861237,44.147231],[-123.861244,44.147218],[-123.861252,44.147206],[-123.861259,44.147193],[-123.861267,44.14718],[-123.861274,44.147167],[-123.861282,44.147155],[-123.86129,44.147141],[-123.8613,44.147127],[-123.861309,44.147113],[-123.861318,44.147101],[-123.861327,44.147088],[-123.861336,44.147075],[-123.861346,44.147062],[-123.861356,44.147049],[-123.861365,44.147037],[-123.861373,44.147027],[-123.86138,44.147017],[-123.861388,44.147005],[-123.861396,44.146994],[-123.861403,44.146982],[-123.861411,44.14697],[-123.861419,44.146958],[-123.861426,44.146945],[-123.861433,44.146933],[-123.86144,44.146922],[-123.861445,44.146914],[-123.861449,44.146904],[-123.861454,44.146892],[-123.861458,44.146881],[-123.861462,44.146869],[-123.861465,44.146858],[-123.861468,44.146846],[-123.861471,44.146834],[-123.861474,44.146823],[-123.861476,44.146811],[-123.861478,44.146798],[-123.86148,44.146784],[-123.861482,44.14677],[-123.861484,44.146758],[-123.861486,44.146745],[-123.861487,44.146732],[-123.861488,44.14672],[-123.861489,44.146707],[-123.861489,44.146707],[-123.860016,44.146702],[-123.860113,44.143206],[-123.860067,44.135945],[-123.850197,44.135812],[-123.8502,44.142961],[-123.85006,44.15],[-123.850006,44.152009],[-123.849944,44.153504],[-123.849789,44.157008],[-123.844824,44.157049],[-123.839862,44.15709],[-123.838622,44.157101],[-123.837853,44.157107],[-123.837853,44.157108],[-123.837853,44.157121],[-123.837853,44.157135],[-123.837853,44.157149],[-123.837853,44.157162],[-123.837853,44.157176],[-123.837852,44.15719],[-123.837852,44.157204],[-123.837852,44.157217],[-123.837852,44.157231],[-123.837852,44.157245],[-123.837852,44.157258],[-123.837852,44.157272],[-123.837852,44.157285],[-123.837852,44.157299],[-123.837852,44.157312],[-123.837852,44.157326],[-123.837852,44.157339],[-123.837853,44.157352],[-123.837853,44.157366],[-123.837854,44.157379],[-123.837854,44.157393],[-123.837855,44.157406],[-123.837855,44.15742],[-123.837856,44.157433],[-123.837857,44.157446],[-123.837858,44.15746],[-123.837858,44.157473],[-123.837859,44.157487],[-123.83786,44.1575],[-123.837861,44.157514],[-123.837863,44.157528],[-123.837864,44.157541],[-123.837865,44.157555],[-123.837866,44.157569],[-123.837867,44.157582],[-123.837868,44.157596],[-123.837869,44.15761],[-123.83787,44.157623],[-123.837871,44.157637],[-123.837872,44.157651],[-123.837873,44.157665],[-123.837874,44.157678],[-123.837875,44.157692],[-123.837876,44.157706],[-123.837877,44.157719],[-123.837878,44.157733],[-123.837879,44.157747],[-123.83788,44.15776],[-123.837881,44.157774],[-123.837882,44.157788],[-123.837883,44.157801],[-123.837884,44.157814],[-123.837886,44.157826],[-123.837887,44.157838],[-123.837889,44.157851],[-123.837892,44.157863],[-123.837894,44.157875],[-123.837897,44.157887],[-123.8379,44.157899],[-123.837903,44.157911],[-123.837907,44.157923],[-123.837911,44.157935],[-123.837915,44.157947],[-123.83792,44.157959],[-123.837925,44.15797],[-123.83793,44.157982],[-123.837936,44.157994],[-123.837941,44.158005],[-123.837947,44.158017],[-123.837954,44.158028],[-123.83796,44.158039],[-123.837967,44.158051],[-123.837974,44.158062],[-123.837982,44.158073],[-123.83799,44.158085],[-123.837998,44.158096],[-123.838006,44.158108],[-123.838014,44.158119],[-123.838023,44.15813],[-123.838031,44.158141],[-123.83804,44.158151],[-123.838049,44.158162],[-123.838058,44.158172],[-123.838067,44.158182],[-123.838078,44.158193],[-123.838089,44.158204],[-123.838099,44.158216],[-123.83811,44.158227],[-123.838121,44.158238],[-123.838132,44.158249],[-123.838143,44.158261],[-123.838154,44.158272],[-123.838164,44.158283],[-123.838175,44.158295],[-123.838186,44.158306],[-123.838197,44.158317],[-123.838208,44.158328],[-123.838218,44.15834],[-123.838229,44.158351],[-123.83824,44.158362],[-123.838251,44.158374],[-123.838262,44.158385],[-123.838273,44.158396],[-123.838283,44.158407],[-123.838294,44.158419],[-123.838305,44.15843],[-123.838316,44.158441],[-123.838327,44.158453],[-123.838337,44.158464],[-123.838348,44.158475],[-123.838359,44.158486],[-123.83837,44.158498],[-123.838381,44.158509],[-123.838392,44.15852],[-123.838402,44.158532],[-123.838413,44.158543],[-123.838424,44.158554],[-123.838435,44.158565],[-123.838445,44.158576],[-123.838455,44.158586],[-123.838465,44.158596],[-123.838476,44.158606],[-123.838487,44.158616],[-123.838498,44.158626],[-123.838509,44.158636],[-123.83852,44.158645],[-123.838532,44.158655],[-123.838544,44.158664],[-123.838555,44.158673],[-123.838568,44.158682],[-123.83858,44.158691],[-123.838592,44.1587],[-123.838605,44.158709],[-123.838617,44.158718],[-123.83863,44.158726],[-123.838643,44.158734],[-123.838656,44.158742],[-123.83867,44.15875],[-123.838683,44.158758],[-123.838697,44.158766],[-123.838711,44.158774],[-123.838725,44.158781],[-123.838739,44.158789],[-123.838753,44.158796],[-123.838768,44.158803],[-123.838782,44.15881],[-123.838796,44.158816],[-123.838811,44.158823],[-123.838826,44.158829],[-123.838841,44.158835],[-123.838856,44.158841],[-123.838871,44.158847],[-123.838887,44.158852],[-123.838902,44.158858],[-123.838918,44.158863],[-123.838933,44.158868],[-123.838949,44.158873],[-123.838965,44.158877],[-123.838978,44.158881],[-123.839785,44.158874],[-123.839779,44.159015],[-123.839781,44.159015],[-123.839799,44.159018],[-123.839818,44.159021],[-123.839837,44.159024],[-123.839856,44.159027],[-123.839875,44.15903],[-123.839894,44.159033],[-123.839913,44.159036],[-123.839932,44.159039],[-123.839951,44.159043],[-123.83997,44.159046],[-123.839989,44.15905],[-123.840008,44.159053],[-123.840027,44.159057],[-123.840046,44.159061],[-123.840065,44.159065],[-123.840084,44.159068],[-123.840103,44.159072],[-123.840122,44.159076],[-123.840141,44.15908],[-123.84016,44.159085],[-123.840178,44.159089],[-123.840197,44.159093],[-123.840216,44.159098],[-123.840235,44.159102],[-123.840253,44.159107],[-123.840272,44.159111],[-123.840291,44.159116],[-123.840309,44.159121],[-123.840328,44.159126],[-123.840346,44.159131],[-123.840365,44.159136],[-123.840383,44.159141],[-123.840401,44.159146],[-123.84042,44.159151],[-123.840438,44.159157],[-123.840456,44.159162],[-123.840474,44.159167],[-123.840493,44.159173],[-123.840511,44.159179],[-123.840529,44.159185],[-123.840546,44.15919],[-123.840564,44.159196],[-123.840581,44.159202],[-123.840598,44.159207],[-123.840616,44.159213],[-123.840633,44.159219],[-123.840651,44.159224],[-123.840668,44.15923],[-123.840685,44.159235],[-123.840703,44.159241],[-123.84072,44.159247],[-123.840738,44.159253],[-123.840757,44.159259],[-123.840775,44.159265],[-123.840793,44.159272],[-123.840811,44.159278],[-123.840828,44.159285],[-123.840846,44.159291],[-123.840863,44.159298],[-123.840881,44.159304],[-123.840898,44.159311],[-123.840916,44.159318],[-123.840933,44.159325],[-123.84095,44.159332],[-123.840967,44.159339],[-123.840984,44.159346],[-123.841001,44.159354],[-123.841018,44.159361],[-123.841035,44.159368],[-123.841052,44.159376],[-123.841068,44.159384],[-123.841085,44.159391],[-123.841102,44.159399],[-123.841118,44.159407],[-123.841135,44.159415],[-123.841151,44.159422],[-123.841168,44.15943],[-123.841184,44.159439],[-123.8412,44.159447],[-123.841216,44.159455],[-123.841232,44.159463],[-123.841248,44.159472],[-123.841264,44.15948],[-123.84128,44.159489],[-123.841296,44.159497],[-123.841311,44.159506],[-123.841327,44.159514],[-123.841342,44.159523],[-123.841358,44.159532],[-123.841373,44.159541],[-123.841388,44.15955],[-123.841404,44.159559],[-123.841419,44.159568],[-123.841434,44.159577],[-123.841449,44.159586],[-123.841464,44.159595],[-123.841479,44.159605],[-123.841493,44.159614],[-123.841509,44.159624],[-123.841524,44.159634],[-123.841538,44.159644],[-123.841553,44.159653],[-123.841567,44.159663],[-123.841581,44.159673],[-123.841595,44.159684],[-123.841609,44.159694],[-123.841623,44.159704],[-123.841637,44.159714],[-123.841651,44.159725],[-123.841664,44.159735],[-123.841678,44.159746],[-123.841691,44.159756],[-123.841705,44.159767],[-123.841718,44.159778],[-123.841731,44.159789],[-123.841744,44.1598],[-123.841757,44.159811],[-123.841769,44.159822],[-123.841781,44.159832],[-123.841793,44.159843],[-123.841805,44.159853],[-123.841817,44.159864],[-123.841829,44.159875],[-123.841842,44.159885],[-123.841854,44.159896],[-123.841866,44.159906],[-123.841878,44.159917],[-123.84189,44.159928],[-123.841902,44.159938],[-123.841914,44.159949],[-123.841926,44.159959],[-123.841938,44.15997],[-123.84195,44.159981],[-123.841963,44.159991],[-123.841975,44.160002],[-123.841987,44.160012],[-123.841999,44.160023],[-123.842011,44.160034],[-123.842023,44.160044],[-123.842035,44.160055],[-123.842047,44.160065],[-123.842059,44.160076],[-123.842071,44.160087],[-123.842083,44.160097],[-123.842096,44.160108],[-123.842109,44.16012],[-123.842121,44.160131],[-123.842133,44.160142],[-123.842145,44.160154],[-123.842157,44.160165],[-123.842168,44.160176],[-123.84218,44.160187],[-123.842192,44.160199],[-123.842203,44.16021],[-123.842215,44.160221],[-123.842226,44.160233],[-123.842237,44.160244],[-123.842248,44.160256],[-123.84226,44.160267],[-123.842271,44.160279],[-123.842282,44.160291],[-123.842293,44.160302],[-123.842304,44.160314],[-123.842314,44.160325],[-123.842325,44.160337],[-123.842336,44.160349],[-123.842347,44.160361],[-123.842357,44.160372],[-123.842368,44.160384],[-123.842378,44.160396],[-123.842389,44.160409],[-123.842399,44.160421],[-123.842409,44.160433],[-123.842419,44.160445],[-123.842429,44.160457],[-123.842438,44.160469],[-123.842448,44.16048],[-123.842458,44.160492],[-123.842468,44.160504],[-123.842477,44.160516],[-123.842487,44.160528],[-123.842497,44.160539],[-123.842507,44.160551],[-123.842516,44.160563],[-123.842526,44.160575],[-123.842536,44.160587],[-123.842546,44.160598],[-123.842555,44.16061],[-123.842565,44.160622],[-123.842567,44.160625],[-123.844665,44.160603],[-123.844506,44.164158],[-123.844347,44.167713],[-123.844187,44.171291],[-123.844144,44.173107],[-123.844145,44.17311],[-123.844151,44.173123],[-123.844156,44.173136],[-123.844162,44.173149],[-123.844167,44.173162],[-123.844173,44.173175],[-123.844179,44.173188],[-123.844184,44.173201],[-123.84419,44.173215],[-123.844195,44.173228],[-123.844201,44.173241],[-123.844207,44.173254],[-123.844212,44.173267],[-123.844218,44.173281],[-123.844224,44.173294],[-123.844229,44.173308],[-123.844234,44.173321],[-123.84424,44.173335],[-123.844245,44.173348],[-123.84425,44.173361],[-123.844255,44.173375],[-123.84426,44.173388],[-123.844265,44.173402],[-123.84427,44.173415],[-123.844275,44.173429],[-123.84428,44.173442],[-123.844285,44.173456],[-123.84429,44.17347],[-123.844295,44.173483],[-123.844299,44.173497],[-123.844304,44.17351],[-123.844308,44.173523],[-123.844313,44.173537],[-123.844317,44.17355],[-123.844322,44.173563],[-123.844326,44.173577],[-123.84433,44.17359],[-123.844335,44.173603],[-123.844339,44.173617],[-123.844344,44.17363],[-123.844348,44.173643],[-123.844353,44.173657],[-123.844357,44.17367],[-123.844362,44.173683],[-123.844366,44.173697],[-123.844371,44.17371],[-123.844375,44.173723],[-123.84438,44.173737],[-123.844384,44.17375],[-123.844389,44.173763],[-123.844393,44.173777],[-123.844398,44.17379],[-123.844402,44.173803],[-123.844407,44.173817],[-123.844411,44.17383],[-123.844416,44.173843],[-123.84442,44.173857],[-123.844425,44.17387],[-123.844429,44.173883],[-123.844434,44.173897],[-123.844438,44.17391],[-123.844443,44.173923],[-123.844447,44.173937],[-123.844452,44.17395],[-123.844456,44.173963],[-123.844461,44.173977],[-123.844465,44.17399],[-123.844469,44.174003],[-123.844474,44.174017],[-123.844478,44.17403],[-123.844483,44.174043],[-123.844487,44.174057],[-123.844492,44.17407],[-123.844496,44.174083],[-123.844501,44.174097],[-123.844505,44.17411],[-123.84451,44.174123],[-123.844514,44.174137],[-123.844519,44.17415],[-123.844523,44.174163],[-123.844528,44.174177],[-123.844532,44.17419],[-123.844537,44.174203],[-123.844541,44.174217],[-123.844546,44.17423],[-123.84455,44.174243],[-123.844555,44.174257],[-123.844559,44.17427],[-123.844564,44.174283],[-123.844568,44.174297],[-123.844573,44.17431],[-123.844577,44.174323],[-123.844582,44.174337],[-123.844586,44.17435],[-123.844591,44.174363],[-123.844595,44.174377],[-123.8446,44.17439],[-123.844604,44.174403],[-123.844609,44.174417],[-123.844613,44.17443],[-123.844617,44.174443],[-123.844622,44.174456],[-123.844626,44.17447],[-123.844631,44.174483],[-123.844635,44.174496],[-123.84464,44.17451],[-123.844644,44.174523],[-123.844649,44.174536],[-123.844653,44.17455],[-123.844658,44.174563],[-123.844662,44.174576],[-123.844667,44.17459],[-123.844671,44.174604],[-123.844676,44.174618],[-123.84468,44.174632],[-123.844684,44.174646],[-123.844688,44.174659],[-123.844692,44.174673],[-123.844696,44.174687],[-123.8447,44.1747],[-123.844704,44.174714],[-123.844707,44.174728],[-123.844711,44.174742],[-123.844714,44.174756],[-123.844718,44.174769],[-123.844721,44.174783],[-123.844725,44.174797],[-123.844728,44.174811],[-123.844731,44.174825],[-123.844734,44.174838],[-123.844737,44.174852],[-123.84474,44.174866],[-123.844743,44.17488],[-123.844746,44.174894],[-123.844749,44.174908],[-123.844751,44.174922],[-123.844754,44.174937],[-123.844756,44.174951],[-123.844758,44.174966],[-123.84476,44.17498],[-123.844762,44.174994],[-123.844763,44.175008],[-123.844765,44.175023],[-123.844766,44.175037],[-123.844767,44.175051],[-123.844768,44.175065],[-123.844769,44.17508],[-123.84477,44.175094],[-123.844771,44.175108],[-123.844771,44.175122],[-123.844772,44.175137],[-123.844772,44.175151],[-123.844772,44.175165],[-123.844772,44.175179],[-123.844772,44.175194],[-123.844772,44.175208],[-123.844771,44.175222],[-123.844771,44.175236],[-123.84477,44.175251],[-123.84477,44.175265],[-123.844769,44.175279],[-123.844767,44.175294],[-123.844766,44.175308],[-123.844765,44.175322],[-123.844763,44.175337],[-123.844762,44.175351],[-123.84476,44.175365],[-123.844758,44.175379],[-123.844756,44.175394],[-123.844753,44.175408],[-123.844751,44.175422],[-123.844748,44.175436],[-123.844746,44.17545],[-123.844743,44.175465],[-123.84474,44.175479],[-123.844736,44.175493],[-123.844733,44.175508],[-123.844728,44.175524],[-123.844724,44.175538],[-123.844719,44.175552],[-123.844715,44.175567],[-123.844709,44.175581],[-123.844704,44.175595],[-123.844699,44.175609],[-123.844693,44.175623],[-123.844687,44.175637],[-123.844681,44.175651],[-123.844674,44.175665],[-123.844668,44.175679],[-123.844661,44.175693],[-123.844654,44.175706],[-123.844647,44.17572],[-123.844639,44.175734],[-123.844632,44.175747],[-123.844625,44.175759],[-123.844618,44.175771],[-123.844611,44.175784],[-123.844604,44.175797],[-123.844597,44.175809],[-123.84459,44.175822],[-123.844583,44.175835],[-123.844576,44.175848],[-123.844569,44.17586],[-123.844562,44.175873],[-123.844555,44.175886],[-123.844548,44.175899],[-123.844541,44.175912],[-123.844534,44.175924],[-123.844527,44.175937],[-123.84452,44.17595],[-123.844514,44.175963],[-123.844507,44.175975],[-123.8445,44.175988],[-123.844493,44.176001],[-123.844486,44.176014],[-123.844479,44.176026],[-123.844472,44.176039],[-123.844465,44.176052],[-123.844458,44.176065],[-123.844451,44.176078],[-123.844444,44.17609],[-123.844437,44.176103],[-123.84443,44.176116],[-123.844423,44.176129],[-123.844416,44.176141],[-123.844409,44.176154],[-123.844402,44.176167],[-123.844395,44.17618],[-123.844388,44.176192],[-123.844381,44.176205],[-123.844374,44.176218],[-123.844367,44.176231],[-123.84436,44.176243],[-123.844353,44.176256],[-123.844346,44.176269],[-123.844339,44.176282],[-123.844332,44.176295],[-123.844326,44.176307],[-123.844319,44.176319],[-123.844313,44.176331],[-123.844307,44.176344],[-123.8443,44.176356],[-123.844294,44.176369],[-123.844288,44.176382],[-123.844282,44.176394],[-123.844276,44.176407],[-123.84427,44.17642],[-123.844264,44.176432],[-123.844258,44.176445],[-123.844253,44.176458],[-123.844247,44.176471],[-123.844241,44.176483],[-123.844236,44.176496],[-123.84423,44.176509],[-123.844225,44.176522],[-123.84422,44.176535],[-123.844215,44.176547],[-123.844209,44.17656],[-123.844204,44.176573],[-123.844199,44.176586],[-123.844194,44.176599],[-123.844189,44.176612],[-123.844185,44.176624],[-123.844181,44.176636],[-123.844177,44.176649],[-123.844173,44.176661],[-123.844169,44.176674],[-123.844165,44.176687],[-123.844161,44.1767],[-123.844158,44.176713],[-123.844155,44.176726],[-123.844152,44.176739],[-123.844148,44.176751],[-123.844146,44.176764],[-123.844143,44.176777],[-123.844141,44.176788],[-123.84414,44.176798],[-123.844139,44.17681],[-123.844138,44.176822],[-123.844138,44.176834],[-123.844138,44.176846],[-123.844138,44.176859],[-123.844139,44.176871],[-123.84414,44.176883],[-123.844141,44.176895],[-123.844142,44.176908],[-123.844144,44.17692],[-123.844146,44.176932],[-123.844148,44.176944],[-123.844151,44.176956],[-123.844154,44.176968],[-123.844157,44.17698],[-123.844161,44.176992],[-123.844165,44.177004],[-123.844169,44.177016],[-123.844174,44.177029],[-123.844179,44.177042],[-123.844184,44.177054],[-123.844189,44.177066],[-123.844194,44.177078],[-123.844199,44.17709],[-123.844205,44.177103],[-123.844211,44.177115],[-123.844216,44.177127],[-123.844223,44.177139],[-123.844229,44.17715],[-123.844236,44.177162],[-123.844242,44.177174],[-123.844249,44.177186],[-123.844257,44.177198],[-123.844264,44.17721],[-123.844272,44.177223],[-123.84428,44.177236],[-123.844288,44.177248],[-123.844295,44.177261],[-123.844303,44.177273],[-123.844311,44.177286],[-123.844318,44.177298],[-123.844326,44.177311],[-123.844334,44.177323],[-123.844341,44.177336],[-123.844349,44.177349],[-123.844357,44.177361],[-123.844364,44.177374],[-123.844372,44.177386],[-123.84438,44.177399],[-123.844387,44.177411],[-123.844395,44.177424],[-123.844403,44.177436],[-123.84441,44.177449],[-123.84441,44.177449],[-123.844411,44.17745],[-123.844413,44.17745],[-123.847761,44.1774],[-123.847782,44.176516],[-123.849026,44.176497],[-123.851525,44.17655],[-123.851489,44.178305],[-123.851415,44.181947],[-123.852672,44.181959],[-123.852637,44.183777],[-123.857679,44.183809],[-123.857653,44.185593],[-123.858916,44.185595],[-123.863833,44.185618],[-123.863809,44.189179],[-123.868728,44.189169],[-123.868705,44.192702],[-123.873607,44.192865],[-123.873604,44.20007],[-123.873606,44.200074],[-123.873264,44.200063],[-123.873468,44.200311],[-123.873672,44.200523],[-123.873941,44.200648],[-123.874169,44.200662],[-123.874523,44.200777],[-123.874702,44.20101],[-123.874897,44.201305],[-123.875083,44.201603],[-123.87527,44.201727],[-123.875378,44.201932],[-123.875511,44.202166],[-123.875619,44.202468],[-123.875687,44.202732],[-123.876152,44.202963],[-123.876263,44.203084],[-123.876373,44.20325],[-123.87638,44.203369],[-123.87655,44.203537],[-123.876713,44.20373],[-123.876841,44.203917],[-123.876994,44.204098],[-123.877116,44.204217],[-123.877284,44.204373],[-123.877386,44.204623],[-123.877553,44.20477],[-123.877736,44.204892],[-123.878125,44.204936],[-123.87826,44.204913],[-123.878586,44.204903],[-123.878933,44.204983],[-123.879208,44.20504],[-123.879366,44.205091],[-123.879666,44.205063],[-123.880053,44.205073],[-123.880596,44.205035],[-123.881158,44.205152],[-123.881588,44.205261],[-123.881884,44.205244],[-123.882308,44.205279],[-123.882655,44.205445],[-123.883119,44.205575],[-123.883495,44.205659],[-123.883493,44.205213],[-123.883488,44.204002],[-123.88842,44.204174],[-123.898143,44.204404],[-123.898149,44.207992],[-123.898149,44.207992],[-123.90306,44.208095],[-123.907969,44.208197],[-123.911502,44.208248],[-123.9118,44.208253],[-123.913021,44.20827],[-123.913007,44.209363],[-123.912999,44.209947],[-123.912991,44.210535],[-123.912989,44.210706],[-123.913066,44.21068],[-123.913298,44.210603],[-123.914077,44.210345],[-123.914522,44.210273],[-123.914905,44.210335],[-123.915169,44.210403],[-123.91544,44.210368],[-123.915678,44.210399],[-123.91587,44.210313],[-123.91602,44.210344],[-123.916319,44.210359],[-123.916519,44.210513],[-123.916983,44.210654],[-123.917249,44.210646],[-123.917769,44.21061],[-123.918085,44.210563],[-123.918192,44.210496],[-123.918361,44.210297],[-123.918665,44.210138],[-123.919068,44.210126],[-123.919384,44.210174],[-123.919645,44.210432],[-123.919918,44.210539],[-123.920197,44.210618],[-123.920377,44.210717],[-123.920601,44.21077],[-123.920785,44.210821],[-123.920996,44.210797],[-123.921255,44.210684],[-123.921506,44.210654],[-123.921819,44.210594],[-123.922075,44.210739],[-123.92233,44.210865],[-123.922569,44.211091],[-123.922684,44.211309],[-123.922659,44.211457],[-123.922635,44.211592],[-123.922532,44.211848],[-123.922476,44.21185],[-123.922476,44.211852],[-123.922563,44.211952],[-123.922708,44.211982],[-123.922896,44.212042],[-123.923073,44.2121],[-123.92329,44.212159],[-123.923446,44.212227],[-123.923726,44.212201],[-123.923918,44.212175],[-123.924163,44.212109],[-123.924336,44.21204],[-123.924603,44.211967],[-123.924861,44.211889],[-123.925089,44.211905],[-123.925251,44.211901],[-123.925449,44.211877],[-123.925533,44.211828],[-123.925654,44.211733],[-123.92576,44.211542],[-123.925913,44.211399],[-123.926012,44.211321],[-123.926089,44.211152],[-123.926274,44.210979],[-123.926586,44.21097],[-123.926865,44.21094],[-123.926962,44.210954],[-123.927099,44.2109],[-123.927209,44.211044],[-123.926999,44.211128],[-123.926859,44.211107],[-123.926608,44.211134],[-123.92639,44.211141],[-123.926295,44.21123],[-123.926214,44.211406],[-123.926088,44.211505],[-123.92596,44.211624],[-123.925851,44.211822],[-123.92569,44.211948],[-123.925546,44.212032],[-123.925274,44.212065],[-123.925082,44.21207],[-123.924896,44.212057],[-123.924689,44.21212],[-123.924432,44.21219],[-123.924259,44.212258],[-123.92398,44.212334],[-123.923762,44.212363],[-123.923396,44.212398],[-123.923189,44.212307],[-123.922986,44.212252],[-123.922802,44.212192],[-123.922629,44.212137],[-123.922416,44.212092],[-123.92225,44.211902],[-123.922238,44.211692],[-123.922358,44.211689],[-123.92241,44.211559],[-123.922432,44.211437],[-123.92245,44.211329],[-123.922367,44.211172],[-123.92217,44.210986],[-123.921939,44.210872],[-123.921767,44.210774],[-123.921554,44.210815],[-123.921336,44.210841],[-123.921076,44.210955],[-123.92076,44.21099],[-123.920524,44.210925],[-123.920269,44.210865],[-123.920083,44.210763],[-123.919821,44.210688],[-123.91949,44.210558],[-123.919251,44.210322],[-123.919049,44.210291],[-123.918744,44.2103],[-123.918532,44.210411],[-123.918369,44.210604],[-123.91819,44.210715],[-123.917804,44.210773],[-123.917265,44.210811],[-123.916942,44.21082],[-123.916385,44.210651],[-123.916213,44.210519],[-123.91598,44.210507],[-123.915904,44.210492],[-123.915725,44.210572],[-123.915439,44.210536],[-123.91515,44.210572],[-123.914841,44.210494],[-123.914521,44.210442],[-123.914173,44.210494],[-123.913394,44.210753],[-123.913162,44.21083],[-123.912987,44.210888],[-123.912983,44.211198],[-123.913244,44.211447],[-123.914329,44.21175],[-123.914629,44.21195],[-123.916659,44.212363],[-123.916877,44.212571],[-123.916889,44.212747],[-123.916734,44.21284],[-123.914456,44.212602],[-123.914167,44.212446],[-123.912892,44.212259],[-123.912402,44.212],[-123.911806,44.211871],[-123.911795,44.211862],[-123.907882,44.211835],[-123.898155,44.211622],[-123.893313,44.211516],[-123.888471,44.211412],[-123.888445,44.207792],[-123.883502,44.20761],[-123.883495,44.205832],[-123.883465,44.205825],[-123.883044,44.205731],[-123.882548,44.205592],[-123.882227,44.205438],[-123.88188,44.20541],[-123.881557,44.205428],[-123.881088,44.205309],[-123.880575,44.205202],[-123.880059,44.205237],[-123.879677,44.205227],[-123.879331,44.20526],[-123.879129,44.205195],[-123.878866,44.20514],[-123.878555,44.205069],[-123.878291,44.205076],[-123.878134,44.205104],[-123.877632,44.205047],[-123.877386,44.204884],[-123.877179,44.204702],[-123.877076,44.204449],[-123.876933,44.204316],[-123.876804,44.204189],[-123.876641,44.203997],[-123.876512,44.203809],[-123.876359,44.203629],[-123.876154,44.203426],[-123.876146,44.203291],[-123.876063,44.203165],[-123.875985,44.20308],[-123.875479,44.202829],[-123.875396,44.202504],[-123.875293,44.202218],[-123.875165,44.201992],[-123.875075,44.201821],[-123.874893,44.201701],[-123.87469,44.201374],[-123.874498,44.201086],[-123.874359,44.200904],[-123.874111,44.200824],[-123.873865,44.200809],[-123.873529,44.200652],[-123.873276,44.2004],[-123.873047,44.200122],[-123.873011,44.200055],[-123.873009,44.200055],[-123.870618,44.199977],[-123.868665,44.199923],[-123.868693,44.196317],[-123.86376,44.196351],[-123.858834,44.196387],[-123.858862,44.192767],[-123.858889,44.189188],[-123.853869,44.189198],[-123.853866,44.185588],[-123.851472,44.185585],[-123.850483,44.185583],[-123.850293,44.185583],[-123.85007,44.185583],[-123.850111,44.189205],[-123.84885,44.189207],[-123.848254,44.189211],[-123.848297,44.189462],[-123.847944,44.189737],[-123.847867,44.19003],[-123.847669,44.190108],[-123.847511,44.190267],[-123.847521,44.190444],[-123.847409,44.190697],[-123.847282,44.190921],[-123.847287,44.191009],[-123.847157,44.191195],[-123.847221,44.191372],[-123.84717,44.191578],[-123.847151,44.191768],[-123.847108,44.191964],[-123.847203,44.192144],[-123.847219,44.192535],[-123.847227,44.192679],[-123.847342,44.192792],[-123.847444,44.193005],[-123.847604,44.193195],[-123.847717,44.19353],[-123.847731,44.193772],[-123.847753,44.194166],[-123.84762,44.194495],[-123.847577,44.194744],[-123.847511,44.195122],[-123.847525,44.195376],[-123.84748,44.195632],[-123.847492,44.195845],[-123.847423,44.196157],[-123.847523,44.196454],[-123.847622,44.196679],[-123.847717,44.19686],[-123.847821,44.196996],[-123.847832,44.197193],[-123.847922,44.197363],[-123.848022,44.197494],[-123.848096,44.197765],[-123.848335,44.198041],[-123.848559,44.198272],[-123.848642,44.198405],[-123.84859,44.198672],[-123.848426,44.199003],[-123.848217,44.199404],[-123.848151,44.199784],[-123.848045,44.200072],[-123.847885,44.200372],[-123.847808,44.200641],[-123.847369,44.201052],[-123.84698,44.201376],[-123.846873,44.201516],[-123.846685,44.201815],[-123.846523,44.202075],[-123.846366,44.202324],[-123.846317,44.202545],[-123.846141,44.202729],[-123.845975,44.202994],[-123.845762,44.20316],[-123.845537,44.203313],[-123.845378,44.203458],[-123.845277,44.203577],[-123.845155,44.203813],[-123.845167,44.204021],[-123.845084,44.204227],[-123.845007,44.204419],[-123.84491,44.204706],[-123.844927,44.205014],[-123.845051,44.205176],[-123.845094,44.205393],[-123.845191,44.205578],[-123.845264,44.205813],[-123.845369,44.206072],[-123.845384,44.206338],[-123.845602,44.206622],[-123.845679,44.206889],[-123.845722,44.207088],[-123.84571,44.207395],[-123.845786,44.207508],[-123.846032,44.207672],[-123.846177,44.207905],[-123.846256,44.208215],[-123.846271,44.208474],[-123.846146,44.208547],[-123.846135,44.208595],[-123.846195,44.208673],[-123.846386,44.208744],[-123.846687,44.208921],[-123.846786,44.20905],[-123.847026,44.20923],[-123.847264,44.209454],[-123.847341,44.209719],[-123.847425,44.209879],[-123.84758,44.209965],[-123.84785,44.210104],[-123.848053,44.210199],[-123.848298,44.210279],[-123.848278,44.210495],[-123.848289,44.210708],[-123.848122,44.210883],[-123.848125,44.210936],[-123.848156,44.211083],[-123.848407,44.211193],[-123.848598,44.211422],[-123.848891,44.211557],[-123.849207,44.211808],[-123.849479,44.21199],[-123.849726,44.21216],[-123.849865,44.212289],[-123.849967,44.212407],[-123.850031,44.212434],[-123.850079,44.212433],[-123.850117,44.212417],[-123.850131,44.212377],[-123.850111,44.212288],[-123.85008,44.212247],[-123.850041,44.212173],[-123.849776,44.211875],[-123.849471,44.211512],[-123.849285,44.211361],[-123.849255,44.211229],[-123.849249,44.211121],[-123.849333,44.211022],[-123.849417,44.210906],[-123.84958,44.210856],[-123.849682,44.21079],[-123.849854,44.210729],[-123.849981,44.210678],[-123.850219,44.210672],[-123.850399,44.210653],[-123.850661,44.210646],[-123.850987,44.21065],[-123.851206,44.210643],[-123.85144,44.21065],[-123.851641,44.210688],[-123.851833,44.210743],[-123.851997,44.210851],[-123.852004,44.210977],[-123.852045,44.211067],[-123.852055,44.211244],[-123.851991,44.21148],[-123.851952,44.211579],[-123.852029,44.211758],[-123.852035,44.211864],[-123.852088,44.211925],[-123.852268,44.212045],[-123.852505,44.212115],[-123.85271,44.212239],[-123.85286,44.21228],[-123.852966,44.212418],[-123.853159,44.212525],[-123.853321,44.212571],[-123.853508,44.212661],[-123.853743,44.212666],[-123.854028,44.212725],[-123.854258,44.21276],[-123.8545,44.212852],[-123.854705,44.212951],[-123.854872,44.213016],[-123.855042,44.213044],[-123.855181,44.21304],[-123.855373,44.212964],[-123.855729,44.212842],[-123.855846,44.212751],[-123.856105,44.212728],[-123.85638,44.212706],[-123.856601,44.2127],[-123.856838,44.212693],[-123.856957,44.212752],[-123.857086,44.212867],[-123.85719,44.212989],[-123.857274,44.213111],[-123.857377,44.213307],[-123.85746,44.213464],[-123.857565,44.213744],[-123.857635,44.213846],[-123.857832,44.214059],[-123.858695,44.214058],[-123.860776,44.214056],[-123.863652,44.214054],[-123.865745,44.214052],[-123.868651,44.214072],[-123.870734,44.214087],[-123.87361,44.214107],[-123.875723,44.214122],[-123.87857,44.214154],[-123.880795,44.214179],[-123.883529,44.214208],[-123.885864,44.214232],[-123.888488,44.214218],[-123.890928,44.214205],[-123.893323,44.214193],[-123.895993,44.21418],[-123.898159,44.21417],[-123.901013,44.214157],[-123.902993,44.214147],[-123.906033,44.214133],[-123.907828,44.214125],[-123.911052,44.214111],[-123.912947,44.214102],[-123.916071,44.214088],[-123.918065,44.214061],[-123.921048,44.214022],[-123.923182,44.213994],[-123.926024,44.213957],[-123.9283,44.213949],[-123.931175,44.21394],[-123.933369,44.213932],[-123.936325,44.213923],[-123.938439,44.213913],[-123.94076,44.213902],[-123.943451,44.213903],[-123.945697,44.213904],[-123.948098,44.213905],[-123.948103,44.212871],[-123.948107,44.211932],[-123.948118,44.209305],[-123.94812,44.208797],[-123.948122,44.208495],[-123.948182,44.205182],[-123.948182,44.20517],[-123.948187,44.204888],[-123.948248,44.201542],[-123.948253,44.201281],[-123.94825,44.197926],[-123.94825,44.197912],[-123.948249,44.197663],[-123.944643,44.197654],[-123.944641,44.194036],[-123.944639,44.190418],[-123.948243,44.190429],[-123.94824,44.187079],[-123.94824,44.186811],[-123.948235,44.183994],[-123.948234,44.183473],[-123.948234,44.183453],[-123.948234,44.183201],[-123.948234,44.183182],[-123.948228,44.179866],[-123.948228,44.179852],[-123.948228,44.17959],[-123.948228,44.179575],[-123.948223,44.17626],[-123.948223,44.17598],[-123.948217,44.172653],[-123.948217,44.172369],[-123.948225,44.169035],[-123.948225,44.168772],[-123.948232,44.165417],[-123.948232,44.165174],[-123.94824,44.161799],[-123.94824,44.161577],[-123.948248,44.158182],[-123.948248,44.157981],[-123.943981,44.157979],[-123.938955,44.157978],[-123.9291,44.158052],[-123.919055,44.158158],[-123.909141,44.158064],[-123.909345,44.150888],[-123.909549,44.143712],[-123.904645,44.143605],[-123.899749,44.143498],[-123.894743,44.143435],[-123.889734,44.143371],[-123.889661,44.139885],[-123.889587,44.136402],[-123.889728,44.129152],[-123.889726,44.129152],[-123.889286,44.12915],[-123.884793,44.12905],[-123.884333,44.129039],[-123.879864,44.128942],[-123.879383,44.128931],[-123.874924,44.128933],[-123.874349,44.128933],[-123.869984,44.128936],[-123.869314,44.128912],[-123.865004,44.128828],[-123.864298,44.128814],[-123.860023,44.128731],[-123.859282,44.128716],[-123.855083,44.12866],[-123.854465,44.128651],[-123.850142,44.128593],[-123.850169,44.132201],[-123.865023,44.132418],[-123.865028,44.133316],[-123.866272,44.133337],[-123.866277,44.134233],[-123.869998,44.134293],[-123.870003,44.13608],[-123.868774,44.136062],[-123.868783,44.137841],[-123.86754,44.137829],[-123.867558,44.141398],[-123.868801,44.1414],[-123.868805,44.142289],[-123.870048,44.142288],[-123.870054,44.143176],[-123.86996,44.146735],[-123.864987,44.146718],[-123.864916,44.149364],[-123.866159,44.149375],[-123.866136,44.150258],[-123.869866,44.150296],[-123.869843,44.151179],[-123.872307,44.151214],[-123.872284,44.152102],[-123.873518,44.15212],[-123.873495,44.15301],[-123.874728,44.15303],[-123.874705,44.153921],[-123.875939,44.153943],[-123.875916,44.154835],[-123.87715,44.154859],[-123.877128,44.155753],[-123.878362,44.155778],[-123.878317,44.15757],[-123.879554,44.157598],[-123.886924,44.157717],[-123.886845,44.159496],[-123.888073,44.159519],[-123.888034,44.16041],[-123.889265,44.160431],[-123.889225,44.161323],[-123.89046,44.161344],[-123.890342,44.16402],[-123.891624,44.164041],[-123.891592,44.164935],[-123.894026,44.164978],[-123.893997,44.165873],[-123.897717,44.165938],[-123.897684,44.166833],[-123.898922,44.166855],[-123.898854,44.168644],[-123.908783,44.16882]]],[[[-123.8409,44.214072],[-123.843856,44.214065],[-123.845841,44.21406],[-123.8459,44.21406],[-123.848772,44.214067],[-123.85083,44.214064],[-123.853736,44.214062],[-123.854442,44.214061],[-123.855806,44.21406],[-123.857557,44.214059],[-123.857437,44.213929],[-123.857349,44.213802],[-123.857242,44.213515],[-123.857163,44.213365],[-123.857063,44.213176],[-123.856989,44.213068],[-123.856899,44.212962],[-123.8568,44.212875],[-123.856771,44.21286],[-123.85661,44.212864],[-123.856397,44.212871],[-123.856131,44.212891],[-123.855958,44.212907],[-123.855867,44.212977],[-123.855477,44.213111],[-123.855244,44.213203],[-123.855021,44.21321],[-123.85479,44.213171],[-123.854586,44.213091],[-123.854382,44.212993],[-123.85418,44.212916],[-123.853973,44.212885],[-123.853707,44.21283],[-123.853435,44.212824],[-123.853214,44.212718],[-123.853045,44.212669],[-123.852789,44.212528],[-123.8527,44.212412],[-123.852592,44.212383],[-123.852385,44.212258],[-123.852143,44.212186],[-123.85191,44.212031],[-123.851809,44.211914],[-123.851802,44.211786],[-123.851713,44.21158],[-123.851769,44.211442],[-123.851825,44.211232],[-123.851817,44.211097],[-123.851776,44.211007],[-123.851772,44.210926],[-123.851709,44.210884],[-123.85157,44.210845],[-123.851406,44.210814],[-123.851205,44.210808],[-123.85099,44.210814],[-123.850664,44.210811],[-123.85042,44.210818],[-123.85024,44.210836],[-123.850044,44.210841],[-123.849959,44.210875],[-123.849812,44.210927],[-123.849704,44.210997],[-123.849582,44.211034],[-123.849532,44.211103],[-123.84948,44.211165],[-123.849483,44.211213],[-123.8495,44.211287],[-123.849656,44.211414],[-123.84997,44.211788],[-123.850246,44.212098],[-123.850288,44.212178],[-123.850331,44.212233],[-123.850364,44.212383],[-123.850316,44.212526],[-123.850142,44.212595],[-123.849973,44.2126],[-123.849803,44.212529],[-123.849677,44.212383],[-123.849556,44.21227],[-123.849323,44.212109],[-123.849044,44.211924],[-123.848742,44.211684],[-123.848429,44.21154],[-123.84824,44.211313],[-123.847946,44.211184],[-123.847897,44.210951],[-123.84789,44.210835],[-123.848058,44.21066],[-123.848048,44.210492],[-123.848059,44.210382],[-123.847943,44.210344],[-123.847721,44.21024],[-123.847444,44.210097],[-123.847234,44.209981],[-123.84712,44.209765],[-123.847051,44.209524],[-123.846852,44.209337],[-123.8466,44.209149],[-123.846508,44.209029],[-123.846259,44.208882],[-123.846028,44.208796],[-123.845897,44.208625],[-123.845933,44.208459],[-123.846037,44.208398],[-123.846028,44.208233],[-123.845957,44.207954],[-123.845842,44.20777],[-123.845598,44.207608],[-123.84548,44.20743],[-123.845492,44.207099],[-123.845454,44.206918],[-123.845385,44.20668],[-123.845158,44.206383],[-123.845142,44.206098],[-123.845042,44.205854],[-123.844971,44.205626],[-123.844871,44.205434],[-123.844831,44.205229],[-123.8447,44.205059],[-123.84468,44.20469],[-123.844786,44.204377],[-123.844864,44.204182],[-123.844937,44.204001],[-123.844925,44.203786],[-123.84507,44.203505],[-123.84519,44.203363],[-123.845368,44.203201],[-123.845599,44.203044],[-123.845782,44.202902],[-123.845941,44.202648],[-123.8461,44.202482],[-123.846145,44.202276],[-123.846314,44.202007],[-123.846477,44.201748],[-123.846669,44.201442],[-123.846791,44.201282],[-123.847191,44.200948],[-123.847594,44.20057],[-123.847665,44.200326],[-123.847827,44.200022],[-123.847926,44.199752],[-123.847994,44.199364],[-123.848211,44.198947],[-123.848366,44.198632],[-123.848406,44.198429],[-123.848359,44.198354],[-123.848144,44.198131],[-123.847879,44.197827],[-123.847804,44.197551],[-123.847714,44.197432],[-123.847605,44.197226],[-123.847595,44.197042],[-123.847509,44.196929],[-123.847406,44.196733],[-123.847302,44.196498],[-123.84719,44.196164],[-123.847262,44.195835],[-123.847251,44.195625],[-123.847295,44.195369],[-123.847281,44.195115],[-123.84735,44.194724],[-123.847396,44.194462],[-123.847523,44.194146],[-123.847502,44.193778],[-123.84749,44.193553],[-123.84739,44.193258],[-123.847235,44.193075],[-123.847137,44.192869],[-123.847001,44.192735],[-123.846991,44.19254],[-123.846975,44.192177],[-123.846872,44.191981],[-123.846923,44.191749],[-123.846942,44.191557],[-123.846987,44.191378],[-123.846913,44.191177],[-123.847056,44.190973],[-123.847052,44.190892],[-123.847194,44.190641],[-123.847291,44.190421],[-123.84728,44.190217],[-123.847513,44.189982],[-123.847662,44.189923],[-123.847731,44.18966],[-123.848057,44.189406],[-123.848024,44.189212],[-123.847601,44.189214],[-123.84757,44.185588],[-123.848815,44.185581],[-123.848826,44.185107],[-123.848826,44.185107],[-123.848826,44.185106],[-123.848786,44.185024],[-123.848831,44.184903],[-123.848831,44.184902],[-123.848851,44.184025],[-123.848858,44.183752],[-123.849755,44.183758],[-123.849759,44.183753],[-123.849769,44.183742],[-123.849778,44.183731],[-123.849788,44.183719],[-123.849798,44.183708],[-123.849808,44.183697],[-123.849818,44.183685],[-123.849827,44.183673],[-123.849837,44.183662],[-123.849846,44.183651],[-123.849856,44.183639],[-123.849865,44.183628],[-123.849874,44.183616],[-123.849883,44.183605],[-123.849892,44.183593],[-123.849901,44.183581],[-123.84991,44.18357],[-123.849919,44.183558],[-123.849927,44.183546],[-123.849936,44.183535],[-123.849945,44.183523],[-123.849953,44.183511],[-123.849962,44.183498],[-123.849971,44.183486],[-123.849979,44.183474],[-123.849987,44.183463],[-123.849995,44.183451],[-123.850003,44.18344],[-123.850011,44.183428],[-123.850018,44.183416],[-123.850026,44.183404],[-123.850033,44.183392],[-123.85004,44.18338],[-123.850047,44.183369],[-123.850054,44.183357],[-123.850061,44.183344],[-123.850068,44.183331],[-123.850074,44.183319],[-123.850081,44.183307],[-123.850087,44.183295],[-123.850092,44.183283],[-123.850098,44.183271],[-123.850103,44.183259],[-123.850109,44.183247],[-123.850113,44.183235],[-123.850118,44.183223],[-123.850123,44.183211],[-123.850127,44.183199],[-123.850131,44.183186],[-123.850134,44.183174],[-123.850138,44.183162],[-123.850141,44.18315],[-123.850144,44.183137],[-123.850147,44.183125],[-123.850149,44.183112],[-123.850152,44.183099],[-123.850154,44.183087],[-123.850156,44.183074],[-123.850158,44.183062],[-123.850159,44.183049],[-123.850161,44.183036],[-123.850162,44.183024],[-123.850162,44.183011],[-123.850163,44.182998],[-123.850163,44.182986],[-123.850164,44.182973],[-123.850164,44.18296],[-123.850163,44.182948],[-123.850163,44.182935],[-123.850162,44.182922],[-123.850161,44.182909],[-123.85016,44.182897],[-123.850159,44.182884],[-123.850157,44.182871],[-123.850156,44.182859],[-123.850154,44.182846],[-123.850152,44.182833],[-123.850149,44.182821],[-123.850147,44.182808],[-123.850144,44.182795],[-123.850141,44.182783],[-123.850138,44.18277],[-123.850134,44.182758],[-123.850131,44.182745],[-123.850127,44.182733],[-123.850123,44.18272],[-123.850119,44.182708],[-123.850114,44.182696],[-123.85011,44.182683],[-123.850105,44.182671],[-123.8501,44.182659],[-123.850095,44.182647],[-123.850089,44.182635],[-123.850084,44.182622],[-123.850078,44.182609],[-123.850072,44.182596],[-123.850066,44.182583],[-123.85006,44.18257],[-123.850054,44.182557],[-123.850048,44.182544],[-123.850042,44.182531],[-123.850036,44.182518],[-123.85003,44.182505],[-123.850024,44.182492],[-123.850018,44.182479],[-123.850012,44.182466],[-123.850006,44.182453],[-123.85,44.18244],[-123.849994,44.182427],[-123.849988,44.182414],[-123.849982,44.182401],[-123.849976,44.182388],[-123.84997,44.182375],[-123.849964,44.182362],[-123.849957,44.182349],[-123.849951,44.182335],[-123.849945,44.182322],[-123.849939,44.182309],[-123.849933,44.182295],[-123.849927,44.182282],[-123.849922,44.182268],[-123.849916,44.182255],[-123.84991,44.182241],[-123.849905,44.182228],[-123.849899,44.182215],[-123.849894,44.182201],[-123.849889,44.182187],[-123.849883,44.182174],[-123.849878,44.18216],[-123.849873,44.182147],[-123.849868,44.182133],[-123.849863,44.182119],[-123.849859,44.182106],[-123.849854,44.182092],[-123.849849,44.182078],[-123.849845,44.182064],[-123.849841,44.18205],[-123.849836,44.182037],[-123.849832,44.182023],[-123.849828,44.182009],[-123.849824,44.181995],[-123.84982,44.181981],[-123.849817,44.181968],[-123.849813,44.181954],[-123.849809,44.181941],[-123.849807,44.181931],[-123.8489,44.181923],[-123.848943,44.180094],[-123.848964,44.179179],[-123.839032,44.179336],[-123.837781,44.179356],[-123.837761,44.180259],[-123.83651,44.180277],[-123.836492,44.181178],[-123.835242,44.181195],[-123.835224,44.182095],[-123.833976,44.182111],[-123.834009,44.180314],[-123.83526,44.180296],[-123.835278,44.179396],[-123.836529,44.179376],[-123.836548,44.178443],[-123.839052,44.178408],[-123.840254,44.17839],[-123.840273,44.177513],[-123.841514,44.177491],[-123.841532,44.176612],[-123.842772,44.17659],[-123.842808,44.174831],[-123.839146,44.174955],[-123.834121,44.175004],[-123.829113,44.175026],[-123.829048,44.178549],[-123.828978,44.182122],[-123.828907,44.185696],[-123.828919,44.188393],[-123.828923,44.189313],[-123.828934,44.192014],[-123.828939,44.19293],[-123.828924,44.195634],[-123.828919,44.19653],[-123.828905,44.199254],[-123.8289,44.20013],[-123.828914,44.20285],[-123.828914,44.202874],[-123.828914,44.202874],[-123.828914,44.202875],[-123.828923,44.203701],[-123.828923,44.203728],[-123.828937,44.206442],[-123.828937,44.20649],[-123.828937,44.20649],[-123.828945,44.207271],[-123.828946,44.207322],[-123.82899,44.210034],[-123.828992,44.210107],[-123.828992,44.210107],[-123.829008,44.210881],[-123.82901,44.210956],[-123.82901,44.210956],[-123.82901,44.210956],[-123.829058,44.214157],[-123.831065,44.214135],[-123.833978,44.214105],[-123.835958,44.214084],[-123.838914,44.214077],[-123.8409,44.214072]]],[[[-123.929546,44.136532],[-123.929566,44.140123],[-123.92958,44.142689],[-123.92958,44.1427],[-123.929656,44.142701],[-123.929659,44.142701],[-123.929958,44.142705],[-123.930164,44.142721],[-123.930329,44.14277],[-123.930343,44.142779],[-123.930527,44.142901],[-123.930582,44.142938],[-123.930965,44.143252],[-123.931308,44.143492],[-123.931572,44.143704],[-123.931578,44.143709],[-123.932015,44.143706],[-123.934471,44.143691],[-123.939383,44.14366],[-123.94429,44.143633],[-123.94808,44.143611],[-123.948065,44.14012],[-123.94802,44.129308],[-123.944507,44.12933],[-123.939488,44.129363],[-123.934504,44.129426],[-123.92952,44.12949],[-123.929546,44.136532]]],[[[-123.842304,44.160628],[-123.8423,44.160623],[-123.842291,44.160612],[-123.842281,44.1606],[-123.842271,44.160588],[-123.842261,44.160576],[-123.842252,44.160565],[-123.842242,44.160553],[-123.842232,44.160541],[-123.842222,44.160529],[-123.842213,44.160517],[-123.842203,44.160506],[-123.842194,44.160494],[-123.842185,44.160484],[-123.842175,44.160473],[-123.842165,44.160461],[-123.842155,44.16045],[-123.842145,44.160439],[-123.842134,44.160428],[-123.842124,44.160417],[-123.842114,44.160406],[-123.842103,44.160394],[-123.842093,44.160383],[-123.842082,44.160372],[-123.842072,44.160361],[-123.842061,44.16035],[-123.84205,44.160339],[-123.84204,44.160328],[-123.842029,44.160318],[-123.842018,44.160307],[-123.842007,44.160296],[-123.841996,44.160285],[-123.841985,44.160274],[-123.841974,44.160264],[-123.841963,44.160253],[-123.841951,44.160242],[-123.84194,44.160232],[-123.841929,44.160221],[-123.841918,44.160212],[-123.841907,44.160202],[-123.841895,44.160191],[-123.841883,44.16018],[-123.841871,44.16017],[-123.841858,44.160159],[-123.841846,44.160149],[-123.841834,44.160138],[-123.841822,44.160127],[-123.84181,44.160117],[-123.841798,44.160106],[-123.841786,44.160096],[-123.841774,44.160085],[-123.841762,44.160074],[-123.84175,44.160064],[-123.841737,44.160053],[-123.841725,44.160043],[-123.841713,44.160032],[-123.841701,44.160021],[-123.841689,44.160011],[-123.841677,44.16],[-123.841665,44.15999],[-123.841653,44.159979],[-123.841641,44.159968],[-123.841629,44.159958],[-123.841617,44.159947],[-123.841604,44.159937],[-123.841592,44.159926],[-123.84158,44.159916],[-123.841569,44.159906],[-123.841557,44.159896],[-123.841546,44.159886],[-123.841533,44.159876],[-123.841521,44.159866],[-123.841509,44.159857],[-123.841497,44.159847],[-123.841484,44.159837],[-123.841472,44.159828],[-123.841459,44.159819],[-123.841447,44.159809],[-123.841434,44.1598],[-123.841421,44.159791],[-123.841408,44.159781],[-123.841395,44.159772],[-123.841381,44.159763],[-123.841368,44.159754],[-123.841355,44.159746],[-123.841342,44.159737],[-123.841328,44.159729],[-123.841314,44.15972],[-123.8413,44.159711],[-123.841286,44.159703],[-123.841272,44.159694],[-123.841258,44.159686],[-123.841244,44.159677],[-123.84123,44.159669],[-123.841215,44.159661],[-123.841201,44.159653],[-123.841186,44.159644],[-123.841172,44.159636],[-123.841157,44.159628],[-123.841142,44.15962],[-123.841128,44.159612],[-123.841113,44.159604],[-123.841098,44.159597],[-123.841083,44.159589],[-123.841068,44.159581],[-123.841053,44.159574],[-123.841038,44.159566],[-123.841023,44.159559],[-123.841008,44.159551],[-123.840992,44.159544],[-123.840977,44.159537],[-123.840962,44.15953],[-123.840946,44.159523],[-123.840931,44.159516],[-123.840915,44.159509],[-123.8409,44.159502],[-123.840884,44.159495],[-123.840868,44.159488],[-123.840852,44.159482],[-123.840836,44.159475],[-123.84082,44.159468],[-123.840804,44.159462],[-123.840788,44.159456],[-123.840772,44.159449],[-123.840756,44.159443],[-123.84074,44.159437],[-123.840724,44.159431],[-123.840707,44.159425],[-123.840691,44.159419],[-123.840674,44.159413],[-123.840658,44.159407],[-123.840643,44.159402],[-123.840626,44.159397],[-123.840609,44.159391],[-123.840592,44.159385],[-123.840574,44.15938],[-123.840557,44.159374],[-123.840539,44.159369],[-123.840522,44.159363],[-123.840505,44.159357],[-123.840487,44.159352],[-123.84047,44.159346],[-123.840453,44.15934],[-123.840435,44.159335],[-123.840418,44.159329],[-123.840402,44.159324],[-123.840385,44.159319],[-123.840368,44.159314],[-123.840351,44.159309],[-123.840334,44.159304],[-123.840317,44.159299],[-123.8403,44.159294],[-123.840283,44.159289],[-123.840266,44.159285],[-123.840248,44.15928],[-123.840231,44.159276],[-123.840214,44.159271],[-123.840197,44.159267],[-123.840179,44.159262],[-123.840162,44.159258],[-123.840145,44.159254],[-123.840127,44.15925],[-123.840109,44.159246],[-123.840092,44.159242],[-123.840074,44.159238],[-123.840057,44.159234],[-123.840039,44.15923],[-123.840021,44.159227],[-123.840003,44.159223],[-123.839986,44.159219],[-123.839968,44.159216],[-123.83995,44.159212],[-123.839932,44.159209],[-123.839914,44.159206],[-123.839896,44.159203],[-123.839878,44.159199],[-123.839861,44.159196],[-123.839843,44.159193],[-123.839825,44.15919],[-123.839807,44.159187],[-123.839788,44.159185],[-123.839772,44.159182],[-123.839708,44.160654],[-123.842304,44.160628]]],[[[-123.916654,44.212665],[-123.916523,44.212506],[-123.914514,44.212098],[-123.914205,44.211892],[-123.913101,44.211584],[-123.912979,44.211468],[-123.912974,44.21187],[-123.912537,44.211867],[-123.912987,44.212105],[-123.914264,44.212292],[-123.914547,44.212445],[-123.916654,44.212665]]],[[[-123.931274,44.143711],[-123.931143,44.143606],[-123.9308,44.143366],[-123.930419,44.143053],[-123.930204,44.142911],[-123.930107,44.142882],[-123.929944,44.14287],[-123.929654,44.142866],[-123.92958,44.142865],[-123.929585,44.143721],[-123.931069,44.143712],[-123.931274,44.143711]]],[[[-123.838537,44.158885],[-123.838524,44.158877],[-123.838509,44.158868],[-123.838493,44.158858],[-123.838477,44.158848],[-123.838462,44.158838],[-123.838447,44.158828],[-123.838432,44.158818],[-123.838418,44.158807],[-123.838403,44.158797],[-123.838389,44.158786],[-123.838375,44.158775],[-123.838361,44.158764],[-123.838347,44.158753],[-123.838334,44.158742],[-123.838321,44.15873],[-123.838308,44.158719],[-123.838295,44.158707],[-123.838283,44.158695],[-123.83827,44.158683],[-123.838258,44.158671],[-123.838247,44.158659],[-123.838236,44.158648],[-123.838225,44.158636],[-123.838214,44.158625],[-123.838203,44.158614],[-123.838193,44.158603],[-123.838182,44.158591],[-123.838171,44.15858],[-123.83816,44.158569],[-123.838149,44.158557],[-123.838138,44.158546],[-123.838128,44.158535],[-123.838117,44.158523],[-123.838106,44.158512],[-123.838095,44.158501],[-123.838084,44.15849],[-123.838074,44.158478],[-123.838063,44.158467],[-123.838052,44.158456],[-123.838041,44.158444],[-123.83803,44.158433],[-123.838019,44.158422],[-123.838009,44.158411],[-123.837998,44.158399],[-123.837987,44.158388],[-123.837976,44.158377],[-123.837965,44.158365],[-123.837955,44.158354],[-123.837944,44.158343],[-123.837933,44.158332],[-123.837922,44.15832],[-123.837911,44.158309],[-123.8379,44.158298],[-123.83789,44.158286],[-123.837878,44.158275],[-123.837866,44.158262],[-123.837855,44.158249],[-123.837844,44.158236],[-123.837834,44.158223],[-123.837823,44.15821],[-123.837813,44.158197],[-123.837804,44.158184],[-123.837794,44.158171],[-123.837785,44.158158],[-123.837776,44.158145],[-123.837768,44.158132],[-123.837759,44.158118],[-123.83775,44.158104],[-123.837742,44.15809],[-123.837734,44.158076],[-123.837727,44.158062],[-123.83772,44.158048],[-123.837713,44.158033],[-123.837707,44.158019],[-123.8377,44.158004],[-123.837695,44.15799],[-123.837689,44.157975],[-123.837685,44.15796],[-123.83768,44.157946],[-123.837676,44.157931],[-123.837672,44.157916],[-123.837668,44.157901],[-123.837665,44.157886],[-123.837662,44.157871],[-123.83766,44.157856],[-123.837658,44.157841],[-123.837656,44.157825],[-123.837655,44.157811],[-123.837654,44.157797],[-123.837653,44.157783],[-123.837652,44.157769],[-123.837651,44.157756],[-123.83765,44.157742],[-123.837649,44.157728],[-123.837648,44.157715],[-123.837647,44.157701],[-123.837646,44.157687],[-123.837645,44.157674],[-123.837644,44.15766],[-123.837643,44.157646],[-123.837642,44.157633],[-123.837641,44.157619],[-123.83764,44.157605],[-123.837638,44.157591],[-123.837637,44.157578],[-123.837636,44.157564],[-123.837635,44.15755],[-123.837634,44.157537],[-123.837633,44.157523],[-123.837632,44.157509],[-123.837631,44.157495],[-123.83763,44.157481],[-123.837629,44.157467],[-123.837628,44.157453],[-123.837628,44.157439],[-123.837627,44.157425],[-123.837626,44.157411],[-123.837626,44.157398],[-123.837625,44.157384],[-123.837625,44.15737],[-123.837624,44.157356],[-123.837624,44.157342],[-123.837624,44.157328],[-123.837623,44.157314],[-123.837623,44.1573],[-123.837623,44.157286],[-123.837623,44.157272],[-123.837623,44.157258],[-123.837623,44.157244],[-123.837624,44.15723],[-123.837624,44.157216],[-123.837624,44.157203],[-123.837624,44.157189],[-123.837624,44.157175],[-123.837624,44.157162],[-123.837624,44.157148],[-123.837624,44.157134],[-123.837624,44.15712],[-123.837625,44.157109],[-123.837381,44.157111],[-123.837299,44.158896],[-123.838537,44.158885]]],[[[-123.861717,44.146715],[-123.861716,44.14673],[-123.861715,44.146745],[-123.861713,44.146759],[-123.861711,44.146774],[-123.861709,44.146789],[-123.861707,44.146802],[-123.861705,44.146815],[-123.861703,44.14683],[-123.8617,44.146845],[-123.861697,44.146861],[-123.861693,44.146876],[-123.861689,44.146891],[-123.861684,44.146906],[-123.861679,44.146922],[-123.861674,44.146937],[-123.861668,44.146951],[-123.861661,44.146968],[-123.861652,44.146985],[-123.861643,44.146999],[-123.861635,44.147012],[-123.861627,44.147025],[-123.861619,44.147038],[-123.861611,44.147051],[-123.861602,44.147064],[-123.861594,44.147076],[-123.861585,44.147089],[-123.861575,44.147104],[-123.861564,44.147118],[-123.861555,44.14713],[-123.861546,44.147141],[-123.861538,44.147152],[-123.86153,44.147164],[-123.861521,44.147175],[-123.861513,44.147187],[-123.861505,44.147198],[-123.861498,44.147209],[-123.861492,44.14722],[-123.861484,44.147233],[-123.861477,44.147245],[-123.861469,44.147258],[-123.861462,44.14727],[-123.861455,44.147283],[-123.861447,44.147295],[-123.861441,44.147306],[-123.861435,44.147317],[-123.861429,44.14733],[-123.861422,44.147343],[-123.861414,44.147357],[-123.861407,44.147371],[-123.861399,44.147384],[-123.861391,44.147398],[-123.861383,44.147411],[-123.861375,44.147424],[-123.861367,44.147438],[-123.861358,44.14745],[-123.86135,44.147463],[-123.861341,44.147476],[-123.861332,44.14749],[-123.861322,44.147503],[-123.861313,44.147516],[-123.861302,44.147529],[-123.861292,44.147542],[-123.861281,44.147555],[-123.861268,44.14757],[-123.861256,44.147582],[-123.862478,44.147588],[-123.862501,44.14671],[-123.861718,44.146707],[-123.861717,44.146715]]],[[[-123.86123,44.147606],[-123.861219,44.147617],[-123.861209,44.147627],[-123.861198,44.147638],[-123.861188,44.147648],[-123.861177,44.147659],[-123.861166,44.147671],[-123.861155,44.147682],[-123.861145,44.147692],[-123.861135,44.147702],[-123.861126,44.147713],[-123.861117,44.147723],[-123.861108,44.147734],[-123.861099,44.147745],[-123.861091,44.147756],[-123.861083,44.147767],[-123.861074,44.147778],[-123.861067,44.147789],[-123.861059,44.1478],[-123.861052,44.147811],[-123.861045,44.147823],[-123.861038,44.147834],[-123.861031,44.147846],[-123.861025,44.147858],[-123.861018,44.147871],[-123.861011,44.147883],[-123.861004,44.147896],[-123.860997,44.147909],[-123.86099,44.147922],[-123.860983,44.147934],[-123.860976,44.147947],[-123.860969,44.14796],[-123.860962,44.147973],[-123.860955,44.147985],[-123.860948,44.147998],[-123.860941,44.148011],[-123.860934,44.148024],[-123.860927,44.148036],[-123.86092,44.148049],[-123.860913,44.148062],[-123.860906,44.148075],[-123.860899,44.148088],[-123.860892,44.1481],[-123.860886,44.14811],[-123.860882,44.14812],[-123.860877,44.148132],[-123.860871,44.148146],[-123.860866,44.148159],[-123.860861,44.148172],[-123.860855,44.148185],[-123.86085,44.148198],[-123.860844,44.148211],[-123.860839,44.148224],[-123.860834,44.148237],[-123.860829,44.14825],[-123.860823,44.148263],[-123.860818,44.148276],[-123.860813,44.14829],[-123.860808,44.148303],[-123.860803,44.148316],[-123.860797,44.148329],[-123.860792,44.148342],[-123.860787,44.148355],[-123.860781,44.148369],[-123.860775,44.148384],[-123.860768,44.148399],[-123.860762,44.148412],[-123.860756,44.148425],[-123.86075,44.148438],[-123.860744,44.148451],[-123.860738,44.148464],[-123.860732,44.148477],[-123.860726,44.14849],[-123.860719,44.148503],[-123.860713,44.148516],[-123.860707,44.148529],[-123.860701,44.148542],[-123.860695,44.148555],[-123.860689,44.148568],[-123.860683,44.148581],[-123.860677,44.148592],[-123.860673,44.148603],[-123.860668,44.148615],[-123.860664,44.148627],[-123.86066,44.148639],[-123.860656,44.148652],[-123.860652,44.148664],[-123.860648,44.148677],[-123.860645,44.148689],[-123.860641,44.148702],[-123.860638,44.148714],[-123.860636,44.148727],[-123.860633,44.14874],[-123.86063,44.148752],[-123.860628,44.148766],[-123.860625,44.14878],[-123.860623,44.148793],[-123.860621,44.148805],[-123.860619,44.148817],[-123.860617,44.148829],[-123.860616,44.148842],[-123.860615,44.148854],[-123.860615,44.148866],[-123.860614,44.148878],[-123.860614,44.14889],[-123.860615,44.148902],[-123.860616,44.148915],[-123.860617,44.148927],[-123.860618,44.148939],[-123.86062,44.148951],[-123.860622,44.148963],[-123.860624,44.148975],[-123.860627,44.148987],[-123.86063,44.148999],[-123.860633,44.149011],[-123.860637,44.149023],[-123.860641,44.149035],[-123.860645,44.149047],[-123.860649,44.149058],[-123.860654,44.14907],[-123.860659,44.149081],[-123.860664,44.149091],[-123.86067,44.149102],[-123.860676,44.149114],[-123.860683,44.149126],[-123.86069,44.149138],[-123.860698,44.149149],[-123.860705,44.149161],[-123.860713,44.149173],[-123.860721,44.149184],[-123.860729,44.149196],[-123.860737,44.149207],[-123.860745,44.149219],[-123.860753,44.14923],[-123.860762,44.149242],[-123.860771,44.149253],[-123.860779,44.149264],[-123.860789,44.149275],[-123.860798,44.149286],[-123.860807,44.149297],[-123.860817,44.149308],[-123.860826,44.149319],[-123.860836,44.14933],[-123.860846,44.14934],[-123.860856,44.149351],[-123.860866,44.149362],[-123.860877,44.149372],[-123.860887,44.149383],[-123.860898,44.149393],[-123.860908,44.149402],[-123.860918,44.149411],[-123.86093,44.149421],[-123.860942,44.149432],[-123.860955,44.149442],[-123.860967,44.149453],[-123.860979,44.149463],[-123.860991,44.149474],[-123.861004,44.149484],[-123.861016,44.149495],[-123.861028,44.149505],[-123.86104,44.149516],[-123.861053,44.149526],[-123.861065,44.149537],[-123.861077,44.149547],[-123.861089,44.149558],[-123.861102,44.149568],[-123.861114,44.149579],[-123.861126,44.149589],[-123.861138,44.1496],[-123.861151,44.14961],[-123.861163,44.149621],[-123.861175,44.149631],[-123.861179,44.149635],[-123.861234,44.147602],[-123.86123,44.147606]]],[[[-123.844102,44.174847],[-123.844065,44.176341],[-123.844065,44.176341],[-123.844066,44.176341],[-123.844072,44.176328],[-123.844079,44.176314],[-123.844085,44.176301],[-123.844092,44.176288],[-123.844098,44.176275],[-123.844105,44.176261],[-123.844112,44.176248],[-123.84412,44.176234],[-123.844126,44.176222],[-123.844133,44.176209],[-123.84414,44.176196],[-123.844147,44.176183],[-123.844154,44.176171],[-123.844161,44.176158],[-123.844168,44.176145],[-123.844175,44.176132],[-123.844182,44.176119],[-123.844189,44.176107],[-123.844196,44.176094],[-123.844203,44.176081],[-123.84421,44.176068],[-123.844217,44.176056],[-123.844224,44.176043],[-123.844231,44.17603],[-123.844238,44.176017],[-123.844245,44.176005],[-123.844252,44.175992],[-123.844259,44.175979],[-123.844266,44.175966],[-123.844273,44.175954],[-123.84428,44.175941],[-123.844287,44.175928],[-123.844294,44.175915],[-123.844301,44.175902],[-123.844308,44.17589],[-123.844315,44.175877],[-123.844322,44.175864],[-123.844329,44.175851],[-123.844336,44.175839],[-123.844342,44.175826],[-123.844349,44.175813],[-123.844356,44.1758],[-123.844363,44.175788],[-123.84437,44.175775],[-123.844377,44.175762],[-123.844384,44.175749],[-123.844391,44.175736],[-123.844398,44.175724],[-123.844405,44.175711],[-123.844413,44.175697],[-123.84442,44.175684],[-123.844427,44.175672],[-123.844433,44.17566],[-123.84444,44.175649],[-123.84444,44.175648],[-123.844446,44.175636],[-123.844452,44.175624],[-123.844458,44.175612],[-123.844463,44.1756],[-123.844469,44.175588],[-123.844474,44.175576],[-123.844479,44.175563],[-123.844484,44.175551],[-123.844488,44.175539],[-123.844493,44.175526],[-123.844497,44.175514],[-123.844501,44.175502],[-123.844505,44.175489],[-123.844508,44.175478],[-123.844511,44.175466],[-123.844514,44.175453],[-123.844516,44.17544],[-123.844519,44.175427],[-123.844522,44.175414],[-123.844524,44.175401],[-123.844526,44.175388],[-123.844528,44.175375],[-123.84453,44.175362],[-123.844532,44.175349],[-123.844534,44.175336],[-123.844535,44.175323],[-123.844537,44.17531],[-123.844538,44.175297],[-123.844539,44.175284],[-123.84454,44.175271],[-123.844541,44.175258],[-123.844542,44.175245],[-123.844542,44.175232],[-123.844543,44.175218],[-123.844543,44.175205],[-123.844543,44.175192],[-123.844543,44.175179],[-123.844543,44.175166],[-123.844543,44.175153],[-123.844543,44.175139],[-123.844543,44.175126],[-123.844542,44.175113],[-123.844542,44.1751],[-123.844541,44.175087],[-123.84454,44.175073],[-123.844539,44.17506],[-123.844538,44.175047],[-123.844537,44.175034],[-123.844535,44.175021],[-123.844534,44.175008],[-123.844532,44.174995],[-123.844531,44.174982],[-123.844529,44.174969],[-123.844527,44.174956],[-123.844525,44.174944],[-123.844522,44.174931],[-123.844519,44.174917],[-123.844517,44.174904],[-123.844514,44.174891],[-123.844511,44.174878],[-123.844508,44.174864],[-123.844505,44.174851],[-123.844502,44.174838],[-123.844499,44.174825],[-123.844496,44.174812],[-123.844493,44.174798],[-123.844489,44.174785],[-123.844486,44.174772],[-123.844483,44.174759],[-123.844479,44.174746],[-123.844475,44.174732],[-123.844472,44.174719],[-123.844468,44.174706],[-123.844464,44.174693],[-123.84446,44.17468],[-123.844457,44.174667],[-123.844453,44.174654],[-123.844449,44.174641],[-123.844444,44.174628],[-123.84444,44.174615],[-123.844436,44.174602],[-123.844431,44.174589],[-123.844427,44.174575],[-123.844422,44.174562],[-123.844418,44.174549],[-123.844413,44.174535],[-123.844409,44.174522],[-123.844404,44.174509],[-123.8444,44.174495],[-123.844395,44.174482],[-123.844391,44.174469],[-123.844386,44.174455],[-123.844382,44.174442],[-123.844377,44.174429],[-123.844373,44.174415],[-123.844368,44.174402],[-123.844364,44.174389],[-123.844359,44.174375],[-123.844355,44.174362],[-123.84435,44.174349],[-123.844346,44.174335],[-123.844341,44.174322],[-123.844337,44.174309],[-123.844332,44.174295],[-123.844328,44.174282],[-123.844323,44.174269],[-123.844319,44.174255],[-123.844315,44.174242],[-123.84431,44.174229],[-123.844306,44.174215],[-123.844301,44.174202],[-123.844297,44.174189],[-123.844292,44.174175],[-123.844288,44.174162],[-123.844283,44.174149],[-123.844279,44.174135],[-123.844274,44.174122],[-123.84427,44.174109],[-123.844265,44.174095],[-123.844261,44.174082],[-123.844256,44.174069],[-123.844252,44.174055],[-123.844247,44.174042],[-123.844243,44.174029],[-123.844238,44.174015],[-123.844234,44.174002],[-123.844229,44.173989],[-123.844225,44.173975],[-123.84422,44.173962],[-123.844216,44.173949],[-123.844211,44.173935],[-123.844207,44.173922],[-123.844202,44.173909],[-123.844198,44.173895],[-123.844193,44.173882],[-123.844189,44.173869],[-123.844184,44.173855],[-123.84418,44.173842],[-123.844176,44.173829],[-123.844171,44.173815],[-123.844167,44.173802],[-123.844162,44.173789],[-123.844158,44.173775],[-123.844153,44.173762],[-123.844149,44.173749],[-123.844144,44.173735],[-123.84414,44.173722],[-123.844135,44.173709],[-123.844131,44.173695],[-123.84413,44.173693],[-123.844102,44.174847]]],[[[-123.85006,44.182002],[-123.850064,44.182014],[-123.850068,44.182027],[-123.850072,44.18204],[-123.850076,44.182053],[-123.850081,44.182066],[-123.850085,44.182079],[-123.85009,44.182092],[-123.850094,44.182105],[-123.850099,44.182118],[-123.850104,44.18213],[-123.850109,44.182143],[-123.850109,44.182143],[-123.850114,44.182156],[-123.850119,44.182169],[-123.850124,44.182182],[-123.85013,44.182195],[-123.850135,44.182208],[-123.85014,44.18222],[-123.850146,44.182233],[-123.85015,44.182243],[-123.850157,44.181935],[-123.85004,44.181934],[-123.850041,44.181936],[-123.850045,44.181949],[-123.850048,44.181963],[-123.850052,44.181976],[-123.850056,44.181989],[-123.85006,44.182002]]],[[[-123.86226,44.15026],[-123.862275,44.150268],[-123.862291,44.150276],[-123.862306,44.150284],[-123.862322,44.150293],[-123.862337,44.150301],[-123.862352,44.150309],[-123.862368,44.150317],[-123.862383,44.150325],[-123.862399,44.150333],[-123.862404,44.150335],[-123.862407,44.150222],[-123.862181,44.15022],[-123.862182,44.15022],[-123.862198,44.150228],[-123.862213,44.150236],[-123.862229,44.150244],[-123.862244,44.150252],[-123.86226,44.15026]]],[[[-123.844043,44.177275],[-123.844038,44.177456],[-123.844164,44.177454],[-123.844163,44.177452],[-123.844155,44.17744],[-123.844147,44.177427],[-123.84414,44.177415],[-123.844132,44.177402],[-123.844124,44.17739],[-123.844117,44.177377],[-123.844109,44.177365],[-123.844101,44.177352],[-123.844094,44.177339],[-123.844086,44.177327],[-123.844078,44.177314],[-123.844071,44.177302],[-123.844063,44.177289],[-123.844059,44.177283],[-123.844055,44.177277],[-123.844048,44.177265],[-123.844043,44.177257],[-123.844043,44.177275]]],[[[-123.850111,44.183648],[-123.850102,44.183661],[-123.850092,44.183673],[-123.850083,44.183685],[-123.850073,44.183698],[-123.850063,44.18371],[-123.850053,44.183722],[-123.850043,44.183734],[-123.850033,44.183747],[-123.850023,44.183759],[-123.850022,44.183759],[-123.850117,44.18376],[-123.85012,44.183637],[-123.850111,44.183648]]]]}},{"type":"Feature","properties":{"MAPTAXLOT":"1610290000100","MAPNUMBER":"16102900","TAXLOT":"100","ACCTNO":"0074292","MAPACRES":552.40572049},"geometry":{"type":"Polygon","coordinates":[[[-123.909345,44.150888],[-123.909141,44.158064],[-123.919055,44.158158],[-123.9291,44.158052],[-123.929319,44.150889],[-123.929585,44.143721],[-123.928307,44.143727],[-123.927046,44.143732],[-123.925778,44.143738],[-123.924521,44.143743],[-123.924404,44.147314],[-123.923141,44.147317],[-123.921883,44.147319],[-123.920626,44.147322],[-123.919368,44.147325],[-123.914404,44.147311],[-123.914511,44.143738],[-123.912971,44.14373],[-123.911451,44.143722],[-123.909549,44.143712],[-123.909345,44.150888]]]}},{"type":"Feature","properties":{"MAPTAXLOT":"1610290000200","MAPNUMBER":"16102900","TAXLOT":"200","ACCTNO":"0074334","MAPACRES":9.85404748},"geometry":{"type":"Polygon","coordinates":[[[-123.921883,44.147319],[-123.923141,44.147317],[-123.923249,44.143748],[-123.921992,44.143754],[-123.921883,44.147319]]]}},{"type":"Feature","properties":{"MAPTAXLOT":"1610290000201","MAPNUMBER":"16102900","TAXLOT":"201","ACCTNO":"1041225","MAPACRES":12.82098918},"geometry":{"type":"Polygon","coordinates":[[[-123.923141,44.147317],[-123.924404,44.147314],[-123.924521,44.143743],[-123.924521,44.14374],[-123.92454,44.143149],[-123.924559,44.142587],[-123.924559,44.142569],[-123.924424,44.142606],[-123.924058,44.142691],[-123.923729,44.142759],[-123.923429,44.142808],[-123.923277,44.142838],[-123.923259,44.143433],[-123.92325,44.143745],[-123.923249,44.143748],[-123.923141,44.147317]]]}},{"type":"Feature","properties":{"MAPTAXLOT":"1610290000300","MAPNUMBER":"16102900","TAXLOT":"300","ACCTNO":"0074359","MAPACRES":11.41650552},"geometry":{"type":"Polygon","coordinates":[[[-123.920626,44.147322],[-123.921883,44.147319],[-123.921992,44.143754],[-123.921992,44.143751],[-123.921996,44.143628],[-123.922013,44.143069],[-123.920935,44.143273],[-123.920748,44.143302],[-123.920748,44.143309],[-123.920729,44.143952],[-123.920626,44.147322]]]}},{"type":"Feature","properties":{"MAPTAXLOT":"1610290000400","MAPNUMBER":"16102900","TAXLOT":"400","ACCTNO":"0074375","MAPACRES":10.9395816},"geometry":{"type":"Polygon","coordinates":[[[-123.919368,44.147325],[-123.920626,44.147322],[-123.920729,44.143952],[-123.920748,44.143309],[-123.920748,44.143302],[-123.920171,44.143391],[-123.919936,44.14341],[-123.919805,44.143403],[-123.919685,44.143362],[-123.919535,44.143292],[-123.919492,44.143265],[-123.919492,44.143272],[-123.919483,44.143764],[-123.919471,44.143956],[-123.919368,44.147325]]]}},{"type":"Feature","properties":{"MAPTAXLOT":"1610300000077","MAPNUMBER":"16103000","TAXLOT":"77","ACCTNO":"000None","MAPACRES":8.41838568},"geometry":{"type":"Polygon","coordinates":[[[-123.931274,44.143711],[-123.931395,44.143808],[-123.931544,44.143953],[-123.931577,44.144004],[-123.931654,44.144123],[-123.931711,44.144235],[-123.931758,44.144318],[-123.931976,44.144702],[-123.932005,44.144753],[-123.932118,44.144952],[-123.932327,44.145242],[-123.932579,44.14547],[-123.932813,44.145616],[-123.933032,44.145751],[-123.93432,44.146427],[-123.934424,44.146482],[-123.934492,44.146518],[-123.934908,44.146766],[-123.935077,44.146934],[-123.935223,44.147146],[-123.93527,44.147271],[-123.935344,44.147464],[-123.935419,44.147731],[-123.935514,44.147903],[-123.935627,44.148044],[-123.935835,44.148253],[-123.936045,44.148406],[-123.936148,44.148468],[-123.936314,44.148568],[-123.936493,44.14864],[-123.936627,44.148668],[-123.936791,44.148672],[-123.936947,44.148683],[-123.937168,44.148718],[-123.937644,44.148789],[-123.937847,44.148827],[-123.938,44.148855],[-123.938306,44.148913],[-123.938474,44.148956],[-123.93861,44.149007],[-123.938739,44.149061],[-123.938979,44.149172],[-123.939554,44.149446],[-123.940141,44.149679],[-123.940508,44.149814],[-123.94077,44.149899],[-123.940952,44.149977],[-123.941003,44.149999],[-123.941199,44.150098],[-123.941383,44.150228],[-123.941545,44.150313],[-123.941726,44.150363],[-123.941928,44.150386],[-123.942119,44.15039],[-123.942369,44.150377],[-123.942393,44.150376],[-123.942599,44.150349],[-123.9428,44.150316],[-123.942905,44.150281],[-123.942975,44.150219],[-123.943035,44.150133],[-123.943043,44.150122],[-123.943057,44.150102],[-123.943069,44.150095],[-123.94318,44.150086],[-123.943286,44.15009],[-123.943371,44.150109],[-123.943467,44.150138],[-123.943659,44.150198],[-123.943848,44.150261],[-123.944145,44.150366],[-123.944566,44.150514],[-123.944776,44.150566],[-123.944827,44.150589],[-123.944865,44.150616],[-123.944903,44.15065],[-123.944921,44.150669],[-123.944926,44.150679],[-123.944927,44.150683],[-123.944927,44.150684],[-123.944917,44.150704],[-123.944903,44.15077],[-123.944913,44.1508],[-123.944918,44.150818],[-123.944922,44.150829],[-123.944972,44.15088],[-123.945032,44.15092],[-123.945052,44.150933],[-123.945152,44.151008],[-123.945244,44.151078],[-123.945433,44.151166],[-123.94559,44.151217],[-123.945817,44.151273],[-123.946016,44.151307],[-123.946044,44.151309],[-123.946268,44.151324],[-123.946419,44.151309],[-123.946434,44.151307],[-123.946489,44.151308],[-123.946546,44.151321],[-123.946653,44.151364],[-123.946802,44.151456],[-123.946914,44.151588],[-123.947204,44.152152],[-123.947418,44.152536],[-123.947525,44.15267],[-123.947578,44.152735],[-123.947686,44.152847],[-123.947828,44.152938],[-123.948014,44.153023],[-123.948169,44.153073],[-123.948239,44.15309],[-123.948238,44.153061],[-123.948236,44.152945],[-123.948236,44.152915],[-123.948123,44.152878],[-123.947967,44.152806],[-123.947858,44.152737],[-123.947771,44.152647],[-123.947624,44.152464],[-123.947417,44.152093],[-123.94712,44.151515],[-123.946978,44.151348],[-123.946784,44.151228],[-123.946637,44.15117],[-123.946528,44.151144],[-123.94642,44.151142],[-123.946263,44.151159],[-123.94613,44.151149],[-123.946053,44.151144],[-123.94588,44.151115],[-123.945674,44.151064],[-123.945543,44.151022],[-123.945391,44.15095],[-123.945301,44.150882],[-123.945212,44.150816],[-123.9452,44.150808],[-123.945185,44.150798],[-123.945144,44.150771],[-123.945136,44.150762],[-123.945138,44.150751],[-123.94514,44.150744],[-123.945148,44.150727],[-123.94516,44.150682],[-123.945147,44.150633],[-123.945125,44.150592],[-123.945087,44.150552],[-123.945035,44.150505],[-123.944968,44.150459],[-123.944875,44.150417],[-123.944654,44.150362],[-123.944149,44.150184],[-123.943946,44.150112],[-123.943753,44.150047],[-123.943555,44.149986],[-123.943449,44.149955],[-123.943328,44.149926],[-123.943172,44.149921],[-123.942978,44.149938],[-123.942922,44.149969],[-123.942876,44.149995],[-123.942831,44.150059],[-123.942782,44.150129],[-123.942761,44.150148],[-123.942727,44.150159],[-123.942553,44.150188],[-123.942364,44.150212],[-123.942315,44.150215],[-123.942114,44.150225],[-123.941949,44.150222],[-123.941786,44.150203],[-123.941655,44.150167],[-123.941532,44.150102],[-123.941346,44.149971],[-123.941127,44.14986],[-123.940958,44.149788],[-123.940875,44.149753],[-123.940607,44.149666],[-123.940248,44.149533],[-123.939673,44.149306],[-123.939104,44.149034],[-123.938858,44.148921],[-123.93872,44.148863],[-123.938566,44.148804],[-123.938373,44.148755],[-123.938057,44.148696],[-123.937853,44.148658],[-123.937695,44.148629],[-123.937216,44.148558],[-123.936983,44.148521],[-123.936807,44.148508],[-123.936663,44.148504],[-123.936581,44.148487],[-123.936444,44.148432],[-123.936199,44.148285],[-123.936155,44.148253],[-123.93601,44.148147],[-123.93582,44.147955],[-123.935721,44.147831],[-123.935639,44.147684],[-123.935566,44.147426],[-123.935507,44.147269],[-123.935437,44.147087],[-123.935273,44.146848],[-123.935077,44.146653],[-123.934632,44.146388],[-123.934474,44.146305],[-123.934427,44.14628],[-123.933602,44.145846],[-123.933174,44.145622],[-123.932962,44.145491],[-123.932744,44.145355],[-123.93252,44.145152],[-123.932385,44.144965],[-123.932326,44.144883],[-123.931992,44.144295],[-123.931924,44.144176],[-123.931865,44.144059],[-123.931741,44.143868],[-123.931578,44.143709],[-123.931274,44.143711]]]}},{"type":"Feature","properties":{"MAPTAXLOT":"1610300000100","MAPNUMBER":"16103000","TAXLOT":"100","ACCTNO":"0074417","MAPACRES":435.87250711},"geometry":{"type":"MultiPolygon","coordinates":[[[[-123.9291,44.158052],[-123.938955,44.157978],[-123.943981,44.157979],[-123.948248,44.157981],[-123.948256,44.154567],[-123.948257,44.154376],[-123.948257,44.154115],[-123.94824,44.15312],[-123.948239,44.153101],[-123.948239,44.15309],[-123.948169,44.153073],[-123.948014,44.153023],[-123.947828,44.152938],[-123.947686,44.152847],[-123.947578,44.152735],[-123.947525,44.15267],[-123.947418,44.152536],[-123.947204,44.152152],[-123.946914,44.151588],[-123.946802,44.151456],[-123.946653,44.151364],[-123.946546,44.151321],[-123.946489,44.151308],[-123.946434,44.151307],[-123.946419,44.151309],[-123.946268,44.151324],[-123.946044,44.151309],[-123.946016,44.151307],[-123.945817,44.151273],[-123.94559,44.151217],[-123.945433,44.151166],[-123.945244,44.151078],[-123.945152,44.151008],[-123.945052,44.150933],[-123.945032,44.15092],[-123.944972,44.15088],[-123.944922,44.150829],[-123.944918,44.150818],[-123.944913,44.1508],[-123.944903,44.15077],[-123.944917,44.150704],[-123.944927,44.150684],[-123.944927,44.150683],[-123.944926,44.150679],[-123.944921,44.150669],[-123.944903,44.15065],[-123.944865,44.150616],[-123.944827,44.150589],[-123.944776,44.150566],[-123.944566,44.150514],[-123.944145,44.150366],[-123.944144,44.150401],[-123.944144,44.150401],[-123.944135,44.150807],[-123.940922,44.150818],[-123.937778,44.150838],[-123.936065,44.150848],[-123.93435,44.150858],[-123.931738,44.150874],[-123.929319,44.150889],[-123.9291,44.158052]]],[[[-123.946528,44.151144],[-123.946637,44.15117],[-123.946784,44.151228],[-123.946978,44.151348],[-123.94712,44.151515],[-123.947417,44.152093],[-123.947624,44.152464],[-123.947771,44.152647],[-123.947858,44.152737],[-123.947967,44.152806],[-123.948123,44.152878],[-123.948236,44.152915],[-123.948201,44.150953],[-123.948197,44.150772],[-123.948142,44.147339],[-123.94814,44.147192],[-123.948082,44.14367],[-123.94808,44.143611],[-123.94429,44.143633],[-123.939383,44.14366],[-123.934471,44.143691],[-123.934428,44.146267],[-123.934427,44.14628],[-123.934474,44.146305],[-123.934632,44.146388],[-123.935077,44.146653],[-123.935273,44.146848],[-123.935437,44.147087],[-123.935507,44.147269],[-123.936189,44.147265],[-123.937902,44.147256],[-123.941046,44.147239],[-123.944212,44.147221],[-123.944149,44.150184],[-123.944654,44.150362],[-123.944875,44.150417],[-123.944968,44.150459],[-123.945035,44.150505],[-123.945087,44.150552],[-123.945125,44.150592],[-123.945147,44.150633],[-123.94516,44.150682],[-123.945148,44.150727],[-123.94514,44.150744],[-123.945138,44.150751],[-123.945136,44.150762],[-123.945144,44.150771],[-123.945185,44.150798],[-123.9452,44.150808],[-123.945212,44.150816],[-123.945301,44.150882],[-123.945391,44.15095],[-123.945543,44.151022],[-123.945674,44.151064],[-123.94588,44.151115],[-123.946053,44.151144],[-123.94613,44.151149],[-123.946263,44.151159],[-123.94642,44.151142],[-123.946528,44.151144]]],[[[-123.934424,44.146511],[-123.934411,44.147275],[-123.935155,44.147271],[-123.93527,44.147271],[-123.935223,44.147146],[-123.935077,44.146934],[-123.934908,44.146766],[-123.934492,44.146518],[-123.934424,44.146482],[-123.934424,44.146511]]]]}},{"type":"Feature","properties":{"MAPTAXLOT":"1610300000200","MAPNUMBER":"16103000","TAXLOT":"200","ACCTNO":"0074458","MAPACRES":38.57554254},"geometry":{"type":"MultiPolygon","coordinates":[[[[-123.931975,44.144733],[-123.931738,44.150874],[-123.93435,44.150858],[-123.934411,44.147275],[-123.934424,44.146511],[-123.934424,44.146482],[-123.93432,44.146427],[-123.933032,44.145751],[-123.932813,44.145616],[-123.932579,44.14547],[-123.932327,44.145242],[-123.932118,44.144952],[-123.932005,44.144753],[-123.931976,44.144702],[-123.931975,44.144733]]],[[[-123.931992,44.144295],[-123.932326,44.144883],[-123.932385,44.144965],[-123.93252,44.145152],[-123.932744,44.145355],[-123.932962,44.145491],[-123.933174,44.145622],[-123.933602,44.145846],[-123.934427,44.14628],[-123.934428,44.146267],[-123.934471,44.143691],[-123.932015,44.143706],[-123.931992,44.144295]]]]}},{"type":"Feature","properties":{"MAPTAXLOT":"1610300000201","MAPNUMBER":"16103000","TAXLOT":"201","ACCTNO":"0074474","MAPACRES":13.11987406},"geometry":{"type":"MultiPolygon","coordinates":[[[[-123.93435,44.150858],[-123.936065,44.150848],[-123.936147,44.1485],[-123.936148,44.148468],[-123.936045,44.148406],[-123.935835,44.148253],[-123.935627,44.148044],[-123.935514,44.147903],[-123.935419,44.147731],[-123.935344,44.147464],[-123.93527,44.147271],[-123.935155,44.147271],[-123.934411,44.147275],[-123.93435,44.150858]]],[[[-123.935566,44.147426],[-123.935639,44.147684],[-123.935721,44.147831],[-123.93582,44.147955],[-123.93601,44.148147],[-123.936155,44.148253],[-123.936189,44.147265],[-123.935507,44.147269],[-123.935566,44.147426]]]]}},{"type":"Feature","properties":{"MAPTAXLOT":"1610300000202","MAPNUMBER":"16103000","TAXLOT":"202","ACCTNO":"0980076","MAPACRES":37.72336009},"geometry":{"type":"MultiPolygon","coordinates":[[[[-123.929319,44.150889],[-123.931738,44.150874],[-123.931975,44.144733],[-123.931976,44.144702],[-123.931758,44.144318],[-123.931711,44.144235],[-123.931654,44.144123],[-123.931577,44.144004],[-123.931544,44.143953],[-123.931395,44.143808],[-123.931274,44.143711],[-123.931069,44.143712],[-123.929585,44.143721],[-123.929319,44.150889]]],[[[-123.931741,44.143868],[-123.931865,44.144059],[-123.931924,44.144176],[-123.931992,44.144295],[-123.932015,44.143706],[-123.931578,44.143709],[-123.931741,44.143868]]]]}},{"type":"Feature","properties":{"MAPTAXLOT":"1610300000300","MAPNUMBER":"16103000","TAXLOT":"300","ACCTNO":"0074482","MAPACRES":12.8163835},"geometry":{"type":"MultiPolygon","coordinates":[[[[-123.936147,44.1485],[-123.936065,44.150848],[-123.937778,44.150838],[-123.937846,44.148872],[-123.937847,44.148827],[-123.937644,44.148789],[-123.937168,44.148718],[-123.936947,44.148683],[-123.936791,44.148672],[-123.936627,44.148668],[-123.936493,44.14864],[-123.936314,44.148568],[-123.936148,44.148468],[-123.936147,44.1485]]],[[[-123.936155,44.148253],[-123.936199,44.148285],[-123.936444,44.148432],[-123.936581,44.148487],[-123.936663,44.148504],[-123.936807,44.148508],[-123.936983,44.148521],[-123.937216,44.148558],[-123.937695,44.148629],[-123.937853,44.148658],[-123.937902,44.147256],[-123.936189,44.147265],[-123.936155,44.148253]]]]}},{"type":"Feature","properties":{"MAPTAXLOT":"1610300000400","MAPNUMBER":"16103000","TAXLOT":"400","ACCTNO":"0074508","MAPACRES":23.46348747},"geometry":{"type":"MultiPolygon","coordinates":[[[[-123.937853,44.148658],[-123.938057,44.148696],[-123.938373,44.148755],[-123.938566,44.148804],[-123.93872,44.148863],[-123.938858,44.148921],[-123.939104,44.149034],[-123.939673,44.149306],[-123.940248,44.149533],[-123.940607,44.149666],[-123.940875,44.149753],[-123.940958,44.149788],[-123.941046,44.147239],[-123.937902,44.147256],[-123.937853,44.148658]]],[[[-123.937846,44.148872],[-123.937778,44.150838],[-123.940922,44.150818],[-123.940948,44.150075],[-123.940952,44.149977],[-123.94077,44.149899],[-123.940508,44.149814],[-123.940141,44.149679],[-123.939554,44.149446],[-123.938979,44.149172],[-123.938739,44.149061],[-123.93861,44.149007],[-123.938474,44.148956],[-123.938306,44.148913],[-123.938,44.148855],[-123.937847,44.148827],[-123.937846,44.148872]]]]}},{"type":"Feature","properties":{"MAPTAXLOT":"1610300000401","MAPNUMBER":"16103000","TAXLOT":"401","ACCTNO":"0074524","MAPACRES":23.79369232},"geometry":{"type":"MultiPolygon","coordinates":[[[[-123.943328,44.149926],[-123.943449,44.149955],[-123.943555,44.149986],[-123.943753,44.150047],[-123.943946,44.150112],[-123.944149,44.150184],[-123.944212,44.147221],[-123.941046,44.147239],[-123.940958,44.149788],[-123.941127,44.14986],[-123.941346,44.149971],[-123.941532,44.150102],[-123.941655,44.150167],[-123.941786,44.150203],[-123.941949,44.150222],[-123.942114,44.150225],[-123.942315,44.150215],[-123.942364,44.150212],[-123.942553,44.150188],[-123.942727,44.150159],[-123.942761,44.150148],[-123.942782,44.150129],[-123.942831,44.150059],[-123.942876,44.149995],[-123.942922,44.149969],[-123.942978,44.149938],[-123.943172,44.149921],[-123.943328,44.149926]]],[[[-123.940922,44.150818],[-123.944135,44.150807],[-123.944144,44.150401],[-123.944144,44.150401],[-123.944145,44.150366],[-123.943848,44.150261],[-123.943659,44.150198],[-123.943467,44.150138],[-123.943371,44.150109],[-123.943286,44.15009],[-123.94318,44.150086],[-123.943069,44.150095],[-123.943057,44.150102],[-123.943043,44.150122],[-123.943035,44.150133],[-123.942975,44.150219],[-123.942905,44.150281],[-123.9428,44.150316],[-123.942599,44.150349],[-123.942393,44.150376],[-123.942369,44.150377],[-123.942119,44.15039],[-123.941928,44.150386],[-123.941726,44.150363],[-123.941545,44.150313],[-123.941383,44.150228],[-123.941199,44.150098],[-123.941003,44.149999],[-123.940952,44.149977],[-123.940948,44.150075],[-123.940922,44.150818]]]]}},{"type":"Feature","properties":{"MAPTAXLOT":"1610320000077","MAPNUMBER":"16103200","TAXLOT":"77","ACCTNO":"000None","MAPACRES":13.87072498},"geometry":{"type":"MultiPolygon","coordinates":[[[[-123.919492,44.143265],[-123.919535,44.143292],[-123.919685,44.143362],[-123.919805,44.143403],[-123.919936,44.14341],[-123.920171,44.143391],[-123.920748,44.143302],[-123.920935,44.143273],[-123.922013,44.143069],[-123.922142,44.143044],[-123.922891,44.142916],[-123.923277,44.142838],[-123.923429,44.142808],[-123.923729,44.142759],[-123.924058,44.142691],[-123.924424,44.142606],[-123.924559,44.142569],[-123.924621,44.142553],[-123.924634,44.142549],[-123.924865,44.142479],[-123.925089,44.1424],[-123.925349,44.142292],[-123.925543,44.142215],[-123.925749,44.142145],[-123.92578,44.142138],[-123.925852,44.142124],[-123.925981,44.142103],[-123.926079,44.142103],[-123.926178,44.142119],[-123.92635,44.142163],[-123.92652,44.142233],[-123.926606,44.142287],[-123.92675,44.142353],[-123.926883,44.142375],[-123.927001,44.142362],[-123.927043,44.142351],[-123.927138,44.142329],[-123.927362,44.142291],[-123.927641,44.142257],[-123.927897,44.142256],[-123.928158,44.142261],[-123.928302,44.142272],[-123.928356,44.142277],[-123.928462,44.14232],[-123.928554,44.142391],[-123.928793,44.142633],[-123.928899,44.142719],[-123.929044,44.142786],[-123.929223,44.142841],[-123.929385,44.142861],[-123.92958,44.142865],[-123.92958,44.1427],[-123.929407,44.142697],[-123.929288,44.142682],[-123.929151,44.14264],[-123.929049,44.142593],[-123.928971,44.14253],[-123.928732,44.142287],[-123.928606,44.14219],[-123.928428,44.142117],[-123.928302,44.142107],[-123.928173,44.142096],[-123.927898,44.142092],[-123.927622,44.142093],[-123.927317,44.14213],[-123.927076,44.14217],[-123.927043,44.142178],[-123.926946,44.142201],[-123.926891,44.142208],[-123.926839,44.142199],[-123.926742,44.142154],[-123.926652,44.142098],[-123.926446,44.142014],[-123.926241,44.14196],[-123.926104,44.141939],[-123.925956,44.141939],[-123.925796,44.141964],[-123.925781,44.141967],[-123.925668,44.14199],[-123.925439,44.142068],[-123.925237,44.142148],[-123.924981,44.142254],[-123.92477,44.142329],[-123.92456,44.142393],[-123.924549,44.142396],[-123.924541,44.142399],[-123.924349,44.14245],[-123.923992,44.142534],[-123.923672,44.142599],[-123.923373,44.142648],[-123.922834,44.142756],[-123.922087,44.142885],[-123.920882,44.143113],[-123.920135,44.143228],[-123.919932,44.143244],[-123.919863,44.143241],[-123.919797,44.143218],[-123.919673,44.14316],[-123.919538,44.143075],[-123.919488,44.143039],[-123.919349,44.142938],[-123.918877,44.142645],[-123.918518,44.142397],[-123.918277,44.142184],[-123.918059,44.142098],[-123.917777,44.142036],[-123.917484,44.142001],[-123.917319,44.141998],[-123.917113,44.142004],[-123.917044,44.142005],[-123.916981,44.141997],[-123.916942,44.141987],[-123.916912,44.141973],[-123.916905,44.141967],[-123.916888,44.141954],[-123.916856,44.141913],[-123.916821,44.141835],[-123.916785,44.141716],[-123.916705,44.141421],[-123.916572,44.14118],[-123.916516,44.141079],[-123.916365,44.140814],[-123.916238,44.140656],[-123.916193,44.140635],[-123.915645,44.140375],[-123.915548,44.14033],[-123.915448,44.14029],[-123.915345,44.140254],[-123.91524,44.140222],[-123.915132,44.140194],[-123.915022,44.14017],[-123.91491,44.140151],[-123.914797,44.140136],[-123.914684,44.140125],[-123.914609,44.140121],[-123.913711,44.14008],[-123.913649,44.140074],[-123.913588,44.140064],[-123.91353,44.140048],[-123.913474,44.140027],[-123.913422,44.140002],[-123.913368,44.139971],[-123.912935,44.139731],[-123.912358,44.139411],[-123.912305,44.139382],[-123.912213,44.139337],[-123.912117,44.139296],[-123.912018,44.139259],[-123.911914,44.139226],[-123.911808,44.139197],[-123.911699,44.139173],[-123.911174,44.139067],[-123.911047,44.139041],[-123.910973,44.139029],[-123.910898,44.139022],[-123.910823,44.13902],[-123.910747,44.139023],[-123.910672,44.139032],[-123.910598,44.139046],[-123.910249,44.139123],[-123.910168,44.139139],[-123.910086,44.139152],[-123.910038,44.139158],[-123.90997,44.139164],[-123.909902,44.139168],[-123.909875,44.139169],[-123.909771,44.139173],[-123.909728,44.139172],[-123.909686,44.139165],[-123.909646,44.139154],[-123.909609,44.139137],[-123.909587,44.139124],[-123.909543,44.139094],[-123.909543,44.139301],[-123.909543,44.139589],[-123.909663,44.13945],[-123.909678,44.139426],[-123.909737,44.139337],[-123.909784,44.139337],[-123.909882,44.139333],[-123.909915,44.139332],[-123.909994,44.139327],[-123.910074,44.13932],[-123.910126,44.139314],[-123.910222,44.139299],[-123.910316,44.13928],[-123.910603,44.139217],[-123.910609,44.139228],[-123.910615,44.139243],[-123.910677,44.139229],[-123.910697,44.139225],[-123.910741,44.139218],[-123.910786,44.139214],[-123.91083,44.139212],[-123.910831,44.139219],[-123.910831,44.13924],[-123.910882,44.139241],[-123.910924,44.139246],[-123.910965,44.139253],[-123.911114,44.139283],[-123.911133,44.139233],[-123.911135,44.13923],[-123.911637,44.139331],[-123.911707,44.139346],[-123.911734,44.139353],[-123.91174,44.139354],[-123.911754,44.139358],[-123.911761,44.13936],[-123.911767,44.139361],[-123.91186,44.139388],[-123.911951,44.139419],[-123.911982,44.139431],[-123.912026,44.139449],[-123.912109,44.139485],[-123.912188,44.139524],[-123.912192,44.139527],[-123.912219,44.139541],[-123.912302,44.139588],[-123.913023,44.139987],[-123.913252,44.140115],[-123.913263,44.140121],[-123.913283,44.140132],[-123.913344,44.140163],[-123.91341,44.140189],[-123.913478,44.14021],[-123.913549,44.140227],[-123.913622,44.140238],[-123.913697,44.140244],[-123.91452,44.140282],[-123.914594,44.140285],[-123.914703,44.140293],[-123.914812,44.140304],[-123.914919,44.140321],[-123.915025,44.140342],[-123.915128,44.140367],[-123.91523,44.140397],[-123.915329,44.140431],[-123.915425,44.140469],[-123.915518,44.140511],[-123.916067,44.140772],[-123.91616,44.140886],[-123.916304,44.14114],[-123.916357,44.141236],[-123.916485,44.141468],[-123.916561,44.141749],[-123.9166,44.141878],[-123.916646,44.14198],[-123.916701,44.142049],[-123.91676,44.142098],[-123.916836,44.142134],[-123.916841,44.142137],[-123.916924,44.142157],[-123.917025,44.14217],[-123.91712,44.142169],[-123.917321,44.142163],[-123.917463,44.142166],[-123.917725,44.142196],[-123.917969,44.14225],[-123.918128,44.142313],[-123.91819,44.142368],[-123.91835,44.142509],[-123.918723,44.142767],[-123.919193,44.143058],[-123.919381,44.143196],[-123.919424,44.143222],[-123.919492,44.143265]]],[[[-123.915996,44.129392],[-123.916199,44.129592],[-123.916423,44.129775],[-123.916973,44.130104],[-123.917127,44.130215],[-123.917175,44.130297],[-123.917173,44.13037],[-123.917069,44.130902],[-123.917033,44.131024],[-123.916992,44.131114],[-123.916948,44.13118],[-123.91683,44.131332],[-123.916735,44.131462],[-123.916414,44.13191],[-123.916318,44.132058],[-123.916212,44.13224],[-123.916132,44.132401],[-123.916064,44.132543],[-123.915973,44.132688],[-123.915803,44.132859],[-123.915633,44.132973],[-123.915425,44.133094],[-123.915283,44.133165],[-123.91476,44.133403],[-123.914527,44.133522],[-123.914297,44.13367],[-123.914118,44.133807],[-123.913846,44.134043],[-123.913698,44.134179],[-123.913592,44.134339],[-123.913545,44.134459],[-123.913497,44.134617],[-123.913405,44.134805],[-123.913253,44.134994],[-123.913117,44.13511],[-123.912982,44.135195],[-123.912806,44.135287],[-123.912624,44.135389],[-123.912464,44.135504],[-123.912351,44.135597],[-123.912115,44.135768],[-123.911949,44.135864],[-123.911543,44.136072],[-123.911076,44.136235],[-123.910766,44.136291],[-123.910299,44.136476],[-123.909544,44.137039],[-123.909541,44.137042],[-123.90954,44.137043],[-123.90954,44.137352],[-123.909541,44.13735],[-123.909573,44.137282],[-123.909717,44.137147],[-123.910439,44.136608],[-123.91085,44.136445],[-123.911154,44.13639],[-123.91166,44.136215],[-123.912087,44.135996],[-123.912268,44.13589],[-123.912519,44.13571],[-123.912631,44.135616],[-123.912776,44.135512],[-123.912943,44.135418],[-123.913125,44.135324],[-123.913281,44.135226],[-123.91344,44.135089],[-123.913614,44.134874],[-123.913717,44.134663],[-123.913767,44.134499],[-123.913806,44.134398],[-123.913893,44.134266],[-123.914024,44.134146],[-123.91429,44.133916],[-123.914456,44.133787],[-123.914669,44.133651],[-123.914888,44.13354],[-123.915409,44.133302],[-123.915562,44.133226],[-123.915782,44.133097],[-123.915976,44.132969],[-123.916172,44.13277],[-123.916277,44.132604],[-123.916348,44.132455],[-123.916425,44.132299],[-123.916526,44.132124],[-123.916619,44.131983],[-123.916938,44.131538],[-123.917031,44.13141],[-123.917151,44.131256],[-123.917205,44.131176],[-123.917254,44.131067],[-123.917294,44.130931],[-123.917401,44.130383],[-123.917405,44.130265],[-123.91732,44.130122],[-123.917127,44.129982],[-123.916582,44.129657],[-123.916378,44.129489],[-123.916239,44.129344],[-123.915937,44.129345],[-123.915996,44.129392]]]]}},{"type":"Feature","properties":{"MAPTAXLOT":"1610320000800","MAPNUMBER":"16103200","TAXLOT":"800","ACCTNO":"0074672","MAPACRES":9.49687109},"geometry":{"type":"MultiPolygon","coordinates":[[[[-123.928302,44.142099],[-123.928302,44.142107],[-123.928428,44.142117],[-123.928606,44.14219],[-123.928732,44.142287],[-123.928971,44.14253],[-123.929049,44.142593],[-123.929151,44.14264],[-123.929288,44.142682],[-123.929407,44.142697],[-123.92958,44.1427],[-123.92958,44.142689],[-123.929566,44.140123],[-123.928296,44.140125],[-123.928302,44.142099]]],[[[-123.928302,44.14229],[-123.928307,44.143724],[-123.928307,44.143727],[-123.929585,44.143721],[-123.92958,44.142865],[-123.929385,44.142861],[-123.929223,44.142841],[-123.929044,44.142786],[-123.928899,44.142719],[-123.928793,44.142633],[-123.928554,44.142391],[-123.928462,44.14232],[-123.928356,44.142277],[-123.928302,44.142272],[-123.928302,44.14229]]]]}},{"type":"Feature","properties":{"MAPTAXLOT":"1610320000801","MAPNUMBER":"16103200","TAXLOT":"801","ACCTNO":"1041233","MAPACRES":9.32553428},"geometry":{"type":"MultiPolygon","coordinates":[[[[-123.92456,44.142393],[-123.92477,44.142329],[-123.924981,44.142254],[-123.925237,44.142148],[-123.925439,44.142068],[-123.925668,44.14199],[-123.925781,44.141967],[-123.925784,44.140129],[-123.924527,44.140131],[-123.92456,44.142393]]],[[[-123.925749,44.142145],[-123.925543,44.142215],[-123.925349,44.142292],[-123.925089,44.1424],[-123.924865,44.142479],[-123.924634,44.142549],[-123.924621,44.142553],[-123.924559,44.142569],[-123.924559,44.142587],[-123.92454,44.143149],[-123.924521,44.14374],[-123.924521,44.143743],[-123.925778,44.143738],[-123.92578,44.142696],[-123.92578,44.14235],[-123.92578,44.142138],[-123.925749,44.142145]]]]}},{"type":"Feature","properties":{"MAPTAXLOT":"1610320000802","MAPNUMBER":"16103200","TAXLOT":"802","ACCTNO":"1041241","MAPACRES":9.50425424},"geometry":{"type":"MultiPolygon","coordinates":[[[[-123.927043,44.142165],[-123.927043,44.142178],[-123.927076,44.14217],[-123.927317,44.14213],[-123.927622,44.142093],[-123.927898,44.142092],[-123.928173,44.142096],[-123.928302,44.142107],[-123.928302,44.142099],[-123.928296,44.140125],[-123.927039,44.140127],[-123.927043,44.142165]]],[[[-123.927362,44.142291],[-123.927138,44.142329],[-123.927043,44.142351],[-123.927046,44.143729],[-123.927046,44.143732],[-123.928307,44.143727],[-123.928307,44.143724],[-123.928302,44.14229],[-123.928302,44.142272],[-123.928158,44.142261],[-123.927897,44.142256],[-123.927641,44.142257],[-123.927362,44.142291]]]]}},{"type":"Feature","properties":{"MAPTAXLOT":"1610320000803","MAPNUMBER":"16103200","TAXLOT":"803","ACCTNO":"1041258","MAPACRES":9.50376548},"geometry":{"type":"MultiPolygon","coordinates":[[[[-123.926104,44.141939],[-123.926241,44.14196],[-123.926446,44.142014],[-123.926652,44.142098],[-123.926742,44.142154],[-123.926839,44.142199],[-123.926891,44.142208],[-123.926946,44.142201],[-123.927043,44.142178],[-123.927043,44.142165],[-123.927039,44.140127],[-123.925784,44.140129],[-123.925781,44.141967],[-123.925796,44.141964],[-123.925956,44.141939],[-123.926104,44.141939]]],[[[-123.92578,44.142696],[-123.925778,44.143738],[-123.927046,44.143732],[-123.927046,44.143729],[-123.927043,44.142351],[-123.927001,44.142362],[-123.926883,44.142375],[-123.92675,44.142353],[-123.926606,44.142287],[-123.92652,44.142233],[-123.92635,44.142163],[-123.926178,44.142119],[-123.926079,44.142103],[-123.925981,44.142103],[-123.925852,44.142124],[-123.92578,44.142138],[-123.92578,44.14235],[-123.92578,44.142696]]]]}},{"type":"Feature","properties":{"MAPTAXLOT":"1610320000804","MAPNUMBER":"16103200","TAXLOT":"804","ACCTNO":"1041266","MAPACRES":2.19480836},"geometry":{"type":"Polygon","coordinates":[[[-123.921992,44.143754],[-123.923249,44.143748],[-123.92325,44.143745],[-123.923259,44.143433],[-123.923277,44.142838],[-123.922891,44.142916],[-123.922142,44.143044],[-123.922013,44.143069],[-123.921996,44.143628],[-123.921992,44.143751],[-123.921992,44.143754]]]}},{"type":"Feature","properties":{"MAPTAXLOT":"1610320000900","MAPNUMBER":"16103200","TAXLOT":"900","ACCTNO":"0074698","MAPACRES":30.47056951},"geometry":{"type":"Polygon","coordinates":[[[-123.919488,44.143039],[-123.919538,44.143075],[-123.919673,44.14316],[-123.919797,44.143218],[-123.919863,44.143241],[-123.919932,44.143244],[-123.920135,44.143228],[-123.920882,44.143113],[-123.922087,44.142885],[-123.922834,44.142756],[-123.923373,44.142648],[-123.923672,44.142599],[-123.923992,44.142534],[-123.924349,44.14245],[-123.924541,44.142399],[-123.924549,44.142396],[-123.92456,44.142393],[-123.924527,44.140131],[-123.919588,44.14014],[-123.919503,44.14014],[-123.919488,44.143035],[-123.919488,44.143039]]]}},{"type":"Feature","properties":{"MAPTAXLOT":"1610320001000","MAPNUMBER":"16103200","TAXLOT":"1000","ACCTNO":"0074714","MAPACRES":465.4322684},"geometry":{"type":"MultiPolygon","coordinates":[[[[-123.910598,44.139046],[-123.910672,44.139032],[-123.910747,44.139023],[-123.910823,44.13902],[-123.910898,44.139022],[-123.910973,44.139029],[-123.911047,44.139041],[-123.911174,44.139067],[-123.911699,44.139173],[-123.911808,44.139197],[-123.911914,44.139226],[-123.912018,44.139259],[-123.912117,44.139296],[-123.912213,44.139337],[-123.912305,44.139382],[-123.912358,44.139411],[-123.912935,44.139731],[-123.913368,44.139971],[-123.913422,44.140002],[-123.913474,44.140027],[-123.91353,44.140048],[-123.913588,44.140064],[-123.913649,44.140074],[-123.913711,44.14008],[-123.914609,44.140121],[-123.914684,44.140125],[-123.914964,44.140126],[-123.919503,44.14014],[-123.919588,44.14014],[-123.924527,44.140131],[-123.925784,44.140129],[-123.927039,44.140127],[-123.928296,44.140125],[-123.929566,44.140123],[-123.929546,44.136532],[-123.92952,44.12949],[-123.924534,44.129427],[-123.919548,44.129365],[-123.916239,44.129344],[-123.916378,44.129489],[-123.916582,44.129657],[-123.917127,44.129982],[-123.91732,44.130122],[-123.917405,44.130265],[-123.917401,44.130383],[-123.917294,44.130931],[-123.917254,44.131067],[-123.917205,44.131176],[-123.917151,44.131256],[-123.917031,44.13141],[-123.916938,44.131538],[-123.916619,44.131983],[-123.916526,44.132124],[-123.916425,44.132299],[-123.916348,44.132455],[-123.916277,44.132604],[-123.916172,44.13277],[-123.915976,44.132969],[-123.915782,44.133097],[-123.915562,44.133226],[-123.915409,44.133302],[-123.914888,44.13354],[-123.914669,44.133651],[-123.914456,44.133787],[-123.91429,44.133916],[-123.914024,44.134146],[-123.913893,44.134266],[-123.913806,44.134398],[-123.913767,44.134499],[-123.913717,44.134663],[-123.913614,44.134874],[-123.91344,44.135089],[-123.913281,44.135226],[-123.913125,44.135324],[-123.912943,44.135418],[-123.912776,44.135512],[-123.912631,44.135616],[-123.912519,44.13571],[-123.912268,44.13589],[-123.912087,44.135996],[-123.91166,44.136215],[-123.911154,44.13639],[-123.91085,44.136445],[-123.910439,44.136608],[-123.909717,44.137147],[-123.909573,44.137282],[-123.909541,44.13735],[-123.90954,44.137352],[-123.909541,44.1376],[-123.909542,44.138641],[-123.909543,44.139082],[-123.909543,44.139094],[-123.909587,44.139124],[-123.909609,44.139137],[-123.909646,44.139154],[-123.909686,44.139165],[-123.909728,44.139172],[-123.909771,44.139173],[-123.909875,44.139169],[-123.909902,44.139168],[-123.90997,44.139164],[-123.910038,44.139158],[-123.910086,44.139152],[-123.910168,44.139139],[-123.910249,44.139123],[-123.910598,44.139046]]],[[[-123.909519,44.129305],[-123.909519,44.12931],[-123.909539,44.13622],[-123.909539,44.136509],[-123.90954,44.137043],[-123.909541,44.137042],[-123.909544,44.137039],[-123.910299,44.136476],[-123.910766,44.136291],[-123.911076,44.136235],[-123.911543,44.136072],[-123.911949,44.135864],[-123.912115,44.135768],[-123.912351,44.135597],[-123.912464,44.135504],[-123.912624,44.135389],[-123.912806,44.135287],[-123.912982,44.135195],[-123.913117,44.13511],[-123.913253,44.134994],[-123.913405,44.134805],[-123.913497,44.134617],[-123.913545,44.134459],[-123.913592,44.134339],[-123.913698,44.134179],[-123.913846,44.134043],[-123.914118,44.133807],[-123.914297,44.13367],[-123.914527,44.133522],[-123.91476,44.133403],[-123.915283,44.133165],[-123.915425,44.133094],[-123.915633,44.132973],[-123.915803,44.132859],[-123.915973,44.132688],[-123.916064,44.132543],[-123.916132,44.132401],[-123.916212,44.13224],[-123.916318,44.132058],[-123.916414,44.13191],[-123.916735,44.131462],[-123.91683,44.131332],[-123.916948,44.13118],[-123.916992,44.131114],[-123.917033,44.131024],[-123.917069,44.130902],[-123.917173,44.13037],[-123.917175,44.130297],[-123.917127,44.130215],[-123.916973,44.130104],[-123.916423,44.129775],[-123.916199,44.129592],[-123.915996,44.129392],[-123.915937,44.129345],[-123.914533,44.129334],[-123.909519,44.129303],[-123.909519,44.129305]]],[[[-123.909678,44.139426],[-123.909663,44.13945],[-123.909543,44.139589],[-123.909543,44.139589],[-123.909544,44.14011],[-123.910862,44.140114],[-123.911243,44.140115],[-123.911448,44.140116],[-123.912968,44.14012],[-123.913263,44.140121],[-123.913252,44.140115],[-123.913023,44.139987],[-123.912302,44.139588],[-123.912219,44.139541],[-123.912192,44.139527],[-123.912188,44.139524],[-123.912109,44.139485],[-123.912026,44.139449],[-123.911982,44.139431],[-123.911951,44.139419],[-123.91186,44.139388],[-123.911767,44.139361],[-123.911761,44.13936],[-123.911754,44.139358],[-123.91174,44.139354],[-123.911734,44.139353],[-123.911707,44.139346],[-123.911637,44.139331],[-123.911135,44.13923],[-123.911133,44.139233],[-123.911114,44.139283],[-123.910965,44.139253],[-123.910924,44.139246],[-123.910882,44.139241],[-123.910831,44.13924],[-123.910831,44.139219],[-123.91083,44.139212],[-123.910786,44.139214],[-123.910741,44.139218],[-123.910697,44.139225],[-123.910677,44.139229],[-123.910615,44.139243],[-123.910609,44.139228],[-123.910603,44.139217],[-123.910316,44.13928],[-123.910222,44.139299],[-123.910126,44.139314],[-123.910074,44.13932],[-123.909994,44.139327],[-123.909915,44.139332],[-123.909882,44.139333],[-123.909784,44.139337],[-123.909737,44.139337],[-123.909678,44.139426]]]]}},{"type":"Feature","properties":{"MAPTAXLOT":"1611000000077","MAPNUMBER":"16110000","TAXLOT":"77","ACCTNO":"000None","MAPACRES":27.74914345},"geometry":{"type":"MultiPolygon","coordinates":[[[[-123.98546,44.166533],[-123.985629,44.166583],[-123.985786,44.166587],[-123.985957,44.166529],[-123.986102,44.166481],[-123.986251,44.166468],[-123.986388,44.166482],[-123.986546,44.166496],[-123.986683,44.166511],[-123.986881,44.166515],[-123.987119,44.166483],[-123.987372,44.166398],[-123.987429,44.166363],[-123.987578,44.16627],[-123.987708,44.166147],[-123.987881,44.165972],[-123.988104,44.165798],[-123.988249,44.165692],[-123.98825,44.165536],[-123.987994,44.165722],[-123.987762,44.165903],[-123.987586,44.166081],[-123.987466,44.166194],[-123.987289,44.166305],[-123.987114,44.166363],[-123.987072,44.166377],[-123.986869,44.166405],[-123.986697,44.166402],[-123.986567,44.166387],[-123.986408,44.166373],[-123.986322,44.166364],[-123.986252,44.166357],[-123.986169,44.166364],[-123.98606,44.166374],[-123.985893,44.16643],[-123.985754,44.166476],[-123.985661,44.166474],[-123.98552,44.166432],[-123.985325,44.16637],[-123.985297,44.166365],[-123.985049,44.166329],[-123.984796,44.166298],[-123.984578,44.166266],[-123.984378,44.166262],[-123.984199,44.166242],[-123.983997,44.166151],[-123.983871,44.166085],[-123.983717,44.166018],[-123.983574,44.16599],[-123.983389,44.165987],[-123.983146,44.166004],[-123.982879,44.166031],[-123.982714,44.166056],[-123.982545,44.166099],[-123.982328,44.166134],[-123.982078,44.16617],[-123.981831,44.166215],[-123.981672,44.166234],[-123.981514,44.166229],[-123.98137,44.166194],[-123.981203,44.166146],[-123.981039,44.166122],[-123.980825,44.166102],[-123.98045,44.166123],[-123.980217,44.16613],[-123.980042,44.166126],[-123.979904,44.166103],[-123.979683,44.166061],[-123.979479,44.166057],[-123.979237,44.166037],[-123.978762,44.165938],[-123.978461,44.165865],[-123.978181,44.165795],[-123.978155,44.165788],[-123.977943,44.165706],[-123.977799,44.165606],[-123.977684,44.165467],[-123.9776,44.165331],[-123.977556,44.165259],[-123.977451,44.165018],[-123.977349,44.164777],[-123.97727,44.164591],[-123.977226,44.164339],[-123.97721,44.164185],[-123.977263,44.164033],[-123.977314,44.163723],[-123.977261,44.163575],[-123.977177,44.163459],[-123.977137,44.163404],[-123.97698,44.16329],[-123.976837,44.163249],[-123.976685,44.163232],[-123.97651,44.163247],[-123.976375,44.163276],[-123.976296,44.163354],[-123.976294,44.163444],[-123.976304,44.163516],[-123.976364,44.163662],[-123.976358,44.163744],[-123.976348,44.163757],[-123.976299,44.163816],[-123.976236,44.163845],[-123.976222,44.163851],[-123.976114,44.163867],[-123.975951,44.163881],[-123.975764,44.163831],[-123.97575,44.163828],[-123.975572,44.163738],[-123.975542,44.16373],[-123.975455,44.163709],[-123.975382,44.163692],[-123.975367,44.163689],[-123.975241,44.163673],[-123.975187,44.163666],[-123.974881,44.163641],[-123.974547,44.163628],[-123.974486,44.163639],[-123.974288,44.163676],[-123.974091,44.163708],[-123.974045,44.163706],[-123.973906,44.163698],[-123.973893,44.163697],[-123.973888,44.163695],[-123.973836,44.163676],[-123.973756,44.163645],[-123.973655,44.163571],[-123.973647,44.163565],[-123.973544,44.16344],[-123.97351,44.163306],[-123.973401,44.163188],[-123.973196,44.163095],[-123.973093,44.163072],[-123.972993,44.16305],[-123.972757,44.163025],[-123.972535,44.163078],[-123.972412,44.163195],[-123.972321,44.163256],[-123.972296,44.163258],[-123.972194,44.163268],[-123.972116,44.163262],[-123.972079,44.163259],[-123.971973,44.163204],[-123.971918,44.163176],[-123.971727,44.163023],[-123.971564,44.162845],[-123.971457,44.162688],[-123.971323,44.162609],[-123.971145,44.162493],[-123.971071,44.162445],[-123.970962,44.16237],[-123.970879,44.162336],[-123.970786,44.162314],[-123.97072,44.162306],[-123.970626,44.16232],[-123.970559,44.162361],[-123.970526,44.1624],[-123.970513,44.162437],[-123.970497,44.162506],[-123.970483,44.162579],[-123.970452,44.162677],[-123.970406,44.162784],[-123.970282,44.163049],[-123.970222,44.16324],[-123.970207,44.163287],[-123.970176,44.163321],[-123.970094,44.163413],[-123.969993,44.163512],[-123.969859,44.163676],[-123.969695,44.163816],[-123.969516,44.163933],[-123.969379,44.164062],[-123.969229,44.164239],[-123.969122,44.16436],[-123.969022,44.164431],[-123.969008,44.164441],[-123.968923,44.164478],[-123.968901,44.164488],[-123.968701,44.164568],[-123.968478,44.164629],[-123.968315,44.164652],[-123.968081,44.164678],[-123.967844,44.164768],[-123.967803,44.164791],[-123.967609,44.164901],[-123.967376,44.165026],[-123.967236,44.165061],[-123.967133,44.165087],[-123.967031,44.165099],[-123.966949,44.16511],[-123.966886,44.165109],[-123.966717,44.165107],[-123.966501,44.165114],[-123.966324,44.165083],[-123.966164,44.165059],[-123.965979,44.165024],[-123.965832,44.165037],[-123.965699,44.165077],[-123.965617,44.165124],[-123.965492,44.165197],[-123.965374,44.165309],[-123.965298,44.165377],[-123.965187,44.165414],[-123.96506,44.165423],[-123.964983,44.165416],[-123.964829,44.165419],[-123.964658,44.165447],[-123.964524,44.165518],[-123.964448,44.165577],[-123.964396,44.165604],[-123.964323,44.165606],[-123.964245,44.165595],[-123.964188,44.165586],[-123.964103,44.165545],[-123.964053,44.165504],[-123.963982,44.165429],[-123.963838,44.165324],[-123.963729,44.165252],[-123.963635,44.165227],[-123.963533,44.165226],[-123.96344,44.16524],[-123.96335,44.165275],[-123.963279,44.165339],[-123.963232,44.165411],[-123.963211,44.165441],[-123.963197,44.165462],[-123.963145,44.165505],[-123.963112,44.165529],[-123.963068,44.165561],[-123.963044,44.165576],[-123.963004,44.165601],[-123.962995,44.165603],[-123.962938,44.16562],[-123.962705,44.165645],[-123.962462,44.165634],[-123.96222,44.165623],[-123.962069,44.165586],[-123.961973,44.165529],[-123.961924,44.16543],[-123.96192,44.165349],[-123.96195,44.165222],[-123.962016,44.165015],[-123.962086,44.164861],[-123.962132,44.164724],[-123.962168,44.164598],[-123.962128,44.164412],[-123.962022,44.16422],[-123.961905,44.16399],[-123.961812,44.163715],[-123.961786,44.163487],[-123.961799,44.163397],[-123.961811,44.163359],[-123.961831,44.163303],[-123.961838,44.163225],[-123.961823,44.163171],[-123.96178,44.163113],[-123.961727,44.163069],[-123.961682,44.163037],[-123.961597,44.163008],[-123.961499,44.163008],[-123.961426,44.163015],[-123.96134,44.163029],[-123.961267,44.163051],[-123.961217,44.163078],[-123.961084,44.163172],[-123.960983,44.163257],[-123.960364,44.163784],[-123.960245,44.163887],[-123.960134,44.163939],[-123.959988,44.163973],[-123.959964,44.163977],[-123.959819,44.163997],[-123.959641,44.163998],[-123.959534,44.163978],[-123.959466,44.163954],[-123.959439,44.163933],[-123.959437,44.16393],[-123.959436,44.16393],[-123.959422,44.163904],[-123.959418,44.16384],[-123.959408,44.163778],[-123.95938,44.163702],[-123.95926,44.163485],[-123.959181,44.163334],[-123.959054,44.16324],[-123.958941,44.163186],[-123.958846,44.163121],[-123.958789,44.163054],[-123.958771,44.162938],[-123.958785,44.162705],[-123.958735,44.162566],[-123.958671,44.162371],[-123.958604,44.16211],[-123.958582,44.161951],[-123.958579,44.161931],[-123.958559,44.161783],[-123.958504,44.16168],[-123.958492,44.161658],[-123.958401,44.161565],[-123.958281,44.161515],[-123.958134,44.16152],[-123.958005,44.16155],[-123.957982,44.161564],[-123.95789,44.161616],[-123.957758,44.161678],[-123.957562,44.161821],[-123.95747,44.161887],[-123.957427,44.161917],[-123.957327,44.16197],[-123.957195,44.161997],[-123.956928,44.161988],[-123.956767,44.161949],[-123.956599,44.161894],[-123.956512,44.161815],[-123.956493,44.161718],[-123.956504,44.16162],[-123.956497,44.161521],[-123.956504,44.161389],[-123.956465,44.16119],[-123.9564,44.161042],[-123.956316,44.160911],[-123.956178,44.160855],[-123.95617,44.160853],[-123.95603,44.160824],[-123.955859,44.160854],[-123.955713,44.160957],[-123.955616,44.161052],[-123.955504,44.161114],[-123.955497,44.161116],[-123.955366,44.161156],[-123.955345,44.161163],[-123.955022,44.161258],[-123.954809,44.161313],[-123.954663,44.161376],[-123.954593,44.161401],[-123.954528,44.161425],[-123.954313,44.161477],[-123.95411,44.16152],[-123.953924,44.161544],[-123.953845,44.161544],[-123.953751,44.161532],[-123.953691,44.161517],[-123.953618,44.161481],[-123.953471,44.161384],[-123.953418,44.161348],[-123.953385,44.161304],[-123.953365,44.161249],[-123.953349,44.161186],[-123.953343,44.161128],[-123.953329,44.160833],[-123.953358,44.160678],[-123.953413,44.160532],[-123.953493,44.160393],[-123.953636,44.160215],[-123.953726,44.160134],[-123.953809,44.160001],[-123.953814,44.159846],[-123.953806,44.159706],[-123.953757,44.159553],[-123.953737,44.159446],[-123.953675,44.159319],[-123.953587,44.159144],[-123.953523,44.158932],[-123.95349,44.158797],[-123.953495,44.15868],[-123.953544,44.158603],[-123.95355,44.158457],[-123.953542,44.15832],[-123.953496,44.157982],[-123.953501,44.157858],[-123.953532,44.157772],[-123.953601,44.157662],[-123.95369,44.15754],[-123.953716,44.157452],[-123.953725,44.157342],[-123.953693,44.157272],[-123.953691,44.157268],[-123.953674,44.157229],[-123.953605,44.157165],[-123.953518,44.157107],[-123.953365,44.157068],[-123.953197,44.157043],[-123.953053,44.157029],[-123.95294,44.157007],[-123.952875,44.156972],[-123.952839,44.156934],[-123.952812,44.156898],[-123.952764,44.15684],[-123.952606,44.156565],[-123.952531,44.156463],[-123.95244,44.156374],[-123.952334,44.156303],[-123.952006,44.156104],[-123.95157,44.155807],[-123.951063,44.155389],[-123.95066,44.154968],[-123.950321,44.154561],[-123.950052,44.154237],[-123.949781,44.153884],[-123.949705,44.153793],[-123.949684,44.153768],[-123.949609,44.153679],[-123.949466,44.153519],[-123.949294,44.153357],[-123.949134,44.153242],[-123.948891,44.153119],[-123.948573,44.153024],[-123.948504,44.153008],[-123.948236,44.152945],[-123.948238,44.153061],[-123.948457,44.153112],[-123.94852,44.153127],[-123.948817,44.153216],[-123.949036,44.153326],[-123.949179,44.15343],[-123.949341,44.153582],[-123.94948,44.153737],[-123.949649,44.153939],[-123.94992,44.154292],[-123.95019,44.154618],[-123.950531,44.155027],[-123.950942,44.155456],[-123.95146,44.155883],[-123.951904,44.156186],[-123.952233,44.156386],[-123.952326,44.156448],[-123.952402,44.156521],[-123.952468,44.156612],[-123.952628,44.156889],[-123.95268,44.156952],[-123.952708,44.15699],[-123.952763,44.157049],[-123.952872,44.157107],[-123.953023,44.157136],[-123.953171,44.157151],[-123.953324,44.157174],[-123.953438,44.157203],[-123.953492,44.157239],[-123.953537,44.157281],[-123.953571,44.157357],[-123.953564,44.157438],[-123.953545,44.157503],[-123.953464,44.157614],[-123.953387,44.157736],[-123.95335,44.157843],[-123.953344,44.157985],[-123.95339,44.158328],[-123.953397,44.158457],[-123.953392,44.158578],[-123.953344,44.158655],[-123.953338,44.158805],[-123.953374,44.158953],[-123.95344,44.159174],[-123.953531,44.159356],[-123.953588,44.159472],[-123.953607,44.159573],[-123.953613,44.159592],[-123.953655,44.159721],[-123.953662,44.159847],[-123.953657,44.159977],[-123.953595,44.160076],[-123.953509,44.160153],[-123.953356,44.160344],[-123.953268,44.160496],[-123.953208,44.160657],[-123.953177,44.160827],[-123.95319,44.161135],[-123.953198,44.1612],[-123.953203,44.161221],[-123.953216,44.161273],[-123.953242,44.161344],[-123.953295,44.161416],[-123.953367,44.161464],[-123.953522,44.161567],[-123.953621,44.161616],[-123.953713,44.161639],[-123.953832,44.161654],[-123.953938,44.161654],[-123.954145,44.161627],[-123.954359,44.161582],[-123.954587,44.161526],[-123.954737,44.161472],[-123.954874,44.161412],[-123.955077,44.16136],[-123.955404,44.161264],[-123.955582,44.161209],[-123.955726,44.16113],[-123.955829,44.161029],[-123.955936,44.160953],[-123.956027,44.160937],[-123.956119,44.160956],[-123.956198,44.160989],[-123.956258,44.161082],[-123.956316,44.161215],[-123.956335,44.161312],[-123.956351,44.161394],[-123.956344,44.161521],[-123.956351,44.161619],[-123.956346,44.161663],[-123.95634,44.161721],[-123.956367,44.16186],[-123.956503,44.161984],[-123.956712,44.162051],[-123.956899,44.162097],[-123.957214,44.162108],[-123.957395,44.162069],[-123.957526,44.162001],[-123.95767,44.161899],[-123.957855,44.161764],[-123.957979,44.161705],[-123.958078,44.161649],[-123.958161,44.161629],[-123.958243,44.161626],[-123.958296,44.161648],[-123.958357,44.16171],[-123.958409,44.161809],[-123.95843,44.161962],[-123.958453,44.162126],[-123.958522,44.162393],[-123.958587,44.162593],[-123.958631,44.162717],[-123.958618,44.162942],[-123.958642,44.16309],[-123.958726,44.16319],[-123.958846,44.163272],[-123.958956,44.163325],[-123.959049,44.163394],[-123.959118,44.163525],[-123.959235,44.163737],[-123.959258,44.163799],[-123.959266,44.163849],[-123.95927,44.163929],[-123.959306,44.16399],[-123.959372,44.164043],[-123.959481,44.164082],[-123.959623,44.164108],[-123.959834,44.164107],[-123.960026,44.16408],[-123.960201,44.164039],[-123.960347,44.163969],[-123.96048,44.163855],[-123.961195,44.163247],[-123.961316,44.163162],[-123.961326,44.163156],[-123.961343,44.163148],[-123.961388,44.163134],[-123.961453,44.163123],[-123.961508,44.163118],[-123.961563,44.163118],[-123.961594,44.163128],[-123.961616,44.163144],[-123.961653,44.163176],[-123.961678,44.163209],[-123.961684,44.163232],[-123.961679,44.163286],[-123.961666,44.163323],[-123.961663,44.163334],[-123.961648,44.163379],[-123.961633,44.163486],[-123.961661,44.163732],[-123.961759,44.164022],[-123.96188,44.164259],[-123.96198,44.164441],[-123.961983,44.164454],[-123.962013,44.164595],[-123.962006,44.164622],[-123.961983,44.1647],[-123.961939,44.164831],[-123.961869,44.164986],[-123.9618,44.165201],[-123.961767,44.165342],[-123.961773,44.165451],[-123.961844,44.165595],[-123.961994,44.165683],[-123.96219,44.165731],[-123.962452,44.165743],[-123.962712,44.165755],[-123.962978,44.165727],[-123.963085,44.165696],[-123.963172,44.165641],[-123.963257,44.16558],[-123.963325,44.165523],[-123.963369,44.165459],[-123.963409,44.165398],[-123.963449,44.165361],[-123.963493,44.165344],[-123.963548,44.165336],[-123.963606,44.165337],[-123.963648,44.165348],[-123.963732,44.165403],[-123.963864,44.165499],[-123.963933,44.165572],[-123.964002,44.165628],[-123.964127,44.165689],[-123.964311,44.165717],[-123.964449,44.165713],[-123.96455,44.165659],[-123.964626,44.1656],[-123.964723,44.165549],[-123.964849,44.165528],[-123.964976,44.165526],[-123.965058,44.165533],[-123.965227,44.165522],[-123.965394,44.165466],[-123.965494,44.165377],[-123.965602,44.165274],[-123.965778,44.165173],[-123.965871,44.165144],[-123.965968,44.165136],[-123.96613,44.165166],[-123.96629,44.16519],[-123.966486,44.165224],[-123.966719,44.165217],[-123.966962,44.16522],[-123.967171,44.165193],[-123.967448,44.165124],[-123.967702,44.164988],[-123.967927,44.16486],[-123.96813,44.164784],[-123.968342,44.16476],[-123.96852,44.164734],[-123.968765,44.164667],[-123.968978,44.164583],[-123.969102,44.164528],[-123.969129,44.164509],[-123.969242,44.16443],[-123.969358,44.164297],[-123.969505,44.164124],[-123.969629,44.164007],[-123.969805,44.163893],[-123.969984,44.16374],[-123.970121,44.163572],[-123.97022,44.163475],[-123.970349,44.163331],[-123.970429,44.163079],[-123.970551,44.162818],[-123.970599,44.162705],[-123.970633,44.162599],[-123.970648,44.162522],[-123.970662,44.16246],[-123.970668,44.162443],[-123.970676,44.162433],[-123.970695,44.162422],[-123.970722,44.162418],[-123.97075,44.162421],[-123.970818,44.162437],[-123.97087,44.162458],[-123.970967,44.162525],[-123.971224,44.162692],[-123.971335,44.162758],[-123.971431,44.162899],[-123.971606,44.16309],[-123.971816,44.163259],[-123.972022,44.163364],[-123.972195,44.163379],[-123.972389,44.16336],[-123.972525,44.163269],[-123.972628,44.163171],[-123.97277,44.163137],[-123.972959,44.163157],[-123.973131,44.163195],[-123.973292,44.163269],[-123.973366,44.163348],[-123.973399,44.163479],[-123.973525,44.163632],[-123.973663,44.163734],[-123.97385,44.163805],[-123.974103,44.163819],[-123.974324,44.163782],[-123.974562,44.163739],[-123.974869,44.163751],[-123.975164,44.163774],[-123.975344,44.163798],[-123.975502,44.163836],[-123.975678,44.163926],[-123.975933,44.163993],[-123.976138,44.163976],[-123.97628,44.163955],[-123.976412,44.163895],[-123.976509,44.163776],[-123.976517,44.163649],[-123.976454,44.163495],[-123.976446,44.163439],[-123.976447,44.163391],[-123.976468,44.163371],[-123.976541,44.163355],[-123.976682,44.163343],[-123.976796,44.163355],[-123.976894,44.163383],[-123.977013,44.16347],[-123.977118,44.163615],[-123.97716,44.16373],[-123.977113,44.164013],[-123.977056,44.164175],[-123.977074,44.16435],[-123.97712,44.164614],[-123.977306,44.16505],[-123.977413,44.165297],[-123.977548,44.165518],[-123.977678,44.165675],[-123.977853,44.165796],[-123.978094,44.165889],[-123.97818,44.165911],[-123.978412,44.165969],[-123.978717,44.166043],[-123.979207,44.166145],[-123.979469,44.166167],[-123.979661,44.16617],[-123.979867,44.16621],[-123.980023,44.166235],[-123.980218,44.16624],[-123.980459,44.166232],[-123.980821,44.166212],[-123.981014,44.16623],[-123.981159,44.166252],[-123.981317,44.166298],[-123.981486,44.166338],[-123.981681,44.166344],[-123.981862,44.166323],[-123.982112,44.166277],[-123.982359,44.166241],[-123.982587,44.166205],[-123.982756,44.166162],[-123.982905,44.16614],[-123.983164,44.166113],[-123.983394,44.166097],[-123.983552,44.1661],[-123.983657,44.16612],[-123.983786,44.166177],[-123.983912,44.166242],[-123.984144,44.166347],[-123.984318,44.166366],[-123.984364,44.166372],[-123.984561,44.166375],[-123.984768,44.166406],[-123.985021,44.166436],[-123.985278,44.166475],[-123.98546,44.166533]]],[[[-123.99446,44.164776],[-123.994707,44.164821],[-123.995006,44.164967],[-123.995463,44.165224],[-123.995737,44.165443],[-123.995813,44.165514],[-123.995825,44.165525],[-123.995828,44.165352],[-123.995567,44.165144],[-123.995096,44.164878],[-123.99477,44.164719],[-123.994483,44.164667],[-123.994201,44.164655],[-123.993907,44.164699],[-123.993579,44.164772],[-123.993156,44.164911],[-123.992775,44.165077],[-123.992497,44.165226],[-123.99233,44.165284],[-123.99207,44.165328],[-123.991889,44.165333],[-123.991778,44.165317],[-123.991647,44.165274],[-123.991436,44.165197],[-123.99127,44.165181],[-123.990963,44.16519],[-123.990787,44.165186],[-123.990525,44.165147],[-123.990315,44.165126],[-123.990049,44.165132],[-123.989326,44.165122],[-123.989063,44.165142],[-123.988832,44.165191],[-123.988546,44.16532],[-123.988366,44.165451],[-123.988569,44.165459],[-123.988642,44.165406],[-123.988896,44.165292],[-123.989092,44.16525],[-123.989333,44.165232],[-123.99005,44.165242],[-123.990306,44.165236],[-123.990499,44.165255],[-123.99077,44.165295],[-123.990964,44.1653],[-123.991263,44.165291],[-123.99139,44.165303],[-123.991581,44.165373],[-123.991731,44.165422],[-123.991877,44.165443],[-123.992091,44.165437],[-123.992381,44.165388],[-123.992576,44.165321],[-123.992861,44.165168],[-123.993227,44.165008],[-123.993633,44.164875],[-123.993945,44.164805],[-123.994213,44.164765],[-123.99446,44.164776]]],[[[-124.060676,44.169158],[-124.060895,44.169173],[-124.061399,44.1692],[-124.063317,44.169156],[-124.063683,44.169159],[-124.063868,44.169137],[-124.064031,44.1691],[-124.06412,44.169074],[-124.064232,44.169051],[-124.06445,44.169021],[-124.064498,44.169017],[-124.064502,44.168906],[-124.064427,44.168912],[-124.064196,44.168944],[-124.06407,44.16897],[-124.06398,44.168997],[-124.063832,44.16903],[-124.063671,44.169049],[-124.063316,44.169046],[-124.061403,44.16909],[-124.060908,44.169064],[-124.060681,44.169048],[-124.060456,44.169053],[-124.060156,44.169085],[-124.059952,44.169099],[-124.059703,44.169096],[-124.059375,44.169077],[-124.05916,44.16907],[-124.058992,44.169056],[-124.058873,44.169044],[-124.058757,44.169025],[-124.058632,44.168996],[-124.05863,44.168996],[-124.05855,44.168973],[-124.058519,44.168962],[-124.0585,44.168954],[-124.058471,44.168932],[-124.058438,44.168898],[-124.058414,44.168866],[-124.05832,44.168645],[-124.058267,44.168551],[-124.058238,44.168475],[-124.058171,44.168393],[-124.058064,44.168315],[-124.057984,44.168248],[-124.057896,44.168184],[-124.057723,44.16801],[-124.057546,44.167873],[-124.05748,44.167829],[-124.057409,44.167789],[-124.057336,44.167756],[-124.057256,44.167728],[-124.057196,44.167691],[-124.05716,44.167662],[-124.057115,44.167619],[-124.057083,44.167579],[-124.05703,44.167452],[-124.057007,44.167355],[-124.057001,44.167253],[-124.056945,44.167145],[-124.05683,44.167054],[-124.056679,44.166982],[-124.056452,44.166909],[-124.05611,44.166846],[-124.05577,44.166816],[-124.05506,44.166837],[-124.054935,44.166849],[-124.054853,44.166867],[-124.054803,44.166889],[-124.054731,44.166933],[-124.054689,44.166958],[-124.054666,44.166969],[-124.054634,44.166979],[-124.054596,44.166984],[-124.05456,44.166981],[-124.054517,44.166964],[-124.054428,44.166921],[-124.054297,44.166869],[-124.054213,44.166836],[-124.05412,44.166807],[-124.054016,44.166781],[-124.053922,44.166763],[-124.053842,44.166756],[-124.053724,44.166747],[-124.05348,44.166727],[-124.053226,44.166718],[-124.052982,44.166709],[-124.052678,44.166685],[-124.052427,44.166661],[-124.052128,44.166618],[-124.05166,44.16653],[-124.051284,44.166412],[-124.05102,44.166323],[-124.050854,44.16627],[-124.050662,44.166245],[-124.050386,44.166254],[-124.050244,44.166281],[-124.050152,44.166309],[-124.050076,44.16635],[-124.050001,44.166395],[-124.049968,44.166404],[-124.049917,44.166406],[-124.049862,44.166404],[-124.049819,44.16639],[-124.049773,44.166365],[-124.049739,44.166343],[-124.04971,44.166313],[-124.049688,44.166281],[-124.04962,44.166172],[-124.049447,44.166036],[-124.049234,44.165903],[-124.049023,44.165842],[-124.048815,44.165801],[-124.048772,44.165792],[-124.04854,44.165765],[-124.048391,44.165732],[-124.048273,44.165672],[-124.048189,44.165629],[-124.048171,44.16562],[-124.048043,44.165599],[-124.047942,44.165595],[-124.047891,44.165591],[-124.047836,44.165571],[-124.047764,44.165541],[-124.047593,44.165442],[-124.047291,44.165337],[-124.047105,44.16527],[-124.046965,44.165251],[-124.046807,44.165242],[-124.046682,44.165233],[-124.046582,44.165207],[-124.046385,44.165114],[-124.046113,44.164954],[-124.045967,44.164845],[-124.045829,44.164721],[-124.045666,44.164554],[-124.045538,44.164428],[-124.045353,44.164312],[-124.045149,44.164181],[-124.044977,44.164094],[-124.044779,44.164013],[-124.044621,44.163925],[-124.04451,44.163816],[-124.044421,44.163701],[-124.044333,44.16354],[-124.044221,44.163437],[-124.044077,44.163334],[-124.04391,44.163231],[-124.043668,44.163119],[-124.043415,44.163006],[-124.043152,44.162928],[-124.042837,44.162856],[-124.042561,44.162811],[-124.042291,44.162805],[-124.042036,44.162812],[-124.041746,44.162835],[-124.041544,44.162855],[-124.041375,44.162841],[-124.041145,44.1628],[-124.04095,44.162769],[-124.040764,44.162775],[-124.040536,44.162796],[-124.040233,44.162856],[-124.039975,44.162926],[-124.039716,44.16299],[-124.039611,44.163027],[-124.039554,44.163078],[-124.039531,44.163132],[-124.039525,44.163195],[-124.039509,44.16324],[-124.0395,44.16325],[-124.039475,44.16326],[-124.03905,44.163333],[-124.0389,44.163345],[-124.038798,44.163345],[-124.038737,44.16334],[-124.038697,44.163337],[-124.038582,44.16332],[-124.038472,44.163317],[-124.038368,44.163327],[-124.038168,44.163346],[-124.038053,44.163384],[-124.037974,44.163418],[-124.037902,44.163459],[-124.037722,44.163538],[-124.037554,44.163595],[-124.03731,44.163635],[-124.037113,44.163647],[-124.036901,44.163627],[-124.036681,44.163595],[-124.036449,44.163541],[-124.036213,44.163464],[-124.035966,44.163364],[-124.035792,44.163305],[-124.035646,44.163272],[-124.035472,44.163248],[-124.03528,44.16324],[-124.03508,44.163246],[-124.034904,44.163266],[-124.034723,44.163323],[-124.034404,44.163439],[-124.032795,44.164344],[-124.032514,44.16452],[-124.032324,44.164655],[-124.032201,44.164713],[-124.032074,44.164736],[-124.031912,44.164754],[-124.031758,44.164752],[-124.031484,44.164733],[-124.031182,44.164694],[-124.030756,44.164583],[-124.029718,44.164218],[-124.029577,44.164166],[-124.029445,44.164131],[-124.029272,44.164122],[-124.029114,44.164077],[-124.02894,44.163999],[-124.028661,44.163794],[-124.028663,44.163952],[-124.028843,44.164085],[-124.029045,44.164176],[-124.029238,44.164231],[-124.029413,44.164239],[-124.029515,44.164266],[-124.029649,44.164316],[-124.030696,44.164684],[-124.031142,44.1648],[-124.031463,44.164842],[-124.031749,44.164861],[-124.031922,44.164863],[-124.032104,44.164843],[-124.032262,44.164815],[-124.03242,44.164741],[-124.032618,44.164601],[-124.032892,44.164428],[-124.034486,44.163532],[-124.034788,44.163422],[-124.034947,44.163372],[-124.035095,44.163355],[-124.035279,44.163349],[-124.035453,44.163357],[-124.035609,44.163379],[-124.035736,44.163407],[-124.035896,44.163462],[-124.036144,44.163563],[-124.036395,44.163643],[-124.036642,44.163701],[-124.036876,44.163736],[-124.037109,44.163758],[-124.037334,44.163743],[-124.037604,44.163699],[-124.037794,44.163634],[-124.037989,44.163549],[-124.038061,44.163509],[-124.038124,44.163481],[-124.038211,44.163453],[-124.038389,44.163436],[-124.03848,44.163427],[-124.038563,44.163429],[-124.038674,44.163445],[-124.038738,44.16345],[-124.038789,44.163454],[-124.038908,44.163455],[-124.039077,44.163441],[-124.039527,44.163363],[-124.03961,44.163333],[-124.039651,44.163282],[-124.039676,44.163214],[-124.039682,44.163152],[-124.039691,44.163131],[-124.039709,44.163115],[-124.039774,44.163092],[-124.040027,44.163029],[-124.04028,44.16296],[-124.040566,44.162904],[-124.040777,44.162885],[-124.040937,44.16288],[-124.041111,44.162907],[-124.041348,44.162949],[-124.041545,44.162965],[-124.041764,44.162944],[-124.042048,44.162922],[-124.042292,44.162915],[-124.042542,44.16292],[-124.042797,44.162962],[-124.043099,44.163031],[-124.043345,44.163104],[-124.043586,44.163211],[-124.043818,44.16332],[-124.043973,44.163414],[-124.044107,44.16351],[-124.044199,44.163595],[-124.044283,44.163748],[-124.044381,44.163875],[-124.04451,44.164003],[-124.044695,44.164104],[-124.044895,44.164187],[-124.045054,44.164267],[-124.045252,44.164394],[-124.045425,44.164502],[-124.045542,44.164618],[-124.045707,44.164787],[-124.045853,44.164917],[-124.046009,44.165034],[-124.046295,44.165203],[-124.046513,44.165305],[-124.046648,44.165341],[-124.046793,44.165351],[-124.046944,44.16536],[-124.047056,44.165375],[-124.047224,44.165436],[-124.047511,44.165535],[-124.047669,44.165627],[-124.047678,44.165632],[-124.047763,44.165667],[-124.047846,44.165698],[-124.04793,44.165704],[-124.048022,44.165708],[-124.048107,44.165722],[-124.048184,44.165762],[-124.048323,44.165832],[-124.048505,44.165872],[-124.048739,44.1659],[-124.048816,44.165915],[-124.048974,44.165946],[-124.049154,44.165998],[-124.04934,44.166115],[-124.049491,44.166233],[-124.04955,44.166328],[-124.049579,44.166369],[-124.049624,44.166416],[-124.049676,44.16645],[-124.049742,44.166485],[-124.049825,44.166512],[-124.049916,44.166516],[-124.049999,44.166513],[-124.050079,44.166492],[-124.050171,44.166436],[-124.050228,44.166405],[-124.050294,44.166385],[-124.050409,44.166363],[-124.050652,44.166355],[-124.050809,44.166375],[-124.050956,44.166423],[-124.051222,44.166512],[-124.05161,44.166634],[-124.052094,44.166724],[-124.052401,44.166769],[-124.052659,44.166794],[-124.05297,44.166818],[-124.053218,44.166827],[-124.053467,44.166836],[-124.053707,44.166856],[-124.053842,44.166867],[-124.053894,44.166871],[-124.053971,44.166886],[-124.054064,44.166909],[-124.054146,44.166935],[-124.054224,44.166965],[-124.054349,44.167015],[-124.054438,44.167058],[-124.054512,44.167087],[-124.054602,44.167096],[-124.054678,44.167084],[-124.054738,44.167067],[-124.054781,44.167046],[-124.054829,44.167017],[-124.054893,44.166978],[-124.054916,44.166968],[-124.054968,44.166956],[-124.055073,44.166947],[-124.055764,44.166926],[-124.056082,44.166954],[-124.056401,44.167013],[-124.056605,44.167079],[-124.056731,44.167138],[-124.056812,44.167203],[-124.056849,44.167275],[-124.056855,44.167367],[-124.056882,44.167477],[-124.056942,44.167623],[-124.056988,44.167679],[-124.057041,44.167731],[-124.057089,44.16777],[-124.057173,44.167821],[-124.057261,44.167852],[-124.057321,44.167879],[-124.057382,44.167913],[-124.057438,44.16795],[-124.057604,44.168079],[-124.057779,44.168255],[-124.057872,44.168323],[-124.057952,44.16839],[-124.058049,44.168461],[-124.058097,44.168519],[-124.058122,44.168586],[-124.058176,44.168682],[-124.058277,44.168914],[-124.058308,44.168956],[-124.058353,44.169002],[-124.058403,44.169039],[-124.058446,44.169059],[-124.05849,44.169074],[-124.05858,44.1691],[-124.058717,44.169131],[-124.058846,44.169152],[-124.058973,44.169165],[-124.059148,44.169179],[-124.059366,44.169187],[-124.05943,44.16919],[-124.059625,44.169201],[-124.059695,44.169205],[-124.059958,44.169209],[-124.060174,44.169194],[-124.060188,44.169192],[-124.060469,44.169163],[-124.060676,44.169158]]]]}},{"type":"Feature","properties":{"MAPTAXLOT":"1611000000500","MAPNUMBER":"16110000","TAXLOT":"500","ACCTNO":"0075356","MAPACRES":10007.62261192},"geometry":{"type":"MultiPolygon","coordinates":[[[[-124.028524,44.154828],[-124.033573,44.154812],[-124.033651,44.158441],[-124.033679,44.162048],[-124.038733,44.162037],[-124.043782,44.162026],[-124.048845,44.162015],[-124.053849,44.162005],[-124.053843,44.165631],[-124.058864,44.16563],[-124.064392,44.165628],[-124.064375,44.164368],[-124.064333,44.161995],[-124.064319,44.160947],[-124.064273,44.15836],[-124.064264,44.157617],[-124.064225,44.154724],[-124.06422,44.154284],[-124.06416,44.151083],[-124.064157,44.150863],[-124.064093,44.147438],[-124.064028,44.144013],[-124.064025,44.143794],[-124.064025,44.140584],[-124.064025,44.140145],[-124.064036,44.137149],[-124.064037,44.136489],[-124.064072,44.133719],[-124.064082,44.132909],[-124.064113,44.13036],[-124.064125,44.12936],[-124.058776,44.129326],[-124.058722,44.129326],[-124.054009,44.1293],[-124.053719,44.129305],[-124.053532,44.129308],[-124.049078,44.129384],[-124.048891,44.129387],[-124.048639,44.129391],[-124.048455,44.129391],[-124.044146,44.12937],[-124.043961,44.129369],[-124.043961,44.129369],[-124.043599,44.129367],[-124.043414,44.129366],[-124.043411,44.129366],[-124.039294,44.129347],[-124.039109,44.129346],[-124.038561,44.129345],[-124.038373,44.129348],[-124.034488,44.129413],[-124.033581,44.129414],[-124.029836,44.129456],[-124.028617,44.129459],[-124.025664,44.129481],[-124.025027,44.129479],[-124.024085,44.129476],[-124.023482,44.129472],[-124.020947,44.129454],[-124.020946,44.129454],[-124.020946,44.129454],[-124.020495,44.129452],[-124.018848,44.129445],[-124.018459,44.129443],[-124.016256,44.12943],[-124.015964,44.129429],[-124.013635,44.129424],[-124.013437,44.129424],[-124.011875,44.129423],[-124.011714,44.129422],[-124.008403,44.129408],[-124.007478,44.129415],[-124.007454,44.129415],[-124.007424,44.129416],[-124.003706,44.129444],[-124.003363,44.129446],[-124.003363,44.129446],[-124.003363,44.129446],[-124.002454,44.129452],[-124.002453,44.129452],[-124.002453,44.129452],[-124.002112,44.129455],[-124.002117,44.131216],[-124.000858,44.131216],[-123.998364,44.131215],[-123.997079,44.131216],[-123.997075,44.129489],[-123.993295,44.129518],[-123.993294,44.129518],[-123.99247,44.129524],[-123.99247,44.129524],[-123.99247,44.129524],[-123.988287,44.129554],[-123.9875,44.129548],[-123.983243,44.129512],[-123.983229,44.129512],[-123.982479,44.129505],[-123.982465,44.129505],[-123.978199,44.12947],[-123.977457,44.129467],[-123.973168,44.12945],[-123.972461,44.129447],[-123.968137,44.12943],[-123.967448,44.129435],[-123.963106,44.129431],[-123.962611,44.129431],[-123.958076,44.129426],[-123.957774,44.129426],[-123.955522,44.129399],[-123.955521,44.129399],[-123.955248,44.129395],[-123.953048,44.129369],[-123.953047,44.129369],[-123.953046,44.129369],[-123.952971,44.129368],[-123.952897,44.129367],[-123.94802,44.129308],[-123.94802,44.129308],[-123.948065,44.14012],[-123.94808,44.143611],[-123.948082,44.14367],[-123.94814,44.147192],[-123.948142,44.147339],[-123.948197,44.150772],[-123.948201,44.150953],[-123.948236,44.152915],[-123.948236,44.152945],[-123.948504,44.153008],[-123.948573,44.153024],[-123.948891,44.153119],[-123.949134,44.153242],[-123.949294,44.153357],[-123.949466,44.153519],[-123.949609,44.153679],[-123.949684,44.153768],[-123.949705,44.153793],[-123.949781,44.153884],[-123.950052,44.154237],[-123.950321,44.154561],[-123.95066,44.154968],[-123.951063,44.155389],[-123.95157,44.155807],[-123.952006,44.156104],[-123.952334,44.156303],[-123.95244,44.156374],[-123.952531,44.156463],[-123.952606,44.156565],[-123.952764,44.15684],[-123.952812,44.156898],[-123.952839,44.156934],[-123.952875,44.156972],[-123.95294,44.157007],[-123.953053,44.157029],[-123.953197,44.157043],[-123.953365,44.157068],[-123.953518,44.157107],[-123.953605,44.157165],[-123.953674,44.157229],[-123.953691,44.157268],[-123.953693,44.157272],[-123.953725,44.157342],[-123.953716,44.157452],[-123.95369,44.15754],[-123.953601,44.157662],[-123.953532,44.157772],[-123.953501,44.157858],[-123.953496,44.157982],[-123.953542,44.15832],[-123.95355,44.158457],[-123.953544,44.158603],[-123.953495,44.15868],[-123.95349,44.158797],[-123.953523,44.158932],[-123.953587,44.159144],[-123.953675,44.159319],[-123.953737,44.159446],[-123.953757,44.159553],[-123.953806,44.159706],[-123.953814,44.159846],[-123.953809,44.160001],[-123.953726,44.160134],[-123.953636,44.160215],[-123.953493,44.160393],[-123.953413,44.160532],[-123.953358,44.160678],[-123.953329,44.160833],[-123.953343,44.161128],[-123.953349,44.161186],[-123.953365,44.161249],[-123.953385,44.161304],[-123.953418,44.161348],[-123.953471,44.161384],[-123.953618,44.161481],[-123.953691,44.161517],[-123.953751,44.161532],[-123.953845,44.161544],[-123.953924,44.161544],[-123.95411,44.16152],[-123.954313,44.161477],[-123.954528,44.161425],[-123.954593,44.161401],[-123.954663,44.161376],[-123.954809,44.161313],[-123.955022,44.161258],[-123.955345,44.161163],[-123.955366,44.161156],[-123.955497,44.161116],[-123.955504,44.161114],[-123.955616,44.161052],[-123.955713,44.160957],[-123.955859,44.160854],[-123.95603,44.160824],[-123.95617,44.160853],[-123.956178,44.160855],[-123.956316,44.160911],[-123.9564,44.161042],[-123.956465,44.16119],[-123.956504,44.161389],[-123.956497,44.161521],[-123.956504,44.16162],[-123.956493,44.161718],[-123.956512,44.161815],[-123.956599,44.161894],[-123.956767,44.161949],[-123.956928,44.161988],[-123.957195,44.161997],[-123.957327,44.16197],[-123.957427,44.161917],[-123.95747,44.161887],[-123.957562,44.161821],[-123.957758,44.161678],[-123.95789,44.161616],[-123.957982,44.161564],[-123.958005,44.16155],[-123.958134,44.16152],[-123.958281,44.161515],[-123.958401,44.161565],[-123.958492,44.161658],[-123.958504,44.16168],[-123.958559,44.161783],[-123.958579,44.161931],[-123.958582,44.161951],[-123.958604,44.16211],[-123.958671,44.162371],[-123.958735,44.162566],[-123.958785,44.162705],[-123.958771,44.162938],[-123.958789,44.163054],[-123.958846,44.163121],[-123.958941,44.163186],[-123.959054,44.16324],[-123.959181,44.163334],[-123.95926,44.163485],[-123.95938,44.163702],[-123.959408,44.163778],[-123.959418,44.16384],[-123.959422,44.163904],[-123.959436,44.16393],[-123.959437,44.16393],[-123.959439,44.163933],[-123.959466,44.163954],[-123.959534,44.163978],[-123.959641,44.163998],[-123.959819,44.163997],[-123.959964,44.163977],[-123.959988,44.163973],[-123.960134,44.163939],[-123.960245,44.163887],[-123.960364,44.163784],[-123.960983,44.163257],[-123.961084,44.163172],[-123.961217,44.163078],[-123.961267,44.163051],[-123.96134,44.163029],[-123.961426,44.163015],[-123.961499,44.163008],[-123.961597,44.163008],[-123.961682,44.163037],[-123.961727,44.163069],[-123.96178,44.163113],[-123.961823,44.163171],[-123.961838,44.163225],[-123.961831,44.163303],[-123.961811,44.163359],[-123.961799,44.163397],[-123.961786,44.163487],[-123.961812,44.163715],[-123.961905,44.16399],[-123.962022,44.16422],[-123.962128,44.164412],[-123.962168,44.164598],[-123.962132,44.164724],[-123.962086,44.164861],[-123.962016,44.165015],[-123.96195,44.165222],[-123.96192,44.165349],[-123.961924,44.16543],[-123.961973,44.165529],[-123.962069,44.165586],[-123.96222,44.165623],[-123.962462,44.165634],[-123.962705,44.165645],[-123.962938,44.16562],[-123.962995,44.165603],[-123.963004,44.165601],[-123.963044,44.165576],[-123.963068,44.165561],[-123.963112,44.165529],[-123.963145,44.165505],[-123.963197,44.165462],[-123.963211,44.165441],[-123.963232,44.165411],[-123.963279,44.165339],[-123.96335,44.165275],[-123.96344,44.16524],[-123.963533,44.165226],[-123.963635,44.165227],[-123.963729,44.165252],[-123.963838,44.165324],[-123.963982,44.165429],[-123.964053,44.165504],[-123.964103,44.165545],[-123.964188,44.165586],[-123.964245,44.165595],[-123.964323,44.165606],[-123.964396,44.165604],[-123.964448,44.165577],[-123.964524,44.165518],[-123.964658,44.165447],[-123.964829,44.165419],[-123.964983,44.165416],[-123.96506,44.165423],[-123.965187,44.165414],[-123.965298,44.165377],[-123.965374,44.165309],[-123.965492,44.165197],[-123.965617,44.165124],[-123.965699,44.165077],[-123.965832,44.165037],[-123.965979,44.165024],[-123.966164,44.165059],[-123.966324,44.165083],[-123.966501,44.165114],[-123.966717,44.165107],[-123.966886,44.165109],[-123.966949,44.16511],[-123.967031,44.165099],[-123.967133,44.165087],[-123.967236,44.165061],[-123.967376,44.165026],[-123.967609,44.164901],[-123.967803,44.164791],[-123.967844,44.164768],[-123.968081,44.164678],[-123.968315,44.164652],[-123.968478,44.164629],[-123.968701,44.164568],[-123.968901,44.164488],[-123.968923,44.164478],[-123.969008,44.164441],[-123.969022,44.164431],[-123.969122,44.16436],[-123.969229,44.164239],[-123.969379,44.164062],[-123.969516,44.163933],[-123.969695,44.163816],[-123.969859,44.163676],[-123.969993,44.163512],[-123.970094,44.163413],[-123.970176,44.163321],[-123.970207,44.163287],[-123.970222,44.16324],[-123.970282,44.163049],[-123.970406,44.162784],[-123.970452,44.162677],[-123.970483,44.162579],[-123.970497,44.162506],[-123.970513,44.162437],[-123.970526,44.1624],[-123.970559,44.162361],[-123.970626,44.16232],[-123.97072,44.162306],[-123.970786,44.162314],[-123.970879,44.162336],[-123.970962,44.16237],[-123.971071,44.162445],[-123.971145,44.162493],[-123.971323,44.162609],[-123.971457,44.162688],[-123.971564,44.162845],[-123.971727,44.163023],[-123.971918,44.163176],[-123.971973,44.163204],[-123.972079,44.163259],[-123.972116,44.163262],[-123.972194,44.163268],[-123.972296,44.163258],[-123.972321,44.163256],[-123.972412,44.163195],[-123.972535,44.163078],[-123.972757,44.163025],[-123.972993,44.16305],[-123.973093,44.163072],[-123.973196,44.163095],[-123.973401,44.163188],[-123.97351,44.163306],[-123.973544,44.16344],[-123.973647,44.163565],[-123.973655,44.163571],[-123.973756,44.163645],[-123.973836,44.163676],[-123.973888,44.163695],[-123.973893,44.163697],[-123.973906,44.163698],[-123.974045,44.163706],[-123.974091,44.163708],[-123.974288,44.163676],[-123.974486,44.163639],[-123.974547,44.163628],[-123.974881,44.163641],[-123.975187,44.163666],[-123.975241,44.163673],[-123.975367,44.163689],[-123.975382,44.163692],[-123.975455,44.163709],[-123.975542,44.16373],[-123.975572,44.163738],[-123.97575,44.163828],[-123.975764,44.163831],[-123.975951,44.163881],[-123.976114,44.163867],[-123.976222,44.163851],[-123.976236,44.163845],[-123.976299,44.163816],[-123.976348,44.163757],[-123.976358,44.163744],[-123.976364,44.163662],[-123.976304,44.163516],[-123.976294,44.163444],[-123.976296,44.163354],[-123.976375,44.163276],[-123.97651,44.163247],[-123.976685,44.163232],[-123.976837,44.163249],[-123.97698,44.16329],[-123.977137,44.163404],[-123.977177,44.163459],[-123.977261,44.163575],[-123.977314,44.163723],[-123.977263,44.164033],[-123.97721,44.164185],[-123.977226,44.164339],[-123.97727,44.164591],[-123.977349,44.164777],[-123.977451,44.165018],[-123.977556,44.165259],[-123.9776,44.165331],[-123.977684,44.165467],[-123.977799,44.165606],[-123.977943,44.165706],[-123.978155,44.165788],[-123.978181,44.165795],[-123.978182,44.165449],[-123.978192,44.163657],[-123.980716,44.163655],[-123.98071,44.16456],[-123.985749,44.164554],[-123.985759,44.163649],[-123.988286,44.163646],[-123.988323,44.161835],[-123.988396,44.15821],[-123.988338,44.154589],[-123.993371,44.154631],[-123.993352,44.152823],[-123.998426,44.15287],[-123.998434,44.154673],[-124.000932,44.154695],[-124.00094,44.15647],[-124.003453,44.156497],[-124.005966,44.156524],[-124.005974,44.15831],[-124.008501,44.158344],[-124.013492,44.158371],[-124.018513,44.158399],[-124.02354,44.158425],[-124.023499,44.154811],[-124.028524,44.154828]]],[[[-123.948234,44.183182],[-123.948234,44.183201],[-123.948234,44.183453],[-123.948234,44.183473],[-123.948235,44.183994],[-123.94824,44.186811],[-123.94824,44.187079],[-123.94824,44.187079],[-123.953015,44.187086],[-123.957744,44.187119],[-123.962939,44.187143],[-123.968133,44.187142],[-123.988206,44.187177],[-123.988212,44.183545],[-123.988219,44.179924],[-123.993259,44.179959],[-123.993244,44.176341],[-123.99323,44.17275],[-123.988233,44.172673],[-123.988241,44.16907],[-123.988248,44.166372],[-123.988248,44.166362],[-123.988246,44.166362],[-123.987429,44.166363],[-123.987372,44.166398],[-123.987119,44.166483],[-123.986881,44.166515],[-123.986683,44.166511],[-123.986546,44.166496],[-123.986388,44.166482],[-123.986251,44.166468],[-123.986102,44.166481],[-123.985957,44.166529],[-123.985786,44.166587],[-123.985629,44.166583],[-123.98546,44.166533],[-123.985278,44.166475],[-123.985021,44.166436],[-123.984768,44.166406],[-123.984561,44.166375],[-123.984364,44.166372],[-123.984318,44.166366],[-123.978178,44.166373],[-123.97818,44.165935],[-123.97818,44.165911],[-123.978094,44.165889],[-123.977853,44.165796],[-123.977678,44.165675],[-123.977548,44.165518],[-123.977413,44.165297],[-123.977306,44.16505],[-123.97712,44.164614],[-123.977074,44.16435],[-123.977056,44.164175],[-123.977113,44.164013],[-123.97716,44.16373],[-123.977118,44.163615],[-123.977013,44.16347],[-123.976894,44.163383],[-123.976796,44.163355],[-123.976682,44.163343],[-123.976541,44.163355],[-123.976468,44.163371],[-123.976447,44.163391],[-123.976446,44.163439],[-123.976454,44.163495],[-123.976517,44.163649],[-123.976509,44.163776],[-123.976412,44.163895],[-123.97628,44.163955],[-123.976138,44.163976],[-123.975933,44.163993],[-123.975678,44.163926],[-123.975502,44.163836],[-123.975344,44.163798],[-123.975164,44.163774],[-123.974869,44.163751],[-123.974562,44.163739],[-123.974324,44.163782],[-123.974103,44.163819],[-123.97385,44.163805],[-123.973663,44.163734],[-123.973525,44.163632],[-123.973399,44.163479],[-123.973366,44.163348],[-123.973292,44.163269],[-123.973131,44.163195],[-123.972959,44.163157],[-123.97277,44.163137],[-123.972628,44.163171],[-123.972525,44.163269],[-123.972389,44.16336],[-123.972195,44.163379],[-123.972022,44.163364],[-123.971816,44.163259],[-123.971606,44.16309],[-123.971431,44.162899],[-123.971335,44.162758],[-123.971224,44.162692],[-123.970967,44.162525],[-123.97087,44.162458],[-123.970818,44.162437],[-123.97075,44.162421],[-123.970722,44.162418],[-123.970695,44.162422],[-123.970676,44.162433],[-123.970668,44.162443],[-123.970662,44.16246],[-123.970648,44.162522],[-123.970633,44.162599],[-123.970599,44.162705],[-123.970551,44.162818],[-123.970429,44.163079],[-123.970349,44.163331],[-123.97022,44.163475],[-123.970121,44.163572],[-123.969984,44.16374],[-123.969805,44.163893],[-123.969629,44.164007],[-123.969505,44.164124],[-123.969358,44.164297],[-123.969242,44.16443],[-123.969129,44.164509],[-123.969102,44.164528],[-123.968978,44.164583],[-123.968765,44.164667],[-123.96852,44.164734],[-123.968342,44.16476],[-123.96813,44.164784],[-123.967927,44.16486],[-123.967702,44.164988],[-123.967448,44.165124],[-123.967171,44.165193],[-123.966962,44.16522],[-123.966719,44.165217],[-123.966486,44.165224],[-123.96629,44.16519],[-123.96613,44.165166],[-123.965968,44.165136],[-123.965871,44.165144],[-123.965778,44.165173],[-123.965602,44.165274],[-123.965494,44.165377],[-123.965394,44.165466],[-123.965227,44.165522],[-123.965058,44.165533],[-123.964976,44.165526],[-123.964849,44.165528],[-123.964723,44.165549],[-123.964626,44.1656],[-123.96455,44.165659],[-123.964449,44.165713],[-123.964311,44.165717],[-123.964127,44.165689],[-123.964002,44.165628],[-123.963933,44.165572],[-123.963864,44.165499],[-123.963732,44.165403],[-123.963648,44.165348],[-123.963606,44.165337],[-123.963548,44.165336],[-123.963493,44.165344],[-123.963449,44.165361],[-123.963409,44.165398],[-123.963369,44.165459],[-123.963325,44.165523],[-123.963257,44.16558],[-123.963172,44.165641],[-123.963085,44.165696],[-123.962978,44.165727],[-123.962712,44.165755],[-123.962452,44.165743],[-123.96219,44.165731],[-123.961994,44.165683],[-123.961844,44.165595],[-123.961773,44.165451],[-123.961767,44.165342],[-123.9618,44.165201],[-123.961869,44.164986],[-123.961939,44.164831],[-123.961983,44.1647],[-123.962006,44.164622],[-123.962013,44.164595],[-123.961983,44.164454],[-123.96198,44.164441],[-123.96188,44.164259],[-123.961759,44.164022],[-123.961661,44.163732],[-123.961633,44.163486],[-123.961648,44.163379],[-123.961663,44.163334],[-123.961666,44.163323],[-123.961679,44.163286],[-123.961684,44.163232],[-123.961678,44.163209],[-123.961653,44.163176],[-123.961616,44.163144],[-123.961594,44.163128],[-123.961563,44.163118],[-123.961508,44.163118],[-123.961453,44.163123],[-123.961388,44.163134],[-123.961343,44.163148],[-123.961326,44.163156],[-123.961316,44.163162],[-123.961195,44.163247],[-123.96048,44.163855],[-123.960347,44.163969],[-123.960201,44.164039],[-123.960026,44.16408],[-123.959834,44.164107],[-123.959623,44.164108],[-123.959481,44.164082],[-123.959372,44.164043],[-123.959306,44.16399],[-123.95927,44.163929],[-123.959266,44.163849],[-123.959258,44.163799],[-123.959235,44.163737],[-123.959118,44.163525],[-123.959049,44.163394],[-123.958956,44.163325],[-123.958846,44.163272],[-123.958726,44.16319],[-123.958642,44.16309],[-123.958618,44.162942],[-123.958631,44.162717],[-123.958587,44.162593],[-123.958522,44.162393],[-123.958453,44.162126],[-123.95843,44.161962],[-123.958409,44.161809],[-123.958357,44.16171],[-123.958296,44.161648],[-123.958243,44.161626],[-123.958161,44.161629],[-123.958078,44.161649],[-123.957979,44.161705],[-123.957855,44.161764],[-123.95767,44.161899],[-123.957526,44.162001],[-123.957395,44.162069],[-123.957214,44.162108],[-123.956899,44.162097],[-123.956712,44.162051],[-123.956503,44.161984],[-123.956367,44.16186],[-123.95634,44.161721],[-123.956346,44.161663],[-123.956351,44.161619],[-123.956344,44.161521],[-123.956351,44.161394],[-123.956335,44.161312],[-123.956316,44.161215],[-123.956258,44.161082],[-123.956198,44.160989],[-123.956119,44.160956],[-123.956027,44.160937],[-123.955936,44.160953],[-123.955829,44.161029],[-123.955726,44.16113],[-123.955582,44.161209],[-123.955404,44.161264],[-123.955077,44.16136],[-123.954874,44.161412],[-123.954737,44.161472],[-123.954587,44.161526],[-123.954359,44.161582],[-123.954145,44.161627],[-123.953938,44.161654],[-123.953832,44.161654],[-123.953713,44.161639],[-123.953621,44.161616],[-123.953522,44.161567],[-123.953367,44.161464],[-123.953295,44.161416],[-123.953242,44.161344],[-123.953216,44.161273],[-123.953203,44.161221],[-123.953198,44.1612],[-123.95319,44.161135],[-123.953177,44.160827],[-123.953208,44.160657],[-123.953268,44.160496],[-123.953356,44.160344],[-123.953509,44.160153],[-123.953595,44.160076],[-123.953657,44.159977],[-123.953662,44.159847],[-123.953655,44.159721],[-123.953613,44.159592],[-123.953607,44.159573],[-123.953588,44.159472],[-123.953531,44.159356],[-123.95344,44.159174],[-123.953374,44.158953],[-123.953338,44.158805],[-123.953344,44.158655],[-123.953392,44.158578],[-123.953397,44.158457],[-123.95339,44.158328],[-123.953344,44.157985],[-123.95335,44.157843],[-123.953387,44.157736],[-123.953464,44.157614],[-123.953545,44.157503],[-123.953564,44.157438],[-123.953571,44.157357],[-123.953537,44.157281],[-123.953492,44.157239],[-123.953438,44.157203],[-123.953324,44.157174],[-123.953171,44.157151],[-123.953023,44.157136],[-123.952872,44.157107],[-123.952763,44.157049],[-123.952708,44.15699],[-123.95268,44.156952],[-123.952628,44.156889],[-123.952468,44.156612],[-123.952402,44.156521],[-123.952326,44.156448],[-123.952233,44.156386],[-123.951904,44.156186],[-123.95146,44.155883],[-123.950942,44.155456],[-123.950531,44.155027],[-123.95019,44.154618],[-123.94992,44.154292],[-123.949649,44.153939],[-123.94948,44.153737],[-123.949341,44.153582],[-123.949179,44.15343],[-123.949036,44.153326],[-123.948817,44.153216],[-123.94852,44.153127],[-123.948457,44.153112],[-123.948238,44.153061],[-123.948239,44.15309],[-123.948239,44.153101],[-123.94824,44.15312],[-123.948257,44.154115],[-123.948257,44.154376],[-123.948256,44.154567],[-123.948248,44.157981],[-123.948248,44.158182],[-123.94824,44.161577],[-123.94824,44.161799],[-123.948232,44.165174],[-123.948232,44.165417],[-123.948225,44.168772],[-123.948225,44.169035],[-123.948217,44.172369],[-123.948217,44.172653],[-123.948223,44.17598],[-123.948223,44.17626],[-123.948228,44.179575],[-123.948228,44.17959],[-123.948228,44.179852],[-123.948228,44.179866],[-123.948234,44.183182]]],[[[-123.985325,44.16637],[-123.98552,44.166432],[-123.985661,44.166474],[-123.985754,44.166476],[-123.985893,44.16643],[-123.98606,44.166374],[-123.986169,44.166364],[-123.98598,44.166365],[-123.985297,44.166365],[-123.985325,44.16637]]],[[[-123.986408,44.166373],[-123.986567,44.166387],[-123.986697,44.166402],[-123.986869,44.166405],[-123.987072,44.166377],[-123.987114,44.166363],[-123.987072,44.166363],[-123.986478,44.166364],[-123.986322,44.166364],[-123.986408,44.166373]]]]}},{"type":"Feature","properties":{"MAPTAXLOT":"1611000001400","MAPNUMBER":"16110000","TAXLOT":"1400","ACCTNO":"0075463","MAPACRES":76.23335293},"geometry":{"type":"MultiPolygon","coordinates":[[[[-123.986322,44.166364],[-123.986478,44.166364],[-123.987072,44.166363],[-123.987114,44.166363],[-123.987289,44.166305],[-123.987466,44.166194],[-123.987586,44.166081],[-123.987762,44.165903],[-123.987994,44.165722],[-123.98825,44.165536],[-123.98825,44.165447],[-123.988366,44.165451],[-123.988546,44.16532],[-123.988832,44.165191],[-123.989063,44.165142],[-123.989326,44.165122],[-123.990049,44.165132],[-123.990315,44.165126],[-123.990525,44.165147],[-123.990787,44.165186],[-123.990963,44.16519],[-123.99127,44.165181],[-123.991436,44.165197],[-123.991647,44.165274],[-123.991778,44.165317],[-123.991889,44.165333],[-123.99207,44.165328],[-123.99233,44.165284],[-123.992497,44.165226],[-123.992775,44.165077],[-123.993156,44.164911],[-123.993579,44.164772],[-123.993907,44.164699],[-123.994201,44.164655],[-123.994483,44.164667],[-123.99477,44.164719],[-123.995096,44.164878],[-123.995567,44.165144],[-123.995828,44.165352],[-123.995849,44.163701],[-123.993341,44.163683],[-123.988286,44.163646],[-123.985759,44.163649],[-123.985749,44.164554],[-123.98071,44.16456],[-123.980716,44.163655],[-123.978192,44.163657],[-123.978182,44.165449],[-123.978181,44.165795],[-123.978461,44.165865],[-123.978762,44.165938],[-123.979237,44.166037],[-123.979479,44.166057],[-123.979683,44.166061],[-123.979904,44.166103],[-123.980042,44.166126],[-123.980217,44.16613],[-123.98045,44.166123],[-123.980825,44.166102],[-123.981039,44.166122],[-123.981203,44.166146],[-123.98137,44.166194],[-123.981514,44.166229],[-123.981672,44.166234],[-123.981831,44.166215],[-123.982078,44.16617],[-123.982328,44.166134],[-123.982545,44.166099],[-123.982714,44.166056],[-123.982879,44.166031],[-123.983146,44.166004],[-123.983389,44.165987],[-123.983574,44.16599],[-123.983717,44.166018],[-123.983871,44.166085],[-123.983997,44.166151],[-123.984199,44.166242],[-123.984378,44.166262],[-123.984578,44.166266],[-123.984796,44.166298],[-123.985049,44.166329],[-123.985297,44.166365],[-123.98598,44.166365],[-123.986169,44.166364],[-123.986252,44.166357],[-123.986322,44.166364]]],[[[-123.993319,44.165495],[-123.994483,44.165504],[-123.995813,44.165514],[-123.995737,44.165443],[-123.995463,44.165224],[-123.995006,44.164967],[-123.994707,44.164821],[-123.99446,44.164776],[-123.994213,44.164765],[-123.993945,44.164805],[-123.993633,44.164875],[-123.993227,44.165008],[-123.992861,44.165168],[-123.992576,44.165321],[-123.992381,44.165388],[-123.992091,44.165437],[-123.991877,44.165443],[-123.991731,44.165422],[-123.991581,44.165373],[-123.99139,44.165303],[-123.991263,44.165291],[-123.990964,44.1653],[-123.99077,44.165295],[-123.990499,44.165255],[-123.990306,44.165236],[-123.99005,44.165242],[-123.989333,44.165232],[-123.989092,44.16525],[-123.988896,44.165292],[-123.988642,44.165406],[-123.988569,44.165459],[-123.988838,44.165461],[-123.993319,44.165495]]],[[[-123.984318,44.166366],[-123.984144,44.166347],[-123.983912,44.166242],[-123.983786,44.166177],[-123.983657,44.16612],[-123.983552,44.1661],[-123.983394,44.166097],[-123.983164,44.166113],[-123.982905,44.16614],[-123.982756,44.166162],[-123.982587,44.166205],[-123.982359,44.166241],[-123.982112,44.166277],[-123.981862,44.166323],[-123.981681,44.166344],[-123.981486,44.166338],[-123.981317,44.166298],[-123.981159,44.166252],[-123.981014,44.16623],[-123.980821,44.166212],[-123.980459,44.166232],[-123.980218,44.16624],[-123.980023,44.166235],[-123.979867,44.16621],[-123.979661,44.16617],[-123.979469,44.166167],[-123.979207,44.166145],[-123.978717,44.166043],[-123.978412,44.165969],[-123.97818,44.165911],[-123.97818,44.165935],[-123.978178,44.166373],[-123.984318,44.166366]]],[[[-123.988104,44.165798],[-123.987881,44.165972],[-123.987708,44.166147],[-123.987578,44.16627],[-123.987429,44.166363],[-123.988246,44.166362],[-123.988248,44.166362],[-123.988249,44.16578],[-123.988249,44.165692],[-123.988104,44.165798]]]]}},{"type":"Feature","properties":{"MAPTAXLOT":"1611000001500","MAPNUMBER":"16110000","TAXLOT":"1500","ACCTNO":"0075489","MAPACRES":138.41878293},"geometry":{"type":"Polygon","coordinates":[[[-124.003461,44.158277],[-124.005974,44.15831],[-124.005966,44.156524],[-124.003453,44.156497],[-124.00094,44.15647],[-124.000932,44.154695],[-123.998434,44.154673],[-123.998426,44.15287],[-123.993352,44.152823],[-123.993371,44.154631],[-123.988338,44.154589],[-123.988396,44.15821],[-123.993409,44.158211],[-123.998449,44.158211],[-124.003461,44.158277]]]}},{"type":"Feature","properties":{"MAPTAXLOT":"1611220000077","MAPNUMBER":"16112200","TAXLOT":"77","ACCTNO":"000None","MAPACRES":3.8494448},"geometry":{"type":"MultiPolygon","coordinates":[[[[-124.001451,44.167814],[-124.001685,44.16786],[-124.001902,44.167871],[-124.002284,44.167842],[-124.002917,44.167772],[-124.003385,44.167709],[-124.0042,44.167598],[-124.005181,44.16745],[-124.005979,44.167289],[-124.006397,44.167141],[-124.006706,44.16702],[-124.007038,44.166882],[-124.00739,44.166716],[-124.007743,44.166552],[-124.008024,44.166332],[-124.008207,44.166115],[-124.008279,44.165981],[-124.008325,44.165842],[-124.008349,44.165707],[-124.008371,44.165607],[-124.008391,44.165521],[-124.008474,44.165229],[-124.008475,44.164868],[-124.008379,44.165016],[-124.008241,44.165501],[-124.008217,44.165606],[-124.008198,44.165692],[-124.008175,44.165823],[-124.008133,44.165948],[-124.00807,44.166066],[-124.007901,44.166266],[-124.007644,44.166467],[-124.007307,44.166625],[-124.006958,44.166789],[-124.006632,44.166924],[-124.006327,44.167043],[-124.005924,44.167186],[-124.005145,44.167344],[-124.004171,44.167491],[-124.003386,44.167597],[-124.002892,44.167664],[-124.002265,44.167734],[-124.001899,44.167761],[-124.001711,44.167752],[-124.001499,44.167709],[-124.000958,44.167559],[-124.00063,44.167437],[-124.000418,44.167329],[-124.000184,44.167222],[-123.99999,44.167117],[-123.999787,44.166983],[-123.999559,44.16687],[-123.99912,44.166729],[-123.998783,44.166638],[-123.998319,44.166463],[-123.998305,44.166458],[-123.998231,44.166436],[-123.998067,44.166386],[-123.997896,44.166359],[-123.997703,44.166377],[-123.997457,44.16642],[-123.997312,44.166416],[-123.997152,44.166403],[-123.996985,44.166357],[-123.996791,44.166237],[-123.996588,44.166103],[-123.99641,44.165963],[-123.996258,44.165809],[-123.996093,44.165595],[-123.996007,44.165515],[-123.995854,44.165372],[-123.995828,44.165352],[-123.995825,44.165525],[-123.995965,44.165655],[-123.996128,44.165867],[-123.996291,44.166032],[-123.99648,44.166181],[-123.99669,44.166319],[-123.996862,44.166425],[-123.996906,44.166453],[-123.997116,44.16651],[-123.9973,44.166525],[-123.997472,44.16653],[-123.997731,44.166485],[-123.997889,44.16647],[-123.998021,44.166491],[-123.99824,44.166557],[-123.998317,44.166587],[-123.99872,44.166738],[-123.999062,44.16683],[-123.999484,44.166966],[-123.999692,44.167069],[-123.999892,44.167201],[-124.000097,44.167312],[-124.000333,44.16742],[-124.000551,44.167531],[-124.000895,44.167659],[-124.001451,44.167814]]],[[[-123.98825,44.165536],[-123.988249,44.165692],[-123.988569,44.165459],[-123.988366,44.165451],[-123.98825,44.165536]]]]}},{"type":"Feature","properties":{"MAPTAXLOT":"1611220000100","MAPNUMBER":"16112200","TAXLOT":"100","ACCTNO":"0075570","MAPACRES":170.04203586},"geometry":{"type":"MultiPolygon","coordinates":[[[[-123.988241,44.16907],[-123.988233,44.172673],[-123.99323,44.17275],[-123.998237,44.172826],[-123.999508,44.172829],[-123.999577,44.16735],[-123.998307,44.16734],[-123.998315,44.166734],[-123.998317,44.166587],[-123.99824,44.166557],[-123.998021,44.166491],[-123.997889,44.16647],[-123.997731,44.166485],[-123.997472,44.16653],[-123.9973,44.166525],[-123.997116,44.16651],[-123.996906,44.166453],[-123.996862,44.166425],[-123.996606,44.166423],[-123.995814,44.166417],[-123.99582,44.165902],[-123.995825,44.165525],[-123.995813,44.165514],[-123.994483,44.165504],[-123.993319,44.165495],[-123.988838,44.165461],[-123.988569,44.165459],[-123.988249,44.165692],[-123.988249,44.16578],[-123.988248,44.166362],[-123.988248,44.166372],[-123.988241,44.16907]]],[[[-123.98825,44.165536],[-123.988366,44.165451],[-123.98825,44.165447],[-123.98825,44.165536]]],[[[-123.998305,44.166458],[-123.998319,44.166463],[-123.998319,44.166436],[-123.998231,44.166436],[-123.998305,44.166458]]]]}},{"type":"Feature","properties":{"MAPTAXLOT":"1611220000500","MAPNUMBER":"16112200","TAXLOT":"500","ACCTNO":"0075620","MAPACRES":287.61553823},"geometry":{"type":"Polygon","coordinates":[[[-124.003402,44.16557],[-124.006679,44.165594],[-124.006687,44.164313],[-124.008478,44.164326],[-124.008487,44.161975],[-124.008501,44.158344],[-124.005974,44.15831],[-124.003461,44.158277],[-123.998449,44.158211],[-123.993409,44.158211],[-123.988396,44.15821],[-123.988323,44.161835],[-123.988286,44.163646],[-123.993341,44.163683],[-123.995849,44.163701],[-123.995828,44.165352],[-123.995854,44.165372],[-123.996007,44.165515],[-123.998332,44.165532],[-123.9996,44.165542],[-124.003402,44.16557]]]}},{"type":"Feature","properties":{"MAPTAXLOT":"1710000000077","MAPNUMBER":"17100000","TAXLOT":"77","ACCTNO":"000None","MAPACRES":56.45918005},"geometry":{"type":"MultiPolygon","coordinates":[[[[-123.859435,44.10434],[-123.859448,44.104349],[-123.859461,44.104358],[-123.859473,44.104367],[-123.859486,44.104376],[-123.859498,44.104386],[-123.85953,44.104409],[-123.859558,44.104427],[-123.859582,44.104442],[-123.859619,44.10446],[-123.859649,44.104472],[-123.859691,44.104484],[-123.85973,44.104489],[-123.859767,44.104489],[-123.859815,44.104483],[-123.859851,44.104473],[-123.85989,44.104458],[-123.859917,44.104442],[-123.859938,44.104427],[-123.85996,44.104405],[-123.859977,44.104384],[-123.859991,44.104353],[-123.859996,44.104334],[-123.859999,44.10431],[-123.859997,44.104277],[-123.859987,44.104244],[-123.859978,44.104222],[-123.859954,44.104185],[-123.859922,44.104152],[-123.859902,44.104133],[-123.859882,44.104115],[-123.859865,44.104098],[-123.85985,44.104083],[-123.859821,44.104059],[-123.859809,44.10405],[-123.859797,44.10404],[-123.859784,44.10403],[-123.859772,44.104019],[-123.859758,44.104008],[-123.859747,44.103999],[-123.859734,44.103988],[-123.859722,44.103977],[-123.859709,44.103967],[-123.859697,44.103957],[-123.859684,44.103947],[-123.859672,44.103936],[-123.859659,44.103926],[-123.859647,44.103916],[-123.859632,44.103904],[-123.859621,44.103895],[-123.859609,44.103885],[-123.859596,44.103874],[-123.859584,44.103864],[-123.859571,44.103853],[-123.859559,44.103843],[-123.859547,44.103833],[-123.859534,44.103822],[-123.859521,44.103812],[-123.859511,44.103803],[-123.859499,44.103793],[-123.859486,44.103782],[-123.859473,44.103771],[-123.859462,44.103761],[-123.859451,44.103751],[-123.859438,44.10374],[-123.859426,44.10373],[-123.859415,44.103719],[-123.859402,44.103708],[-123.85939,44.103698],[-123.859377,44.103686],[-123.859363,44.103675],[-123.859353,44.103666],[-123.859341,44.103655],[-123.859329,44.103645],[-123.859317,44.103635],[-123.859305,44.103624],[-123.859293,44.103613],[-123.85928,44.103602],[-123.859267,44.103591],[-123.859256,44.103582],[-123.859244,44.103571],[-123.859232,44.10356],[-123.85922,44.10355],[-123.859208,44.103539],[-123.859196,44.103529],[-123.859184,44.103518],[-123.859171,44.103506],[-123.859157,44.103495],[-123.859147,44.103486],[-123.859135,44.103476],[-123.859123,44.103465],[-123.859111,44.103455],[-123.859099,44.103444],[-123.859087,44.103433],[-123.859075,44.103423],[-123.859061,44.103411],[-123.859049,44.103401],[-123.85904,44.103393],[-123.859029,44.103383],[-123.859019,44.103374],[-123.859012,44.103366],[-123.859003,44.103355],[-123.858994,44.103345],[-123.858987,44.103335],[-123.858979,44.103325],[-123.858972,44.103315],[-123.858965,44.103305],[-123.858959,44.103294],[-123.858952,44.103283],[-123.858948,44.103275],[-123.858944,44.103263],[-123.858938,44.10325],[-123.858934,44.10324],[-123.85893,44.103229],[-123.858927,44.103218],[-123.858924,44.103205],[-123.85892,44.103193],[-123.858919,44.103188],[-123.858919,44.103187],[-123.858921,44.103181],[-123.858924,44.10317],[-123.858927,44.103161],[-123.85893,44.103154],[-123.858934,44.103146],[-123.85894,44.103138],[-123.858944,44.103131],[-123.858947,44.103129],[-123.858951,44.103125],[-123.858956,44.103122],[-123.858964,44.103118],[-123.858972,44.103114],[-123.858979,44.103111],[-123.858988,44.103109],[-123.859001,44.103106],[-123.859019,44.103102],[-123.859035,44.103098],[-123.859047,44.103096],[-123.859059,44.103094],[-123.859073,44.103093],[-123.859086,44.103092],[-123.859099,44.103092],[-123.859111,44.103092],[-123.859125,44.103093],[-123.859144,44.103094],[-123.859167,44.103096],[-123.859188,44.103096],[-123.859207,44.103097],[-123.859225,44.103098],[-123.859244,44.103098],[-123.859264,44.103099],[-123.859283,44.103099],[-123.859302,44.1031],[-123.859321,44.103101],[-123.85934,44.103101],[-123.85936,44.103102],[-123.859378,44.103102],[-123.859397,44.103103],[-123.859417,44.103104],[-123.859435,44.103104],[-123.859453,44.103105],[-123.859473,44.103105],[-123.859492,44.103106],[-123.85951,44.103107],[-123.859531,44.103107],[-123.859551,44.103108],[-123.859571,44.103108],[-123.859592,44.103108],[-123.859611,44.103108],[-123.859631,44.103108],[-123.859652,44.103108],[-123.859671,44.103107],[-123.85969,44.103107],[-123.859711,44.103107],[-123.859731,44.103106],[-123.85975,44.103105],[-123.859771,44.103104],[-123.85979,44.103103],[-123.85981,44.103102],[-123.85983,44.103101],[-123.859849,44.1031],[-123.85987,44.103099],[-123.859889,44.103097],[-123.859909,44.103096],[-123.859929,44.103094],[-123.859949,44.103092],[-123.859968,44.10309],[-123.859988,44.103088],[-123.860007,44.103086],[-123.860023,44.103085],[-123.86004,44.103083],[-123.860059,44.103082],[-123.860078,44.10308],[-123.860097,44.103079],[-123.860116,44.103078],[-123.860135,44.103076],[-123.860153,44.103075],[-123.860172,44.103073],[-123.860192,44.103072],[-123.86021,44.103071],[-123.860229,44.103069],[-123.860248,44.103068],[-123.860267,44.103066],[-123.860287,44.103065],[-123.860306,44.103063],[-123.860324,44.103062],[-123.860343,44.103061],[-123.860361,44.103059],[-123.860377,44.103058],[-123.860393,44.103058],[-123.86041,44.103057],[-123.860428,44.103057],[-123.860446,44.103057],[-123.860462,44.103057],[-123.86048,44.103057],[-123.860498,44.103058],[-123.860515,44.103058],[-123.860532,44.103059],[-123.860551,44.10306],[-123.860568,44.103061],[-123.860585,44.103062],[-123.860603,44.103063],[-123.86062,44.103065],[-123.860639,44.103067],[-123.860656,44.103069],[-123.860672,44.10307],[-123.86069,44.103073],[-123.860707,44.103075],[-123.860724,44.103078],[-123.860741,44.10308],[-123.860759,44.103083],[-123.860776,44.103086],[-123.860792,44.103089],[-123.86081,44.103092],[-123.860827,44.103096],[-123.860844,44.103099],[-123.86086,44.103103],[-123.860877,44.103107],[-123.860894,44.103111],[-123.860912,44.103116],[-123.860931,44.10312],[-123.860949,44.103124],[-123.860968,44.103129],[-123.860986,44.103133],[-123.861003,44.103137],[-123.861022,44.103142],[-123.86104,44.103146],[-123.861057,44.10315],[-123.861075,44.103155],[-123.861094,44.103159],[-123.861112,44.103163],[-123.86113,44.103167],[-123.861147,44.103172],[-123.861167,44.103176],[-123.861184,44.10318],[-123.861201,44.103185],[-123.861221,44.103189],[-123.861239,44.103193],[-123.861256,44.103197],[-123.861274,44.103202],[-123.861293,44.103206],[-123.861311,44.103211],[-123.861329,44.103214],[-123.861346,44.103219],[-123.861367,44.103224],[-123.861387,44.103228],[-123.861405,44.103232],[-123.861423,44.103236],[-123.861441,44.10324],[-123.861459,44.103244],[-123.861476,44.103247],[-123.861495,44.103252],[-123.861514,44.103256],[-123.861532,44.10326],[-123.86155,44.103263],[-123.861569,44.103267],[-123.861587,44.103271],[-123.861605,44.103275],[-123.861624,44.103279],[-123.861642,44.103283],[-123.86166,44.103287],[-123.861678,44.103291],[-123.861696,44.103295],[-123.861713,44.103298],[-123.861732,44.103303],[-123.861751,44.103307],[-123.861769,44.10331],[-123.861788,44.103314],[-123.861806,44.103318],[-123.861824,44.103322],[-123.861842,44.103326],[-123.861861,44.10333],[-123.861879,44.103334],[-123.861897,44.103338],[-123.861915,44.103342],[-123.861933,44.103346],[-123.861952,44.10335],[-123.86197,44.103354],[-123.861988,44.103357],[-123.862006,44.103361],[-123.862025,44.103365],[-123.862045,44.10337],[-123.862065,44.103373],[-123.862085,44.103377],[-123.862106,44.10338],[-123.862125,44.103384],[-123.862145,44.103387],[-123.862166,44.10339],[-123.862186,44.103392],[-123.862207,44.103394],[-123.862227,44.103397],[-123.862247,44.103399],[-123.862268,44.103401],[-123.862288,44.103402],[-123.862308,44.103404],[-123.862328,44.103405],[-123.862349,44.103406],[-123.86237,44.103407],[-123.86239,44.103408],[-123.862409,44.103408],[-123.862427,44.103409],[-123.862447,44.10341],[-123.862467,44.10341],[-123.862487,44.103411],[-123.862507,44.103411],[-123.862528,44.103411],[-123.862548,44.103411],[-123.86257,44.103411],[-123.862589,44.10341],[-123.86261,44.10341],[-123.862632,44.103409],[-123.862653,44.103408],[-123.862674,44.103406],[-123.862695,44.103404],[-123.862716,44.103402],[-123.862736,44.1034],[-123.862757,44.103397],[-123.862778,44.103394],[-123.862798,44.103391],[-123.862819,44.103387],[-123.862843,44.103383],[-123.862874,44.103375],[-123.862901,44.103365],[-123.862922,44.103356],[-123.862944,44.103346],[-123.862963,44.103335],[-123.862981,44.103325],[-123.863001,44.103312],[-123.863024,44.103295],[-123.863046,44.103272],[-123.863059,44.103251],[-123.863069,44.103232],[-123.863077,44.10321],[-123.863082,44.103189],[-123.863084,44.103167],[-123.863083,44.103145],[-123.863079,44.103125],[-123.863074,44.103108],[-123.863067,44.103085],[-123.863054,44.103065],[-123.863044,44.103049],[-123.863029,44.10303],[-123.86301,44.103012],[-123.862997,44.103001],[-123.862983,44.102989],[-123.862965,44.102975],[-123.862947,44.102963],[-123.862928,44.102951],[-123.862906,44.102939],[-123.862885,44.102929],[-123.862862,44.102919],[-123.862843,44.102912],[-123.862833,44.102908],[-123.86282,44.102902],[-123.862804,44.102895],[-123.862787,44.102888],[-123.862771,44.10288],[-123.862756,44.102873],[-123.862739,44.102866],[-123.862725,44.102859],[-123.862707,44.102851],[-123.86269,44.102843],[-123.862675,44.102836],[-123.862659,44.102829],[-123.862643,44.102822],[-123.862626,44.102814],[-123.862611,44.102807],[-123.862594,44.1028],[-123.86258,44.102793],[-123.862563,44.102785],[-123.862546,44.102778],[-123.862531,44.10277],[-123.862514,44.102763],[-123.862498,44.102755],[-123.862481,44.102748],[-123.862466,44.102741],[-123.86245,44.102734],[-123.862434,44.102726],[-123.862417,44.102719],[-123.862403,44.102712],[-123.862386,44.102704],[-123.86237,44.102697],[-123.862353,44.102689],[-123.862337,44.102682],[-123.862322,44.102675],[-123.862305,44.102668],[-123.862289,44.10266],[-123.862272,44.102653],[-123.862262,44.102648],[-123.862226,44.102627],[-123.8622,44.102611],[-123.862183,44.102599],[-123.862168,44.102588],[-123.862147,44.102571],[-123.862131,44.102556],[-123.862124,44.102548],[-123.862118,44.102539],[-123.862117,44.102535],[-123.862117,44.102521],[-123.862119,44.102511],[-123.862124,44.1025],[-123.862131,44.102488],[-123.862144,44.102468],[-123.862157,44.10245],[-123.862176,44.102425],[-123.862195,44.102402],[-123.862214,44.102382],[-123.862223,44.102375],[-123.862236,44.102364],[-123.862249,44.102352],[-123.862261,44.102342],[-123.862271,44.102332],[-123.862283,44.102322],[-123.862297,44.10231],[-123.862309,44.102299],[-123.862319,44.10229],[-123.862332,44.102279],[-123.862345,44.102267],[-123.862357,44.102257],[-123.862367,44.102247],[-123.86238,44.102237],[-123.862393,44.102225],[-123.862405,44.102214],[-123.862415,44.102205],[-123.862428,44.102194],[-123.862441,44.102182],[-123.862453,44.102172],[-123.862465,44.102161],[-123.862475,44.102152],[-123.862488,44.102141],[-123.862501,44.102129],[-123.862513,44.102118],[-123.862523,44.102109],[-123.862535,44.102099],[-123.862549,44.102087],[-123.862561,44.102076],[-123.862571,44.102067],[-123.862585,44.102056],[-123.862597,44.102044],[-123.862609,44.102033],[-123.86262,44.102024],[-123.862632,44.102014],[-123.862645,44.102002],[-123.862657,44.101991],[-123.862685,44.101967],[-123.862709,44.10194],[-123.862723,44.101922],[-123.862734,44.101908],[-123.862746,44.10189],[-123.862756,44.101874],[-123.862764,44.101861],[-123.862776,44.101833],[-123.862783,44.101806],[-123.862787,44.101775],[-123.862782,44.101741],[-123.86277,44.101711],[-123.862752,44.101685],[-123.862724,44.101659],[-123.862687,44.101636],[-123.862662,44.101627],[-123.862625,44.101615],[-123.862578,44.101607],[-123.86255,44.101604],[-123.862509,44.101604],[-123.862473,44.101607],[-123.862428,44.101614],[-123.86241,44.101619],[-123.862352,44.101637],[-123.862327,44.101647],[-123.862302,44.101657],[-123.862278,44.101666],[-123.862246,44.101679],[-123.862222,44.101689],[-123.862189,44.101703],[-123.862167,44.101712],[-123.862132,44.101727],[-123.862113,44.101736],[-123.862081,44.101748],[-123.862057,44.101757],[-123.862027,44.101767],[-123.862006,44.101774],[-123.861979,44.101783],[-123.861952,44.101791],[-123.861927,44.101799],[-123.861901,44.101807],[-123.861872,44.101816],[-123.861838,44.101826],[-123.861804,44.101836],[-123.861769,44.101846],[-123.861751,44.10185],[-123.861734,44.101855],[-123.861716,44.10186],[-123.86168,44.10187],[-123.861629,44.101884],[-123.86159,44.101895],[-123.861553,44.101904],[-123.861521,44.101912],[-123.861495,44.101919],[-123.861467,44.101925],[-123.861445,44.10193],[-123.861425,44.101935],[-123.861401,44.10194],[-123.861362,44.101948],[-123.861326,44.101954],[-123.861286,44.101961],[-123.861241,44.101967],[-123.861203,44.10197],[-123.861172,44.101973],[-123.86115,44.101974],[-123.861117,44.101974],[-123.861085,44.101974],[-123.861061,44.101973],[-123.861038,44.10197],[-123.861017,44.101967],[-123.861003,44.101963],[-123.860984,44.101958],[-123.860966,44.101951],[-123.860954,44.101945],[-123.860944,44.101939],[-123.860928,44.101928],[-123.860924,44.101924],[-123.86092,44.101919],[-123.860915,44.101909],[-123.860914,44.101905],[-123.860911,44.101889],[-123.86091,44.101881],[-123.860909,44.101858],[-123.860909,44.101851],[-123.86091,44.101844],[-123.860912,44.10183],[-123.860925,44.101787],[-123.860937,44.101746],[-123.86095,44.101703],[-123.860958,44.101677],[-123.860966,44.101652],[-123.860974,44.101625],[-123.86098,44.101604],[-123.86099,44.101572],[-123.860996,44.101547],[-123.861003,44.101509],[-123.861006,44.101478],[-123.861005,44.101455],[-123.861004,44.101425],[-123.860997,44.101394],[-123.860985,44.101363],[-123.860972,44.101345],[-123.860957,44.101326],[-123.860925,44.101298],[-123.860891,44.101278],[-123.860858,44.101264],[-123.860818,44.101252],[-123.860774,44.101245],[-123.860736,44.101241],[-123.860698,44.10124],[-123.860651,44.101242],[-123.860613,44.101246],[-123.860568,44.101253],[-123.860532,44.10126],[-123.860504,44.101268],[-123.860456,44.101282],[-123.860419,44.101295],[-123.860381,44.101308],[-123.860342,44.101322],[-123.860305,44.101337],[-123.860268,44.101351],[-123.860215,44.101373],[-123.860199,44.10138],[-123.860181,44.101388],[-123.860163,44.101396],[-123.860149,44.101403],[-123.860132,44.10141],[-123.860117,44.101417],[-123.860103,44.101423],[-123.860088,44.101429],[-123.860073,44.101435],[-123.860056,44.101442],[-123.86004,44.101448],[-123.860024,44.101454],[-123.860007,44.101461],[-123.85999,44.101467],[-123.859975,44.101473],[-123.859961,44.101478],[-123.859946,44.101483],[-123.85993,44.101488],[-123.859914,44.101493],[-123.859897,44.101498],[-123.859881,44.101502],[-123.859864,44.101507],[-123.859848,44.101511],[-123.859831,44.101516],[-123.859815,44.10152],[-123.859798,44.101524],[-123.859781,44.101527],[-123.859767,44.10153],[-123.85975,44.101533],[-123.859733,44.101536],[-123.859717,44.101539],[-123.8597,44.101541],[-123.859682,44.101544],[-123.859666,44.101546],[-123.859657,44.101547],[-123.85965,44.101547],[-123.859639,44.101546],[-123.859626,44.101545],[-123.859614,44.101543],[-123.859601,44.101541],[-123.85959,44.101539],[-123.859577,44.101535],[-123.859565,44.101532],[-123.859553,44.101527],[-123.859543,44.101523],[-123.859533,44.101519],[-123.859524,44.101514],[-123.859516,44.101509],[-123.859506,44.101502],[-123.859496,44.101495],[-123.859488,44.101488],[-123.859482,44.101482],[-123.859474,44.101473],[-123.859468,44.101466],[-123.859463,44.101459],[-123.859458,44.10145],[-123.859454,44.101442],[-123.85945,44.101433],[-123.859445,44.101419],[-123.859438,44.101402],[-123.85943,44.101386],[-123.859423,44.101373],[-123.859418,44.101363],[-123.859413,44.101352],[-123.859409,44.101342],[-123.859404,44.101328],[-123.859399,44.101317],[-123.859397,44.101308],[-123.859393,44.101294],[-123.859391,44.101283],[-123.859388,44.101271],[-123.859386,44.101259],[-123.859384,44.101248],[-123.859383,44.101232],[-123.859381,44.101226],[-123.859379,44.101208],[-123.859377,44.101195],[-123.859376,44.101181],[-123.859374,44.101168],[-123.859373,44.101155],[-123.859371,44.101142],[-123.85937,44.101131],[-123.859369,44.101117],[-123.859367,44.101102],[-123.859365,44.101089],[-123.859363,44.101076],[-123.859362,44.101063],[-123.85936,44.101049],[-123.859358,44.101036],[-123.859356,44.101023],[-123.859355,44.10101],[-123.859353,44.100997],[-123.859352,44.100984],[-123.85935,44.10097],[-123.859348,44.100957],[-123.859346,44.100944],[-123.859345,44.100933],[-123.859344,44.100916],[-123.859338,44.100877],[-123.859333,44.100838],[-123.85933,44.100815],[-123.859329,44.100804],[-123.859328,44.100792],[-123.859328,44.100779],[-123.859328,44.100768],[-123.859329,44.100757],[-123.85933,44.100745],[-123.859332,44.100733],[-123.859335,44.10072],[-123.859338,44.100712],[-123.859339,44.100705],[-123.859341,44.100698],[-123.859342,44.100694],[-123.859345,44.100685],[-123.859349,44.100674],[-123.859353,44.100662],[-123.859356,44.100654],[-123.859359,44.100642],[-123.859365,44.100623],[-123.859367,44.100612],[-123.859369,44.100606],[-123.859371,44.100599],[-123.859373,44.100591],[-123.859374,44.100587],[-123.859376,44.100579],[-123.859377,44.100576],[-123.859379,44.100571],[-123.859379,44.100569],[-123.859382,44.100565],[-123.859389,44.100556],[-123.859391,44.100554],[-123.859398,44.10055],[-123.859402,44.100547],[-123.859407,44.100544],[-123.859414,44.100541],[-123.859422,44.100538],[-123.859438,44.100533],[-123.859445,44.100531],[-123.859469,44.100527],[-123.859481,44.100526],[-123.859501,44.100525],[-123.859528,44.100525],[-123.859538,44.100525],[-123.859558,44.100526],[-123.859573,44.100527],[-123.859592,44.100529],[-123.85961,44.100532],[-123.859632,44.100535],[-123.859647,44.100537],[-123.859668,44.10054],[-123.859688,44.100543],[-123.859702,44.100545],[-123.859719,44.100548],[-123.859738,44.10055],[-123.859763,44.100553],[-123.859791,44.100556],[-123.859809,44.100558],[-123.859823,44.100559],[-123.859844,44.10056],[-123.859873,44.100561],[-123.859895,44.100561],[-123.859913,44.100561],[-123.859944,44.10056],[-123.859978,44.100558],[-123.860004,44.100556],[-123.860032,44.100553],[-123.860061,44.100549],[-123.860087,44.100545],[-123.860104,44.100542],[-123.860124,44.100538],[-123.860148,44.100532],[-123.860176,44.100526],[-123.860205,44.100519],[-123.860234,44.100511],[-123.860271,44.1005],[-123.860301,44.10049],[-123.86034,44.100477],[-123.860368,44.100467],[-123.860396,44.100456],[-123.86043,44.100443],[-123.86046,44.100431],[-123.860489,44.100419],[-123.860512,44.100409],[-123.860532,44.1004],[-123.860558,44.100389],[-123.860588,44.100375],[-123.860613,44.100363],[-123.86063,44.100355],[-123.860658,44.100342],[-123.86069,44.100326],[-123.860713,44.100315],[-123.860735,44.100305],[-123.860764,44.10029],[-123.860792,44.100276],[-123.860818,44.100263],[-123.860836,44.100254],[-123.860852,44.100246],[-123.860863,44.10024],[-123.86088,44.100231],[-123.860913,44.100214],[-123.860943,44.100199],[-123.860969,44.100186],[-123.860998,44.100173],[-123.861027,44.100161],[-123.861058,44.100149],[-123.861091,44.100137],[-123.86112,44.100126],[-123.861138,44.10012],[-123.861174,44.100109],[-123.861188,44.100104],[-123.861212,44.100096],[-123.861234,44.10009],[-123.861249,44.100085],[-123.861263,44.100081],[-123.862278,44.099782],[-123.862289,44.099779],[-123.862302,44.099776],[-123.862327,44.099769],[-123.862354,44.099762],[-123.862389,44.099754],[-123.86242,44.099747],[-123.862445,44.099742],[-123.86248,44.099735],[-123.862511,44.09973],[-123.862546,44.099725],[-123.862578,44.09972],[-123.862599,44.099718],[-123.862622,44.099716],[-123.862639,44.099715],[-123.862657,44.099714],[-123.862677,44.099713],[-123.862692,44.099713],[-123.862722,44.099713],[-123.862743,44.099714],[-123.862769,44.099716],[-123.862795,44.099719],[-123.862819,44.099722],[-123.862851,44.099727],[-123.862871,44.09973],[-123.862896,44.099735],[-123.862924,44.099742],[-123.862946,44.099747],[-123.862968,44.099753],[-123.862994,44.099761],[-123.863009,44.099765],[-123.863037,44.099773],[-123.863063,44.09978],[-123.863083,44.099785],[-123.863111,44.099792],[-123.863145,44.099798],[-123.863171,44.099801],[-123.863195,44.099803],[-123.863224,44.099804],[-123.86325,44.099803],[-123.863273,44.099801],[-123.863306,44.099797],[-123.863335,44.099792],[-123.863365,44.099783],[-123.863395,44.099772],[-123.863419,44.09976],[-123.863442,44.099746],[-123.863463,44.09973],[-123.863486,44.099709],[-123.863505,44.099685],[-123.863516,44.099668],[-123.863528,44.099643],[-123.863537,44.099616],[-123.863541,44.099591],[-123.863543,44.099574],[-123.863542,44.099556],[-123.863541,44.099539],[-123.863539,44.099525],[-123.863535,44.099509],[-123.86353,44.099491],[-123.863521,44.099467],[-123.863511,44.099443],[-123.863493,44.099413],[-123.863479,44.099391],[-123.863469,44.099376],[-123.863456,44.099361],[-123.863443,44.099346],[-123.863429,44.099331],[-123.863417,44.099319],[-123.863399,44.099302],[-123.863377,44.099282],[-123.863358,44.099266],[-123.863346,44.099256],[-123.863335,44.099246],[-123.86331,44.099225],[-123.863291,44.099211],[-123.863272,44.099195],[-123.863272,44.099195],[-123.863271,44.099194],[-123.863263,44.099187],[-123.863245,44.099173],[-123.863205,44.09914],[-123.86318,44.09912],[-123.863147,44.099091],[-123.863126,44.099073],[-123.863109,44.099058],[-123.863092,44.099042],[-123.863074,44.099024],[-123.863055,44.099005],[-123.863038,44.098988],[-123.863023,44.098973],[-123.863008,44.098956],[-123.862995,44.098941],[-123.862989,44.098934],[-123.862976,44.098919],[-123.862966,44.098907],[-123.862959,44.098898],[-123.862951,44.098887],[-123.862938,44.098869],[-123.862928,44.098855],[-123.862918,44.098839],[-123.862909,44.098826],[-123.862903,44.098815],[-123.862896,44.098801],[-123.862889,44.09879],[-123.862885,44.09878],[-123.862881,44.098769],[-123.862876,44.098758],[-123.86287,44.098743],[-123.862867,44.098733],[-123.862865,44.098724],[-123.862862,44.098714],[-123.86286,44.098704],[-123.862857,44.098689],[-123.862854,44.098671],[-123.862854,44.098661],[-123.862853,44.098644],[-123.862852,44.098636],[-123.862852,44.098623],[-123.862853,44.098617],[-123.862854,44.098609],[-123.862855,44.098593],[-123.862857,44.098586],[-123.862859,44.098577],[-123.862865,44.09856],[-123.862868,44.098552],[-123.862871,44.098547],[-123.862874,44.098543],[-123.862878,44.098537],[-123.862879,44.098536],[-123.862883,44.098533],[-123.862885,44.098531],[-123.862891,44.098526],[-123.862895,44.098523],[-123.862903,44.098518],[-123.862919,44.09851],[-123.862925,44.098507],[-123.862934,44.098503],[-123.862948,44.098499],[-123.862959,44.098495],[-123.862966,44.098493],[-123.862976,44.098491],[-123.862987,44.098489],[-123.862997,44.098487],[-123.863008,44.098485],[-123.863025,44.098483],[-123.863037,44.098482],[-123.86305,44.09848],[-123.863058,44.09848],[-123.86308,44.098479],[-123.863091,44.098478],[-123.863104,44.098478],[-123.863121,44.098477],[-123.863138,44.098476],[-123.863158,44.098475],[-123.863175,44.098474],[-123.863199,44.098471],[-123.863227,44.098466],[-123.863247,44.098462],[-123.863263,44.098457],[-123.86329,44.098448],[-123.863311,44.098439],[-123.863334,44.098428],[-123.863359,44.098412],[-123.863377,44.098398],[-123.863393,44.098384],[-123.863407,44.098366],[-123.863416,44.098351],[-123.863425,44.098335],[-123.863433,44.098312],[-123.863436,44.098287],[-123.863437,44.098264],[-123.863433,44.098243],[-123.863425,44.098214],[-123.863411,44.098188],[-123.863398,44.098168],[-123.863377,44.098144],[-123.863345,44.098117],[-123.863308,44.098089],[-123.863272,44.098067],[-123.863237,44.098047],[-123.863187,44.098022],[-123.863155,44.098006],[-123.863111,44.097986],[-123.863085,44.097973],[-123.86304,44.097951],[-123.863009,44.097936],[-123.862968,44.097914],[-123.862938,44.097894],[-123.862925,44.097884],[-123.862908,44.097868],[-123.862897,44.097854],[-123.862892,44.097846],[-123.862883,44.097822],[-123.862881,44.09781],[-123.86288,44.097792],[-123.862885,44.097767],[-123.862888,44.097753],[-123.862897,44.097732],[-123.862905,44.097718],[-123.862918,44.097695],[-123.862928,44.097681],[-123.862941,44.097664],[-123.86295,44.097652],[-123.862961,44.097639],[-123.862983,44.097615],[-123.863002,44.097595],[-123.863032,44.097565],[-123.863053,44.097543],[-123.863069,44.097527],[-123.863091,44.097505],[-123.863121,44.097476],[-123.863148,44.09745],[-123.863183,44.097418],[-123.863215,44.097388],[-123.863247,44.09736],[-123.863282,44.097329],[-123.863323,44.097295],[-123.863358,44.097266],[-123.86339,44.097242],[-123.863414,44.097224],[-123.863444,44.097202],[-123.863466,44.097187],[-123.863497,44.097165],[-123.863524,44.097147],[-123.863553,44.097128],[-123.863586,44.097108],[-123.86362,44.097086],[-123.86365,44.097069],[-123.863692,44.097044],[-123.863723,44.097026],[-123.863763,44.097002],[-123.863795,44.096984],[-123.863832,44.096962],[-123.863856,44.096948],[-123.863876,44.096935],[-123.863909,44.096916],[-123.863938,44.096898],[-123.863981,44.096871],[-123.864014,44.09685],[-123.864028,44.09684],[-123.864067,44.096815],[-123.864101,44.096792],[-123.864123,44.096776],[-123.864153,44.096755],[-123.864194,44.096724],[-123.864236,44.09669],[-123.864266,44.096667],[-123.864287,44.096649],[-123.864306,44.096634],[-123.864329,44.096617],[-123.864344,44.096606],[-123.86437,44.096588],[-123.864403,44.096568],[-123.864427,44.096554],[-123.864451,44.096541],[-123.86447,44.096531],[-123.864492,44.09652],[-123.86454,44.096498],[-123.864568,44.096486],[-123.864598,44.096473],[-123.864634,44.096459],[-123.864655,44.096451],[-123.864686,44.096439],[-123.864718,44.096427],[-123.864742,44.096417],[-123.864777,44.096402],[-123.864803,44.096389],[-123.864816,44.096382],[-123.864836,44.096372],[-123.864867,44.096355],[-123.864897,44.096337],[-123.864927,44.096319],[-123.864943,44.096309],[-123.864968,44.096295],[-123.864987,44.096283],[-123.865,44.096276],[-123.865021,44.096264],[-123.865041,44.096253],[-123.865064,44.096242],[-123.865082,44.096233],[-123.865113,44.09622],[-123.86512,44.096218],[-123.865151,44.096207],[-123.865188,44.096196],[-123.865203,44.096193],[-123.865231,44.096188],[-123.865243,44.096186],[-123.865273,44.096185],[-123.865294,44.096185],[-123.865323,44.096186],[-123.865355,44.096189],[-123.865391,44.096194],[-123.865427,44.096201],[-123.865451,44.096206],[-123.865472,44.096211],[-123.865501,44.096218],[-123.865531,44.096226],[-123.865559,44.096235],[-123.865588,44.096244],[-123.865612,44.096253],[-123.865633,44.096261],[-123.865659,44.096272],[-123.865684,44.096283],[-123.865703,44.096292],[-123.865736,44.096309],[-123.865756,44.09632],[-123.865774,44.09633],[-123.865798,44.096345],[-123.86582,44.096359],[-123.865835,44.09637],[-123.86587,44.096396],[-123.865873,44.096398],[-123.865897,44.096418],[-123.865918,44.096437],[-123.865939,44.096456],[-123.865952,44.09647],[-123.86597,44.096488],[-123.865988,44.09651],[-123.865996,44.09652],[-123.866008,44.096535],[-123.86603,44.096566],[-123.866049,44.096594],[-123.866065,44.096622],[-123.866083,44.096653],[-123.866092,44.09667],[-123.866112,44.096709],[-123.86613,44.096744],[-123.866148,44.096783],[-123.866161,44.096811],[-123.866171,44.096833],[-123.866181,44.096858],[-123.866193,44.096889],[-123.8662,44.09691],[-123.866206,44.09693],[-123.866213,44.096955],[-123.866221,44.096993],[-123.866225,44.097012],[-123.86623,44.097053],[-123.866234,44.097097],[-123.866236,44.097127],[-123.866238,44.097146],[-123.866241,44.097181],[-123.866245,44.09721],[-123.866251,44.097239],[-123.866257,44.097261],[-123.866264,44.097282],[-123.866271,44.097305],[-123.866284,44.097335],[-123.866293,44.09735],[-123.866302,44.097367],[-123.866321,44.097396],[-123.866335,44.097416],[-123.866354,44.097439],[-123.866379,44.097467],[-123.86658,44.097689],[-123.866597,44.097707],[-123.866611,44.097721],[-123.866623,44.097732],[-123.866647,44.097751],[-123.866667,44.097765],[-123.866697,44.097781],[-123.86672,44.09779],[-123.866742,44.097797],[-123.866775,44.097803],[-123.866808,44.097806],[-123.866837,44.097806],[-123.866864,44.097804],[-123.866891,44.097799],[-123.866914,44.097794],[-123.866937,44.097786],[-123.866962,44.097774],[-123.866988,44.097758],[-123.867004,44.097745],[-123.86702,44.097729],[-123.867032,44.097716],[-123.867044,44.097697],[-123.867052,44.097683],[-123.867059,44.097667],[-123.867065,44.097648],[-123.867068,44.097623],[-123.867068,44.097604],[-123.867067,44.097582],[-123.867064,44.097558],[-123.867062,44.097535],[-123.86706,44.0975],[-123.866889,44.096534],[-123.866883,44.096507],[-123.866879,44.096477],[-123.866875,44.096441],[-123.866872,44.096406],[-123.86687,44.096374],[-123.86687,44.09633],[-123.866872,44.096301],[-123.866873,44.096285],[-123.866876,44.09626],[-123.866881,44.096228],[-123.866884,44.096176],[-123.866883,44.096145],[-123.86688,44.096121],[-123.866871,44.096081],[-123.866856,44.096048],[-123.866822,44.095993],[-123.866796,44.095964],[-123.866776,44.095944],[-123.866753,44.095925],[-123.866707,44.095889],[-123.866675,44.095867],[-123.866632,44.095838],[-123.866581,44.095804],[-123.866549,44.09578],[-123.866525,44.095762],[-123.866484,44.095726],[-123.866457,44.0957],[-123.866423,44.095663],[-123.866387,44.095615],[-123.866355,44.095563],[-123.86634,44.095535],[-123.86633,44.095511],[-123.866317,44.095479],[-123.866308,44.095441],[-123.866303,44.095405],[-123.866303,44.095368],[-123.866308,44.095338],[-123.866317,44.095307],[-123.866338,44.095259],[-123.866365,44.095212],[-123.866406,44.095157],[-123.866429,44.09513],[-123.866474,44.09508],[-123.866502,44.095052],[-123.866551,44.095004],[-123.866614,44.094946],[-123.866674,44.094893],[-123.866731,44.094845],[-123.866781,44.094805],[-123.866832,44.094766],[-123.866895,44.094723],[-123.866948,44.094688],[-123.867012,44.094649],[-123.867074,44.094612],[-123.867123,44.094585],[-123.867613,44.094343],[-123.867644,44.094328],[-123.86769,44.094304],[-123.867739,44.094281],[-123.867777,44.094264],[-123.867843,44.094234],[-123.867914,44.094203],[-123.868274,44.094049],[-123.868325,44.094026],[-123.868372,44.094005],[-123.868422,44.093981],[-123.868443,44.093971],[-123.868476,44.093955],[-123.868513,44.093936],[-123.868549,44.093917],[-123.868582,44.093898],[-123.868625,44.093873],[-123.868641,44.093863],[-123.868667,44.093846],[-123.868703,44.093823],[-123.868709,44.093818],[-123.86873,44.093804],[-123.868763,44.093783],[-123.868795,44.093762],[-123.868826,44.093742],[-123.868849,44.093727],[-123.868875,44.093711],[-123.868907,44.093693],[-123.868933,44.093677],[-123.868983,44.093649],[-123.869042,44.093616],[-123.869474,44.093375],[-123.869505,44.093357],[-123.869525,44.093344],[-123.869534,44.093339],[-123.869534,44.093338],[-123.869535,44.093338],[-123.869557,44.093324],[-123.869578,44.09331],[-123.86962,44.093281],[-123.869652,44.093258],[-123.869685,44.093235],[-123.869726,44.093205],[-123.869767,44.093174],[-123.869806,44.093145],[-123.869829,44.093127],[-123.869874,44.093091],[-123.869894,44.093074],[-123.86992,44.093051],[-123.869946,44.093028],[-123.869984,44.092992],[-123.870011,44.092966],[-123.870033,44.092942],[-123.870067,44.092907],[-123.870099,44.092873],[-123.870128,44.092839],[-123.87017,44.092793],[-123.870181,44.092782],[-123.870209,44.092752],[-123.870236,44.092724],[-123.870259,44.0927],[-123.870306,44.092654],[-123.870347,44.092615],[-123.870383,44.092581],[-123.870429,44.09254],[-123.870447,44.092524],[-123.870456,44.092516],[-123.870484,44.092492],[-123.870519,44.092461],[-123.870547,44.092436],[-123.870587,44.092398],[-123.870612,44.092372],[-123.870639,44.092344],[-123.870674,44.092306],[-123.870714,44.092259],[-123.870757,44.092206],[-123.87079,44.092162],[-123.870821,44.092121],[-123.870846,44.092087],[-123.870872,44.092054],[-123.870926,44.091989],[-123.870946,44.091966],[-123.87095,44.091962],[-123.870978,44.091933],[-123.871011,44.091902],[-123.871053,44.091866],[-123.871089,44.091835],[-123.871131,44.091802],[-123.87117,44.091773],[-123.871188,44.091759],[-123.871244,44.091719],[-123.87126,44.091708],[-123.871298,44.091685],[-123.871311,44.091678],[-123.87136,44.091656],[-123.871382,44.091648],[-123.871429,44.091633],[-123.871455,44.091625],[-123.871478,44.09162],[-123.871496,44.091616],[-123.871529,44.091609],[-123.871565,44.091602],[-123.871594,44.091597],[-123.871625,44.091592],[-123.871661,44.091585],[-123.871684,44.091581],[-123.871707,44.091576],[-123.871753,44.091565],[-123.871798,44.091554],[-123.871829,44.091544],[-123.871866,44.091532],[-123.871901,44.091518],[-123.871947,44.091498],[-123.871981,44.091481],[-123.87203,44.091453],[-123.87207,44.091429],[-123.872105,44.091405],[-123.872126,44.091389],[-123.872157,44.091367],[-123.872181,44.091349],[-123.872195,44.091339],[-123.87221,44.091329],[-123.872239,44.091311],[-123.872253,44.091303],[-123.872273,44.091292],[-123.872293,44.091281],[-123.872314,44.091271],[-123.872347,44.091256],[-123.872381,44.091242],[-123.872408,44.091231],[-123.872445,44.091218],[-123.872497,44.091201],[-123.872526,44.091192],[-123.872569,44.09118],[-123.872611,44.091168],[-123.872658,44.091154],[-123.872692,44.091144],[-123.872726,44.091133],[-123.872783,44.091114],[-123.872836,44.091094],[-123.872878,44.091077],[-123.872913,44.091063],[-123.872951,44.091046],[-123.872996,44.091026],[-123.873028,44.091011],[-123.873072,44.090991],[-123.873112,44.090971],[-123.873142,44.090956],[-123.87318,44.090939],[-123.873212,44.090925],[-123.873243,44.090912],[-123.873276,44.0909],[-123.873306,44.090891],[-123.873333,44.090883],[-123.873389,44.09087],[-123.873422,44.090863],[-123.873455,44.090857],[-123.873492,44.090851],[-123.873546,44.090842],[-123.873611,44.090834],[-123.873677,44.090826],[-123.873721,44.090822],[-123.873788,44.090816],[-123.873836,44.090813],[-123.873931,44.09081],[-123.873985,44.090809],[-123.874034,44.090809],[-123.874076,44.09081],[-123.874155,44.090814],[-123.874201,44.090816],[-123.874289,44.090823],[-123.874319,44.090825],[-123.874381,44.090829],[-123.874444,44.090833],[-123.874506,44.090836],[-123.874536,44.090837],[-123.874585,44.090837],[-123.874662,44.090836],[-123.87471,44.090833],[-123.87478,44.090826],[-123.874875,44.09081],[-123.874924,44.090799],[-123.874973,44.090786],[-123.875011,44.090775],[-123.875062,44.090757],[-123.875096,44.090743],[-123.875162,44.090712],[-123.875229,44.090675],[-123.875276,44.090643],[-123.875324,44.090608],[-123.875361,44.090577],[-123.87541,44.090532],[-123.875448,44.090493],[-123.875468,44.090472],[-123.875491,44.090445],[-123.875539,44.090389],[-123.875569,44.090352],[-123.875602,44.090312],[-123.875642,44.090263],[-123.875662,44.09024],[-123.87569,44.090207],[-123.875717,44.090176],[-123.875752,44.090134],[-123.875789,44.090092],[-123.875832,44.090043],[-123.875866,44.090005],[-123.87589,44.089979],[-123.875923,44.089945],[-123.875967,44.0899],[-123.876013,44.089854],[-123.87605,44.08982],[-123.876079,44.089793],[-123.87612,44.089756],[-123.876366,44.08954],[-123.8764,44.089509],[-123.876417,44.089494],[-123.876445,44.089465],[-123.876463,44.089446],[-123.876491,44.089413],[-123.876506,44.089395],[-123.876525,44.089369],[-123.876545,44.089342],[-123.876557,44.089323],[-123.876566,44.089308],[-123.87658,44.089281],[-123.876596,44.089247],[-123.876614,44.089202],[-123.876623,44.089176],[-123.876634,44.08914],[-123.87664,44.089116],[-123.876649,44.089078],[-123.876652,44.089061],[-123.876659,44.089035],[-123.876663,44.089008],[-123.87667,44.088969],[-123.876765,44.08826],[-123.876768,44.088228],[-123.87677,44.088201],[-123.876772,44.088167],[-123.876774,44.088129],[-123.876773,44.088092],[-123.876773,44.088078],[-123.876773,44.088061],[-123.876768,44.088022],[-123.876765,44.087999],[-123.87676,44.087969],[-123.876755,44.087947],[-123.87675,44.087928],[-123.876744,44.087908],[-123.876734,44.087883],[-123.876727,44.087862],[-123.87671,44.087826],[-123.876692,44.087791],[-123.876671,44.087758],[-123.876657,44.087736],[-123.876614,44.087675],[-123.876583,44.087638],[-123.876561,44.087614],[-123.876527,44.087579],[-123.876484,44.08754],[-123.87645,44.08751],[-123.876408,44.087477],[-123.876365,44.087445],[-123.876317,44.087412],[-123.876279,44.087386],[-123.876223,44.08735],[-123.876179,44.087323],[-123.876116,44.087286],[-123.87518,44.08673],[-123.875162,44.086719],[-123.875146,44.086709],[-123.875124,44.086696],[-123.875102,44.086682],[-123.875072,44.086663],[-123.875045,44.086646],[-123.875023,44.086632],[-123.875,44.086616],[-123.874959,44.086588],[-123.874936,44.086572],[-123.874914,44.086556],[-123.874888,44.086537],[-123.874865,44.08652],[-123.874837,44.086498],[-123.874818,44.086484],[-123.874792,44.086464],[-123.874478,44.086222],[-123.874138,44.085977],[-123.874122,44.085965],[-123.874093,44.085943],[-123.874069,44.085926],[-123.874034,44.085898],[-123.874016,44.085883],[-123.873971,44.085844],[-123.873931,44.085807],[-123.873913,44.085788],[-123.873882,44.085754],[-123.873862,44.08573],[-123.873837,44.085697],[-123.873814,44.085664],[-123.873796,44.085635],[-123.873782,44.085611],[-123.873764,44.085574],[-123.873752,44.085549],[-123.873745,44.085533],[-123.873737,44.085507],[-123.873732,44.085489],[-123.873729,44.085471],[-123.873725,44.085443],[-123.873723,44.085424],[-123.873722,44.085398],[-123.873723,44.085375],[-123.873725,44.085354],[-123.873728,44.085327],[-123.873731,44.085306],[-123.873736,44.085283],[-123.873739,44.085266],[-123.873747,44.085236],[-123.873751,44.08522],[-123.873757,44.085199],[-123.873761,44.085183],[-123.873769,44.085153],[-123.873774,44.085133],[-123.873778,44.085114],[-123.873782,44.085096],[-123.873787,44.085069],[-123.873791,44.085048],[-123.873796,44.085013],[-123.873799,44.084992],[-123.873801,44.084967],[-123.873802,44.084948],[-123.873803,44.084927],[-123.873803,44.084904],[-123.873802,44.084871],[-123.8738,44.08485],[-123.873796,44.084822],[-123.873786,44.084776],[-123.873773,44.084737],[-123.873758,44.084705],[-123.87374,44.084672],[-123.873722,44.084646],[-123.873699,44.084617],[-123.873681,44.084597],[-123.873647,44.084563],[-123.873611,44.084533],[-123.873586,44.084514],[-123.873551,44.08449],[-123.873508,44.084462],[-123.87346,44.084436],[-123.873419,44.084417],[-123.873392,44.084404],[-123.873356,44.084389],[-123.873309,44.084371],[-123.873289,44.084365],[-123.873289,44.084364],[-123.872275,44.084348],[-123.872275,44.084348],[-123.872287,44.08435],[-123.872333,44.084359],[-123.872403,44.084371],[-123.872469,44.084382],[-123.872531,44.084391],[-123.87259,44.084398],[-123.872656,44.084407],[-123.872698,44.084412],[-123.872749,44.084418],[-123.872789,44.084424],[-123.872839,44.084431],[-123.872864,44.084435],[-123.872901,44.084441],[-123.872928,44.084446],[-123.872972,44.084454],[-123.873001,44.08446],[-123.873031,44.084467],[-123.873065,44.084476],[-123.873111,44.084488],[-123.873152,44.0845],[-123.873174,44.084507],[-123.873207,44.084519],[-123.873246,44.084534],[-123.873273,44.084545],[-123.873293,44.084554],[-123.873329,44.084571],[-123.873364,44.08459],[-123.873396,44.084611],[-123.873425,44.084631],[-123.873442,44.084643],[-123.873468,44.084665],[-123.873493,44.08469],[-123.873503,44.084702],[-123.873521,44.084724],[-123.873532,44.08474],[-123.873543,44.084761],[-123.873553,44.084782],[-123.873562,44.084809],[-123.87357,44.084843],[-123.873573,44.084864],[-123.873574,44.084878],[-123.873575,44.084906],[-123.873575,44.084924],[-123.873574,44.08494],[-123.873573,44.084958],[-123.873571,44.084979],[-123.873569,44.084996],[-123.873564,44.085029],[-123.873561,44.085046],[-123.873556,44.085072],[-123.873552,44.085089],[-123.873548,44.085107],[-123.873544,44.085123],[-123.873536,44.085152],[-123.873532,44.085168],[-123.873527,44.085188],[-123.873522,44.085205],[-123.873514,44.085239],[-123.87351,44.085258],[-123.873504,44.085286],[-123.8735,44.085312],[-123.873497,44.085342],[-123.873494,44.085367],[-123.873494,44.085398],[-123.873495,44.085431],[-123.873497,44.085458],[-123.873502,44.085491],[-123.873507,44.085516],[-123.873514,44.085541],[-123.873524,44.085574],[-123.873534,44.085598],[-123.873548,44.085628],[-123.873568,44.085669],[-123.873586,44.0857],[-123.873608,44.085735],[-123.873635,44.085773],[-123.873664,44.085812],[-123.873689,44.085842],[-123.873723,44.08588],[-123.873748,44.085905],[-123.873792,44.085947],[-123.873844,44.085991],[-123.873865,44.086008],[-123.873903,44.086039],[-123.87393,44.086058],[-123.873956,44.086078],[-123.873974,44.086092],[-123.874314,44.086337],[-123.874625,44.086576],[-123.874651,44.086596],[-123.87467,44.086611],[-123.8747,44.086634],[-123.874724,44.086652],[-123.874752,44.086672],[-123.874777,44.08669],[-123.874801,44.086707],[-123.874843,44.086735],[-123.874868,44.086753],[-123.874894,44.086769],[-123.874922,44.086787],[-123.874952,44.086806],[-123.874975,44.086821],[-123.874998,44.086835],[-123.875016,44.086845],[-123.875035,44.086857],[-123.875971,44.087413],[-123.876032,44.087449],[-123.876071,44.087474],[-123.876126,44.087508],[-123.87616,44.087531],[-123.876204,44.087562],[-123.876242,44.08759],[-123.876278,44.087619],[-123.876307,44.087643],[-123.876343,44.087677],[-123.876372,44.087706],[-123.87639,44.087726],[-123.876415,44.087755],[-123.876452,44.087807],[-123.876463,44.087825],[-123.87648,44.087853],[-123.876495,44.087881],[-123.876508,44.087909],[-123.876514,44.087926],[-123.876522,44.087947],[-123.876526,44.08796],[-123.87653,44.087978],[-123.876534,44.087993],[-123.876538,44.088016],[-123.876541,44.088037],[-123.876545,44.088071],[-123.876545,44.088081],[-123.876545,44.088094],[-123.876546,44.088127],[-123.876544,44.08816],[-123.876542,44.088192],[-123.87654,44.088218],[-123.876537,44.088246],[-123.876443,44.088951],[-123.876437,44.088988],[-123.876433,44.089011],[-123.876426,44.089037],[-123.876424,44.089053],[-123.876415,44.089087],[-123.876409,44.089109],[-123.876401,44.089139],[-123.876394,44.089159],[-123.876378,44.089198],[-123.876365,44.089226],[-123.876355,44.089245],[-123.876349,44.089255],[-123.876339,44.08927],[-123.876324,44.089292],[-123.876307,44.089315],[-123.876296,44.089328],[-123.876271,44.089356],[-123.876257,44.089372],[-123.876234,44.089394],[-123.87622,44.089407],[-123.876188,44.089437],[-123.875943,44.089652],[-123.8759,44.08969],[-123.87587,44.089719],[-123.87583,44.089756],[-123.875781,44.089804],[-123.875735,44.089851],[-123.875701,44.089887],[-123.875675,44.089916],[-123.87564,44.089954],[-123.875596,44.090004],[-123.875558,44.090047],[-123.875522,44.090089],[-123.875495,44.090121],[-123.875466,44.090155],[-123.875446,44.090179],[-123.875406,44.090228],[-123.875373,44.090268],[-123.875343,44.090304],[-123.875298,44.090358],[-123.875276,44.090382],[-123.87526,44.0904],[-123.875226,44.090434],[-123.875184,44.090473],[-123.875156,44.090497],[-123.875118,44.090525],[-123.875081,44.090549],[-123.87503,44.090578],[-123.874978,44.090602],[-123.874955,44.090611],[-123.874916,44.090625],[-123.87489,44.090633],[-123.874851,44.090643],[-123.874816,44.090651],[-123.874739,44.090663],[-123.874684,44.090669],[-123.874648,44.090671],[-123.874583,44.090673],[-123.874542,44.090672],[-123.874518,44.090672],[-123.874462,44.090669],[-123.874402,44.090665],[-123.874341,44.090661],[-123.874311,44.090659],[-123.874222,44.090652],[-123.87417,44.090649],[-123.874087,44.090646],[-123.874039,44.090645],[-123.873984,44.090645],[-123.873923,44.090645],[-123.87382,44.090649],[-123.873766,44.090653],[-123.873693,44.090658],[-123.873643,44.090663],[-123.873572,44.090671],[-123.873501,44.090681],[-123.873442,44.09069],[-123.873401,44.090697],[-123.873362,44.090704],[-123.873322,44.090712],[-123.873256,44.090728],[-123.873218,44.090739],[-123.87318,44.090751],[-123.873136,44.090767],[-123.873095,44.090784],[-123.873059,44.090799],[-123.873018,44.090819],[-123.872985,44.090834],[-123.872945,44.090853],[-123.872904,44.090873],[-123.872873,44.090887],[-123.872832,44.090906],[-123.872797,44.090921],[-123.872765,44.090934],[-123.872729,44.090949],[-123.872681,44.090966],[-123.872632,44.090983],[-123.872602,44.090993],[-123.872571,44.091002],[-123.872528,44.091015],[-123.872484,44.091027],[-123.872439,44.09104],[-123.872406,44.09105],[-123.872347,44.091069],[-123.872303,44.091085],[-123.87227,44.091098],[-123.87223,44.091115],[-123.87219,44.091133],[-123.872161,44.091147],[-123.872136,44.09116],[-123.872112,44.091173],[-123.872091,44.091185],[-123.872057,44.091207],[-123.872036,44.091221],[-123.872019,44.091234],[-123.871995,44.091251],[-123.871965,44.091273],[-123.871945,44.091287],[-123.871917,44.091306],[-123.871885,44.091326],[-123.871844,44.091349],[-123.871823,44.09136],[-123.871788,44.091375],[-123.871764,44.091384],[-123.871736,44.091394],[-123.871714,44.091401],[-123.87168,44.09141],[-123.871641,44.091418],[-123.871622,44.091423],[-123.871603,44.091426],[-123.87157,44.091432],[-123.871539,44.091437],[-123.87151,44.091443],[-123.871469,44.09145],[-123.87143,44.091458],[-123.871408,44.091463],[-123.871377,44.091471],[-123.871341,44.091481],[-123.871282,44.0915],[-123.871246,44.091513],[-123.87118,44.091543],[-123.871155,44.091557],[-123.871109,44.091585],[-123.871085,44.091601],[-123.871025,44.091644],[-123.871005,44.091659],[-123.870965,44.091689],[-123.870918,44.091726],[-123.870878,44.09176],[-123.870832,44.0918],[-123.870794,44.091835],[-123.87076,44.091871],[-123.870754,44.091877],[-123.870732,44.091902],[-123.870674,44.091972],[-123.870646,44.092008],[-123.87062,44.092043],[-123.870589,44.092084],[-123.870558,44.092126],[-123.870519,44.092174],[-123.870482,44.092218],[-123.870451,44.092252],[-123.870425,44.092278],[-123.870403,44.092301],[-123.870367,44.092334],[-123.870341,44.092358],[-123.870307,44.092387],[-123.870279,44.092412],[-123.870271,44.092419],[-123.870252,44.092436],[-123.870203,44.092479],[-123.870165,44.092515],[-123.870122,44.092556],[-123.870074,44.092604],[-123.870049,44.092629],[-123.87002,44.092659],[-123.869992,44.092689],[-123.86998,44.092702],[-123.869936,44.09275],[-123.869907,44.092783],[-123.869878,44.092814],[-123.869845,44.092849],[-123.869824,44.09287],[-123.8698,44.092894],[-123.869766,44.092927],[-123.869743,44.092947],[-123.86972,44.092968],[-123.869702,44.092983],[-123.869661,44.093016],[-123.869641,44.093031],[-123.869603,44.093059],[-123.869562,44.09309],[-123.869522,44.093119],[-123.869515,44.093124],[-123.869515,44.093124],[-123.869515,44.093124],[-123.869491,44.093142],[-123.86946,44.093163],[-123.86942,44.093191],[-123.869405,44.093202],[-123.869375,44.09322],[-123.869357,44.093231],[-123.869333,44.093246],[-123.868902,44.093486],[-123.868843,44.093519],[-123.868789,44.093549],[-123.868762,44.093566],[-123.868729,44.093585],[-123.868701,44.093602],[-123.868674,44.093618],[-123.86864,44.093641],[-123.868609,44.093662],[-123.868576,44.093683],[-123.868553,44.093698],[-123.868547,44.093702],[-123.868515,44.093723],[-123.868489,44.09374],[-123.868477,44.093747],[-123.86844,44.09377],[-123.86841,44.093786],[-123.868378,44.093804],[-123.868346,44.09382],[-123.868316,44.093834],[-123.868296,44.093844],[-123.868248,44.093867],[-123.868204,44.093887],[-123.868156,44.093909],[-123.867797,44.094062],[-123.867724,44.094094],[-123.867655,44.094124],[-123.867615,44.094143],[-123.867562,44.094168],[-123.867513,44.094192],[-123.867483,44.094208],[-123.86699,44.094451],[-123.866932,44.094483],[-123.866865,44.094523],[-123.866798,44.094564],[-123.86674,44.094602],[-123.86667,44.09465],[-123.866612,44.094694],[-123.866559,44.094737],[-123.8665,44.094787],[-123.866436,44.094843],[-123.866369,44.094904],[-123.866316,44.094956],[-123.866286,44.094988],[-123.866235,44.095042],[-123.866207,44.095076],[-123.866159,44.095141],[-123.866124,44.095202],[-123.866096,44.095265],[-123.866082,44.095311],[-123.866075,44.095358],[-123.866074,44.095413],[-123.866081,44.095464],[-123.866094,44.095516],[-123.866111,44.095558],[-123.866124,44.095589],[-123.866144,44.095626],[-123.866182,44.095688],[-123.866227,44.095747],[-123.866269,44.095794],[-123.866303,44.095828],[-123.866354,44.095872],[-123.866384,44.095895],[-123.866422,44.095922],[-123.866477,44.095959],[-123.866518,44.095986],[-123.866544,44.096005],[-123.866583,44.096035],[-123.866598,44.096047],[-123.866607,44.096057],[-123.866621,44.096072],[-123.866642,44.096106],[-123.866648,44.09612],[-123.866653,44.096141],[-123.866655,44.096154],[-123.866656,44.096175],[-123.866653,44.096216],[-123.866649,44.096243],[-123.866645,44.096273],[-123.866644,44.096294],[-123.866642,44.096326],[-123.866642,44.096378],[-123.866644,44.096415],[-123.866648,44.096454],[-123.866652,44.096491],[-123.866657,44.096526],[-123.866662,44.096556],[-123.866833,44.097513],[-123.866834,44.097544],[-123.866837,44.09757],[-123.866839,44.097591],[-123.86684,44.097606],[-123.866839,44.097615],[-123.866839,44.097622],[-123.866838,44.097624],[-123.866836,44.097628],[-123.866834,44.097633],[-123.866831,44.097638],[-123.86683,44.097638],[-123.866828,44.09764],[-123.866826,44.097641],[-123.866825,44.097642],[-123.866823,44.097642],[-123.86682,44.097641],[-123.866819,44.097641],[-123.866813,44.097638],[-123.866811,44.097637],[-123.866798,44.097625],[-123.866793,44.097622],[-123.866785,44.097613],[-123.86677,44.097597],[-123.866571,44.097379],[-123.866549,44.097353],[-123.866535,44.097336],[-123.866525,44.097322],[-123.866513,44.097304],[-123.866505,44.097288],[-123.866499,44.097278],[-123.866492,44.097262],[-123.866486,44.097244],[-123.866481,44.097228],[-123.866477,44.097212],[-123.866472,44.097189],[-123.866468,44.097166],[-123.866466,44.097135],[-123.866464,44.097118],[-123.866462,44.097088],[-123.866458,44.09704],[-123.866452,44.096994],[-123.866447,44.09697],[-123.866438,44.096926],[-123.86643,44.096896],[-123.866422,44.096872],[-123.866414,44.096848],[-123.866401,44.096812],[-123.866389,44.096785],[-123.866379,44.096761],[-123.866364,44.09673],[-123.866346,44.09669],[-123.866327,44.096652],[-123.866306,44.096612],[-123.866295,44.096592],[-123.866275,44.096557],[-123.866257,44.096527],[-123.866235,44.096492],[-123.866208,44.096457],[-123.866196,44.09644],[-123.866185,44.096426],[-123.866161,44.096398],[-123.86614,44.096376],[-123.866123,44.096359],[-123.866099,44.096336],[-123.866072,44.096312],[-123.866042,44.096287],[-123.866035,44.096282],[-123.865998,44.096254],[-123.865976,44.096238],[-123.865948,44.096221],[-123.865919,44.096203],[-123.865896,44.09619],[-123.865872,44.096176],[-123.865831,44.096156],[-123.865806,44.096144],[-123.865776,44.096131],[-123.865744,44.096117],[-123.865718,44.096107],[-123.865687,44.096096],[-123.865652,44.096084],[-123.865617,44.096074],[-123.865579,44.096063],[-123.865544,44.096054],[-123.865518,44.096049],[-123.865486,44.096042],[-123.865441,44.096034],[-123.865393,44.096027],[-123.865346,44.096022],[-123.865301,44.09602],[-123.865263,44.09602],[-123.865213,44.096023],[-123.865184,44.096027],[-123.865142,44.096034],[-123.865111,44.096041],[-123.865061,44.096056],[-123.865019,44.09607],[-123.865003,44.096076],[-123.864962,44.096093],[-123.864936,44.096106],[-123.864908,44.096119],[-123.864882,44.096133],[-123.864857,44.096147],[-123.864843,44.096156],[-123.864822,44.096168],[-123.864798,44.096183],[-123.864781,44.096193],[-123.864752,44.09621],[-123.864726,44.096225],[-123.8647,44.096239],[-123.864681,44.096249],[-123.864672,44.096254],[-123.864654,44.096263],[-123.864627,44.096275],[-123.864606,44.096283],[-123.864578,44.096294],[-123.864548,44.096305],[-123.864525,44.096314],[-123.864487,44.096329],[-123.864453,44.096343],[-123.864419,44.096358],[-123.864366,44.096382],[-123.864337,44.096397],[-123.864314,44.096409],[-123.864286,44.096424],[-123.864255,44.096443],[-123.864217,44.096466],[-123.864186,44.096487],[-123.864165,44.096502],[-123.864139,44.096522],[-123.864118,44.096539],[-123.864095,44.096557],[-123.864066,44.09658],[-123.864027,44.096612],[-123.863989,44.09664],[-123.863962,44.09666],[-123.863942,44.096674],[-123.863912,44.096694],[-123.863873,44.09672],[-123.86386,44.096729],[-123.863831,44.096747],[-123.863789,44.096773],[-123.863761,44.096791],[-123.86373,44.096809],[-123.86371,44.096821],[-123.863686,44.096835],[-123.863652,44.096856],[-123.863619,44.096874],[-123.86358,44.096898],[-123.863549,44.096915],[-123.863505,44.096942],[-123.863474,44.09696],[-123.863437,44.096983],[-123.863401,44.097005],[-123.86337,44.097026],[-123.86334,44.097045],[-123.863307,44.097068],[-123.863283,44.097085],[-123.86325,44.097109],[-123.863224,44.097129],[-123.863189,44.097156],[-123.863151,44.097186],[-123.863108,44.097223],[-123.86307,44.097255],[-123.863036,44.097286],[-123.863003,44.097317],[-123.862967,44.09735],[-123.862938,44.097377],[-123.862907,44.097408],[-123.862884,44.09743],[-123.862867,44.097447],[-123.862845,44.09747],[-123.862814,44.097502],[-123.862793,44.097524],[-123.862768,44.097551],[-123.862754,44.097568],[-123.862742,44.097582],[-123.862723,44.097607],[-123.86271,44.097628],[-123.862693,44.097656],[-123.862681,44.09768],[-123.862666,44.097714],[-123.862659,44.097742],[-123.862652,44.097783],[-123.862652,44.097821],[-123.862659,44.097856],[-123.862676,44.097899],[-123.86269,44.097924],[-123.862716,44.097958],[-123.862751,44.097992],[-123.86278,44.098013],[-123.862823,44.098041],[-123.862875,44.098069],[-123.862911,44.098087],[-123.862959,44.098111],[-123.862986,44.098123],[-123.863028,44.098144],[-123.863059,44.098158],[-123.863101,44.098179],[-123.863127,44.098194],[-123.863152,44.098209],[-123.863174,44.098226],[-123.863191,44.098241],[-123.863199,44.098249],[-123.863201,44.098253],[-123.863205,44.09826],[-123.863208,44.098269],[-123.863208,44.098272],[-123.863208,44.098278],[-123.863207,44.098284],[-123.863207,44.098284],[-123.863206,44.098287],[-123.863203,44.098291],[-123.8632,44.098294],[-123.863193,44.098298],[-123.863189,44.0983],[-123.863184,44.098302],[-123.863173,44.098306],[-123.863171,44.098306],[-123.863166,44.098307],[-123.863153,44.09831],[-123.863143,44.098311],[-123.863135,44.098312],[-123.863121,44.098312],[-123.863108,44.098313],[-123.863095,44.098313],[-123.86308,44.098314],[-123.863065,44.098314],[-123.863039,44.098316],[-123.863023,44.098317],[-123.863006,44.098319],[-123.862989,44.09832],[-123.862969,44.098323],[-123.862965,44.098323],[-123.862944,44.098327],[-123.862927,44.09833],[-123.862909,44.098334],[-123.862891,44.098338],[-123.862874,44.098342],[-123.862853,44.098349],[-123.862831,44.098357],[-123.862809,44.098365],[-123.862789,44.098374],[-123.862762,44.098388],[-123.862737,44.098403],[-123.862722,44.098415],[-123.862709,44.098426],[-123.862704,44.098431],[-123.862693,44.098441],[-123.862683,44.098452],[-123.862671,44.098466],[-123.862662,44.098481],[-123.862653,44.098497],[-123.862644,44.098517],[-123.862635,44.098543],[-123.862631,44.098561],[-123.862628,44.098575],[-123.862626,44.098595],[-123.862624,44.098608],[-123.862624,44.09862],[-123.862624,44.098639],[-123.862624,44.098651],[-123.862625,44.098668],[-123.862626,44.098683],[-123.86263,44.09871],[-123.862635,44.098732],[-123.862637,44.098741],[-123.86264,44.098754],[-123.862644,44.098768],[-123.862648,44.098782],[-123.862656,44.098803],[-123.862662,44.098816],[-123.862667,44.098828],[-123.862675,44.098847],[-123.862684,44.098862],[-123.862689,44.098872],[-123.862698,44.09889],[-123.86271,44.098908],[-123.862721,44.098926],[-123.862736,44.098947],[-123.86275,44.098965],[-123.862758,44.098976],[-123.862769,44.098991],[-123.862782,44.099005],[-123.862794,44.09902],[-123.862802,44.099029],[-123.862816,44.099045],[-123.862833,44.099064],[-123.862851,44.099083],[-123.86287,44.099101],[-123.862889,44.099121],[-123.86291,44.099141],[-123.86293,44.09916],[-123.862949,44.099177],[-123.862965,44.099191],[-123.862966,44.099192],[-123.862966,44.099192],[-123.862971,44.099196],[-123.863007,44.099227],[-123.863033,44.099248],[-123.863074,44.099282],[-123.863092,44.099297],[-123.86312,44.09932],[-123.86314,44.099335],[-123.86316,44.099352],[-123.863169,44.09936],[-123.863185,44.099373],[-123.8632,44.099386],[-123.863218,44.099403],[-123.863233,44.099416],[-123.863241,44.099425],[-123.863251,44.099436],[-123.863262,44.099449],[-123.86327,44.099458],[-123.863274,44.099463],[-123.863284,44.09948],[-123.863296,44.0995],[-123.863302,44.099513],[-123.863308,44.099529],[-123.86331,44.099538],[-123.863312,44.099546],[-123.863313,44.099551],[-123.863313,44.099562],[-123.863314,44.099571],[-123.863313,44.099576],[-123.863311,44.099589],[-123.863309,44.099597],[-123.863304,44.099606],[-123.863302,44.099609],[-123.863296,44.099617],[-123.863291,44.099622],[-123.863285,44.099626],[-123.86328,44.099629],[-123.863278,44.09963],[-123.86327,44.099633],[-123.863262,44.099635],[-123.863256,44.099636],[-123.863242,44.099638],[-123.863235,44.099639],[-123.863225,44.099639],[-123.863212,44.099639],[-123.863202,44.099638],[-123.863191,44.099636],[-123.863173,44.099633],[-123.863156,44.09963],[-123.863143,44.099626],[-123.863121,44.09962],[-123.863094,44.099612],[-123.863078,44.099608],[-123.863049,44.099599],[-123.863022,44.099592],[-123.862998,44.099586],[-123.862963,44.099578],[-123.86293,44.099571],[-123.862903,44.099566],[-123.862864,44.09956],[-123.86283,44.099556],[-123.862796,44.099552],[-123.86276,44.09955],[-123.86273,44.099549],[-123.862691,44.099548],[-123.862668,44.099549],[-123.862643,44.09955],[-123.862619,44.099551],[-123.862596,44.099553],[-123.862568,44.099555],[-123.862541,44.099558],[-123.862503,44.099563],[-123.862463,44.099569],[-123.862424,44.099575],[-123.862385,44.099583],[-123.862356,44.099589],[-123.862319,44.099597],[-123.862281,44.099606],[-123.862249,44.099614],[-123.862218,44.099622],[-123.862202,44.099627],[-123.862191,44.09963],[-123.861175,44.099929],[-123.86116,44.099933],[-123.861143,44.099939],[-123.861121,44.099945],[-123.861095,44.099954],[-123.861079,44.099959],[-123.861042,44.099971],[-123.86102,44.099978],[-123.860989,44.09999],[-123.860951,44.100003],[-123.860914,44.100018],[-123.860881,44.100032],[-123.860845,44.100048],[-123.860814,44.100063],[-123.860781,44.10008],[-123.860747,44.100097],[-123.86073,44.100106],[-123.860718,44.100112],[-123.860704,44.100119],[-123.860687,44.100128],[-123.860661,44.100141],[-123.860634,44.100155],[-123.860606,44.100169],[-123.860586,44.100179],[-123.860563,44.10019],[-123.860532,44.100205],[-123.860504,44.100218],[-123.86049,44.100225],[-123.860465,44.100236],[-123.860437,44.100249],[-123.860413,44.10026],[-123.860394,44.100268],[-123.860374,44.100277],[-123.860347,44.100288],[-123.860321,44.100298],[-123.860288,44.100311],[-123.860264,44.10032],[-123.86024,44.100329],[-123.860206,44.10034],[-123.860181,44.100348],[-123.860149,44.100358],[-123.860127,44.100364],[-123.860104,44.10037],[-123.860081,44.100375],[-123.860061,44.100379],[-123.860047,44.100382],[-123.860037,44.100384],[-123.860016,44.100387],[-123.859994,44.10039],[-123.859974,44.100392],[-123.859955,44.100394],[-123.85993,44.100396],[-123.859908,44.100396],[-123.859895,44.100396],[-123.859879,44.100396],[-123.859857,44.100395],[-123.859842,44.100395],[-123.859833,44.100394],[-123.85982,44.100393],[-123.859799,44.100391],[-123.859779,44.100388],[-123.859765,44.100386],[-123.859748,44.100384],[-123.859734,44.100382],[-123.859714,44.100379],[-123.859692,44.100376],[-123.859676,44.100373],[-123.859651,44.10037],[-123.859627,44.100367],[-123.859604,44.100364],[-123.859579,44.100362],[-123.859551,44.100361],[-123.859534,44.10036],[-123.859492,44.10036],[-123.859456,44.100362],[-123.859426,44.100365],[-123.859386,44.100372],[-123.85936,44.100378],[-123.859326,44.100388],[-123.859301,44.100398],[-123.859275,44.100409],[-123.859255,44.100421],[-123.85924,44.10043],[-123.859167,44.100416],[-123.859161,44.100415],[-123.859153,44.100412],[-123.859141,44.100409],[-123.85913,44.100405],[-123.859112,44.100396],[-123.859099,44.100389],[-123.859087,44.100381],[-123.859062,44.100363],[-123.859044,44.100347],[-123.859026,44.100329],[-123.859011,44.10031],[-123.859004,44.100298],[-123.859,44.100286],[-123.858998,44.100273],[-123.858997,44.100254],[-123.858998,44.10023],[-123.859,44.10021],[-123.859002,44.100199],[-123.859061,44.100035],[-123.858839,44.099994],[-123.858776,44.100169],[-123.858772,44.100195],[-123.85877,44.100222],[-123.858768,44.100255],[-123.85877,44.100285],[-123.858774,44.100315],[-123.858788,44.100353],[-123.858806,44.100383],[-123.858832,44.100416],[-123.858863,44.100448],[-123.858893,44.100474],[-123.858931,44.100502],[-123.858955,44.100516],[-123.858979,44.10053],[-123.859012,44.100545],[-123.85904,44.100557],[-123.859065,44.100565],[-123.859088,44.100571],[-123.859105,44.100575],[-123.859143,44.100582],[-123.859142,44.100584],[-123.85914,44.100592],[-123.859136,44.100606],[-123.859134,44.100614],[-123.85913,44.100625],[-123.859127,44.100635],[-123.859123,44.100646],[-123.859119,44.100659],[-123.859117,44.100665],[-123.859115,44.100675],[-123.859113,44.100681],[-123.859111,44.10069],[-123.859106,44.100709],[-123.859102,44.10073],[-123.859101,44.100747],[-123.8591,44.100761],[-123.859099,44.100778],[-123.8591,44.1008],[-123.859101,44.100814],[-123.859102,44.100826],[-123.859105,44.100854],[-123.859111,44.100893],[-123.859116,44.100931],[-123.859117,44.100943],[-123.859119,44.100959],[-123.859121,44.100972],[-123.859122,44.100985],[-123.859124,44.100999],[-123.859126,44.101012],[-123.859128,44.101025],[-123.859129,44.101038],[-123.859131,44.101051],[-123.859132,44.101065],[-123.859134,44.101078],[-123.859136,44.101091],[-123.859138,44.101104],[-123.859139,44.101117],[-123.859141,44.101129],[-123.859141,44.101141],[-123.859143,44.101157],[-123.859145,44.10117],[-123.859147,44.101183],[-123.859149,44.101197],[-123.85915,44.10121],[-123.859152,44.101222],[-123.859154,44.101244],[-123.859156,44.101251],[-123.859157,44.101263],[-123.859159,44.101279],[-123.859162,44.101294],[-123.859165,44.101309],[-123.859169,44.101325],[-123.859173,44.101339],[-123.859177,44.101356],[-123.859184,44.101372],[-123.859188,44.101385],[-123.859195,44.1014],[-123.859201,44.101416],[-123.859209,44.101432],[-123.859217,44.101445],[-123.859221,44.101454],[-123.859225,44.101463],[-123.85923,44.101476],[-123.859237,44.101493],[-123.859245,44.101511],[-123.859255,44.101527],[-123.859267,44.101545],[-123.859281,44.101561],[-123.859293,44.101575],[-123.859309,44.101591],[-123.859327,44.101605],[-123.859344,44.101618],[-123.859361,44.10163],[-123.859381,44.101643],[-123.859403,44.101654],[-123.859424,44.101664],[-123.859448,44.101674],[-123.859471,44.101682],[-123.859493,44.101688],[-123.859517,44.101695],[-123.859541,44.1017],[-123.859566,44.101704],[-123.859591,44.101708],[-123.859617,44.10171],[-123.859644,44.101711],[-123.859675,44.101711],[-123.859703,44.101708],[-123.859723,44.101706],[-123.859743,44.101703],[-123.859764,44.1017],[-123.859785,44.101697],[-123.859805,44.101693],[-123.859826,44.101689],[-123.859847,44.101685],[-123.859867,44.10168],[-123.859887,44.101676],[-123.859906,44.101671],[-123.859925,44.101666],[-123.859944,44.101661],[-123.859963,44.101656],[-123.859982,44.10165],[-123.860001,44.101645],[-123.860021,44.101639],[-123.860038,44.101633],[-123.860059,44.101627],[-123.860079,44.101619],[-123.860097,44.101613],[-123.860114,44.101606],[-123.860131,44.1016],[-123.860149,44.101593],[-123.860166,44.101586],[-123.860183,44.101579],[-123.860201,44.101572],[-123.860217,44.101565],[-123.860236,44.101557],[-123.860254,44.101549],[-123.86027,44.101542],[-123.860287,44.101534],[-123.860301,44.101528],[-123.860317,44.101521],[-123.860332,44.101514],[-123.860379,44.101495],[-123.860412,44.101482],[-123.860447,44.101469],[-123.860483,44.101455],[-123.860518,44.101443],[-123.860548,44.101433],[-123.860587,44.101421],[-123.860603,44.101417],[-123.860624,44.101412],[-123.860652,44.101408],[-123.860673,44.101406],[-123.8607,44.101405],[-123.860718,44.101405],[-123.860734,44.101407],[-123.860747,44.101409],[-123.860757,44.101412],[-123.86076,44.101413],[-123.860762,44.101414],[-123.860769,44.101421],[-123.86077,44.101422],[-123.860773,44.10143],[-123.860776,44.101442],[-123.860777,44.101459],[-123.860777,44.101473],[-123.860775,44.101493],[-123.860771,44.101521],[-123.860766,44.101538],[-123.860756,44.101569],[-123.86075,44.101593],[-123.860743,44.101617],[-123.860735,44.10164],[-123.860727,44.101668],[-123.860714,44.101712],[-123.860702,44.101752],[-123.860688,44.1018],[-123.860682,44.10183],[-123.860681,44.101847],[-123.860681,44.10186],[-123.860682,44.101888],[-123.860683,44.101903],[-123.860688,44.101931],[-123.860695,44.101955],[-123.860714,44.101992],[-123.860735,44.102017],[-123.860755,44.102036],[-123.860791,44.102062],[-123.860818,44.102077],[-123.860845,44.102091],[-123.860887,44.102107],[-123.860924,44.102118],[-123.860957,44.102126],[-123.860997,44.102132],[-123.861036,44.102136],[-123.861075,44.102138],[-123.861118,44.102139],[-123.861161,44.102138],[-123.861191,44.102137],[-123.861231,44.102134],[-123.861278,44.102129],[-123.861331,44.102122],[-123.861378,44.102114],[-123.86142,44.102107],[-123.861464,44.102098],[-123.86149,44.102092],[-123.861514,44.102087],[-123.861537,44.102082],[-123.861567,44.102075],[-123.861596,44.102068],[-123.861629,44.102059],[-123.86167,44.102049],[-123.861711,44.102038],[-123.861761,44.102024],[-123.861796,44.102014],[-123.861815,44.102009],[-123.861832,44.102004],[-123.861851,44.101999],[-123.861887,44.101989],[-123.861925,44.101978],[-123.86196,44.101968],[-123.861989,44.101959],[-123.862017,44.10195],[-123.862044,44.101942],[-123.862072,44.101933],[-123.862102,44.101923],[-123.862123,44.101916],[-123.862156,44.101905],[-123.862187,44.101894],[-123.862226,44.101878],[-123.862249,44.101869],[-123.862285,44.101853],[-123.862306,44.101844],[-123.862334,44.101832],[-123.862357,44.101823],[-123.862389,44.10181],[-123.86241,44.101802],[-123.862434,44.101792],[-123.862452,44.101786],[-123.862493,44.101773],[-123.862513,44.101769],[-123.862519,44.101769],[-123.862535,44.101769],[-123.862537,44.101769],[-123.86255,44.101771],[-123.862557,44.101773],[-123.862557,44.101774],[-123.862557,44.101777],[-123.862557,44.101782],[-123.862554,44.101792],[-123.862549,44.101805],[-123.862547,44.101807],[-123.862539,44.10182],[-123.862531,44.101832],[-123.862524,44.101841],[-123.862513,44.101855],[-123.8625,44.10187],[-123.862479,44.101888],[-123.862467,44.101899],[-123.862457,44.101908],[-123.862443,44.101919],[-123.862431,44.101931],[-123.862419,44.101941],[-123.862408,44.101951],[-123.862396,44.101961],[-123.862382,44.101973],[-123.862371,44.101984],[-123.862361,44.101993],[-123.862347,44.102004],[-123.862334,44.102016],[-123.862322,44.102026],[-123.862312,44.102036],[-123.8623,44.102046],[-123.862286,44.102058],[-123.862275,44.102069],[-123.862263,44.10208],[-123.862252,44.102089],[-123.86224,44.102099],[-123.862226,44.102112],[-123.862215,44.102122],[-123.862204,44.102131],[-123.862191,44.102143],[-123.862178,44.102154],[-123.862166,44.102165],[-123.862156,44.102174],[-123.862144,44.102185],[-123.86213,44.102197],[-123.862119,44.102207],[-123.862108,44.102216],[-123.862095,44.102227],[-123.862082,44.102239],[-123.86207,44.10225],[-123.86206,44.102259],[-123.862047,44.10227],[-123.862032,44.102284],[-123.862004,44.102312],[-123.861979,44.102342],[-123.861956,44.102372],[-123.861938,44.102396],[-123.861921,44.102422],[-123.861909,44.102445],[-123.861897,44.102473],[-123.861889,44.102507],[-123.861888,44.102555],[-123.8619,44.102587],[-123.861922,44.102625],[-123.861942,44.102649],[-123.861972,44.102676],[-123.862001,44.1027],[-123.862022,44.102716],[-123.862045,44.102732],[-123.862078,44.102753],[-123.862129,44.102782],[-123.862151,44.102792],[-123.862167,44.102799],[-123.862183,44.102806],[-123.862199,44.102814],[-123.862215,44.102821],[-123.862232,44.102829],[-123.862247,44.102836],[-123.862263,44.102843],[-123.862278,44.10285],[-123.862295,44.102858],[-123.862312,44.102865],[-123.862327,44.102873],[-123.862344,44.10288],[-123.86236,44.102888],[-123.862377,44.102895],[-123.862392,44.102902],[-123.862408,44.102909],[-123.862424,44.102917],[-123.862441,44.102924],[-123.862455,44.102931],[-123.862472,44.102939],[-123.862488,44.102946],[-123.862504,44.102953],[-123.862521,44.102961],[-123.862536,44.102968],[-123.862553,44.102975],[-123.862569,44.102983],[-123.862586,44.10299],[-123.8626,44.102997],[-123.862617,44.103005],[-123.862633,44.103012],[-123.862649,44.10302],[-123.862666,44.103027],[-123.862681,44.103034],[-123.862697,44.103041],[-123.862716,44.10305],[-123.862739,44.103059],[-123.862755,44.103065],[-123.862765,44.103069],[-123.862775,44.103074],[-123.862784,44.103079],[-123.862793,44.103084],[-123.862803,44.103091],[-123.862811,44.103097],[-123.862821,44.103106],[-123.862832,44.103115],[-123.862838,44.103121],[-123.862841,44.103125],[-123.862847,44.103133],[-123.86285,44.103138],[-123.862851,44.103142],[-123.862853,44.103152],[-123.862855,44.10316],[-123.862855,44.103165],[-123.862855,44.103171],[-123.862854,44.103176],[-123.862852,44.103181],[-123.862848,44.103188],[-123.862846,44.103191],[-123.862843,44.103193],[-123.862834,44.103199],[-123.862822,44.103206],[-123.862812,44.103211],[-123.862802,44.103216],[-123.86279,44.103221],[-123.862783,44.103224],[-123.862778,44.103225],[-123.862765,44.103228],[-123.862749,44.10323],[-123.862732,44.103233],[-123.862715,44.103235],[-123.862698,44.103237],[-123.862681,44.103239],[-123.862665,44.103241],[-123.862648,44.103242],[-123.862631,44.103244],[-123.862615,44.103245],[-123.862599,44.103245],[-123.862582,44.103246],[-123.862563,44.103246],[-123.862546,44.103246],[-123.862529,44.103246],[-123.862511,44.103246],[-123.862493,44.103246],[-123.862475,44.103246],[-123.862457,44.103245],[-123.862439,44.103245],[-123.862419,44.103244],[-123.862399,44.103243],[-123.862382,44.103243],[-123.862364,44.103242],[-123.862347,44.103241],[-123.86233,44.10324],[-123.862312,44.103239],[-123.862294,44.103237],[-123.862277,44.103236],[-123.862261,44.103234],[-123.862242,44.103232],[-123.862225,44.10323],[-123.862208,44.103228],[-123.86219,44.103225],[-123.862174,44.103223],[-123.862156,44.10322],[-123.862139,44.103217],[-123.862123,44.103214],[-123.862105,44.103211],[-123.862089,44.103207],[-123.862071,44.103204],[-123.862053,44.1032],[-123.862035,44.103196],[-123.862016,44.103192],[-123.861998,44.103188],[-123.861982,44.103184],[-123.861963,44.10318],[-123.861944,44.103176],[-123.861926,44.103172],[-123.861908,44.103168],[-123.861889,44.103164],[-123.861871,44.103161],[-123.861853,44.103157],[-123.861834,44.103153],[-123.861816,44.103149],[-123.861798,44.103145],[-123.861781,44.103141],[-123.861763,44.103137],[-123.861744,44.103133],[-123.861726,44.103129],[-123.861706,44.103125],[-123.861688,44.103121],[-123.86167,44.103117],[-123.861652,44.103114],[-123.861634,44.10311],[-123.861616,44.103106],[-123.861597,44.103102],[-123.861579,44.103098],[-123.861561,44.103094],[-123.861544,44.10309],[-123.861526,44.103086],[-123.861507,44.103082],[-123.861488,44.103078],[-123.86147,44.103074],[-123.861452,44.10307],[-123.861435,44.103067],[-123.861419,44.103063],[-123.861402,44.103059],[-123.861382,44.103054],[-123.861364,44.10305],[-123.861346,44.103046],[-123.861329,44.103041],[-123.86131,44.103037],[-123.861291,44.103033],[-123.861274,44.103029],[-123.861256,44.103024],[-123.861237,44.10302],[-123.86122,44.103016],[-123.861203,44.103011],[-123.861184,44.103007],[-123.861165,44.103002],[-123.861147,44.102998],[-123.86113,44.102994],[-123.861111,44.10299],[-123.861092,44.102985],[-123.861075,44.102981],[-123.861057,44.102977],[-123.861038,44.102972],[-123.861021,44.102968],[-123.861004,44.102964],[-123.860985,44.10296],[-123.860968,44.102955],[-123.860949,44.102951],[-123.860929,44.102946],[-123.86091,44.102942],[-123.860889,44.102937],[-123.86087,44.102934],[-123.860851,44.10293],[-123.860831,44.102926],[-123.860809,44.102923],[-123.86079,44.10292],[-123.860771,44.102916],[-123.86075,44.102914],[-123.860731,44.102911],[-123.86071,44.102908],[-123.86069,44.102906],[-123.860669,44.102904],[-123.86065,44.102902],[-123.86063,44.1029],[-123.860609,44.102898],[-123.860588,44.102897],[-123.860567,44.102896],[-123.860547,44.102895],[-123.860527,44.102894],[-123.860506,44.102893],[-123.860485,44.102893],[-123.860467,44.102893],[-123.860445,44.102892],[-123.860425,44.102893],[-123.860405,44.102893],[-123.860384,44.102893],[-123.860362,44.102894],[-123.86034,44.102895],[-123.86032,44.102897],[-123.860301,44.102898],[-123.860281,44.1029],[-123.860262,44.102901],[-123.860244,44.102903],[-123.860225,44.102904],[-123.860206,44.102905],[-123.860187,44.102907],[-123.860168,44.102908],[-123.860149,44.10291],[-123.86013,44.102911],[-123.860111,44.102912],[-123.860092,44.102914],[-123.860073,44.102915],[-123.860054,44.102917],[-123.860035,44.102918],[-123.860016,44.10292],[-123.859995,44.102921],[-123.859973,44.102923],[-123.859956,44.102925],[-123.859938,44.102927],[-123.859919,44.102929],[-123.859901,44.102931],[-123.859884,44.102932],[-123.859865,44.102933],[-123.859847,44.102935],[-123.859829,44.102936],[-123.859811,44.102937],[-123.859792,44.102938],[-123.859775,44.102939],[-123.859756,44.10294],[-123.859738,44.102941],[-123.85972,44.102941],[-123.859702,44.102942],[-123.859684,44.102942],[-123.859665,44.102943],[-123.859647,44.102943],[-123.859629,44.102943],[-123.859611,44.102943],[-123.859592,44.102944],[-123.859575,44.102943],[-123.859556,44.102943],[-123.859539,44.102943],[-123.859521,44.102942],[-123.859501,44.102942],[-123.859482,44.102941],[-123.859464,44.10294],[-123.859446,44.10294],[-123.859426,44.102939],[-123.859408,44.102939],[-123.859389,44.102938],[-123.859369,44.102937],[-123.85935,44.102937],[-123.859331,44.102936],[-123.859312,44.102936],[-123.859293,44.102935],[-123.859273,44.102934],[-123.859255,44.102934],[-123.859236,44.102933],[-123.859216,44.102932],[-123.859197,44.102932],[-123.859181,44.102931],[-123.859166,44.102931],[-123.859147,44.102929],[-123.859122,44.102928],[-123.859097,44.102927],[-123.859071,44.102928],[-123.859047,44.10293],[-123.859022,44.102932],[-123.858997,44.102935],[-123.858973,44.10294],[-123.858953,44.102944],[-123.858934,44.102949],[-123.858911,44.102954],[-123.858884,44.102962],[-123.858858,44.102971],[-123.858834,44.102982],[-123.85881,44.102995],[-123.858788,44.10301],[-123.858767,44.103027],[-123.858748,44.103047],[-123.858735,44.103065],[-123.858724,44.103081],[-123.858715,44.103099],[-123.858706,44.103118],[-123.858701,44.103135],[-123.858696,44.103151],[-123.858691,44.103172],[-123.858691,44.103198],[-123.858695,44.103221],[-123.858699,44.103236],[-123.858703,44.10325],[-123.858707,44.103265],[-123.858713,44.103282],[-123.858719,44.103298],[-123.858725,44.103311],[-123.858731,44.103326],[-123.85874,44.103343],[-123.858748,44.103357],[-123.858756,44.103372],[-123.858766,44.103387],[-123.858776,44.103401],[-123.858787,44.103415],[-123.858797,44.103429],[-123.858809,44.103443],[-123.85882,44.103455],[-123.858833,44.10347],[-123.858848,44.103483],[-123.858859,44.103494],[-123.858875,44.103508],[-123.858888,44.103518],[-123.858898,44.103527],[-123.85891,44.103538],[-123.858922,44.103548],[-123.858934,44.103559],[-123.858946,44.10357],[-123.858958,44.10358],[-123.85897,44.103591],[-123.858984,44.103603],[-123.858997,44.103613],[-123.859008,44.103623],[-123.85902,44.103633],[-123.859031,44.103643],[-123.859044,44.103654],[-123.859056,44.103665],[-123.859067,44.103675],[-123.85908,44.103686],[-123.859093,44.103697],[-123.859105,44.103708],[-123.859117,44.103718],[-123.859129,44.103728],[-123.85914,44.103739],[-123.859153,44.103749],[-123.859165,44.10376],[-123.859177,44.103771],[-123.85919,44.103782],[-123.859203,44.103793],[-123.859214,44.103802],[-123.859226,44.103813],[-123.859238,44.103823],[-123.85925,44.103834],[-123.859262,44.103844],[-123.859274,44.103855],[-123.859286,44.103866],[-123.859299,44.103877],[-123.859312,44.103888],[-123.859323,44.103897],[-123.859335,44.103908],[-123.859349,44.10392],[-123.859362,44.103931],[-123.859374,44.10394],[-123.859386,44.103951],[-123.859399,44.103962],[-123.859412,44.103972],[-123.859424,44.103982],[-123.859436,44.103992],[-123.859449,44.104003],[-123.859463,44.104014],[-123.859474,44.104023],[-123.859487,44.104034],[-123.8595,44.104044],[-123.859511,44.104054],[-123.859524,44.104065],[-123.859537,44.104075],[-123.85955,44.104086],[-123.859561,44.104096],[-123.859574,44.104106],[-123.859587,44.104117],[-123.8596,44.104127],[-123.859611,44.104137],[-123.859624,44.104147],[-123.859637,44.104158],[-123.85965,44.104169],[-123.859671,44.104187],[-123.859683,44.104197],[-123.859701,44.104215],[-123.85972,44.104232],[-123.859736,44.104248],[-123.859755,44.104268],[-123.859764,44.104282],[-123.859766,44.104285],[-123.85977,44.104298],[-123.85977,44.104306],[-123.859769,44.104312],[-123.859767,44.104317],[-123.859764,44.10432],[-123.859764,44.10432],[-123.859756,44.104323],[-123.859755,44.104323],[-123.85975,44.104324],[-123.859745,44.104322],[-123.85974,44.10432],[-123.859722,44.104311],[-123.859706,44.104302],[-123.859687,44.10429],[-123.859664,44.104272],[-123.85965,44.104262],[-123.859635,44.104251],[-123.859621,44.104241],[-123.859606,44.10423],[-123.859591,44.10422],[-123.859577,44.104211],[-123.859562,44.104201],[-123.859547,44.104191],[-123.859532,44.104182],[-123.859515,44.104172],[-123.8595,44.104163],[-123.859484,44.104154],[-123.859469,44.104145],[-123.859454,44.104136],[-123.859438,44.104127],[-123.85942,44.104117],[-123.859404,44.104109],[-123.859389,44.104101],[-123.859372,44.104093],[-123.859357,44.104085],[-123.859341,44.104077],[-123.859325,44.104069],[-123.859309,44.104061],[-123.859295,44.104054],[-123.859281,44.104046],[-123.859264,44.104037],[-123.859248,44.104029],[-123.859232,44.104021],[-123.859216,44.104013],[-123.859202,44.104006],[-123.859187,44.103998],[-123.85917,44.10399],[-123.859154,44.103982],[-123.859139,44.103974],[-123.859123,44.103966],[-123.859108,44.103958],[-123.859094,44.103951],[-123.859079,44.103943],[-123.859061,44.103934],[-123.859046,44.103926],[-123.85903,44.103918],[-123.859015,44.10391],[-123.858999,44.103903],[-123.858984,44.103895],[-123.858969,44.103887],[-123.858953,44.103879],[-123.858937,44.103871],[-123.858921,44.103863],[-123.858905,44.103855],[-123.858891,44.103848],[-123.858877,44.10384],[-123.85886,44.103831],[-123.858844,44.103823],[-123.858828,44.103815],[-123.858812,44.103807],[-123.858797,44.1038],[-123.858783,44.103792],[-123.858768,44.103784],[-123.85875,44.103775],[-123.858735,44.103768],[-123.858719,44.10376],[-123.858704,44.103752],[-123.85869,44.103745],[-123.858675,44.103737],[-123.858657,44.103728],[-123.858643,44.103721],[-123.858629,44.103714],[-123.858616,44.103706],[-123.858601,44.103697],[-123.858585,44.103689],[-123.858572,44.103682],[-123.858557,44.103673],[-123.858541,44.103664],[-123.858526,44.103656],[-123.858513,44.103648],[-123.858497,44.103639],[-123.85848,44.103629],[-123.858464,44.103621],[-123.858452,44.103614],[-123.858438,44.103606],[-123.858425,44.103598],[-123.858413,44.10359],[-123.858399,44.103582],[-123.858387,44.103574],[-123.858375,44.103565],[-123.858365,44.103558],[-123.858353,44.103548],[-123.858342,44.10354],[-123.858332,44.103531],[-123.858332,44.103531],[-123.85832,44.103521],[-123.858309,44.10351],[-123.858297,44.1035],[-123.858287,44.103491],[-123.858277,44.103481],[-123.858266,44.10347],[-123.858256,44.103459],[-123.858245,44.103449],[-123.858235,44.103439],[-123.858227,44.103429],[-123.858217,44.103418],[-123.858207,44.103407],[-123.858198,44.103396],[-123.858188,44.103385],[-123.858179,44.103374],[-123.858171,44.103363],[-123.85816,44.103349],[-123.85815,44.103338],[-123.858141,44.103326],[-123.85813,44.103314],[-123.858122,44.103304],[-123.858113,44.103291],[-123.858102,44.103278],[-123.858092,44.103266],[-123.858083,44.103255],[-123.858074,44.103243],[-123.858063,44.103231],[-123.858055,44.103221],[-123.858045,44.103208],[-123.858034,44.103195],[-123.858025,44.103184],[-123.858015,44.103172],[-123.858006,44.10316],[-123.857995,44.103148],[-123.857988,44.103138],[-123.857978,44.103125],[-123.857967,44.103113],[-123.857957,44.103101],[-123.857948,44.103089],[-123.857939,44.103078],[-123.857928,44.103065],[-123.85792,44.103055],[-123.85791,44.103042],[-123.857899,44.10303],[-123.85789,44.103018],[-123.85788,44.103007],[-123.857871,44.102995],[-123.857861,44.102982],[-123.857853,44.102973],[-123.857843,44.102959],[-123.857832,44.102947],[-123.857822,44.102935],[-123.857813,44.102924],[-123.857804,44.102912],[-123.857793,44.1029],[-123.857785,44.10289],[-123.857775,44.102877],[-123.857765,44.102864],[-123.857755,44.102852],[-123.857745,44.102841],[-123.857737,44.10283],[-123.857726,44.102817],[-123.857715,44.102803],[-123.857705,44.102792],[-123.857694,44.10278],[-123.857683,44.102767],[-123.857672,44.102755],[-123.857661,44.102743],[-123.857648,44.102731],[-123.857636,44.102718],[-123.857623,44.102706],[-123.857611,44.102695],[-123.857598,44.102683],[-123.857584,44.102671],[-123.857571,44.10266],[-123.857558,44.102649],[-123.857543,44.102638],[-123.85753,44.102627],[-123.857516,44.102617],[-123.857502,44.102606],[-123.857486,44.102594],[-123.857472,44.102585],[-123.857458,44.102575],[-123.857442,44.102564],[-123.857428,44.102555],[-123.857411,44.102545],[-123.857392,44.102533],[-123.857376,44.102525],[-123.857363,44.102517],[-123.857346,44.102508],[-123.85733,44.102499],[-123.857315,44.102491],[-123.857297,44.102482],[-123.857281,44.102474],[-123.857267,44.102466],[-123.857251,44.102458],[-123.857233,44.102449],[-123.857216,44.102441],[-123.857202,44.102434],[-123.857185,44.102426],[-123.857169,44.102418],[-123.857151,44.10241],[-123.857134,44.102402],[-123.857118,44.102394],[-123.857099,44.102386],[-123.857082,44.102379],[-123.857065,44.102372],[-123.857047,44.102365],[-123.85703,44.102358],[-123.857014,44.102352],[-123.856999,44.102345],[-123.85698,44.102338],[-123.856962,44.102331],[-123.856943,44.102324],[-123.856924,44.102317],[-123.856905,44.102311],[-123.856886,44.102305],[-123.856867,44.102298],[-123.856848,44.102293],[-123.856828,44.102287],[-123.856809,44.102282],[-123.856789,44.102277],[-123.856768,44.102272],[-123.856749,44.102268],[-123.856729,44.102263],[-123.856709,44.102259],[-123.856688,44.102255],[-123.856669,44.102252],[-123.856647,44.102248],[-123.856626,44.102245],[-123.856607,44.102242],[-123.856585,44.10224],[-123.856565,44.102238],[-123.856543,44.102235],[-123.856522,44.102234],[-123.856502,44.102232],[-123.856481,44.102231],[-123.856462,44.10223],[-123.856441,44.102229],[-123.856419,44.102229],[-123.856397,44.102228],[-123.856375,44.102229],[-123.856354,44.102229],[-123.856332,44.10223],[-123.856311,44.102231],[-123.85629,44.102233],[-123.856268,44.102234],[-123.856244,44.102237],[-123.856221,44.10224],[-123.856201,44.102244],[-123.856181,44.102247],[-123.85616,44.102251],[-123.85614,44.102255],[-123.856122,44.102259],[-123.856101,44.102263],[-123.856082,44.102268],[-123.856062,44.102272],[-123.856043,44.102277],[-123.856022,44.102282],[-123.856004,44.102288],[-123.855985,44.102293],[-123.855966,44.102299],[-123.855946,44.102305],[-123.855927,44.102311],[-123.855908,44.102317],[-123.85589,44.102324],[-123.855872,44.102331],[-123.855853,44.102338],[-123.855835,44.102345],[-123.855818,44.102352],[-123.855799,44.10236],[-123.855783,44.102367],[-123.855765,44.102374],[-123.85575,44.102381],[-123.855735,44.102387],[-123.855717,44.102395],[-123.855701,44.102402],[-123.855686,44.102408],[-123.855667,44.102415],[-123.855651,44.102423],[-123.855635,44.102429],[-123.855619,44.102436],[-123.855603,44.102443],[-123.855584,44.102451],[-123.855567,44.102459],[-123.855552,44.102466],[-123.855536,44.102473],[-123.855522,44.102479],[-123.855508,44.102485],[-123.855493,44.10249],[-123.855479,44.102496],[-123.855462,44.102501],[-123.855447,44.102506],[-123.855432,44.102511],[-123.855418,44.102516],[-123.855402,44.10252],[-123.855386,44.102524],[-123.855369,44.102528],[-123.855352,44.102533],[-123.855336,44.102536],[-123.855321,44.10254],[-123.855303,44.102543],[-123.855287,44.102546],[-123.85527,44.102549],[-123.855252,44.102552],[-123.855236,44.102555],[-123.855219,44.102557],[-123.855202,44.10256],[-123.855184,44.102562],[-123.855168,44.102564],[-123.85515,44.102566],[-123.855131,44.102568],[-123.855112,44.10257],[-123.855093,44.102572],[-123.855073,44.102574],[-123.855054,44.102576],[-123.855035,44.102578],[-123.855016,44.10258],[-123.854998,44.102582],[-123.854979,44.102584],[-123.854961,44.102586],[-123.854942,44.102588],[-123.854922,44.10259],[-123.854903,44.102592],[-123.854884,44.102594],[-123.854865,44.102597],[-123.854847,44.102599],[-123.854829,44.102601],[-123.854811,44.102603],[-123.854792,44.102605],[-123.854772,44.102607],[-123.854753,44.102609],[-123.854734,44.102611],[-123.854715,44.102613],[-123.854697,44.102615],[-123.854678,44.102617],[-123.85466,44.102619],[-123.854641,44.102621],[-123.854621,44.102623],[-123.854602,44.102625],[-123.854583,44.102628],[-123.854564,44.10263],[-123.854546,44.102632],[-123.854528,44.102634],[-123.85451,44.102636],[-123.85449,44.102638],[-123.854471,44.10264],[-123.854452,44.102642],[-123.854433,44.102644],[-123.854414,44.102646],[-123.854396,44.102648],[-123.854378,44.10265],[-123.854359,44.102652],[-123.854339,44.102654],[-123.854321,44.102656],[-123.854303,44.102658],[-123.854282,44.10266],[-123.854261,44.102663],[-123.85424,44.102666],[-123.854219,44.102669],[-123.854197,44.102673],[-123.854177,44.102677],[-123.854155,44.102681],[-123.854133,44.102686],[-123.854113,44.102692],[-123.854092,44.102697],[-123.854086,44.102699],[-123.855352,44.102704],[-123.855363,44.102702],[-123.855383,44.102698],[-123.855404,44.102693],[-123.855424,44.102689],[-123.855442,44.102684],[-123.855463,44.102679],[-123.855482,44.102674],[-123.855503,44.102668],[-123.855522,44.102662],[-123.855542,44.102656],[-123.855561,44.10265],[-123.85558,44.102643],[-123.855599,44.102636],[-123.855618,44.102629],[-123.855638,44.102621],[-123.855655,44.102613],[-123.855672,44.102606],[-123.855689,44.102598],[-123.855703,44.102592],[-123.855718,44.102585],[-123.855735,44.102578],[-123.855751,44.102571],[-123.855769,44.102564],[-123.855784,44.102557],[-123.855799,44.102551],[-123.855817,44.102543],[-123.855833,44.102536],[-123.855849,44.10253],[-123.855867,44.102522],[-123.855883,44.102515],[-123.855899,44.102508],[-123.855915,44.102501],[-123.85593,44.102495],[-123.855946,44.102489],[-123.855961,44.102483],[-123.855976,44.102477],[-123.855992,44.102471],[-123.856007,44.102466],[-123.856023,44.102461],[-123.856038,44.102455],[-123.856054,44.102451],[-123.856071,44.102446],[-123.856088,44.102441],[-123.856103,44.102437],[-123.856119,44.102432],[-123.856136,44.102428],[-123.856152,44.102424],[-123.856168,44.10242],[-123.856186,44.102417],[-123.856203,44.102413],[-123.856218,44.10241],[-123.856235,44.102407],[-123.856253,44.102404],[-123.856269,44.102401],[-123.856284,44.102399],[-123.856298,44.102398],[-123.856314,44.102396],[-123.856331,44.102395],[-123.856347,44.102394],[-123.856363,44.102394],[-123.85638,44.102393],[-123.856397,44.102393],[-123.856413,44.102393],[-123.85643,44.102394],[-123.856446,44.102394],[-123.856463,44.102395],[-123.856481,44.102396],[-123.856499,44.102398],[-123.856516,44.102399],[-123.856532,44.1024],[-123.856549,44.102402],[-123.856566,44.102404],[-123.856582,44.102407],[-123.8566,44.102409],[-123.856615,44.102412],[-123.856632,44.102415],[-123.856649,44.102418],[-123.856664,44.102421],[-123.856681,44.102425],[-123.856699,44.102429],[-123.856715,44.102432],[-123.85673,44.102437],[-123.856747,44.102441],[-123.856762,44.102445],[-123.856778,44.10245],[-123.856793,44.102455],[-123.85681,44.10246],[-123.856825,44.102465],[-123.85684,44.102471],[-123.856856,44.102477],[-123.85687,44.102482],[-123.856885,44.102488],[-123.856902,44.102495],[-123.85692,44.102502],[-123.856936,44.102509],[-123.856952,44.102515],[-123.856967,44.102522],[-123.856984,44.102528],[-123.856997,44.102534],[-123.857013,44.102541],[-123.857029,44.102549],[-123.857042,44.102555],[-123.857058,44.102562],[-123.857073,44.10257],[-123.85709,44.102578],[-123.857106,44.102586],[-123.857119,44.102592],[-123.857133,44.1026],[-123.85715,44.102608],[-123.857165,44.102616],[-123.857178,44.102623],[-123.857193,44.102631],[-123.857208,44.102639],[-123.857222,44.102646],[-123.857237,44.102655],[-123.857252,44.102664],[-123.857263,44.10267],[-123.857274,44.102677],[-123.857288,44.102686],[-123.857301,44.102695],[-123.857313,44.102703],[-123.857327,44.102713],[-123.857339,44.102721],[-123.85735,44.10273],[-123.857363,44.102739],[-123.857375,44.102749],[-123.857387,44.102758],[-123.857397,44.102767],[-123.85741,44.102778],[-123.85742,44.102787],[-123.857431,44.102796],[-123.857442,44.102807],[-123.857453,44.102817],[-123.857463,44.102827],[-123.857472,44.102836],[-123.857482,44.102847],[-123.857493,44.102858],[-123.857501,44.102868],[-123.857511,44.102879],[-123.857521,44.102891],[-123.85753,44.102901],[-123.857538,44.102911],[-123.857548,44.102924],[-123.857559,44.102937],[-123.857568,44.102948],[-123.857578,44.10296],[-123.857586,44.10297],[-123.857597,44.102984],[-123.857607,44.102995],[-123.857616,44.103007],[-123.857626,44.103019],[-123.857636,44.103031],[-123.857645,44.103042],[-123.857653,44.103053],[-123.857664,44.103067],[-123.857674,44.103078],[-123.857683,44.10309],[-123.857694,44.103102],[-123.857703,44.103114],[-123.857713,44.103125],[-123.857721,44.103136],[-123.857732,44.103149],[-123.857741,44.103161],[-123.857751,44.103173],[-123.857761,44.103185],[-123.857771,44.103197],[-123.85778,44.103208],[-123.857788,44.103219],[-123.857799,44.103232],[-123.857809,44.103244],[-123.857818,44.103255],[-123.857829,44.103268],[-123.857838,44.10328],[-123.857848,44.103291],[-123.857856,44.103302],[-123.857867,44.103315],[-123.857876,44.103326],[-123.857886,44.103338],[-123.857896,44.103351],[-123.857906,44.103362],[-123.857915,44.103373],[-123.857923,44.103384],[-123.857934,44.103398],[-123.857944,44.103409],[-123.857953,44.103421],[-123.857964,44.103433],[-123.857972,44.103443],[-123.857981,44.103456],[-123.857992,44.103469],[-123.858002,44.103481],[-123.858013,44.103494],[-123.858024,44.103506],[-123.858034,44.103518],[-123.858046,44.103531],[-123.858058,44.103544],[-123.85807,44.103555],[-123.858081,44.103567],[-123.858093,44.103578],[-123.858105,44.10359],[-123.858119,44.103603],[-123.858131,44.103614],[-123.858143,44.103625],[-123.858155,44.103635],[-123.85817,44.103648],[-123.858185,44.10366],[-123.858199,44.103671],[-123.858214,44.103682],[-123.85823,44.103693],[-123.858246,44.103704],[-123.858262,44.103714],[-123.858277,44.103723],[-123.858294,44.103733],[-123.858309,44.103742],[-123.858327,44.103752],[-123.858342,44.10376],[-123.858355,44.103767],[-123.858369,44.103776],[-123.858385,44.103785],[-123.858402,44.103794],[-123.858415,44.103802],[-123.858429,44.10381],[-123.858446,44.10382],[-123.858462,44.103828],[-123.858475,44.103836],[-123.858492,44.103845],[-123.85851,44.103854],[-123.858527,44.103863],[-123.858541,44.10387],[-123.858555,44.103878],[-123.858572,44.103887],[-123.858588,44.103895],[-123.858604,44.103903],[-123.85862,44.10391],[-123.858634,44.103918],[-123.858649,44.103926],[-123.858666,44.103934],[-123.858682,44.103942],[-123.858697,44.10395],[-123.858713,44.103958],[-123.858728,44.103966],[-123.858742,44.103973],[-123.858757,44.103981],[-123.858775,44.10399],[-123.85879,44.103997],[-123.858806,44.104005],[-123.858821,44.104013],[-123.858836,44.104021],[-123.858851,44.104029],[-123.858868,44.104037],[-123.858883,44.104045],[-123.858899,44.104053],[-123.858915,44.104061],[-123.858931,44.104069],[-123.858944,44.104076],[-123.858959,44.104084],[-123.858976,44.104093],[-123.858992,44.104101],[-123.859008,44.104109],[-123.859024,44.104117],[-123.859039,44.104124],[-123.859053,44.104132],[-123.859068,44.10414],[-123.859086,44.104148],[-123.859101,44.104156],[-123.859117,44.104164],[-123.859132,44.104172],[-123.859146,44.104179],[-123.859161,44.104187],[-123.859179,44.104196],[-123.859194,44.104204],[-123.85921,44.104212],[-123.859225,44.104219],[-123.859241,44.104228],[-123.859256,44.104235],[-123.85927,44.104242],[-123.859286,44.104251],[-123.859299,44.104258],[-123.859312,44.104265],[-123.859327,44.104273],[-123.859341,44.104282],[-123.859355,44.10429],[-123.859369,44.104298],[-123.859383,44.104306],[-123.859395,44.104315],[-123.85941,44.104324],[-123.859422,44.104332],[-123.859435,44.10434]]],[[[-123.912566,44.075166],[-123.912596,44.075195],[-123.912679,44.075255],[-123.912748,44.075281],[-123.912852,44.075299],[-123.912934,44.075292],[-123.912988,44.075277],[-123.913041,44.075252],[-123.913105,44.075213],[-123.913156,44.07516],[-123.913176,44.075134],[-123.913196,44.075096],[-123.913208,44.075064],[-123.913219,44.075021],[-123.913223,44.074979],[-123.913221,44.074935],[-123.913212,44.074894],[-123.913199,44.074857],[-123.913178,44.07481],[-123.913154,44.074756],[-123.913136,44.074713],[-123.913112,44.07466],[-123.9131,44.074631],[-123.913082,44.074591],[-123.913064,44.074548],[-123.913026,44.074462],[-123.913007,44.074417],[-123.912996,44.074392],[-123.912966,44.074322],[-123.912953,44.074291],[-123.912928,44.07424],[-123.9129,44.074185],[-123.912875,44.074144],[-123.912848,44.0741],[-123.912822,44.074061],[-123.912799,44.074029],[-123.912779,44.074002],[-123.912728,44.073931],[-123.912643,44.073813],[-123.912525,44.073652],[-123.912426,44.073514],[-123.912311,44.073355],[-123.912293,44.073329],[-123.91228,44.073312],[-123.912269,44.073297],[-123.912293,44.073317],[-123.912359,44.073369],[-123.912405,44.073406],[-123.912465,44.073454],[-123.912517,44.073495],[-123.912558,44.073528],[-123.912625,44.073584],[-123.912676,44.073627],[-123.912737,44.073679],[-123.912784,44.073719],[-123.912819,44.073749],[-123.912857,44.07378],[-123.912906,44.073822],[-123.912929,44.073842],[-123.912952,44.073861],[-123.912984,44.073888],[-123.913012,44.073911],[-123.913053,44.073945],[-123.913086,44.073972],[-123.913107,44.073988],[-123.913141,44.074012],[-123.91319,44.074042],[-123.91323,44.074065],[-123.913266,44.074083],[-123.913306,44.074103],[-123.913336,44.074116],[-123.913385,44.074135],[-123.913434,44.074153],[-123.913471,44.074167],[-123.913543,44.074194],[-123.913576,44.074207],[-123.913635,44.074229],[-123.913689,44.074249],[-123.913736,44.074267],[-123.913784,44.074285],[-123.913822,44.074299],[-123.913863,44.074315],[-123.913894,44.074327],[-123.91391,44.074335],[-123.91394,44.074352],[-123.913996,44.074389],[-123.91403,44.074414],[-123.914069,44.074446],[-123.914096,44.074475],[-123.914117,44.074505],[-123.914134,44.074533],[-123.91415,44.074564],[-123.914169,44.074602],[-123.914182,44.074627],[-123.914201,44.074667],[-123.914226,44.074704],[-123.914264,44.074735],[-123.91432,44.074761],[-123.914383,44.074774],[-123.914436,44.074774],[-123.91449,44.074765],[-123.914568,44.074742],[-123.914613,44.074714],[-123.914636,44.074687],[-123.914662,44.074657],[-123.91468,44.074616],[-123.914692,44.074566],[-123.914701,44.074536],[-123.914712,44.074477],[-123.914719,44.074419],[-123.914724,44.074374],[-123.914731,44.074318],[-123.914738,44.074263],[-123.914745,44.074203],[-123.914751,44.074147],[-123.914756,44.074106],[-123.914757,44.074073],[-123.914754,44.074038],[-123.914745,44.073994],[-123.914731,44.073946],[-123.914724,44.07392],[-123.914714,44.07388],[-123.9147,44.073831],[-123.914682,44.073766],[-123.914663,44.073697],[-123.914645,44.073629],[-123.914626,44.073563],[-123.914615,44.073522],[-123.914605,44.073484],[-123.914597,44.073456],[-123.914587,44.073421],[-123.91457,44.073378],[-123.914546,44.073332],[-123.914514,44.073286],[-123.914481,44.073249],[-123.914465,44.073232],[-123.914442,44.073211],[-123.914426,44.073197],[-123.914402,44.073179],[-123.914359,44.073148],[-123.914304,44.07312],[-123.914261,44.073103],[-123.91421,44.073087],[-123.914162,44.073075],[-123.914113,44.073064],[-123.914057,44.07305],[-123.914043,44.073044],[-123.914032,44.073037],[-123.914007,44.073018],[-123.914003,44.073014],[-123.913991,44.073],[-123.913976,44.072968],[-123.913968,44.072944],[-123.91395,44.072885],[-123.913941,44.072856],[-123.91393,44.072832],[-123.913919,44.072809],[-123.913904,44.072785],[-123.913891,44.072765],[-123.913869,44.072736],[-123.913844,44.07271],[-123.913827,44.072692],[-123.913805,44.072669],[-123.913787,44.07265],[-123.913766,44.072628],[-123.913759,44.072621],[-123.913758,44.07262],[-123.913758,44.07262],[-123.91376,44.072618],[-123.913771,44.072617],[-123.913786,44.072619],[-123.913808,44.072624],[-123.913818,44.072627],[-123.913826,44.07263],[-123.913849,44.072645],[-123.913865,44.072658],[-123.913889,44.072676],[-123.913913,44.072695],[-123.913963,44.072734],[-123.913998,44.072762],[-123.914046,44.0728],[-123.914065,44.072815],[-123.914102,44.072844],[-123.914141,44.072875],[-123.914163,44.072892],[-123.914185,44.072909],[-123.914202,44.072923],[-123.914234,44.07295],[-123.914274,44.072977],[-123.914326,44.073004],[-123.91437,44.073022],[-123.91441,44.073034],[-123.914469,44.073049],[-123.914497,44.073055],[-123.914545,44.073065],[-123.914617,44.073076],[-123.914788,44.073109],[-123.914856,44.073129],[-123.914942,44.07316],[-123.915009,44.073189],[-123.915083,44.073225],[-123.915154,44.073262],[-123.915275,44.073337],[-123.915602,44.073597],[-123.915688,44.073665],[-123.915784,44.073729],[-123.916404,44.074099],[-123.916438,44.074118],[-123.916466,44.074134],[-123.916484,44.074147],[-123.916508,44.074164],[-123.916528,44.07418],[-123.916544,44.074194],[-123.916569,44.074217],[-123.916821,44.074454],[-123.917079,44.074697],[-123.917093,44.074712],[-123.917105,44.074726],[-123.917116,44.07474],[-123.917132,44.074761],[-123.917147,44.074782],[-123.917166,44.074818],[-123.917183,44.07484],[-123.917199,44.074862],[-123.91722,44.074892],[-123.917245,44.074917],[-123.917283,44.074942],[-123.91733,44.07496],[-123.917379,44.07497],[-123.917435,44.074971],[-123.917487,44.074962],[-123.917541,44.074942],[-123.917593,44.074903],[-123.917632,44.074857],[-123.917648,44.074814],[-123.917656,44.074791],[-123.917659,44.074756],[-123.917657,44.074718],[-123.91765,44.074691],[-123.91763,44.074644],[-123.917619,44.07462],[-123.91761,44.074596],[-123.917601,44.074577],[-123.917584,44.07454],[-123.917573,44.074511],[-123.917551,44.074466],[-123.917527,44.074421],[-123.917502,44.074379],[-123.917485,44.074351],[-123.91746,44.074315],[-123.917431,44.074276],[-123.917404,44.074241],[-123.917372,44.074203],[-123.917354,44.074183],[-123.917336,44.074162],[-123.917304,44.074129],[-123.917274,44.074096],[-123.917242,44.074064],[-123.917207,44.074031],[-123.917154,44.073986],[-123.917123,44.073959],[-123.917088,44.073929],[-123.917032,44.073881],[-123.917027,44.073877],[-123.917014,44.073865],[-123.916997,44.073847],[-123.916982,44.073832],[-123.916968,44.073816],[-123.916957,44.073803],[-123.916943,44.073785],[-123.916929,44.073766],[-123.916919,44.073752],[-123.916907,44.073734],[-123.916898,44.07372],[-123.916887,44.0737],[-123.916722,44.073394],[-123.916713,44.073381],[-123.916712,44.07338],[-123.916711,44.073376],[-123.91671,44.073374],[-123.916709,44.073368],[-123.916709,44.073366],[-123.916709,44.073361],[-123.91671,44.073358],[-123.916713,44.073352],[-123.916717,44.073346],[-123.916721,44.073342],[-123.916724,44.073339],[-123.916731,44.073335],[-123.916735,44.073333],[-123.916738,44.073333],[-123.916744,44.073332],[-123.916754,44.073332],[-123.916758,44.073332],[-123.916766,44.073333],[-123.916774,44.073335],[-123.916777,44.073336],[-123.916783,44.073338],[-123.916783,44.073338],[-123.916789,44.073341],[-123.916794,44.073345],[-123.916818,44.073364],[-123.916831,44.073374],[-123.916844,44.073384],[-123.916857,44.073394],[-123.91687,44.073404],[-123.916883,44.073414],[-123.916895,44.073424],[-123.916908,44.073434],[-123.916921,44.073444],[-123.916934,44.073454],[-123.916947,44.073464],[-123.91696,44.073474],[-123.916973,44.073485],[-123.916986,44.073495],[-123.916999,44.073504],[-123.917012,44.073514],[-123.917025,44.073524],[-123.917037,44.073534],[-123.917048,44.073543],[-123.917063,44.073555],[-123.917076,44.073565],[-123.917089,44.073575],[-123.917102,44.073585],[-123.917115,44.073595],[-123.917128,44.073605],[-123.91714,44.073615],[-123.917153,44.073625],[-123.917167,44.073636],[-123.917182,44.073648],[-123.917198,44.073658],[-123.917212,44.073668],[-123.917227,44.073678],[-123.917241,44.073687],[-123.917255,44.073697],[-123.91727,44.073707],[-123.917285,44.073716],[-123.9173,44.073726],[-123.917315,44.073735],[-123.917329,44.073744],[-123.917345,44.073754],[-123.917361,44.073763],[-123.917376,44.073772],[-123.917391,44.073781],[-123.917406,44.07379],[-123.917421,44.073798],[-123.917437,44.073808],[-123.917454,44.073816],[-123.917469,44.073825],[-123.917485,44.073833],[-123.9175,44.073841],[-123.917518,44.073851],[-123.917534,44.073859],[-123.91755,44.073867],[-123.917567,44.073875],[-123.917585,44.073884],[-123.917602,44.073891],[-123.917617,44.073898],[-123.917633,44.073905],[-123.917648,44.073913],[-123.917666,44.073921],[-123.917682,44.073928],[-123.917697,44.073935],[-123.917713,44.073942],[-123.917728,44.073949],[-123.917746,44.073958],[-123.917762,44.073965],[-123.917777,44.073972],[-123.917794,44.073979],[-123.917808,44.073986],[-123.917825,44.073994],[-123.917843,44.074002],[-123.917858,44.074009],[-123.917874,44.074016],[-123.917888,44.074023],[-123.917905,44.074031],[-123.917923,44.074039],[-123.917937,44.074046],[-123.917953,44.074053],[-123.917969,44.074061],[-123.917986,44.074068],[-123.918002,44.074076],[-123.918017,44.074083],[-123.918034,44.07409],[-123.91805,44.074098],[-123.918066,44.074105],[-123.918083,44.074113],[-123.918097,44.074119],[-123.918113,44.074127],[-123.91813,44.074135],[-123.918146,44.074142],[-123.918163,44.07415],[-123.918178,44.074157],[-123.918195,44.074164],[-123.918209,44.074171],[-123.918226,44.074179],[-123.918243,44.074187],[-123.918259,44.074194],[-123.918274,44.074201],[-123.918289,44.074208],[-123.918307,44.074216],[-123.918323,44.074223],[-123.918339,44.074231],[-123.918355,44.074238],[-123.918371,44.074245],[-123.918388,44.074253],[-123.918402,44.074259],[-123.918418,44.074267],[-123.918435,44.074274],[-123.918451,44.074282],[-123.918468,44.07429],[-123.918483,44.074297],[-123.9185,44.074304],[-123.918514,44.074311],[-123.918528,44.074317],[-123.918543,44.074325],[-123.918558,44.074332],[-123.918572,44.07434],[-123.918587,44.074348],[-123.918601,44.074355],[-123.918616,44.074364],[-123.918631,44.074372],[-123.918644,44.074379],[-123.918658,44.074387],[-123.918672,44.074396],[-123.918685,44.074403],[-123.918699,44.074412],[-123.918713,44.074421],[-123.918726,44.07443],[-123.91874,44.074438],[-123.918752,44.074446],[-123.918766,44.074456],[-123.91878,44.074465],[-123.918792,44.074473],[-123.918805,44.074483],[-123.91882,44.074493],[-123.918832,44.074502],[-123.918845,44.074511],[-123.91886,44.074522],[-123.918873,44.074531],[-123.918886,44.074541],[-123.918901,44.074551],[-123.918913,44.074559],[-123.918926,44.074569],[-123.918942,44.07458],[-123.918955,44.074589],[-123.918968,44.074598],[-123.918981,44.074608],[-123.918996,44.074618],[-123.919011,44.074628],[-123.919026,44.074638],[-123.919042,44.074649],[-123.919062,44.074661],[-123.919082,44.074671],[-123.9191,44.07468],[-123.91912,44.074689],[-123.919143,44.074698],[-123.919162,44.074705],[-123.919183,44.074713],[-123.919206,44.074719],[-123.919228,44.074725],[-123.919251,44.07473],[-123.919273,44.074735],[-123.919296,44.074739],[-123.91932,44.074742],[-123.919342,44.074745],[-123.919366,44.074747],[-123.91939,44.074748],[-123.919413,44.074748],[-123.919437,44.074748],[-123.91946,44.074748],[-123.919483,44.074746],[-123.919506,44.074744],[-123.919528,44.074742],[-123.919551,44.074739],[-123.919575,44.074735],[-123.919597,44.07473],[-123.91962,44.074725],[-123.919641,44.074719],[-123.919664,44.074713],[-123.919686,44.074706],[-123.919705,44.074698],[-123.919725,44.07469],[-123.919747,44.074681],[-123.919761,44.074674],[-123.919776,44.074668],[-123.919792,44.074661],[-123.919807,44.074655],[-123.919825,44.074648],[-123.919841,44.074641],[-123.919857,44.074634],[-123.919874,44.074627],[-123.919891,44.07462],[-123.919907,44.074614],[-123.919923,44.074607],[-123.919941,44.074599],[-123.919956,44.074593],[-123.919972,44.074586],[-123.91999,44.074579],[-123.920006,44.074572],[-123.92002,44.074566],[-123.920036,44.07456],[-123.920051,44.074554],[-123.920065,44.074549],[-123.920081,44.074543],[-123.920097,44.074538],[-123.920113,44.074533],[-123.920128,44.074528],[-123.920143,44.074524],[-123.920159,44.07452],[-123.920175,44.074516],[-123.920191,44.074512],[-123.920209,44.074508],[-123.920224,44.074505],[-123.92024,44.074501],[-123.920256,44.074498],[-123.920273,44.074496],[-123.920293,44.074492],[-123.92031,44.074489],[-123.920328,44.074486],[-123.920347,44.074483],[-123.920366,44.07448],[-123.920385,44.074477],[-123.920404,44.074474],[-123.920421,44.074471],[-123.92044,44.074468],[-123.920459,44.074465],[-123.920478,44.074462],[-123.920495,44.074459],[-123.920515,44.074456],[-123.920533,44.074453],[-123.920551,44.07445],[-123.92057,44.074447],[-123.920588,44.074444],[-123.920607,44.074441],[-123.920627,44.074437],[-123.920644,44.074434],[-123.920662,44.074431],[-123.920682,44.074428],[-123.9207,44.074425],[-123.920718,44.074422],[-123.920738,44.074419],[-123.920755,44.074416],[-123.920774,44.074413],[-123.920793,44.07441],[-123.920811,44.074407],[-123.920829,44.074404],[-123.920849,44.074401],[-123.920867,44.074398],[-123.920885,44.074395],[-123.920904,44.074392],[-123.920923,44.074388],[-123.920941,44.074386],[-123.92096,44.074382],[-123.920978,44.074379],[-123.920996,44.074376],[-123.921015,44.074373],[-123.921033,44.07437],[-123.921053,44.074367],[-123.921071,44.074364],[-123.921089,44.074361],[-123.921105,44.074358],[-123.921117,44.074357],[-123.92113,44.074356],[-123.921142,44.074355],[-123.921153,44.074355],[-123.921166,44.074356],[-123.921179,44.074357],[-123.921191,44.074359],[-123.921203,44.074361],[-123.921214,44.074363],[-123.921224,44.074366],[-123.921236,44.07437],[-123.921247,44.074374],[-123.921258,44.074379],[-123.921271,44.074385],[-123.921286,44.074393],[-123.921299,44.0744],[-123.921314,44.074408],[-123.921332,44.074416],[-123.921347,44.074424],[-123.921362,44.074432],[-123.921379,44.07444],[-123.921394,44.074448],[-123.92141,44.074456],[-123.921425,44.074463],[-123.921439,44.074471],[-123.921456,44.074479],[-123.921471,44.074487],[-123.921488,44.074496],[-123.921503,44.074503],[-123.921519,44.074511],[-123.921533,44.074518],[-123.921547,44.074526],[-123.921564,44.074535],[-123.921581,44.074543],[-123.9216,44.074552],[-123.921619,44.074561],[-123.921637,44.074569],[-123.921659,44.074577],[-123.921677,44.074584],[-123.921698,44.074591],[-123.921718,44.074597],[-123.921739,44.074603],[-123.92176,44.074609],[-123.921782,44.074614],[-123.921803,44.074619],[-123.921823,44.074622],[-123.921841,44.074626],[-123.921863,44.07463],[-123.921884,44.074633],[-123.921904,44.074637],[-123.921925,44.074639],[-123.921946,44.074642],[-123.921967,44.074644],[-123.921986,44.074646],[-123.922008,44.074648],[-123.922025,44.074649],[-123.922042,44.074651],[-123.922062,44.074653],[-123.922081,44.074655],[-123.9221,44.074657],[-123.922119,44.074659],[-123.922139,44.074661],[-123.922159,44.074662],[-123.922179,44.074664],[-123.922198,44.074665],[-123.922218,44.074666],[-123.922238,44.074668],[-123.922258,44.074669],[-123.922279,44.07467],[-123.922298,44.074671],[-123.922316,44.074671],[-123.922335,44.074672],[-123.922354,44.074673],[-123.922373,44.074674],[-123.922391,44.074675],[-123.922411,44.074676],[-123.92243,44.074677],[-123.922449,44.074677],[-123.922468,44.074678],[-123.922487,44.074679],[-123.922506,44.07468],[-123.922525,44.074681],[-123.922544,44.074682],[-123.922563,44.074682],[-123.922582,44.074683],[-123.922601,44.074684],[-123.92262,44.074685],[-123.92264,44.074686],[-123.922658,44.074687],[-123.922677,44.074688],[-123.922696,44.074688],[-123.922714,44.074689],[-123.922734,44.07469],[-123.922752,44.074691],[-123.922771,44.074692],[-123.922791,44.074693],[-123.92281,44.074694],[-123.922828,44.074694],[-123.922848,44.074695],[-123.922867,44.074696],[-123.922886,44.074697],[-123.922905,44.074698],[-123.922923,44.074699],[-123.922942,44.0747],[-123.922962,44.0747],[-123.922981,44.074701],[-123.923,44.074702],[-123.923019,44.074703],[-123.923038,44.074704],[-123.923057,44.074705],[-123.923075,44.074705],[-123.923094,44.074706],[-123.923113,44.074707],[-123.923133,44.074708],[-123.923152,44.074709],[-123.923171,44.07471],[-123.923189,44.07471],[-123.923208,44.074711],[-123.923228,44.074712],[-123.923247,44.074713],[-123.923265,44.074714],[-123.923284,44.074715],[-123.923304,44.074716],[-123.923323,44.074717],[-123.923342,44.074717],[-123.92336,44.074718],[-123.923382,44.074719],[-123.923407,44.074719],[-123.923427,44.074719],[-123.923447,44.074719],[-123.923468,44.074718],[-123.923488,44.074717],[-123.923508,44.074717],[-123.923528,44.074716],[-123.923548,44.074715],[-123.923568,44.074713],[-123.923589,44.074712],[-123.923608,44.07471],[-123.923628,44.074709],[-123.923649,44.074707],[-123.923668,44.074705],[-123.923687,44.074703],[-123.923707,44.074701],[-123.923728,44.074698],[-123.923747,44.074696],[-123.923767,44.074693],[-123.923787,44.07469],[-123.923807,44.074687],[-123.923827,44.074684],[-123.923847,44.074681],[-123.923866,44.074678],[-123.923885,44.074674],[-123.923904,44.074671],[-123.923925,44.074667],[-123.923944,44.074663],[-123.923963,44.074659],[-123.923983,44.074654],[-123.924001,44.07465],[-123.92402,44.074646],[-123.92404,44.074641],[-123.924059,44.074636],[-123.924078,44.074632],[-123.924096,44.074627],[-123.924115,44.074622],[-123.924134,44.074616],[-123.924152,44.074611],[-123.924169,44.074607],[-123.924187,44.074602],[-123.924205,44.074597],[-123.924224,44.074591],[-123.924243,44.074586],[-123.92426,44.07458],[-123.924278,44.074575],[-123.924298,44.074569],[-123.924314,44.074564],[-123.924333,44.074558],[-123.924351,44.074552],[-123.924369,44.074546],[-123.924386,44.07454],[-123.924404,44.074534],[-123.924423,44.074527],[-123.924439,44.074521],[-123.924459,44.074515],[-123.924482,44.074505],[-123.924505,44.074495],[-123.924522,44.074486],[-123.924539,44.074477],[-123.924554,44.074468],[-123.924572,44.074458],[-123.924589,44.074448],[-123.924603,44.074439],[-123.92462,44.074429],[-123.924636,44.074418],[-123.92465,44.074408],[-123.924666,44.074397],[-123.924682,44.074384],[-123.924698,44.074371],[-123.924711,44.074359],[-123.924724,44.074348],[-123.924738,44.074335],[-123.92475,44.074322],[-123.924763,44.074309],[-123.924775,44.074295],[-123.924784,44.074283],[-123.924796,44.074269],[-123.924806,44.074255],[-123.924816,44.074242],[-123.924826,44.074228],[-123.924836,44.074211],[-123.924844,44.074197],[-123.924851,44.074184],[-123.924858,44.074171],[-123.924865,44.074158],[-123.924872,44.074146],[-123.924878,44.074133],[-123.924885,44.07412],[-123.924892,44.074107],[-123.9249,44.074093],[-123.924906,44.07408],[-123.924912,44.074069],[-123.924919,44.074056],[-123.924926,44.074043],[-123.924933,44.07403],[-123.92494,44.074017],[-123.924947,44.074005],[-123.924953,44.073992],[-123.924962,44.073977],[-123.924967,44.073964],[-123.924973,44.073953],[-123.92498,44.073941],[-123.924987,44.073928],[-123.924994,44.073915],[-123.925001,44.073902],[-123.925006,44.073892],[-123.925014,44.073879],[-123.925021,44.073866],[-123.925028,44.073856],[-123.925034,44.073846],[-123.925044,44.073833],[-123.925052,44.073819],[-123.925059,44.073809],[-123.925066,44.073798],[-123.925076,44.073784],[-123.925084,44.073772],[-123.925092,44.073761],[-123.925099,44.073751],[-123.925109,44.073739],[-123.925118,44.073727],[-123.925127,44.073715],[-123.925136,44.073704],[-123.925144,44.073694],[-123.925154,44.073682],[-123.925164,44.073671],[-123.925173,44.073659],[-123.925182,44.073649],[-123.925193,44.073637],[-123.925202,44.073626],[-123.925211,44.073616],[-123.925222,44.073605],[-123.925232,44.073594],[-123.925243,44.073583],[-123.925248,44.073578],[-123.925254,44.073572],[-123.925263,44.073563],[-123.925274,44.073552],[-123.925286,44.07354],[-123.925295,44.073531],[-123.925307,44.073521],[-123.925319,44.07351],[-123.925332,44.073498],[-123.925343,44.073486],[-123.925353,44.073477],[-123.925365,44.073466],[-123.925377,44.073455],[-123.925388,44.073444],[-123.925401,44.073432],[-123.925412,44.073422],[-123.925423,44.073412],[-123.925434,44.073401],[-123.925446,44.07339],[-123.925458,44.073379],[-123.925471,44.073367],[-123.925482,44.073356],[-123.925492,44.073347],[-123.925504,44.073336],[-123.925516,44.073325],[-123.925528,44.073314],[-123.925541,44.073301],[-123.925551,44.073291],[-123.925562,44.073281],[-123.925573,44.073271],[-123.925583,44.073262],[-123.925596,44.073251],[-123.925607,44.073241],[-123.925617,44.073233],[-123.92563,44.073223],[-123.925642,44.073213],[-123.925653,44.073205],[-123.925667,44.073195],[-123.925679,44.073185],[-123.92569,44.073177],[-123.925704,44.073168],[-123.925717,44.073159],[-123.92573,44.07315],[-123.925742,44.073142],[-123.925756,44.073133],[-123.925769,44.073125],[-123.925782,44.073117],[-123.925797,44.073108],[-123.925811,44.0731],[-123.925823,44.073093],[-123.925838,44.073085],[-123.925852,44.073077],[-123.925867,44.073069],[-123.925882,44.073061],[-123.925895,44.073055],[-123.92591,44.073047],[-123.925925,44.07304],[-123.925938,44.073034],[-123.925955,44.073026],[-123.92597,44.073019],[-123.925985,44.073013],[-123.926,44.073006],[-123.926015,44.073],[-123.926031,44.072994],[-123.926046,44.072988],[-123.926061,44.072982],[-123.926077,44.072977],[-123.926091,44.072972],[-123.926107,44.072967],[-123.926125,44.072961],[-123.92614,44.072956],[-123.926156,44.072952],[-123.926173,44.072947],[-123.926188,44.072942],[-123.926205,44.072938],[-123.926221,44.072934],[-123.926237,44.07293],[-123.926255,44.072926],[-123.926271,44.072923],[-123.926289,44.072919],[-123.926305,44.072916],[-123.926319,44.072913],[-123.926332,44.072911],[-123.926349,44.072909],[-123.926365,44.072908],[-123.926382,44.072906],[-123.926399,44.072905],[-123.926415,44.072904],[-123.926432,44.072904],[-123.926448,44.072903],[-123.926465,44.072903],[-123.926482,44.072903],[-123.926498,44.072903],[-123.926515,44.072904],[-123.926532,44.072904],[-123.926549,44.072905],[-123.926565,44.072907],[-123.926581,44.072908],[-123.926583,44.072908],[-123.926599,44.07291],[-123.926617,44.072912],[-123.926638,44.072914],[-123.926656,44.072916],[-123.926675,44.072918],[-123.926694,44.07292],[-123.926713,44.072922],[-123.926731,44.072923],[-123.926751,44.072926],[-123.926769,44.072927],[-123.926788,44.072929],[-123.926807,44.072931],[-123.926826,44.072933],[-123.926844,44.072935],[-123.926864,44.072937],[-123.926883,44.072939],[-123.926901,44.072941],[-123.92692,44.072943],[-123.926939,44.072945],[-123.926957,44.072947],[-123.926977,44.072949],[-123.926995,44.072951],[-123.927014,44.072952],[-123.927033,44.072954],[-123.927052,44.072956],[-123.92707,44.072958],[-123.92709,44.07296],[-123.927108,44.072962],[-123.927127,44.072964],[-123.927146,44.072966],[-123.927165,44.072968],[-123.927183,44.07297],[-123.927203,44.072972],[-123.927222,44.072974],[-123.927241,44.072976],[-123.927259,44.072978],[-123.927278,44.072979],[-123.927297,44.072981],[-123.927315,44.072983],[-123.927335,44.072985],[-123.927353,44.072987],[-123.927372,44.072989],[-123.927391,44.072991],[-123.92741,44.072993],[-123.927429,44.072995],[-123.927448,44.072997],[-123.927467,44.072999],[-123.927485,44.073001],[-123.927504,44.073003],[-123.927525,44.073005],[-123.927545,44.073006],[-123.927565,44.073008],[-123.927585,44.073009],[-123.927603,44.07301],[-123.927622,44.073012],[-123.927641,44.073013],[-123.92766,44.073015],[-123.927679,44.073016],[-123.927698,44.073017],[-123.927717,44.073019],[-123.927735,44.07302],[-123.927754,44.073021],[-123.927773,44.073023],[-123.927793,44.073024],[-123.927812,44.073026],[-123.92783,44.073027],[-123.927849,44.073028],[-123.927869,44.07303],[-123.927888,44.073031],[-123.927906,44.073032],[-123.927924,44.073034],[-123.927944,44.073035],[-123.927963,44.073037],[-123.927982,44.073038],[-123.928,44.073039],[-123.92802,44.073041],[-123.928039,44.073042],[-123.928057,44.073043],[-123.928076,44.073045],[-123.928096,44.073046],[-123.928114,44.073047],[-123.928133,44.073049],[-123.928152,44.07305],[-123.928172,44.073052],[-123.92819,44.073053],[-123.928208,44.073054],[-123.928228,44.073056],[-123.928247,44.073057],[-123.928266,44.073058],[-123.928284,44.07306],[-123.928302,44.073061],[-123.928325,44.073063],[-123.928348,44.073064],[-123.928369,44.073064],[-123.928389,44.073064],[-123.92841,44.073065],[-123.928431,44.073064],[-123.928451,44.073064],[-123.928472,44.073063],[-123.928475,44.073063],[-123.928453,44.072899],[-123.928445,44.072899],[-123.928426,44.0729],[-123.928409,44.0729],[-123.928392,44.0729],[-123.928374,44.0729],[-123.928357,44.072899],[-123.928342,44.072899],[-123.928327,44.072898],[-123.928309,44.072896],[-123.928288,44.072895],[-123.928269,44.072893],[-123.928251,44.072892],[-123.928232,44.072891],[-123.928213,44.072889],[-123.928193,44.072888],[-123.928175,44.072887],[-123.928156,44.072885],[-123.928136,44.072884],[-123.928119,44.072882],[-123.9281,44.072881],[-123.928081,44.07288],[-123.928061,44.072878],[-123.928042,44.072877],[-123.928024,44.072876],[-123.928005,44.072874],[-123.927985,44.072873],[-123.927966,44.072871],[-123.927948,44.07287],[-123.92793,44.072869],[-123.92791,44.072867],[-123.927891,44.072866],[-123.927872,44.072865],[-123.927853,44.072863],[-123.927834,44.072862],[-123.927815,44.07286],[-123.927796,44.072859],[-123.927777,44.072858],[-123.927758,44.072856],[-123.92774,44.072855],[-123.927721,44.072854],[-123.927702,44.072852],[-123.927682,44.072851],[-123.927663,44.072849],[-123.927646,44.072848],[-123.927626,44.072847],[-123.927607,44.072845],[-123.927587,44.072844],[-123.927569,44.072843],[-123.927553,44.072841],[-123.927536,44.07284],[-123.927517,44.072838],[-123.927499,44.072836],[-123.927479,44.072834],[-123.92746,44.072832],[-123.927443,44.07283],[-123.927423,44.072828],[-123.927404,44.072826],[-123.927386,44.072824],[-123.927366,44.072822],[-123.927348,44.07282],[-123.92733,44.072819],[-123.92731,44.072816],[-123.927291,44.072815],[-123.927273,44.072813],[-123.927253,44.072811],[-123.927234,44.072809],[-123.927216,44.072807],[-123.927198,44.072805],[-123.927178,44.072803],[-123.927159,44.072801],[-123.927141,44.072799],[-123.927121,44.072797],[-123.927103,44.072795],[-123.927085,44.072793],[-123.927065,44.072791],[-123.927046,44.072789],[-123.927028,44.072788],[-123.927008,44.072786],[-123.92699,44.072784],[-123.926972,44.072782],[-123.926952,44.07278],[-123.926933,44.072778],[-123.926914,44.072776],[-123.926895,44.072774],[-123.926877,44.072772],[-123.926859,44.07277],[-123.926839,44.072768],[-123.92682,44.072766],[-123.926802,44.072764],[-123.926782,44.072763],[-123.926764,44.072761],[-123.926746,44.072759],[-123.926726,44.072757],[-123.926707,44.072755],[-123.926689,44.072753],[-123.926669,44.072751],[-123.926651,44.072749],[-123.926633,44.072747],[-123.926614,44.072745],[-123.926591,44.072743],[-123.92657,44.072741],[-123.926549,44.07274],[-123.926527,44.072739],[-123.926506,44.072739],[-123.926484,44.072738],[-123.926463,44.072738],[-123.926442,44.072738],[-123.926421,44.072739],[-123.9264,44.07274],[-123.926378,44.072741],[-123.926357,44.072743],[-123.926336,44.072745],[-123.926314,44.072747],[-123.926293,44.072749],[-123.92627,44.072752],[-123.926246,44.072757],[-123.926227,44.072761],[-123.926207,44.072765],[-123.926188,44.072769],[-123.926168,44.072773],[-123.926148,44.072778],[-123.926129,44.072783],[-123.926109,44.072788],[-123.92609,44.072793],[-123.926071,44.072799],[-123.926051,44.072804],[-123.926033,44.07281],[-123.926015,44.072816],[-123.925995,44.072822],[-123.925976,44.072829],[-123.925958,44.072836],[-123.925939,44.072842],[-123.925921,44.07285],[-123.925904,44.072857],[-123.925885,44.072864],[-123.925868,44.072872],[-123.92585,44.072879],[-123.925833,44.072887],[-123.925817,44.072894],[-123.925798,44.072903],[-123.925782,44.072911],[-123.925766,44.072919],[-123.925748,44.072928],[-123.925732,44.072936],[-123.925716,44.072945],[-123.9257,44.072954],[-123.925684,44.072962],[-123.925667,44.072972],[-123.925652,44.072981],[-123.925636,44.07299],[-123.92562,44.073],[-123.925605,44.07301],[-123.92559,44.073019],[-123.925575,44.07303],[-123.92556,44.073039],[-123.925546,44.073049],[-123.925532,44.073059],[-123.925516,44.07307],[-123.925503,44.07308],[-123.925488,44.073091],[-123.925474,44.073102],[-123.925461,44.073112],[-123.925448,44.073123],[-123.925432,44.073135],[-123.925421,44.073146],[-123.925408,44.073156],[-123.925394,44.073169],[-123.925382,44.07318],[-123.925369,44.073192],[-123.925357,44.073203],[-123.925347,44.073213],[-123.925336,44.073224],[-123.925324,44.073235],[-123.925312,44.073245],[-123.925299,44.073258],[-123.925289,44.073268],[-123.925278,44.073278],[-123.925266,44.073289],[-123.925254,44.0733],[-123.925243,44.073311],[-123.92523,44.073323],[-123.925218,44.073334],[-123.925208,44.073343],[-123.925196,44.073354],[-123.925185,44.073365],[-123.925173,44.073376],[-123.92516,44.073388],[-123.925149,44.073399],[-123.925139,44.073409],[-123.925127,44.073419],[-123.925115,44.07343],[-123.925102,44.073443],[-123.925091,44.073454],[-123.925079,44.073465],[-123.925066,44.073478],[-123.925055,44.073489],[-123.925044,44.073501],[-123.925033,44.073512],[-123.925022,44.073524],[-123.92501,44.073537],[-123.925,44.073549],[-123.92499,44.07356],[-123.92498,44.073572],[-123.924978,44.073574],[-123.924968,44.073585],[-123.924958,44.073597],[-123.924949,44.073609],[-123.924937,44.073622],[-123.924928,44.073635],[-123.924918,44.073647],[-123.92491,44.073659],[-123.9249,44.073671],[-123.924889,44.073685],[-123.924879,44.073699],[-123.924871,44.073712],[-123.924864,44.073722],[-123.924854,44.073736],[-123.924844,44.07375],[-123.924837,44.073762],[-123.924829,44.073773],[-123.92482,44.073788],[-123.924811,44.073803],[-123.924804,44.073815],[-123.924796,44.073827],[-123.924788,44.073843],[-123.924781,44.073856],[-123.924774,44.073868],[-123.924767,44.073881],[-123.92476,44.073894],[-123.924752,44.073909],[-123.924746,44.073922],[-123.924741,44.073932],[-123.924734,44.073945],[-123.924727,44.073958],[-123.92472,44.073971],[-123.924713,44.073984],[-123.924706,44.073996],[-123.924699,44.074009],[-123.924692,44.074023],[-123.924685,44.074036],[-123.924679,44.074048],[-123.924672,44.074061],[-123.924666,44.074073],[-123.924659,44.074086],[-123.924652,44.074099],[-123.924645,44.074112],[-123.924638,44.074124],[-123.924631,44.074137],[-123.924625,44.074148],[-123.92462,44.074157],[-123.924613,44.074167],[-123.924604,44.074178],[-123.924597,44.074188],[-123.924589,44.074198],[-123.924579,44.07421],[-123.924571,44.074219],[-123.924562,44.074228],[-123.924553,44.074238],[-123.924544,44.074247],[-123.924533,44.074257],[-123.924523,44.074266],[-123.924513,44.074274],[-123.924503,44.074281],[-123.924491,44.07429],[-123.924479,44.074298],[-123.924467,44.074306],[-123.924454,44.074314],[-123.924439,44.074323],[-123.924428,44.07433],[-123.924415,44.074337],[-123.924401,44.074346],[-123.924387,44.074353],[-123.924374,44.07436],[-123.924365,44.074364],[-123.924355,44.074368],[-123.924339,44.074374],[-123.924322,44.07438],[-123.924307,44.074385],[-123.924289,44.074391],[-123.924272,44.074397],[-123.924255,44.074402],[-123.92424,44.074407],[-123.924223,44.074413],[-123.924205,44.074418],[-123.924189,44.074423],[-123.924172,44.074428],[-123.924154,44.074434],[-123.924139,44.074439],[-123.924122,44.074443],[-123.924105,44.074448],[-123.924087,44.074453],[-123.924069,44.074458],[-123.92405,44.074463],[-123.924034,44.074468],[-123.924017,44.074472],[-123.924,44.074477],[-123.923983,44.074481],[-123.923967,44.074485],[-123.923951,44.074489],[-123.923932,44.074493],[-123.923915,44.074497],[-123.923899,44.074501],[-123.92388,44.074505],[-123.923864,44.074508],[-123.923847,44.074511],[-123.923829,44.074515],[-123.923812,44.074518],[-123.923795,44.074521],[-123.923777,44.074524],[-123.923759,44.074526],[-123.923742,44.074529],[-123.923725,44.074531],[-123.923707,44.074534],[-123.923689,44.074536],[-123.923671,44.074538],[-123.923654,44.07454],[-123.923635,44.074542],[-123.923619,44.074544],[-123.923602,44.074545],[-123.923583,44.074547],[-123.923565,44.074548],[-123.923548,44.074549],[-123.92353,44.07455],[-123.923512,44.074551],[-123.923494,44.074552],[-123.923476,44.074553],[-123.923458,44.074554],[-123.923441,44.074554],[-123.923422,44.074554],[-123.923405,44.074555],[-123.923391,44.074555],[-123.923375,44.074554],[-123.923355,44.074553],[-123.923336,44.074552],[-123.923317,44.074551],[-123.923299,44.074551],[-123.92328,44.07455],[-123.923261,44.074549],[-123.923242,44.074548],[-123.923223,44.074547],[-123.923204,44.074546],[-123.923184,44.074545],[-123.923165,44.074545],[-123.923146,44.074544],[-123.923128,44.074543],[-123.923109,44.074542],[-123.923089,44.074541],[-123.923071,44.07454],[-123.923053,44.07454],[-123.923033,44.074539],[-123.923014,44.074538],[-123.922995,44.074537],[-123.922976,44.074536],[-123.922957,44.074535],[-123.922938,44.074534],[-123.922918,44.074534],[-123.9229,44.074533],[-123.922881,44.074532],[-123.922863,44.074531],[-123.922843,44.07453],[-123.922824,44.074529],[-123.922804,44.074528],[-123.922786,44.074528],[-123.922767,44.074527],[-123.922747,44.074526],[-123.922728,44.074525],[-123.922711,44.074524],[-123.922692,44.074523],[-123.922673,44.074522],[-123.922653,44.074522],[-123.922634,44.074521],[-123.922615,44.07452],[-123.922596,44.074519],[-123.922577,44.074518],[-123.922558,44.074517],[-123.922539,44.074517],[-123.922521,44.074516],[-123.922502,44.074515],[-123.922482,44.074514],[-123.922463,44.074513],[-123.922444,44.074512],[-123.922425,44.074512],[-123.922406,44.074511],[-123.922386,44.07451],[-123.922368,44.074509],[-123.92235,44.074508],[-123.922331,44.074507],[-123.922311,44.074506],[-123.922292,44.074505],[-123.922275,44.074505],[-123.922257,44.074504],[-123.922239,44.074503],[-123.922221,44.074501],[-123.922202,44.0745],[-123.922184,44.074498],[-123.922165,44.074497],[-123.922147,44.074495],[-123.92213,44.074494],[-123.922111,44.074492],[-123.922092,44.07449],[-123.922075,44.074489],[-123.922054,44.074486],[-123.922033,44.074485],[-123.922016,44.074483],[-123.922,44.074481],[-123.921982,44.07448],[-123.921966,44.074478],[-123.921949,44.074475],[-123.921933,44.074473],[-123.921916,44.07447],[-123.9219,44.074467],[-123.921882,44.074464],[-123.921865,44.07446],[-123.92185,44.074457],[-123.921835,44.074453],[-123.921822,44.07445],[-123.921807,44.074446],[-123.921792,44.074441],[-123.921778,44.074436],[-123.921764,44.074431],[-123.921751,44.074426],[-123.921738,44.07442],[-123.921723,44.074414],[-123.921711,44.074408],[-123.921696,44.0744],[-123.921681,44.074393],[-123.921667,44.074385],[-123.92165,44.074376],[-123.921634,44.074368],[-123.921618,44.07436],[-123.921603,44.074353],[-123.921587,44.074345],[-123.921572,44.074337],[-123.921557,44.074329],[-123.921541,44.074321],[-123.921525,44.074313],[-123.921509,44.074305],[-123.921494,44.074297],[-123.921478,44.074289],[-123.921462,44.074281],[-123.921448,44.074274],[-123.921434,44.074267],[-123.921416,44.074258],[-123.9214,44.07425],[-123.921381,44.07424],[-123.921359,44.074231],[-123.921337,44.074222],[-123.921313,44.074215],[-123.921289,44.074208],[-123.921264,44.074202],[-123.921239,44.074198],[-123.921213,44.074194],[-123.921188,44.074192],[-123.921162,44.074191],[-123.921136,44.074191],[-123.921111,44.074192],[-123.921085,44.074194],[-123.92106,44.074197],[-123.921038,44.074201],[-123.921018,44.074204],[-123.921001,44.074207],[-123.920983,44.07421],[-123.920963,44.074213],[-123.920946,44.074216],[-123.920927,44.074219],[-123.920909,44.074222],[-123.920891,44.074225],[-123.920871,44.074228],[-123.920853,44.074231],[-123.920835,44.074234],[-123.920815,44.074237],[-123.920798,44.07424],[-123.920779,44.074243],[-123.92076,44.074246],[-123.920742,44.074249],[-123.920723,44.074253],[-123.920704,44.074256],[-123.920686,44.074259],[-123.920668,44.074262],[-123.920649,44.074265],[-123.92063,44.074268],[-123.920612,44.074271],[-123.920593,44.074274],[-123.920574,44.074277],[-123.920557,44.07428],[-123.920538,44.074283],[-123.920519,44.074286],[-123.920501,44.074289],[-123.920481,44.074292],[-123.920464,44.074295],[-123.920446,44.074298],[-123.920426,44.074302],[-123.920408,44.074305],[-123.92039,44.074307],[-123.92037,44.074311],[-123.920353,44.074314],[-123.920334,44.074317],[-123.920315,44.07432],[-123.920297,44.074323],[-123.920278,44.074326],[-123.920259,44.074329],[-123.920241,44.074332],[-123.920222,44.074335],[-123.920202,44.074339],[-123.920182,44.074342],[-123.92016,44.074346],[-123.92014,44.074351],[-123.920122,44.074355],[-123.920101,44.07436],[-123.920081,44.074365],[-123.920061,44.074371],[-123.920041,44.074376],[-123.920022,44.074382],[-123.920002,44.074388],[-123.919984,44.074395],[-123.919965,44.074401],[-123.919945,44.074408],[-123.919927,44.074415],[-123.91991,44.074422],[-123.91989,44.07443],[-123.919874,44.074437],[-123.919859,44.074443],[-123.919841,44.074451],[-123.919825,44.074458],[-123.91981,44.074464],[-123.919792,44.074471],[-123.919776,44.074478],[-123.91976,44.074485],[-123.919743,44.074492],[-123.919726,44.074499],[-123.91971,44.074506],[-123.919695,44.074512],[-123.919676,44.074519],[-123.91966,44.074526],[-123.919642,44.074534],[-123.919625,44.074542],[-123.919613,44.074547],[-123.919599,44.074552],[-123.919586,44.074558],[-123.919574,44.074562],[-123.91956,44.074565],[-123.919547,44.074569],[-123.919532,44.074572],[-123.919518,44.074575],[-123.919504,44.074578],[-123.919489,44.07458],[-123.919475,44.074581],[-123.919461,44.074582],[-123.919445,44.074583],[-123.919431,44.074584],[-123.919417,44.074584],[-123.919402,44.074584],[-123.919387,44.074583],[-123.919373,44.074582],[-123.919359,44.07458],[-123.919344,44.074578],[-123.919331,44.074576],[-123.919316,44.074573],[-123.919303,44.07457],[-123.919289,44.074566],[-123.919276,44.074562],[-123.919263,44.074558],[-123.919248,44.074552],[-123.919237,44.074548],[-123.919226,44.074543],[-123.919213,44.074536],[-123.919201,44.07453],[-123.919192,44.074524],[-123.919181,44.074517],[-123.919168,44.074509],[-123.919155,44.0745],[-123.919142,44.074491],[-123.919129,44.074481],[-123.919114,44.074471],[-123.9191,44.074461],[-123.919088,44.074452],[-123.919075,44.074443],[-123.919059,44.074432],[-123.919046,44.074423],[-123.919034,44.074414],[-123.919019,44.074403],[-123.919006,44.074395],[-123.918993,44.074385],[-123.918978,44.074375],[-123.918965,44.074366],[-123.918952,44.074356],[-123.918937,44.074345],[-123.918922,44.074336],[-123.918909,44.074326],[-123.918893,44.074316],[-123.918878,44.074306],[-123.918863,44.074297],[-123.918848,44.074287],[-123.918834,44.074279],[-123.918817,44.074269],[-123.918802,44.07426],[-123.918787,44.074251],[-123.91877,44.074241],[-123.918755,44.074233],[-123.918753,44.074232],[-123.918739,44.074224],[-123.918722,44.074215],[-123.918707,44.074207],[-123.918689,44.074198],[-123.918673,44.07419],[-123.918656,44.074181],[-123.918639,44.074173],[-123.918622,44.074165],[-123.918606,44.074158],[-123.91859,44.07415],[-123.918573,44.074143],[-123.918558,44.074136],[-123.918542,44.074129],[-123.918527,44.074121],[-123.918509,44.074113],[-123.918493,44.074106],[-123.918477,44.074099],[-123.918461,44.074092],[-123.918445,44.074084],[-123.918428,44.074077],[-123.918414,44.07407],[-123.918398,44.074062],[-123.918381,44.074055],[-123.918365,44.074047],[-123.918348,44.07404],[-123.918334,44.074033],[-123.918317,44.074025],[-123.918301,44.074018],[-123.918285,44.07401],[-123.918268,44.074003],[-123.918253,44.073996],[-123.918237,44.073989],[-123.918222,44.073981],[-123.918204,44.073973],[-123.918188,44.073966],[-123.918173,44.073959],[-123.918156,44.073951],[-123.918141,44.073945],[-123.918125,44.073937],[-123.918108,44.073929],[-123.918093,44.073922],[-123.918076,44.073915],[-123.918061,44.073908],[-123.918044,44.0739],[-123.918028,44.073892],[-123.918014,44.073886],[-123.917997,44.073878],[-123.91798,44.07387],[-123.917964,44.073863],[-123.917948,44.073855],[-123.917934,44.073849],[-123.917917,44.073841],[-123.9179,44.073833],[-123.917884,44.073826],[-123.917867,44.073818],[-123.917853,44.073812],[-123.917837,44.073804],[-123.91782,44.073797],[-123.917804,44.073789],[-123.917787,44.073781],[-123.917773,44.073775],[-123.917757,44.073767],[-123.91774,44.07376],[-123.917724,44.073752],[-123.917707,44.073745],[-123.917694,44.073738],[-123.917679,44.073731],[-123.917664,44.073724],[-123.917649,44.073716],[-123.917636,44.073709],[-123.917621,44.073701],[-123.917606,44.073693],[-123.917591,44.073685],[-123.917576,44.073677],[-123.917563,44.07367],[-123.917548,44.073661],[-123.917534,44.073653],[-123.91752,44.073644],[-123.917506,44.073636],[-123.917491,44.073627],[-123.917479,44.07362],[-123.917465,44.073611],[-123.91745,44.073602],[-123.917437,44.073593],[-123.917423,44.073584],[-123.91741,44.073576],[-123.917397,44.073567],[-123.917383,44.073558],[-123.917369,44.073549],[-123.917356,44.073539],[-123.917344,44.073531],[-123.917333,44.073523],[-123.917321,44.073513],[-123.917308,44.073503],[-123.917295,44.073493],[-123.917282,44.073483],[-123.917269,44.073473],[-123.917256,44.073463],[-123.917243,44.073453],[-123.91723,44.073443],[-123.917219,44.073434],[-123.917207,44.073424],[-123.917192,44.073413],[-123.91718,44.073403],[-123.917166,44.073393],[-123.917153,44.073382],[-123.91714,44.073372],[-123.917128,44.073362],[-123.917115,44.073352],[-123.917102,44.073342],[-123.917089,44.073332],[-123.917076,44.073322],[-123.917063,44.073312],[-123.91705,44.073302],[-123.917037,44.073292],[-123.917024,44.073282],[-123.917011,44.073272],[-123.916998,44.073262],[-123.916985,44.073251],[-123.916959,44.073232],[-123.916941,44.073218],[-123.916919,44.073206],[-123.916903,44.073198],[-123.916876,44.073188],[-123.916854,44.073181],[-123.916823,44.073174],[-123.916789,44.073169],[-123.916763,44.073167],[-123.916724,44.073168],[-123.916684,44.073172],[-123.916648,44.073181],[-123.916603,44.073197],[-123.916564,44.073221],[-123.916539,44.073241],[-123.916515,44.073268],[-123.9165,44.073293],[-123.916489,44.073316],[-123.916483,44.073337],[-123.91648,44.073361],[-123.916481,44.073385],[-123.916485,44.0734],[-123.916488,44.073413],[-123.916496,44.073433],[-123.916502,44.073445],[-123.916512,44.07346],[-123.916675,44.073761],[-123.916689,44.073786],[-123.9167,44.073804],[-123.916714,44.073824],[-123.916727,44.073843],[-123.916743,44.073865],[-123.91676,44.073887],[-123.916775,44.073904],[-123.916792,44.073923],[-123.91681,44.073942],[-123.916829,44.07396],[-123.916846,44.073978],[-123.916858,44.073988],[-123.916914,44.074036],[-123.916949,44.074065],[-123.916979,44.074092],[-123.917029,44.074134],[-123.917058,44.074162],[-123.917087,44.07419],[-123.917115,44.07422],[-123.917146,44.074254],[-123.917162,44.074271],[-123.917177,44.074289],[-123.917207,44.074324],[-123.917231,44.074354],[-123.917256,44.07439],[-123.917278,44.074422],[-123.917293,44.074446],[-123.917316,44.074483],[-123.917337,44.074522],[-123.917355,44.074561],[-123.917366,44.074588],[-123.917384,44.074627],[-123.917391,44.074644],[-123.917401,44.074668],[-123.917412,44.074693],[-123.917428,44.074731],[-123.91743,44.074738],[-123.917431,44.074753],[-123.917429,44.074766],[-123.917427,44.074773],[-123.91742,44.074791],[-123.917412,44.074801],[-123.917403,44.074787],[-123.917385,44.074763],[-123.917373,44.074747],[-123.917355,44.074714],[-123.917334,44.074685],[-123.917315,44.074659],[-123.9173,44.07464],[-123.917285,44.074624],[-123.917266,44.074602],[-123.917002,44.074354],[-123.916751,44.074118],[-123.916723,44.074091],[-123.916699,44.074071],[-123.916673,44.074051],[-123.916644,44.074029],[-123.916616,44.074011],[-123.916581,44.073989],[-123.916546,44.07397],[-123.915935,44.073606],[-123.915851,44.073549],[-123.915771,44.073486],[-123.915435,44.073219],[-123.915296,44.073133],[-123.915215,44.07309],[-123.915132,44.073049],[-123.915051,44.073015],[-123.91495,44.072978],[-123.91486,44.072952],[-123.914671,44.072916],[-123.914601,44.072905],[-123.914564,44.072898],[-123.91454,44.072892],[-123.914493,44.072881],[-123.914474,44.072875],[-123.91445,44.072865],[-123.914419,44.072849],[-123.914398,44.072835],[-123.914372,44.072813],[-123.914354,44.072799],[-123.914331,44.072781],[-123.914309,44.072764],[-123.914271,44.072733],[-123.914234,44.072704],[-123.914215,44.072689],[-123.914166,44.07265],[-123.914131,44.072623],[-123.914081,44.072584],[-123.914058,44.072565],[-123.914035,44.072548],[-123.91401,44.072527],[-123.913959,44.072495],[-123.913925,44.072481],[-123.91389,44.072469],[-123.913839,44.072458],[-123.913778,44.07245],[-123.91371,44.072456],[-123.913664,44.072467],[-123.913625,44.072484],[-123.913589,44.072506],[-123.913552,44.072545],[-123.913536,44.072579],[-123.913532,44.072594],[-123.913528,44.072626],[-123.913537,44.072664],[-123.913557,44.072699],[-123.913578,44.072722],[-123.913599,44.072743],[-123.913616,44.072762],[-123.913638,44.072785],[-123.913656,44.072803],[-123.913675,44.072823],[-123.913688,44.072841],[-123.913697,44.072854],[-123.913706,44.072868],[-123.913713,44.072883],[-123.913721,44.072901],[-123.913728,44.072922],[-123.913745,44.07298],[-123.913756,44.073014],[-123.913783,44.07307],[-123.913811,44.073105],[-123.913831,44.073124],[-123.913872,44.073155],[-123.913913,44.07318],[-123.91396,44.0732],[-123.914039,44.073219],[-123.914089,44.073232],[-123.914127,44.073241],[-123.91416,44.073251],[-123.914183,44.07326],[-123.914213,44.073275],[-123.914239,44.073293],[-123.914255,44.073306],[-123.914265,44.073315],[-123.914281,44.07333],[-123.91429,44.073339],[-123.914314,44.073367],[-123.914336,44.073398],[-123.914353,44.07343],[-123.914365,44.07346],[-123.914373,44.07349],[-123.914382,44.073517],[-123.914391,44.073552],[-123.914402,44.073595],[-123.914421,44.073661],[-123.914439,44.073728],[-123.914458,44.073798],[-123.914476,44.073863],[-123.91449,44.073912],[-123.9145,44.073952],[-123.914508,44.073979],[-123.91452,44.074023],[-123.914527,44.074055],[-123.914529,44.074075],[-123.914528,44.074097],[-123.914523,44.074133],[-123.914517,44.074189],[-123.91451,44.074249],[-123.914504,44.074303],[-123.914496,44.07436],[-123.914491,44.074406],[-123.914485,44.074459],[-123.914476,44.074507],[-123.914467,44.074536],[-123.914458,44.074577],[-123.914452,44.074588],[-123.914442,44.074601],[-123.914441,44.074602],[-123.91442,44.074608],[-123.914416,44.074609],[-123.914412,44.074604],[-123.914397,44.074572],[-123.914384,44.074546],[-123.914364,44.074507],[-123.914346,44.074472],[-123.914324,44.074435],[-123.914292,44.074391],[-123.914251,44.074346],[-123.914197,44.074301],[-123.914153,44.07427],[-123.914087,44.074227],[-123.914049,44.074205],[-123.914017,44.074188],[-123.91397,44.074169],[-123.913928,44.074154],[-123.91389,44.074139],[-123.913842,44.074121],[-123.913795,44.074103],[-123.913741,44.074083],[-123.913683,44.074061],[-123.913649,44.074048],[-123.913577,44.074021],[-123.913537,44.074006],[-123.913492,44.07399],[-123.913451,44.073973],[-123.913428,44.073963],[-123.913397,44.073948],[-123.913367,44.073933],[-123.913336,44.073915],[-123.913296,44.07389],[-123.913268,44.073871],[-123.913253,44.07386],[-123.913225,44.073837],[-123.913186,44.073804],[-123.913158,44.07378],[-123.913124,44.073753],[-123.913103,44.073735],[-123.91308,44.073716],[-123.913031,44.073673],[-123.912992,44.073641],[-123.912958,44.073612],[-123.912911,44.073573],[-123.91285,44.073521],[-123.912798,44.073477],[-123.91273,44.073419],[-123.912686,44.073385],[-123.912635,44.073344],[-123.912575,44.073296],[-123.912529,44.073258],[-123.912463,44.073206],[-123.912412,44.073165],[-123.912387,44.073146],[-123.912348,44.073114],[-123.912312,44.073086],[-123.912276,44.073057],[-123.912229,44.07302],[-123.912196,44.072995],[-123.91218,44.07298],[-123.91216,44.072957],[-123.912147,44.072938],[-123.91214,44.072926],[-123.912124,44.072887],[-123.912104,44.072829],[-123.912091,44.07279],[-123.912076,44.072747],[-123.912061,44.072703],[-123.912047,44.072676],[-123.912033,44.072654],[-123.91201,44.072628],[-123.911982,44.072593],[-123.911944,44.072567],[-123.911902,44.072549],[-123.911843,44.072536],[-123.911769,44.072538],[-123.911702,44.072548],[-123.911646,44.072573],[-123.911608,44.072615],[-123.911591,44.072646],[-123.911579,44.072689],[-123.911581,44.072727],[-123.911609,44.072785],[-123.911635,44.072828],[-123.91166,44.072869],[-123.911683,44.072905],[-123.91171,44.072949],[-123.911738,44.072994],[-123.911774,44.073053],[-123.911793,44.073083],[-123.911813,44.07311],[-123.911835,44.073138],[-123.911852,44.073156],[-123.911888,44.073191],[-123.911913,44.073214],[-123.911947,44.073246],[-123.911964,44.073261],[-123.911981,44.073278],[-123.912013,44.073309],[-123.912024,44.073321],[-123.912043,44.073344],[-123.912058,44.073362],[-123.912079,44.07339],[-123.91209,44.073405],[-123.912107,44.07343],[-123.912223,44.07359],[-123.912323,44.073728],[-123.91244,44.073889],[-123.912525,44.074007],[-123.912577,44.074079],[-123.912596,44.074105],[-123.912617,44.074134],[-123.912641,44.07417],[-123.912666,44.07421],[-123.912688,44.074246],[-123.912713,44.074296],[-123.912735,44.074342],[-123.912747,44.07437],[-123.912778,44.074441],[-123.912789,44.074466],[-123.912809,44.074511],[-123.912846,44.074597],[-123.912864,44.07464],[-123.912882,44.07468],[-123.912894,44.074709],[-123.912918,44.074763],[-123.912937,44.074805],[-123.912961,44.074859],[-123.912979,44.074903],[-123.912988,44.074928],[-123.912993,44.074951],[-123.912995,44.074976],[-123.912993,44.075],[-123.912985,44.075028],[-123.912979,44.075045],[-123.912969,44.075064],[-123.912961,44.075074],[-123.912935,44.075101],[-123.912904,44.07512],[-123.912884,44.075129],[-123.912877,44.075131],[-123.912865,44.075132],[-123.91283,44.075126],[-123.912816,44.075121],[-123.912768,44.075086],[-123.912748,44.075067],[-123.912708,44.075028],[-123.912672,44.074987],[-123.912648,44.074954],[-123.912627,44.074916],[-123.912602,44.074864],[-123.912581,44.07482],[-123.912563,44.074782],[-123.912533,44.074719],[-123.912505,44.074661],[-123.912468,44.074594],[-123.912418,44.074521],[-123.912395,44.074494],[-123.912362,44.074459],[-123.91234,44.074436],[-123.912306,44.074407],[-123.912264,44.074373],[-123.912197,44.074327],[-123.912136,44.074285],[-123.91206,44.074232],[-123.911977,44.074175],[-123.911916,44.074132],[-123.911844,44.074083],[-123.911762,44.074026],[-123.911709,44.073989],[-123.911651,44.073949],[-123.911618,44.073926],[-123.911545,44.073876],[-123.91151,44.073851],[-123.911449,44.073809],[-123.911367,44.073752],[-123.911304,44.073714],[-123.911235,44.073679],[-123.911185,44.073658],[-123.911147,44.073644],[-123.911087,44.073625],[-123.911036,44.07361],[-123.910979,44.073594],[-123.910935,44.07358],[-123.910903,44.073569],[-123.910862,44.073551],[-123.910822,44.073532],[-123.910783,44.073508],[-123.91076,44.073493],[-123.910731,44.073469],[-123.910674,44.073422],[-123.910626,44.073381],[-123.910597,44.073354],[-123.910539,44.073295],[-123.910517,44.07327],[-123.910492,44.073242],[-123.910471,44.073218],[-123.910433,44.073178],[-123.910393,44.073137],[-123.91037,44.073112],[-123.910334,44.073081],[-123.910289,44.073053],[-123.91025,44.073035],[-123.910204,44.073016],[-123.910121,44.073001],[-123.910065,44.073005],[-123.910017,44.073014],[-123.909977,44.073027],[-123.909932,44.073051],[-123.909907,44.073069],[-123.909883,44.073096],[-123.909863,44.073125],[-123.909842,44.073173],[-123.909835,44.073209],[-123.909836,44.073249],[-123.90985,44.07331],[-123.909869,44.073388],[-123.909889,44.073468],[-123.909909,44.073551],[-123.909927,44.073627],[-123.909942,44.073692],[-123.909955,44.073745],[-123.909958,44.073758],[-123.90996,44.073783],[-123.909958,44.073789],[-123.90995,44.073805],[-123.909939,44.073817],[-123.909934,44.073821],[-123.909921,44.073828],[-123.90992,44.073828],[-123.909911,44.073821],[-123.909898,44.073805],[-123.909892,44.073789],[-123.909882,44.073748],[-123.909865,44.073681],[-123.90985,44.07362],[-123.909836,44.073564],[-123.909821,44.073506],[-123.909791,44.073386],[-123.909757,44.073253],[-123.909742,44.073192],[-123.909732,44.073137],[-123.909722,44.0731],[-123.909706,44.073054],[-123.909691,44.073022],[-123.909673,44.072988],[-123.909652,44.072951],[-123.909634,44.072926],[-123.909616,44.072898],[-123.90959,44.072862],[-123.909586,44.072856],[-123.909572,44.072836],[-123.909567,44.072828],[-123.90956,44.072815],[-123.909549,44.072794],[-123.909536,44.07276],[-123.909518,44.072717],[-123.909497,44.072671],[-123.909483,44.072637],[-123.90947,44.07261],[-123.909439,44.07256],[-123.909412,44.072526],[-123.909384,44.072493],[-123.909364,44.072473],[-123.909331,44.072443],[-123.909304,44.072422],[-123.909268,44.072395],[-123.909229,44.072368],[-123.909209,44.072357],[-123.909173,44.072334],[-123.909116,44.072304],[-123.909072,44.072282],[-123.908998,44.072245],[-123.908942,44.072217],[-123.90888,44.072186],[-123.908848,44.07217],[-123.908811,44.072151],[-123.908765,44.072127],[-123.908729,44.072101],[-123.908704,44.072077],[-123.908698,44.07207],[-123.908691,44.072059],[-123.908679,44.072038],[-123.908673,44.072025],[-123.90867,44.072016],[-123.908665,44.071973],[-123.908661,44.071948],[-123.908658,44.071919],[-123.908654,44.071894],[-123.908649,44.071853],[-123.908646,44.071833],[-123.908641,44.071811],[-123.908626,44.071761],[-123.908609,44.071719],[-123.908593,44.071684],[-123.908572,44.071646],[-123.908554,44.071614],[-123.908531,44.071576],[-123.90852,44.071557],[-123.908501,44.071522],[-123.908487,44.071496],[-123.908478,44.071476],[-123.908468,44.07145],[-123.908458,44.07142],[-123.908453,44.0714],[-123.908446,44.071369],[-123.908423,44.071266],[-123.90841,44.071204],[-123.908389,44.07116],[-123.90837,44.071131],[-123.908343,44.071096],[-123.908331,44.07108],[-123.908296,44.071054],[-123.908271,44.071034],[-123.908253,44.071021],[-123.90822,44.070993],[-123.908184,44.070973],[-123.908177,44.070967],[-123.908158,44.070951],[-123.908154,44.070946],[-123.908142,44.070932],[-123.908133,44.070917],[-123.908126,44.070899],[-123.908121,44.070882],[-123.90812,44.070874],[-123.90812,44.070862],[-123.908122,44.070843],[-123.908135,44.070807],[-123.908146,44.07079],[-123.90816,44.070772],[-123.908171,44.070761],[-123.908184,44.070751],[-123.908198,44.070741],[-123.908207,44.070736],[-123.90824,44.070719],[-123.908269,44.070704],[-123.908316,44.07068],[-123.908341,44.070664],[-123.908391,44.070638],[-123.908421,44.070613],[-123.908454,44.07058],[-123.908472,44.070556],[-123.908498,44.070512],[-123.908512,44.070461],[-123.908515,44.070424],[-123.908516,44.070394],[-123.908515,44.070339],[-123.908511,44.070295],[-123.908496,44.070222],[-123.908481,44.07017],[-123.908455,44.070106],[-123.908443,44.070075],[-123.908429,44.07004],[-123.908394,44.069953],[-123.908374,44.069901],[-123.908358,44.06986],[-123.908342,44.069819],[-123.908336,44.069808],[-123.90831,44.069759],[-123.90829,44.069735],[-123.908271,44.069712],[-123.908247,44.069691],[-123.908213,44.069669],[-123.908184,44.069655],[-123.908144,44.06964],[-123.908118,44.069635],[-123.907951,44.069635],[-123.907918,44.069635],[-123.90788,44.06966],[-123.907846,44.069672],[-123.907829,44.069679],[-123.907812,44.069686],[-123.907796,44.069692],[-123.907779,44.069698],[-123.907762,44.069705],[-123.907745,44.069711],[-123.907712,44.069724],[-123.907682,44.069734],[-123.907667,44.069739],[-123.907652,44.069744],[-123.907636,44.069748],[-123.90762,44.069753],[-123.907604,44.069757],[-123.907587,44.069761],[-123.907573,44.069765],[-123.907556,44.069768],[-123.907539,44.069772],[-123.907522,44.069775],[-123.907506,44.069778],[-123.907489,44.069781],[-123.907474,44.069784],[-123.90745,44.069787],[-123.90743,44.069788],[-123.907412,44.069789],[-123.907393,44.06979],[-123.907373,44.069791],[-123.907354,44.069792],[-123.907336,44.069794],[-123.907317,44.069795],[-123.907297,44.069796],[-123.907279,44.069797],[-123.90726,44.069798],[-123.907241,44.069799],[-123.907221,44.0698],[-123.907203,44.069801],[-123.907184,44.069802],[-123.907165,44.069803],[-123.907146,44.069805],[-123.907127,44.069806],[-123.907108,44.069807],[-123.907095,44.069808],[-123.907077,44.069807],[-123.907056,44.069808],[-123.907034,44.069809],[-123.907006,44.069811],[-123.90698,44.069814],[-123.906953,44.069819],[-123.906928,44.069825],[-123.906904,44.069832],[-123.906881,44.06984],[-123.906856,44.06985],[-123.906831,44.069862],[-123.906809,44.069876],[-123.906785,44.069893],[-123.906764,44.069914],[-123.90675,44.069934],[-123.906739,44.06995],[-123.906731,44.069965],[-123.906722,44.069982],[-123.906715,44.070001],[-123.90671,44.070017],[-123.906705,44.070035],[-123.906702,44.070054],[-123.9067,44.070073],[-123.9067,44.07009],[-123.906701,44.070107],[-123.906703,44.070125],[-123.906707,44.070144],[-123.906712,44.070161],[-123.906717,44.070178],[-123.906723,44.070191],[-123.906727,44.070203],[-123.906731,44.070216],[-123.906736,44.070229],[-123.906741,44.070243],[-123.906746,44.070258],[-123.906752,44.070271],[-123.906755,44.070282],[-123.90676,44.070296],[-123.906764,44.070309],[-123.906769,44.070322],[-123.906774,44.070336],[-123.906779,44.070351],[-123.906784,44.070364],[-123.906788,44.070375],[-123.906793,44.070389],[-123.906797,44.070402],[-123.906802,44.070415],[-123.906806,44.070429],[-123.906812,44.070446],[-123.90682,44.070461],[-123.906824,44.07047],[-123.906827,44.070479],[-123.906829,44.070488],[-123.906831,44.070496],[-123.906831,44.070504],[-123.906831,44.070514],[-123.90683,44.070521],[-123.906828,44.07053],[-123.906825,44.070544],[-123.906824,44.070551],[-123.90682,44.070558],[-123.906817,44.070565],[-123.906815,44.070568],[-123.90681,44.070574],[-123.906805,44.070579],[-123.906799,44.070584],[-123.906792,44.070588],[-123.906787,44.070591],[-123.906779,44.070594],[-123.906772,44.070597],[-123.906763,44.070599],[-123.906757,44.070601],[-123.906746,44.070602],[-123.906727,44.070604],[-123.906709,44.070606],[-123.90669,44.070608],[-123.906671,44.07061],[-123.906652,44.070612],[-123.906632,44.070614],[-123.906615,44.070616],[-123.906597,44.070618],[-123.906577,44.07062],[-123.906558,44.070622],[-123.90654,44.070623],[-123.906521,44.070625],[-123.906502,44.070627],[-123.906483,44.07063],[-123.906464,44.070631],[-123.906444,44.070633],[-123.906424,44.070636],[-123.906404,44.070639],[-123.906382,44.070641],[-123.906361,44.070645],[-123.906341,44.070648],[-123.906321,44.070652],[-123.906301,44.070656],[-123.90628,44.07066],[-123.906259,44.070665],[-123.906239,44.07067],[-123.906219,44.070676],[-123.906199,44.070681],[-123.906177,44.070688],[-123.906159,44.070694],[-123.906141,44.0707],[-123.906123,44.070706],[-123.906102,44.070714],[-123.90608,44.070723],[-123.906065,44.07073],[-123.906053,44.070735],[-123.906041,44.070739],[-123.906027,44.070744],[-123.906014,44.070747],[-123.906001,44.070751],[-123.905986,44.070754],[-123.90597,44.070757],[-123.905955,44.07076],[-123.905943,44.070762],[-123.90593,44.070763],[-123.905911,44.070765],[-123.905891,44.070767],[-123.905872,44.070769],[-123.905852,44.070771],[-123.905837,44.070772],[-123.905822,44.070773],[-123.905799,44.070775],[-123.905775,44.070777],[-123.905752,44.07078],[-123.905727,44.070785],[-123.905704,44.070789],[-123.905682,44.070795],[-123.90566,44.070801],[-123.905638,44.070807],[-123.905618,44.070814],[-123.905594,44.070822],[-123.905573,44.070832],[-123.905555,44.07084],[-123.905538,44.070849],[-123.905521,44.070857],[-123.905503,44.070866],[-123.905488,44.070875],[-123.905471,44.070884],[-123.905453,44.070894],[-123.905436,44.070905],[-123.90542,44.070915],[-123.905407,44.070924],[-123.90539,44.070935],[-123.905375,44.070946],[-123.90536,44.070956],[-123.905345,44.070968],[-123.905332,44.070979],[-123.905319,44.070989],[-123.905304,44.071001],[-123.90529,44.071014],[-123.905278,44.071026],[-123.905264,44.071038],[-123.905251,44.071051],[-123.905241,44.071062],[-123.90523,44.071074],[-123.905219,44.071085],[-123.905208,44.071097],[-123.905197,44.071108],[-123.905187,44.071119],[-123.905176,44.07113],[-123.905165,44.071142],[-123.905154,44.071153],[-123.905143,44.071164],[-123.905133,44.071176],[-123.905122,44.071187],[-123.905111,44.071198],[-123.9051,44.071209],[-123.905089,44.071221],[-123.90508,44.071231],[-123.905067,44.071243],[-123.905055,44.071256],[-123.905046,44.071267],[-123.905035,44.071278],[-123.905025,44.071288],[-123.905016,44.071298],[-123.905007,44.071307],[-123.904995,44.071317],[-123.904985,44.071326],[-123.904975,44.071334],[-123.904963,44.071343],[-123.904953,44.071351],[-123.904941,44.07136],[-123.904928,44.071368],[-123.904917,44.071376],[-123.904902,44.071386],[-123.904888,44.071395],[-123.904877,44.071402],[-123.904864,44.07141],[-123.904852,44.071416],[-123.904839,44.071423],[-123.904827,44.071429],[-123.904813,44.071435],[-123.904799,44.071442],[-123.904787,44.071447],[-123.904774,44.071451],[-123.904759,44.071456],[-123.904744,44.071461],[-123.90473,44.071465],[-123.904712,44.07147],[-123.90471,44.071471],[-123.904701,44.071473],[-123.904685,44.071476],[-123.90467,44.071479],[-123.904655,44.071482],[-123.90464,44.071484],[-123.904625,44.071486],[-123.904609,44.071488],[-123.904593,44.07149],[-123.904579,44.071491],[-123.904562,44.071491],[-123.904546,44.071492],[-123.904531,44.071492],[-123.904512,44.071491],[-123.904493,44.071491],[-123.904474,44.071491],[-123.904455,44.071491],[-123.904436,44.071491],[-123.904417,44.07149],[-123.904398,44.07149],[-123.904379,44.07149],[-123.90436,44.07149],[-123.904341,44.07149],[-123.904322,44.071489],[-123.904303,44.071489],[-123.904285,44.071489],[-123.904266,44.071489],[-123.904247,44.071488],[-123.904227,44.071488],[-123.904208,44.071488],[-123.904189,44.071488],[-123.90417,44.071488],[-123.904151,44.071487],[-123.904132,44.071487],[-123.904113,44.071487],[-123.904094,44.071487],[-123.904075,44.071487],[-123.904055,44.071486],[-123.904035,44.071486],[-123.904014,44.071486],[-123.903993,44.071487],[-123.903971,44.071488],[-123.90395,44.071489],[-123.903929,44.07149],[-123.903908,44.071491],[-123.903887,44.071493],[-123.903866,44.071496],[-123.903845,44.071498],[-123.903825,44.071501],[-123.903804,44.071504],[-123.903783,44.071507],[-123.903762,44.071511],[-123.903742,44.071515],[-123.903721,44.071519],[-123.903699,44.071524],[-123.903678,44.071529],[-123.903661,44.071534],[-123.903643,44.071539],[-123.903625,44.071543],[-123.903607,44.071548],[-123.903589,44.071553],[-123.903572,44.071557],[-123.903554,44.071562],[-123.903536,44.071567],[-123.903518,44.071572],[-123.903501,44.071576],[-123.903482,44.071581],[-123.903463,44.071585],[-123.903445,44.07159],[-123.903428,44.071595],[-123.90341,44.071599],[-123.903393,44.071604],[-123.903374,44.071609],[-123.903357,44.071614],[-123.903339,44.071618],[-123.903321,44.071623],[-123.903303,44.071628],[-123.903285,44.071632],[-123.903268,44.071637],[-123.90325,44.071642],[-123.903232,44.071646],[-123.903215,44.071651],[-123.903196,44.071656],[-123.903177,44.071661],[-123.903161,44.071665],[-123.903146,44.071668],[-123.903131,44.071672],[-123.903115,44.071675],[-123.9031,44.071678],[-123.903084,44.07168],[-123.903067,44.071683],[-123.903052,44.071685],[-123.903037,44.071686],[-123.903021,44.071688],[-123.903004,44.071689],[-123.902986,44.07169],[-123.902968,44.071691],[-123.902954,44.071691],[-123.90294,44.071691],[-123.902925,44.071691],[-123.90291,44.07169],[-123.902895,44.071689],[-123.90288,44.071688],[-123.902866,44.071686],[-123.902852,44.071683],[-123.902838,44.071681],[-123.902823,44.071677],[-123.902808,44.071674],[-123.902793,44.07167],[-123.902772,44.071664],[-123.902752,44.071659],[-123.902735,44.071655],[-123.902717,44.071651],[-123.902699,44.071646],[-123.902681,44.071642],[-123.902663,44.071638],[-123.902646,44.071633],[-123.902627,44.071629],[-123.902608,44.071624],[-123.902588,44.07162],[-123.902566,44.071615],[-123.902542,44.071611],[-123.902521,44.071607],[-123.902497,44.071604],[-123.902475,44.071602],[-123.902451,44.0716],[-123.902428,44.071599],[-123.902405,44.071599],[-123.902381,44.071599],[-123.902358,44.0716],[-123.902335,44.071602],[-123.902312,44.071604],[-123.902289,44.071606],[-123.902267,44.07161],[-123.902243,44.071614],[-123.902221,44.071618],[-123.902199,44.071624],[-123.90218,44.071628],[-123.902163,44.071633],[-123.902145,44.071637],[-123.902126,44.071642],[-123.902109,44.071647],[-123.902092,44.071651],[-123.902073,44.071655],[-123.902055,44.07166],[-123.902037,44.071664],[-123.902019,44.071669],[-123.902001,44.071673],[-123.901984,44.071678],[-123.901965,44.071682],[-123.901946,44.071687],[-123.901929,44.071691],[-123.901911,44.071696],[-123.901894,44.0717],[-123.901876,44.071705],[-123.901858,44.071709],[-123.90184,44.071713],[-123.90182,44.071718],[-123.901801,44.071723],[-123.901784,44.071728],[-123.90177,44.071731],[-123.901757,44.071734],[-123.901743,44.071737],[-123.901727,44.071739],[-123.901715,44.071741],[-123.901701,44.071742],[-123.901686,44.071743],[-123.901671,44.071743],[-123.901657,44.071744],[-123.901643,44.071743],[-123.901628,44.071742],[-123.901614,44.071741],[-123.901599,44.07174],[-123.901585,44.071738],[-123.901571,44.071735],[-123.901557,44.071732],[-123.901543,44.071729],[-123.901528,44.071725],[-123.901513,44.071721],[-123.901492,44.071715],[-123.901471,44.07171],[-123.901453,44.071705],[-123.901432,44.071701],[-123.901413,44.071696],[-123.901394,44.071692],[-123.901375,44.071689],[-123.901355,44.071685],[-123.901336,44.071681],[-123.901315,44.071677],[-123.901295,44.071674],[-123.901276,44.071671],[-123.901256,44.071668],[-123.901235,44.071665],[-123.901216,44.071662],[-123.901196,44.07166],[-123.901175,44.071657],[-123.90115,44.071655],[-123.901127,44.071654],[-123.901108,44.071653],[-123.901089,44.071652],[-123.90107,44.071651],[-123.901052,44.071651],[-123.901035,44.071649],[-123.901016,44.071649],[-123.900997,44.071647],[-123.900978,44.071646],[-123.900956,44.071645],[-123.900932,44.071644],[-123.900912,44.071645],[-123.900896,44.071644],[-123.90088,44.071644],[-123.900865,44.071643],[-123.900849,44.071642],[-123.900832,44.07164],[-123.900817,44.071638],[-123.900801,44.071636],[-123.900785,44.071634],[-123.90077,44.071631],[-123.900754,44.071628],[-123.900738,44.071625],[-123.900723,44.071622],[-123.900709,44.071618],[-123.900693,44.071614],[-123.900678,44.071609],[-123.900663,44.071605],[-123.90065,44.0716],[-123.900636,44.071595],[-123.900622,44.071589],[-123.900607,44.071583],[-123.900593,44.071577],[-123.900581,44.071571],[-123.900567,44.071564],[-123.900555,44.071558],[-123.900546,44.071553],[-123.900535,44.071546],[-123.900522,44.071537],[-123.900511,44.071529],[-123.900499,44.071521],[-123.900487,44.071511],[-123.900476,44.071503],[-123.900466,44.071494],[-123.900455,44.071484],[-123.900443,44.071474],[-123.900434,44.071465],[-123.900424,44.071455],[-123.900414,44.071445],[-123.900406,44.071436],[-123.900396,44.071425],[-123.900388,44.071416],[-123.900382,44.071407],[-123.900373,44.071395],[-123.900364,44.071383],[-123.900357,44.071372],[-123.90035,44.071362],[-123.900343,44.07135],[-123.900335,44.071337],[-123.900328,44.071327],[-123.900321,44.071314],[-123.900315,44.071303],[-123.900309,44.071291],[-123.900304,44.071284],[-123.900303,44.071279],[-123.900299,44.071263],[-123.900294,44.071248],[-123.900288,44.071232],[-123.900282,44.071217],[-123.900276,44.071203],[-123.900268,44.071187],[-123.900262,44.071174],[-123.900254,44.071159],[-123.900247,44.071147],[-123.900242,44.071136],[-123.900234,44.071121],[-123.900226,44.071106],[-123.900216,44.07109],[-123.900204,44.071074],[-123.900192,44.071059],[-123.900179,44.071044],[-123.900165,44.071029],[-123.90015,44.071016],[-123.900135,44.071003],[-123.900117,44.070989],[-123.9001,44.070978],[-123.900083,44.070967],[-123.900064,44.070955],[-123.900044,44.070945],[-123.900027,44.070936],[-123.900013,44.070929],[-123.899999,44.070922],[-123.899982,44.070913],[-123.899965,44.070905],[-123.899949,44.070897],[-123.899934,44.07089],[-123.899922,44.070883],[-123.89991,44.070876],[-123.899896,44.070869],[-123.899885,44.070862],[-123.899873,44.070853],[-123.89986,44.070845],[-123.899849,44.070837],[-123.899838,44.070829],[-123.899826,44.07082],[-123.899816,44.070811],[-123.899808,44.070804],[-123.899798,44.070795],[-123.899789,44.070785],[-123.899781,44.070776],[-123.899773,44.070767],[-123.899765,44.070757],[-123.899757,44.070747],[-123.89975,44.070737],[-123.899743,44.070727],[-123.899739,44.070718],[-123.899732,44.070704],[-123.899723,44.07069],[-123.899717,44.07068],[-123.899711,44.070666],[-123.899702,44.070652],[-123.899696,44.070641],[-123.899689,44.070628],[-123.899681,44.070614],[-123.899675,44.070603],[-123.899668,44.07059],[-123.899661,44.070577],[-123.899654,44.070565],[-123.899646,44.07055],[-123.899639,44.070539],[-123.899633,44.070527],[-123.899625,44.070512],[-123.899618,44.070501],[-123.899613,44.07049],[-123.899607,44.070477],[-123.899601,44.070467],[-123.899597,44.070455],[-123.899592,44.070444],[-123.899588,44.070433],[-123.899584,44.070422],[-123.899581,44.07041],[-123.899577,44.070397],[-123.899575,44.070386],[-123.899572,44.070374],[-123.89957,44.070364],[-123.89957,44.070352],[-123.899568,44.070339],[-123.899567,44.070327],[-123.899567,44.070316],[-123.899567,44.070304],[-123.899567,44.070292],[-123.899568,44.070281],[-123.899569,44.070267],[-123.89957,44.070256],[-123.899572,44.070244],[-123.899574,44.070232],[-123.899576,44.070221],[-123.899579,44.07021],[-123.899582,44.070198],[-123.899585,44.070189],[-123.89959,44.070178],[-123.899595,44.070164],[-123.8996,44.070154],[-123.899607,44.070139],[-123.899612,44.070125],[-123.899616,44.070116],[-123.899622,44.070104],[-123.899629,44.070089],[-123.899634,44.070079],[-123.899639,44.070071],[-123.899646,44.070059],[-123.899655,44.070046],[-123.899664,44.070031],[-123.899672,44.070017],[-123.899679,44.070002],[-123.899687,44.069985],[-123.899693,44.069971],[-123.899698,44.069958],[-123.899704,44.069943],[-123.89971,44.069928],[-123.899715,44.069911],[-123.899719,44.069892],[-123.899721,44.069877],[-123.899724,44.069859],[-123.899724,44.069841],[-123.899725,44.069826],[-123.899724,44.06981],[-123.899723,44.069794],[-123.89972,44.069776],[-123.899718,44.069762],[-123.899717,44.069759],[-123.899713,44.069741],[-123.899707,44.069726],[-123.899702,44.06971],[-123.899694,44.069693],[-123.899682,44.069668],[-123.899416,44.069669],[-123.89942,44.069672],[-123.899433,44.069682],[-123.89944,44.06969],[-123.899449,44.069701],[-123.899456,44.069709],[-123.899462,44.069717],[-123.899468,44.069727],[-123.899473,44.069735],[-123.899478,44.069745],[-123.899482,44.069754],[-123.899486,44.069765],[-123.899489,44.069776],[-123.899492,44.069785],[-123.899494,44.069796],[-123.899495,44.069805],[-123.899496,44.069816],[-123.899496,44.069828],[-123.899496,44.06984],[-123.899496,44.069849],[-123.899495,44.069859],[-123.899493,44.069871],[-123.899491,44.069879],[-123.899488,44.069889],[-123.899484,44.0699],[-123.899479,44.069912],[-123.899474,44.069925],[-123.899469,44.069937],[-123.899465,44.069946],[-123.899459,44.069958],[-123.899453,44.069968],[-123.899447,44.069978],[-123.899439,44.06999],[-123.899431,44.070003],[-123.89942,44.07002],[-123.899413,44.070037],[-123.899408,44.070048],[-123.8994,44.070062],[-123.899393,44.070078],[-123.899388,44.070091],[-123.899383,44.070102],[-123.899376,44.070118],[-123.899371,44.07013],[-123.899364,44.070146],[-123.899359,44.070163],[-123.899354,44.070179],[-123.899351,44.070194],[-123.899347,44.07021],[-123.899345,44.070226],[-123.899342,44.070241],[-123.899341,44.070257],[-123.89934,44.070271],[-123.899339,44.070287],[-123.899339,44.070302],[-123.899338,44.070318],[-123.899339,44.070334],[-123.89934,44.07035],[-123.899342,44.070364],[-123.899343,44.070379],[-123.899346,44.070397],[-123.899349,44.070412],[-123.899353,44.070428],[-123.899357,44.070442],[-123.899361,44.070457],[-123.899366,44.070472],[-123.899372,44.070488],[-123.899378,44.070503],[-123.899384,44.070518],[-123.899392,44.070533],[-123.899398,44.070546],[-123.899406,44.070561],[-123.899414,44.070575],[-123.89942,44.070586],[-123.899427,44.070599],[-123.899435,44.070614],[-123.899442,44.070624],[-123.899448,44.070637],[-123.899456,44.07065],[-123.899462,44.070662],[-123.89947,44.070677],[-123.899477,44.070688],[-123.899483,44.070701],[-123.899491,44.070715],[-123.899498,44.070727],[-123.899504,44.070739],[-123.899513,44.070754],[-123.899519,44.070765],[-123.899525,44.070777],[-123.899535,44.070794],[-123.899545,44.070808],[-123.899555,44.070823],[-123.899566,44.070837],[-123.899576,44.07085],[-123.899588,44.070865],[-123.8996,44.070878],[-123.899613,44.070891],[-123.899626,44.070904],[-123.899642,44.070918],[-123.899658,44.070931],[-123.899671,44.070941],[-123.899687,44.070953],[-123.899704,44.070965],[-123.899718,44.070974],[-123.899734,44.070985],[-123.899752,44.070996],[-123.899768,44.071005],[-123.899785,44.071015],[-123.899804,44.071025],[-123.899821,44.071033],[-123.899836,44.07104],[-123.899851,44.071048],[-123.899865,44.071055],[-123.899881,44.071063],[-123.899898,44.071072],[-123.899912,44.071079],[-123.899924,44.071085],[-123.899933,44.071091],[-123.899944,44.071098],[-123.899955,44.071105],[-123.899964,44.071112],[-123.899973,44.07112],[-123.899982,44.071128],[-123.899989,44.071136],[-123.899997,44.071144],[-123.900004,44.071153],[-123.90001,44.071162],[-123.900015,44.07117],[-123.900021,44.07118],[-123.900027,44.071191],[-123.900034,44.071207],[-123.900042,44.07122],[-123.900047,44.07123],[-123.900054,44.071243],[-123.900059,44.071253],[-123.900063,44.071265],[-123.900068,44.071276],[-123.900072,44.071287],[-123.900076,44.071298],[-123.900079,44.07131],[-123.900085,44.071332],[-123.900095,44.07135],[-123.900102,44.071364],[-123.900111,44.071378],[-123.900118,44.071391],[-123.900127,44.071406],[-123.900135,44.071417],[-123.900142,44.07143],[-123.900152,44.071445],[-123.900162,44.071459],[-123.900171,44.071471],[-123.900179,44.071483],[-123.900191,44.071499],[-123.900203,44.071513],[-123.900214,44.071525],[-123.900226,44.071538],[-123.900239,44.071551],[-123.900251,44.071564],[-123.900265,44.071577],[-123.900278,44.071588],[-123.90029,44.071599],[-123.900305,44.071611],[-123.90032,44.071623],[-123.900333,44.071633],[-123.900348,44.071645],[-123.900364,44.071656],[-123.900379,44.071666],[-123.900396,44.071677],[-123.900416,44.071689],[-123.900436,44.071699],[-123.900453,44.071708],[-123.900472,44.071717],[-123.900491,44.071725],[-123.90051,44.071733],[-123.900529,44.07174],[-123.900548,44.071748],[-123.900569,44.071755],[-123.900589,44.071761],[-123.90061,44.071767],[-123.900631,44.071773],[-123.900651,44.071778],[-123.900673,44.071783],[-123.900694,44.071787],[-123.900714,44.071791],[-123.900735,44.071795],[-123.900758,44.071798],[-123.900778,44.071801],[-123.900801,44.071803],[-123.900822,44.071805],[-123.900844,44.071807],[-123.900867,44.071808],[-123.900888,44.071809],[-123.90091,44.071809],[-123.900929,44.071809],[-123.900943,44.071809],[-123.900959,44.07181],[-123.900978,44.071811],[-123.900998,44.071813],[-123.901017,44.071814],[-123.901035,44.071815],[-123.901056,44.071816],[-123.901075,44.071817],[-123.901094,44.071817],[-123.901113,44.071818],[-123.901128,44.071819],[-123.901142,44.07182],[-123.901158,44.071822],[-123.901176,44.071824],[-123.901193,44.071826],[-123.901211,44.071829],[-123.901227,44.071831],[-123.901244,44.071834],[-123.901263,44.071837],[-123.901279,44.07184],[-123.901296,44.071843],[-123.901313,44.071847],[-123.90133,44.07185],[-123.901348,44.071854],[-123.901365,44.071858],[-123.901382,44.071862],[-123.901398,44.071866],[-123.901413,44.071869],[-123.901428,44.071873],[-123.901447,44.071879],[-123.901469,44.071885],[-123.901492,44.07189],[-123.901514,44.071895],[-123.901536,44.071899],[-123.90156,44.071902],[-123.901583,44.071904],[-123.901607,44.071906],[-123.901631,44.071908],[-123.901654,44.071908],[-123.901678,44.071908],[-123.901702,44.071907],[-123.901724,44.071906],[-123.901749,44.071904],[-123.901771,44.071901],[-123.901793,44.071897],[-123.901817,44.071893],[-123.90184,44.071888],[-123.901862,44.071883],[-123.901881,44.071878],[-123.901897,44.071873],[-123.901913,44.071869],[-123.901932,44.071865],[-123.90195,44.07186],[-123.901968,44.071856],[-123.901986,44.071851],[-123.902004,44.071847],[-123.902022,44.071842],[-123.902039,44.071838],[-123.902058,44.071833],[-123.902076,44.071829],[-123.902094,44.071824],[-123.902112,44.07182],[-123.90213,44.071815],[-123.902147,44.071811],[-123.902165,44.071807],[-123.902185,44.071802],[-123.902203,44.071797],[-123.90222,44.071793],[-123.902238,44.071788],[-123.902256,44.071784],[-123.902273,44.071779],[-123.902288,44.071776],[-123.902302,44.071773],[-123.902316,44.07177],[-123.90233,44.071768],[-123.902345,44.071767],[-123.90236,44.071765],[-123.902374,44.071764],[-123.902389,44.071764],[-123.902404,44.071764],[-123.902419,44.071764],[-123.902433,44.071764],[-123.902448,44.071765],[-123.902462,44.071767],[-123.902477,44.071769],[-123.902492,44.071771],[-123.902506,44.071773],[-123.902519,44.071776],[-123.902536,44.07178],[-123.902554,44.071785],[-123.902572,44.071789],[-123.902589,44.071793],[-123.902607,44.071798],[-123.902625,44.071802],[-123.902644,44.071807],[-123.902662,44.071811],[-123.902679,44.071815],[-123.902697,44.07182],[-123.902712,44.071824],[-123.902731,44.071829],[-123.902754,44.071834],[-123.902775,44.071839],[-123.902798,44.071843],[-123.90282,44.071847],[-123.902844,44.07185],[-123.902866,44.071852],[-123.90289,44.071854],[-123.902913,44.071855],[-123.902936,44.071856],[-123.90296,44.071856],[-123.902983,44.071855],[-123.903004,44.071854],[-123.903024,44.071853],[-123.903045,44.071851],[-123.903067,44.07185],[-123.903089,44.071847],[-123.90311,44.071844],[-123.903131,44.071841],[-123.903152,44.071838],[-123.903174,44.071834],[-123.903195,44.07183],[-123.903216,44.071825],[-123.903236,44.07182],[-123.903256,44.071815],[-123.903274,44.07181],[-123.903292,44.071806],[-123.90331,44.071801],[-123.903328,44.071796],[-123.903345,44.071792],[-123.903364,44.071787],[-123.903382,44.071782],[-123.903399,44.071778],[-123.903417,44.071773],[-123.903435,44.071768],[-123.903453,44.071763],[-123.90347,44.071759],[-123.903488,44.071754],[-123.903506,44.07175],[-123.903524,44.071745],[-123.903542,44.07174],[-123.903559,44.071736],[-123.903577,44.071731],[-123.903597,44.071726],[-123.903614,44.071721],[-123.903632,44.071717],[-123.903649,44.071712],[-123.903668,44.071707],[-123.903686,44.071702],[-123.903703,44.071698],[-123.903721,44.071693],[-123.903739,44.071689],[-123.903757,44.071684],[-123.903772,44.07168],[-123.903786,44.071677],[-123.903802,44.071673],[-123.903818,44.07167],[-123.903834,44.071668],[-123.903851,44.071665],[-123.903869,44.071662],[-123.903884,44.07166],[-123.903901,44.071658],[-123.903918,44.071657],[-123.903934,44.071655],[-123.903951,44.071654],[-123.903968,44.071653],[-123.903985,44.071652],[-123.904002,44.071651],[-123.904018,44.071651],[-123.904036,44.071651],[-123.904053,44.071651],[-123.904072,44.071651],[-123.90409,44.071651],[-123.90411,44.071652],[-123.904129,44.071652],[-123.904148,44.071652],[-123.904167,44.071652],[-123.904186,44.071652],[-123.904205,44.071652],[-123.904224,44.071653],[-123.904243,44.071653],[-123.904262,44.071653],[-123.904281,44.071653],[-123.904299,44.071654],[-123.904318,44.071654],[-123.904338,44.071654],[-123.904357,44.071654],[-123.904376,44.071655],[-123.904395,44.071655],[-123.904414,44.071655],[-123.904433,44.071655],[-123.904452,44.071655],[-123.904471,44.071656],[-123.90449,44.071656],[-123.904509,44.071656],[-123.904529,44.071656],[-123.904551,44.071656],[-123.904573,44.071656],[-123.904595,44.071655],[-123.904618,44.071653],[-123.904641,44.071651],[-123.904662,44.071649],[-123.904685,44.071646],[-123.904706,44.071643],[-123.904728,44.071639],[-123.904749,44.071634],[-123.904771,44.071629],[-123.904787,44.071625],[-123.904813,44.071619],[-123.904835,44.071612],[-123.904854,44.071606],[-123.904874,44.071599],[-123.904895,44.071592],[-123.904916,44.071583],[-123.904934,44.071575],[-123.904953,44.071566],[-123.904971,44.071557],[-123.904989,44.071548],[-123.905007,44.071538],[-123.905023,44.071528],[-123.905041,44.071517],[-123.905055,44.071508],[-123.905069,44.071499],[-123.905086,44.071488],[-123.9051,44.071478],[-123.905116,44.071467],[-123.905131,44.071455],[-123.905145,44.071444],[-123.90516,44.071432],[-123.905174,44.071419],[-123.905186,44.071408],[-123.9052,44.071395],[-123.905212,44.071382],[-123.905224,44.071371],[-123.905235,44.071359],[-123.905247,44.071346],[-123.905255,44.071336],[-123.905266,44.071326],[-123.905277,44.071314],[-123.905288,44.071303],[-123.905299,44.071292],[-123.90531,44.07128],[-123.905321,44.071269],[-123.905331,44.071258],[-123.905342,44.071246],[-123.905353,44.071235],[-123.905363,44.071224],[-123.905374,44.071213],[-123.905385,44.071201],[-123.905396,44.07119],[-123.905407,44.071179],[-123.905418,44.071167],[-123.905428,44.071156],[-123.905439,44.071145],[-123.905448,44.071135],[-123.905458,44.071126],[-123.905469,44.071116],[-123.905478,44.071108],[-123.90549,44.071099],[-123.905502,44.071089],[-123.905514,44.071079],[-123.905525,44.071071],[-123.905537,44.071062],[-123.905548,44.071054],[-123.90556,44.071046],[-123.905575,44.071036],[-123.905586,44.071029],[-123.905598,44.071021],[-123.90561,44.071014],[-123.905625,44.071006],[-123.90564,44.070998],[-123.905652,44.070992],[-123.905667,44.070984],[-123.905681,44.070978],[-123.905695,44.070971],[-123.905705,44.070966],[-123.905717,44.070962],[-123.905731,44.070957],[-123.905744,44.070954],[-123.905758,44.07095],[-123.905772,44.070946],[-123.905785,44.070944],[-123.905798,44.070942],[-123.905812,44.07094],[-123.905826,44.070938],[-123.905841,44.070937],[-123.905864,44.070936],[-123.905886,44.070933],[-123.905903,44.070932],[-123.905921,44.07093],[-123.90594,44.070928],[-123.905958,44.070927],[-123.905982,44.070924],[-123.906009,44.07092],[-123.90603,44.070916],[-123.906052,44.070912],[-123.906072,44.070907],[-123.906094,44.070902],[-123.906117,44.070895],[-123.906139,44.070888],[-123.906161,44.07088],[-123.906182,44.070871],[-123.906198,44.070864],[-123.90621,44.070859],[-123.906223,44.070854],[-123.906238,44.070849],[-123.906256,44.070843],[-123.906272,44.070838],[-123.906285,44.070834],[-123.9063,44.070829],[-123.906316,44.070825],[-123.906332,44.070821],[-123.906346,44.070818],[-123.906363,44.070814],[-123.906379,44.070811],[-123.906396,44.070808],[-123.906412,44.070805],[-123.906428,44.070803],[-123.906445,44.0708],[-123.906463,44.070798],[-123.906479,44.070796],[-123.906496,44.070794],[-123.906516,44.070792],[-123.906535,44.07079],[-123.906553,44.070788],[-123.906572,44.070786],[-123.906592,44.070784],[-123.90661,44.070782],[-123.906629,44.070781],[-123.906648,44.070779],[-123.906667,44.070777],[-123.906685,44.070774],[-123.906703,44.070773],[-123.906722,44.070771],[-123.906742,44.070769],[-123.906761,44.070767],[-123.90678,44.070765],[-123.906807,44.070762],[-123.906837,44.070755],[-123.906864,44.070748],[-123.90689,44.070739],[-123.906916,44.070727],[-123.90694,44.070714],[-123.906961,44.070699],[-123.906981,44.070684],[-123.906999,44.070667],[-123.907014,44.070649],[-123.907029,44.070628],[-123.907037,44.070609],[-123.907046,44.07059],[-123.907051,44.07057],[-123.907054,44.070557],[-123.907058,44.070539],[-123.907059,44.070519],[-123.907059,44.070501],[-123.907058,44.070481],[-123.907054,44.070462],[-123.90705,44.070444],[-123.907044,44.070426],[-123.907036,44.070409],[-123.907031,44.070398],[-123.907028,44.070389],[-123.907023,44.070376],[-123.907019,44.070363],[-123.907014,44.070349],[-123.90701,44.070336],[-123.907004,44.070321],[-123.906999,44.070308],[-123.906995,44.070296],[-123.906991,44.070283],[-123.906986,44.070269],[-123.906981,44.070256],[-123.906977,44.070243],[-123.906972,44.070227],[-123.906966,44.070214],[-123.906962,44.070203],[-123.906958,44.07019],[-123.906953,44.070177],[-123.906948,44.070163],[-123.906943,44.070148],[-123.906938,44.070135],[-123.906935,44.070125],[-123.906932,44.070116],[-123.90693,44.070107],[-123.906929,44.070097],[-123.906929,44.070087],[-123.906929,44.070077],[-123.906929,44.070069],[-123.906931,44.070061],[-123.906933,44.070052],[-123.906937,44.070041],[-123.906939,44.070033],[-123.906944,44.070024],[-123.90695,44.070014],[-123.906955,44.070006],[-123.906959,44.070001],[-123.906959,44.07],[-123.906962,44.069998],[-123.90697,44.069993],[-123.906976,44.06999],[-123.906985,44.069987],[-123.906996,44.069983],[-123.907008,44.06998],[-123.907018,44.069977],[-123.907029,44.069975],[-123.907039,44.069974],[-123.907049,44.069973],[-123.907065,44.069973],[-123.907081,44.069972],[-123.907101,44.069972],[-123.907126,44.069971],[-123.907146,44.06997],[-123.907165,44.069969],[-123.907183,44.069968],[-123.907202,44.069967],[-123.907222,44.069965],[-123.907241,44.069964],[-123.907259,44.069963],[-123.907278,44.069962],[-123.907298,44.069961],[-123.907317,44.06996],[-123.907335,44.069959],[-123.907354,44.069958],[-123.907374,44.069956],[-123.907392,44.069955],[-123.907411,44.069954],[-123.90743,44.069953],[-123.907449,44.069952],[-123.907481,44.06995],[-123.90752,44.069945],[-123.90754,44.069942],[-123.907561,44.069938],[-123.907581,44.069934],[-123.907601,44.06993],[-123.90762,44.069926],[-123.907641,44.069922],[-123.907662,44.069917],[-123.907681,44.069912],[-123.9077,44.069907],[-123.90772,44.069901],[-123.90774,44.069896],[-123.90776,44.069889],[-123.907779,44.069883],[-123.907815,44.069871],[-123.907852,44.069856],[-123.907869,44.06985],[-123.907886,44.069844],[-123.907902,44.069837],[-123.90792,44.06983],[-123.907936,44.069824],[-123.907952,44.069818],[-123.907989,44.069804],[-123.908015,44.069794],[-123.908018,44.069793],[-123.908021,44.069792],[-123.908039,44.069791],[-123.908051,44.069792],[-123.908059,44.069794],[-123.908069,44.069797],[-123.908073,44.069799],[-123.908081,44.069804],[-123.908083,44.069806],[-123.908095,44.06982],[-123.908104,44.069831],[-123.908125,44.069871],[-123.908138,44.069905],[-123.908154,44.069946],[-123.908174,44.069998],[-123.908209,44.070085],[-123.908223,44.07012],[-123.908236,44.070152],[-123.908259,44.07021],[-123.908272,44.070251],[-123.908284,44.070313],[-123.908287,44.070346],[-123.908288,44.070392],[-123.908287,44.070417],[-123.908285,44.070441],[-123.908279,44.070463],[-123.908267,44.070483],[-123.90826,44.070492],[-123.908242,44.07051],[-123.908231,44.070519],[-123.908208,44.070534],[-123.908184,44.070546],[-123.908138,44.07057],[-123.908108,44.070585],[-123.908069,44.070605],[-123.908048,44.070617],[-123.908019,44.070637],[-123.907993,44.070658],[-123.90797,44.070681],[-123.907943,44.070713],[-123.907919,44.070752],[-123.907896,44.070816],[-123.907892,44.070856],[-123.907892,44.070881],[-123.907895,44.070906],[-123.907904,44.07094],[-123.907919,44.070973],[-123.907937,44.071005],[-123.907962,44.071036],[-123.907976,44.07105],[-123.908006,44.071076],[-123.90803,44.071094],[-123.908061,44.071113],[-123.908084,44.071131],[-123.908104,44.071146],[-123.908129,44.071166],[-123.908146,44.071179],[-123.908166,44.071205],[-123.908176,44.071222],[-123.908188,44.071245],[-123.908198,44.071292],[-123.908221,44.071396],[-123.908228,44.071427],[-123.908234,44.071453],[-123.908247,44.071491],[-123.908259,44.071524],[-123.908272,44.071551],[-123.908288,44.071582],[-123.908309,44.071619],[-123.908321,44.07164],[-123.908347,44.071683],[-123.90836,44.071708],[-123.908379,44.071742],[-123.908391,44.071767],[-123.908404,44.071801],[-123.908417,44.071842],[-123.908419,44.071855],[-123.908422,44.07187],[-123.908427,44.07191],[-123.90843,44.071934],[-123.908434,44.071963],[-123.908437,44.071989],[-123.908444,44.07204],[-123.908451,44.072065],[-123.908464,44.072094],[-123.908483,44.072127],[-123.908498,44.072149],[-123.908514,44.072169],[-123.908556,44.072209],[-123.908616,44.072252],[-123.908679,44.072285],[-123.908717,44.072304],[-123.908749,44.072321],[-123.908811,44.072352],[-123.908867,44.07238],[-123.908942,44.072417],[-123.908983,44.072438],[-123.909031,44.072464],[-123.909064,44.072483],[-123.909078,44.072492],[-123.909108,44.072512],[-123.909137,44.072534],[-123.909156,44.07255],[-123.909182,44.072572],[-123.909194,44.072585],[-123.909216,44.07261],[-123.909235,44.072634],[-123.909257,44.07267],[-123.909265,44.072687],[-123.909279,44.072721],[-123.9093,44.072767],[-123.909317,44.072807],[-123.909332,44.072845],[-123.909347,44.072874],[-123.909356,44.07289],[-123.909365,44.072905],[-123.909383,44.072931],[-123.909388,44.072939],[-123.909412,44.072971],[-123.909429,44.072998],[-123.909445,44.073021],[-123.909461,44.073048],[-123.909475,44.073076],[-123.909487,44.073101],[-123.9095,44.073136],[-123.909507,44.073163],[-123.909516,44.073217],[-123.909533,44.073282],[-123.909566,44.073415],[-123.909597,44.073536],[-123.909611,44.073593],[-123.909625,44.073649],[-123.90964,44.07371],[-123.909657,44.073777],[-123.909669,44.073825],[-123.909685,44.073869],[-123.909725,44.073918],[-123.909764,44.07395],[-123.909827,44.073984],[-123.90993,44.073996],[-123.909984,44.073989],[-123.910033,44.073975],[-123.910091,44.073941],[-123.910118,44.073919],[-123.910154,44.073882],[-123.91018,44.073832],[-123.910189,44.073793],[-123.910186,44.073739],[-123.910179,44.073715],[-123.910167,44.073665],[-123.910152,44.073599],[-123.910134,44.073523],[-123.910114,44.073439],[-123.910094,44.073359],[-123.910075,44.073282],[-123.910064,44.073234],[-123.910064,44.073219],[-123.910066,44.073208],[-123.910075,44.073187],[-123.910082,44.073178],[-123.910084,44.073175],[-123.910093,44.07317],[-123.910095,44.073169],[-123.910104,44.073168],[-123.910117,44.07317],[-123.91013,44.073175],[-123.910152,44.073186],[-123.910172,44.073198],[-123.910188,44.073212],[-123.910205,44.07323],[-123.910245,44.073271],[-123.910281,44.073309],[-123.910299,44.07333],[-123.910325,44.073359],[-123.910351,44.073388],[-123.910414,44.073451],[-123.910448,44.073484],[-123.9105,44.073529],[-123.910559,44.073577],[-123.910595,44.073607],[-123.910632,44.073632],[-123.910685,44.073663],[-123.910738,44.07369],[-123.910794,44.073714],[-123.910839,44.07373],[-123.910891,44.073746],[-123.910951,44.073763],[-123.910998,44.073777],[-123.91105,44.073793],[-123.911076,44.073803],[-123.911112,44.073818],[-123.911165,44.073844],[-123.911214,44.073874],[-123.911291,44.073927],[-123.911351,44.073969],[-123.911387,44.073994],[-123.911459,44.074044],[-123.911492,44.074068],[-123.911552,44.074108],[-123.911604,44.074144],[-123.911686,44.074202],[-123.911758,44.074251],[-123.911819,44.074293],[-123.911902,44.074351],[-123.911978,44.074404],[-123.912039,44.074446],[-123.9121,44.074488],[-123.912134,44.074514],[-123.912159,44.074537],[-123.912174,44.074552],[-123.912202,44.074583],[-123.912218,44.074601],[-123.912259,44.074661],[-123.912291,44.074718],[-123.912317,44.074772],[-123.912347,44.074836],[-123.912365,44.074873],[-123.912386,44.074916],[-123.912413,44.074974],[-123.912441,44.075023],[-123.912474,44.07507],[-123.91252,44.075121],[-123.912566,44.075166]]],[[[-123.948482,44.097942],[-123.948474,44.097953],[-123.948465,44.097965],[-123.948456,44.097979],[-123.948447,44.097991],[-123.94844,44.098002],[-123.948431,44.098014],[-123.948421,44.098028],[-123.948413,44.09804],[-123.948405,44.098051],[-123.948397,44.098063],[-123.948387,44.098076],[-123.948379,44.098088],[-123.948371,44.0981],[-123.948362,44.098112],[-123.948352,44.098126],[-123.948344,44.098138],[-123.948337,44.098148],[-123.948328,44.09816],[-123.948318,44.098174],[-123.94831,44.098187],[-123.948302,44.098198],[-123.948292,44.098212],[-123.948284,44.098224],[-123.948276,44.098236],[-123.948268,44.098248],[-123.948258,44.098261],[-123.948256,44.098266],[-123.948255,44.098266],[-123.948488,44.098264],[-123.948486,44.097935],[-123.948482,44.097942]]],[[[-123.935839,44.113012],[-123.935833,44.113022],[-123.935806,44.113075],[-123.93577,44.113148],[-123.935734,44.113219],[-123.935694,44.113299],[-123.935655,44.11338],[-123.935606,44.113484],[-123.935562,44.113588],[-123.935532,44.11366],[-123.935503,44.113734],[-123.935425,44.113998],[-123.935423,44.114003],[-123.935421,44.114009],[-123.93542,44.114014],[-123.935418,44.114019],[-123.935417,44.114025],[-123.935416,44.114026],[-123.935412,44.114035],[-123.93541,44.114041],[-123.935405,44.114048],[-123.935402,44.114055],[-123.935401,44.114057],[-123.935394,44.114067],[-123.935392,44.11407],[-123.935391,44.114072],[-123.935388,44.114075],[-123.935381,44.114084],[-123.935379,44.114088],[-123.935377,44.11409],[-123.935373,44.114094],[-123.935368,44.114099],[-123.935364,44.114103],[-123.935362,44.114105],[-123.935358,44.114108],[-123.935354,44.114113],[-123.935351,44.114116],[-123.935347,44.114119],[-123.935341,44.114123],[-123.935335,44.114128],[-123.935328,44.114132],[-123.935325,44.114134],[-123.935324,44.114135],[-123.93532,44.114138],[-123.935312,44.114142],[-123.935308,44.114144],[-123.935303,44.114147],[-123.9353,44.114149],[-123.935295,44.114151],[-123.93529,44.114153],[-123.935286,44.114155],[-123.935284,44.114156],[-123.935279,44.114158],[-123.935274,44.11416],[-123.935269,44.114162],[-123.935266,44.114163],[-123.935262,44.114165],[-123.935254,44.114168],[-123.935252,44.114168],[-123.935249,44.114169],[-123.935243,44.114171],[-123.935238,44.114172],[-123.935233,44.114174],[-123.935224,44.114176],[-123.934872,44.114263],[-123.934847,44.114269],[-123.934824,44.114274],[-123.934801,44.114279],[-123.934779,44.114284],[-123.934755,44.114288],[-123.934731,44.114293],[-123.934708,44.114297],[-123.934685,44.1143],[-123.934662,44.114303],[-123.934637,44.114306],[-123.93461,44.114309],[-123.934381,44.114333],[-123.934366,44.114334],[-123.93435,44.114335],[-123.934331,44.114336],[-123.934313,44.114338],[-123.934295,44.11434],[-123.934276,44.114343],[-123.934259,44.114345],[-123.934242,44.114348],[-123.934223,44.114351],[-123.934206,44.114354],[-123.934184,44.114358],[-123.934172,44.114361],[-123.934158,44.114363],[-123.934144,44.114366],[-123.934132,44.114369],[-123.934118,44.114373],[-123.934106,44.114376],[-123.934094,44.114379],[-123.934081,44.114383],[-123.934066,44.114387],[-123.934054,44.114391],[-123.934042,44.114395],[-123.934029,44.114399],[-123.934014,44.114405],[-123.933984,44.114418],[-123.933957,44.11443],[-123.933908,44.114452],[-123.933845,44.114488],[-123.933756,44.114535],[-123.933699,44.114564],[-123.933602,44.114612],[-123.933521,44.114649],[-123.93344,44.114685],[-123.933391,44.114704],[-123.933341,44.114725],[-123.933289,44.114748],[-123.933261,44.11476],[-123.933233,44.114773],[-123.933204,44.114786],[-123.933176,44.1148],[-123.933149,44.114814],[-123.933113,44.114833],[-123.933085,44.114848],[-123.933057,44.114864],[-123.933033,44.114879],[-123.933007,44.114894],[-123.93298,44.11491],[-123.932949,44.114931],[-123.932582,44.115199],[-123.932547,44.115224],[-123.932514,44.115249],[-123.93248,44.115272],[-123.932445,44.115295],[-123.932385,44.115334],[-123.932356,44.115351],[-123.932329,44.115368],[-123.9323,44.115385],[-123.932271,44.115401],[-123.932215,44.11543],[-123.932186,44.115445],[-123.932155,44.11546],[-123.932125,44.115474],[-123.932077,44.115495],[-123.931223,44.115879],[-123.931188,44.115893],[-123.93115,44.115908],[-123.931112,44.115925],[-123.931074,44.115942],[-123.93103,44.115963],[-123.930999,44.115978],[-123.930968,44.115993],[-123.930937,44.11601],[-123.930882,44.11604],[-123.930864,44.116051],[-123.930846,44.116061],[-123.930829,44.116071],[-123.93081,44.116083],[-123.930792,44.116095],[-123.930764,44.116114],[-123.930724,44.116143],[-123.930706,44.116155],[-123.930685,44.11617],[-123.930665,44.116185],[-123.930647,44.116198],[-123.930628,44.116213],[-123.930608,44.116228],[-123.93059,44.116244],[-123.930573,44.116259],[-123.930556,44.116274],[-123.930538,44.11629],[-123.930522,44.116307],[-123.930505,44.116323],[-123.930488,44.116341],[-123.930155,44.116696],[-123.930134,44.116719],[-123.930111,44.116743],[-123.93009,44.116768],[-123.930069,44.116792],[-123.930048,44.116818],[-123.93003,44.116842],[-123.93001,44.116867],[-123.929991,44.116894],[-123.929974,44.116919],[-123.929956,44.116945],[-123.929932,44.116983],[-123.929778,44.117242],[-123.929767,44.117261],[-123.929756,44.117279],[-123.929746,44.117296],[-123.929734,44.117313],[-123.929723,44.11733],[-123.9297,44.117361],[-123.929691,44.117373],[-123.929682,44.117386],[-123.929673,44.117397],[-123.929664,44.117408],[-123.929655,44.117418],[-123.929644,44.11743],[-123.929633,44.117443],[-123.929624,44.117452],[-123.929613,44.117463],[-123.929602,44.117474],[-123.92954,44.117522],[-123.929477,44.117573],[-123.929453,44.117592],[-123.929427,44.117612],[-123.929388,44.117644],[-123.929352,44.117678],[-123.929351,44.117679],[-123.92934,44.117689],[-123.929329,44.1177],[-123.929271,44.117754],[-123.929255,44.117769],[-123.929241,44.117783],[-123.929229,44.117796],[-123.929215,44.117808],[-123.9292,44.117821],[-123.929186,44.117834],[-123.929171,44.117846],[-123.929154,44.11786],[-123.929143,44.117869],[-123.929132,44.117877],[-123.92912,44.117886],[-123.929108,44.117895],[-123.929096,44.117904],[-123.929085,44.117911],[-123.929073,44.117919],[-123.929061,44.117927],[-123.929048,44.117934],[-123.929037,44.117942],[-123.929024,44.117949],[-123.929003,44.11796],[-123.92899,44.117967],[-123.928978,44.117973],[-123.928963,44.11798],[-123.928949,44.117987],[-123.928937,44.117992],[-123.928922,44.117999],[-123.928906,44.118005],[-123.928893,44.118011],[-123.928873,44.118018],[-123.928701,44.118083],[-123.928692,44.118086],[-123.928678,44.118091],[-123.928665,44.118095],[-123.92865,44.118101],[-123.928636,44.118106],[-123.928625,44.118111],[-123.928609,44.118117],[-123.928596,44.118123],[-123.928583,44.118128],[-123.92857,44.118134],[-123.928559,44.11814],[-123.928546,44.118146],[-123.928534,44.118152],[-123.928519,44.11816],[-123.928508,44.118166],[-123.928497,44.118173],[-123.928483,44.118181],[-123.928473,44.118187],[-123.928461,44.118194],[-123.928448,44.118203],[-123.928439,44.11821],[-123.928428,44.118217],[-123.928416,44.118226],[-123.928406,44.118234],[-123.928394,44.118244],[-123.928385,44.118252],[-123.928371,44.118263],[-123.928219,44.118401],[-123.928211,44.118412],[-123.928208,44.118415],[-123.928202,44.118421],[-123.928198,44.118426],[-123.928192,44.118431],[-123.928186,44.118437],[-123.928181,44.118441],[-123.928174,44.118447],[-123.928167,44.118453],[-123.928162,44.118457],[-123.928149,44.118467],[-123.928143,44.118472],[-123.928138,44.118475],[-123.92813,44.118481],[-123.928125,44.118484],[-123.928119,44.118488],[-123.928112,44.118492],[-123.928105,44.118496],[-123.928098,44.118501],[-123.92809,44.118505],[-123.928084,44.118509],[-123.928073,44.118514],[-123.928064,44.118518],[-123.928056,44.118523],[-123.92805,44.118525],[-123.928043,44.118528],[-123.928035,44.118531],[-123.928028,44.118534],[-123.928014,44.11854],[-123.927855,44.118612],[-123.927787,44.118646],[-123.927699,44.118692],[-123.927644,44.118723],[-123.927563,44.118769],[-123.92749,44.118813],[-123.927411,44.118863],[-123.927349,44.118903],[-123.927288,44.118944],[-123.927178,44.11902],[-123.927129,44.119056],[-123.927079,44.11909],[-123.92699,44.119149],[-123.926652,44.11936],[-123.926456,44.119482],[-123.926074,44.119696],[-123.92601,44.119734],[-123.925948,44.119769],[-123.92587,44.119812],[-123.92578,44.119859],[-123.925687,44.119906],[-123.925588,44.119954],[-123.925487,44.120001],[-123.924779,44.120323],[-123.924721,44.120351],[-123.924604,44.120407],[-123.924435,44.120493],[-123.924412,44.120506],[-123.92439,44.120517],[-123.924385,44.12052],[-123.924367,44.120529],[-123.924345,44.120539],[-123.924321,44.12055],[-123.924298,44.120561],[-123.924276,44.120571],[-123.924252,44.12058],[-123.924227,44.12059],[-123.924203,44.120599],[-123.92418,44.120608],[-123.92413,44.120625],[-123.923876,44.120704],[-123.923841,44.120715],[-123.923804,44.120726],[-123.923768,44.120738],[-123.923732,44.12075],[-123.923695,44.120763],[-123.923628,44.120789],[-123.923586,44.120806],[-123.923546,44.120824],[-123.923507,44.120841],[-123.923467,44.12086],[-123.923428,44.120879],[-123.923384,44.1209],[-123.923323,44.120936],[-123.923209,44.120999],[-123.923176,44.121017],[-123.923144,44.121033],[-123.923112,44.12105],[-123.923079,44.121066],[-123.92304,44.121084],[-123.922963,44.121117],[-123.922886,44.121149],[-123.922788,44.121188],[-123.922668,44.121238],[-123.922577,44.121277],[-123.922485,44.121318],[-123.922119,44.121504],[-123.921756,44.121685],[-123.921434,44.121824],[-123.921374,44.121851],[-123.921311,44.121879],[-123.921224,44.121918],[-123.921153,44.121951],[-123.921091,44.121981],[-123.921036,44.122007],[-123.920974,44.122037],[-123.920915,44.122066],[-123.920847,44.1221],[-123.920783,44.122133],[-123.92073,44.12216],[-123.920691,44.122181],[-123.920657,44.122199],[-123.920642,44.122207],[-123.920301,44.122389],[-123.920246,44.122417],[-123.920191,44.122445],[-123.920138,44.12247],[-123.920066,44.122502],[-123.920027,44.122519],[-123.919977,44.12254],[-123.919936,44.122556],[-123.919876,44.122578],[-123.919839,44.122592],[-123.91978,44.122612],[-123.919736,44.122627],[-123.919688,44.122642],[-123.919627,44.12266],[-123.919585,44.122672],[-123.919089,44.122808],[-123.919029,44.122826],[-123.918992,44.122837],[-123.91896,44.122849],[-123.918912,44.122865],[-123.918872,44.12288],[-123.918827,44.122898],[-123.9188,44.12291],[-123.918774,44.122922],[-123.918727,44.122943],[-123.918694,44.122959],[-123.918657,44.122978],[-123.918613,44.123002],[-123.918594,44.123013],[-123.918574,44.123025],[-123.91811,44.1233],[-123.918053,44.123331],[-123.918005,44.123355],[-123.917962,44.123374],[-123.917918,44.123392],[-123.91787,44.123409],[-123.917822,44.123424],[-123.917782,44.123436],[-123.917728,44.123449],[-123.917698,44.123456],[-123.917667,44.123462],[-123.917155,44.123556],[-123.91712,44.123563],[-123.917108,44.123565],[-123.917084,44.123571],[-123.917043,44.123581],[-123.917006,44.12359],[-123.916971,44.1236],[-123.916942,44.12361],[-123.916911,44.123619],[-123.91687,44.123634],[-123.916815,44.123656],[-123.916095,44.123953],[-123.916076,44.123961],[-123.916049,44.123974],[-123.916031,44.123982],[-123.916015,44.123989],[-123.915997,44.123998],[-123.91598,44.124007],[-123.915964,44.124015],[-123.915948,44.124024],[-123.915931,44.124034],[-123.915914,44.124044],[-123.915894,44.124057],[-123.915527,44.124289],[-123.915346,44.124413],[-123.914802,44.124832],[-123.914679,44.124932],[-123.914536,44.12505],[-123.914426,44.125151],[-123.914223,44.125358],[-123.914117,44.125464],[-123.913877,44.125677],[-123.913744,44.125801],[-123.913383,44.126174],[-123.91324,44.126348],[-123.913173,44.126463],[-123.913162,44.126509],[-123.913162,44.126539],[-123.9132,44.126687],[-123.913332,44.126829],[-123.913557,44.127014],[-123.91372,44.127235],[-123.913907,44.127767],[-123.91399,44.127972],[-123.914099,44.128142],[-123.914142,44.12819],[-123.914328,44.128351],[-123.914541,44.128505],[-123.914787,44.128659],[-123.915141,44.128853],[-123.915371,44.12898],[-123.915548,44.129081],[-123.915706,44.129177],[-123.915871,44.129287],[-123.915937,44.129345],[-123.916239,44.129344],[-123.916175,44.12929],[-123.916036,44.129173],[-123.915858,44.129054],[-123.915693,44.128953],[-123.915511,44.12885],[-123.91528,44.128722],[-123.914931,44.128531],[-123.914697,44.128385],[-123.914497,44.12824],[-123.914327,44.128093],[-123.9143,44.128063],[-123.914204,44.127914],[-123.914128,44.127724],[-123.913935,44.127175],[-123.913747,44.12692],[-123.913514,44.126729],[-123.913416,44.126624],[-123.91339,44.126523],[-123.913394,44.126509],[-123.913444,44.126423],[-123.913575,44.126264],[-123.913928,44.125899],[-123.914056,44.125779],[-123.914299,44.125564],[-123.914408,44.125454],[-123.91461,44.12525],[-123.914712,44.125155],[-123.914851,44.125041],[-123.914971,44.124943],[-123.915508,44.124529],[-123.915681,44.124411],[-123.916045,44.12418],[-123.916059,44.124171],[-123.916073,44.124163],[-123.916091,44.124153],[-123.916101,44.124147],[-123.916113,44.124141],[-123.91613,44.124132],[-123.916143,44.124126],[-123.916155,44.12412],[-123.91617,44.124113],[-123.916195,44.124102],[-123.91621,44.124096],[-123.916927,44.123799],[-123.916975,44.12378],[-123.917008,44.123769],[-123.917034,44.12376],[-123.917059,44.123752],[-123.917089,44.123744],[-123.917119,44.123736],[-123.917152,44.123728],[-123.917173,44.123723],[-123.917182,44.123721],[-123.917213,44.123716],[-123.917725,44.123621],[-123.917762,44.123614],[-123.917798,44.123606],[-123.917861,44.12359],[-123.917911,44.123576],[-123.917968,44.123558],[-123.918025,44.123537],[-123.918077,44.123516],[-123.91813,44.123493],[-123.918187,44.123464],[-123.918251,44.123429],[-123.918718,44.123152],[-123.918737,44.123141],[-123.918752,44.123133],[-123.918792,44.123111],[-123.918826,44.123094],[-123.918853,44.12308],[-123.918894,44.123062],[-123.918918,44.123051],[-123.918942,44.12304],[-123.91898,44.123025],[-123.919015,44.123012],[-123.919059,44.122997],[-123.919087,44.122987],[-123.919118,44.122978],[-123.919173,44.122962],[-123.919668,44.122825],[-123.919713,44.122812],[-123.919778,44.122793],[-123.919829,44.122777],[-123.919877,44.122761],[-123.919939,44.12274],[-123.919981,44.122725],[-123.920044,44.122701],[-123.920088,44.122684],[-123.920142,44.122661],[-123.920185,44.122643],[-123.920261,44.122609],[-123.920319,44.122581],[-123.920379,44.122551],[-123.920436,44.122522],[-123.920777,44.12234],[-123.920793,44.122331],[-123.920826,44.122314],[-123.920864,44.122294],[-123.920916,44.122267],[-123.920978,44.122235],[-123.921044,44.122202],[-123.921103,44.122173],[-123.921163,44.122144],[-123.921217,44.122118],[-123.921277,44.122089],[-123.921346,44.122057],[-123.921432,44.122019],[-123.921494,44.121991],[-123.921553,44.121965],[-123.92188,44.121823],[-123.92225,44.121639],[-123.922611,44.121456],[-123.922696,44.121418],[-123.922784,44.12138],[-123.9229,44.121332],[-123.922999,44.121292],[-123.923079,44.121259],[-123.92316,44.121224],[-123.923206,44.121203],[-123.923242,44.121185],[-123.923278,44.121167],[-123.923313,44.121149],[-123.923347,44.12113],[-123.923464,44.121066],[-123.923522,44.121032],[-123.923557,44.121014],[-123.923592,44.120997],[-123.923628,44.120981],[-123.923665,44.120964],[-123.923701,44.120948],[-123.923738,44.120933],[-123.923799,44.12091],[-123.923832,44.120898],[-123.923864,44.120887],[-123.923897,44.120876],[-123.92393,44.120866],[-123.923965,44.120855],[-123.924224,44.120775],[-123.92428,44.120756],[-123.924309,44.120745],[-123.924337,44.120735],[-123.924363,44.120724],[-123.924388,44.120714],[-123.924391,44.120713],[-123.924419,44.120701],[-123.924444,44.120689],[-123.92447,44.120677],[-123.924497,44.120664],[-123.924522,44.120651],[-123.924548,44.120638],[-123.924571,44.120625],[-123.924734,44.120543],[-123.924904,44.120461],[-123.925143,44.120352],[-123.925609,44.12014],[-123.925714,44.120091],[-123.925817,44.120041],[-123.925912,44.119993],[-123.926006,44.119944],[-123.926089,44.119899],[-123.926154,44.119861],[-123.926216,44.119824],[-123.9266,44.11961],[-123.926802,44.119485],[-123.927143,44.119272],[-123.927235,44.11921],[-123.927288,44.119173],[-123.927338,44.119137],[-123.927445,44.119063],[-123.927503,44.119025],[-123.927562,44.118986],[-123.927638,44.118938],[-123.927708,44.118896],[-123.927784,44.118853],[-123.927836,44.118824],[-123.92792,44.11878],[-123.927982,44.118749],[-123.928128,44.118682],[-123.928137,44.118679],[-123.928148,44.118675],[-123.928159,44.11867],[-123.92817,44.118665],[-123.928183,44.118659],[-123.928191,44.118655],[-123.9282,44.118651],[-123.928222,44.11864],[-123.928231,44.118634],[-123.928241,44.118629],[-123.92825,44.118624],[-123.92826,44.118618],[-123.928269,44.118612],[-123.92828,44.118606],[-123.928289,44.118599],[-123.928297,44.118593],[-123.928307,44.118586],[-123.928316,44.11858],[-123.928332,44.118567],[-123.928341,44.118559],[-123.928349,44.118553],[-123.928357,44.118546],[-123.928366,44.118538],[-123.928373,44.118531],[-123.928382,44.118523],[-123.92839,44.118515],[-123.928397,44.118507],[-123.928406,44.118497],[-123.928409,44.118494],[-123.928547,44.118368],[-123.92856,44.118357],[-123.928568,44.118351],[-123.928573,44.118346],[-123.928582,44.118339],[-123.928588,44.118335],[-123.928598,44.118328],[-123.928607,44.118322],[-123.928613,44.118317],[-123.928622,44.118312],[-123.928632,44.118306],[-123.928639,44.118301],[-123.92865,44.118296],[-123.928658,44.118291],[-123.928667,44.118286],[-123.928676,44.118281],[-123.928686,44.118277],[-123.928697,44.118272],[-123.928706,44.118267],[-123.928716,44.118263],[-123.928724,44.118259],[-123.928734,44.118255],[-123.928746,44.11825],[-123.928755,44.118247],[-123.928764,44.118244],[-123.928775,44.11824],[-123.928786,44.118236],[-123.9288,44.118232],[-123.928979,44.118164],[-123.929003,44.118155],[-123.92902,44.118148],[-123.929037,44.118141],[-123.929054,44.118134],[-123.929073,44.118125],[-123.929089,44.118117],[-123.929105,44.11811],[-123.929123,44.118101],[-123.92914,44.118092],[-123.929163,44.118079],[-123.92918,44.11807],[-123.929196,44.11806],[-123.929211,44.118051],[-123.929226,44.118041],[-123.929242,44.118031],[-123.929256,44.118021],[-123.92927,44.118011],[-123.929284,44.118001],[-123.929297,44.117991],[-123.929312,44.11798],[-123.929325,44.117969],[-123.929342,44.117955],[-123.929344,44.117954],[-123.929355,44.117943],[-123.92936,44.11794],[-123.929377,44.117926],[-123.929393,44.117911],[-123.92941,44.117896],[-123.929426,44.11788],[-123.929441,44.117866],[-123.929454,44.117852],[-123.92951,44.1178],[-123.929565,44.117748],[-123.929597,44.117722],[-123.92962,44.117704],[-123.929646,44.117684],[-123.92971,44.117632],[-123.929778,44.117578],[-123.929796,44.117561],[-123.92981,44.117548],[-123.929824,44.117533],[-123.929835,44.117521],[-123.929847,44.117508],[-123.929859,44.117493],[-123.929872,44.117479],[-123.929882,44.117464],[-123.929893,44.117451],[-123.929903,44.117437],[-123.929926,44.117404],[-123.929939,44.117385],[-123.929953,44.117366],[-123.929965,44.117346],[-123.929976,44.117327],[-123.929988,44.117308],[-123.930141,44.117049],[-123.930163,44.117015],[-123.930179,44.116991],[-123.930195,44.116968],[-123.930211,44.116945],[-123.930229,44.116922],[-123.930247,44.116898],[-123.930265,44.116877],[-123.930284,44.116854],[-123.930303,44.116832],[-123.930323,44.116811],[-123.930344,44.116788],[-123.930677,44.116434],[-123.930692,44.116418],[-123.930706,44.116404],[-123.93072,44.11639],[-123.930734,44.116377],[-123.93075,44.116363],[-123.930766,44.116349],[-123.930781,44.116337],[-123.930796,44.116325],[-123.930813,44.116311],[-123.93083,44.116298],[-123.930846,44.116286],[-123.930862,44.116275],[-123.930883,44.116262],[-123.930924,44.116232],[-123.930948,44.116215],[-123.930962,44.116206],[-123.930976,44.116197],[-123.930992,44.116188],[-123.931007,44.116179],[-123.931023,44.11617],[-123.931074,44.116141],[-123.931101,44.116127],[-123.931128,44.116114],[-123.931157,44.1161],[-123.931198,44.11608],[-123.931231,44.116065],[-123.931266,44.11605],[-123.931301,44.116036],[-123.931339,44.11602],[-123.932197,44.115635],[-123.932246,44.115614],[-123.93228,44.115598],[-123.932315,44.115581],[-123.932349,44.115564],[-123.932409,44.115532],[-123.932441,44.115514],[-123.932473,44.115496],[-123.932504,44.115477],[-123.932535,44.115458],[-123.932599,44.115417],[-123.932637,44.115392],[-123.932674,44.115366],[-123.93271,44.11534],[-123.932745,44.115314],[-123.933108,44.11505],[-123.933133,44.115033],[-123.933155,44.115019],[-123.933179,44.115005],[-123.933202,44.114991],[-123.933224,44.114978],[-123.933248,44.114965],[-123.933282,44.114947],[-123.933307,44.114935],[-123.93333,44.114923],[-123.933356,44.114912],[-123.933381,44.1149],[-123.933408,44.114889],[-123.933458,44.114866],[-123.933504,44.114847],[-123.933555,44.114827],[-123.933641,44.114789],[-123.933727,44.11475],[-123.93383,44.114699],[-123.93389,44.114669],[-123.933983,44.114619],[-123.93404,44.114587],[-123.934079,44.114569],[-123.934102,44.114559],[-123.934123,44.11455],[-123.934131,44.114547],[-123.934139,44.114544],[-123.934149,44.114541],[-123.934157,44.114538],[-123.934166,44.114536],[-123.934175,44.114533],[-123.934185,44.11453],[-123.934195,44.114528],[-123.934203,44.114526],[-123.934213,44.114523],[-123.934222,44.114521],[-123.934231,44.11452],[-123.934243,44.114517],[-123.934265,44.114513],[-123.934277,44.114511],[-123.934291,44.114509],[-123.934306,44.114506],[-123.934319,44.114504],[-123.934332,44.114503],[-123.934347,44.114501],[-123.93436,44.1145],[-123.934374,44.114498],[-123.934389,44.114497],[-123.934408,44.114496],[-123.934644,44.114472],[-123.934674,44.114469],[-123.934702,44.114465],[-123.93473,44.114461],[-123.934758,44.114457],[-123.934784,44.114453],[-123.934811,44.114448],[-123.934838,44.114443],[-123.934866,44.114437],[-123.934893,44.114431],[-123.934919,44.114425],[-123.934945,44.114419],[-123.935299,44.114331],[-123.935312,44.114328],[-123.93532,44.114326],[-123.935329,44.114324],[-123.935335,44.114322],[-123.935346,44.114319],[-123.935355,44.114315],[-123.93536,44.114313],[-123.935369,44.11431],[-123.935378,44.114307],[-123.935386,44.114304],[-123.935391,44.114301],[-123.9354,44.114298],[-123.935409,44.114294],[-123.935416,44.114291],[-123.935422,44.114288],[-123.93543,44.114284],[-123.935438,44.11428],[-123.935443,44.114277],[-123.935455,44.114271],[-123.935461,44.114267],[-123.935464,44.114265],[-123.935471,44.114261],[-123.935481,44.114255],[-123.935487,44.114251],[-123.93549,44.114248],[-123.935501,44.114241],[-123.935503,44.114239],[-123.935508,44.114236],[-123.935518,44.114228],[-123.935522,44.114224],[-123.935528,44.11422],[-123.935538,44.114211],[-123.93554,44.114208],[-123.935546,44.114204],[-123.935551,44.114198],[-123.935556,44.114193],[-123.935558,44.114191],[-123.935563,44.114186],[-123.935571,44.114177],[-123.935575,44.114172],[-123.935583,44.114162],[-123.935586,44.114158],[-123.93559,44.114153],[-123.935601,44.114138],[-123.935605,44.114131],[-123.935605,44.114131],[-123.935611,44.114122],[-123.935616,44.114112],[-123.935617,44.11411],[-123.93562,44.114106],[-123.935625,44.114096],[-123.93563,44.114085],[-123.935631,44.114081],[-123.935632,44.114079],[-123.935637,44.114069],[-123.93564,44.114059],[-123.935642,44.114054],[-123.935643,44.114048],[-123.935645,44.114043],[-123.935646,44.114037],[-123.935648,44.114032],[-123.935725,44.113773],[-123.935751,44.113705],[-123.93578,44.113636],[-123.935824,44.113534],[-123.935871,44.113433],[-123.935909,44.113354],[-123.935949,44.113275],[-123.935985,44.113203],[-123.93602,44.113132],[-123.936048,44.113079],[-123.936076,44.113023],[-123.936079,44.113015],[-123.93608,44.113014],[-123.935839,44.113011],[-123.935839,44.113012]]]]}},{"type":"Feature","properties":{"MAPTAXLOT":"1710000000400","MAPNUMBER":"17100000","TAXLOT":"400","ACCTNO":"0531630","MAPACRES":671.70135126},"geometry":{"type":"MultiPolygon","coordinates":[[[[-123.909447,44.123954],[-123.909519,44.129303],[-123.914533,44.129334],[-123.915937,44.129345],[-123.915871,44.129287],[-123.915706,44.129177],[-123.915548,44.129081],[-123.915371,44.12898],[-123.915141,44.128853],[-123.914787,44.128659],[-123.914541,44.128505],[-123.914328,44.128351],[-123.914142,44.12819],[-123.914099,44.128142],[-123.91399,44.127972],[-123.913907,44.127767],[-123.91372,44.127235],[-123.913557,44.127014],[-123.913332,44.126829],[-123.9132,44.126687],[-123.913162,44.126539],[-123.913162,44.126509],[-123.913173,44.126463],[-123.91324,44.126348],[-123.913383,44.126174],[-123.913744,44.125801],[-123.913877,44.125677],[-123.914117,44.125464],[-123.914223,44.125358],[-123.914426,44.125151],[-123.914536,44.12505],[-123.914679,44.124932],[-123.914802,44.124832],[-123.915346,44.124413],[-123.915527,44.124289],[-123.915894,44.124057],[-123.915914,44.124044],[-123.915931,44.124034],[-123.915948,44.124024],[-123.915964,44.124015],[-123.91598,44.124007],[-123.915997,44.123998],[-123.916015,44.123989],[-123.916031,44.123982],[-123.916049,44.123974],[-123.916076,44.123961],[-123.916095,44.123953],[-123.916815,44.123656],[-123.91687,44.123634],[-123.916911,44.123619],[-123.916942,44.12361],[-123.916971,44.1236],[-123.917006,44.12359],[-123.917043,44.123581],[-123.917084,44.123571],[-123.917108,44.123565],[-123.91712,44.123563],[-123.917155,44.123556],[-123.917667,44.123462],[-123.917698,44.123456],[-123.917728,44.123449],[-123.917782,44.123436],[-123.917822,44.123424],[-123.91787,44.123409],[-123.917918,44.123392],[-123.917962,44.123374],[-123.918005,44.123355],[-123.918053,44.123331],[-123.91811,44.1233],[-123.918574,44.123025],[-123.918594,44.123013],[-123.918613,44.123002],[-123.918657,44.122978],[-123.918694,44.122959],[-123.918727,44.122943],[-123.918774,44.122922],[-123.9188,44.12291],[-123.918827,44.122898],[-123.918872,44.12288],[-123.918912,44.122865],[-123.91896,44.122849],[-123.918992,44.122837],[-123.919029,44.122826],[-123.919089,44.122808],[-123.919585,44.122672],[-123.919627,44.12266],[-123.919688,44.122642],[-123.919736,44.122627],[-123.91978,44.122612],[-123.919839,44.122592],[-123.919876,44.122578],[-123.919936,44.122556],[-123.919977,44.12254],[-123.920027,44.122519],[-123.920066,44.122502],[-123.920138,44.12247],[-123.920191,44.122445],[-123.920246,44.122417],[-123.920301,44.122389],[-123.920642,44.122207],[-123.920657,44.122199],[-123.920691,44.122181],[-123.92073,44.12216],[-123.920783,44.122133],[-123.920847,44.1221],[-123.920915,44.122066],[-123.920974,44.122037],[-123.921036,44.122007],[-123.921091,44.121981],[-123.921153,44.121951],[-123.921224,44.121918],[-123.921311,44.121879],[-123.921374,44.121851],[-123.921434,44.121824],[-123.921756,44.121685],[-123.922119,44.121504],[-123.922485,44.121318],[-123.922577,44.121277],[-123.922668,44.121238],[-123.922788,44.121188],[-123.922886,44.121149],[-123.922963,44.121117],[-123.92304,44.121084],[-123.923079,44.121066],[-123.923112,44.12105],[-123.923144,44.121033],[-123.923176,44.121017],[-123.923209,44.120999],[-123.923323,44.120936],[-123.923384,44.1209],[-123.923428,44.120879],[-123.923467,44.12086],[-123.923507,44.120841],[-123.923546,44.120824],[-123.923586,44.120806],[-123.923628,44.120789],[-123.923695,44.120763],[-123.923732,44.12075],[-123.923768,44.120738],[-123.923804,44.120726],[-123.923841,44.120715],[-123.923876,44.120704],[-123.92413,44.120625],[-123.92418,44.120608],[-123.924203,44.120599],[-123.924227,44.12059],[-123.924252,44.12058],[-123.924276,44.120571],[-123.924298,44.120561],[-123.924321,44.12055],[-123.924345,44.120539],[-123.924367,44.120529],[-123.924385,44.12052],[-123.924382,44.12035],[-123.924721,44.120351],[-123.924779,44.120323],[-123.925487,44.120001],[-123.925588,44.119954],[-123.925687,44.119906],[-123.92578,44.119859],[-123.92587,44.119812],[-123.925948,44.119769],[-123.92601,44.119734],[-123.926074,44.119696],[-123.926456,44.119482],[-123.926652,44.11936],[-123.92699,44.119149],[-123.927079,44.11909],[-123.927129,44.119056],[-123.927178,44.11902],[-123.927288,44.118944],[-123.927349,44.118903],[-123.927411,44.118863],[-123.92749,44.118813],[-123.927563,44.118769],[-123.927644,44.118723],[-123.927699,44.118692],[-123.927787,44.118646],[-123.927855,44.118612],[-123.928014,44.11854],[-123.928028,44.118534],[-123.928035,44.118531],[-123.928043,44.118528],[-123.92805,44.118525],[-123.928056,44.118523],[-123.928064,44.118518],[-123.928073,44.118514],[-123.928084,44.118509],[-123.92809,44.118505],[-123.928098,44.118501],[-123.928105,44.118496],[-123.928112,44.118492],[-123.928119,44.118488],[-123.928125,44.118484],[-123.92813,44.118481],[-123.928138,44.118475],[-123.928143,44.118472],[-123.928149,44.118467],[-123.928162,44.118457],[-123.928167,44.118453],[-123.928174,44.118447],[-123.928181,44.118441],[-123.928186,44.118437],[-123.928192,44.118431],[-123.928198,44.118426],[-123.928202,44.118421],[-123.928208,44.118415],[-123.928211,44.118412],[-123.928219,44.118401],[-123.928371,44.118263],[-123.928385,44.118252],[-123.928394,44.118244],[-123.928406,44.118234],[-123.928416,44.118226],[-123.928428,44.118217],[-123.928439,44.11821],[-123.928448,44.118203],[-123.928461,44.118194],[-123.928473,44.118187],[-123.928483,44.118181],[-123.928497,44.118173],[-123.928508,44.118166],[-123.928519,44.11816],[-123.928534,44.118152],[-123.928546,44.118146],[-123.928559,44.11814],[-123.92857,44.118134],[-123.928583,44.118128],[-123.928596,44.118123],[-123.928609,44.118117],[-123.928625,44.118111],[-123.928636,44.118106],[-123.92865,44.118101],[-123.928665,44.118095],[-123.928678,44.118091],[-123.928692,44.118086],[-123.928701,44.118083],[-123.928873,44.118018],[-123.928893,44.118011],[-123.928906,44.118005],[-123.928922,44.117999],[-123.928937,44.117992],[-123.928949,44.117987],[-123.928963,44.11798],[-123.928978,44.117973],[-123.92899,44.117967],[-123.929003,44.11796],[-123.929024,44.117949],[-123.929037,44.117942],[-123.929048,44.117934],[-123.929061,44.117927],[-123.929073,44.117919],[-123.929085,44.117911],[-123.929096,44.117904],[-123.929108,44.117895],[-123.92912,44.117886],[-123.929132,44.117877],[-123.929143,44.117869],[-123.929154,44.11786],[-123.929171,44.117846],[-123.929186,44.117834],[-123.9292,44.117821],[-123.929215,44.117808],[-123.929229,44.117796],[-123.929241,44.117783],[-123.929255,44.117769],[-123.929271,44.117754],[-123.929329,44.1177],[-123.92934,44.117689],[-123.929351,44.117679],[-123.929278,44.112923],[-123.919283,44.112959],[-123.909289,44.112993],[-123.909411,44.120301],[-123.909447,44.123954]]],[[[-123.924363,44.120724],[-123.924337,44.120735],[-123.924309,44.120745],[-123.92428,44.120756],[-123.924224,44.120775],[-123.923965,44.120855],[-123.92393,44.120866],[-123.923897,44.120876],[-123.923864,44.120887],[-123.923832,44.120898],[-123.923799,44.12091],[-123.923738,44.120933],[-123.923701,44.120948],[-123.923665,44.120964],[-123.923628,44.120981],[-123.923592,44.120997],[-123.923557,44.121014],[-123.923522,44.121032],[-123.923464,44.121066],[-123.923347,44.12113],[-123.923313,44.121149],[-123.923278,44.121167],[-123.923242,44.121185],[-123.923206,44.121203],[-123.92316,44.121224],[-123.923079,44.121259],[-123.922999,44.121292],[-123.9229,44.121332],[-123.922784,44.12138],[-123.922696,44.121418],[-123.922611,44.121456],[-123.92225,44.121639],[-123.92188,44.121823],[-123.921553,44.121965],[-123.921494,44.121991],[-123.921432,44.122019],[-123.921346,44.122057],[-123.921277,44.122089],[-123.921217,44.122118],[-123.921163,44.122144],[-123.921103,44.122173],[-123.921044,44.122202],[-123.920978,44.122235],[-123.920916,44.122267],[-123.920864,44.122294],[-123.920826,44.122314],[-123.920793,44.122331],[-123.920777,44.12234],[-123.920436,44.122522],[-123.920379,44.122551],[-123.920319,44.122581],[-123.920261,44.122609],[-123.920185,44.122643],[-123.920142,44.122661],[-123.920088,44.122684],[-123.920044,44.122701],[-123.919981,44.122725],[-123.919939,44.12274],[-123.919877,44.122761],[-123.919829,44.122777],[-123.919778,44.122793],[-123.919713,44.122812],[-123.919668,44.122825],[-123.919173,44.122962],[-123.919118,44.122978],[-123.919087,44.122987],[-123.919059,44.122997],[-123.919015,44.123012],[-123.91898,44.123025],[-123.918942,44.12304],[-123.918918,44.123051],[-123.918894,44.123062],[-123.918853,44.12308],[-123.918826,44.123094],[-123.918792,44.123111],[-123.918752,44.123133],[-123.918737,44.123141],[-123.918718,44.123152],[-123.918251,44.123429],[-123.918187,44.123464],[-123.91813,44.123493],[-123.918077,44.123516],[-123.918025,44.123537],[-123.917968,44.123558],[-123.917911,44.123576],[-123.917861,44.12359],[-123.917798,44.123606],[-123.917762,44.123614],[-123.917725,44.123621],[-123.917213,44.123716],[-123.917182,44.123721],[-123.917173,44.123723],[-123.917152,44.123728],[-123.917119,44.123736],[-123.917089,44.123744],[-123.917059,44.123752],[-123.917034,44.12376],[-123.917008,44.123769],[-123.916975,44.12378],[-123.916927,44.123799],[-123.91621,44.124096],[-123.916195,44.124102],[-123.91617,44.124113],[-123.916155,44.12412],[-123.916143,44.124126],[-123.91613,44.124132],[-123.916113,44.124141],[-123.916101,44.124147],[-123.916091,44.124153],[-123.916073,44.124163],[-123.916059,44.124171],[-123.916045,44.12418],[-123.915681,44.124411],[-123.915508,44.124529],[-123.914971,44.124943],[-123.914851,44.125041],[-123.914712,44.125155],[-123.91461,44.12525],[-123.914408,44.125454],[-123.914299,44.125564],[-123.914056,44.125779],[-123.913928,44.125899],[-123.913575,44.126264],[-123.913444,44.126423],[-123.913394,44.126509],[-123.91339,44.126523],[-123.913416,44.126624],[-123.913514,44.126729],[-123.913747,44.12692],[-123.913935,44.127175],[-123.914128,44.127724],[-123.914204,44.127914],[-123.9143,44.128063],[-123.914327,44.128093],[-123.914497,44.12824],[-123.914697,44.128385],[-123.914931,44.128531],[-123.91528,44.128722],[-123.915511,44.12885],[-123.915693,44.128953],[-123.915858,44.129054],[-123.916036,44.129173],[-123.916175,44.12929],[-123.916239,44.129344],[-123.919548,44.129365],[-123.924534,44.129427],[-123.92952,44.12949],[-123.929444,44.12408],[-123.92444,44.124052],[-123.924388,44.120714],[-123.924363,44.120724]]],[[[-123.929344,44.117954],[-123.929342,44.117955],[-123.929325,44.117969],[-123.929312,44.11798],[-123.929297,44.117991],[-123.929284,44.118001],[-123.92927,44.118011],[-123.929256,44.118021],[-123.929242,44.118031],[-123.929226,44.118041],[-123.929211,44.118051],[-123.929196,44.11806],[-123.92918,44.11807],[-123.929163,44.118079],[-123.92914,44.118092],[-123.929123,44.118101],[-123.929105,44.11811],[-123.929089,44.118117],[-123.929073,44.118125],[-123.929054,44.118134],[-123.929037,44.118141],[-123.92902,44.118148],[-123.929003,44.118155],[-123.928979,44.118164],[-123.9288,44.118232],[-123.928786,44.118236],[-123.928775,44.11824],[-123.928764,44.118244],[-123.928755,44.118247],[-123.928746,44.11825],[-123.928734,44.118255],[-123.928724,44.118259],[-123.928716,44.118263],[-123.928706,44.118267],[-123.928697,44.118272],[-123.928686,44.118277],[-123.928676,44.118281],[-123.928667,44.118286],[-123.928658,44.118291],[-123.92865,44.118296],[-123.928639,44.118301],[-123.928632,44.118306],[-123.928622,44.118312],[-123.928613,44.118317],[-123.928607,44.118322],[-123.928598,44.118328],[-123.928588,44.118335],[-123.928582,44.118339],[-123.928573,44.118346],[-123.928568,44.118351],[-123.92856,44.118357],[-123.928547,44.118368],[-123.928409,44.118494],[-123.928406,44.118497],[-123.928397,44.118507],[-123.92839,44.118515],[-123.928382,44.118523],[-123.928373,44.118531],[-123.928366,44.118538],[-123.928357,44.118546],[-123.928349,44.118553],[-123.928341,44.118559],[-123.928332,44.118567],[-123.928316,44.11858],[-123.928307,44.118586],[-123.928297,44.118593],[-123.928289,44.118599],[-123.92828,44.118606],[-123.928269,44.118612],[-123.92826,44.118618],[-123.92825,44.118624],[-123.928241,44.118629],[-123.928231,44.118634],[-123.928222,44.11864],[-123.9282,44.118651],[-123.928191,44.118655],[-123.928183,44.118659],[-123.92817,44.118665],[-123.928159,44.11867],[-123.928148,44.118675],[-123.928137,44.118679],[-123.928128,44.118682],[-123.927982,44.118749],[-123.92792,44.11878],[-123.927836,44.118824],[-123.927784,44.118853],[-123.927708,44.118896],[-123.927638,44.118938],[-123.927562,44.118986],[-123.927503,44.119025],[-123.927445,44.119063],[-123.927338,44.119137],[-123.927288,44.119173],[-123.927235,44.11921],[-123.927143,44.119272],[-123.926802,44.119485],[-123.9266,44.11961],[-123.926216,44.119824],[-123.926154,44.119861],[-123.926089,44.119899],[-123.926006,44.119944],[-123.925912,44.119993],[-123.925817,44.120041],[-123.925714,44.120091],[-123.925609,44.12014],[-123.925143,44.120352],[-123.929393,44.120361],[-123.929357,44.117954],[-123.929355,44.117943],[-123.929344,44.117954]]]]}},{"type":"Feature","properties":{"MAPTAXLOT":"1710000000500","MAPNUMBER":"17100000","TAXLOT":"500","ACCTNO":"0531648","MAPACRES":40.59295933},"geometry":{"type":"MultiPolygon","coordinates":[[[[-123.924904,44.120461],[-123.924734,44.120543],[-123.924571,44.120625],[-123.924548,44.120638],[-123.924522,44.120651],[-123.924497,44.120664],[-123.92447,44.120677],[-123.924444,44.120689],[-123.924419,44.120701],[-123.924391,44.120713],[-123.924388,44.120714],[-123.92444,44.124052],[-123.929444,44.12408],[-123.929393,44.120361],[-123.925143,44.120352],[-123.924904,44.120461]]],[[[-123.924385,44.12052],[-123.92439,44.120517],[-123.924412,44.120506],[-123.924435,44.120493],[-123.924604,44.120407],[-123.924721,44.120351],[-123.924382,44.12035],[-123.924385,44.12052]]]]}},{"type":"Feature","properties":{"MAPTAXLOT":"1710000000600","MAPNUMBER":"17100000","TAXLOT":"600","ACCTNO":"0531655","MAPACRES":116.05903186},"geometry":{"type":"Polygon","coordinates":[[[-123.929444,44.12408],[-123.939144,44.123992],[-123.938686,44.116677],[-123.934005,44.116661],[-123.934145,44.12035],[-123.929393,44.120361],[-123.929444,44.12408]]]}},{"type":"Feature","properties":{"MAPTAXLOT":"1710000000700","MAPNUMBER":"17100000","TAXLOT":"700","ACCTNO":"0531663","MAPACRES":550.07214402},"geometry":{"type":"MultiPolygon","coordinates":[[[[-123.92952,44.12949],[-123.934504,44.129426],[-123.939488,44.129363],[-123.944507,44.12933],[-123.94802,44.129308],[-123.948024,44.127508],[-123.948031,44.123908],[-123.948037,44.120308],[-123.948044,44.116708],[-123.948045,44.115722],[-123.94805,44.113109],[-123.948043,44.113109],[-123.943069,44.113076],[-123.938465,44.113045],[-123.93608,44.113014],[-123.936079,44.113015],[-123.936076,44.113023],[-123.936048,44.113079],[-123.93602,44.113132],[-123.935985,44.113203],[-123.935949,44.113275],[-123.935909,44.113354],[-123.935871,44.113433],[-123.935824,44.113534],[-123.93578,44.113636],[-123.935751,44.113705],[-123.935725,44.113773],[-123.935648,44.114032],[-123.935646,44.114037],[-123.935645,44.114043],[-123.935643,44.114048],[-123.935642,44.114054],[-123.93564,44.114059],[-123.935637,44.114069],[-123.935632,44.114079],[-123.935631,44.114081],[-123.93563,44.114085],[-123.935625,44.114096],[-123.93562,44.114106],[-123.935617,44.11411],[-123.935616,44.114112],[-123.935611,44.114122],[-123.935605,44.114131],[-123.935605,44.114131],[-123.935601,44.114138],[-123.93559,44.114153],[-123.935586,44.114158],[-123.935583,44.114162],[-123.935575,44.114172],[-123.935571,44.114177],[-123.935563,44.114186],[-123.935558,44.114191],[-123.935556,44.114193],[-123.935551,44.114198],[-123.935546,44.114204],[-123.93554,44.114208],[-123.935538,44.114211],[-123.935528,44.11422],[-123.935522,44.114224],[-123.935518,44.114228],[-123.935508,44.114236],[-123.935503,44.114239],[-123.935501,44.114241],[-123.93549,44.114248],[-123.935487,44.114251],[-123.935481,44.114255],[-123.935471,44.114261],[-123.935464,44.114265],[-123.935461,44.114267],[-123.935455,44.114271],[-123.935443,44.114277],[-123.935438,44.11428],[-123.93543,44.114284],[-123.935422,44.114288],[-123.935416,44.114291],[-123.935409,44.114294],[-123.9354,44.114298],[-123.935391,44.114301],[-123.935386,44.114304],[-123.935378,44.114307],[-123.935369,44.11431],[-123.93536,44.114313],[-123.935355,44.114315],[-123.935346,44.114319],[-123.935335,44.114322],[-123.935329,44.114324],[-123.93532,44.114326],[-123.935312,44.114328],[-123.935299,44.114331],[-123.934945,44.114419],[-123.934919,44.114425],[-123.934893,44.114431],[-123.934866,44.114437],[-123.934838,44.114443],[-123.934811,44.114448],[-123.934784,44.114453],[-123.934758,44.114457],[-123.93473,44.114461],[-123.934702,44.114465],[-123.934674,44.114469],[-123.934644,44.114472],[-123.934408,44.114496],[-123.934389,44.114497],[-123.934374,44.114498],[-123.93436,44.1145],[-123.934347,44.114501],[-123.934332,44.114503],[-123.934319,44.114504],[-123.934306,44.114506],[-123.934291,44.114509],[-123.934277,44.114511],[-123.934265,44.114513],[-123.934243,44.114517],[-123.934231,44.11452],[-123.934222,44.114521],[-123.934213,44.114523],[-123.934203,44.114526],[-123.934195,44.114528],[-123.934185,44.11453],[-123.934175,44.114533],[-123.934166,44.114536],[-123.934157,44.114538],[-123.934149,44.114541],[-123.934139,44.114544],[-123.934131,44.114547],[-123.934123,44.11455],[-123.934102,44.114559],[-123.934079,44.114569],[-123.93404,44.114587],[-123.933983,44.114619],[-123.93389,44.114669],[-123.93383,44.114699],[-123.933727,44.11475],[-123.933641,44.114789],[-123.933555,44.114827],[-123.933504,44.114847],[-123.933458,44.114866],[-123.933408,44.114889],[-123.933381,44.1149],[-123.933356,44.114912],[-123.93333,44.114923],[-123.933307,44.114935],[-123.933282,44.114947],[-123.933248,44.114965],[-123.933224,44.114978],[-123.933202,44.114991],[-123.933179,44.115005],[-123.933155,44.115019],[-123.933133,44.115033],[-123.933108,44.11505],[-123.932745,44.115314],[-123.93271,44.11534],[-123.932674,44.115366],[-123.932637,44.115392],[-123.932599,44.115417],[-123.932535,44.115458],[-123.932504,44.115477],[-123.932473,44.115496],[-123.932441,44.115514],[-123.932409,44.115532],[-123.932349,44.115564],[-123.932315,44.115581],[-123.93228,44.115598],[-123.932246,44.115614],[-123.932197,44.115635],[-123.931339,44.11602],[-123.931301,44.116036],[-123.931266,44.11605],[-123.931231,44.116065],[-123.931198,44.11608],[-123.931157,44.1161],[-123.931128,44.116114],[-123.931101,44.116127],[-123.931074,44.116141],[-123.931023,44.11617],[-123.931007,44.116179],[-123.930992,44.116188],[-123.930976,44.116197],[-123.930962,44.116206],[-123.930948,44.116215],[-123.930924,44.116232],[-123.930883,44.116262],[-123.930862,44.116275],[-123.930846,44.116286],[-123.93083,44.116298],[-123.930813,44.116311],[-123.930796,44.116325],[-123.930781,44.116337],[-123.930766,44.116349],[-123.93075,44.116363],[-123.930734,44.116377],[-123.93072,44.11639],[-123.930706,44.116404],[-123.930692,44.116418],[-123.930677,44.116434],[-123.930344,44.116788],[-123.930323,44.116811],[-123.930303,44.116832],[-123.930284,44.116854],[-123.930265,44.116877],[-123.930247,44.116898],[-123.930229,44.116922],[-123.930211,44.116945],[-123.930195,44.116968],[-123.930179,44.116991],[-123.930163,44.117015],[-123.930141,44.117049],[-123.929988,44.117308],[-123.929976,44.117327],[-123.929965,44.117346],[-123.929953,44.117366],[-123.929939,44.117385],[-123.929926,44.117404],[-123.929903,44.117437],[-123.929893,44.117451],[-123.929882,44.117464],[-123.929872,44.117479],[-123.929859,44.117493],[-123.929847,44.117508],[-123.929835,44.117521],[-123.929824,44.117533],[-123.92981,44.117548],[-123.929796,44.117561],[-123.929778,44.117578],[-123.92971,44.117632],[-123.929646,44.117684],[-123.92962,44.117704],[-123.929597,44.117722],[-123.929565,44.117748],[-123.92951,44.1178],[-123.929454,44.117852],[-123.929441,44.117866],[-123.929426,44.11788],[-123.92941,44.117896],[-123.929393,44.117911],[-123.929377,44.117926],[-123.92936,44.11794],[-123.929355,44.117943],[-123.929357,44.117954],[-123.929393,44.120361],[-123.934145,44.12035],[-123.934005,44.116661],[-123.938686,44.116677],[-123.939144,44.123992],[-123.929444,44.12408],[-123.92952,44.12949]]],[[[-123.929351,44.117679],[-123.929352,44.117678],[-123.929388,44.117644],[-123.929427,44.117612],[-123.929453,44.117592],[-123.929477,44.117573],[-123.92954,44.117522],[-123.929602,44.117474],[-123.929613,44.117463],[-123.929624,44.117452],[-123.929633,44.117443],[-123.929644,44.11743],[-123.929655,44.117418],[-123.929664,44.117408],[-123.929673,44.117397],[-123.929682,44.117386],[-123.929691,44.117373],[-123.9297,44.117361],[-123.929723,44.11733],[-123.929734,44.117313],[-123.929746,44.117296],[-123.929756,44.117279],[-123.929767,44.117261],[-123.929778,44.117242],[-123.929932,44.116983],[-123.929956,44.116945],[-123.929974,44.116919],[-123.929991,44.116894],[-123.93001,44.116867],[-123.93003,44.116842],[-123.930048,44.116818],[-123.930069,44.116792],[-123.93009,44.116768],[-123.930111,44.116743],[-123.930134,44.116719],[-123.930155,44.116696],[-123.930488,44.116341],[-123.930505,44.116323],[-123.930522,44.116307],[-123.930538,44.11629],[-123.930556,44.116274],[-123.930573,44.116259],[-123.93059,44.116244],[-123.930608,44.116228],[-123.930628,44.116213],[-123.930647,44.116198],[-123.930665,44.116185],[-123.930685,44.11617],[-123.930706,44.116155],[-123.930724,44.116143],[-123.930764,44.116114],[-123.930792,44.116095],[-123.93081,44.116083],[-123.930829,44.116071],[-123.930846,44.116061],[-123.930864,44.116051],[-123.930882,44.11604],[-123.930937,44.11601],[-123.930968,44.115993],[-123.930999,44.115978],[-123.93103,44.115963],[-123.931074,44.115942],[-123.931112,44.115925],[-123.93115,44.115908],[-123.931188,44.115893],[-123.931223,44.115879],[-123.932077,44.115495],[-123.932125,44.115474],[-123.932155,44.11546],[-123.932186,44.115445],[-123.932215,44.11543],[-123.932271,44.115401],[-123.9323,44.115385],[-123.932329,44.115368],[-123.932356,44.115351],[-123.932385,44.115334],[-123.932445,44.115295],[-123.93248,44.115272],[-123.932514,44.115249],[-123.932547,44.115224],[-123.932582,44.115199],[-123.932949,44.114931],[-123.93298,44.11491],[-123.933007,44.114894],[-123.933033,44.114879],[-123.933057,44.114864],[-123.933085,44.114848],[-123.933113,44.114833],[-123.933149,44.114814],[-123.933176,44.1148],[-123.933204,44.114786],[-123.933233,44.114773],[-123.933261,44.11476],[-123.933289,44.114748],[-123.933341,44.114725],[-123.933391,44.114704],[-123.93344,44.114685],[-123.933521,44.114649],[-123.933602,44.114612],[-123.933699,44.114564],[-123.933756,44.114535],[-123.933845,44.114488],[-123.933908,44.114452],[-123.933957,44.11443],[-123.933984,44.114418],[-123.934014,44.114405],[-123.934029,44.114399],[-123.934042,44.114395],[-123.934054,44.114391],[-123.934066,44.114387],[-123.934081,44.114383],[-123.934094,44.114379],[-123.934106,44.114376],[-123.934118,44.114373],[-123.934132,44.114369],[-123.934144,44.114366],[-123.934158,44.114363],[-123.934172,44.114361],[-123.934184,44.114358],[-123.934206,44.114354],[-123.934223,44.114351],[-123.934242,44.114348],[-123.934259,44.114345],[-123.934276,44.114343],[-123.934295,44.11434],[-123.934313,44.114338],[-123.934331,44.114336],[-123.93435,44.114335],[-123.934366,44.114334],[-123.934381,44.114333],[-123.93461,44.114309],[-123.934637,44.114306],[-123.934662,44.114303],[-123.934685,44.1143],[-123.934708,44.114297],[-123.934731,44.114293],[-123.934755,44.114288],[-123.934779,44.114284],[-123.934801,44.114279],[-123.934824,44.114274],[-123.934847,44.114269],[-123.934872,44.114263],[-123.935224,44.114176],[-123.935233,44.114174],[-123.935238,44.114172],[-123.935243,44.114171],[-123.935249,44.114169],[-123.935252,44.114168],[-123.935254,44.114168],[-123.935262,44.114165],[-123.935266,44.114163],[-123.935269,44.114162],[-123.935274,44.11416],[-123.935279,44.114158],[-123.935284,44.114156],[-123.935286,44.114155],[-123.93529,44.114153],[-123.935295,44.114151],[-123.9353,44.114149],[-123.935303,44.114147],[-123.935308,44.114144],[-123.935312,44.114142],[-123.93532,44.114138],[-123.935324,44.114135],[-123.935325,44.114134],[-123.935328,44.114132],[-123.935335,44.114128],[-123.935341,44.114123],[-123.935347,44.114119],[-123.935351,44.114116],[-123.935354,44.114113],[-123.935358,44.114108],[-123.935362,44.114105],[-123.935364,44.114103],[-123.935368,44.114099],[-123.935373,44.114094],[-123.935377,44.11409],[-123.935379,44.114088],[-123.935381,44.114084],[-123.935388,44.114075],[-123.935391,44.114072],[-123.935392,44.11407],[-123.935394,44.114067],[-123.935401,44.114057],[-123.935402,44.114055],[-123.935405,44.114048],[-123.93541,44.114041],[-123.935412,44.114035],[-123.935416,44.114026],[-123.935417,44.114025],[-123.935418,44.114019],[-123.93542,44.114014],[-123.935421,44.114009],[-123.935423,44.114003],[-123.935425,44.113998],[-123.935503,44.113734],[-123.935532,44.11366],[-123.935562,44.113588],[-123.935606,44.113484],[-123.935655,44.11338],[-123.935694,44.113299],[-123.935734,44.113219],[-123.93577,44.113148],[-123.935806,44.113075],[-123.935833,44.113022],[-123.935839,44.113012],[-123.935839,44.113011],[-123.929278,44.112923],[-123.929351,44.117679]]]]}},{"type":"Feature","properties":{"MAPTAXLOT":"1710000000800","MAPNUMBER":"17100000","TAXLOT":"800","ACCTNO":"0531671","MAPACRES":631.39047127},"geometry":{"type":"Polygon","coordinates":[[[-123.919283,44.112959],[-123.929278,44.112923],[-123.929304,44.105836],[-123.929319,44.09875],[-123.909446,44.098352],[-123.909289,44.112993],[-123.919283,44.112959]]]}},{"type":"Feature","properties":{"MAPTAXLOT":"1710070000077","MAPNUMBER":"17100700","TAXLOT":"77","ACCTNO":"000None","MAPACRES":10.91002236},"geometry":{"type":"Polygon","coordinates":[[[-123.935839,44.113011],[-123.93608,44.113014],[-123.93608,44.113013],[-123.936086,44.112998],[-123.936092,44.112981],[-123.936099,44.112963],[-123.936104,44.112944],[-123.93611,44.112927],[-123.936116,44.112906],[-123.93612,44.112887],[-123.936124,44.112866],[-123.936128,44.112847],[-123.936131,44.112827],[-123.936134,44.112809],[-123.936137,44.11279],[-123.936139,44.112768],[-123.93614,44.112751],[-123.936145,44.112704],[-123.93615,44.112658],[-123.936159,44.112598],[-123.936165,44.112564],[-123.936177,44.112511],[-123.936186,44.112478],[-123.936255,44.112205],[-123.936275,44.112136],[-123.936289,44.112088],[-123.93631,44.112028],[-123.936329,44.111977],[-123.936356,44.111884],[-123.936372,44.111828],[-123.93638,44.111793],[-123.936385,44.111763],[-123.936391,44.111732],[-123.936395,44.1117],[-123.936402,44.111649],[-123.93641,44.111599],[-123.936417,44.111567],[-123.936422,44.111546],[-123.936429,44.111524],[-123.936435,44.111502],[-123.936441,44.111482],[-123.936456,44.111441],[-123.936466,44.111417],[-123.936475,44.111393],[-123.936485,44.111371],[-123.936497,44.111347],[-123.936508,44.111323],[-123.936534,44.111274],[-123.936552,44.111239],[-123.936572,44.111204],[-123.936592,44.111169],[-123.936614,44.111134],[-123.936946,44.110581],[-123.936975,44.110534],[-123.937004,44.110491],[-123.937032,44.110449],[-123.937061,44.110408],[-123.937093,44.110367],[-123.937126,44.110323],[-123.937454,44.109848],[-123.937489,44.109786],[-123.937513,44.109745],[-123.937539,44.109705],[-123.937592,44.109625],[-123.937618,44.109589],[-123.937636,44.109567],[-123.937647,44.109555],[-123.937659,44.109543],[-123.93767,44.109531],[-123.937683,44.109519],[-123.937695,44.109506],[-123.937747,44.109456],[-123.937773,44.109432],[-123.937804,44.109405],[-123.93782,44.109387],[-123.937832,44.109373],[-123.937844,44.109358],[-123.937856,44.109344],[-123.937865,44.10933],[-123.937876,44.109317],[-123.937887,44.109301],[-123.937896,44.109287],[-123.937906,44.109272],[-123.937915,44.109256],[-123.937923,44.109242],[-123.937932,44.109227],[-123.937939,44.109212],[-123.937948,44.109197],[-123.937954,44.109182],[-123.937973,44.109144],[-123.937984,44.109121],[-123.937993,44.109099],[-123.938002,44.109077],[-123.938011,44.109054],[-123.938018,44.109033],[-123.938026,44.109011],[-123.938099,44.108786],[-123.938138,44.108649],[-123.938157,44.108573],[-123.938174,44.108496],[-123.938283,44.107909],[-123.938286,44.107896],[-123.938287,44.107885],[-123.938324,44.107688],[-123.938334,44.107644],[-123.938339,44.107619],[-123.938346,44.107595],[-123.938354,44.107569],[-123.938367,44.107528],[-123.938376,44.107504],[-123.938385,44.107479],[-123.938396,44.107454],[-123.938406,44.107429],[-123.938417,44.107406],[-123.938429,44.107383],[-123.938446,44.107353],[-123.938456,44.107336],[-123.938467,44.107319],[-123.938479,44.107301],[-123.938491,44.107283],[-123.938503,44.107267],[-123.938515,44.10725],[-123.938528,44.107234],[-123.938542,44.107217],[-123.938555,44.107201],[-123.938586,44.107168],[-123.938602,44.107151],[-123.938618,44.107134],[-123.938634,44.107118],[-123.938653,44.1071],[-123.938707,44.107044],[-123.938763,44.106986],[-123.938781,44.106964],[-123.938794,44.106947],[-123.938806,44.106931],[-123.938818,44.106914],[-123.938828,44.106899],[-123.938839,44.106882],[-123.938849,44.106865],[-123.938859,44.106849],[-123.938869,44.106831],[-123.938877,44.106816],[-123.938893,44.106788],[-123.938907,44.10676],[-123.938921,44.106733],[-123.938934,44.106705],[-123.938946,44.106678],[-123.938958,44.106651],[-123.939002,44.106549],[-123.93903,44.106481],[-123.939071,44.106369],[-123.939093,44.106306],[-123.939217,44.105941],[-123.939225,44.105919],[-123.939225,44.105919],[-123.939225,44.105918],[-123.939229,44.105909],[-123.93924,44.10588],[-123.939252,44.105852],[-123.939265,44.105825],[-123.939283,44.105787],[-123.939297,44.10576],[-123.939312,44.105732],[-123.939327,44.105705],[-123.939343,44.105679],[-123.939373,44.105634],[-123.939388,44.105611],[-123.939405,44.105588],[-123.939425,44.105562],[-123.939455,44.105512],[-123.939471,44.105484],[-123.939486,44.105456],[-123.939501,44.105427],[-123.939521,44.105383],[-123.939532,44.105357],[-123.939542,44.105332],[-123.939551,44.105307],[-123.93956,44.105282],[-123.939569,44.105256],[-123.939576,44.10523],[-123.939695,44.104807],[-123.939706,44.104749],[-123.939712,44.104706],[-123.939719,44.104663],[-123.939723,44.10462],[-123.939729,44.104546],[-123.939731,44.104502],[-123.939732,44.104459],[-123.939731,44.104416],[-123.93973,44.104373],[-123.939726,44.104286],[-123.939721,44.104236],[-123.939716,44.104186],[-123.939707,44.104133],[-123.9397,44.1041],[-123.939693,44.104066],[-123.939684,44.104031],[-123.939675,44.103998],[-123.939665,44.103964],[-123.939654,44.103929],[-123.93964,44.103895],[-123.939631,44.103875],[-123.939621,44.103856],[-123.939611,44.103837],[-123.939601,44.103819],[-123.939591,44.1038],[-123.93958,44.103781],[-123.939568,44.103762],[-123.93955,44.103736],[-123.939538,44.10372],[-123.939526,44.103704],[-123.939514,44.103689],[-123.939501,44.103673],[-123.939488,44.103658],[-123.939475,44.103644],[-123.939462,44.103629],[-123.939447,44.103614],[-123.939432,44.103599],[-123.939417,44.103585],[-123.939399,44.103568],[-123.939383,44.103553],[-123.939368,44.103539],[-123.939351,44.103525],[-123.939333,44.103511],[-123.939316,44.103497],[-123.939297,44.103483],[-123.939279,44.10347],[-123.939262,44.103458],[-123.939243,44.103444],[-123.939225,44.103433],[-123.938238,44.10275],[-123.938231,44.102745],[-123.938227,44.102743],[-123.938227,44.102743],[-123.938224,44.102741],[-123.938221,44.102738],[-123.938217,44.102735],[-123.938213,44.102732],[-123.938211,44.10273],[-123.938208,44.102727],[-123.938202,44.102722],[-123.9382,44.10272],[-123.938194,44.102713],[-123.938192,44.102711],[-123.93819,44.102708],[-123.938184,44.102701],[-123.93818,44.102695],[-123.938177,44.102691],[-123.938177,44.10269],[-123.938174,44.102686],[-123.938173,44.102683],[-123.938171,44.102679],[-123.93817,44.102678],[-123.938169,44.102674],[-123.938167,44.102669],[-123.938166,44.102667],[-123.938165,44.102663],[-123.938164,44.102659],[-123.938162,44.102655],[-123.938161,44.102651],[-123.938161,44.102649],[-123.93816,44.102639],[-123.93816,44.102638],[-123.93816,44.102636],[-123.93816,44.102627],[-123.938161,44.102621],[-123.938161,44.102615],[-123.938161,44.102615],[-123.938161,44.102611],[-123.938162,44.10261],[-123.938163,44.102608],[-123.938164,44.102604],[-123.938166,44.102598],[-123.938167,44.102594],[-123.938168,44.102592],[-123.93817,44.102588],[-123.938171,44.102585],[-123.938173,44.102581],[-123.938176,44.102578],[-123.938177,44.102574],[-123.938182,44.102569],[-123.938184,44.102564],[-123.938189,44.102559],[-123.938189,44.102558],[-123.93819,44.102557],[-123.938193,44.102553],[-123.938198,44.102548],[-123.9382,44.102545],[-123.9382,44.102545],[-123.938204,44.102542],[-123.938207,44.102538],[-123.93821,44.102535],[-123.938212,44.102534],[-123.938216,44.102531],[-123.938221,44.102527],[-123.938224,44.102525],[-123.938225,44.102523],[-123.93823,44.10252],[-123.938233,44.102518],[-123.938236,44.102516],[-123.938239,44.102514],[-123.938242,44.102512],[-123.938247,44.102509],[-123.93825,44.102507],[-123.938258,44.102503],[-123.938262,44.102501],[-123.938266,44.102499],[-123.938269,44.102498],[-123.938273,44.102496],[-123.938278,44.102493],[-123.938282,44.102491],[-123.938284,44.102491],[-123.93829,44.102488],[-123.938296,44.102486],[-123.938301,44.102484],[-123.938307,44.102482],[-123.938312,44.10248],[-123.938315,44.102479],[-123.938317,44.102479],[-123.938325,44.102477],[-123.938328,44.102476],[-123.938331,44.102475],[-123.938337,44.102473],[-123.938342,44.102472],[-123.938346,44.102471],[-123.938351,44.10247],[-123.938354,44.10247],[-123.938358,44.102469],[-123.938365,44.102468],[-123.938377,44.102466],[-123.938398,44.102461],[-123.93841,44.102459],[-123.938422,44.102456],[-123.938434,44.102454],[-123.938445,44.102452],[-123.938456,44.102451],[-123.938468,44.102449],[-123.93848,44.102447],[-123.938491,44.102446],[-123.938503,44.102445],[-123.938514,44.102444],[-123.938526,44.102443],[-123.938538,44.102442],[-123.93855,44.102441],[-123.938561,44.102441],[-123.938574,44.102441],[-123.93859,44.10244],[-123.938769,44.102428],[-123.940302,44.102381],[-123.940302,44.102398],[-123.940878,44.102396],[-123.941034,44.102364],[-123.941126,44.102359],[-123.941216,44.102349],[-123.941306,44.102334],[-123.941393,44.102314],[-123.941479,44.102289],[-123.941561,44.10226],[-123.94164,44.102226],[-123.941715,44.102188],[-123.941786,44.102146],[-123.942139,44.101921],[-123.942389,44.101817],[-123.94264,44.10179],[-123.942955,44.101792],[-123.942983,44.101793],[-123.942983,44.101793],[-123.943041,44.101794],[-123.943098,44.101794],[-123.9431,44.101794],[-123.94312,44.101792],[-123.943138,44.10179],[-123.943158,44.101787],[-123.943177,44.101785],[-123.943197,44.101782],[-123.943217,44.10178],[-123.943236,44.101777],[-123.943255,44.101774],[-123.943274,44.101771],[-123.943295,44.101768],[-123.943313,44.101765],[-123.943331,44.101762],[-123.943351,44.101759],[-123.94337,44.101756],[-123.943389,44.101753],[-123.94341,44.101749],[-123.943428,44.101746],[-123.943447,44.101742],[-123.943466,44.101739],[-123.943485,44.101735],[-123.943504,44.101731],[-123.943523,44.101727],[-123.943542,44.101723],[-123.943562,44.101719],[-123.943581,44.101715],[-123.9436,44.10171],[-123.943617,44.101706],[-123.943636,44.101702],[-123.943656,44.101697],[-123.943674,44.101693],[-123.943693,44.101688],[-123.943711,44.101683],[-123.94373,44.101678],[-123.943749,44.101673],[-123.943768,44.101668],[-123.943787,44.101662],[-123.943805,44.101657],[-123.943824,44.101651],[-123.943842,44.101645],[-123.943861,44.101639],[-123.943878,44.101633],[-123.943896,44.101628],[-123.943914,44.101622],[-123.943932,44.101615],[-123.94395,44.101609],[-123.943968,44.101603],[-123.943985,44.101596],[-123.944003,44.10159],[-123.944021,44.101583],[-123.944039,44.101576],[-123.944073,44.101562],[-123.94409,44.101556],[-123.944107,44.101548],[-123.944126,44.10154],[-123.944142,44.101533],[-123.944159,44.101526],[-123.944177,44.101518],[-123.944192,44.101511],[-123.94421,44.101503],[-123.944227,44.101495],[-123.944243,44.101487],[-123.94426,44.101479],[-123.944276,44.101471],[-123.944294,44.101462],[-123.944309,44.101454],[-123.944323,44.101447],[-123.944341,44.101437],[-123.944357,44.101429],[-123.944372,44.10142],[-123.944387,44.101412],[-123.944402,44.101404],[-123.944418,44.101396],[-123.944434,44.101387],[-123.94445,44.101378],[-123.944463,44.101371],[-123.944479,44.101362],[-123.944496,44.101353],[-123.944511,44.101344],[-123.944526,44.101335],[-123.944541,44.101326],[-123.944556,44.101318],[-123.944571,44.101309],[-123.944586,44.1013],[-123.944603,44.101289],[-123.944617,44.101281],[-123.94463,44.101273],[-123.944645,44.101263],[-123.94466,44.101254],[-123.944674,44.101245],[-123.944687,44.101237],[-123.944702,44.101228],[-123.944719,44.101218],[-123.944733,44.101209],[-123.944746,44.101201],[-123.944762,44.101192],[-123.944776,44.101183],[-123.944791,44.101173],[-123.944805,44.101164],[-123.944819,44.101155],[-123.944833,44.101146],[-123.944846,44.101138],[-123.944862,44.101128],[-123.944876,44.101119],[-123.94489,44.101111],[-123.944905,44.101101],[-123.944919,44.101093],[-123.944933,44.101084],[-123.944949,44.101074],[-123.944963,44.101065],[-123.944976,44.101057],[-123.944991,44.101048],[-123.945005,44.101039],[-123.945019,44.101031],[-123.945033,44.101022],[-123.945048,44.101013],[-123.945062,44.101005],[-123.945079,44.100995],[-123.945092,44.100986],[-123.945105,44.100979],[-123.94512,44.10097],[-123.945134,44.100961],[-123.945149,44.100953],[-123.945164,44.100944],[-123.945177,44.100937],[-123.945192,44.100928],[-123.945208,44.100919],[-123.945223,44.10091],[-123.945238,44.100902],[-123.945253,44.100893],[-123.945267,44.100885],[-123.945282,44.100877],[-123.945298,44.100868],[-123.945312,44.100859],[-123.945327,44.100851],[-123.945342,44.100842],[-123.945355,44.100835],[-123.945372,44.100826],[-123.945388,44.100816],[-123.945402,44.100808],[-123.945417,44.100799],[-123.945432,44.100791],[-123.945446,44.100782],[-123.94546,44.100775],[-123.945476,44.100766],[-123.945492,44.100757],[-123.945507,44.100748],[-123.945521,44.10074],[-123.945536,44.100731],[-123.945549,44.100724],[-123.945565,44.100715],[-123.945581,44.100706],[-123.945596,44.100697],[-123.945611,44.100688],[-123.945626,44.10068],[-123.945639,44.100672],[-123.945655,44.100664],[-123.94567,44.100655],[-123.945685,44.100646],[-123.9457,44.100638],[-123.945715,44.100629],[-123.945728,44.100621],[-123.945744,44.100612],[-123.94576,44.100603],[-123.945775,44.100595],[-123.94579,44.100586],[-123.945804,44.100578],[-123.945818,44.10057],[-123.945833,44.100561],[-123.945849,44.100552],[-123.945864,44.100543],[-123.945879,44.100535],[-123.945893,44.100527],[-123.945907,44.100519],[-123.945923,44.10051],[-123.945939,44.100501],[-123.945954,44.100493],[-123.945968,44.100484],[-123.945984,44.100475],[-123.945998,44.100467],[-123.946012,44.100459],[-123.946027,44.10045],[-123.946043,44.100441],[-123.946058,44.100433],[-123.946072,44.100424],[-123.946087,44.100416],[-123.946101,44.100408],[-123.946117,44.100399],[-123.946133,44.10039],[-123.946147,44.100382],[-123.946162,44.100373],[-123.946177,44.100365],[-123.946191,44.100357],[-123.946206,44.100348],[-123.946222,44.100339],[-123.946237,44.10033],[-123.946251,44.100322],[-123.946266,44.100313],[-123.946279,44.100306],[-123.946295,44.100297],[-123.946311,44.100288],[-123.946326,44.100279],[-123.946341,44.100271],[-123.946356,44.100262],[-123.946369,44.100254],[-123.946385,44.100246],[-123.946401,44.100237],[-123.946416,44.100228],[-123.94643,44.10022],[-123.946445,44.100211],[-123.946459,44.100203],[-123.946475,44.100195],[-123.94649,44.100185],[-123.946505,44.100177],[-123.94652,44.100168],[-123.946535,44.10016],[-123.946549,44.100151],[-123.946563,44.100144],[-123.946579,44.100135],[-123.946595,44.100126],[-123.94661,44.100117],[-123.946624,44.100109],[-123.946639,44.1001],[-123.946652,44.100093],[-123.946668,44.100084],[-123.946684,44.100075],[-123.946699,44.100066],[-123.946714,44.100057],[-123.946729,44.100049],[-123.946742,44.100041],[-123.946758,44.100033],[-123.946773,44.100023],[-123.946788,44.100015],[-123.946803,44.100006],[-123.946818,44.099998],[-123.946831,44.09999],[-123.946847,44.099981],[-123.946863,44.099972],[-123.946878,44.099964],[-123.946893,44.099955],[-123.946901,44.09995],[-123.946907,44.099947],[-123.946921,44.099939],[-123.946937,44.09993],[-123.946953,44.099921],[-123.946968,44.099912],[-123.946984,44.099902],[-123.946999,44.099893],[-123.947012,44.099885],[-123.947027,44.099876],[-123.947042,44.099867],[-123.947059,44.099857],[-123.947072,44.099848],[-123.947085,44.09984],[-123.947101,44.09983],[-123.947116,44.099821],[-123.947131,44.099812],[-123.947145,44.099803],[-123.947159,44.099794],[-123.947173,44.099784],[-123.947188,44.099775],[-123.947203,44.099765],[-123.947216,44.099756],[-123.947231,44.099747],[-123.947246,44.099737],[-123.94726,44.099727],[-123.947274,44.099718],[-123.947288,44.099708],[-123.947302,44.099699],[-123.947316,44.099689],[-123.947329,44.09968],[-123.947343,44.09967],[-123.947357,44.09966],[-123.947372,44.09965],[-123.947385,44.099641],[-123.9474,44.09963],[-123.947414,44.09962],[-123.947425,44.099612],[-123.947441,44.099601],[-123.947454,44.09959],[-123.947468,44.099581],[-123.94748,44.099571],[-123.947494,44.099561],[-123.947508,44.09955],[-123.947522,44.09954],[-123.947536,44.09953],[-123.947549,44.099519],[-123.947561,44.099509],[-123.947574,44.099499],[-123.947587,44.099489],[-123.9476,44.099478],[-123.947613,44.099468],[-123.947626,44.099458],[-123.947639,44.099447],[-123.947652,44.099437],[-123.947665,44.099426],[-123.947678,44.099415],[-123.947691,44.099404],[-123.947703,44.099394],[-123.947715,44.099384],[-123.947728,44.099372],[-123.947741,44.099361],[-123.947754,44.099349],[-123.947768,44.099337],[-123.947779,44.099326],[-123.947789,44.099316],[-123.947802,44.099304],[-123.947814,44.099292],[-123.947825,44.099281],[-123.947836,44.09927],[-123.947848,44.099259],[-123.94786,44.099246],[-123.947871,44.099235],[-123.947882,44.099223],[-123.947893,44.099212],[-123.947906,44.099198],[-123.947915,44.099187],[-123.947925,44.099177],[-123.947937,44.099164],[-123.947948,44.099151],[-123.947957,44.09914],[-123.947967,44.099129],[-123.947979,44.099115],[-123.947991,44.099101],[-123.948001,44.099087],[-123.94801,44.099075],[-123.948018,44.099063],[-123.948027,44.099051],[-123.948037,44.099037],[-123.948045,44.099025],[-123.948055,44.099011],[-123.948058,44.099006],[-123.948063,44.098998],[-123.948071,44.098985],[-123.948079,44.098973],[-123.948087,44.09896],[-123.948096,44.098945],[-123.948103,44.098933],[-123.948111,44.09892],[-123.948119,44.098905],[-123.948126,44.098893],[-123.948133,44.09888],[-123.948139,44.098868],[-123.948147,44.098856],[-123.948154,44.098842],[-123.94816,44.098831],[-123.948168,44.098818],[-123.948176,44.098804],[-123.948183,44.098791],[-123.948189,44.098779],[-123.948197,44.098767],[-123.948204,44.098753],[-123.94821,44.098742],[-123.948218,44.098729],[-123.948226,44.098715],[-123.948232,44.098703],[-123.94824,44.098691],[-123.948248,44.098677],[-123.948253,44.098666],[-123.948261,44.098654],[-123.948269,44.09864],[-123.948271,44.098636],[-123.948275,44.09863],[-123.948284,44.098616],[-123.948291,44.098602],[-123.948298,44.098592],[-123.948306,44.09858],[-123.948314,44.098565],[-123.948321,44.098553],[-123.948328,44.098542],[-123.948336,44.09853],[-123.948344,44.098517],[-123.948351,44.098506],[-123.948359,44.098494],[-123.948368,44.09848],[-123.948376,44.098468],[-123.948384,44.098455],[-123.948391,44.098444],[-123.948399,44.098432],[-123.948409,44.098418],[-123.948415,44.098407],[-123.948424,44.098395],[-123.948433,44.098381],[-123.94844,44.09837],[-123.948448,44.098358],[-123.948457,44.098344],[-123.948464,44.098333],[-123.948473,44.098321],[-123.948481,44.098309],[-123.948486,44.098302],[-123.948486,44.098298],[-123.948488,44.098264],[-123.948255,44.098266],[-123.94825,44.098275],[-123.948243,44.098286],[-123.948234,44.098299],[-123.948225,44.098312],[-123.948219,44.098322],[-123.948209,44.098336],[-123.948201,44.09835],[-123.948194,44.09836],[-123.948185,44.098373],[-123.948176,44.098387],[-123.948168,44.098399],[-123.94816,44.098412],[-123.948154,44.098422],[-123.948144,44.098435],[-123.948136,44.098449],[-123.948128,44.098462],[-123.94812,44.098474],[-123.948111,44.098488],[-123.948104,44.098501],[-123.948097,44.098512],[-123.948089,44.098524],[-123.94808,44.098539],[-123.948074,44.098551],[-123.948067,44.098562],[-123.948058,44.098577],[-123.948051,44.098589],[-123.948043,44.098602],[-123.948035,44.098617],[-123.948029,44.098628],[-123.948021,44.09864],[-123.948021,44.098641],[-123.948014,44.098655],[-123.948008,44.098665],[-123.948,44.098678],[-123.947992,44.098693],[-123.947986,44.098704],[-123.947978,44.098717],[-123.94797,44.098731],[-123.947963,44.098744],[-123.947958,44.098754],[-123.94795,44.098767],[-123.947942,44.098782],[-123.947935,44.098793],[-123.947928,44.098806],[-123.94792,44.09882],[-123.947913,44.098833],[-123.947906,44.098845],[-123.947901,44.098856],[-123.947893,44.098869],[-123.947886,44.098882],[-123.947879,44.098892],[-123.947871,44.098905],[-123.947864,44.098917],[-123.947856,44.098929],[-123.947849,44.09894],[-123.947841,44.098952],[-123.947833,44.098964],[-123.947825,44.098975],[-123.947816,44.098987],[-123.947807,44.098999],[-123.947799,44.099011],[-123.947795,44.099016],[-123.947791,44.099021],[-123.947783,44.09903],[-123.947775,44.09904],[-123.947764,44.099052],[-123.947753,44.099065],[-123.947745,44.099075],[-123.947735,44.099085],[-123.947723,44.099098],[-123.947713,44.099109],[-123.947705,44.099119],[-123.947694,44.09913],[-123.947683,44.099141],[-123.947673,44.099152],[-123.947663,44.099162],[-123.947652,44.099173],[-123.947641,44.099184],[-123.947629,44.099195],[-123.947619,44.099206],[-123.947609,44.099215],[-123.947595,44.099228],[-123.947585,44.099238],[-123.947574,44.099248],[-123.947564,44.099257],[-123.947552,44.099267],[-123.947541,44.099277],[-123.947528,44.099288],[-123.947516,44.099298],[-123.947504,44.099308],[-123.947493,44.099318],[-123.947481,44.099328],[-123.947468,44.099338],[-123.947456,44.099348],[-123.947443,44.099358],[-123.94743,44.099368],[-123.947418,44.099378],[-123.947405,44.099388],[-123.947393,44.099398],[-123.94738,44.099408],[-123.947367,44.099418],[-123.947356,44.099427],[-123.947342,44.099437],[-123.94733,44.099447],[-123.947317,44.099456],[-123.947304,44.099466],[-123.94729,44.099476],[-123.947278,44.099485],[-123.947266,44.099494],[-123.94725,44.099505],[-123.947238,44.099514],[-123.947226,44.099523],[-123.947212,44.099533],[-123.947198,44.099542],[-123.947185,44.099551],[-123.947171,44.099561],[-123.947158,44.09957],[-123.947144,44.09958],[-123.947131,44.099589],[-123.947117,44.099598],[-123.947103,44.099607],[-123.94709,44.099617],[-123.947077,44.099625],[-123.947063,44.099634],[-123.947048,44.099644],[-123.947036,44.099652],[-123.947021,44.099661],[-123.947007,44.099671],[-123.946993,44.09968],[-123.946979,44.099689],[-123.946965,44.099698],[-123.946951,44.099706],[-123.946938,44.099714],[-123.946922,44.099724],[-123.946908,44.099733],[-123.946895,44.099741],[-123.946881,44.09975],[-123.946866,44.099758],[-123.94685,44.099768],[-123.946837,44.099777],[-123.946824,44.099784],[-123.946809,44.099793],[-123.946795,44.099801],[-123.94678,44.099809],[-123.946765,44.099818],[-123.94675,44.099827],[-123.946735,44.099835],[-123.94672,44.099844],[-123.946707,44.099852],[-123.946691,44.09986],[-123.946675,44.099869],[-123.94666,44.099878],[-123.946646,44.099886],[-123.946631,44.099895],[-123.946617,44.099903],[-123.946601,44.099911],[-123.946585,44.099921],[-123.946571,44.099929],[-123.946556,44.099938],[-123.946541,44.099946],[-123.946528,44.099954],[-123.946512,44.099962],[-123.946496,44.099972],[-123.946481,44.09998],[-123.946475,44.099984],[-123.946466,44.099989],[-123.946451,44.099998],[-123.946438,44.100005],[-123.946423,44.100014],[-123.946407,44.100023],[-123.946392,44.100031],[-123.946377,44.10004],[-123.946363,44.100048],[-123.946348,44.100057],[-123.946334,44.100065],[-123.946318,44.100074],[-123.946302,44.100083],[-123.946288,44.100091],[-123.946273,44.1001],[-123.946258,44.100108],[-123.946244,44.100116],[-123.946229,44.100125],[-123.946213,44.100134],[-123.946198,44.100143],[-123.946184,44.100151],[-123.946169,44.100159],[-123.946156,44.100167],[-123.94614,44.100176],[-123.946123,44.100185],[-123.946109,44.100193],[-123.946094,44.100202],[-123.946079,44.100211],[-123.946065,44.100218],[-123.94605,44.100227],[-123.946034,44.100236],[-123.946019,44.100245],[-123.946005,44.100253],[-123.94599,44.100262],[-123.945976,44.100269],[-123.94596,44.100278],[-123.945945,44.100287],[-123.94593,44.100296],[-123.945915,44.100304],[-123.9459,44.100313],[-123.945887,44.100321],[-123.945871,44.100329],[-123.945855,44.100339],[-123.94584,44.100347],[-123.945826,44.100356],[-123.945811,44.100364],[-123.945796,44.100373],[-123.945783,44.10038],[-123.945767,44.100389],[-123.945751,44.100398],[-123.945736,44.100407],[-123.945721,44.100415],[-123.945707,44.100424],[-123.945693,44.100432],[-123.945677,44.10044],[-123.945662,44.100449],[-123.945647,44.100458],[-123.945632,44.100466],[-123.945617,44.100475],[-123.945604,44.100483],[-123.945588,44.100491],[-123.945572,44.100501],[-123.945557,44.100509],[-123.945542,44.100517],[-123.945528,44.100526],[-123.945514,44.100534],[-123.945498,44.100542],[-123.945482,44.100552],[-123.945467,44.10056],[-123.945453,44.100569],[-123.945438,44.100577],[-123.945425,44.100585],[-123.945409,44.100593],[-123.945393,44.100603],[-123.945378,44.100611],[-123.945363,44.10062],[-123.945348,44.100629],[-123.945335,44.100636],[-123.945319,44.100645],[-123.945304,44.100654],[-123.945289,44.100662],[-123.945274,44.100671],[-123.945259,44.100679],[-123.945244,44.100688],[-123.945231,44.100696],[-123.945216,44.100704],[-123.945199,44.100714],[-123.945185,44.100722],[-123.94517,44.100731],[-123.945155,44.100739],[-123.945141,44.100747],[-123.945125,44.100756],[-123.94511,44.100765],[-123.945095,44.100773],[-123.945081,44.100782],[-123.945066,44.10079],[-123.945053,44.100798],[-123.945036,44.100807],[-123.94502,44.100817],[-123.945005,44.100825],[-123.94499,44.100834],[-123.944975,44.100843],[-123.944961,44.100851],[-123.944944,44.100861],[-123.94493,44.10087],[-123.944917,44.100878],[-123.944902,44.100887],[-123.944887,44.100896],[-123.944872,44.100904],[-123.944857,44.100914],[-123.944842,44.100923],[-123.944828,44.100932],[-123.944812,44.100942],[-123.944798,44.100951],[-123.944785,44.100958],[-123.94477,44.100968],[-123.944755,44.100977],[-123.944742,44.100986],[-123.944725,44.100996],[-123.944712,44.101004],[-123.944699,44.101012],[-123.944682,44.101023],[-123.944668,44.101032],[-123.944653,44.101041],[-123.94464,44.10105],[-123.944626,44.101058],[-123.944612,44.101067],[-123.944599,44.101076],[-123.944582,44.101085],[-123.944569,44.101094],[-123.944556,44.101102],[-123.944541,44.101111],[-123.944525,44.10112],[-123.944511,44.101129],[-123.944497,44.101138],[-123.944483,44.101147],[-123.944466,44.101157],[-123.944453,44.101166],[-123.94444,44.101173],[-123.944426,44.101181],[-123.944411,44.10119],[-123.944397,44.101199],[-123.944382,44.101207],[-123.944368,44.101216],[-123.944354,44.101224],[-123.944341,44.101231],[-123.944325,44.10124],[-123.944309,44.101249],[-123.944295,44.101256],[-123.94428,44.101264],[-123.944266,44.101272],[-123.94425,44.101281],[-123.944235,44.101289],[-123.944219,44.101297],[-123.944205,44.101305],[-123.944191,44.101312],[-123.944174,44.101321],[-123.94416,44.101328],[-123.944146,44.101336],[-123.944131,44.101343],[-123.944116,44.10135],[-123.944101,44.101358],[-123.944086,44.101365],[-123.94407,44.101372],[-123.944054,44.101379],[-123.94404,44.101385],[-123.944024,44.101393],[-123.944009,44.101399],[-123.943994,44.101406],[-123.943978,44.101412],[-123.943961,44.101419],[-123.943945,44.101425],[-123.94393,44.101432],[-123.943919,44.101436],[-123.943357,44.101463],[-123.942983,44.101491],[-123.942491,44.101436],[-123.942215,44.101483],[-123.942041,44.101763],[-123.941635,44.102023],[-123.94157,44.102061],[-123.941501,44.102095],[-123.941427,44.102125],[-123.941351,44.102149],[-123.941272,44.102169],[-123.941191,44.102185],[-123.941109,44.102195],[-123.941025,44.1022],[-123.940868,44.10219],[-123.940292,44.102206],[-123.940292,44.102216],[-123.93875,44.102264],[-123.938576,44.102276],[-123.938566,44.102276],[-123.93855,44.102277],[-123.938535,44.102277],[-123.938518,44.102278],[-123.938503,44.102279],[-123.938487,44.10228],[-123.938472,44.102282],[-123.938456,44.102283],[-123.93844,44.102285],[-123.938425,44.102287],[-123.938409,44.102289],[-123.938394,44.102292],[-123.938379,44.102295],[-123.938364,44.102297],[-123.938349,44.1023],[-123.938333,44.102303],[-123.938316,44.102307],[-123.938315,44.102307],[-123.938309,44.102308],[-123.9383,44.10231],[-123.93829,44.102312],[-123.938281,44.102314],[-123.938274,44.102315],[-123.938266,44.102317],[-123.938259,44.102319],[-123.938249,44.102321],[-123.93824,44.102324],[-123.938235,44.102325],[-123.938224,44.102328],[-123.938216,44.102331],[-123.938208,44.102334],[-123.938203,44.102335],[-123.938195,44.102338],[-123.938183,44.102343],[-123.938178,44.102345],[-123.938172,44.102347],[-123.938162,44.102351],[-123.938155,44.102354],[-123.938149,44.102357],[-123.938142,44.10236],[-123.938134,44.102364],[-123.938127,44.102368],[-123.93812,44.102372],[-123.938109,44.102378],[-123.938103,44.102382],[-123.938098,44.102384],[-123.938092,44.102388],[-123.938086,44.102392],[-123.938081,44.102395],[-123.93807,44.102402],[-123.938067,44.102405],[-123.938062,44.102408],[-123.938056,44.102413],[-123.93805,44.102417],[-123.938048,44.102419],[-123.938042,44.102423],[-123.938033,44.102431],[-123.93803,44.102435],[-123.938025,44.102439],[-123.938022,44.102442],[-123.938018,44.102446],[-123.938013,44.102451],[-123.938004,44.10246],[-123.938001,44.102464],[-123.937999,44.102466],[-123.937996,44.10247],[-123.93799,44.102476],[-123.937985,44.102483],[-123.937982,44.102488],[-123.937975,44.102497],[-123.937974,44.102499],[-123.937968,44.102508],[-123.937967,44.10251],[-123.937964,44.102514],[-123.937959,44.102524],[-123.937956,44.102529],[-123.937955,44.102533],[-123.937953,44.102536],[-123.937951,44.10254],[-123.937949,44.102544],[-123.937948,44.102548],[-123.937942,44.102559],[-123.937942,44.102564],[-123.937941,44.102565],[-123.93794,44.102569],[-123.937937,44.102575],[-123.937936,44.102585],[-123.937935,44.102588],[-123.937935,44.102592],[-123.937934,44.102596],[-123.937932,44.102609],[-123.937932,44.102611],[-123.937931,44.102621],[-123.937931,44.102625],[-123.93793,44.102629],[-123.937931,44.102645],[-123.937932,44.102657],[-123.937933,44.102662],[-123.937933,44.102668],[-123.937936,44.10268],[-123.937938,44.102684],[-123.937939,44.102688],[-123.93794,44.102692],[-123.937941,44.102696],[-123.937942,44.102701],[-123.937943,44.102705],[-123.937947,44.102717],[-123.937948,44.102718],[-123.937949,44.102722],[-123.937955,44.102734],[-123.937957,44.102738],[-123.93796,44.102742],[-123.937962,44.102747],[-123.937964,44.10275],[-123.937966,44.102754],[-123.937972,44.102765],[-123.937975,44.102769],[-123.937976,44.102771],[-123.937986,44.102784],[-123.937987,44.102786],[-123.937995,44.102796],[-123.938004,44.102806],[-123.938007,44.102808],[-123.93801,44.102811],[-123.938016,44.102819],[-123.938027,44.102828],[-123.938031,44.102832],[-123.938039,44.102839],[-123.938044,44.102843],[-123.938049,44.102846],[-123.938053,44.102849],[-123.938057,44.102853],[-123.938063,44.102857],[-123.93807,44.102863],[-123.938076,44.102866],[-123.938079,44.102869],[-123.939069,44.103553],[-123.939087,44.103565],[-123.939102,44.103575],[-123.939118,44.103587],[-123.939134,44.103598],[-123.939149,44.103609],[-123.939163,44.103621],[-123.939178,44.103632],[-123.939191,44.103644],[-123.939206,44.103657],[-123.93922,44.103669],[-123.939236,44.103685],[-123.939249,44.103697],[-123.939261,44.103709],[-123.939272,44.10372],[-123.939283,44.103733],[-123.939295,44.103746],[-123.939306,44.103759],[-123.939316,44.103771],[-123.939327,44.103785],[-123.939337,44.103798],[-123.939346,44.103811],[-123.939361,44.103832],[-123.93937,44.103847],[-123.93938,44.103863],[-123.939389,44.103879],[-123.939398,44.103897],[-123.939407,44.103913],[-123.939415,44.103929],[-123.939423,44.103946],[-123.939433,44.103971],[-123.939442,44.104],[-123.939451,44.104031],[-123.93946,44.104062],[-123.939468,44.104093],[-123.939474,44.104124],[-123.93948,44.104155],[-123.939489,44.104202],[-123.939493,44.104248],[-123.939497,44.104294],[-123.939501,44.104378],[-123.939503,44.104418],[-123.939503,44.104459],[-123.939503,44.104498],[-123.9395,44.104538],[-123.939495,44.104609],[-123.939491,44.104648],[-123.939485,44.104689],[-123.939479,44.104729],[-123.93947,44.104779],[-123.939351,44.105199],[-123.939345,44.105221],[-123.939338,44.105243],[-123.93933,44.105266],[-123.939321,44.105289],[-123.939313,44.105311],[-123.939304,44.105333],[-123.939285,44.105373],[-123.939272,44.105398],[-123.939259,44.105423],[-123.939245,44.105448],[-123.939219,44.10549],[-123.939203,44.105511],[-123.939185,44.105537],[-123.939167,44.105562],[-123.939135,44.10561],[-123.939117,44.105641],[-123.939099,44.105671],[-123.939083,44.105702],[-123.939068,44.105732],[-123.939048,44.105772],[-123.939034,44.105803],[-123.939021,44.105834],[-123.939009,44.105865],[-123.938996,44.105899],[-123.93899,44.105916],[-123.93899,44.105917],[-123.93899,44.105917],[-123.938871,44.106266],[-123.93885,44.106328],[-123.93881,44.106437],[-123.938784,44.106501],[-123.93874,44.106601],[-123.938729,44.106628],[-123.938717,44.106653],[-123.938705,44.106678],[-123.938693,44.106704],[-123.93868,44.106728],[-123.938664,44.106757],[-123.938656,44.106772],[-123.938648,44.106786],[-123.938639,44.106801],[-123.938632,44.106814],[-123.938622,44.106827],[-123.938613,44.106842],[-123.938603,44.106855],[-123.938593,44.106869],[-123.938584,44.106881],[-123.938571,44.106897],[-123.93852,44.10695],[-123.938468,44.107003],[-123.938451,44.10702],[-123.938432,44.107039],[-123.938414,44.107057],[-123.938396,44.107076],[-123.938362,44.107113],[-123.938346,44.107133],[-123.938331,44.107151],[-123.938315,44.10717],[-123.938301,44.10719],[-123.938287,44.10721],[-123.938273,44.107229],[-123.938265,44.107242],[-123.938263,44.107245],[-123.938261,44.107248],[-123.93826,44.107249],[-123.938248,44.107268],[-123.938235,44.107289],[-123.938216,44.107323],[-123.938202,44.107351],[-123.938189,44.107379],[-123.938177,44.107406],[-123.938166,44.107433],[-123.938156,44.10746],[-123.938145,44.107488],[-123.938131,44.107534],[-123.938122,44.107561],[-123.938115,44.10759],[-123.938108,44.107618],[-123.938098,44.107664],[-123.937948,44.108472],[-123.937932,44.108545],[-123.937914,44.108618],[-123.937876,44.10875],[-123.937804,44.108972],[-123.937796,44.108993],[-123.937789,44.109014],[-123.937783,44.109032],[-123.937774,44.109052],[-123.937766,44.109072],[-123.937758,44.10909],[-123.937738,44.109129],[-123.937732,44.109142],[-123.937725,44.109155],[-123.937719,44.109168],[-123.937712,44.10918],[-123.937704,44.109193],[-123.937698,44.109205],[-123.93769,44.109216],[-123.937682,44.109228],[-123.937674,44.10924],[-123.937664,44.109252],[-123.937655,44.109265],[-123.937647,44.109276],[-123.937637,44.109287],[-123.937628,44.109298],[-123.937619,44.109308],[-123.937594,44.10933],[-123.937566,44.109356],[-123.937511,44.109409],[-123.937498,44.109422],[-123.937484,44.109436],[-123.93747,44.10945],[-123.937456,44.109465],[-123.937443,44.109479],[-123.937419,44.109507],[-123.937387,44.109552],[-123.937332,44.109635],[-123.937305,44.109679],[-123.937278,44.109722],[-123.937246,44.10978],[-123.936924,44.110247],[-123.936893,44.110287],[-123.93686,44.110331],[-123.936827,44.110375],[-123.936798,44.11042],[-123.936768,44.110464],[-123.936737,44.110515],[-123.936405,44.111067],[-123.936382,44.111103],[-123.936361,44.111141],[-123.936339,44.111178],[-123.936319,44.111217],[-123.936293,44.111268],[-123.936281,44.111293],[-123.936268,44.111319],[-123.936257,44.111346],[-123.936246,44.111372],[-123.936236,44.111397],[-123.936219,44.111443],[-123.936211,44.111467],[-123.936205,44.111491],[-123.936198,44.111514],[-123.936192,44.111539],[-123.936183,44.111578],[-123.936175,44.111632],[-123.936168,44.111684],[-123.936164,44.111712],[-123.936158,44.111741],[-123.936153,44.111771],[-123.936147,44.111799],[-123.936133,44.11185],[-123.936106,44.111939],[-123.936089,44.111987],[-123.936067,44.11205],[-123.936051,44.112101],[-123.936031,44.112173],[-123.935962,44.112447],[-123.935952,44.112482],[-123.935939,44.112541],[-123.935932,44.112578],[-123.935922,44.112642],[-123.935917,44.112692],[-123.935912,44.112742],[-123.935911,44.11276],[-123.93591,44.112775],[-123.935907,44.112791],[-123.935905,44.112809],[-123.935902,44.112825],[-123.935898,44.112841],[-123.935894,44.112863],[-123.935891,44.112878],[-123.935887,44.112891],[-123.935881,44.112908],[-123.935877,44.112924],[-123.935871,44.11294],[-123.935865,44.112956],[-123.935859,44.112971],[-123.935839,44.11301],[-123.935839,44.113011]]]}},{"type":"Feature","properties":{"MAPTAXLOT":"1710070000100","MAPNUMBER":"17100700","TAXLOT":"100","ACCTNO":"0532067","MAPACRES":355.61916063},"geometry":{"type":"MultiPolygon","coordinates":[[[[-123.929278,44.112923],[-123.935839,44.113011],[-123.935839,44.11301],[-123.935859,44.112971],[-123.935865,44.112956],[-123.935871,44.11294],[-123.935877,44.112924],[-123.935881,44.112908],[-123.935887,44.112891],[-123.935891,44.112878],[-123.935894,44.112863],[-123.935898,44.112841],[-123.935902,44.112825],[-123.935905,44.112809],[-123.935907,44.112791],[-123.93591,44.112775],[-123.935911,44.11276],[-123.935912,44.112742],[-123.935917,44.112692],[-123.935922,44.112642],[-123.935932,44.112578],[-123.935939,44.112541],[-123.935952,44.112482],[-123.935962,44.112447],[-123.936031,44.112173],[-123.936051,44.112101],[-123.936067,44.11205],[-123.936089,44.111987],[-123.936106,44.111939],[-123.936133,44.11185],[-123.936147,44.111799],[-123.936153,44.111771],[-123.936158,44.111741],[-123.936164,44.111712],[-123.936168,44.111684],[-123.936175,44.111632],[-123.936183,44.111578],[-123.936192,44.111539],[-123.936198,44.111514],[-123.936205,44.111491],[-123.936211,44.111467],[-123.936219,44.111443],[-123.936236,44.111397],[-123.936246,44.111372],[-123.936257,44.111346],[-123.936268,44.111319],[-123.936281,44.111293],[-123.936293,44.111268],[-123.936319,44.111217],[-123.936339,44.111178],[-123.936361,44.111141],[-123.936382,44.111103],[-123.936405,44.111067],[-123.936737,44.110515],[-123.936768,44.110464],[-123.936798,44.11042],[-123.936827,44.110375],[-123.93686,44.110331],[-123.936893,44.110287],[-123.936924,44.110247],[-123.937246,44.10978],[-123.937278,44.109722],[-123.937305,44.109679],[-123.937332,44.109635],[-123.937387,44.109552],[-123.937419,44.109507],[-123.937443,44.109479],[-123.937456,44.109465],[-123.93747,44.10945],[-123.937484,44.109436],[-123.937498,44.109422],[-123.937511,44.109409],[-123.937566,44.109356],[-123.937594,44.10933],[-123.937619,44.109308],[-123.937628,44.109298],[-123.937637,44.109287],[-123.937647,44.109276],[-123.937655,44.109265],[-123.937664,44.109252],[-123.937674,44.10924],[-123.937682,44.109228],[-123.93769,44.109216],[-123.937698,44.109205],[-123.937704,44.109193],[-123.937712,44.10918],[-123.937719,44.109168],[-123.937725,44.109155],[-123.937732,44.109142],[-123.937738,44.109129],[-123.937758,44.10909],[-123.937766,44.109072],[-123.937774,44.109052],[-123.937783,44.109032],[-123.937789,44.109014],[-123.937796,44.108993],[-123.937804,44.108972],[-123.937876,44.10875],[-123.937914,44.108618],[-123.937932,44.108545],[-123.937948,44.108472],[-123.938098,44.107664],[-123.938108,44.107618],[-123.938115,44.10759],[-123.938122,44.107561],[-123.938131,44.107534],[-123.938145,44.107488],[-123.938156,44.10746],[-123.938166,44.107433],[-123.938177,44.107406],[-123.938189,44.107379],[-123.938202,44.107351],[-123.938216,44.107323],[-123.938235,44.107289],[-123.938248,44.107268],[-123.93826,44.107249],[-123.938261,44.107248],[-123.938263,44.107245],[-123.938217,44.10591],[-123.93899,44.105917],[-123.93899,44.105916],[-123.938996,44.105899],[-123.939009,44.105865],[-123.939021,44.105834],[-123.939034,44.105803],[-123.939048,44.105772],[-123.939068,44.105732],[-123.939083,44.105702],[-123.939099,44.105671],[-123.939117,44.105641],[-123.939135,44.10561],[-123.939167,44.105562],[-123.939185,44.105537],[-123.939203,44.105511],[-123.939219,44.10549],[-123.939245,44.105448],[-123.939259,44.105423],[-123.939272,44.105398],[-123.939285,44.105373],[-123.939304,44.105333],[-123.939313,44.105311],[-123.939321,44.105289],[-123.93933,44.105266],[-123.939338,44.105243],[-123.939345,44.105221],[-123.939351,44.105199],[-123.93947,44.104779],[-123.939479,44.104729],[-123.939485,44.104689],[-123.939491,44.104648],[-123.939495,44.104609],[-123.9395,44.104538],[-123.939503,44.104498],[-123.939503,44.104459],[-123.939503,44.104418],[-123.939501,44.104378],[-123.939497,44.104294],[-123.939493,44.104248],[-123.939489,44.104202],[-123.93948,44.104155],[-123.939474,44.104124],[-123.939468,44.104093],[-123.93946,44.104062],[-123.939451,44.104031],[-123.939442,44.104],[-123.939433,44.103971],[-123.939423,44.103946],[-123.939415,44.103929],[-123.939407,44.103913],[-123.939398,44.103897],[-123.939389,44.103879],[-123.93938,44.103863],[-123.93937,44.103847],[-123.939361,44.103832],[-123.939346,44.103811],[-123.939337,44.103798],[-123.939327,44.103785],[-123.939316,44.103771],[-123.939306,44.103759],[-123.939295,44.103746],[-123.939283,44.103733],[-123.939272,44.10372],[-123.939261,44.103709],[-123.939249,44.103697],[-123.939236,44.103685],[-123.93922,44.103669],[-123.939206,44.103657],[-123.939191,44.103644],[-123.939178,44.103632],[-123.939163,44.103621],[-123.939149,44.103609],[-123.939134,44.103598],[-123.939118,44.103587],[-123.939102,44.103575],[-123.939087,44.103565],[-123.939069,44.103553],[-123.938079,44.102869],[-123.938076,44.102866],[-123.93807,44.102863],[-123.938063,44.102857],[-123.938057,44.102853],[-123.938053,44.102849],[-123.938049,44.102846],[-123.938044,44.102843],[-123.938039,44.102839],[-123.938031,44.102832],[-123.938027,44.102828],[-123.938016,44.102819],[-123.93801,44.102811],[-123.938007,44.102808],[-123.938004,44.102806],[-123.937995,44.102796],[-123.937987,44.102786],[-123.937986,44.102784],[-123.937976,44.102771],[-123.937975,44.102769],[-123.937972,44.102765],[-123.937966,44.102754],[-123.937964,44.10275],[-123.937962,44.102747],[-123.93796,44.102742],[-123.937957,44.102738],[-123.937955,44.102734],[-123.937949,44.102722],[-123.937948,44.102718],[-123.937947,44.102717],[-123.937943,44.102705],[-123.937942,44.102701],[-123.937941,44.102696],[-123.93794,44.102692],[-123.937939,44.102688],[-123.937938,44.102684],[-123.937936,44.10268],[-123.937933,44.102668],[-123.937933,44.102662],[-123.937932,44.102657],[-123.937931,44.102645],[-123.93793,44.102629],[-123.937931,44.102625],[-123.937931,44.102621],[-123.937932,44.102611],[-123.937932,44.102609],[-123.937934,44.102596],[-123.937935,44.102592],[-123.937935,44.102588],[-123.937936,44.102585],[-123.937937,44.102575],[-123.93794,44.102569],[-123.937941,44.102565],[-123.937942,44.102564],[-123.937942,44.102559],[-123.937948,44.102548],[-123.937949,44.102544],[-123.937951,44.10254],[-123.937953,44.102536],[-123.937955,44.102533],[-123.937956,44.102529],[-123.937959,44.102524],[-123.937964,44.102514],[-123.937967,44.10251],[-123.937968,44.102508],[-123.937974,44.102499],[-123.937975,44.102497],[-123.937982,44.102488],[-123.937985,44.102483],[-123.93799,44.102476],[-123.937996,44.10247],[-123.937999,44.102466],[-123.938001,44.102464],[-123.938004,44.10246],[-123.938013,44.102451],[-123.938018,44.102446],[-123.938022,44.102442],[-123.938025,44.102439],[-123.93803,44.102435],[-123.938033,44.102431],[-123.938042,44.102423],[-123.938048,44.102419],[-123.93805,44.102417],[-123.938056,44.102413],[-123.938062,44.102408],[-123.938067,44.102405],[-123.93807,44.102402],[-123.938081,44.102395],[-123.938086,44.102392],[-123.938092,44.102388],[-123.938098,44.102384],[-123.938103,44.102382],[-123.938109,44.102378],[-123.93812,44.102372],[-123.938127,44.102368],[-123.938134,44.102364],[-123.938142,44.10236],[-123.938149,44.102357],[-123.938155,44.102354],[-123.938162,44.102351],[-123.938172,44.102347],[-123.938178,44.102345],[-123.938183,44.102343],[-123.938195,44.102338],[-123.938203,44.102335],[-123.938208,44.102334],[-123.938216,44.102331],[-123.938224,44.102328],[-123.938235,44.102325],[-123.93824,44.102324],[-123.938249,44.102321],[-123.938259,44.102319],[-123.938266,44.102317],[-123.938274,44.102315],[-123.938281,44.102314],[-123.93829,44.102312],[-123.9383,44.10231],[-123.938309,44.102308],[-123.938315,44.102307],[-123.938316,44.102307],[-123.938333,44.102303],[-123.938349,44.1023],[-123.938364,44.102297],[-123.938379,44.102295],[-123.938394,44.102292],[-123.938409,44.102289],[-123.938425,44.102287],[-123.93844,44.102285],[-123.938456,44.102283],[-123.938472,44.102282],[-123.938487,44.10228],[-123.938503,44.102279],[-123.938518,44.102278],[-123.938535,44.102277],[-123.93855,44.102277],[-123.938566,44.102276],[-123.938576,44.102276],[-123.93875,44.102264],[-123.940292,44.102216],[-123.940292,44.102206],[-123.940868,44.10219],[-123.941025,44.1022],[-123.941109,44.102195],[-123.941191,44.102185],[-123.941272,44.102169],[-123.941351,44.102149],[-123.941427,44.102125],[-123.941501,44.102095],[-123.94157,44.102061],[-123.941635,44.102023],[-123.942041,44.101763],[-123.942215,44.101483],[-123.942491,44.101436],[-123.942983,44.101491],[-123.942982,44.100258],[-123.942981,44.099203],[-123.94298,44.098754],[-123.94298,44.098305],[-123.93795,44.098343],[-123.929319,44.09875],[-123.929304,44.105836],[-123.929278,44.112923]]],[[[-123.938346,44.102471],[-123.938342,44.102472],[-123.938337,44.102473],[-123.938331,44.102475],[-123.938328,44.102476],[-123.938325,44.102477],[-123.938317,44.102479],[-123.938315,44.102479],[-123.938312,44.10248],[-123.938307,44.102482],[-123.938301,44.102484],[-123.938296,44.102486],[-123.93829,44.102488],[-123.938284,44.102491],[-123.938282,44.102491],[-123.938278,44.102493],[-123.938273,44.102496],[-123.938269,44.102498],[-123.938266,44.102499],[-123.938262,44.102501],[-123.938258,44.102503],[-123.93825,44.102507],[-123.938247,44.102509],[-123.938242,44.102512],[-123.938239,44.102514],[-123.938236,44.102516],[-123.938233,44.102518],[-123.93823,44.10252],[-123.938225,44.102523],[-123.938224,44.102525],[-123.938221,44.102527],[-123.938216,44.102531],[-123.938212,44.102534],[-123.93821,44.102535],[-123.938207,44.102538],[-123.938204,44.102542],[-123.9382,44.102545],[-123.9382,44.102545],[-123.938198,44.102548],[-123.938193,44.102553],[-123.93819,44.102557],[-123.938189,44.102558],[-123.938189,44.102559],[-123.938184,44.102564],[-123.938182,44.102569],[-123.938177,44.102574],[-123.938176,44.102578],[-123.938173,44.102581],[-123.938171,44.102585],[-123.93817,44.102588],[-123.938168,44.102592],[-123.938167,44.102594],[-123.938166,44.102598],[-123.938164,44.102604],[-123.938163,44.102608],[-123.938162,44.10261],[-123.938161,44.102611],[-123.938161,44.102615],[-123.938161,44.102615],[-123.938161,44.102621],[-123.93816,44.102627],[-123.93816,44.102636],[-123.93816,44.102638],[-123.93816,44.102639],[-123.938161,44.102649],[-123.938161,44.102651],[-123.938162,44.102655],[-123.938164,44.102659],[-123.938165,44.102663],[-123.938166,44.102667],[-123.938167,44.102669],[-123.938169,44.102674],[-123.93817,44.102678],[-123.938171,44.102679],[-123.938173,44.102683],[-123.938174,44.102686],[-123.938177,44.10269],[-123.938177,44.102691],[-123.93818,44.102695],[-123.938184,44.102701],[-123.93819,44.102708],[-123.938192,44.102711],[-123.938194,44.102713],[-123.9382,44.10272],[-123.938202,44.102722],[-123.938208,44.102727],[-123.938211,44.10273],[-123.938213,44.102732],[-123.938217,44.102735],[-123.938221,44.102738],[-123.938224,44.102741],[-123.938227,44.102743],[-123.938227,44.102743],[-123.938231,44.102745],[-123.938238,44.10275],[-123.939225,44.103433],[-123.939243,44.103444],[-123.939262,44.103458],[-123.939279,44.10347],[-123.939297,44.103483],[-123.939316,44.103497],[-123.939333,44.103511],[-123.939351,44.103525],[-123.939368,44.103539],[-123.939383,44.103553],[-123.939399,44.103568],[-123.939417,44.103585],[-123.939432,44.103599],[-123.939447,44.103614],[-123.939462,44.103629],[-123.939475,44.103644],[-123.939488,44.103658],[-123.939501,44.103673],[-123.939514,44.103689],[-123.939526,44.103704],[-123.939538,44.10372],[-123.93955,44.103736],[-123.939568,44.103762],[-123.93958,44.103781],[-123.939591,44.1038],[-123.939601,44.103819],[-123.939611,44.103837],[-123.939621,44.103856],[-123.939631,44.103875],[-123.93964,44.103895],[-123.939654,44.103929],[-123.939665,44.103964],[-123.939675,44.103998],[-123.939684,44.104031],[-123.939693,44.104066],[-123.9397,44.1041],[-123.939707,44.104133],[-123.939716,44.104186],[-123.939721,44.104236],[-123.939726,44.104286],[-123.93973,44.104373],[-123.939731,44.104416],[-123.939732,44.104459],[-123.939731,44.104502],[-123.939729,44.104546],[-123.939723,44.10462],[-123.939719,44.104663],[-123.939712,44.104706],[-123.939706,44.104749],[-123.939695,44.104807],[-123.939576,44.10523],[-123.939569,44.105256],[-123.93956,44.105282],[-123.939551,44.105307],[-123.939542,44.105332],[-123.939532,44.105357],[-123.939521,44.105383],[-123.939501,44.105427],[-123.939486,44.105456],[-123.939471,44.105484],[-123.939455,44.105512],[-123.939425,44.105562],[-123.939405,44.105588],[-123.939388,44.105611],[-123.939373,44.105634],[-123.939343,44.105679],[-123.939327,44.105705],[-123.939312,44.105732],[-123.939297,44.10576],[-123.939283,44.105787],[-123.939265,44.105825],[-123.939252,44.105852],[-123.93924,44.10588],[-123.939229,44.105909],[-123.939225,44.105918],[-123.939225,44.105919],[-123.94299,44.10595],[-123.942985,44.102925],[-123.941588,44.102925],[-123.941588,44.102432],[-123.942188,44.102395],[-123.942489,44.102127],[-123.942984,44.102127],[-123.942984,44.101964],[-123.942983,44.101804],[-123.942983,44.101793],[-123.942983,44.101793],[-123.942955,44.101792],[-123.94264,44.10179],[-123.942389,44.101817],[-123.942139,44.101921],[-123.941786,44.102146],[-123.941715,44.102188],[-123.94164,44.102226],[-123.941561,44.10226],[-123.941479,44.102289],[-123.941393,44.102314],[-123.941306,44.102334],[-123.941216,44.102349],[-123.941126,44.102359],[-123.941034,44.102364],[-123.940878,44.102396],[-123.940302,44.102398],[-123.940302,44.102381],[-123.938769,44.102428],[-123.93859,44.10244],[-123.938574,44.102441],[-123.938561,44.102441],[-123.93855,44.102441],[-123.938538,44.102442],[-123.938526,44.102443],[-123.938514,44.102444],[-123.938503,44.102445],[-123.938491,44.102446],[-123.93848,44.102447],[-123.938468,44.102449],[-123.938456,44.102451],[-123.938445,44.102452],[-123.938434,44.102454],[-123.938422,44.102456],[-123.93841,44.102459],[-123.938398,44.102461],[-123.938377,44.102466],[-123.938365,44.102468],[-123.938358,44.102469],[-123.938354,44.10247],[-123.938351,44.10247],[-123.938346,44.102471]]],[[[-123.938283,44.107909],[-123.938174,44.108496],[-123.938157,44.108573],[-123.938138,44.108649],[-123.938099,44.108786],[-123.938026,44.109011],[-123.938018,44.109033],[-123.938011,44.109054],[-123.938002,44.109077],[-123.937993,44.109099],[-123.937984,44.109121],[-123.937973,44.109144],[-123.937954,44.109182],[-123.937948,44.109197],[-123.937939,44.109212],[-123.937932,44.109227],[-123.937923,44.109242],[-123.937915,44.109256],[-123.937906,44.109272],[-123.937896,44.109287],[-123.937887,44.109301],[-123.937876,44.109317],[-123.937865,44.10933],[-123.937856,44.109344],[-123.937844,44.109358],[-123.937832,44.109373],[-123.93782,44.109387],[-123.937804,44.109405],[-123.937773,44.109432],[-123.937747,44.109456],[-123.937695,44.109506],[-123.937683,44.109519],[-123.93767,44.109531],[-123.937659,44.109543],[-123.937647,44.109555],[-123.937636,44.109567],[-123.937618,44.109589],[-123.937592,44.109625],[-123.937539,44.109705],[-123.937513,44.109745],[-123.937489,44.109786],[-123.937454,44.109848],[-123.937126,44.110323],[-123.937093,44.110367],[-123.937061,44.110408],[-123.937032,44.110449],[-123.937004,44.110491],[-123.936975,44.110534],[-123.936946,44.110581],[-123.936614,44.111134],[-123.936592,44.111169],[-123.936572,44.111204],[-123.936552,44.111239],[-123.936534,44.111274],[-123.936508,44.111323],[-123.936497,44.111347],[-123.936485,44.111371],[-123.936475,44.111393],[-123.936466,44.111417],[-123.936456,44.111441],[-123.936441,44.111482],[-123.936435,44.111502],[-123.936429,44.111524],[-123.936422,44.111546],[-123.936417,44.111567],[-123.93641,44.111599],[-123.936402,44.111649],[-123.936395,44.1117],[-123.936391,44.111732],[-123.936385,44.111763],[-123.93638,44.111793],[-123.936372,44.111828],[-123.936356,44.111884],[-123.936329,44.111977],[-123.93631,44.112028],[-123.936289,44.112088],[-123.936275,44.112136],[-123.936255,44.112205],[-123.936186,44.112478],[-123.936177,44.112511],[-123.936165,44.112564],[-123.936159,44.112598],[-123.93615,44.112658],[-123.936145,44.112704],[-123.93614,44.112751],[-123.936139,44.112768],[-123.936137,44.11279],[-123.936134,44.112809],[-123.936131,44.112827],[-123.936128,44.112847],[-123.936124,44.112866],[-123.93612,44.112887],[-123.936116,44.112906],[-123.93611,44.112927],[-123.936104,44.112944],[-123.936099,44.112963],[-123.936092,44.112981],[-123.936086,44.112998],[-123.93608,44.113013],[-123.93608,44.113014],[-123.938465,44.113045],[-123.938286,44.107896],[-123.938283,44.107909]]]]}},{"type":"Feature","properties":{"MAPTAXLOT":"1710070000200","MAPNUMBER":"17100700","TAXLOT":"200","ACCTNO":"0532075","MAPACRES":72.63142813},"geometry":{"type":"MultiPolygon","coordinates":[[[[-123.939225,44.105919],[-123.939217,44.105941],[-123.939093,44.106306],[-123.939071,44.106369],[-123.93903,44.106481],[-123.939002,44.106549],[-123.938958,44.106651],[-123.938946,44.106678],[-123.938934,44.106705],[-123.938921,44.106733],[-123.938907,44.10676],[-123.938893,44.106788],[-123.938877,44.106816],[-123.938869,44.106831],[-123.938859,44.106849],[-123.938849,44.106865],[-123.938839,44.106882],[-123.938828,44.106899],[-123.938818,44.106914],[-123.938806,44.106931],[-123.938794,44.106947],[-123.938781,44.106964],[-123.938763,44.106986],[-123.938707,44.107044],[-123.938653,44.1071],[-123.938634,44.107118],[-123.938618,44.107134],[-123.938602,44.107151],[-123.938586,44.107168],[-123.938555,44.107201],[-123.938542,44.107217],[-123.938528,44.107234],[-123.938515,44.10725],[-123.938503,44.107267],[-123.938491,44.107283],[-123.938479,44.107301],[-123.938467,44.107319],[-123.938456,44.107336],[-123.938446,44.107353],[-123.938429,44.107383],[-123.938417,44.107406],[-123.938406,44.107429],[-123.938396,44.107454],[-123.938385,44.107479],[-123.938376,44.107504],[-123.938367,44.107528],[-123.938354,44.107569],[-123.938346,44.107595],[-123.938339,44.107619],[-123.938334,44.107644],[-123.938324,44.107688],[-123.938287,44.107885],[-123.938286,44.107896],[-123.938465,44.113045],[-123.943069,44.113076],[-123.94299,44.10595],[-123.939225,44.105919],[-123.939225,44.105919]]],[[[-123.938263,44.107245],[-123.938265,44.107242],[-123.938273,44.107229],[-123.938287,44.10721],[-123.938301,44.10719],[-123.938315,44.10717],[-123.938331,44.107151],[-123.938346,44.107133],[-123.938362,44.107113],[-123.938396,44.107076],[-123.938414,44.107057],[-123.938432,44.107039],[-123.938451,44.10702],[-123.938468,44.107003],[-123.93852,44.10695],[-123.938571,44.106897],[-123.938584,44.106881],[-123.938593,44.106869],[-123.938603,44.106855],[-123.938613,44.106842],[-123.938622,44.106827],[-123.938632,44.106814],[-123.938639,44.106801],[-123.938648,44.106786],[-123.938656,44.106772],[-123.938664,44.106757],[-123.93868,44.106728],[-123.938693,44.106704],[-123.938705,44.106678],[-123.938717,44.106653],[-123.938729,44.106628],[-123.93874,44.106601],[-123.938784,44.106501],[-123.93881,44.106437],[-123.93885,44.106328],[-123.938871,44.106266],[-123.93899,44.105917],[-123.93899,44.105917],[-123.938217,44.10591],[-123.938263,44.107245]]]]}},{"type":"Feature","properties":{"MAPTAXLOT":"1710070000300","MAPNUMBER":"17100700","TAXLOT":"300","ACCTNO":"0532083","MAPACRES":9.42855745},"geometry":{"type":"MultiPolygon","coordinates":[[[[-123.942981,44.099203],[-123.942982,44.100258],[-123.946475,44.099984],[-123.946481,44.09998],[-123.946496,44.099972],[-123.946512,44.099962],[-123.946528,44.099954],[-123.946541,44.099946],[-123.946556,44.099938],[-123.946571,44.099929],[-123.946585,44.099921],[-123.946601,44.099911],[-123.946617,44.099903],[-123.946631,44.099895],[-123.946646,44.099886],[-123.94666,44.099878],[-123.946675,44.099869],[-123.946691,44.09986],[-123.946707,44.099852],[-123.94672,44.099844],[-123.946735,44.099835],[-123.94675,44.099827],[-123.946765,44.099818],[-123.94678,44.099809],[-123.946795,44.099801],[-123.946809,44.099793],[-123.946824,44.099784],[-123.946837,44.099777],[-123.94685,44.099768],[-123.946866,44.099758],[-123.946881,44.09975],[-123.946895,44.099741],[-123.946908,44.099733],[-123.946922,44.099724],[-123.946938,44.099714],[-123.946951,44.099706],[-123.946965,44.099698],[-123.946979,44.099689],[-123.946993,44.09968],[-123.947007,44.099671],[-123.947021,44.099661],[-123.947036,44.099652],[-123.947048,44.099644],[-123.947063,44.099634],[-123.947077,44.099625],[-123.94709,44.099617],[-123.947103,44.099607],[-123.947117,44.099598],[-123.947131,44.099589],[-123.947144,44.09958],[-123.947158,44.09957],[-123.947171,44.099561],[-123.947185,44.099551],[-123.947198,44.099542],[-123.947212,44.099533],[-123.947226,44.099523],[-123.947238,44.099514],[-123.94725,44.099505],[-123.947266,44.099494],[-123.947278,44.099485],[-123.94729,44.099476],[-123.947304,44.099466],[-123.947317,44.099456],[-123.94733,44.099447],[-123.947342,44.099437],[-123.947356,44.099427],[-123.947367,44.099418],[-123.94738,44.099408],[-123.947393,44.099398],[-123.947405,44.099388],[-123.947418,44.099378],[-123.94743,44.099368],[-123.947443,44.099358],[-123.947456,44.099348],[-123.947468,44.099338],[-123.947481,44.099328],[-123.947493,44.099318],[-123.947504,44.099308],[-123.947516,44.099298],[-123.947528,44.099288],[-123.947541,44.099277],[-123.947552,44.099267],[-123.947564,44.099257],[-123.947574,44.099248],[-123.947585,44.099238],[-123.947595,44.099228],[-123.947609,44.099215],[-123.947619,44.099206],[-123.947629,44.099195],[-123.947641,44.099184],[-123.947652,44.099173],[-123.947663,44.099162],[-123.947673,44.099152],[-123.947683,44.099141],[-123.947694,44.09913],[-123.947705,44.099119],[-123.947713,44.099109],[-123.947723,44.099098],[-123.947735,44.099085],[-123.947745,44.099075],[-123.947753,44.099065],[-123.947764,44.099052],[-123.947775,44.09904],[-123.947783,44.09903],[-123.947791,44.099021],[-123.947795,44.099016],[-123.942981,44.099203]]],[[[-123.948058,44.099006],[-123.948055,44.099011],[-123.948045,44.099025],[-123.948037,44.099037],[-123.948027,44.099051],[-123.948018,44.099063],[-123.94801,44.099075],[-123.948001,44.099087],[-123.947991,44.099101],[-123.947979,44.099115],[-123.947967,44.099129],[-123.947957,44.09914],[-123.947948,44.099151],[-123.947937,44.099164],[-123.947925,44.099177],[-123.947915,44.099187],[-123.947906,44.099198],[-123.947893,44.099212],[-123.947882,44.099223],[-123.947871,44.099235],[-123.94786,44.099246],[-123.947848,44.099259],[-123.947836,44.09927],[-123.947825,44.099281],[-123.947814,44.099292],[-123.947802,44.099304],[-123.947789,44.099316],[-123.947779,44.099326],[-123.947768,44.099337],[-123.947754,44.099349],[-123.947741,44.099361],[-123.947728,44.099372],[-123.947715,44.099384],[-123.947703,44.099394],[-123.947691,44.099404],[-123.947678,44.099415],[-123.947665,44.099426],[-123.947652,44.099437],[-123.947639,44.099447],[-123.947626,44.099458],[-123.947613,44.099468],[-123.9476,44.099478],[-123.947587,44.099489],[-123.947574,44.099499],[-123.947561,44.099509],[-123.947549,44.099519],[-123.947536,44.09953],[-123.947522,44.09954],[-123.947508,44.09955],[-123.947494,44.099561],[-123.94748,44.099571],[-123.947468,44.099581],[-123.947454,44.09959],[-123.947441,44.099601],[-123.947425,44.099612],[-123.947414,44.09962],[-123.9474,44.09963],[-123.947385,44.099641],[-123.947372,44.09965],[-123.947357,44.09966],[-123.947343,44.09967],[-123.947329,44.09968],[-123.947316,44.099689],[-123.947302,44.099699],[-123.947288,44.099708],[-123.947274,44.099718],[-123.94726,44.099727],[-123.947246,44.099737],[-123.947231,44.099747],[-123.947216,44.099756],[-123.947203,44.099765],[-123.947188,44.099775],[-123.947173,44.099784],[-123.947159,44.099794],[-123.947145,44.099803],[-123.947131,44.099812],[-123.947116,44.099821],[-123.947101,44.09983],[-123.947085,44.09984],[-123.947072,44.099848],[-123.947059,44.099857],[-123.947042,44.099867],[-123.947027,44.099876],[-123.947012,44.099885],[-123.946999,44.099893],[-123.946984,44.099902],[-123.946968,44.099912],[-123.946953,44.099921],[-123.946937,44.09993],[-123.946921,44.099939],[-123.946907,44.099947],[-123.946901,44.09995],[-123.947156,44.09993],[-123.947517,44.099763],[-123.947664,44.099591],[-123.94791,44.099346],[-123.948068,44.099047],[-123.948092,44.099005],[-123.948058,44.099006]]]]}},{"type":"Feature","properties":{"MAPTAXLOT":"1710070000301","MAPNUMBER":"17100700","TAXLOT":"301","ACCTNO":"1387024","MAPACRES":140.81240663},"geometry":{"type":"Polygon","coordinates":[[[-123.94299,44.10595],[-123.943069,44.113076],[-123.948043,44.113109],[-123.94805,44.113109],[-123.948116,44.109551],[-123.948166,44.106882],[-123.948182,44.105994],[-123.948333,44.102129],[-123.948333,44.102129],[-123.948333,44.102129],[-123.948482,44.098412],[-123.948311,44.098635],[-123.948286,44.098667],[-123.948092,44.099005],[-123.948068,44.099047],[-123.94791,44.099346],[-123.947664,44.099591],[-123.947517,44.099763],[-123.947156,44.09993],[-123.946984,44.10001],[-123.946191,44.100458],[-123.945672,44.100823],[-123.944807,44.101406],[-123.944411,44.101634],[-123.944175,44.101771],[-123.943915,44.101873],[-123.94369,44.10191],[-123.942984,44.101964],[-123.942984,44.102127],[-123.942985,44.102925],[-123.94299,44.10595]]]}},{"type":"Feature","properties":{"MAPTAXLOT":"1710070000304","MAPNUMBER":"17100700","TAXLOT":"304","ACCTNO":"1276003","MAPACRES":7.7472233},"geometry":{"type":"MultiPolygon","coordinates":[[[[-123.942982,44.100258],[-123.942983,44.101491],[-123.943357,44.101463],[-123.943919,44.101436],[-123.94393,44.101432],[-123.943945,44.101425],[-123.943961,44.101419],[-123.943978,44.101412],[-123.943994,44.101406],[-123.944009,44.101399],[-123.944024,44.101393],[-123.94404,44.101385],[-123.944054,44.101379],[-123.94407,44.101372],[-123.944086,44.101365],[-123.944101,44.101358],[-123.944116,44.10135],[-123.944131,44.101343],[-123.944146,44.101336],[-123.94416,44.101328],[-123.944174,44.101321],[-123.944191,44.101312],[-123.944205,44.101305],[-123.944219,44.101297],[-123.944235,44.101289],[-123.94425,44.101281],[-123.944266,44.101272],[-123.94428,44.101264],[-123.944295,44.101256],[-123.944309,44.101249],[-123.944325,44.10124],[-123.944341,44.101231],[-123.944354,44.101224],[-123.944368,44.101216],[-123.944382,44.101207],[-123.944397,44.101199],[-123.944411,44.10119],[-123.944426,44.101181],[-123.94444,44.101173],[-123.944453,44.101166],[-123.944466,44.101157],[-123.944483,44.101147],[-123.944497,44.101138],[-123.944511,44.101129],[-123.944525,44.10112],[-123.944541,44.101111],[-123.944556,44.101102],[-123.944569,44.101094],[-123.944582,44.101085],[-123.944599,44.101076],[-123.944612,44.101067],[-123.944626,44.101058],[-123.94464,44.10105],[-123.944653,44.101041],[-123.944668,44.101032],[-123.944682,44.101023],[-123.944699,44.101012],[-123.944712,44.101004],[-123.944725,44.100996],[-123.944742,44.100986],[-123.944755,44.100977],[-123.94477,44.100968],[-123.944785,44.100958],[-123.944798,44.100951],[-123.944812,44.100942],[-123.944828,44.100932],[-123.944842,44.100923],[-123.944857,44.100914],[-123.944872,44.100904],[-123.944887,44.100896],[-123.944902,44.100887],[-123.944917,44.100878],[-123.94493,44.10087],[-123.944944,44.100861],[-123.944961,44.100851],[-123.944975,44.100843],[-123.94499,44.100834],[-123.945005,44.100825],[-123.94502,44.100817],[-123.945036,44.100807],[-123.945053,44.100798],[-123.945066,44.10079],[-123.945081,44.100782],[-123.945095,44.100773],[-123.94511,44.100765],[-123.945125,44.100756],[-123.945141,44.100747],[-123.945155,44.100739],[-123.94517,44.100731],[-123.945185,44.100722],[-123.945199,44.100714],[-123.945216,44.100704],[-123.945231,44.100696],[-123.945244,44.100688],[-123.945259,44.100679],[-123.945274,44.100671],[-123.945289,44.100662],[-123.945304,44.100654],[-123.945319,44.100645],[-123.945335,44.100636],[-123.945348,44.100629],[-123.945363,44.10062],[-123.945378,44.100611],[-123.945393,44.100603],[-123.945409,44.100593],[-123.945425,44.100585],[-123.945438,44.100577],[-123.945453,44.100569],[-123.945467,44.10056],[-123.945482,44.100552],[-123.945498,44.100542],[-123.945514,44.100534],[-123.945528,44.100526],[-123.945542,44.100517],[-123.945557,44.100509],[-123.945572,44.100501],[-123.945588,44.100491],[-123.945604,44.100483],[-123.945617,44.100475],[-123.945632,44.100466],[-123.945647,44.100458],[-123.945662,44.100449],[-123.945677,44.10044],[-123.945693,44.100432],[-123.945707,44.100424],[-123.945721,44.100415],[-123.945736,44.100407],[-123.945751,44.100398],[-123.945767,44.100389],[-123.945783,44.10038],[-123.945796,44.100373],[-123.945811,44.100364],[-123.945826,44.100356],[-123.94584,44.100347],[-123.945855,44.100339],[-123.945871,44.100329],[-123.945887,44.100321],[-123.9459,44.100313],[-123.945915,44.100304],[-123.94593,44.100296],[-123.945945,44.100287],[-123.94596,44.100278],[-123.945976,44.100269],[-123.94599,44.100262],[-123.946005,44.100253],[-123.946019,44.100245],[-123.946034,44.100236],[-123.94605,44.100227],[-123.946065,44.100218],[-123.946079,44.100211],[-123.946094,44.100202],[-123.946109,44.100193],[-123.946123,44.100185],[-123.94614,44.100176],[-123.946156,44.100167],[-123.946169,44.100159],[-123.946184,44.100151],[-123.946198,44.100143],[-123.946213,44.100134],[-123.946229,44.100125],[-123.946244,44.100116],[-123.946258,44.100108],[-123.946273,44.1001],[-123.946288,44.100091],[-123.946302,44.100083],[-123.946318,44.100074],[-123.946334,44.100065],[-123.946348,44.100057],[-123.946363,44.100048],[-123.946377,44.10004],[-123.946392,44.100031],[-123.946407,44.100023],[-123.946423,44.100014],[-123.946438,44.100005],[-123.946451,44.099998],[-123.946466,44.099989],[-123.946475,44.099984],[-123.942982,44.100258]]],[[[-123.942983,44.101804],[-123.942984,44.101964],[-123.94369,44.10191],[-123.943915,44.101873],[-123.944175,44.101771],[-123.944411,44.101634],[-123.944807,44.101406],[-123.945672,44.100823],[-123.946191,44.100458],[-123.946984,44.10001],[-123.947156,44.09993],[-123.946901,44.09995],[-123.946893,44.099955],[-123.946878,44.099964],[-123.946863,44.099972],[-123.946847,44.099981],[-123.946831,44.09999],[-123.946818,44.099998],[-123.946803,44.100006],[-123.946788,44.100015],[-123.946773,44.100023],[-123.946758,44.100033],[-123.946742,44.100041],[-123.946729,44.100049],[-123.946714,44.100057],[-123.946699,44.100066],[-123.946684,44.100075],[-123.946668,44.100084],[-123.946652,44.100093],[-123.946639,44.1001],[-123.946624,44.100109],[-123.94661,44.100117],[-123.946595,44.100126],[-123.946579,44.100135],[-123.946563,44.100144],[-123.946549,44.100151],[-123.946535,44.10016],[-123.94652,44.100168],[-123.946505,44.100177],[-123.94649,44.100185],[-123.946475,44.100195],[-123.946459,44.100203],[-123.946445,44.100211],[-123.94643,44.10022],[-123.946416,44.100228],[-123.946401,44.100237],[-123.946385,44.100246],[-123.946369,44.100254],[-123.946356,44.100262],[-123.946341,44.100271],[-123.946326,44.100279],[-123.946311,44.100288],[-123.946295,44.100297],[-123.946279,44.100306],[-123.946266,44.100313],[-123.946251,44.100322],[-123.946237,44.10033],[-123.946222,44.100339],[-123.946206,44.100348],[-123.946191,44.100357],[-123.946177,44.100365],[-123.946162,44.100373],[-123.946147,44.100382],[-123.946133,44.10039],[-123.946117,44.100399],[-123.946101,44.100408],[-123.946087,44.100416],[-123.946072,44.100424],[-123.946058,44.100433],[-123.946043,44.100441],[-123.946027,44.10045],[-123.946012,44.100459],[-123.945998,44.100467],[-123.945984,44.100475],[-123.945968,44.100484],[-123.945954,44.100493],[-123.945939,44.100501],[-123.945923,44.10051],[-123.945907,44.100519],[-123.945893,44.100527],[-123.945879,44.100535],[-123.945864,44.100543],[-123.945849,44.100552],[-123.945833,44.100561],[-123.945818,44.10057],[-123.945804,44.100578],[-123.94579,44.100586],[-123.945775,44.100595],[-123.94576,44.100603],[-123.945744,44.100612],[-123.945728,44.100621],[-123.945715,44.100629],[-123.9457,44.100638],[-123.945685,44.100646],[-123.94567,44.100655],[-123.945655,44.100664],[-123.945639,44.100672],[-123.945626,44.10068],[-123.945611,44.100688],[-123.945596,44.100697],[-123.945581,44.100706],[-123.945565,44.100715],[-123.945549,44.100724],[-123.945536,44.100731],[-123.945521,44.10074],[-123.945507,44.100748],[-123.945492,44.100757],[-123.945476,44.100766],[-123.94546,44.100775],[-123.945446,44.100782],[-123.945432,44.100791],[-123.945417,44.100799],[-123.945402,44.100808],[-123.945388,44.100816],[-123.945372,44.100826],[-123.945355,44.100835],[-123.945342,44.100842],[-123.945327,44.100851],[-123.945312,44.100859],[-123.945298,44.100868],[-123.945282,44.100877],[-123.945267,44.100885],[-123.945253,44.100893],[-123.945238,44.100902],[-123.945223,44.10091],[-123.945208,44.100919],[-123.945192,44.100928],[-123.945177,44.100937],[-123.945164,44.100944],[-123.945149,44.100953],[-123.945134,44.100961],[-123.94512,44.10097],[-123.945105,44.100979],[-123.945092,44.100986],[-123.945079,44.100995],[-123.945062,44.101005],[-123.945048,44.101013],[-123.945033,44.101022],[-123.945019,44.101031],[-123.945005,44.101039],[-123.944991,44.101048],[-123.944976,44.101057],[-123.944963,44.101065],[-123.944949,44.101074],[-123.944933,44.101084],[-123.944919,44.101093],[-123.944905,44.101101],[-123.94489,44.101111],[-123.944876,44.101119],[-123.944862,44.101128],[-123.944846,44.101138],[-123.944833,44.101146],[-123.944819,44.101155],[-123.944805,44.101164],[-123.944791,44.101173],[-123.944776,44.101183],[-123.944762,44.101192],[-123.944746,44.101201],[-123.944733,44.101209],[-123.944719,44.101218],[-123.944702,44.101228],[-123.944687,44.101237],[-123.944674,44.101245],[-123.94466,44.101254],[-123.944645,44.101263],[-123.94463,44.101273],[-123.944617,44.101281],[-123.944603,44.101289],[-123.944586,44.1013],[-123.944571,44.101309],[-123.944556,44.101318],[-123.944541,44.101326],[-123.944526,44.101335],[-123.944511,44.101344],[-123.944496,44.101353],[-123.944479,44.101362],[-123.944463,44.101371],[-123.94445,44.101378],[-123.944434,44.101387],[-123.944418,44.101396],[-123.944402,44.101404],[-123.944387,44.101412],[-123.944372,44.10142],[-123.944357,44.101429],[-123.944341,44.101437],[-123.944323,44.101447],[-123.944309,44.101454],[-123.944294,44.101462],[-123.944276,44.101471],[-123.94426,44.101479],[-123.944243,44.101487],[-123.944227,44.101495],[-123.94421,44.101503],[-123.944192,44.101511],[-123.944177,44.101518],[-123.944159,44.101526],[-123.944142,44.101533],[-123.944126,44.10154],[-123.944107,44.101548],[-123.94409,44.101556],[-123.944073,44.101562],[-123.944039,44.101576],[-123.944021,44.101583],[-123.944003,44.10159],[-123.943985,44.101596],[-123.943968,44.101603],[-123.94395,44.101609],[-123.943932,44.101615],[-123.943914,44.101622],[-123.943896,44.101628],[-123.943878,44.101633],[-123.943861,44.101639],[-123.943842,44.101645],[-123.943824,44.101651],[-123.943805,44.101657],[-123.943787,44.101662],[-123.943768,44.101668],[-123.943749,44.101673],[-123.94373,44.101678],[-123.943711,44.101683],[-123.943693,44.101688],[-123.943674,44.101693],[-123.943656,44.101697],[-123.943636,44.101702],[-123.943617,44.101706],[-123.9436,44.10171],[-123.943581,44.101715],[-123.943562,44.101719],[-123.943542,44.101723],[-123.943523,44.101727],[-123.943504,44.101731],[-123.943485,44.101735],[-123.943466,44.101739],[-123.943447,44.101742],[-123.943428,44.101746],[-123.94341,44.101749],[-123.943389,44.101753],[-123.94337,44.101756],[-123.943351,44.101759],[-123.943331,44.101762],[-123.943313,44.101765],[-123.943295,44.101768],[-123.943274,44.101771],[-123.943255,44.101774],[-123.943236,44.101777],[-123.943217,44.10178],[-123.943197,44.101782],[-123.943177,44.101785],[-123.943158,44.101787],[-123.943138,44.10179],[-123.94312,44.101792],[-123.9431,44.101794],[-123.943098,44.101794],[-123.943041,44.101794],[-123.942983,44.101793],[-123.942983,44.101804]]]]}},{"type":"Feature","properties":{"MAPTAXLOT":"1710070000400","MAPNUMBER":"17100700","TAXLOT":"400","ACCTNO":"0532091","MAPACRES":1.98333853},"geometry":{"type":"Polygon","coordinates":[[[-123.941588,44.102925],[-123.942985,44.102925],[-123.942984,44.102127],[-123.942489,44.102127],[-123.942188,44.102395],[-123.941588,44.102432],[-123.941588,44.102925]]]}},{"type":"Feature","properties":{"MAPTAXLOT":"1711000000077","MAPNUMBER":"17110000","TAXLOT":"77","ACCTNO":"000None","MAPACRES":4.51429954},"geometry":{"type":"MultiPolygon","coordinates":[[[[-123.966775,44.100065],[-123.971696,44.101437],[-123.976133,44.106019],[-123.978373,44.109653],[-123.982091,44.110649],[-123.982092,44.110553],[-123.978461,44.109581],[-123.976233,44.105974],[-123.971808,44.101417],[-123.966869,44.100042],[-123.966775,44.100065]]],[[[-123.991062,44.055838],[-123.991063,44.055838],[-123.991202,44.055869],[-123.991342,44.055896],[-123.991484,44.055921],[-123.991626,44.055942],[-123.991815,44.055966],[-123.992005,44.055984],[-123.992196,44.055997],[-123.992387,44.056004],[-123.992579,44.056006],[-123.99277,44.056003],[-123.992962,44.055994],[-123.993152,44.05598],[-123.993342,44.05596],[-123.99353,44.055935],[-123.993717,44.055905],[-123.993902,44.055869],[-123.994086,44.055829],[-123.994087,44.055828],[-123.994087,44.055828],[-123.991061,44.055838],[-123.991062,44.055838]]]]}},{"type":"Feature","properties":{"MAPTAXLOT":"1711000000100","MAPNUMBER":"17110000","TAXLOT":"100","ACCTNO":"0534329","MAPACRES":40.27590092},"geometry":{"type":"Polygon","coordinates":[[[-123.967423,44.123901],[-123.972395,44.123966],[-123.972352,44.120276],[-123.967406,44.120199],[-123.967423,44.123901]]]}},{"type":"Feature","properties":{"MAPTAXLOT":"1711000000200","MAPNUMBER":"17110000","TAXLOT":"200","ACCTNO":"0534337","MAPACRES":39.91799868},"geometry":{"type":"Polygon","coordinates":[[[-123.967406,44.120199],[-123.972352,44.120276],[-123.97231,44.116599],[-123.967394,44.116509],[-123.967406,44.120199]]]}},{"type":"Feature","properties":{"MAPTAXLOT":"1711000000300","MAPNUMBER":"17110000","TAXLOT":"300","ACCTNO":"0534345","MAPACRES":634.95615366},"geometry":{"type":"Polygon","coordinates":[[[-123.983229,44.129512],[-123.983243,44.129512],[-123.9875,44.129548],[-123.987432,44.127791],[-123.987291,44.124154],[-123.987227,44.122328],[-123.987158,44.120498],[-123.987005,44.11686],[-123.986864,44.113213],[-123.977141,44.113021],[-123.972268,44.112911],[-123.967385,44.112811],[-123.967394,44.116509],[-123.97231,44.116599],[-123.972352,44.120276],[-123.972395,44.123966],[-123.967423,44.123901],[-123.967439,44.127601],[-123.967448,44.129435],[-123.968137,44.12943],[-123.972461,44.129447],[-123.973168,44.12945],[-123.977457,44.129467],[-123.978199,44.12947],[-123.982465,44.129505],[-123.982479,44.129505],[-123.983229,44.129512]]]}},{"type":"Feature","properties":{"MAPTAXLOT":"1711000000400","MAPNUMBER":"17110000","TAXLOT":"400","ACCTNO":"0534352","MAPACRES":104.75759901},"geometry":{"type":"Polygon","coordinates":[[[-123.988287,44.129554],[-123.99247,44.129524],[-123.99239,44.127787],[-123.992261,44.125086],[-123.992218,44.124185],[-123.992175,44.123281],[-123.990942,44.123271],[-123.990901,44.122365],[-123.989671,44.122352],[-123.989594,44.120534],[-123.989432,44.116913],[-123.987005,44.11686],[-123.987158,44.120498],[-123.987227,44.122328],[-123.987291,44.124154],[-123.987432,44.127791],[-123.9875,44.129548],[-123.988287,44.129554]]]}},{"type":"Feature","properties":{"MAPTAXLOT":"1711000000500","MAPNUMBER":"17110000","TAXLOT":"500","ACCTNO":"0534360","MAPACRES":104.33742769},"geometry":{"type":"Polygon","coordinates":[[[-123.989594,44.120534],[-123.989671,44.122352],[-123.990901,44.122365],[-123.990942,44.123271],[-123.992175,44.123281],[-123.992218,44.124185],[-123.992261,44.125086],[-123.997204,44.125108],[-123.997154,44.124216],[-123.997053,44.122427],[-123.992132,44.122377],[-123.992045,44.120569],[-123.991959,44.118767],[-123.993182,44.118789],[-123.993092,44.116993],[-123.991873,44.116966],[-123.991701,44.113353],[-123.986864,44.113213],[-123.987005,44.11686],[-123.989432,44.116913],[-123.989594,44.120534]]]}},{"type":"Feature","properties":{"MAPTAXLOT":"1711000002200","MAPNUMBER":"17110000","TAXLOT":"2200","ACCTNO":"0534592","MAPACRES":624.44189595},"geometry":{"type":"Polygon","coordinates":[[[-124.001399,44.113632],[-124.006263,44.113772],[-124.005632,44.099053],[-123.986162,44.098669],[-123.986864,44.113213],[-123.991701,44.113353],[-123.99655,44.113492],[-124.001399,44.113632]]]}},{"type":"Feature","properties":{"MAPTAXLOT":"1711000002300","MAPNUMBER":"17110000","TAXLOT":"2300","ACCTNO":"0534600","MAPACRES":524.39053333},"geometry":{"type":"Polygon","coordinates":[[[-123.977141,44.113021],[-123.986864,44.113213],[-123.986162,44.098669],[-123.983734,44.09861],[-123.981305,44.09855],[-123.97645,44.098432],[-123.966738,44.0982],[-123.966775,44.100065],[-123.966869,44.100042],[-123.9718,44.100027],[-123.974793,44.103281],[-123.97797,44.107846],[-123.982107,44.109761],[-123.982092,44.110553],[-123.982091,44.110649],[-123.98208,44.111232],[-123.977748,44.111127],[-123.97057,44.102302],[-123.966806,44.102299],[-123.966834,44.105417],[-123.967385,44.112811],[-123.972268,44.112911],[-123.977141,44.113021]]]}},{"type":"Feature","properties":{"MAPTAXLOT":"1711000002400","MAPNUMBER":"17110000","TAXLOT":"2400","ACCTNO":"0534618","MAPACRES":98.22475091},"geometry":{"type":"MultiPolygon","coordinates":[[[[-123.966806,44.102299],[-123.97057,44.102302],[-123.977748,44.111127],[-123.98208,44.111232],[-123.982091,44.110649],[-123.978373,44.109653],[-123.976133,44.106019],[-123.971696,44.101437],[-123.966775,44.100065],[-123.966806,44.102299]]],[[[-123.971808,44.101417],[-123.976233,44.105974],[-123.978461,44.109581],[-123.982092,44.110553],[-123.982107,44.109761],[-123.97797,44.107846],[-123.974793,44.103281],[-123.9718,44.100027],[-123.966869,44.100042],[-123.971808,44.101417]]]]}},{"type":"Feature","properties":{"MAPTAXLOT":"1711010000100","MAPNUMBER":"17110100","TAXLOT":"100","ACCTNO":"0534782","MAPACRES":584.04856958},"geometry":{"type":"Polygon","coordinates":[[[-123.948037,44.120308],[-123.948031,44.123908],[-123.948024,44.127508],[-123.94802,44.129308],[-123.94802,44.129308],[-123.952897,44.129367],[-123.952971,44.129368],[-123.953046,44.129369],[-123.953047,44.129369],[-123.953048,44.129369],[-123.955248,44.129395],[-123.955521,44.129399],[-123.955522,44.129399],[-123.957774,44.129426],[-123.958076,44.129426],[-123.962611,44.129431],[-123.963106,44.129431],[-123.967448,44.129435],[-123.967439,44.127601],[-123.967423,44.123901],[-123.967406,44.120199],[-123.967394,44.116509],[-123.967385,44.112811],[-123.962558,44.112885],[-123.96257,44.11656],[-123.95774,44.116609],[-123.952896,44.116658],[-123.948044,44.116708],[-123.948037,44.120308]]]}},{"type":"Feature","properties":{"MAPTAXLOT":"1711010000200","MAPNUMBER":"17110100","TAXLOT":"200","ACCTNO":"0534790","MAPACRES":116.09724402},"geometry":{"type":"Polygon","coordinates":[[[-123.95774,44.116609],[-123.96257,44.11656],[-123.962558,44.112885],[-123.957726,44.112957],[-123.952889,44.113033],[-123.94805,44.113109],[-123.948045,44.115722],[-123.948044,44.116708],[-123.952896,44.116658],[-123.95774,44.116609]]]}},{"type":"Feature","properties":{"MAPTAXLOT":"1711120000100","MAPNUMBER":"17111200","TAXLOT":"100","ACCTNO":"0534808","MAPACRES":37.69826633},"geometry":{"type":"Polygon","coordinates":[[[-123.94805,44.113109],[-123.952889,44.113033],[-123.952873,44.109441],[-123.950503,44.109495],[-123.948116,44.109551],[-123.94805,44.113109]]]}},{"type":"Feature","properties":{"MAPTAXLOT":"1711120000200","MAPNUMBER":"17111200","TAXLOT":"200","ACCTNO":"0534816","MAPACRES":553.0989188},"geometry":{"type":"Polygon","coordinates":[[[-123.948166,44.106882],[-123.948173,44.106881],[-123.95052,44.106814],[-123.950503,44.109495],[-123.952873,44.109441],[-123.952889,44.113033],[-123.957726,44.112957],[-123.962558,44.112885],[-123.967385,44.112811],[-123.966834,44.105417],[-123.966806,44.102299],[-123.966775,44.100065],[-123.966738,44.0982],[-123.961925,44.098255],[-123.957094,44.098313],[-123.954954,44.0983],[-123.952803,44.098288],[-123.948506,44.098264],[-123.948488,44.098296],[-123.948486,44.098298],[-123.948486,44.098302],[-123.948482,44.098412],[-123.948333,44.102129],[-123.948333,44.102129],[-123.948333,44.102129],[-123.948182,44.105994],[-123.948166,44.106882]]]}},{"type":"Feature","properties":{"MAPTAXLOT":"1711120000300","MAPNUMBER":"17111200","TAXLOT":"300","ACCTNO":"0534824","MAPACRES":13.93568054},"geometry":{"type":"Polygon","coordinates":[[[-123.948116,44.109551],[-123.950503,44.109495],[-123.95052,44.106814],[-123.948173,44.106881],[-123.948166,44.106882],[-123.948116,44.109551]]]}}]}