{"type":"FeatureCollection","features":[{"type":"Feature","properties":{"MAPTAXLOT":"1705000000500","MAPNUMBER":"17050000","TAXLOT":"500","ACCTNO":"1854270","MAPACRES":1066.93921489},"geometry":{"type":"MultiPolygon","coordinates":[[[[-123.543757,44.036293],[-123.543906,44.03634],[-123.544058,44.036383],[-123.544212,44.03642],[-123.544368,44.036454],[-123.544526,44.036482],[-123.544685,44.036505],[-123.544752,44.036514],[-123.544918,44.036531],[-123.545086,44.036542],[-123.545254,44.036548],[-123.545422,44.036549],[-123.54559,44.036545],[-123.545758,44.036535],[-123.545925,44.03652],[-123.546091,44.0365],[-123.546256,44.036474],[-123.546471,44.036428],[-123.546683,44.036377],[-123.546894,44.036323],[-123.547103,44.036264],[-123.54731,44.036201],[-123.548861,44.035693],[-123.553938,44.034031],[-123.55708,44.033003],[-123.557436,44.032902],[-123.557794,44.032806],[-123.558154,44.032714],[-123.558517,44.032627],[-123.558882,44.032545],[-123.559258,44.032465],[-123.559636,44.03239],[-123.560016,44.032321],[-123.560339,44.032266],[-123.560664,44.032214],[-123.56099,44.032166],[-123.561314,44.032122],[-123.561639,44.032081],[-123.561965,44.032044],[-123.562306,44.03201],[-123.562803,44.031966],[-123.563827,44.031876],[-123.565886,44.031697],[-123.567141,44.031588],[-123.571482,44.031211],[-123.572049,44.031161],[-123.572596,44.031114],[-123.572689,44.031106],[-123.573506,44.031035],[-123.573904,44.030994],[-123.574302,44.030949],[-123.574594,44.030911],[-123.574884,44.030867],[-123.575172,44.030817],[-123.575459,44.030763],[-123.575744,44.030703],[-123.576026,44.030638],[-123.576385,44.030545],[-123.576741,44.030447],[-123.576784,44.030435],[-123.57706,44.030358],[-123.577768,44.03016],[-123.577991,44.030098],[-123.578103,44.030067],[-123.578292,44.030016],[-123.578577,44.029951],[-123.578865,44.029891],[-123.579154,44.029835],[-123.579444,44.029783],[-123.579736,44.029735],[-123.58003,44.029692],[-123.580324,44.029654],[-123.58062,44.02962],[-123.580684,44.029613],[-123.58098,44.029584],[-123.581276,44.02956],[-123.581573,44.02954],[-123.58187,44.029525],[-123.582168,44.029514],[-123.582173,44.029596],[-123.582183,44.029788],[-123.582457,44.029782],[-123.582731,44.02978],[-123.583004,44.029782],[-123.583295,44.029788],[-123.583585,44.029799],[-123.583875,44.029814],[-123.584164,44.029833],[-123.584453,44.029857],[-123.584741,44.029884],[-123.58504,44.029913],[-123.585307,44.02994],[-123.5858,44.029939],[-123.586561,44.029937],[-123.587703,44.029933],[-123.588602,44.029996],[-123.589927,44.030165],[-123.591625,44.030302],[-123.592611,44.030315],[-123.593843,44.030331],[-123.595287,44.030263],[-123.598312,44.030029],[-123.598706,44.029996],[-123.599442,44.02994],[-123.60041,44.029878],[-123.601822,44.029767],[-123.603017,44.029574],[-123.603776,44.029379],[-123.604711,44.029054],[-123.605619,44.028592],[-123.606324,44.028135],[-123.606904,44.027593],[-123.607337,44.027089],[-123.607649,44.026726],[-123.60791,44.026288],[-123.608073,44.025926],[-123.608271,44.025438],[-123.608344,44.024896],[-123.608342,44.024268],[-123.608306,44.023765],[-123.608213,44.02334],[-123.608122,44.022948],[-123.607899,44.022158],[-123.607834,44.02167],[-123.607894,44.02126],[-123.608009,44.020943],[-123.608358,44.02044],[-123.608746,44.019918],[-123.609544,44.019101],[-123.610006,44.018453],[-123.610111,44.017978],[-123.610127,44.017855],[-123.610134,44.017733],[-123.610135,44.01761],[-123.610128,44.017487],[-123.610113,44.017365],[-123.610092,44.017243],[-123.610063,44.017122],[-123.610026,44.017002],[-123.609983,44.016884],[-123.609932,44.016766],[-123.609875,44.016651],[-123.60981,44.016537],[-123.609739,44.016426],[-123.609661,44.016317],[-123.609577,44.01621],[-123.609571,44.016203],[-123.609472,44.016096],[-123.60937,44.01599],[-123.609265,44.015886],[-123.609236,44.015858],[-123.609174,44.0158],[-123.609088,44.01572],[-123.608953,44.015602],[-123.60887,44.015532],[-123.608786,44.015462],[-123.606953,44.01395],[-123.60583,44.013024],[-123.605664,44.012886],[-123.605502,44.012745],[-123.605332,44.012591],[-123.605238,44.012498],[-123.605148,44.012403],[-123.605062,44.012306],[-123.605062,44.012306],[-123.605062,44.012306],[-123.605059,44.012303],[-123.605034,44.012273],[-123.605021,44.012257],[-123.605958,44.012248],[-123.605784,44.012147],[-123.605613,44.012043],[-123.605446,44.011937],[-123.605282,44.011827],[-123.605256,44.011807],[-123.605236,44.011792],[-123.605233,44.011789],[-123.605233,44.011789],[-123.605213,44.011774],[-123.605191,44.011755],[-123.605169,44.011737],[-123.605073,44.011654],[-123.604982,44.011568],[-123.604896,44.01148],[-123.604814,44.011389],[-123.604737,44.011297],[-123.604665,44.011202],[-123.604598,44.011106],[-123.60457,44.011061],[-123.604556,44.011039],[-123.604542,44.011017],[-123.604425,44.010878],[-123.604251,44.010649],[-123.604167,44.010396],[-123.604175,44.010155],[-123.604243,44.009858],[-123.604249,44.009826],[-123.604254,44.009802],[-123.604255,44.009797],[-123.60426,44.009773],[-123.604266,44.009745],[-123.604272,44.009717],[-123.604305,44.00959],[-123.604344,44.009464],[-123.604389,44.009338],[-123.60444,44.009214],[-123.604497,44.009091],[-123.604559,44.00897],[-123.604627,44.00885],[-123.604701,44.008732],[-123.604781,44.008616],[-123.604799,44.008591],[-123.604817,44.008566],[-123.604836,44.008541],[-123.604838,44.008538],[-123.604838,44.008537],[-123.604855,44.008516],[-123.604874,44.008491],[-123.604875,44.00849],[-123.604875,44.008489],[-123.604971,44.008372],[-123.60507,44.008257],[-123.60507,44.008256],[-123.605071,44.008255],[-123.605072,44.008255],[-123.60514,44.008176],[-123.605146,44.00817],[-123.605171,44.008142],[-123.606786,44.006225],[-123.607554,44.005415],[-123.608168,44.004763],[-123.608771,44.003878],[-123.609195,44.003078],[-123.609888,44.001204],[-123.61037,43.999953],[-123.61072,43.999286],[-123.611105,43.998713],[-123.611647,43.998034],[-123.612165,43.997487],[-123.61254,43.997168],[-123.612679,43.99705],[-123.613477,43.99644],[-123.614931,43.99559],[-123.616093,43.994968],[-123.616714,43.994659],[-123.617567,43.994314],[-123.618275,43.99412],[-123.618697,43.994058],[-123.619616,43.994026],[-123.620673,43.994121],[-123.62154,43.994266],[-123.622274,43.994446],[-123.622617,43.994522],[-123.624679,43.99498],[-123.624681,43.994981],[-123.624684,43.994981],[-123.624773,43.995],[-123.624906,43.995027],[-123.625182,43.99508],[-123.625463,43.995131],[-123.625746,43.995178],[-123.625988,43.995213],[-123.626232,43.995244],[-123.626476,43.995271],[-123.626721,43.995294],[-123.626967,43.995313],[-123.627214,43.995328],[-123.627432,43.995338],[-123.62765,43.995347],[-123.628017,43.995358],[-123.628614,43.995374],[-123.628835,43.995386],[-123.629055,43.995404],[-123.629275,43.995427],[-123.629279,43.995427],[-123.629284,43.995428],[-123.629284,43.995428],[-123.629423,43.995449],[-123.629561,43.995475],[-123.629697,43.995506],[-123.62983,43.995542],[-123.629962,43.995583],[-123.63009,43.995628],[-123.630215,43.995677],[-123.630336,43.995731],[-123.630454,43.995789],[-123.630567,43.995851],[-123.630677,43.995917],[-123.630781,43.995987],[-123.630881,43.99606],[-123.630976,43.996137],[-123.631065,43.996217],[-123.631147,43.996298],[-123.631223,43.996382],[-123.631294,43.996468],[-123.631359,43.996556],[-123.631418,43.996647],[-123.631471,43.996739],[-123.631518,43.996834],[-123.631626,43.997396],[-123.631838,43.998495],[-123.631869,43.998637],[-123.631907,43.998778],[-123.631951,43.998919],[-123.631992,43.999019],[-123.63204,43.999117],[-123.632095,43.999213],[-123.632156,43.999308],[-123.632224,43.9994],[-123.632298,43.999489],[-123.632378,43.999576],[-123.632464,43.99966],[-123.632555,43.99974],[-123.632652,43.999818],[-123.632758,43.999893],[-123.632868,43.999965],[-123.632984,44.000033],[-123.633104,44.000096],[-123.633228,44.000155],[-123.633356,44.000209],[-123.633488,44.000259],[-123.633624,44.000303],[-123.633762,44.000342],[-123.633903,44.000377],[-123.634046,44.000406],[-123.634191,44.000429],[-123.634337,44.000448],[-123.634485,44.000461],[-123.634633,44.000468],[-123.634782,44.00047],[-123.63493,44.000466],[-123.635078,44.000457],[-123.635226,44.000443],[-123.635372,44.000423],[-123.635516,44.000398],[-123.635659,44.000368],[-123.635852,44.000316],[-123.636042,44.000259],[-123.63623,44.000199],[-123.636415,44.000133],[-123.636416,44.000133],[-123.637046,43.999905],[-123.63722,43.999845],[-123.637397,43.999789],[-123.637576,43.999737],[-123.637758,43.99969],[-123.637855,43.999669],[-123.637952,43.999652],[-123.637916,43.999377],[-123.637774,43.999401],[-123.637634,43.99943],[-123.637441,43.999481],[-123.63725,43.999536],[-123.637062,43.999596],[-123.636876,43.99966],[-123.636242,43.999889],[-123.636068,43.99995],[-123.635892,44.000007],[-123.635713,44.00006],[-123.635532,44.000109],[-123.635497,44.000117],[-123.635368,44.000142],[-123.635236,44.000163],[-123.635104,44.000179],[-123.63497,44.000189],[-123.634836,44.000195],[-123.634702,44.000195],[-123.634568,44.00019],[-123.634434,44.00018],[-123.634301,44.000165],[-123.63417,44.000145],[-123.63404,44.00012],[-123.633912,44.00009],[-123.633787,44.000055],[-123.633665,44.000015],[-123.633545,43.999971],[-123.633429,43.999922],[-123.633317,43.999869],[-123.633208,43.999812],[-123.633104,43.99975],[-123.633005,43.999685],[-123.632911,43.999616],[-123.632822,43.999543],[-123.632738,43.999467],[-123.63266,43.999388],[-123.632645,43.999372],[-123.63263,43.999355],[-123.632628,43.999353],[-123.632625,43.999349],[-123.632616,43.999339],[-123.632601,43.999322],[-123.6326,43.999321],[-123.632599,43.99932],[-123.632594,43.999313],[-123.63256,43.999271],[-123.632553,43.999263],[-123.632525,43.999226],[-123.632516,43.999212],[-123.63249,43.999176],[-123.63244,43.999098],[-123.632417,43.999059],[-123.63241,43.999046],[-123.632387,43.999004],[-123.632383,43.998995],[-123.632362,43.998952],[-123.632359,43.998945],[-123.632351,43.998929],[-123.632343,43.99891],[-123.632343,43.99891],[-123.632341,43.998904],[-123.63232,43.998854],[-123.632279,43.998723],[-123.632244,43.998591],[-123.632214,43.998459],[-123.632006,43.997394],[-123.631879,43.996747],[-123.631827,43.996643],[-123.631768,43.99654],[-123.631703,43.99644],[-123.631632,43.996342],[-123.631554,43.996246],[-123.63147,43.996153],[-123.63138,43.996063],[-123.631285,43.995976],[-123.631184,43.995893],[-123.631078,43.995813],[-123.630966,43.995736],[-123.63085,43.995664],[-123.63073,43.995595],[-123.630605,43.995531],[-123.630476,43.99547],[-123.630343,43.995414],[-123.630207,43.995363],[-123.630068,43.995316],[-123.629926,43.995274],[-123.629781,43.995237],[-123.629634,43.995205],[-123.629485,43.995178],[-123.629335,43.995156],[-123.629159,43.995137],[-123.628983,43.995121],[-123.628807,43.995109],[-123.62863,43.9951],[-123.62803,43.995083],[-123.627648,43.995072],[-123.627239,43.995055],[-123.627002,43.99504],[-123.626766,43.995022],[-123.62653,43.994999],[-123.626295,43.994973],[-123.626061,43.994944],[-123.625828,43.99491],[-123.625567,43.994867],[-123.625307,43.99482],[-123.625048,43.994771],[-123.62479,43.994718],[-123.624266,43.994601],[-123.622615,43.994234],[-123.622243,43.994152],[-123.621487,43.993984],[-123.621265,43.993935],[-123.621042,43.993889],[-123.620817,43.993847],[-123.620592,43.993808],[-123.620436,43.993787],[-123.62028,43.993769],[-123.620124,43.993754],[-123.620025,43.993747],[-123.619925,43.993741],[-123.619925,43.993741],[-123.619908,43.99374],[-123.61989,43.993739],[-123.619849,43.993738],[-123.619849,43.993738],[-123.619831,43.993737],[-123.61983,43.993737],[-123.619812,43.993736],[-123.619694,43.993733],[-123.619687,43.993733],[-123.619683,43.993733],[-123.619677,43.993733],[-123.619667,43.993733],[-123.619663,43.993733],[-123.619661,43.993733],[-123.61966,43.993733],[-123.619657,43.993733],[-123.619653,43.993733],[-123.619652,43.993733],[-123.619633,43.993732],[-123.61963,43.993732],[-123.619628,43.993732],[-123.619623,43.993732],[-123.619614,43.993732],[-123.619613,43.993732],[-123.619612,43.993732],[-123.619602,43.993732],[-123.619596,43.993732],[-123.619593,43.993732],[-123.619586,43.993732],[-123.619578,43.993732],[-123.619539,43.993732],[-123.619532,43.993732],[-123.619505,43.993732],[-123.619492,43.993732],[-123.619465,43.993733],[-123.619464,43.993733],[-123.619461,43.993733],[-123.619458,43.993733],[-123.619455,43.993733],[-123.619452,43.993733],[-123.619451,43.993733],[-123.619424,43.993733],[-123.619419,43.993734],[-123.61939,43.993734],[-123.619384,43.993734],[-123.619383,43.993734],[-123.619344,43.993736],[-123.619342,43.993736],[-123.619315,43.993737],[-123.619295,43.993737],[-123.619269,43.993738],[-123.619265,43.993739],[-123.619264,43.993739],[-123.61926,43.993739],[-123.619233,43.99374],[-123.619227,43.99374],[-123.619222,43.993741],[-123.619211,43.993741],[-123.619203,43.993742],[-123.619194,43.993742],[-123.619188,43.993742],[-123.619149,43.993745],[-123.619134,43.993746],[-123.619126,43.993746],[-123.619118,43.993747],[-123.61911,43.993747],[-123.619071,43.99375],[-123.619032,43.993753],[-123.618993,43.993756],[-123.618955,43.993759],[-123.618935,43.993761],[-123.618916,43.993763],[-123.618896,43.993764],[-123.618877,43.993766],[-123.618838,43.99377],[-123.6188,43.993775],[-123.61878,43.993777],[-123.618761,43.993779],[-123.618742,43.993781],[-123.618723,43.993784],[-123.618684,43.993788],[-123.618646,43.993794],[-123.618636,43.993795],[-123.618627,43.993796],[-123.618622,43.993797],[-123.618607,43.993799],[-123.618588,43.993801],[-123.618569,43.993804],[-123.61855,43.993807],[-123.618531,43.99381],[-123.618512,43.993813],[-123.618509,43.993813],[-123.618502,43.993814],[-123.618493,43.993816],[-123.618492,43.993816],[-123.618457,43.993822],[-123.618455,43.993822],[-123.618422,43.993827],[-123.618416,43.993828],[-123.618397,43.993832],[-123.618378,43.993835],[-123.61836,43.993838],[-123.618341,43.993842],[-123.618303,43.993849],[-123.618265,43.993856],[-123.618227,43.993863],[-123.61819,43.993871],[-123.618152,43.993879],[-123.618115,43.993887],[-123.618077,43.993895],[-123.61804,43.993904],[-123.617904,43.993936],[-123.61777,43.993972],[-123.617637,43.99401],[-123.617483,43.994059],[-123.617332,43.994111],[-123.617183,43.994166],[-123.617037,43.994225],[-123.61684,43.994314],[-123.616646,43.994405],[-123.616454,43.994499],[-123.616265,43.994596],[-123.616264,43.994597],[-123.616262,43.994598],[-123.615534,43.994986],[-123.614489,43.995544],[-123.614218,43.99569],[-123.613949,43.995838],[-123.613848,43.995895],[-123.613637,43.99602],[-123.61343,43.996148],[-123.613228,43.99628],[-123.61303,43.996416],[-123.612837,43.996555],[-123.612649,43.996697],[-123.612538,43.996784],[-123.612349,43.996939],[-123.612166,43.997097],[-123.611988,43.997259],[-123.611816,43.997424],[-123.611651,43.997592],[-123.611491,43.997763],[-123.611337,43.997937],[-123.61119,43.998113],[-123.611049,43.998293],[-123.610914,43.998475],[-123.610786,43.998659],[-123.610665,43.998846],[-123.61055,43.999035],[-123.610442,43.999226],[-123.610341,43.999419],[-123.610247,43.999614],[-123.61016,43.999811],[-123.610049,44.000089],[-123.609943,44.00037],[-123.609943,44.00037],[-123.609943,44.00037],[-123.60994,44.000378],[-123.609939,44.000382],[-123.609937,44.000387],[-123.609629,44.001236],[-123.609323,44.00208],[-123.609221,44.002356],[-123.609112,44.002631],[-123.609068,44.002734],[-123.609062,44.002747],[-123.609045,44.002786],[-123.609027,44.002825],[-123.60901,44.002863],[-123.608994,44.002896],[-123.608987,44.002911],[-123.608979,44.002929],[-123.608931,44.003026],[-123.60889,44.003106],[-123.608877,44.003131],[-123.608833,44.003213],[-123.608817,44.003243],[-123.608817,44.003243],[-123.608816,44.003245],[-123.608774,44.00332],[-123.608756,44.003352],[-123.608756,44.003352],[-123.608715,44.003423],[-123.608615,44.003586],[-123.608511,44.003748],[-123.608464,44.003817],[-123.608442,44.003849],[-123.608391,44.003922],[-123.608374,44.003946],[-123.608373,44.003947],[-123.608373,44.003948],[-123.608315,44.004027],[-123.608299,44.004048],[-123.60824,44.004127],[-123.608236,44.004132],[-123.608224,44.004148],[-123.608213,44.004163],[-123.608185,44.004198],[-123.608157,44.004233],[-123.608153,44.004239],[-123.608072,44.004339],[-123.607865,44.004583],[-123.607652,44.004824],[-123.607586,44.004899],[-123.607541,44.00495],[-123.605523,44.007238],[-123.604973,44.00786],[-123.604825,44.008023],[-123.604682,44.008188],[-123.604544,44.008355],[-123.604451,44.008479],[-123.604363,44.008606],[-123.604283,44.008734],[-123.604208,44.008865],[-123.60414,44.008997],[-123.604078,44.009131],[-123.604022,44.009266],[-123.603995,44.009342],[-123.603969,44.009418],[-123.603793,44.009422],[-123.603376,44.009547],[-123.603104,44.009597],[-123.603078,44.009657],[-123.602984,44.009739],[-123.602871,44.009826],[-123.602751,44.009943],[-123.602709,44.010056],[-123.602645,44.010104],[-123.60257,44.01016],[-123.602453,44.010284],[-123.602418,44.010459],[-123.602544,44.01065],[-123.602708,44.010724],[-123.603045,44.010752],[-123.603321,44.010729],[-123.603573,44.010685],[-123.603837,44.010678],[-123.603855,44.010816],[-123.603881,44.010954],[-123.603787,44.010964],[-123.603793,44.010994],[-123.6038,44.011023],[-123.6038,44.011027],[-123.603806,44.011053],[-123.603814,44.011082],[-123.603814,44.011085],[-123.603819,44.011102],[-123.603829,44.011141],[-123.603836,44.011166],[-123.603845,44.011199],[-123.603854,44.011228],[-123.603863,44.011258],[-123.603872,44.011287],[-123.603881,44.011316],[-123.603901,44.011374],[-123.603922,44.011431],[-123.603945,44.011489],[-123.604005,44.011632],[-123.604073,44.011773],[-123.604102,44.011829],[-123.604132,44.011884],[-123.604163,44.011939],[-123.604179,44.011967],[-123.604195,44.011994],[-123.604212,44.012022],[-123.604228,44.012049],[-123.604246,44.012076],[-123.604263,44.012103],[-123.604263,44.012103],[-123.604287,44.012139],[-123.604297,44.012154],[-123.604299,44.012157],[-123.604317,44.012184],[-123.604328,44.0122],[-123.604333,44.012207],[-123.604335,44.012211],[-123.604354,44.012237],[-123.604373,44.012264],[-123.604464,44.012385],[-123.60456,44.012503],[-123.604662,44.012619],[-123.604769,44.012733],[-123.604881,44.012844],[-123.605051,44.012998],[-123.605225,44.013149],[-123.605404,44.013297],[-123.60836,44.015736],[-123.608517,44.015866],[-123.608669,44.016002],[-123.608817,44.016141],[-123.608958,44.016283],[-123.609093,44.016428],[-123.609109,44.016447],[-123.609125,44.016467],[-123.609127,44.01647],[-123.60914,44.016487],[-123.609166,44.016521],[-123.609178,44.016536],[-123.609193,44.016557],[-123.609211,44.016583],[-123.609214,44.016588],[-123.609241,44.016628],[-123.609242,44.016629],[-123.609269,44.01667],[-123.609328,44.016771],[-123.609381,44.016873],[-123.609427,44.016977],[-123.609467,44.017082],[-123.6095,44.017189],[-123.609527,44.017296],[-123.609546,44.017404],[-123.609559,44.017513],[-123.609565,44.017622],[-123.609564,44.017732],[-123.609557,44.017841],[-123.609542,44.017949],[-123.609521,44.018057],[-123.609493,44.018165],[-123.609493,44.018165],[-123.609486,44.018187],[-123.609457,44.018276],[-123.60944,44.01832],[-123.609422,44.018364],[-123.609404,44.018407],[-123.609394,44.018429],[-123.609384,44.01845],[-123.609373,44.018472],[-123.609363,44.018493],[-123.609363,44.018493],[-123.609362,44.018493],[-123.609351,44.018515],[-123.609348,44.018522],[-123.60934,44.018536],[-123.60934,44.018536],[-123.60934,44.018536],[-123.609329,44.018557],[-123.609321,44.01857],[-123.609318,44.018576],[-123.609317,44.018579],[-123.609305,44.018599],[-123.609292,44.018621],[-123.609185,44.018777],[-123.609071,44.01893],[-123.60895,44.019081],[-123.608824,44.01923],[-123.608691,44.019375],[-123.608573,44.019511],[-123.608312,44.019811],[-123.608197,44.019942],[-123.608086,44.020076],[-123.60798,44.020211],[-123.607879,44.020349],[-123.607783,44.020488],[-123.607692,44.020629],[-123.607631,44.020742],[-123.607631,44.020743],[-123.607619,44.020767],[-123.607608,44.02079],[-123.607598,44.020813],[-123.607587,44.020837],[-123.607544,44.02094],[-123.607507,44.021045],[-123.607475,44.021151],[-123.607449,44.021257],[-123.607429,44.021365],[-123.607425,44.021389],[-123.607422,44.021414],[-123.607418,44.021438],[-123.607415,44.021463],[-123.607413,44.021487],[-123.60741,44.021512],[-123.60741,44.021512],[-123.607408,44.021536],[-123.607407,44.021561],[-123.607406,44.021573],[-123.607405,44.021585],[-123.607405,44.021597],[-123.607404,44.021609],[-123.607402,44.021659],[-123.607411,44.021814],[-123.607425,44.02197],[-123.607444,44.022125],[-123.607468,44.022279],[-123.607498,44.022433],[-123.607533,44.022587],[-123.607678,44.023227],[-123.607693,44.023294],[-123.607737,44.023495],[-123.607775,44.023697],[-123.607809,44.023899],[-123.607838,44.024101],[-123.607849,44.02426],[-123.607853,44.024418],[-123.607851,44.024577],[-123.607841,44.024736],[-123.607824,44.024894],[-123.6078,44.025052],[-123.60777,44.025209],[-123.607732,44.025365],[-123.607688,44.025521],[-123.607637,44.025675],[-123.60758,44.025828],[-123.607515,44.02598],[-123.607444,44.02613],[-123.607367,44.026279],[-123.607283,44.026425],[-123.607192,44.02657],[-123.607096,44.026713],[-123.606993,44.026853],[-123.606884,44.026991],[-123.606769,44.027126],[-123.606888,44.027118],[-123.606765,44.027257],[-123.606635,44.027393],[-123.606499,44.027526],[-123.606358,44.027655],[-123.60621,44.027781],[-123.606058,44.027904],[-123.605899,44.028023],[-123.605736,44.028138],[-123.605567,44.028249],[-123.605394,44.028356],[-123.605215,44.02846],[-123.605033,44.028559],[-123.604846,44.028653],[-123.604654,44.028744],[-123.604459,44.028829],[-123.60426,44.028911],[-123.604058,44.028987],[-123.603852,44.029059],[-123.603643,44.029126],[-123.603431,44.029188],[-123.603217,44.029245],[-123.603,44.029297],[-123.602781,44.029344],[-123.60256,44.029385],[-123.602413,44.02941],[-123.602266,44.029432],[-123.601961,44.029468],[-123.601655,44.029499],[-123.601348,44.029526],[-123.601041,44.029549],[-123.600111,44.029617],[-123.597621,44.0298],[-123.595552,44.029952],[-123.595345,44.029969],[-123.595137,44.029985],[-123.594777,44.030009],[-123.594417,44.030028],[-123.594056,44.030043],[-123.593695,44.030054],[-123.593334,44.030061],[-123.592973,44.030063],[-123.592611,44.03006],[-123.592229,44.030053],[-123.591846,44.030041],[-123.591465,44.030024],[-123.591083,44.030002],[-123.590702,44.029976],[-123.590322,44.029944],[-123.589943,44.029908],[-123.58906,44.029808],[-123.587411,44.029622],[-123.58744,44.029487],[-123.585446,44.029262],[-123.584877,44.029206],[-123.584575,44.029176],[-123.584272,44.029152],[-123.583968,44.029131],[-123.583664,44.029115],[-123.583359,44.029104],[-123.583056,44.029097],[-123.582752,44.029095],[-123.582449,44.029097],[-123.582145,44.029103],[-123.582153,44.02924],[-123.581841,44.029251],[-123.58153,44.029268],[-123.58122,44.029288],[-123.58091,44.029314],[-123.580601,44.029344],[-123.580292,44.029379],[-123.579985,44.029419],[-123.57968,44.029464],[-123.579375,44.029513],[-123.579072,44.029566],[-123.578771,44.029625],[-123.578471,44.029688],[-123.578174,44.029755],[-123.578125,44.029769],[-123.577631,44.029904],[-123.577631,44.029904],[-123.57763,44.029904],[-123.577084,44.030057],[-123.576645,44.030179],[-123.576277,44.030281],[-123.575907,44.030378],[-123.575633,44.030441],[-123.575358,44.030499],[-123.57508,44.030551],[-123.574801,44.030599],[-123.57452,44.030641],[-123.574238,44.030679],[-123.573847,44.030723],[-123.573455,44.030763],[-123.572645,44.030833],[-123.567142,44.031313],[-123.565887,44.031422],[-123.563817,44.031602],[-123.562256,44.031738],[-123.561875,44.031777],[-123.561496,44.031821],[-123.561117,44.031869],[-123.56074,44.031922],[-123.560364,44.03198],[-123.559989,44.032043],[-123.559616,44.032111],[-123.559245,44.032183],[-123.558875,44.03226],[-123.558548,44.032332],[-123.558222,44.032408],[-123.557898,44.032488],[-123.557576,44.032571],[-123.557256,44.032658],[-123.556938,44.032748],[-123.553933,44.033732],[-123.548857,44.035393],[-123.547151,44.035952],[-123.546955,44.036011],[-123.546757,44.036067],[-123.546557,44.036119],[-123.546355,44.036167],[-123.546152,44.036211],[-123.546,44.036234],[-123.545847,44.036252],[-123.545693,44.036265],[-123.545539,44.036273],[-123.545384,44.036276],[-123.545231,44.036274],[-123.545077,44.036267],[-123.544924,44.036255],[-123.544773,44.036238],[-123.544622,44.036217],[-123.544473,44.03619],[-123.544325,44.036159],[-123.544178,44.036123],[-123.544033,44.036081],[-123.543891,44.036035],[-123.543752,44.035985],[-123.543616,44.03593],[-123.543484,44.035871],[-123.543356,44.035808],[-123.543232,44.03574],[-123.543112,44.035668],[-123.542997,44.035593],[-123.542831,44.035463],[-123.542669,44.03533],[-123.542514,44.035194],[-123.542364,44.035054],[-123.54222,44.034911],[-123.539988,44.032766],[-123.539823,44.032627],[-123.539654,44.03249],[-123.539482,44.032356],[-123.539306,44.032224],[-123.539126,44.032095],[-123.53899,44.03201],[-123.538851,44.031929],[-123.538708,44.031852],[-123.538561,44.031777],[-123.538445,44.031721],[-123.538196,44.031619],[-123.537943,44.031521],[-123.537688,44.031428],[-123.537429,44.031338],[-123.537319,44.031301],[-123.535518,44.030672],[-123.535178,44.030555],[-123.534835,44.030441],[-123.53449,44.030332],[-123.534143,44.030227],[-123.533792,44.030126],[-123.53344,44.03003],[-123.53324,44.029977],[-123.533039,44.029926],[-123.528238,44.028706],[-123.524069,44.027646],[-123.524069,44.027646],[-123.524069,44.027646],[-123.524068,44.027645],[-123.524068,44.027645],[-123.523866,44.027595],[-123.523663,44.027549],[-123.523458,44.027506],[-123.523252,44.027467],[-123.523044,44.027432],[-123.522836,44.0274],[-123.522733,44.027389],[-123.522629,44.027381],[-123.522392,44.027372],[-123.522155,44.027368],[-123.521919,44.027369],[-123.521912,44.027369],[-123.521812,44.027371],[-123.521581,44.027379],[-123.521351,44.027391],[-123.517908,44.027552],[-123.517906,44.027415],[-123.517365,44.027441],[-123.517046,44.027457],[-123.516728,44.027477],[-123.51641,44.027501],[-123.516092,44.027528],[-123.515859,44.027558],[-123.515627,44.027592],[-123.515396,44.027631],[-123.515159,44.027681],[-123.514922,44.027734],[-123.515978,44.027759],[-123.516726,44.027931],[-123.517364,44.027938],[-123.517913,44.027965],[-123.517911,44.027827],[-123.521382,44.027664],[-123.521626,44.027652],[-123.521871,44.027644],[-123.522116,44.027642],[-123.52236,44.027646],[-123.522605,44.027654],[-123.522762,44.027669],[-123.522974,44.027701],[-123.523185,44.027738],[-123.523394,44.027778],[-123.523602,44.027822],[-123.523808,44.02787],[-123.524441,44.027979],[-123.526229,44.028428],[-123.527447,44.028762],[-123.528242,44.028964],[-123.532246,44.029983],[-123.533199,44.03022],[-123.533446,44.03029],[-123.534484,44.030585],[-123.535439,44.030871],[-123.536828,44.031374],[-123.537858,44.031726],[-123.538428,44.031964],[-123.53888,44.032172],[-123.539391,44.03251],[-123.539649,44.032747],[-123.53991,44.033026],[-123.540001,44.033235],[-123.5405,44.033715],[-123.541912,44.035072],[-123.542037,44.035196],[-123.542166,44.035318],[-123.542299,44.035438],[-123.542436,44.035556],[-123.542577,44.03567],[-123.542722,44.035783],[-123.54281,44.035841],[-123.542899,44.035898],[-123.542951,44.035928],[-123.542952,44.035929],[-123.542978,44.035944],[-123.543031,44.035974],[-123.543032,44.035975],[-123.543059,44.03599],[-123.543069,44.035995],[-123.54307,44.035996],[-123.543072,44.035997],[-123.543072,44.035997],[-123.543074,44.035998],[-123.543074,44.035998],[-123.543077,44.035999],[-123.543077,44.036],[-123.543079,44.036001],[-123.543086,44.036004],[-123.543089,44.036006],[-123.543097,44.03601],[-123.5431,44.036012],[-123.543108,44.036016],[-123.543113,44.036019],[-123.543127,44.036026],[-123.54314,44.036033],[-123.543167,44.036047],[-123.543197,44.036062],[-123.543211,44.036068],[-123.543218,44.036072],[-123.543225,44.036075],[-123.543253,44.036089],[-123.54326,44.036092],[-123.543264,44.036094],[-123.543264,44.036094],[-123.543264,44.036094],[-123.543267,44.036096],[-123.543267,44.036096],[-123.543274,44.036099],[-123.543281,44.036103],[-123.54331,44.036116],[-123.543324,44.036122],[-123.543339,44.036129],[-123.543346,44.036132],[-123.543353,44.036135],[-123.543355,44.036136],[-123.543358,44.036138],[-123.54336,44.036139],[-123.543365,44.036141],[-123.543367,44.036142],[-123.543368,44.036142],[-123.543397,44.036155],[-123.543455,44.03618],[-123.543485,44.036192],[-123.543544,44.036215],[-123.543574,44.036227],[-123.543665,44.036261],[-123.543757,44.036293]]],[[[-124.050112,43.935039],[-124.050211,43.935017],[-124.050236,43.935012],[-124.05029,43.935003],[-124.0503,43.935001],[-124.050349,43.934995],[-124.050387,43.934992],[-124.050426,43.934989],[-124.050479,43.934989],[-124.050507,43.93499],[-124.050552,43.934993],[-124.050583,43.934997],[-124.050594,43.934999],[-124.048862,43.932761],[-124.048747,43.932612],[-124.048628,43.932464],[-124.048506,43.932319],[-124.048381,43.932174],[-124.048252,43.932032],[-124.04812,43.93189],[-124.047984,43.931751],[-124.047937,43.931704],[-124.047875,43.931648],[-124.047813,43.931594],[-124.047749,43.93154],[-124.047684,43.931487],[-124.047617,43.931434],[-124.04755,43.931383],[-124.047481,43.931332],[-124.047411,43.931283],[-124.047339,43.931234],[-124.047267,43.931186],[-124.047193,43.931139],[-124.047118,43.931093],[-124.047043,43.931048],[-124.046966,43.931004],[-124.046888,43.930961],[-124.046809,43.930918],[-124.046729,43.930877],[-124.046648,43.930837],[-124.046566,43.930798],[-124.046483,43.93076],[-124.046424,43.930734],[-124.046217,43.930652],[-124.046008,43.930573],[-124.045798,43.930497],[-124.045585,43.930423],[-124.045371,43.930352],[-124.045221,43.930304],[-124.045221,43.929675],[-124.043575,43.929664],[-124.040452,43.928734],[-124.040451,43.928882],[-124.037875,43.928115],[-124.037487,43.927999],[-124.037131,43.927896],[-124.036774,43.927798],[-124.036414,43.927703],[-124.036052,43.927614],[-124.035809,43.927557],[-124.032456,43.92681],[-124.032371,43.92679],[-124.032262,43.926763],[-124.032154,43.926735],[-124.032046,43.926706],[-124.03194,43.926675],[-124.031834,43.926643],[-124.031789,43.926631],[-124.031742,43.926617],[-124.031695,43.926602],[-124.031649,43.926587],[-124.031603,43.926571],[-124.031557,43.926555],[-124.031512,43.926538],[-124.031467,43.926521],[-124.031422,43.926503],[-124.031378,43.926485],[-124.031335,43.926466],[-124.031292,43.926446],[-124.031249,43.926426],[-124.031207,43.926405],[-124.031165,43.926384],[-124.031124,43.926362],[-124.031084,43.92634],[-124.031044,43.926317],[-124.031004,43.926294],[-124.030965,43.92627],[-124.030927,43.926246],[-124.030889,43.926221],[-124.030852,43.926196],[-124.030816,43.926171],[-124.03078,43.926144],[-124.030745,43.926118],[-124.03071,43.926091],[-124.030676,43.926063],[-124.030643,43.926036],[-124.03061,43.926007],[-124.030578,43.925979],[-124.030551,43.925953],[-124.030547,43.92595],[-124.030516,43.92592],[-124.030487,43.92589],[-124.030458,43.92586],[-124.030429,43.92583],[-124.030402,43.925799],[-124.030375,43.925767],[-124.030349,43.925736],[-124.030323,43.925704],[-124.030299,43.925672],[-124.030275,43.925639],[-124.030252,43.925606],[-124.03023,43.925573],[-124.030209,43.92554],[-124.030188,43.925506],[-124.030168,43.925472],[-124.030149,43.925438],[-124.030131,43.925404],[-124.030114,43.925369],[-124.030098,43.925334],[-124.030082,43.925299],[-124.030067,43.925264],[-124.030053,43.925228],[-124.03004,43.925193],[-124.030028,43.925157],[-124.030017,43.925121],[-124.030006,43.925085],[-124.029997,43.925049],[-124.029996,43.925044],[-124.029988,43.925013],[-124.02998,43.924976],[-124.029973,43.92494],[-124.029967,43.924903],[-124.029962,43.924867],[-124.029958,43.92483],[-124.029955,43.924793],[-124.029952,43.924757],[-124.02995,43.92472],[-124.02995,43.924683],[-124.02995,43.924646],[-124.029951,43.92461],[-124.029953,43.924573],[-124.029956,43.924536],[-124.029959,43.924499],[-124.029964,43.924463],[-124.029969,43.924426],[-124.029976,43.92439],[-124.029983,43.924353],[-124.029991,43.924317],[-124.03,43.924281],[-124.03001,43.924245],[-124.030021,43.924209],[-124.030032,43.924173],[-124.030045,43.924137],[-124.030058,43.924102],[-124.030072,43.924066],[-124.030087,43.924031],[-124.030103,43.923996],[-124.03012,43.923961],[-124.030138,43.923927],[-124.030156,43.923893],[-124.030175,43.923858],[-124.030195,43.923825],[-124.030216,43.923791],[-124.030238,43.923758],[-124.03026,43.923725],[-124.030283,43.923692],[-124.030308,43.92366],[-124.030332,43.923627],[-124.030358,43.923596],[-124.030384,43.923564],[-124.030411,43.923533],[-124.030439,43.923502],[-124.030468,43.923472],[-124.030497,43.923442],[-124.030527,43.923412],[-124.030558,43.923383],[-124.030589,43.923354],[-124.030622,43.923325],[-124.030654,43.923297],[-124.030688,43.923269],[-124.030745,43.92322],[-124.03082,43.923156],[-124.030896,43.923094],[-124.030973,43.923033],[-124.031052,43.922973],[-124.031133,43.922913],[-124.031138,43.922909],[-124.03278,43.921696],[-124.032879,43.921625],[-124.032977,43.921554],[-124.033074,43.921481],[-124.033168,43.921407],[-124.033185,43.921393],[-124.033229,43.921357],[-124.033271,43.92132],[-124.033313,43.921282],[-124.033354,43.921244],[-124.033394,43.921206],[-124.033433,43.921167],[-124.033471,43.921127],[-124.033508,43.921087],[-124.033544,43.921047],[-124.033579,43.921006],[-124.033613,43.920965],[-124.033646,43.920923],[-124.033678,43.920881],[-124.033709,43.920838],[-124.033739,43.920795],[-124.033768,43.920752],[-124.033796,43.920708],[-124.033823,43.920664],[-124.033849,43.92062],[-124.033874,43.920575],[-124.033897,43.92053],[-124.03392,43.920485],[-124.033941,43.920439],[-124.033962,43.920393],[-124.033981,43.920347],[-124.033999,43.920301],[-124.034016,43.920255],[-124.034032,43.920208],[-124.034046,43.920161],[-124.03406,43.920114],[-124.03406,43.920114],[-124.03406,43.920113],[-124.034085,43.920014],[-124.034107,43.919914],[-124.034126,43.919815],[-124.034143,43.919715],[-124.034146,43.919696],[-124.034317,43.918666],[-124.034449,43.917867],[-124.034457,43.917815],[-124.034494,43.917606],[-124.034535,43.917398],[-124.034582,43.91719],[-124.034633,43.916982],[-124.034656,43.916905],[-124.034685,43.916818],[-124.034715,43.916732],[-124.034747,43.916646],[-124.034781,43.91656],[-124.034818,43.916475],[-124.034856,43.916391],[-124.034897,43.916307],[-124.034939,43.916223],[-124.034984,43.91614],[-124.03503,43.916057],[-124.035079,43.915976],[-124.035129,43.915894],[-124.035182,43.915814],[-124.035236,43.915734],[-124.035293,43.915655],[-124.035351,43.915576],[-124.035387,43.915531],[-124.035535,43.91535],[-124.035688,43.91517],[-124.035844,43.914993],[-124.035845,43.914993],[-124.036006,43.914817],[-124.039249,43.911378],[-124.04058,43.909967],[-124.042033,43.908426],[-124.042126,43.908327],[-124.042245,43.908205],[-124.042367,43.908085],[-124.042491,43.907966],[-124.042516,43.907944],[-124.042574,43.907893],[-124.042634,43.907842],[-124.042694,43.907793],[-124.042756,43.907744],[-124.042887,43.907744],[-124.042947,43.907699],[-124.043011,43.907654],[-124.043076,43.907609],[-124.043142,43.907565],[-124.04321,43.907522],[-124.043278,43.907479],[-124.043406,43.907405],[-124.043567,43.907314],[-124.043731,43.907225],[-124.043896,43.907138],[-124.044464,43.906842],[-124.044638,43.906751],[-124.044809,43.906658],[-124.044978,43.906562],[-124.045112,43.906484],[-124.045188,43.906438],[-124.045263,43.90639],[-124.045336,43.906341],[-124.045409,43.906291],[-124.04548,43.906241],[-124.045493,43.906231],[-124.04555,43.906189],[-124.045619,43.906137],[-124.045686,43.906084],[-124.045752,43.90603],[-124.045817,43.905975],[-124.045881,43.905919],[-124.045901,43.905901],[-124.045974,43.905839],[-124.046045,43.905776],[-124.046115,43.905712],[-124.046183,43.905648],[-124.04625,43.905582],[-124.046315,43.905516],[-124.046379,43.905449],[-124.046441,43.905381],[-124.046501,43.905312],[-124.04656,43.905243],[-124.046616,43.905173],[-124.046652,43.905127],[-124.046838,43.904884],[-124.047018,43.904638],[-124.047192,43.90439],[-124.04736,43.904139],[-124.047377,43.904114],[-124.047272,43.904115],[-124.047433,43.903863],[-124.047588,43.90361],[-124.047738,43.903355],[-124.047881,43.903098],[-124.048018,43.902839],[-124.048148,43.902578],[-124.048273,43.902316],[-124.04839,43.902053],[-124.048502,43.901788],[-124.048522,43.901738],[-124.048621,43.901502],[-124.049134,43.900262],[-124.049315,43.900302],[-124.04959,43.899637],[-124.049408,43.899598],[-124.050024,43.898109],[-124.050045,43.898058],[-124.05013,43.897857],[-124.05022,43.897657],[-124.050262,43.897567],[-124.050315,43.897458],[-124.050414,43.89726],[-124.050434,43.897225],[-124.050481,43.897143],[-124.05053,43.897061],[-124.050581,43.89698],[-124.050634,43.8969],[-124.050689,43.89682],[-124.050743,43.896746],[-124.050746,43.896741],[-124.050805,43.896663],[-124.050866,43.896585],[-124.050928,43.896509],[-124.050993,43.896433],[-124.051059,43.896358],[-124.051127,43.896284],[-124.051197,43.89621],[-124.051269,43.896138],[-124.051342,43.896066],[-124.051417,43.895996],[-124.051443,43.895972],[-124.051491,43.895931],[-124.051539,43.89589],[-124.051588,43.89585],[-124.051639,43.89581],[-124.05169,43.895772],[-124.051742,43.895733],[-124.051795,43.895696],[-124.051849,43.895659],[-124.051904,43.895623],[-124.051919,43.895613],[-124.051957,43.895588],[-124.051995,43.895564],[-124.052034,43.895541],[-124.052074,43.895517],[-124.052114,43.895495],[-124.052155,43.895473],[-124.052196,43.895451],[-124.052238,43.89543],[-124.05228,43.895409],[-124.052323,43.895389],[-124.052366,43.89537],[-124.05241,43.895351],[-124.052454,43.895333],[-124.052498,43.895315],[-124.052543,43.895297],[-124.052589,43.895281],[-124.052635,43.895265],[-124.052681,43.895249],[-124.052727,43.895234],[-124.052774,43.89522],[-124.052822,43.895206],[-124.052869,43.895193],[-124.052917,43.89518],[-124.052965,43.895168],[-124.053014,43.895157],[-124.053062,43.895146],[-124.053111,43.895136],[-124.053161,43.895127],[-124.05321,43.895118],[-124.05326,43.89511],[-124.05331,43.895102],[-124.05336,43.895095],[-124.05341,43.895089],[-124.05346,43.895083],[-124.053511,43.895078],[-124.053561,43.895073],[-124.053612,43.895069],[-124.053663,43.895066],[-124.053713,43.895064],[-124.053764,43.895062],[-124.053815,43.895061],[-124.053866,43.89506],[-124.053917,43.89506],[-124.053968,43.895061],[-124.054019,43.895062],[-124.05407,43.895064],[-124.054121,43.895067],[-124.054171,43.89507],[-124.054222,43.895074],[-124.054273,43.895078],[-124.054323,43.895083],[-124.054373,43.895089],[-124.054424,43.895096],[-124.054474,43.895103],[-124.054523,43.89511],[-124.054573,43.895119],[-124.055222,43.895219],[-124.055597,43.895288],[-124.055715,43.89531],[-124.055833,43.89533],[-124.055952,43.895348],[-124.056071,43.895366],[-124.056191,43.895381],[-124.056284,43.895393],[-124.056341,43.895398],[-124.056398,43.895403],[-124.056455,43.895407],[-124.056513,43.89541],[-124.05657,43.895412],[-124.056627,43.895414],[-124.056685,43.895415],[-124.056742,43.895415],[-124.0568,43.895415],[-124.056857,43.895414],[-124.056915,43.895412],[-124.056972,43.895409],[-124.05703,43.895406],[-124.057087,43.895402],[-124.057144,43.895397],[-124.057201,43.895392],[-124.057258,43.895386],[-124.057315,43.895379],[-124.057371,43.895371],[-124.057427,43.895363],[-124.057484,43.895354],[-124.057539,43.895344],[-124.057595,43.895334],[-124.057651,43.895322],[-124.057706,43.895311],[-124.05776,43.895298],[-124.057815,43.895285],[-124.057869,43.895271],[-124.057923,43.895256],[-124.057977,43.895241],[-124.05803,43.895225],[-124.058082,43.895209],[-124.058087,43.895207],[-124.058197,43.895169],[-124.058305,43.895129],[-124.058413,43.895088],[-124.058519,43.895046],[-124.058625,43.895003],[-124.058701,43.89497],[-124.058706,43.894968],[-124.058707,43.894968],[-124.059033,43.894828],[-124.05911,43.894794],[-124.05921,43.894753],[-124.05931,43.894712],[-124.059411,43.894673],[-124.059514,43.894636],[-124.059617,43.894599],[-124.059651,43.894589],[-124.059698,43.894575],[-124.059745,43.894561],[-124.059793,43.894548],[-124.059841,43.894536],[-124.059889,43.894524],[-124.059938,43.894513],[-124.059976,43.894505],[-124.059987,43.894503],[-124.060074,43.894487],[-124.060185,43.894469],[-124.060298,43.894451],[-124.060411,43.894436],[-124.060524,43.894421],[-124.060637,43.894408],[-124.062224,43.894217],[-124.062828,43.894146],[-124.063164,43.894098],[-124.063204,43.89409],[-124.063244,43.894083],[-124.063283,43.894074],[-124.063323,43.894065],[-124.063362,43.894056],[-124.063401,43.894046],[-124.06344,43.894036],[-124.063478,43.894025],[-124.063516,43.894014],[-124.063554,43.894002],[-124.063592,43.89399],[-124.063629,43.893977],[-124.063666,43.893964],[-124.063703,43.89395],[-124.063739,43.893936],[-124.063775,43.893921],[-124.063811,43.893906],[-124.063846,43.893891],[-124.063881,43.893875],[-124.063915,43.893859],[-124.063949,43.893842],[-124.063983,43.893825],[-124.064016,43.893807],[-124.064049,43.893789],[-124.064081,43.893771],[-124.064113,43.893752],[-124.064145,43.893732],[-124.064176,43.893713],[-124.064206,43.893693],[-124.064236,43.893672],[-124.064266,43.893651],[-124.064295,43.89363],[-124.064323,43.893609],[-124.064351,43.893587],[-124.064379,43.893565],[-124.064406,43.893542],[-124.064432,43.893519],[-124.064458,43.893496],[-124.064483,43.893472],[-124.064508,43.893448],[-124.064532,43.893424],[-124.064556,43.8934],[-124.064578,43.893375],[-124.064601,43.89335],[-124.064622,43.893324],[-124.064643,43.893299],[-124.064664,43.893273],[-124.064684,43.893247],[-124.064703,43.89322],[-124.064722,43.893194],[-124.064722,43.893193],[-124.06473,43.893181],[-124.064748,43.893154],[-124.064765,43.893127],[-124.064781,43.8931],[-124.064797,43.893072],[-124.064812,43.893044],[-124.064826,43.893016],[-124.06484,43.892988],[-124.064853,43.89296],[-124.064865,43.892931],[-124.064876,43.892903],[-124.064887,43.892874],[-124.064898,43.892845],[-124.064907,43.892816],[-124.064916,43.892787],[-124.064924,43.892758],[-124.064931,43.892728],[-124.064938,43.892699],[-124.064944,43.892669],[-124.064949,43.89264],[-124.064953,43.89261],[-124.064957,43.89258],[-124.06496,43.892551],[-124.064963,43.892521],[-124.064964,43.892491],[-124.064965,43.892461],[-124.064965,43.892431],[-124.064965,43.892402],[-124.064964,43.892372],[-124.064962,43.892342],[-124.064959,43.892312],[-124.064956,43.892282],[-124.064951,43.892253],[-124.064947,43.892223],[-124.064941,43.892194],[-124.064935,43.892164],[-124.064928,43.892135],[-124.064924,43.892122],[-124.064779,43.891705],[-124.064737,43.891591],[-124.06473,43.891574],[-124.064694,43.891482],[-124.06466,43.891389],[-124.064629,43.891296],[-124.0646,43.891202],[-124.064595,43.891181],[-124.064584,43.891139],[-124.064574,43.891096],[-124.064566,43.891053],[-124.064559,43.89101],[-124.064552,43.890967],[-124.064547,43.890924],[-124.064542,43.890881],[-124.064539,43.890837],[-124.064537,43.890794],[-124.064536,43.890776],[-124.064534,43.89068],[-124.064534,43.890583],[-124.064536,43.890487],[-124.06454,43.890391],[-124.064599,43.889775],[-124.064606,43.889695],[-124.064613,43.889626],[-124.064618,43.889571],[-124.064627,43.889476],[-124.064633,43.889408],[-124.064638,43.889353],[-124.064708,43.888613],[-124.064727,43.888415],[-124.064729,43.888395],[-124.064819,43.887441],[-124.06483,43.887328],[-124.064863,43.886979],[-124.064991,43.885625],[-124.06511,43.884372],[-124.065139,43.884059],[-124.065183,43.883597],[-124.065187,43.88354],[-124.065203,43.883375],[-124.065222,43.88321],[-124.065245,43.883045],[-124.065273,43.882881],[-124.065304,43.882717],[-124.065339,43.882553],[-124.065377,43.882393],[-124.065382,43.88238],[-124.065406,43.882316],[-124.065431,43.882253],[-124.065455,43.882198],[-124.065455,43.882196],[-124.065458,43.88219],[-124.065487,43.882127],[-124.065517,43.882064],[-124.065548,43.882002],[-124.065581,43.88194],[-124.065616,43.881879],[-124.065652,43.881818],[-124.065689,43.881758],[-124.065728,43.881698],[-124.065768,43.881638],[-124.06581,43.88158],[-124.065853,43.881521],[-124.06586,43.881512],[-124.065861,43.881511],[-124.065898,43.881463],[-124.065944,43.881406],[-124.065991,43.88135],[-124.06604,43.881293],[-124.06609,43.881238],[-124.066141,43.881183],[-124.066189,43.881138],[-124.06633,43.881008],[-124.066474,43.880879],[-124.066621,43.880752],[-124.066771,43.880627],[-124.066924,43.880503],[-124.06708,43.880382],[-124.067239,43.880263],[-124.06724,43.880262],[-124.067241,43.880262],[-124.068908,43.878992],[-124.069004,43.878919],[-124.069098,43.878845],[-124.06919,43.87877],[-124.06928,43.878694],[-124.069297,43.878679],[-124.069338,43.878641],[-124.069358,43.878623],[-124.069379,43.878603],[-124.069418,43.878564],[-124.069457,43.878525],[-124.069495,43.878485],[-124.069531,43.878445],[-124.069567,43.878405],[-124.069602,43.878364],[-124.069636,43.878322],[-124.069668,43.87828],[-124.0697,43.878238],[-124.069731,43.878195],[-124.06976,43.878152],[-124.069789,43.878109],[-124.069817,43.878065],[-124.069826,43.878049],[-124.069879,43.877956],[-124.06993,43.877862],[-124.069978,43.877768],[-124.070024,43.877673],[-124.070032,43.877655],[-124.070156,43.877396],[-124.070164,43.877378],[-124.070208,43.877288],[-124.070254,43.877198],[-124.070302,43.877109],[-124.070353,43.87702],[-124.070375,43.876984],[-124.070401,43.876945],[-124.070428,43.876906],[-124.070455,43.876868],[-124.070484,43.87683],[-124.070513,43.876792],[-124.070543,43.876755],[-124.070575,43.876718],[-124.070607,43.876681],[-124.07064,43.876645],[-124.070674,43.876609],[-124.070709,43.876574],[-124.070744,43.876539],[-124.070781,43.876505],[-124.070818,43.876471],[-124.070856,43.876438],[-124.070895,43.876405],[-124.070934,43.876372],[-124.070975,43.87634],[-124.071016,43.876309],[-124.071058,43.876278],[-124.071101,43.876247],[-124.071144,43.876217],[-124.071188,43.876188],[-124.071233,43.876159],[-124.071279,43.876131],[-124.071325,43.876104],[-124.071354,43.876087],[-124.071372,43.876077],[-124.071419,43.87605],[-124.071467,43.876024],[-124.071516,43.875999],[-124.071565,43.875975],[-124.071587,43.875965],[-124.071699,43.875914],[-124.071812,43.875864],[-124.071927,43.875816],[-124.072042,43.87577],[-124.073653,43.875122],[-124.073996,43.874984],[-124.074182,43.874909],[-124.074366,43.874831],[-124.074549,43.874751],[-124.074695,43.874685],[-124.074776,43.874645],[-124.074856,43.874605],[-124.074936,43.874563],[-124.075014,43.87452],[-124.075091,43.874476],[-124.075167,43.874431],[-124.075242,43.874385],[-124.075316,43.874338],[-124.075389,43.874291],[-124.075461,43.874242],[-124.075531,43.874193],[-124.075601,43.874142],[-124.075669,43.874091],[-124.075736,43.874039],[-124.075801,43.873986],[-124.075865,43.873932],[-124.075928,43.873878],[-124.07599,43.873822],[-124.07605,43.873766],[-124.076109,43.873709],[-124.076141,43.873678],[-124.077884,43.871574],[-124.078825,43.870439],[-124.078829,43.870434],[-124.078934,43.870307],[-124.079088,43.870129],[-124.079247,43.869952],[-124.079321,43.869878],[-124.079439,43.869767],[-124.079562,43.86966],[-124.079691,43.869556],[-124.079825,43.869455],[-124.079964,43.869358],[-124.080108,43.869265],[-124.080256,43.869176],[-124.080409,43.86909],[-124.080566,43.869009],[-124.080786,43.868907],[-124.081009,43.868809],[-124.081235,43.868714],[-124.081563,43.868578],[-124.081741,43.868503],[-124.081915,43.868425],[-124.082085,43.868342],[-124.082252,43.868255],[-124.082365,43.868186],[-124.082474,43.868113],[-124.082577,43.868036],[-124.082675,43.867956],[-124.082767,43.867872],[-124.082852,43.867785],[-124.082932,43.867694],[-124.083003,43.867604],[-124.083068,43.867512],[-124.083126,43.867417],[-124.083178,43.86732],[-124.083223,43.867222],[-124.083262,43.867122],[-124.083294,43.867021],[-124.083318,43.866919],[-124.083336,43.866816],[-124.083347,43.866713],[-124.083351,43.866609],[-124.083348,43.866505],[-124.083337,43.866402],[-124.08332,43.866299],[-124.083296,43.866197],[-124.083265,43.866096],[-124.083213,43.86597],[-124.083145,43.865823],[-124.083071,43.865679],[-124.08299,43.865537],[-124.08299,43.865536],[-124.082844,43.865284],[-124.082774,43.86516],[-124.082708,43.865035],[-124.082646,43.864909],[-124.082606,43.864815],[-124.082572,43.864719],[-124.082544,43.864622],[-124.08252,43.864525],[-124.082502,43.864427],[-124.082485,43.864283],[-124.082474,43.864139],[-124.082469,43.864027],[-124.082467,43.863978],[-124.082088,43.863981],[-124.08209,43.864033],[-124.082095,43.864145],[-124.082107,43.8643],[-124.082124,43.864454],[-124.082145,43.864564],[-124.082171,43.864674],[-124.082204,43.864783],[-124.082242,43.864891],[-124.082287,43.864998],[-124.082352,43.86513],[-124.082421,43.865261],[-124.082495,43.865391],[-124.082642,43.865645],[-124.082703,43.865752],[-124.082761,43.86586],[-124.082814,43.86597],[-124.082859,43.86607],[-124.0829,43.866171],[-124.082928,43.866263],[-124.082949,43.866357],[-124.082963,43.866451],[-124.082971,43.866545],[-124.082972,43.86664],[-124.082966,43.866734],[-124.082953,43.866829],[-124.082934,43.866922],[-124.082908,43.867015],[-124.082875,43.867107],[-124.082836,43.867197],[-124.082791,43.867286],[-124.082739,43.867373],[-124.082681,43.867458],[-124.082617,43.867541],[-124.082548,43.867621],[-124.082473,43.867698],[-124.082393,43.867772],[-124.082308,43.867843],[-124.082218,43.867911],[-124.082124,43.867975],[-124.082025,43.868035],[-124.081869,43.868117],[-124.081709,43.868194],[-124.081545,43.868268],[-124.081378,43.868338],[-124.081049,43.868475],[-124.080815,43.868573],[-124.080585,43.868675],[-124.080358,43.86878],[-124.080194,43.868864],[-124.080034,43.868953],[-124.079878,43.869046],[-124.079727,43.869143],[-124.079581,43.869244],[-124.07944,43.869348],[-124.079305,43.869456],[-124.079174,43.869568],[-124.07905,43.869682],[-124.078931,43.8698],[-124.078871,43.869866],[-124.078745,43.870007],[-124.078622,43.87015],[-124.078502,43.870295],[-124.078502,43.870295],[-124.07836,43.870468],[-124.076255,43.873043],[-124.07617,43.873145],[-124.07606,43.873271],[-124.075958,43.873384],[-124.075947,43.873396],[-124.075831,43.87352],[-124.075756,43.873477],[-124.075728,43.873506],[-124.075674,43.873558],[-124.075619,43.873609],[-124.075563,43.87366],[-124.075505,43.87371],[-124.075447,43.873759],[-124.075387,43.873807],[-124.075326,43.873855],[-124.075264,43.873901],[-124.0752,43.873947],[-124.075136,43.873993],[-124.075071,43.874037],[-124.075004,43.874081],[-124.074937,43.874123],[-124.074868,43.874165],[-124.074799,43.874206],[-124.074728,43.874246],[-124.074657,43.874285],[-124.074584,43.874324],[-124.074511,43.874361],[-124.074437,43.874398],[-124.074299,43.87446],[-124.074124,43.874537],[-124.073946,43.874611],[-124.073768,43.874684],[-124.073812,43.874744],[-124.072899,43.875111],[-124.071861,43.875529],[-124.071739,43.875578],[-124.071619,43.875628],[-124.0715,43.87568],[-124.071382,43.875734],[-124.07136,43.875744],[-124.071305,43.875771],[-124.071251,43.875799],[-124.071197,43.875828],[-124.071144,43.875857],[-124.071092,43.875887],[-124.071041,43.875918],[-124.07099,43.875949],[-124.07094,43.875981],[-124.070891,43.876013],[-124.070843,43.876046],[-124.070795,43.87608],[-124.070749,43.876114],[-124.070703,43.876149],[-124.070658,43.876184],[-124.070614,43.87622],[-124.07057,43.876257],[-124.070528,43.876294],[-124.070523,43.876298],[-124.070517,43.876196],[-124.070474,43.876234],[-124.070431,43.876272],[-124.070389,43.876311],[-124.070348,43.87635],[-124.070308,43.87639],[-124.070268,43.876431],[-124.07023,43.876471],[-124.070193,43.876513],[-124.070157,43.876555],[-124.070122,43.876597],[-124.070088,43.87664],[-124.070055,43.876683],[-124.070023,43.876726],[-124.069992,43.87677],[-124.069962,43.876814],[-124.069933,43.876859],[-124.069916,43.876887],[-124.069862,43.876981],[-124.069811,43.877076],[-124.069762,43.877172],[-124.069716,43.877268],[-124.069707,43.877286],[-124.069583,43.877545],[-124.069575,43.877563],[-124.069532,43.877652],[-124.069486,43.877741],[-124.069439,43.877829],[-124.069389,43.877916],[-124.069386,43.877921],[-124.069362,43.87796],[-124.069337,43.877998],[-124.069311,43.878035],[-124.069285,43.878073],[-124.069257,43.87811],[-124.069228,43.878147],[-124.069199,43.878183],[-124.069169,43.878219],[-124.069137,43.878254],[-124.069105,43.87829],[-124.069073,43.878324],[-124.069039,43.878359],[-124.069004,43.878393],[-124.068969,43.878426],[-124.068933,43.878459],[-124.068917,43.878473],[-124.068832,43.878545],[-124.068748,43.878614],[-124.068745,43.878616],[-124.068657,43.878686],[-124.068567,43.878754],[-124.066901,43.880023],[-124.0669,43.880024],[-124.066736,43.880146],[-124.066574,43.880272],[-124.066416,43.8804],[-124.06626,43.880529],[-124.066108,43.880661],[-124.065959,43.880794],[-124.065813,43.88093],[-124.065763,43.880976],[-124.065707,43.881036],[-124.065652,43.881096],[-124.065599,43.881157],[-124.065547,43.881219],[-124.065496,43.881281],[-124.065448,43.881344],[-124.0654,43.881407],[-124.065354,43.881472],[-124.065328,43.88151],[-124.065327,43.881512],[-124.06531,43.881536],[-124.065267,43.881601],[-124.065226,43.881667],[-124.065187,43.881733],[-124.065149,43.8818],[-124.065112,43.881867],[-124.065077,43.881935],[-124.065044,43.882003],[-124.065013,43.882072],[-124.064983,43.882141],[-124.064961,43.882196],[-124.06496,43.882198],[-124.064955,43.88221],[-124.064929,43.882279],[-124.064913,43.882322],[-124.064871,43.882497],[-124.064835,43.882667],[-124.064802,43.882837],[-124.064774,43.883007],[-124.06475,43.883178],[-124.06473,43.883349],[-124.064714,43.883521],[-124.06471,43.883577],[-124.06471,43.883579],[-124.0646,43.884721],[-124.0646,43.884723],[-124.0646,43.884725],[-124.064601,43.884741],[-124.064602,43.88475],[-124.064534,43.885462],[-124.064518,43.885627],[-124.064498,43.885832],[-124.064498,43.885835],[-124.064588,43.885836],[-124.064511,43.886661],[-124.064455,43.887256],[-124.064455,43.887257],[-124.064452,43.887283],[-124.064417,43.887653],[-124.064385,43.887998],[-124.064346,43.888417],[-124.064283,43.889082],[-124.064269,43.889231],[-124.064227,43.889677],[-124.064205,43.889911],[-124.064162,43.890371],[-124.064157,43.890472],[-124.064157,43.890486],[-124.064154,43.890574],[-124.064154,43.890676],[-124.064157,43.890778],[-124.064158,43.890797],[-124.06416,43.890845],[-124.064163,43.890893],[-124.064168,43.890941],[-124.064174,43.890989],[-124.064181,43.891037],[-124.064189,43.891085],[-124.064198,43.891132],[-124.064209,43.89118],[-124.064221,43.891227],[-124.064229,43.89126],[-124.06426,43.891358],[-124.064261,43.891362],[-124.064293,43.891456],[-124.064328,43.891553],[-124.064365,43.89165],[-124.064372,43.891667],[-124.064373,43.891669],[-124.064415,43.891776],[-124.064419,43.891787],[-124.064473,43.891933],[-124.064479,43.891949],[-124.064499,43.892002],[-124.064517,43.892056],[-124.064534,43.89211],[-124.064549,43.892164],[-124.064552,43.892172],[-124.064554,43.892183],[-124.06456,43.892208],[-124.064566,43.892233],[-124.06457,43.892258],[-124.064574,43.892283],[-124.064578,43.892307],[-124.064581,43.892332],[-124.064583,43.892357],[-124.064585,43.892382],[-124.064586,43.892407],[-124.064586,43.892432],[-124.064586,43.892458],[-124.064585,43.892483],[-124.064584,43.892508],[-124.064582,43.892533],[-124.064579,43.892558],[-124.064576,43.892582],[-124.064572,43.892607],[-124.064568,43.892632],[-124.064563,43.892657],[-124.064557,43.892682],[-124.064551,43.892706],[-124.064544,43.892731],[-124.064537,43.892755],[-124.064529,43.89278],[-124.064521,43.892804],[-124.064511,43.892828],[-124.064502,43.892852],[-124.064491,43.892876],[-124.064481,43.8929],[-124.064469,43.892923],[-124.064457,43.892947],[-124.064445,43.89297],[-124.064431,43.892993],[-124.064418,43.893016],[-124.064404,43.893039],[-124.064389,43.893062],[-124.064373,43.893084],[-124.064358,43.893107],[-124.064341,43.893129],[-124.064324,43.893151],[-124.064307,43.893172],[-124.064289,43.893194],[-124.06427,43.893215],[-124.064251,43.893236],[-124.064232,43.893256],[-124.064212,43.893277],[-124.064191,43.893297],[-124.06417,43.893317],[-124.064149,43.893337],[-124.064127,43.893356],[-124.064105,43.893375],[-124.064082,43.893394],[-124.064058,43.893412],[-124.064035,43.893431],[-124.064011,43.893449],[-124.063986,43.893466],[-124.063961,43.893484],[-124.063936,43.8935],[-124.06391,43.893517],[-124.063883,43.893534],[-124.063857,43.89355],[-124.06383,43.893565],[-124.063802,43.89358],[-124.063775,43.893595],[-124.063747,43.89361],[-124.063718,43.893624],[-124.063689,43.893638],[-124.06366,43.893652],[-124.063656,43.893654],[-124.063631,43.893665],[-124.063601,43.893678],[-124.063571,43.89369],[-124.06354,43.893702],[-124.06351,43.893714],[-124.063479,43.893725],[-124.063448,43.893736],[-124.063416,43.893747],[-124.063385,43.893757],[-124.063353,43.893766],[-124.06332,43.893776],[-124.063288,43.893784],[-124.063255,43.893793],[-124.063223,43.893801],[-124.06319,43.893809],[-124.063156,43.893816],[-124.063123,43.893823],[-124.06309,43.893829],[-124.062756,43.893876],[-124.062162,43.893947],[-124.061952,43.893972],[-124.060581,43.894137],[-124.060461,43.894151],[-124.060342,43.894166],[-124.060222,43.894183],[-124.060104,43.894201],[-124.059985,43.89422],[-124.059893,43.894237],[-124.059838,43.894248],[-124.059783,43.894261],[-124.059729,43.894274],[-124.059674,43.894288],[-124.05962,43.894302],[-124.059567,43.894317],[-124.059514,43.894333],[-124.059461,43.894349],[-124.059453,43.894352],[-124.059344,43.89439],[-124.059236,43.89443],[-124.059129,43.894471],[-124.059023,43.894514],[-124.058917,43.894558],[-124.058836,43.894593],[-124.058511,43.894733],[-124.05851,43.894733],[-124.058434,43.894766],[-124.058334,43.894807],[-124.058233,43.894847],[-124.058132,43.894885],[-124.058029,43.894923],[-124.057926,43.894959],[-124.057888,43.894971],[-124.057841,43.894985],[-124.057793,43.894999],[-124.057746,43.895012],[-124.057698,43.895024],[-124.05765,43.895036],[-124.057601,43.895047],[-124.057552,43.895058],[-124.057514,43.895065],[-124.057503,43.895067],[-124.057454,43.895077],[-124.057405,43.895086],[-124.057355,43.895094],[-124.057305,43.895101],[-124.057255,43.895108],[-124.057205,43.895114],[-124.057155,43.89512],[-124.057104,43.895125],[-124.057054,43.895129],[-124.057003,43.895133],[-124.056953,43.895136],[-124.056902,43.895138],[-124.056851,43.89514],[-124.0568,43.895141],[-124.056749,43.895141],[-124.056698,43.895141],[-124.056647,43.89514],[-124.056597,43.895139],[-124.056546,43.895137],[-124.056495,43.895134],[-124.056444,43.89513],[-124.056394,43.895126],[-124.056343,43.895122],[-124.056255,43.895111],[-124.056142,43.895096],[-124.056029,43.89508],[-124.055917,43.895062],[-124.055805,43.895043],[-124.055694,43.895023],[-124.05532,43.894954],[-124.054634,43.894848],[-124.054578,43.894839],[-124.054521,43.894831],[-124.054465,43.894823],[-124.054408,43.894816],[-124.054351,43.89481],[-124.054294,43.894804],[-124.054236,43.8948],[-124.054179,43.894796],[-124.054122,43.894792],[-124.054064,43.89479],[-124.054007,43.894788],[-124.053949,43.894787],[-124.053891,43.894786],[-124.053834,43.894787],[-124.053776,43.894788],[-124.053719,43.89479],[-124.053661,43.894792],[-124.053604,43.894795],[-124.053546,43.894799],[-124.053489,43.894804],[-124.053432,43.894809],[-124.053375,43.894815],[-124.053318,43.894822],[-124.053261,43.89483],[-124.053205,43.894838],[-124.053149,43.894847],[-124.053093,43.894857],[-124.053037,43.894867],[-124.052981,43.894878],[-124.052926,43.89489],[-124.052871,43.894903],[-124.052817,43.894916],[-124.052762,43.89493],[-124.052708,43.894944],[-124.052655,43.894959],[-124.052601,43.894975],[-124.052549,43.894992],[-124.052496,43.895009],[-124.052444,43.895027],[-124.052393,43.895046],[-124.052341,43.895065],[-124.052291,43.895085],[-124.052241,43.895105],[-124.052191,43.895126],[-124.052142,43.895148],[-124.052093,43.89517],[-124.052045,43.895193],[-124.051998,43.895217],[-124.051951,43.895241],[-124.051904,43.895266],[-124.051859,43.895291],[-124.051813,43.895317],[-124.051769,43.895343],[-124.051725,43.89537],[-124.051682,43.895398],[-124.051651,43.895418],[-124.051591,43.895458],[-124.051532,43.895498],[-124.051475,43.895539],[-124.051418,43.895581],[-124.051362,43.895623],[-124.051307,43.895666],[-124.051253,43.89571],[-124.0512,43.895754],[-124.051149,43.895799],[-124.05112,43.895825],[-124.051041,43.895899],[-124.050964,43.895974],[-124.050889,43.896051],[-124.050815,43.896128],[-124.050743,43.896206],[-124.050673,43.896285],[-124.050605,43.896365],[-124.050539,43.896446],[-124.050475,43.896527],[-124.050413,43.89661],[-124.050353,43.896693],[-124.050295,43.896777],[-124.050239,43.896862],[-124.050185,43.896947],[-124.050133,43.897033],[-124.050083,43.89712],[-124.050059,43.897164],[-124.049957,43.897366],[-124.04986,43.89757],[-124.049768,43.897774],[-124.049681,43.89798],[-124.04966,43.898032],[-124.048781,43.900158],[-124.048258,43.901422],[-124.048159,43.901659],[-124.04814,43.901706],[-124.04803,43.901966],[-124.047915,43.902226],[-124.047881,43.902296],[-124.047792,43.902483],[-124.047664,43.902739],[-124.04753,43.902994],[-124.047389,43.903246],[-124.047243,43.903497],[-124.04709,43.903746],[-124.046931,43.903993],[-124.046849,43.904116],[-124.046767,43.904238],[-124.046596,43.904481],[-124.04642,43.904721],[-124.046238,43.90496],[-124.046205,43.905002],[-124.046153,43.905067],[-124.046098,43.905131],[-124.046042,43.905195],[-124.045985,43.905258],[-124.045926,43.90532],[-124.045866,43.905381],[-124.045804,43.905442],[-124.045741,43.905502],[-124.045676,43.905561],[-124.04561,43.905619],[-124.045542,43.905676],[-124.045516,43.9057],[-124.045498,43.905716],[-124.045458,43.905751],[-124.045399,43.905801],[-124.045338,43.905851],[-124.045276,43.9059],[-124.045213,43.905948],[-124.045149,43.905995],[-124.045084,43.906042],[-124.045018,43.906087],[-124.04495,43.906132],[-124.044882,43.906176],[-124.044812,43.906219],[-124.044683,43.906294],[-124.044521,43.906386],[-124.044356,43.906475],[-124.044189,43.906563],[-124.043621,43.906859],[-124.043449,43.906949],[-124.043279,43.907042],[-124.043111,43.907136],[-124.042978,43.907214],[-124.042903,43.90726],[-124.04283,43.907307],[-124.042757,43.907355],[-124.042686,43.907404],[-124.042616,43.907454],[-124.042547,43.907504],[-124.04248,43.907556],[-124.042414,43.907608],[-124.042349,43.907661],[-124.042285,43.907715],[-124.042222,43.90777],[-124.042191,43.907798],[-124.042062,43.907921],[-124.041937,43.908045],[-124.041814,43.908171],[-124.041718,43.908273],[-124.038791,43.911376],[-124.035692,43.914663],[-124.035527,43.914843],[-124.035396,43.91499],[-124.035366,43.915024],[-124.03521,43.915208],[-124.035059,43.915393],[-124.035022,43.91544],[-124.03496,43.915522],[-124.034901,43.915606],[-124.034843,43.91569],[-124.034788,43.915775],[-124.034735,43.91586],[-124.034683,43.915947],[-124.034634,43.916034],[-124.034587,43.916121],[-124.034542,43.916209],[-124.034499,43.916298],[-124.034459,43.916387],[-124.03442,43.916476],[-124.034384,43.916566],[-124.03435,43.916657],[-124.034318,43.916748],[-124.034288,43.916839],[-124.03426,43.916931],[-124.03426,43.916931],[-124.03426,43.916932],[-124.034208,43.917144],[-124.03416,43.917356],[-124.034118,43.91757],[-124.03408,43.917783],[-124.034072,43.917837],[-124.033935,43.918664],[-124.033785,43.919568],[-124.033769,43.919666],[-124.033766,43.919683],[-124.03375,43.919779],[-124.033731,43.919874],[-124.03371,43.919968],[-124.033687,43.920063],[-124.033677,43.920099],[-124.033664,43.920141],[-124.033649,43.920183],[-124.033634,43.920225],[-124.033618,43.920267],[-124.033601,43.920309],[-124.033582,43.92035],[-124.033563,43.920391],[-124.033543,43.920432],[-124.033522,43.920472],[-124.033499,43.920512],[-124.033476,43.920552],[-124.033452,43.920592],[-124.033427,43.920631],[-124.033401,43.92067],[-124.033374,43.920709],[-124.033346,43.920748],[-124.033318,43.920786],[-124.033288,43.920823],[-124.033257,43.92086],[-124.033226,43.920897],[-124.033193,43.920934],[-124.03316,43.92097],[-124.033126,43.921005],[-124.033091,43.921041],[-124.033055,43.921075],[-124.033018,43.92111],[-124.032981,43.921143],[-124.032943,43.921177],[-124.032903,43.921209],[-124.032887,43.921222],[-124.032797,43.921293],[-124.032705,43.921362],[-124.032612,43.921431],[-124.032517,43.921498],[-124.031375,43.922342],[-124.030864,43.922719],[-124.030779,43.922782],[-124.030695,43.922846],[-124.030653,43.92288],[-124.030613,43.922911],[-124.030533,43.922977],[-124.030454,43.923043],[-124.030394,43.923096],[-124.030356,43.923127],[-124.030319,43.923159],[-124.030283,43.923192],[-124.030248,43.923225],[-124.030213,43.923258],[-124.03018,43.923292],[-124.030147,43.923326],[-124.030115,43.92336],[-124.030083,43.923395],[-124.030053,43.92343],[-124.030023,43.923466],[-124.029995,43.923502],[-124.029967,43.923538],[-124.02994,43.923575],[-124.029914,43.923612],[-124.029889,43.92365],[-124.029865,43.923687],[-124.029841,43.923725],[-124.029819,43.923764],[-124.029798,43.923802],[-124.029777,43.923841],[-124.029757,43.92388],[-124.029739,43.92392],[-124.029721,43.923959],[-124.029704,43.923999],[-124.029689,43.924039],[-124.029674,43.924079],[-124.02966,43.92412],[-124.029647,43.92416],[-124.029635,43.924201],[-124.029625,43.924242],[-124.029615,43.924283],[-124.029606,43.924324],[-124.029598,43.924365],[-124.029591,43.924406],[-124.029585,43.924447],[-124.02958,43.924489],[-124.029576,43.92453],[-124.029573,43.924572],[-124.029571,43.924613],[-124.029571,43.924622],[-124.029571,43.924655],[-124.029571,43.924697],[-124.029572,43.924738],[-124.029574,43.92478],[-124.029577,43.924821],[-124.029581,43.924863],[-124.029586,43.924904],[-124.029592,43.924945],[-124.029599,43.924987],[-124.029606,43.925022],[-124.029608,43.925028],[-124.029617,43.925069],[-124.029627,43.92511],[-124.029638,43.925151],[-124.02965,43.925191],[-124.029663,43.925232],[-124.029677,43.925272],[-124.029692,43.925312],[-124.029708,43.925352],[-124.029725,43.925392],[-124.029743,43.925432],[-124.029762,43.925471],[-124.029781,43.92551],[-124.029802,43.925549],[-124.029824,43.925587],[-124.029846,43.925625],[-124.02987,43.925663],[-124.029894,43.925701],[-124.02992,43.925738],[-124.029946,43.925775],[-124.029973,43.925812],[-124.030001,43.925848],[-124.03003,43.925884],[-124.030059,43.92592],[-124.030085,43.925949],[-124.03009,43.925955],[-124.030121,43.92599],[-124.030154,43.926024],[-124.030187,43.926058],[-124.030221,43.926092],[-124.030255,43.926125],[-124.030291,43.926158],[-124.030327,43.92619],[-124.030364,43.926222],[-124.030402,43.926253],[-124.030441,43.926284],[-124.03048,43.926315],[-124.03052,43.926344],[-124.030561,43.926374],[-124.030602,43.926403],[-124.030644,43.926431],[-124.030687,43.926459],[-124.030731,43.926486],[-124.030775,43.926513],[-124.03082,43.926539],[-124.030865,43.926564],[-124.030911,43.926589],[-124.030958,43.926614],[-124.031005,43.926637],[-124.031053,43.92666],[-124.031101,43.926683],[-124.03115,43.926705],[-124.031199,43.926726],[-124.031249,43.926747],[-124.031299,43.926767],[-124.03135,43.926787],[-124.031402,43.926805],[-124.031453,43.926824],[-124.031505,43.926841],[-124.031558,43.926858],[-124.031611,43.926874],[-124.031664,43.92689],[-124.031684,43.926895],[-124.031796,43.926929],[-124.031909,43.926962],[-124.032023,43.926993],[-124.032028,43.926994],[-124.031992,43.927065],[-124.034712,43.927671],[-124.034644,43.927831],[-124.034727,43.927822],[-124.034779,43.927816],[-124.034884,43.927805],[-124.034965,43.927799],[-124.035058,43.927795],[-124.035162,43.927793],[-124.035227,43.927794],[-124.035335,43.927798],[-124.035435,43.927806],[-124.035535,43.927817],[-124.03558,43.927824],[-124.035612,43.927829],[-124.035693,43.927843],[-124.035782,43.927861],[-124.035855,43.927878],[-124.035902,43.92789],[-124.035949,43.927903],[-124.036,43.927891],[-124.036288,43.927962],[-124.036641,43.928055],[-124.036993,43.928152],[-124.037342,43.928253],[-124.037731,43.928369],[-124.040448,43.929178],[-124.040447,43.929326],[-124.041536,43.92965],[-124.042046,43.929654],[-124.044066,43.930255],[-124.04442,43.930361],[-124.044345,43.930492],[-124.044387,43.930504],[-124.044598,43.930563],[-124.044807,43.930624],[-124.045015,43.930688],[-124.045221,43.930755],[-124.045221,43.930604],[-124.045424,43.930671],[-124.04563,43.930743],[-124.045835,43.930817],[-124.046038,43.930894],[-124.046239,43.930973],[-124.046282,43.930993],[-124.046359,43.931028],[-124.046436,43.931064],[-124.046511,43.931102],[-124.046585,43.93114],[-124.046659,43.931179],[-124.046731,43.931219],[-124.046803,43.93126],[-124.046873,43.931302],[-124.046943,43.931345],[-124.047011,43.931388],[-124.047078,43.931433],[-124.047145,43.931478],[-124.04721,43.931524],[-124.047274,43.931571],[-124.047337,43.931619],[-124.047399,43.931667],[-124.047459,43.931717],[-124.047519,43.931767],[-124.047577,43.931818],[-124.047634,43.931869],[-124.047679,43.931915],[-124.047811,43.93205],[-124.047939,43.932186],[-124.048064,43.932324],[-124.048185,43.932464],[-124.048303,43.932605],[-124.048418,43.932748],[-124.048529,43.932892],[-124.048638,43.933031],[-124.050112,43.935039]]],[[[-124.049847,43.971964],[-124.049587,43.972075],[-124.049328,43.972189],[-124.049072,43.972306],[-124.04886,43.97241],[-124.048651,43.972519],[-124.048447,43.972631],[-124.048247,43.972748],[-124.048052,43.972868],[-124.047861,43.972993],[-124.047673,43.973123],[-124.04749,43.973256],[-124.047312,43.973394],[-124.04714,43.973534],[-124.046973,43.973679],[-124.046812,43.973826],[-124.046656,43.973977],[-124.046507,43.974131],[-124.046364,43.974288],[-124.046226,43.974447],[-124.046095,43.97461],[-124.045971,43.974775],[-124.045853,43.974942],[-124.045741,43.975112],[-124.045636,43.975284],[-124.045538,43.975458],[-124.045446,43.975634],[-124.045362,43.975811],[-124.045284,43.975991],[-124.045213,43.976173],[-124.045149,43.976356],[-124.045092,43.97654],[-124.045482,43.976537],[-124.045481,43.976538],[-124.045432,43.976716],[-124.045389,43.976894],[-124.045353,43.977074],[-124.045324,43.977254],[-124.045309,43.977371],[-124.045288,43.97762],[-124.045273,43.977869],[-124.045263,43.978119],[-124.045152,43.982475],[-124.045145,43.982732],[-124.045255,43.982709],[-124.045527,43.982652],[-124.045643,43.978125],[-124.045651,43.977902],[-124.045664,43.97768],[-124.045665,43.977663],[-124.045688,43.977393],[-124.045692,43.977358],[-124.045713,43.977207],[-124.045739,43.977057],[-124.045776,43.976882],[-124.04582,43.976709],[-124.045871,43.976536],[-124.04593,43.97636],[-124.045997,43.976186],[-124.04607,43.976013],[-124.04615,43.975842],[-124.046237,43.975672],[-124.046332,43.975504],[-124.046433,43.975339],[-124.04654,43.975176],[-124.046654,43.975015],[-124.046775,43.974856],[-124.046902,43.9747],[-124.047036,43.974547],[-124.047175,43.974397],[-124.047321,43.97425],[-124.047473,43.974106],[-124.04763,43.973965],[-124.047793,43.973828],[-124.047962,43.973694],[-124.048136,43.973564],[-124.048315,43.973438],[-124.048499,43.973315],[-124.048688,43.973197],[-124.048882,43.973082],[-124.04908,43.972972],[-124.049283,43.972866],[-124.04949,43.972764],[-124.049656,43.972688],[-124.049822,43.972614],[-124.050088,43.972498],[-124.050357,43.972385],[-124.052435,43.971531],[-124.054798,43.97056],[-124.055818,43.97014],[-124.055917,43.9701],[-124.056154,43.970002],[-124.056326,43.969926],[-124.056495,43.969847],[-124.056661,43.969765],[-124.056823,43.969679],[-124.056841,43.969669],[-124.056945,43.969606],[-124.057044,43.969539],[-124.057139,43.969468],[-124.057229,43.969395],[-124.057233,43.969392],[-124.057236,43.96939],[-124.05724,43.969386],[-124.057324,43.96931],[-124.057403,43.969232],[-124.057477,43.969151],[-124.057545,43.969067],[-124.057608,43.968982],[-124.057666,43.968894],[-124.057678,43.968875],[-124.057728,43.96889],[-124.057852,43.968929],[-124.057907,43.968832],[-124.057956,43.968732],[-124.057998,43.968632],[-124.058033,43.968529],[-124.058062,43.968426],[-124.058083,43.968329],[-124.058002,43.968321],[-124.057895,43.968311],[-124.057906,43.968239],[-124.057906,43.968239],[-124.057906,43.968238],[-124.057909,43.968219],[-124.057909,43.968218],[-124.057912,43.968188],[-124.057914,43.968168],[-124.057919,43.968078],[-124.057919,43.967988],[-124.057914,43.967899],[-124.057903,43.96781],[-124.057887,43.967721],[-124.057866,43.967633],[-124.057819,43.967488],[-124.057797,43.967427],[-124.057749,43.967304],[-124.057695,43.967182],[-124.057635,43.967061],[-124.057057,43.965865],[-124.056997,43.965741],[-124.056924,43.965587],[-124.056854,43.965433],[-124.056788,43.965277],[-124.056731,43.965139],[-124.056681,43.964999],[-124.056638,43.964859],[-124.056602,43.964717],[-124.056574,43.964574],[-124.056552,43.964431],[-124.056538,43.964287],[-124.056531,43.964146],[-124.056532,43.964005],[-124.056539,43.963864],[-124.056554,43.963723],[-124.056575,43.963583],[-124.056603,43.963443],[-124.056638,43.963304],[-124.056681,43.963167],[-124.05673,43.96303],[-124.056785,43.962895],[-124.056848,43.962761],[-124.056895,43.962656],[-124.056971,43.962497],[-124.057051,43.96234],[-124.057071,43.962302],[-124.057321,43.961841],[-124.057458,43.961583],[-124.057588,43.961322],[-124.057712,43.96106],[-124.057779,43.960883],[-124.057838,43.960704],[-124.057891,43.960524],[-124.057937,43.960343],[-124.057976,43.960161],[-124.058007,43.959978],[-124.058032,43.959795],[-124.058049,43.959611],[-124.058059,43.959427],[-124.058062,43.959243],[-124.058058,43.959059],[-124.058047,43.958875],[-124.058034,43.958741],[-124.058018,43.958606],[-124.057961,43.958332],[-124.057897,43.958059],[-124.057826,43.957787],[-124.057183,43.955423],[-124.057153,43.955312],[-124.057121,43.955195],[-124.057084,43.955048],[-124.057051,43.954901],[-124.057022,43.954753],[-124.057013,43.954695],[-124.057004,43.954629],[-124.056997,43.954563],[-124.056991,43.954497],[-124.056987,43.954431],[-124.056985,43.954365],[-124.056984,43.954298],[-124.056985,43.954232],[-124.056987,43.954166],[-124.056991,43.9541],[-124.056997,43.954034],[-124.057004,43.953968],[-124.057013,43.953902],[-124.057023,43.953836],[-124.057076,43.95351],[-124.057222,43.952697],[-124.057332,43.952158],[-124.057387,43.951885],[-124.05755,43.951173],[-124.057589,43.951009],[-124.057589,43.951009],[-124.057777,43.950268],[-124.058499,43.947478],[-124.058538,43.947327],[-124.058574,43.947175],[-124.058606,43.947023],[-124.058629,43.9469],[-124.058639,43.946829],[-124.058647,43.946759],[-124.058654,43.946688],[-124.058659,43.946617],[-124.058662,43.946546],[-124.058664,43.946475],[-124.058663,43.946404],[-124.058662,43.946333],[-124.058658,43.946262],[-124.058653,43.946191],[-124.058646,43.94612],[-124.058637,43.94605],[-124.058626,43.945979],[-124.058614,43.945909],[-124.0586,43.945838],[-124.058585,43.945768],[-124.058568,43.945698],[-124.058549,43.945629],[-124.058528,43.945559],[-124.058506,43.94549],[-124.058482,43.945421],[-124.058456,43.945353],[-124.058429,43.945285],[-124.0584,43.945217],[-124.05837,43.945149],[-124.058338,43.945082],[-124.058304,43.945016],[-124.058268,43.94495],[-124.058262,43.944938],[-124.058232,43.944885],[-124.058201,43.944832],[-124.058191,43.944817],[-124.058168,43.94478],[-124.058134,43.944728],[-124.058099,43.944677],[-124.058063,43.944626],[-124.058025,43.944576],[-124.057986,43.944526],[-124.057947,43.944476],[-124.057905,43.944427],[-124.057881,43.944399],[-124.057789,43.944299],[-124.057695,43.944199],[-124.057608,43.944112],[-124.057409,43.94391],[-124.057142,43.943634],[-124.057092,43.94358],[-124.057028,43.943511],[-124.056967,43.94344],[-124.056907,43.943369],[-124.056849,43.943298],[-124.056793,43.943225],[-124.056777,43.943202],[-124.056754,43.943169],[-124.056732,43.943136],[-124.056711,43.943102],[-124.056691,43.943068],[-124.056672,43.943034],[-124.056653,43.943],[-124.056636,43.942966],[-124.056619,43.942931],[-124.056603,43.942896],[-124.056588,43.942861],[-124.056573,43.942826],[-124.05656,43.94279],[-124.056547,43.942754],[-124.056535,43.942719],[-124.056524,43.942683],[-124.056509,43.942619],[-124.05649,43.942537],[-124.056473,43.942455],[-124.056458,43.942373],[-124.056446,43.94229],[-124.056435,43.942207],[-124.056392,43.941884],[-124.05634,43.94149],[-124.056329,43.941413],[-124.056316,43.941336],[-124.056314,43.941321],[-124.056306,43.941283],[-124.056297,43.941244],[-124.056288,43.941206],[-124.056277,43.941168],[-124.056266,43.94113],[-124.056254,43.941092],[-124.05624,43.941054],[-124.056226,43.941016],[-124.056211,43.940979],[-124.056195,43.940942],[-124.056178,43.940905],[-124.056161,43.940868],[-124.056142,43.940831],[-124.056123,43.940795],[-124.056102,43.940759],[-124.056081,43.940723],[-124.056059,43.940688],[-124.056036,43.940652],[-124.056012,43.940617],[-124.055987,43.940583],[-124.055962,43.940548],[-124.055936,43.940514],[-124.055908,43.940481],[-124.05588,43.940447],[-124.055852,43.940414],[-124.055822,43.940382],[-124.055792,43.94035],[-124.055769,43.940326],[-124.055761,43.940318],[-124.055729,43.940286],[-124.055696,43.940255],[-124.055663,43.940225],[-124.055629,43.940194],[-124.055594,43.940165],[-124.055559,43.940135],[-124.055522,43.940106],[-124.055485,43.940078],[-124.055448,43.94005],[-124.05541,43.940023],[-124.055371,43.939996],[-124.055331,43.939969],[-124.055291,43.939943],[-124.05525,43.939918],[-124.055209,43.939893],[-124.055167,43.939868],[-124.055124,43.939845],[-124.055094,43.939828],[-124.055081,43.939821],[-124.055037,43.939798],[-124.054993,43.939776],[-124.054948,43.939754],[-124.054903,43.939733],[-124.054898,43.939731],[-124.054898,43.939731],[-124.054806,43.939691],[-124.054713,43.939651],[-124.054696,43.939644],[-124.054696,43.939644],[-124.054168,43.939433],[-124.054168,43.939433],[-124.053483,43.939159],[-124.053483,43.939159],[-124.053462,43.939151],[-124.053346,43.939104],[-124.053231,43.939056],[-124.053118,43.939006],[-124.053005,43.938955],[-124.053005,43.938955],[-124.052988,43.938947],[-124.052938,43.938922],[-124.05289,43.938897],[-124.052841,43.938871],[-124.052794,43.938845],[-124.052747,43.938818],[-124.0527,43.938791],[-124.052654,43.938763],[-124.05263,43.938747],[-124.05263,43.938747],[-124.052609,43.938734],[-124.052565,43.938705],[-124.052521,43.938675],[-124.052479,43.938645],[-124.052436,43.938614],[-124.052395,43.938583],[-124.052354,43.938551],[-124.05234,43.938539],[-124.052315,43.938519],[-124.052275,43.938486],[-124.052237,43.938452],[-124.0522,43.938418],[-124.052163,43.938384],[-124.052127,43.938349],[-124.052092,43.938314],[-124.052058,43.938279],[-124.052025,43.938243],[-124.051993,43.938206],[-124.051961,43.938169],[-124.051931,43.938132],[-124.051901,43.938094],[-124.051872,43.938056],[-124.051844,43.938018],[-124.051817,43.937979],[-124.051791,43.93794],[-124.051766,43.937901],[-124.051742,43.937861],[-124.051719,43.937821],[-124.051697,43.937781],[-124.051676,43.93774],[-124.051656,43.937699],[-124.051637,43.937658],[-124.051618,43.937617],[-124.051601,43.937576],[-124.051585,43.937534],[-124.05157,43.937492],[-124.051556,43.93745],[-124.051543,43.937408],[-124.051538,43.93739],[-124.051513,43.937296],[-124.051491,43.937202],[-124.051471,43.937107],[-124.051453,43.937012],[-124.051405,43.936752],[-124.051362,43.936521],[-124.051342,43.936421],[-124.05132,43.936322],[-124.051296,43.936223],[-124.051269,43.936124],[-124.051264,43.936106],[-124.051249,43.936059],[-124.051233,43.936012],[-124.051215,43.935966],[-124.051197,43.935919],[-124.051177,43.935873],[-124.051157,43.935828],[-124.051135,43.935782],[-124.051123,43.935758],[-124.051123,43.935758],[-124.051123,43.935758],[-124.050707,43.935267],[-124.050693,43.935251],[-124.05067,43.935228],[-124.050645,43.935206],[-124.050629,43.935195],[-124.050597,43.935176],[-124.050576,43.935168],[-124.050562,43.935163],[-124.050535,43.935158],[-124.050521,43.935156],[-124.050489,43.935154],[-124.050475,43.935153],[-124.050436,43.935154],[-124.05041,43.935156],[-124.050383,43.935158],[-124.050342,43.935163],[-124.050339,43.935164],[-124.050292,43.935172],[-124.050275,43.935175],[-124.050221,43.935188],[-124.05033,43.935336],[-124.050341,43.935352],[-124.050403,43.935437],[-124.050463,43.935522],[-124.050521,43.935609],[-124.050569,43.935684],[-124.050576,43.935696],[-124.05059,43.935719],[-124.050613,43.935759],[-124.050634,43.9358],[-124.050655,43.93584],[-124.050675,43.935881],[-124.050694,43.935922],[-124.050712,43.935964],[-124.050729,43.936005],[-124.050745,43.936047],[-124.050759,43.936089],[-124.050773,43.936131],[-124.050786,43.936174],[-124.050798,43.936216],[-124.050802,43.936233],[-124.050824,43.936328],[-124.050843,43.936423],[-124.05086,43.936518],[-124.050874,43.936614],[-124.050897,43.936754],[-124.050706,43.936755],[-124.05073,43.936902],[-124.050746,43.937004],[-124.050765,43.937106],[-124.050787,43.937208],[-124.050811,43.93731],[-124.050815,43.937329],[-124.050829,43.937378],[-124.050844,43.937427],[-124.050861,43.937476],[-124.050878,43.937525],[-124.050897,43.937574],[-124.050917,43.937622],[-124.050938,43.937671],[-124.05096,43.937718],[-124.050984,43.937766],[-124.051008,43.937813],[-124.051034,43.93786],[-124.051061,43.937907],[-124.051088,43.937953],[-124.051117,43.937999],[-124.051148,43.938045],[-124.051179,43.93809],[-124.051211,43.938135],[-124.051244,43.938179],[-124.051279,43.938223],[-124.051314,43.938267],[-124.051351,43.93831],[-124.051389,43.938352],[-124.051427,43.938394],[-124.051467,43.938436],[-124.051507,43.938477],[-124.051549,43.938518],[-124.051592,43.938558],[-124.051635,43.938597],[-124.05168,43.938636],[-124.051725,43.938675],[-124.051771,43.938712],[-124.051819,43.93875],[-124.051867,43.938786],[-124.051916,43.938822],[-124.051966,43.938858],[-124.052016,43.938892],[-124.052068,43.938926],[-124.05212,43.93896],[-124.052174,43.938993],[-124.052228,43.939025],[-124.052282,43.939056],[-124.052338,43.939087],[-124.052394,43.939117],[-124.052451,43.939146],[-124.052484,43.939163],[-124.052484,43.939163],[-124.052603,43.939219],[-124.052724,43.939274],[-124.052846,43.939328],[-124.05297,43.93938],[-124.052992,43.939389],[-124.052992,43.939389],[-124.053915,43.939773],[-124.053915,43.939773],[-124.053936,43.939782],[-124.054048,43.939829],[-124.054158,43.939877],[-124.054268,43.939927],[-124.054375,43.939978],[-124.054376,43.939978],[-124.054376,43.939979],[-124.054382,43.939981],[-124.054428,43.940005],[-124.054474,43.940029],[-124.054519,43.940054],[-124.054564,43.940079],[-124.054608,43.940105],[-124.054651,43.940131],[-124.054693,43.940158],[-124.054735,43.940186],[-124.054777,43.940214],[-124.054817,43.940242],[-124.054857,43.940271],[-124.054897,43.940301],[-124.054935,43.940331],[-124.05509,43.94033],[-124.055185,43.94033],[-124.055207,43.940349],[-124.055244,43.940383],[-124.055281,43.940417],[-124.055316,43.940452],[-124.055351,43.940488],[-124.055385,43.940523],[-124.055418,43.940559],[-124.05545,43.940596],[-124.055482,43.940633],[-124.055512,43.94067],[-124.055541,43.940708],[-124.05557,43.940746],[-124.055598,43.940785],[-124.055624,43.940823],[-124.05565,43.940862],[-124.055675,43.940902],[-124.055699,43.940942],[-124.055722,43.940982],[-124.055744,43.941022],[-124.055765,43.941063],[-124.055785,43.941103],[-124.055804,43.941145],[-124.055822,43.941186],[-124.055839,43.941227],[-124.055855,43.941269],[-124.05587,43.941311],[-124.055884,43.941353],[-124.055897,43.941396],[-124.055908,43.941438],[-124.055919,43.941479],[-124.055919,43.941481],[-124.055923,43.941496],[-124.055942,43.941591],[-124.05596,43.941686],[-124.055975,43.941782],[-124.055988,43.941877],[-124.056024,43.94215],[-124.056037,43.94225],[-124.056053,43.94235],[-124.056071,43.94245],[-124.056092,43.94255],[-124.056096,43.942568],[-124.056105,43.942609],[-124.056115,43.94265],[-124.056126,43.942691],[-124.056138,43.942732],[-124.056151,43.942772],[-124.056164,43.942813],[-124.056179,43.942853],[-124.056195,43.942893],[-124.056212,43.942933],[-124.056229,43.942972],[-124.056248,43.943012],[-124.056268,43.943051],[-124.056288,43.94309],[-124.05631,43.943128],[-124.056332,43.943167],[-124.056355,43.943205],[-124.05638,43.943242],[-124.056405,43.94328],[-124.056431,43.943317],[-124.056458,43.943354],[-124.05646,43.943357],[-124.05652,43.943434],[-124.056581,43.94351],[-124.056644,43.943585],[-124.056709,43.943659],[-124.056776,43.943733],[-124.056829,43.943789],[-124.05695,43.943914],[-124.056947,43.943914],[-124.056949,43.943916],[-124.057301,43.944272],[-124.057383,43.944357],[-124.057474,43.944452],[-124.057562,43.944548],[-124.057583,43.944572],[-124.05762,43.944617],[-124.057657,43.944662],[-124.057692,43.944708],[-124.057727,43.944754],[-124.05776,43.944801],[-124.057792,43.944848],[-124.057823,43.944895],[-124.057853,43.944943],[-124.057882,43.944991],[-124.057909,43.94504],[-124.057915,43.945051],[-124.057948,43.945112],[-124.05798,43.945174],[-124.05801,43.945237],[-124.058038,43.9453],[-124.058065,43.945363],[-124.058091,43.945427],[-124.058114,43.945491],[-124.058137,43.945555],[-124.058158,43.945619],[-124.058177,43.945684],[-124.058194,43.945749],[-124.05821,43.945814],[-124.058225,43.945879],[-124.058238,43.945945],[-124.058249,43.946011],[-124.058259,43.946076],[-124.058267,43.946142],[-124.058274,43.946208],[-124.058279,43.946275],[-124.058282,43.946341],[-124.058284,43.946407],[-124.058284,43.946473],[-124.058282,43.946539],[-124.058279,43.946605],[-124.058275,43.946671],[-124.058269,43.946737],[-124.058261,43.946803],[-124.058251,43.946869],[-124.058229,43.946987],[-124.058198,43.947134],[-124.058164,43.947281],[-124.058143,43.947363],[-124.058126,43.947428],[-124.057404,43.950216],[-124.057217,43.950952],[-124.057179,43.951114],[-124.057012,43.951843],[-124.056846,43.952659],[-124.056699,43.953478],[-124.056646,43.953805],[-124.056635,43.953876],[-124.056626,43.953947],[-124.056618,43.954017],[-124.056612,43.954088],[-124.056608,43.954159],[-124.056605,43.95423],[-124.056604,43.954301],[-124.056604,43.95432],[-124.056605,43.954349],[-124.056608,43.954415],[-124.056612,43.954481],[-124.056617,43.954547],[-124.056624,43.954613],[-124.056633,43.954679],[-124.056642,43.954737],[-124.056672,43.954885],[-124.056705,43.955032],[-124.056741,43.955179],[-124.056773,43.955296],[-124.056796,43.955423],[-124.057453,43.957841],[-124.057522,43.958103],[-124.057584,43.958367],[-124.057639,43.958631],[-124.057641,43.958644],[-124.057662,43.958825],[-124.057676,43.959005],[-124.057682,43.959186],[-124.057682,43.959367],[-124.057674,43.959548],[-124.057658,43.959729],[-124.057636,43.959909],[-124.057606,43.960089],[-124.057569,43.960268],[-124.057525,43.960446],[-124.057474,43.960623],[-124.057416,43.9608],[-124.057351,43.960974],[-124.05723,43.961232],[-124.057102,43.961487],[-124.056968,43.961741],[-124.056716,43.962204],[-124.056635,43.962361],[-124.056559,43.962519],[-124.056486,43.962677],[-124.056421,43.962818],[-124.056363,43.962959],[-124.056312,43.963102],[-124.056267,43.963247],[-124.05623,43.963392],[-124.0562,43.963538],[-124.056177,43.963685],[-124.056164,43.963808],[-124.056155,43.96393],[-124.056151,43.964053],[-124.056152,43.964176],[-124.056159,43.964299],[-124.056171,43.964433],[-124.05619,43.964567],[-124.056214,43.9647],[-124.056245,43.964833],[-124.056281,43.964965],[-124.056323,43.965096],[-124.056371,43.965226],[-124.056424,43.965355],[-124.056492,43.965515],[-124.056564,43.965674],[-124.056639,43.965833],[-124.056656,43.965868],[-124.057278,43.967153],[-124.05741,43.967446],[-124.057493,43.967685],[-124.05751,43.967754],[-124.057523,43.967823],[-124.057532,43.967893],[-124.057343,43.967904],[-124.057349,43.967992],[-124.057349,43.968081],[-124.057343,43.968169],[-124.05733,43.968257],[-124.057236,43.968248],[-124.057226,43.968298],[-124.057213,43.968347],[-124.057211,43.968357],[-124.057182,43.968446],[-124.057147,43.968534],[-124.057104,43.96862],[-124.057063,43.968692],[-124.057017,43.968763],[-124.056966,43.968832],[-124.056911,43.968899],[-124.056856,43.968959],[-124.05709,43.969076],[-124.057022,43.969144],[-124.056949,43.96921],[-124.056873,43.969273],[-124.056792,43.969333],[-124.056708,43.96939],[-124.056704,43.969393],[-124.056602,43.969456],[-124.056448,43.969538],[-124.05629,43.969616],[-124.05613,43.969692],[-124.055966,43.969763],[-124.054795,43.970245],[-124.050169,43.972147],[-124.050038,43.972201],[-124.049847,43.971964]]],[[[-124.045227,43.984495],[-124.045099,43.984539],[-124.045097,43.984609],[-124.045091,43.9847],[-124.045079,43.984791],[-124.045061,43.984882],[-124.045036,43.984972],[-124.045221,43.984878],[-124.045365,43.984805],[-124.045382,43.984573],[-124.045335,43.984486],[-124.045481,43.984434],[-124.045482,43.984408],[-124.045227,43.984495]]],[[[-123.638181,43.999623],[-123.638308,43.999613],[-123.638436,43.999608],[-123.638563,43.999608],[-123.638691,43.999612],[-123.638818,43.999621],[-123.638945,43.999635],[-123.63907,43.999653],[-123.639194,43.999675],[-123.639316,43.999703],[-123.639317,43.999416],[-123.639175,43.999389],[-123.639032,43.999367],[-123.638887,43.999351],[-123.638741,43.99934],[-123.638595,43.999334],[-123.638516,43.999333],[-123.638437,43.999334],[-123.638434,43.999334],[-123.638428,43.999334],[-123.638424,43.999334],[-123.638424,43.999334],[-123.638423,43.999334],[-123.638418,43.999334],[-123.638279,43.99934],[-123.638142,43.99935],[-123.638181,43.999623]]],[[[-123.655468,44.002422],[-123.655553,44.002451],[-123.655745,44.002214],[-123.655738,44.002211],[-123.655679,44.00219],[-123.655468,44.002422]]],[[[-123.642489,44.003639],[-123.64261,44.003723],[-123.642735,44.003802],[-123.642866,44.003878],[-123.643,44.003949],[-123.643139,44.004016],[-123.643282,44.004079],[-123.643428,44.004137],[-123.643578,44.00419],[-123.643731,44.004239],[-123.643887,44.004283],[-123.644045,44.004321],[-123.644206,44.004355],[-123.644368,44.004383],[-123.644532,44.004407],[-123.644697,44.004425],[-123.644863,44.004438],[-123.64503,44.004446],[-123.645197,44.004448],[-123.645364,44.004446],[-123.645531,44.004437],[-123.645697,44.004424],[-123.645862,44.004406],[-123.646111,44.004364],[-123.646358,44.004317],[-123.646603,44.004265],[-123.646846,44.004208],[-123.647087,44.004146],[-123.652452,44.002667],[-123.653152,44.002474],[-123.653332,44.002424],[-123.653515,44.002379],[-123.6537,44.002339],[-123.653887,44.002303],[-123.654013,44.002285],[-123.654141,44.002272],[-123.65427,44.002264],[-123.654399,44.002261],[-123.654528,44.002262],[-123.654657,44.002268],[-123.654785,44.002279],[-123.654912,44.002294],[-123.655038,44.002314],[-123.655163,44.002339],[-123.655285,44.002368],[-123.65535,44.002239],[-123.655229,44.00221],[-123.655107,44.002185],[-123.654983,44.002165],[-123.654858,44.002148],[-123.654732,44.002136],[-123.654605,44.002128],[-123.654478,44.002124],[-123.654351,44.002124],[-123.654238,44.002128],[-123.654126,44.002135],[-123.654105,44.001999],[-123.654001,44.002009],[-123.653897,44.002021],[-123.653794,44.002037],[-123.653596,44.002075],[-123.653399,44.002118],[-123.653204,44.002166],[-123.653011,44.002219],[-123.652457,44.002371],[-123.646796,44.00393],[-123.646596,44.003979],[-123.646394,44.004024],[-123.646191,44.004065],[-123.645987,44.004103],[-123.645781,44.004137],[-123.645623,44.004155],[-123.645463,44.004166],[-123.645303,44.004173],[-123.645143,44.004174],[-123.644982,44.00417],[-123.644823,44.00416],[-123.644664,44.004145],[-123.644506,44.004124],[-123.64435,44.004099],[-123.644195,44.004068],[-123.644043,44.004032],[-123.643893,44.00399],[-123.643746,44.003944],[-123.643602,44.003893],[-123.643462,44.003837],[-123.643325,44.003777],[-123.643192,44.003712],[-123.643064,44.003642],[-123.64294,44.003568],[-123.642822,44.003491],[-123.642708,44.003409],[-123.6426,44.003324],[-123.642497,44.003235],[-123.642403,44.003145],[-123.642385,44.003126],[-123.64238,44.003122],[-123.642376,44.003117],[-123.642376,44.003117],[-123.642376,44.003117],[-123.642372,44.003113],[-123.642367,44.003108],[-123.642367,44.003108],[-123.642349,44.003089],[-123.642344,44.003084],[-123.64234,44.00308],[-123.642339,44.003078],[-123.642335,44.003074],[-123.642332,44.00307],[-123.642331,44.00307],[-123.642314,44.003051],[-123.642297,44.003032],[-123.642297,44.003032],[-123.64228,44.003013],[-123.64228,44.003013],[-123.642274,44.003007],[-123.642269,44.003],[-123.642264,44.002994],[-123.642247,44.002975],[-123.642231,44.002955],[-123.642231,44.002955],[-123.642215,44.002936],[-123.642215,44.002936],[-123.6422,44.002916],[-123.6422,44.002916],[-123.642195,44.00291],[-123.64219,44.002903],[-123.642185,44.002896],[-123.642184,44.002896],[-123.642181,44.002892],[-123.642175,44.002884],[-123.642169,44.002877],[-123.642169,44.002876],[-123.642155,44.002857],[-123.642154,44.002856],[-123.642153,44.002854],[-123.642147,44.002846],[-123.642146,44.002845],[-123.64214,44.002837],[-123.642139,44.002835],[-123.642133,44.002826],[-123.642125,44.002816],[-123.642058,44.002715],[-123.64197,44.00255],[-123.641888,44.002384],[-123.641813,44.002216],[-123.641745,44.002046],[-123.641684,44.001875],[-123.641442,44.001192],[-123.64139,44.001049],[-123.641332,44.000906],[-123.641268,44.000765],[-123.641197,44.000626],[-123.641136,44.000528],[-123.641069,44.000432],[-123.640994,44.00034],[-123.640914,44.00025],[-123.640827,44.000163],[-123.640734,44.000079],[-123.640636,43.999999],[-123.640532,43.999923],[-123.640422,43.99985],[-123.640308,43.999782],[-123.640189,43.999718],[-123.640065,43.999658],[-123.639938,43.999603],[-123.639807,43.999553],[-123.639672,43.999508],[-123.639535,43.999468],[-123.639601,43.999786],[-123.639641,43.9998],[-123.63976,43.999846],[-123.639875,43.999896],[-123.639986,43.999951],[-123.640093,44.000009],[-123.640196,44.000072],[-123.640294,44.000139],[-123.640387,44.000209],[-123.640474,44.000282],[-123.640556,44.000359],[-123.640633,44.000439],[-123.640703,44.000522],[-123.640767,44.000608],[-123.640825,44.000695],[-123.640842,44.000725],[-123.640905,44.000846],[-123.640962,44.00097],[-123.641013,44.001094],[-123.640739,44.00115],[-123.640769,44.001228],[-123.640796,44.001307],[-123.641039,44.001991],[-123.641093,44.002145],[-123.641154,44.002298],[-123.641219,44.002451],[-123.641289,44.002602],[-123.641364,44.002752],[-123.641445,44.0029],[-123.641514,44.003007],[-123.64159,44.003112],[-123.641671,44.003214],[-123.641758,44.003314],[-123.64185,44.003412],[-123.641882,44.003443],[-123.642112,44.003322],[-123.642112,44.003322],[-123.642112,44.003322],[-123.642137,44.003347],[-123.642144,44.003353],[-123.64215,44.003359],[-123.642163,44.003371],[-123.642216,44.00342],[-123.64223,44.003432],[-123.64225,44.00345],[-123.642292,44.003485],[-123.642377,44.003555],[-123.642465,44.003622],[-123.642489,44.003639]]],[[[-123.661959,44.008512],[-123.662071,44.008585],[-123.662186,44.008654],[-123.662306,44.00872],[-123.662429,44.008782],[-123.662555,44.00884],[-123.662685,44.008894],[-123.662818,44.008944],[-123.662954,44.00899],[-123.663104,44.009035],[-123.663256,44.009075],[-123.663411,44.00911],[-123.663568,44.009139],[-123.663726,44.009164],[-123.663886,44.009183],[-123.664047,44.009197],[-123.664208,44.009206],[-123.66437,44.009209],[-123.664532,44.009207],[-123.664694,44.0092],[-123.664855,44.009187],[-123.665015,44.009169],[-123.665185,44.009144],[-123.665353,44.009115],[-123.665519,44.00908],[-123.665682,44.00904],[-123.665844,44.008996],[-123.666003,44.008946],[-123.666158,44.008892],[-123.666311,44.008833],[-123.66646,44.00877],[-123.666605,44.008702],[-123.666746,44.00863],[-123.666883,44.008554],[-123.667015,44.008474],[-123.667143,44.00839],[-123.667265,44.008302],[-123.667383,44.008211],[-123.667495,44.008116],[-123.667601,44.008017],[-123.667702,44.007916],[-123.667797,44.007812],[-123.667886,44.007705],[-123.667968,44.007595],[-123.668044,44.007483],[-123.668114,44.007369],[-123.668176,44.007253],[-123.668233,44.007135],[-123.668296,44.006973],[-123.668353,44.006809],[-123.668403,44.006645],[-123.668447,44.006479],[-123.668484,44.006313],[-123.668698,44.005398],[-123.668732,44.005259],[-123.668737,44.005237],[-123.668739,44.005231],[-123.668743,44.005215],[-123.668748,44.005194],[-123.66875,44.00519],[-123.668754,44.005174],[-123.668755,44.005171],[-123.66876,44.00515],[-123.668761,44.005148],[-123.668766,44.005129],[-123.668766,44.005128],[-123.668766,44.005128],[-123.668766,44.005127],[-123.668772,44.005106],[-123.668772,44.005106],[-123.668772,44.005106],[-123.668778,44.005084],[-123.668784,44.005065],[-123.668791,44.005039],[-123.668796,44.005023],[-123.668804,44.004994],[-123.668817,44.00495],[-123.668821,44.004936],[-123.668826,44.004921],[-123.668831,44.004905],[-123.668835,44.004891],[-123.66884,44.004876],[-123.668845,44.00486],[-123.668849,44.004846],[-123.668854,44.004831],[-123.668859,44.004816],[-123.668864,44.004801],[-123.668868,44.004786],[-123.668873,44.004771],[-123.668878,44.004756],[-123.668883,44.004742],[-123.668888,44.004727],[-123.668893,44.004711],[-123.668898,44.004697],[-123.668903,44.004683],[-123.668908,44.004666],[-123.668913,44.004652],[-123.668918,44.004638],[-123.668924,44.004621],[-123.668929,44.004608],[-123.668933,44.004594],[-123.668949,44.00455],[-123.668956,44.004532],[-123.668961,44.004519],[-123.668965,44.004505],[-123.668982,44.004461],[-123.668998,44.004417],[-123.669015,44.004373],[-123.669032,44.004329],[-123.66905,44.004285],[-123.669068,44.004241],[-123.669086,44.004198],[-123.669104,44.004154],[-123.669123,44.00411],[-123.669141,44.004067],[-123.669161,44.004023],[-123.66918,44.003979],[-123.6692,44.003936],[-123.66922,44.003893],[-123.66924,44.003849],[-123.669244,44.003841],[-123.669244,44.003841],[-123.669244,44.003841],[-123.669261,44.003806],[-123.669274,44.003778],[-123.669281,44.003763],[-123.669293,44.003738],[-123.669302,44.00372],[-123.669313,44.003698],[-123.669324,44.003677],[-123.669333,44.003658],[-123.669335,44.003655],[-123.669345,44.003634],[-123.669353,44.003619],[-123.669356,44.003612],[-123.669367,44.003591],[-123.669374,44.003579],[-123.669378,44.00357],[-123.66939,44.003548],[-123.669458,44.00342],[-123.669559,44.00324],[-123.669582,44.003199],[-123.669583,44.003198],[-123.669586,44.003193],[-123.66959,44.003186],[-123.669592,44.003182],[-123.669597,44.003173],[-123.669598,44.003172],[-123.669607,44.003157],[-123.669616,44.003142],[-123.669619,44.003136],[-123.669623,44.00313],[-123.669625,44.003126],[-123.669626,44.003125],[-123.669627,44.003123],[-123.669628,44.003122],[-123.669628,44.003121],[-123.669628,44.003121],[-123.669628,44.003121],[-123.669651,44.003082],[-123.669675,44.003044],[-123.669675,44.003043],[-123.669681,44.003033],[-123.669681,44.003033],[-123.669682,44.003033],[-123.669682,44.003031],[-123.66969,44.00302],[-123.669692,44.003016],[-123.669692,44.003016],[-123.669697,44.003008],[-123.669697,44.003007],[-123.669698,44.003006],[-123.669698,44.003005],[-123.669698,44.003005],[-123.669704,44.002996],[-123.669709,44.002988],[-123.669711,44.002985],[-123.669712,44.002983],[-123.669713,44.002981],[-123.669718,44.002973],[-123.669724,44.002963],[-123.669728,44.002958],[-123.669729,44.002955],[-123.669731,44.002953],[-123.669734,44.002947],[-123.669735,44.002945],[-123.669736,44.002945],[-123.669738,44.002941],[-123.669739,44.002939],[-123.669741,44.002936],[-123.669751,44.002921],[-123.669751,44.002921],[-123.669751,44.00292],[-123.669765,44.002898],[-123.669767,44.002895],[-123.669768,44.002893],[-123.669769,44.002893],[-123.66977,44.002891],[-123.669771,44.002889],[-123.669785,44.002867],[-123.669787,44.002865],[-123.669805,44.002836],[-123.670593,44.001589],[-123.670684,44.001447],[-123.670778,44.001306],[-123.670877,44.001167],[-123.670904,44.001129],[-123.67093,44.001093],[-123.671021,44.000978],[-123.671118,44.000865],[-123.67122,44.000755],[-123.671327,44.000647],[-123.67144,44.000542],[-123.671557,44.00044],[-123.67168,44.000341],[-123.671807,44.000246],[-123.671939,44.000153],[-123.671959,44.000139],[-123.671965,44.000135],[-123.67198,44.000125],[-123.671995,44.000116],[-123.671997,44.000114],[-123.671999,44.000113],[-123.672004,44.00011],[-123.672005,44.000109],[-123.672007,44.000107],[-123.67201,44.000105],[-123.67201,44.000105],[-123.67201,44.000105],[-123.672016,44.000102],[-123.672019,44.0001],[-123.672023,44.000097],[-123.672086,44.000057],[-123.672097,44.00005],[-123.672116,44.000038],[-123.672118,44.000037],[-123.672267,43.999948],[-123.672421,43.999863],[-123.672579,43.999782],[-123.672741,43.999706],[-123.672906,43.999634],[-123.673076,43.999566],[-123.673248,43.999503],[-123.673424,43.999444],[-123.673603,43.99939],[-123.673784,43.999341],[-123.673968,43.999297],[-123.674153,43.999258],[-123.674341,43.999223],[-123.67453,43.999194],[-123.674556,43.999191],[-123.674569,43.999189],[-123.67473,43.999169],[-123.674891,43.999153],[-123.675053,43.99914],[-123.675215,43.999131],[-123.675218,43.999131],[-123.675323,43.999127],[-123.675501,43.999124],[-123.675679,43.999125],[-123.675857,43.999131],[-123.676035,43.999141],[-123.676212,43.999155],[-123.676388,43.999174],[-123.676563,43.999197],[-123.676737,43.999224],[-123.67691,43.999256],[-123.677188,43.999316],[-123.677423,43.999371],[-123.677657,43.999429],[-123.678748,43.999706],[-123.679019,43.999775],[-123.679291,43.999841],[-123.679291,43.999841],[-123.679291,43.999841],[-123.679545,43.9999],[-123.679799,43.999955],[-123.680055,44.000006],[-123.680312,44.000055],[-123.681006,44.000157],[-123.681255,44.000245],[-123.681443,44.000261],[-123.682193,44.000271],[-123.682825,44.000317],[-123.68356,44.000379],[-123.683994,44.000418],[-123.684531,44.000479],[-123.68479,44.000492],[-123.685395,44.000526],[-123.685886,44.000548],[-123.686314,44.000563],[-123.686862,44.000591],[-123.687056,44.000614],[-123.687488,44.000627],[-123.687826,44.000607],[-123.688169,44.000573],[-123.688363,44.000608],[-123.688625,44.000626],[-123.688807,44.000596],[-123.689037,44.000528],[-123.689199,44.000496],[-123.689327,44.000476],[-123.689488,44.000466],[-123.689683,44.000421],[-123.690135,44.000306],[-123.69056,44.000212],[-123.690983,44.00014],[-123.691229,44.000135],[-123.69142,44.000173],[-123.691425,44.000172],[-123.69165,44.000134],[-123.691877,44.0001],[-123.691915,44.000095],[-123.691953,44.00009],[-123.691954,44.00009],[-123.691955,44.00009],[-123.692086,44.000072],[-123.69213,44.000067],[-123.692251,44.000017],[-123.692251,43.999914],[-123.692501,43.999887],[-123.692753,43.999866],[-123.693005,43.999848],[-123.693257,43.999835],[-123.69351,43.999826],[-123.693768,43.999822],[-123.693905,43.999821],[-123.694042,43.999825],[-123.694179,43.999834],[-123.694314,43.999848],[-123.694449,43.999867],[-123.694582,43.99989],[-123.694713,43.999919],[-123.694841,43.999952],[-123.694967,43.999989],[-123.69509,44.000031],[-123.695209,44.000078],[-123.695355,44.000142],[-123.695497,44.000208],[-123.695637,44.000278],[-123.695774,44.000351],[-123.69699,44.001012],[-123.697191,44.001122],[-123.697387,44.001235],[-123.69758,44.001352],[-123.697768,44.001473],[-123.697768,44.001473],[-123.697769,44.001473],[-123.69782,44.001507],[-123.697833,44.001516],[-123.697837,44.001519],[-123.697845,44.001524],[-123.69787,44.001542],[-123.697881,44.001549],[-123.697895,44.001559],[-123.697902,44.001564],[-123.697911,44.001571],[-123.69792,44.001577],[-123.697945,44.001595],[-123.697969,44.001613],[-123.697993,44.001631],[-123.698017,44.001649],[-123.698041,44.001668],[-123.698064,44.001686],[-123.698088,44.001705],[-123.698111,44.001724],[-123.698156,44.001762],[-123.698179,44.001781],[-123.698201,44.0018],[-123.698223,44.00182],[-123.698244,44.001839],[-123.698266,44.001859],[-123.698287,44.001879],[-123.698293,44.001885],[-123.698301,44.001892],[-123.698308,44.001899],[-123.698329,44.001919],[-123.698338,44.001928],[-123.698347,44.001937],[-123.69835,44.001939],[-123.69837,44.00196],[-123.69838,44.00197],[-123.698382,44.001972],[-123.69839,44.00198],[-123.698399,44.001989],[-123.6984,44.00199],[-123.698409,44.002],[-123.698409,44.002],[-123.698449,44.002043],[-123.698529,44.002133],[-123.698605,44.002225],[-123.698676,44.00232],[-123.698743,44.002416],[-123.698844,44.002579],[-123.698939,44.002745],[-123.699028,44.002912],[-123.699111,44.00308],[-123.699252,44.003423],[-123.699369,44.003701],[-123.699492,44.003977],[-123.699506,44.004006],[-123.699593,44.004183],[-123.699686,44.004359],[-123.699702,44.004388],[-123.699848,44.004642],[-123.699999,44.004893],[-123.699999,44.004894],[-123.700674,44.006004],[-123.70102,44.005889],[-123.700347,44.004783],[-123.700189,44.00452],[-123.700038,44.004256],[-123.699942,44.004075],[-123.699853,44.003891],[-123.699732,44.003619],[-123.699617,44.003346],[-123.699476,44.003005],[-123.699388,44.002825],[-123.699294,44.002648],[-123.699193,44.002472],[-123.699086,44.002298],[-123.699026,44.002211],[-123.698964,44.002126],[-123.698897,44.002042],[-123.698875,44.002016],[-123.698866,44.002005],[-123.69886,44.001997],[-123.698841,44.001975],[-123.698836,44.001969],[-123.698821,44.001952],[-123.698782,44.001908],[-123.698761,44.001886],[-123.698741,44.001864],[-123.69874,44.001864],[-123.69874,44.001863],[-123.698678,44.0018],[-123.698636,44.001757],[-123.698592,44.001715],[-123.698513,44.001642],[-123.698431,44.001572],[-123.698383,44.001532],[-123.698334,44.001493],[-123.698285,44.001454],[-123.698259,44.001435],[-123.698163,44.001365],[-123.698157,44.00136],[-123.698131,44.001342],[-123.698128,44.00134],[-123.698104,44.001324],[-123.698099,44.00132],[-123.698098,44.00132],[-123.698078,44.001306],[-123.698051,44.001288],[-123.698024,44.00127],[-123.698024,44.00127],[-123.698023,44.00127],[-123.697828,44.001144],[-123.697628,44.001023],[-123.697424,44.000905],[-123.697216,44.000792],[-123.695986,44.000123],[-123.695841,44.000045],[-123.695692,43.999971],[-123.695539,43.999901],[-123.695384,43.999834],[-123.695255,43.999785],[-123.695123,43.99974],[-123.694989,43.999699],[-123.694852,43.999663],[-123.694712,43.999632],[-123.694634,43.999617],[-123.694556,43.999603],[-123.694478,43.999591],[-123.694468,43.999589],[-123.694458,43.999588],[-123.694449,43.999587],[-123.694439,43.999585],[-123.69443,43.999584],[-123.694426,43.999583],[-123.69442,43.999583],[-123.694416,43.999582],[-123.694415,43.999582],[-123.694411,43.999582],[-123.694401,43.99958],[-123.69426,43.999565],[-123.694222,43.999561],[-123.694103,43.999553],[-123.694093,43.999553],[-123.694064,43.999551],[-123.694055,43.999551],[-123.69405,43.999551],[-123.694045,43.99955],[-123.694035,43.99955],[-123.693931,43.999547],[-123.693843,43.999547],[-123.693755,43.999548],[-123.693661,43.999549],[-123.693657,43.999549],[-123.693629,43.99955],[-123.693626,43.99955],[-123.693621,43.99955],[-123.693615,43.99955],[-123.693612,43.99955],[-123.693603,43.99955],[-123.693603,43.99955],[-123.693594,43.99955],[-123.693566,43.999551],[-123.693531,43.999551],[-123.693486,43.999553],[-123.693446,43.999554],[-123.693308,43.999558],[-123.693292,43.999559],[-123.693289,43.999559],[-123.693289,43.999559],[-123.693285,43.999559],[-123.693259,43.99956],[-123.693255,43.99956],[-123.693252,43.999561],[-123.693225,43.999562],[-123.693198,43.999563],[-123.69314,43.999566],[-123.693085,43.999568],[-123.693085,43.999568],[-123.69303,43.999571],[-123.693002,43.999573],[-123.69299,43.999574],[-123.692975,43.999575],[-123.692974,43.999575],[-123.692758,43.999589],[-123.692488,43.999612],[-123.692307,43.99963],[-123.692252,43.999636],[-123.692252,43.999497],[-123.691994,43.999527],[-123.691737,43.999561],[-123.691481,43.9996],[-123.691226,43.999643],[-123.690836,43.999723],[-123.690448,43.999808],[-123.689639,43.999989],[-123.689393,44.000043],[-123.689146,44.000093],[-123.688897,44.000139],[-123.688727,44.000165],[-123.688556,44.000187],[-123.688384,44.000204],[-123.688211,44.000217],[-123.688038,44.000226],[-123.687865,44.000231],[-123.687691,44.000231],[-123.687434,44.000224],[-123.687177,44.000212],[-123.68692,44.000197],[-123.682934,43.999943],[-123.682654,43.999924],[-123.682374,43.999904],[-123.682283,43.999897],[-123.682102,43.999881],[-123.681921,43.999863],[-123.681913,43.999862],[-123.681909,43.999862],[-123.681903,43.999861],[-123.681903,43.999861],[-123.681892,43.99986],[-123.68189,43.99986],[-123.681878,43.999859],[-123.681875,43.999858],[-123.681874,43.999858],[-123.681695,43.999839],[-123.681675,43.999837],[-123.681675,43.999975],[-123.681387,43.999941],[-123.681101,43.999902],[-123.680816,43.999859],[-123.680532,43.999811],[-123.680249,43.99976],[-123.679968,43.999704],[-123.679689,43.999645],[-123.679411,43.999581],[-123.679411,43.999581],[-123.67941,43.999581],[-123.679142,43.999515],[-123.678875,43.999448],[-123.677786,43.999171],[-123.677498,43.9991],[-123.677209,43.999033],[-123.677014,43.998992],[-123.677,43.998989],[-123.676974,43.998984],[-123.676779,43.99895],[-123.676581,43.99892],[-123.676383,43.998896],[-123.676183,43.998876],[-123.675982,43.998862],[-123.675781,43.998853],[-123.67558,43.99885],[-123.675378,43.998851],[-123.675177,43.998858],[-123.674976,43.99887],[-123.674776,43.998887],[-123.674577,43.998909],[-123.674379,43.998936],[-123.674182,43.998969],[-123.673987,43.999006],[-123.673795,43.999049],[-123.673604,43.999096],[-123.673416,43.999149],[-123.673231,43.999206],[-123.673048,43.999268],[-123.672869,43.999334],[-123.672694,43.999406],[-123.672521,43.999481],[-123.672353,43.999561],[-123.672189,43.999646],[-123.672029,43.999734],[-123.672029,43.999734],[-123.672027,43.999735],[-123.672026,43.999736],[-123.672024,43.999737],[-123.672016,43.999741],[-123.672016,43.999742],[-123.672016,43.999742],[-123.672015,43.999742],[-123.672009,43.999746],[-123.672008,43.999746],[-123.672006,43.999747],[-123.672005,43.999748],[-123.671997,43.999753],[-123.671965,43.999771],[-123.671818,43.999861],[-123.671676,43.999955],[-123.671538,44.000052],[-123.671404,44.000152],[-123.671276,44.000256],[-123.671152,44.000363],[-123.671034,44.000472],[-123.670921,44.000585],[-123.670813,44.0007],[-123.670711,44.000818],[-123.670614,44.000939],[-123.670595,44.000964],[-123.670477,44.001128],[-123.670359,44.001301],[-123.670246,44.001476],[-123.669575,44.002539],[-123.669469,44.002706],[-123.669401,44.002814],[-123.669333,44.002923],[-123.669323,44.00294],[-123.669235,44.002913],[-123.669149,44.002885],[-123.669035,44.003078],[-123.668926,44.003272],[-123.668823,44.003467],[-123.668725,44.003665],[-123.668633,44.003863],[-123.668547,44.004063],[-123.668466,44.004264],[-123.668413,44.004403],[-123.668346,44.004592],[-123.668285,44.004782],[-123.668228,44.004973],[-123.668176,44.005164],[-123.66813,44.005356],[-123.668317,44.005379],[-123.668108,44.006273],[-123.668073,44.006432],[-123.668031,44.006589],[-123.667983,44.006746],[-123.667929,44.006902],[-123.667868,44.007057],[-123.667815,44.007168],[-123.667755,44.007277],[-123.667688,44.007385],[-123.667616,44.00749],[-123.667537,44.007593],[-123.667451,44.007693],[-123.66736,44.00779],[-123.667264,44.007885],[-123.667161,44.007976],[-123.667053,44.008065],[-123.66694,44.008149],[-123.666822,44.00823],[-123.6667,44.008308],[-123.666573,44.008381],[-123.666441,44.008451],[-123.666306,44.008516],[-123.666166,44.008577],[-123.666023,44.008634],[-123.665877,44.008686],[-123.665728,44.008733],[-123.665577,44.008776],[-123.665422,44.008814],[-123.665266,44.008847],[-123.665108,44.008876],[-123.664948,44.008899],[-123.664795,44.008916],[-123.664641,44.008928],[-123.664487,44.008934],[-123.664332,44.008935],[-123.664177,44.00893],[-123.664023,44.00892],[-123.66387,44.008904],[-123.663718,44.008883],[-123.663568,44.008857],[-123.663419,44.008825],[-123.663273,44.008788],[-123.66313,44.008746],[-123.662989,44.008699],[-123.662852,44.008647],[-123.662719,44.00859],[-123.66259,44.008529],[-123.662464,44.008463],[-123.662344,44.008393],[-123.662229,44.008319],[-123.662105,44.008227],[-123.66209,44.008215],[-123.662081,44.008208],[-123.662075,44.008204],[-123.66206,44.008192],[-123.662052,44.008186],[-123.662045,44.00818],[-123.662034,44.008172],[-123.66203,44.008168],[-123.662023,44.008163],[-123.662015,44.008157],[-123.661985,44.008133],[-123.661975,44.008125],[-123.661966,44.008117],[-123.661956,44.008109],[-123.661946,44.008101],[-123.661937,44.008094],[-123.661926,44.008085],[-123.661909,44.00807],[-123.661897,44.008061],[-123.661869,44.008036],[-123.66184,44.008012],[-123.661812,44.007987],[-123.661784,44.007962],[-123.661756,44.007938],[-123.661728,44.007913],[-123.661701,44.007887],[-123.661674,44.007862],[-123.661663,44.007852],[-123.661647,44.007837],[-123.661637,44.007827],[-123.66162,44.007811],[-123.661611,44.007802],[-123.661602,44.007794],[-123.661594,44.007785],[-123.661567,44.00776],[-123.661561,44.007753],[-123.661542,44.007734],[-123.661529,44.007721],[-123.661526,44.007718],[-123.661516,44.007708],[-123.661503,44.007695],[-123.661503,44.007694],[-123.66149,44.007681],[-123.661489,44.00768],[-123.66148,44.007671],[-123.661477,44.007668],[-123.661465,44.007655],[-123.661391,44.007575],[-123.657052,44.003113],[-123.656934,44.002991],[-123.65681,44.002873],[-123.65668,44.002758],[-123.656545,44.002645],[-123.656458,44.002581],[-123.656367,44.00252],[-123.656323,44.002492],[-123.656301,44.002479],[-123.656255,44.002452],[-123.656232,44.002439],[-123.656162,44.0024],[-123.656091,44.002363],[-123.65602,44.002328],[-123.655842,44.002572],[-123.655853,44.002578],[-123.655858,44.00258],[-123.655864,44.002583],[-123.655865,44.002583],[-123.655876,44.002589],[-123.65588,44.002591],[-123.655887,44.002594],[-123.655887,44.002595],[-123.655898,44.0026],[-123.655902,44.002602],[-123.65591,44.002606],[-123.655921,44.002612],[-123.655923,44.002613],[-123.655932,44.002618],[-123.655945,44.002625],[-123.655954,44.00263],[-123.655966,44.002636],[-123.655976,44.002642],[-123.655998,44.002654],[-123.656019,44.002667],[-123.656028,44.002672],[-123.656041,44.002679],[-123.656049,44.002684],[-123.656062,44.002692],[-123.656069,44.002697],[-123.656083,44.002705],[-123.656089,44.002709],[-123.656093,44.002711],[-123.656103,44.002718],[-123.656109,44.002722],[-123.656114,44.002725],[-123.656124,44.002731],[-123.656129,44.002735],[-123.656134,44.002738],[-123.656144,44.002745],[-123.656149,44.002748],[-123.656154,44.002751],[-123.656157,44.002753],[-123.656165,44.002758],[-123.656262,44.002828],[-123.656389,44.002934],[-123.65651,44.003042],[-123.656627,44.003153],[-123.656738,44.003267],[-123.661073,44.007726],[-123.661175,44.007835],[-123.661188,44.007848],[-123.661193,44.007853],[-123.661201,44.007862],[-123.661227,44.007888],[-123.661243,44.007904],[-123.661254,44.007915],[-123.661269,44.00793],[-123.661281,44.007941],[-123.661308,44.007968],[-123.661335,44.007994],[-123.661362,44.00802],[-123.66139,44.008046],[-123.661418,44.008072],[-123.661444,44.008095],[-123.661446,44.008097],[-123.661475,44.008123],[-123.661503,44.008148],[-123.661532,44.008173],[-123.661561,44.008199],[-123.66159,44.008224],[-123.66162,44.008248],[-123.661622,44.00825],[-123.661635,44.008261],[-123.66165,44.008273],[-123.661651,44.008274],[-123.661665,44.008285],[-123.66168,44.008298],[-123.661739,44.008345],[-123.661848,44.00843],[-123.661959,44.008512]]],[[[-123.468762,44.02788],[-123.468939,44.027829],[-123.468679,44.027768],[-123.468762,44.02788]]],[[[-123.468474,44.027839],[-123.468335,44.027903],[-123.4681,44.028017],[-123.467839,44.02815],[-123.467884,44.028136],[-123.467885,44.028135],[-123.468618,44.027922],[-123.4685,44.027829],[-123.468474,44.027839]]],[[[-123.501337,44.025862],[-123.501625,44.025999],[-123.501916,44.026133],[-123.50221,44.026263],[-123.502398,44.026338],[-123.502589,44.02641],[-123.502782,44.026479],[-123.502959,44.026539],[-123.503137,44.026596],[-123.503341,44.026657],[-123.503547,44.026716],[-123.503755,44.02677],[-123.503965,44.026822],[-123.504297,44.02689],[-123.50463,44.026955],[-123.504965,44.027016],[-123.505923,44.027187],[-123.505877,44.02732],[-123.507137,44.027545],[-123.507383,44.02759],[-123.507627,44.027638],[-123.50787,44.02769],[-123.508204,44.027338],[-123.508055,44.027301],[-123.507796,44.027245],[-123.507535,44.027193],[-123.507273,44.027146],[-123.505055,44.02675],[-123.504726,44.02669],[-123.504398,44.026626],[-123.504072,44.026559],[-123.503915,44.02652],[-123.503759,44.02648],[-123.503527,44.026416],[-123.503297,44.026347],[-123.50307,44.026274],[-123.502846,44.026197],[-123.502625,44.026115],[-123.502407,44.026029],[-123.502118,44.0259],[-123.501832,44.025769],[-123.501549,44.025634],[-123.498255,44.024049],[-123.49732,44.023599],[-123.497318,44.023434],[-123.49595,44.022775],[-123.494099,44.021885],[-123.493853,44.021768],[-123.493605,44.021654],[-123.493402,44.021572],[-123.493197,44.021495],[-123.492989,44.021421],[-123.492779,44.021351],[-123.492566,44.021285],[-123.49235,44.021223],[-123.492133,44.021166],[-123.492135,44.021312],[-123.491932,44.021261],[-123.491727,44.021214],[-123.49152,44.02117],[-123.491312,44.021131],[-123.491103,44.021095],[-123.490819,44.021058],[-123.490535,44.021024],[-123.487503,44.020679],[-123.487235,44.02065],[-123.486967,44.020625],[-123.486699,44.020604],[-123.486499,44.020595],[-123.486299,44.020591],[-123.486099,44.020592],[-123.485899,44.020599],[-123.4857,44.020611],[-123.485502,44.020627],[-123.485304,44.020649],[-123.485107,44.020676],[-123.484912,44.020708],[-123.484719,44.020745],[-123.484461,44.020803],[-123.484205,44.020866],[-123.483951,44.020933],[-123.482709,44.020766],[-123.482038,44.020945],[-123.482038,44.021045],[-123.481376,44.021184],[-123.481193,44.021225],[-123.481011,44.02127],[-123.480832,44.02132],[-123.480655,44.021374],[-123.48048,44.021432],[-123.480308,44.021494],[-123.480139,44.021561],[-123.479974,44.021631],[-123.479811,44.021705],[-123.479652,44.021783],[-123.479762,44.021895],[-123.479716,44.021919],[-123.479501,44.021984],[-123.479314,44.022047],[-123.47913,44.022116],[-123.47895,44.022189],[-123.478774,44.022266],[-123.478601,44.022348],[-123.478433,44.022435],[-123.478269,44.022525],[-123.478109,44.02262],[-123.477955,44.022719],[-123.477805,44.022821],[-123.47766,44.022928],[-123.477477,44.023075],[-123.477299,44.023226],[-123.477125,44.023379],[-123.476815,44.023654],[-123.476561,44.023882],[-123.476313,44.024114],[-123.476208,44.024217],[-123.475978,44.024458],[-123.475754,44.024701],[-123.475657,44.024808],[-123.474265,44.025827],[-123.474127,44.025874],[-123.473987,44.025917],[-123.473845,44.025958],[-123.472588,44.026324],[-123.472213,44.026433],[-123.472212,44.026581],[-123.468579,44.027638],[-123.469251,44.027738],[-123.472212,44.026877],[-123.472211,44.027025],[-123.474117,44.026471],[-123.47431,44.026415],[-123.4745,44.026354],[-123.474687,44.026289],[-123.474788,44.026251],[-123.474889,44.026212],[-123.475007,44.026159],[-123.475122,44.026102],[-123.475234,44.026042],[-123.475342,44.025979],[-123.475445,44.025912],[-123.475545,44.025841],[-123.47564,44.025768],[-123.475775,44.025649],[-123.475904,44.025527],[-123.476027,44.025401],[-123.476143,44.025273],[-123.476251,44.025155],[-123.476731,44.024803],[-123.476636,44.024735],[-123.476831,44.024531],[-123.476917,44.024446],[-123.477158,44.024222],[-123.477404,44.024002],[-123.477719,44.023722],[-123.477832,44.023621],[-123.477948,44.023521],[-123.478641,44.023014],[-123.478775,44.022936],[-123.478912,44.022861],[-123.479053,44.02279],[-123.479196,44.022722],[-123.479343,44.022658],[-123.479493,44.022598],[-123.479646,44.022541],[-123.479801,44.022488],[-123.479993,44.02243],[-123.480186,44.022374],[-123.48038,44.022321],[-123.480521,44.022284],[-123.480699,44.022238],[-123.481949,44.021912],[-123.481971,44.021896],[-123.482005,44.021872],[-123.48204,44.021847],[-123.48204,44.021734],[-123.482568,44.021593],[-123.482645,44.02157],[-123.48269,44.021555],[-123.483296,44.021353],[-123.48332,44.021346],[-123.483351,44.021337],[-123.483393,44.021326],[-123.483442,44.021315],[-123.483483,44.021305],[-123.483508,44.021299],[-123.483544,44.021291],[-123.483581,44.021282],[-123.483627,44.021273],[-123.483659,44.021266],[-123.483683,44.021262],[-123.483707,44.021258],[-123.48373,44.021255],[-123.483745,44.021254],[-123.483761,44.021252],[-123.483779,44.021251],[-123.483796,44.02125],[-123.483817,44.021249],[-123.483847,44.021249],[-123.483861,44.021249],[-123.484085,44.021189],[-123.484331,44.021125],[-123.484579,44.021064],[-123.484829,44.021007],[-123.485008,44.020973],[-123.485189,44.020944],[-123.485371,44.020919],[-123.485554,44.020899],[-123.485738,44.020884],[-123.485922,44.020873],[-123.486107,44.020867],[-123.486292,44.020865],[-123.486477,44.020869],[-123.486662,44.020877],[-123.486922,44.020897],[-123.487182,44.020921],[-123.487441,44.02095],[-123.490477,44.021295],[-123.490755,44.021328],[-123.491032,44.021364],[-123.491257,44.021404],[-123.491481,44.021447],[-123.491702,44.021495],[-123.491922,44.021548],[-123.492139,44.021605],[-123.49234,44.021663],[-123.492538,44.021724],[-123.492735,44.021789],[-123.492928,44.021857],[-123.49312,44.02193],[-123.493308,44.022006],[-123.493546,44.022115],[-123.493782,44.022227],[-123.494919,44.022774],[-123.494575,44.022773],[-123.497327,44.024097],[-123.497324,44.023931],[-123.501337,44.025862]]],[[[-123.512721,44.028806],[-123.512936,44.028771],[-123.513151,44.028733],[-123.513364,44.028691],[-123.513575,44.028646],[-123.513785,44.028596],[-123.513993,44.028543],[-123.514434,44.02843],[-123.514725,44.028357],[-123.515017,44.028288],[-123.51531,44.028222],[-123.515605,44.028159],[-123.515799,44.028127],[-123.515993,44.028098],[-123.516189,44.028072],[-123.516544,44.028042],[-123.515571,44.027924],[-123.515103,44.027899],[-123.514634,44.027801],[-123.514406,44.027856],[-123.514179,44.027913],[-123.51373,44.028028],[-123.513532,44.028079],[-123.513332,44.028126],[-123.513131,44.028169],[-123.512929,44.028208],[-123.512725,44.028244],[-123.512724,44.028384],[-123.512622,44.0284],[-123.512486,44.028414],[-123.512349,44.028424],[-123.512213,44.02843],[-123.512076,44.028432],[-123.511938,44.02843],[-123.511802,44.028424],[-123.511802,44.028424],[-123.511801,44.028424],[-123.511801,44.028424],[-123.511801,44.028424],[-123.5118,44.028424],[-123.511771,44.028422],[-123.511743,44.02842],[-123.511718,44.02842],[-123.511637,44.028418],[-123.511545,44.02841],[-123.511442,44.028397],[-123.511364,44.028386],[-123.511242,44.028367],[-123.511075,44.028331],[-123.510537,44.028181],[-123.510508,44.028173],[-123.510494,44.028169],[-123.510476,44.028164],[-123.510457,44.028159],[-123.510431,44.028151],[-123.510408,44.028145],[-123.510391,44.02814],[-123.510378,44.028137],[-123.510364,44.028133],[-123.510346,44.028128],[-123.510317,44.028119],[-123.510302,44.028115],[-123.510278,44.028108],[-123.510266,44.028104],[-123.510247,44.028098],[-123.510232,44.028093],[-123.510212,44.028087],[-123.5102,44.028082],[-123.510176,44.028074],[-123.510161,44.028069],[-123.510144,44.028063],[-123.510127,44.028057],[-123.510113,44.028052],[-123.510094,44.028044],[-123.510072,44.028036],[-123.510051,44.028027],[-123.510034,44.028021],[-123.509997,44.028005],[-123.509993,44.028004],[-123.509974,44.027996],[-123.509961,44.02799],[-123.509947,44.027984],[-123.50993,44.027978],[-123.509211,44.027673],[-123.509201,44.027669],[-123.509187,44.027663],[-123.509178,44.027659],[-123.509174,44.027657],[-123.509168,44.027654],[-123.509159,44.02765],[-123.509146,44.027645],[-123.509129,44.027638],[-123.509123,44.027635],[-123.509114,44.027632],[-123.509101,44.027627],[-123.50909,44.027622],[-123.50908,44.027619],[-123.509064,44.027614],[-123.509054,44.027611],[-123.509041,44.027607],[-123.509035,44.027605],[-123.509015,44.0276],[-123.509008,44.027598],[-123.508993,44.027595],[-123.508972,44.027591],[-123.508952,44.027586],[-123.508934,44.027583],[-123.508922,44.02758],[-123.508911,44.027577],[-123.5089,44.027575],[-123.508891,44.027573],[-123.50844,44.027467],[-123.50843,44.027465],[-123.508415,44.027462],[-123.508404,44.02746],[-123.508392,44.027458],[-123.508383,44.027456],[-123.508361,44.027454],[-123.508358,44.027454],[-123.508353,44.027454],[-123.508349,44.027453],[-123.508347,44.027453],[-123.508074,44.027741],[-123.50821,44.02778],[-123.508345,44.027821],[-123.508518,44.02788],[-123.508691,44.02794],[-123.508776,44.027818],[-123.508951,44.027882],[-123.509124,44.027949],[-123.509728,44.028182],[-123.509953,44.02827],[-123.510182,44.028352],[-123.510414,44.028429],[-123.510649,44.028502],[-123.510888,44.028569],[-123.511049,44.028604],[-123.511213,44.028634],[-123.511378,44.028659],[-123.511545,44.028679],[-123.511712,44.028693],[-123.511881,44.028702],[-123.512049,44.028706],[-123.512218,44.028704],[-123.512387,44.028697],[-123.512555,44.028684],[-123.512722,44.028666],[-123.512721,44.028806]]],[[[-123.679832,44.024623],[-123.679072,44.024927],[-123.678347,44.02536],[-123.677962,44.025777],[-123.677866,44.025921],[-123.677798,44.025992],[-123.677836,44.026265],[-123.677988,44.026217],[-123.678004,44.026182],[-123.678036,44.026115],[-123.678072,44.026049],[-123.67811,44.025984],[-123.678166,44.025901],[-123.678227,44.02582],[-123.678294,44.025742],[-123.678366,44.025666],[-123.678443,44.025593],[-123.678526,44.025523],[-123.678613,44.025456],[-123.678704,44.025392],[-123.6788,44.025332],[-123.678954,44.025244],[-123.679112,44.02516],[-123.679274,44.02508],[-123.679443,44.025003],[-123.679615,44.024931],[-123.679792,44.024864],[-123.679972,44.024802],[-123.680155,44.024745],[-123.680341,44.024692],[-123.680529,44.024645],[-123.68072,44.024603],[-123.680913,44.024567],[-123.681107,44.024535],[-123.681304,44.024509],[-123.681501,44.024489],[-123.681688,44.024471],[-123.681875,44.024458],[-123.682063,44.024449],[-123.682251,44.024445],[-123.682272,44.024445],[-123.687065,44.024264],[-123.687288,44.024255],[-123.687679,44.024235],[-123.68807,44.02421],[-123.688459,44.02418],[-123.688848,44.024144],[-123.689236,44.024104],[-123.689623,44.024059],[-123.691434,44.023835],[-123.692324,44.023726],[-123.697073,44.023139],[-123.697277,44.023114],[-123.697571,44.023075],[-123.697864,44.023034],[-123.698131,44.022991],[-123.698397,44.022943],[-123.698661,44.022891],[-123.698923,44.022834],[-123.699183,44.022772],[-123.699441,44.022706],[-123.699697,44.022635],[-123.69995,44.02256],[-123.7002,44.02248],[-123.700563,44.022356],[-123.700924,44.022227],[-123.70223,44.021754],[-123.704652,44.020877],[-123.704652,44.020877],[-123.70488,44.020794],[-123.705105,44.020705],[-123.705326,44.020613],[-123.705543,44.020515],[-123.705756,44.020413],[-123.705888,44.020339],[-123.706016,44.020261],[-123.706139,44.020179],[-123.706257,44.020093],[-123.706369,44.020003],[-123.706476,44.01991],[-123.706577,44.019814],[-123.706672,44.019715],[-123.706761,44.019613],[-123.706844,44.019508],[-123.70692,44.0194],[-123.70699,44.019291],[-123.707079,44.019118],[-123.707162,44.018943],[-123.707237,44.018767],[-123.707305,44.018589],[-123.707365,44.018409],[-123.70799,44.016591],[-123.708045,44.016433],[-123.708106,44.016254],[-123.70816,44.016074],[-123.708207,44.015892],[-123.708246,44.01571],[-123.708277,44.015527],[-123.708286,44.015408],[-123.708287,44.015288],[-123.708281,44.015169],[-123.708268,44.01505],[-123.708248,44.014932],[-123.708221,44.014814],[-123.708187,44.014698],[-123.708146,44.014582],[-123.708098,44.014468],[-123.708043,44.014356],[-123.707982,44.014245],[-123.707897,44.014118],[-123.707808,44.013992],[-123.707715,44.013868],[-123.707618,44.013745],[-123.7076,44.013462],[-123.707184,44.012996],[-123.707127,44.012932],[-123.706288,44.011992],[-123.706068,44.011999],[-123.705889,44.011799],[-123.705684,44.011578],[-123.705474,44.01136],[-123.705259,44.011144],[-123.705038,44.010931],[-123.704813,44.01072],[-123.703906,44.009878],[-123.703664,44.009651],[-123.703428,44.009422],[-123.703346,44.009339],[-123.703186,44.009169],[-123.703033,44.008996],[-123.702885,44.008821],[-123.702745,44.008643],[-123.702653,44.00852],[-123.702564,44.008396],[-123.702478,44.008271],[-123.702476,44.008267],[-123.702473,44.008263],[-123.702473,44.008263],[-123.70247,44.008257],[-123.702467,44.008254],[-123.702306,44.008003],[-123.702151,44.007751],[-123.701111,44.00604],[-123.700766,44.006155],[-123.701802,44.00786],[-123.702164,44.008586],[-123.702499,44.009025],[-123.702785,44.009328],[-123.70327,44.009823],[-123.703931,44.010432],[-123.704571,44.010984],[-123.705256,44.011689],[-123.705964,44.012552],[-123.70632,44.012993],[-123.706765,44.013547],[-123.70688,44.013667],[-123.707011,44.013815],[-123.707136,44.013964],[-123.707251,44.014112],[-123.70736,44.014262],[-123.707463,44.014415],[-123.707511,44.014503],[-123.707555,44.014592],[-123.707593,44.014683],[-123.707627,44.014775],[-123.707655,44.014867],[-123.707848,44.014864],[-123.707874,44.014977],[-123.707892,44.015091],[-123.707904,44.015205],[-123.707907,44.01528],[-123.707906,44.015389],[-123.707899,44.015497],[-123.707891,44.015548],[-123.70788,44.015611],[-123.70785,44.015763],[-123.707815,44.015914],[-123.707774,44.016065],[-123.707728,44.016215],[-123.707677,44.016363],[-123.707599,44.016591],[-123.706995,44.018348],[-123.706937,44.018519],[-123.706872,44.018689],[-123.7068,44.018858],[-123.706721,44.019025],[-123.706636,44.019191],[-123.706573,44.019288],[-123.706505,44.019383],[-123.706432,44.019476],[-123.706352,44.019567],[-123.706268,44.019655],[-123.706178,44.01974],[-123.706083,44.019823],[-123.705984,44.019902],[-123.70588,44.019978],[-123.705771,44.020051],[-123.705658,44.020121],[-123.705541,44.020187],[-123.705337,44.020284],[-123.70513,44.020378],[-123.704919,44.020466],[-123.704704,44.020551],[-123.704486,44.02063],[-123.702227,44.021448],[-123.700752,44.021982],[-123.700397,44.022109],[-123.70004,44.022231],[-123.699798,44.022308],[-123.699555,44.022381],[-123.699308,44.022449],[-123.69906,44.022513],[-123.698809,44.022572],[-123.698557,44.022627],[-123.698302,44.022678],[-123.698046,44.022723],[-123.697789,44.022765],[-123.697532,44.022801],[-123.697274,44.022835],[-123.69701,44.022869],[-123.696155,44.022974],[-123.69589,44.023033],[-123.695435,44.023114],[-123.6946,44.023236],[-123.694121,44.023304],[-123.693255,44.023399],[-123.692492,44.023468],[-123.692322,44.023476],[-123.691948,44.023494],[-123.689559,44.023789],[-123.689548,44.02379],[-123.689547,44.02379],[-123.689539,44.023791],[-123.689538,44.023791],[-123.689175,44.023833],[-123.688812,44.023871],[-123.688448,44.023904],[-123.688083,44.023933],[-123.687718,44.023958],[-123.687717,44.023958],[-123.687407,44.024007],[-123.687286,44.024017],[-123.686926,44.024044],[-123.686577,44.024064],[-123.686225,44.024122],[-123.685399,44.024158],[-123.684559,44.024188],[-123.683624,44.02422],[-123.683061,44.024222],[-123.682654,44.02423],[-123.68225,44.024215],[-123.682015,44.024206],[-123.68159,44.024225],[-123.681028,44.024333],[-123.680326,44.024476],[-123.679832,44.024623]]],[[[-123.463062,44.032449],[-123.46341,44.032916],[-123.463763,44.032818],[-123.463679,44.032692],[-123.46359,44.032567],[-123.463495,44.032444],[-123.463395,44.032324],[-123.461877,44.030518],[-123.461506,44.030043],[-123.46054,44.028903],[-123.460231,44.028676],[-123.459513,44.028198],[-123.458759,44.027962],[-123.457873,44.02788],[-123.457238,44.027801],[-123.455693,44.027575],[-123.454197,44.027362],[-123.452827,44.027172],[-123.452158,44.027109],[-123.452031,44.0271],[-123.452026,44.026825],[-123.451949,44.026819],[-123.451871,44.026815],[-123.451724,44.026809],[-123.450318,44.026746],[-123.449998,44.026732],[-123.449898,44.026705],[-123.4498,44.026674],[-123.449705,44.026639],[-123.449613,44.026599],[-123.449524,44.026556],[-123.449439,44.026509],[-123.449801,44.026191],[-123.449737,44.02615],[-123.449678,44.026107],[-123.449623,44.02606],[-123.449573,44.026011],[-123.449527,44.02596],[-123.449487,44.025906],[-123.44945,44.025847],[-123.44942,44.025786],[-123.449395,44.025723],[-123.449378,44.025659],[-123.449367,44.025594],[-123.449363,44.025529],[-123.449366,44.025464],[-123.449375,44.0254],[-123.449391,44.025336],[-123.449414,44.025273],[-123.449444,44.025211],[-123.449479,44.025151],[-123.449521,44.025094],[-123.449569,44.025038],[-123.449622,44.024986],[-123.449681,44.024936],[-123.449745,44.02489],[-123.449357,44.024589],[-123.449442,44.024535],[-123.449531,44.024486],[-123.449625,44.024441],[-123.449723,44.0244],[-123.449824,44.024364],[-123.449928,44.024332],[-123.450034,44.024305],[-123.450143,44.024284],[-123.450254,44.024267],[-123.450365,44.024255],[-123.450478,44.024249],[-123.450663,44.024242],[-123.450848,44.024241],[-123.451033,44.024244],[-123.451217,44.024254],[-123.451401,44.024269],[-123.451699,44.024306],[-123.452053,44.024352],[-123.453034,44.024477],[-123.453188,44.024499],[-123.453341,44.024523],[-123.453514,44.024549],[-123.453685,44.024579],[-123.453954,44.024624],[-123.454007,44.024634],[-123.454442,44.024727],[-123.454647,44.024768],[-123.454852,44.024804],[-123.45506,44.024836],[-123.455269,44.024862],[-123.455379,44.024872],[-123.45549,44.024879],[-123.455631,44.024884],[-123.455772,44.024885],[-123.455913,44.02488],[-123.456127,44.024864],[-123.45634,44.024842],[-123.456551,44.024815],[-123.456761,44.024782],[-123.456761,44.024642],[-123.457141,44.024585],[-123.457829,44.024496],[-123.458021,44.02448],[-123.458213,44.024469],[-123.458406,44.024463],[-123.4586,44.024462],[-123.458793,44.024466],[-123.458986,44.024474],[-123.459178,44.024488],[-123.459346,44.024501],[-123.459512,44.024519],[-123.459678,44.024542],[-123.459842,44.024569],[-123.460004,44.024601],[-123.460165,44.024638],[-123.460324,44.024679],[-123.46048,44.024724],[-123.460633,44.024774],[-123.460768,44.024822],[-123.4609,44.024874],[-123.46103,44.024929],[-123.461157,44.024987],[-123.46128,44.025048],[-123.461805,44.025311],[-123.461809,44.02548],[-123.462347,44.025749],[-123.462432,44.025807],[-123.462513,44.025868],[-123.46259,44.025931],[-123.462663,44.025997],[-123.462723,44.026061],[-123.462781,44.026126],[-123.462309,44.026116],[-123.46236,44.026163],[-123.462464,44.026277],[-123.462561,44.026393],[-123.462653,44.026512],[-123.462739,44.026634],[-123.463045,44.027146],[-123.463124,44.027265],[-123.463207,44.027381],[-123.463296,44.027496],[-123.463388,44.027609],[-123.463485,44.02772],[-123.463503,44.027739],[-123.463519,44.027755],[-123.463519,44.027755],[-123.463519,44.027756],[-123.463522,44.027759],[-123.463524,44.027761],[-123.463541,44.027778],[-123.46356,44.027796],[-123.463579,44.027815],[-123.463673,44.027901],[-123.463771,44.027984],[-123.463874,44.028063],[-123.463982,44.02814],[-123.464095,44.028213],[-123.464211,44.028282],[-123.464237,44.028296],[-123.464263,44.02831],[-123.464284,44.028322],[-123.464284,44.028322],[-123.464288,44.028324],[-123.464311,44.028337],[-123.464312,44.028337],[-123.464317,44.02834],[-123.464319,44.028341],[-123.46432,44.028341],[-123.464325,44.028344],[-123.464326,44.028344],[-123.464327,44.028345],[-123.464328,44.028345],[-123.464329,44.028346],[-123.464333,44.028348],[-123.464335,44.028349],[-123.464336,44.028349],[-123.464341,44.028352],[-123.464562,44.028129],[-123.464587,44.028141],[-123.464612,44.028154],[-123.464647,44.028171],[-123.464648,44.028171],[-123.464714,44.028202],[-123.464839,44.028256],[-123.464967,44.028306],[-123.465098,44.028351],[-123.465232,44.028391],[-123.465369,44.028427],[-123.465508,44.028459],[-123.465649,44.028485],[-123.465791,44.028507],[-123.465934,44.028524],[-123.466079,44.028537],[-123.466224,44.028544],[-123.46637,44.028546],[-123.466515,44.028544],[-123.46666,44.028536],[-123.466688,44.028534],[-123.466699,44.028533],[-123.466703,44.028533],[-123.466704,44.028533],[-123.466707,44.028533],[-123.466709,44.028533],[-123.466721,44.028532],[-123.466717,44.028394],[-123.466848,44.02838],[-123.466977,44.028363],[-123.467105,44.028341],[-123.467301,44.028298],[-123.467494,44.028249],[-123.467719,44.02805],[-123.467977,44.027894],[-123.468416,44.027681],[-123.468388,44.027693],[-123.467731,44.027885],[-123.467554,44.027939],[-123.467375,44.027989],[-123.467193,44.028034],[-123.467008,44.028075],[-123.46691,44.028092],[-123.466811,44.028107],[-123.466711,44.028118],[-123.466708,44.02798],[-123.466672,44.027983],[-123.466546,44.027993],[-123.466418,44.027997],[-123.46629,44.027997],[-123.466163,44.027991],[-123.466036,44.027981],[-123.46591,44.027965],[-123.465786,44.027945],[-123.465663,44.02792],[-123.465542,44.02789],[-123.465424,44.027855],[-123.465309,44.027815],[-123.465196,44.027772],[-123.465088,44.027724],[-123.464983,44.027671],[-123.464882,44.027615],[-123.464785,44.027555],[-123.464693,44.027491],[-123.464606,44.027423],[-123.464525,44.027352],[-123.464449,44.027278],[-123.464428,44.027257],[-123.464331,44.027143],[-123.464239,44.027027],[-123.464152,44.026908],[-123.464072,44.026788],[-123.463738,44.026238],[-123.463689,44.026169],[-123.463673,44.026146],[-123.463584,44.026028],[-123.463491,44.025912],[-123.463393,44.025799],[-123.46329,44.025687],[-123.463199,44.025603],[-123.463102,44.025522],[-123.463,44.025444],[-123.462893,44.025369],[-123.462781,44.025299],[-123.461793,44.024804],[-123.461797,44.024973],[-123.461501,44.024824],[-123.461366,44.024758],[-123.461228,44.024694],[-123.461087,44.024635],[-123.460943,44.024579],[-123.460796,44.024526],[-123.460636,44.024474],[-123.460474,44.024426],[-123.460308,44.024383],[-123.460141,44.024344],[-123.459972,44.02431],[-123.459801,44.02428],[-123.459629,44.024255],[-123.459456,44.024235],[-123.459339,44.024224],[-123.459221,44.024215],[-123.459016,44.024201],[-123.45881,44.024192],[-123.458603,44.024188],[-123.458396,44.024189],[-123.45819,44.024196],[-123.457984,44.024207],[-123.457779,44.024224],[-123.457063,44.024317],[-123.456757,44.024363],[-123.456755,44.024223],[-123.456601,44.024246],[-123.456413,44.024275],[-123.456224,44.024299],[-123.456035,44.024319],[-123.455844,44.024334],[-123.455723,44.024337],[-123.455602,44.024335],[-123.455481,44.024328],[-123.455387,44.02432],[-123.455203,44.024297],[-123.45502,44.024269],[-123.454839,44.024237],[-123.454659,44.024201],[-123.454192,44.024102],[-123.453945,44.024059],[-123.453847,44.024043],[-123.453678,44.024014],[-123.453507,44.023988],[-123.453343,44.023962],[-123.453179,44.023938],[-123.452042,44.023793],[-123.451696,44.023749],[-123.451502,44.023725],[-123.451327,44.02371],[-123.451151,44.0237],[-123.450976,44.023693],[-123.4508,44.023692],[-123.450624,44.023694],[-123.450448,44.023701],[-123.450311,44.023707],[-123.450175,44.023719],[-123.45004,44.023737],[-123.449907,44.023759],[-123.449775,44.023787],[-123.449646,44.023819],[-123.449519,44.023857],[-123.449396,44.0239],[-123.449275,44.023947],[-123.449159,44.023999],[-123.449046,44.024056],[-123.448938,44.024116],[-123.448835,44.024181],[-123.448737,44.02425],[-123.448644,44.024323],[-123.448556,44.024399],[-123.448475,44.024479],[-123.448399,44.024561],[-123.44833,44.024647],[-123.448267,44.024735],[-123.448211,44.024825],[-123.448162,44.024917],[-123.44812,44.025011],[-123.448088,44.0251],[-123.448061,44.02519],[-123.448041,44.02528],[-123.448027,44.025371],[-123.44802,44.025463],[-123.448019,44.025555],[-123.448024,44.025647],[-123.448036,44.025738],[-123.448054,44.025829],[-123.448078,44.025919],[-123.448109,44.02601],[-123.448147,44.026099],[-123.448191,44.026187],[-123.448241,44.026273],[-123.448297,44.026357],[-123.448359,44.026439],[-123.448427,44.026519],[-123.4485,44.026596],[-123.448579,44.02667],[-123.448663,44.026742],[-123.448752,44.02681],[-123.448845,44.026874],[-123.448943,44.026936],[-123.449046,44.026993],[-123.449152,44.027046],[-123.449105,44.027071],[-123.449055,44.027091],[-123.449002,44.027107],[-123.448947,44.027119],[-123.448891,44.027127],[-123.448967,44.027284],[-123.449074,44.027333],[-123.449185,44.027378],[-123.449298,44.027419],[-123.449413,44.027457],[-123.449531,44.027491],[-123.449723,44.027537],[-123.449916,44.027577],[-123.450112,44.027612],[-123.450309,44.027642],[-123.450508,44.027667],[-123.450708,44.027687],[-123.450753,44.027414],[-123.451738,44.027499],[-123.45204,44.027525],[-123.453167,44.027622],[-123.453556,44.027662],[-123.453944,44.027707],[-123.454191,44.027741],[-123.454438,44.02778],[-123.454821,44.027842],[-123.455203,44.027909],[-123.45567,44.027991],[-123.45601,44.02805],[-123.456351,44.028105],[-123.456574,44.028137],[-123.456793,44.028166],[-123.456793,44.028166],[-123.456793,44.028166],[-123.456791,44.028096],[-123.457275,44.028154],[-123.457932,44.02823],[-123.458572,44.028323],[-123.458707,44.028352],[-123.458839,44.028387],[-123.458969,44.028426],[-123.459096,44.028469],[-123.45922,44.028517],[-123.45934,44.02857],[-123.459457,44.028626],[-123.459569,44.028687],[-123.459678,44.028752],[-123.459781,44.02882],[-123.45988,44.028892],[-123.459974,44.028968],[-123.460062,44.029047],[-123.460422,44.02944],[-123.461885,44.031181],[-123.461884,44.031047],[-123.463062,44.032449]]],[[[-123.965642,44.020185],[-123.966044,44.020221],[-123.966446,44.020253],[-123.966672,44.020267],[-123.966898,44.020277],[-123.966983,44.02028],[-123.967022,44.020282],[-123.967024,44.020282],[-123.967064,44.020283],[-123.967065,44.020283],[-123.967102,44.020284],[-123.967147,44.020285],[-123.967184,44.020286],[-123.967189,44.020286],[-123.967224,44.020287],[-123.967233,44.020287],[-123.967235,44.020287],[-123.967245,44.020287],[-123.967246,44.020287],[-123.967246,44.020287],[-123.967257,44.020287],[-123.96726,44.020287],[-123.967268,44.020287],[-123.967312,44.020288],[-123.96735,44.020289],[-123.967353,44.020289],[-123.967394,44.020289],[-123.967435,44.020289],[-123.967438,44.020289],[-123.967478,44.020289],[-123.967705,44.020288],[-123.967932,44.020284],[-123.967932,44.020325],[-123.968132,44.020318],[-123.968332,44.020309],[-123.968532,44.020297],[-123.968569,44.020295],[-123.968571,44.020295],[-123.968609,44.020292],[-123.968692,44.020286],[-123.96873,44.020283],[-123.968733,44.020283],[-123.96877,44.02028],[-123.968774,44.020279],[-123.96881,44.020276],[-123.969087,44.020251],[-123.969363,44.02022],[-123.969366,44.02022],[-123.969367,44.02022],[-123.969763,44.020166],[-123.969766,44.020165],[-123.969766,44.020165],[-123.970162,44.020106],[-123.970315,44.020083],[-123.972933,44.019683],[-123.973693,44.019567],[-123.974234,44.019482],[-123.974773,44.019392],[-123.97531,44.019297],[-123.975846,44.019197],[-123.977949,44.018797],[-123.978621,44.018669],[-123.978871,44.018615],[-123.979122,44.018565],[-123.979123,44.018565],[-123.979136,44.018562],[-123.979138,44.018562],[-123.979142,44.018561],[-123.979151,44.018559],[-123.979157,44.018558],[-123.979165,44.018556],[-123.979167,44.018556],[-123.979173,44.018555],[-123.979181,44.018553],[-123.979191,44.018551],[-123.979191,44.018551],[-123.979196,44.01855],[-123.979208,44.018548],[-123.979211,44.018547],[-123.979211,44.018547],[-123.979211,44.018547],[-123.979256,44.018539],[-123.979259,44.018538],[-123.979272,44.018536],[-123.979273,44.018535],[-123.979281,44.018534],[-123.979287,44.018533],[-123.979297,44.018531],[-123.979302,44.01853],[-123.979553,44.018484],[-123.979806,44.018441],[-123.979863,44.018433],[-123.979921,44.018425],[-123.980155,44.018398],[-123.980389,44.018374],[-123.980434,44.018369],[-123.980436,44.018369],[-123.980481,44.018365],[-123.980481,44.018365],[-123.980481,44.018365],[-123.980481,44.018365],[-123.980482,44.018365],[-123.980528,44.01836],[-123.980528,44.01836],[-123.980574,44.018356],[-123.980576,44.018356],[-123.980621,44.018352],[-123.980624,44.018351],[-123.980668,44.018348],[-123.980902,44.018328],[-123.981137,44.018312],[-123.982691,44.018201],[-123.982697,44.0182],[-123.982699,44.0182],[-123.982965,44.018181],[-123.982967,44.018181],[-123.983222,44.01816],[-123.983227,44.018159],[-123.983465,44.018137],[-123.983466,44.018137],[-123.983701,44.018112],[-123.983706,44.018112],[-123.983961,44.018082],[-123.983962,44.018082],[-123.983963,44.018082],[-123.984216,44.018047],[-123.984479,44.018003],[-123.984686,44.017964],[-123.984687,44.017964],[-123.984925,44.017913],[-123.984926,44.017913],[-123.985214,44.017843],[-123.985217,44.017843],[-123.985375,44.0178],[-123.985377,44.0178],[-123.985598,44.017736],[-123.9856,44.017735],[-123.985826,44.017663],[-123.985828,44.017663],[-123.986025,44.017595],[-123.986027,44.017594],[-123.986246,44.017513],[-123.986359,44.017468],[-123.986517,44.017403],[-123.986699,44.017323],[-123.986702,44.017322],[-123.986858,44.017249],[-123.986864,44.017247],[-123.986998,44.017183],[-123.987,44.017183],[-123.987178,44.017097],[-123.987365,44.017004],[-123.987367,44.017003],[-123.987584,44.016892],[-123.987614,44.016876],[-123.987644,44.01686],[-123.987829,44.016764],[-123.988025,44.016661],[-123.988184,44.016578],[-123.988339,44.016497],[-123.988556,44.016384],[-123.988752,44.016282],[-123.988965,44.016171],[-123.989143,44.016079],[-123.989325,44.01599],[-123.989435,44.015941],[-123.989548,44.015894],[-123.989566,44.015887],[-123.989568,44.015886],[-123.989586,44.015879],[-123.989588,44.015878],[-123.989607,44.015871],[-123.989609,44.01587],[-123.989628,44.015863],[-123.98963,44.015862],[-123.989648,44.015855],[-123.989649,44.015855],[-123.989669,44.015847],[-123.989669,44.015847],[-123.989784,44.015806],[-123.989902,44.015768],[-123.990105,44.015708],[-123.990309,44.015652],[-123.995423,44.014283],[-123.995648,44.014223],[-123.995975,44.014135],[-123.996299,44.014042],[-123.996621,44.013946],[-123.996809,44.013885],[-123.996995,44.01382],[-123.997179,44.013753],[-123.997462,44.013641],[-123.997624,44.013575],[-123.997856,44.013478],[-123.998087,44.013378],[-123.998381,44.013251],[-123.998928,44.013014],[-124.00072,44.012197],[-124.00086,44.012135],[-124.000998,44.01207],[-124.001133,44.012003],[-124.001282,44.011924],[-124.001429,44.011842],[-124.001571,44.011757],[-124.00171,44.011668],[-124.001844,44.011576],[-124.001975,44.011481],[-124.002101,44.011384],[-124.00211,44.011376],[-124.002184,44.011312],[-124.002232,44.011269],[-124.002248,44.011255],[-124.002256,44.011248],[-124.002301,44.011205],[-124.002323,44.011184],[-124.002454,44.011056],[-124.002474,44.011036],[-124.002476,44.011034],[-124.002477,44.011033],[-124.0025,44.01101],[-124.002501,44.011009],[-124.002503,44.011007],[-124.002526,44.010983],[-124.002528,44.010982],[-124.00255,44.010959],[-124.002643,44.010862],[-124.002735,44.010764],[-124.003316,44.010143],[-124.003453,44.010005],[-124.003545,44.009912],[-124.003592,44.009867],[-124.00377,44.009695],[-124.00395,44.009525],[-124.004135,44.009357],[-124.004194,44.009304],[-124.004427,44.0091],[-124.004665,44.008899],[-124.004708,44.008935],[-124.004823,44.0091],[-124.004878,44.009276],[-124.005104,44.009254],[-124.005181,44.008745],[-124.005159,44.008548],[-124.005176,44.008486],[-124.005471,44.008275],[-124.005881,44.008106],[-124.005818,44.008013],[-124.006067,44.007839],[-124.006319,44.007669],[-124.0062,44.007592],[-124.00642,44.007366],[-124.006813,44.007123],[-124.007936,44.006429],[-124.008386,44.006111],[-124.00897,44.005728],[-124.00959,44.005242],[-124.010314,44.00478],[-124.01079,44.00447],[-124.011283,44.004156],[-124.011508,44.00434],[-124.011751,44.004184],[-124.011774,44.004169],[-124.011774,44.004169],[-124.011888,44.004096],[-124.013097,44.003321],[-124.013378,44.003147],[-124.01338,44.003146],[-124.013385,44.003143],[-124.013531,44.003055],[-124.013532,44.003055],[-124.013532,44.003055],[-124.013725,44.002942],[-124.013919,44.00283],[-124.013975,44.002798],[-124.014221,44.002662],[-124.0145,44.002512],[-124.014782,44.002366],[-124.015076,44.002219],[-124.015373,44.002075],[-124.016693,44.001416],[-124.016701,44.001246],[-124.017199,44.000997],[-124.017457,44.000867],[-124.017712,44.000735],[-124.017854,44.00066],[-124.01807,44.000541],[-124.018281,44.000418],[-124.018488,44.000291],[-124.018788,44.000097],[-124.019083,43.9999],[-124.019389,43.999702],[-124.019458,43.999658],[-124.019754,43.999469],[-124.020055,43.999283],[-124.020251,43.999169],[-124.02045,43.999058],[-124.020653,43.998951],[-124.020859,43.998847],[-124.021068,43.998746],[-124.021281,43.998649],[-124.021454,43.998574],[-124.021592,43.998516],[-124.02173,43.998458],[-124.021965,43.998362],[-124.023301,43.997817],[-124.023562,43.997709],[-124.023819,43.997598],[-124.024074,43.997482],[-124.024324,43.997362],[-124.024571,43.997238],[-124.024707,43.997163],[-124.024841,43.997085],[-124.024892,43.997054],[-124.024896,43.997052],[-124.024944,43.997022],[-124.025118,43.996905],[-124.025289,43.996787],[-124.025458,43.996666],[-124.025464,43.996662],[-124.025465,43.996661],[-124.02547,43.996657],[-124.02548,43.99665],[-124.025483,43.996648],[-124.025483,43.996648],[-124.025486,43.996646],[-124.025486,43.996646],[-124.025486,43.996646],[-124.025488,43.996644],[-124.025517,43.996623],[-124.025681,43.9965],[-124.025841,43.996376],[-124.025998,43.99625],[-124.026071,43.996192],[-124.02816,43.994532],[-124.028259,43.994452],[-124.028264,43.994449],[-124.02836,43.994373],[-124.02849,43.994273],[-124.028622,43.994174],[-124.028628,43.99417],[-124.028632,43.994166],[-124.028638,43.994162],[-124.028639,43.994161],[-124.028642,43.994159],[-124.02865,43.994153],[-124.028653,43.994151],[-124.028654,43.99415],[-124.028656,43.994149],[-124.028662,43.994144],[-124.028665,43.994142],[-124.028674,43.994136],[-124.028675,43.994135],[-124.028682,43.99413],[-124.028685,43.994127],[-124.028686,43.994127],[-124.028686,43.994126],[-124.028686,43.994126],[-124.028688,43.994125],[-124.028695,43.99412],[-124.028696,43.994119],[-124.028705,43.994113],[-124.028708,43.994111],[-124.028715,43.994105],[-124.028719,43.994102],[-124.028721,43.994101],[-124.028725,43.994098],[-124.028731,43.994093],[-124.028736,43.99409],[-124.028742,43.994086],[-124.02875,43.99408],[-124.028752,43.994078],[-124.028885,43.993982],[-124.02902,43.993888],[-124.029119,43.993823],[-124.02912,43.993822],[-124.02912,43.993822],[-124.02922,43.993759],[-124.029425,43.993639],[-124.029633,43.993521],[-124.029668,43.993502],[-124.029674,43.993499],[-124.029677,43.993497],[-124.029683,43.993493],[-124.029689,43.99349],[-124.029693,43.993488],[-124.029703,43.993482],[-124.029707,43.99348],[-124.029744,43.99346],[-124.029974,43.993337],[-124.030206,43.993216],[-124.034521,43.990984],[-124.034968,43.990755],[-124.035419,43.990531],[-124.035746,43.990372],[-124.036122,43.990193],[-124.036464,43.990034],[-124.036903,43.989835],[-124.037344,43.98964],[-124.03779,43.989448],[-124.037808,43.98944],[-124.038094,43.98932],[-124.038381,43.989201],[-124.038754,43.98905],[-124.038759,43.989048],[-124.038764,43.989046],[-124.038981,43.98896],[-124.039705,43.988674],[-124.041221,43.988076],[-124.041399,43.988006],[-124.041576,43.987934],[-124.04175,43.987859],[-124.041923,43.987783],[-124.042125,43.987688],[-124.042324,43.98759],[-124.042521,43.98749],[-124.042715,43.987387],[-124.042858,43.987309],[-124.042999,43.987229],[-124.043175,43.987126],[-124.043348,43.987021],[-124.043519,43.986914],[-124.043539,43.986901],[-124.043542,43.986899],[-124.043559,43.986889],[-124.043565,43.986885],[-124.043611,43.986855],[-124.043657,43.986825],[-124.043702,43.986795],[-124.043719,43.986784],[-124.043748,43.986765],[-124.043751,43.986763],[-124.043783,43.986741],[-124.043793,43.986734],[-124.043799,43.98673],[-124.043818,43.986717],[-124.043818,43.986717],[-124.043829,43.98671],[-124.043831,43.986708],[-124.043836,43.986705],[-124.043837,43.986705],[-124.043837,43.986704],[-124.043842,43.986701],[-124.043845,43.986699],[-124.043847,43.986697],[-124.04388,43.986675],[-124.043882,43.986673],[-124.043911,43.986653],[-124.043927,43.986642],[-124.043971,43.986611],[-124.044015,43.98658],[-124.044016,43.98658],[-124.044053,43.986553],[-124.044059,43.986549],[-124.044067,43.986543],[-124.044103,43.986517],[-124.044146,43.986486],[-124.044167,43.986471],[-124.044189,43.986454],[-124.044208,43.98644],[-124.044232,43.986422],[-124.044233,43.986422],[-124.044233,43.986422],[-124.044233,43.986421],[-124.044254,43.986406],[-124.044275,43.98639],[-124.044276,43.98639],[-124.044276,43.986389],[-124.044297,43.986374],[-124.044318,43.986358],[-124.044318,43.986357],[-124.04436,43.986326],[-124.044569,43.986162],[-124.04465,43.986098],[-124.044728,43.986033],[-124.044802,43.985965],[-124.044872,43.985895],[-124.044938,43.985823],[-124.044984,43.985771],[-124.045029,43.985717],[-124.045079,43.985656],[-124.045126,43.985594],[-124.045174,43.985525],[-124.045182,43.985512],[-124.045191,43.985498],[-124.045192,43.985497],[-124.045194,43.985495],[-124.045202,43.985482],[-124.045203,43.985481],[-124.045212,43.985466],[-124.04527,43.985366],[-124.04532,43.985265],[-124.045364,43.985162],[-124.045401,43.985057],[-124.045217,43.985148],[-124.045209,43.985152],[-124.044579,43.985466],[-124.04436,43.985575],[-124.04436,43.985575],[-124.044131,43.985689],[-124.043854,43.986026],[-124.043802,43.98609],[-124.042462,43.987063],[-124.04254,43.987139],[-124.042365,43.987233],[-124.042188,43.987324],[-124.041766,43.98747],[-124.041766,43.98747],[-124.041765,43.98747],[-124.041765,43.98747],[-124.041739,43.987479],[-124.041712,43.987487],[-124.040511,43.987969],[-124.040461,43.987989],[-124.040428,43.988003],[-124.040403,43.988012],[-124.040369,43.988026],[-124.040333,43.988041],[-124.040295,43.988056],[-124.040291,43.988058],[-124.040256,43.988072],[-124.040222,43.988085],[-124.040192,43.988097],[-124.040167,43.988107],[-124.040149,43.988114],[-124.040121,43.988126],[-124.040087,43.988141],[-124.040054,43.988156],[-124.040033,43.988166],[-124.040006,43.988179],[-124.039726,43.988325],[-124.039696,43.988341],[-124.039669,43.988356],[-124.039647,43.98837],[-124.039628,43.988384],[-124.039609,43.988399],[-124.038798,43.988719],[-124.038368,43.988891],[-124.037941,43.989067],[-124.037516,43.989246],[-124.037094,43.989428],[-124.036676,43.989614],[-124.036259,43.989803],[-124.031587,43.992126],[-124.031278,43.992281],[-124.030972,43.992437],[-124.030969,43.992438],[-124.030724,43.992567],[-124.030482,43.992698],[-124.030242,43.992832],[-124.030005,43.992969],[-124.030002,43.99297],[-124.029712,43.993143],[-124.029423,43.993317],[-124.02847,43.993894],[-124.028268,43.994043],[-124.028071,43.994195],[-124.027876,43.994349],[-124.026063,43.995791],[-124.025714,43.996068],[-124.025518,43.996225],[-124.025317,43.996378],[-124.025112,43.996528],[-124.024902,43.996675],[-124.024688,43.996819],[-124.024578,43.996886],[-124.024466,43.996951],[-124.024351,43.997015],[-124.024111,43.997135],[-124.023867,43.997251],[-124.02362,43.997364],[-124.02337,43.997473],[-124.023116,43.997577],[-124.02178,43.998122],[-124.021445,43.99826],[-124.021113,43.998402],[-124.020785,43.998548],[-124.020759,43.998563],[-124.018782,43.99976],[-124.018327,44.000036],[-124.017542,44.000511],[-124.016798,44.000862],[-124.015431,44.001572],[-124.014835,44.001919],[-124.014094,44.002344],[-124.013118,44.002928],[-124.012549,44.003262],[-124.011911,44.003641],[-124.010617,44.00447],[-124.010015,44.004852],[-124.008863,44.005599],[-124.008102,44.006075],[-124.006814,44.00689],[-124.006692,44.006967],[-124.005997,44.007422],[-124.00569,44.007632],[-124.00518,44.007999],[-124.00477,44.008327],[-124.004402,44.008636],[-124.00401,44.008977],[-124.003619,44.009336],[-124.00333,44.009619],[-124.003037,44.009916],[-124.002795,44.010182],[-124.002641,44.010337],[-124.002324,44.010677],[-124.002081,44.010921],[-124.001833,44.011146],[-124.001612,44.011316],[-124.001404,44.011463],[-124.001267,44.01155],[-124.001053,44.011683],[-124.000688,44.011866],[-124.000136,44.012115],[-124.000118,44.012123],[-123.99937,44.012443],[-123.998528,44.012811],[-123.997888,44.013076],[-123.997542,44.013217],[-123.997403,44.013273],[-123.996849,44.013497],[-123.996615,44.013571],[-123.996231,44.013692],[-123.995435,44.013935],[-123.994453,44.014198],[-123.993634,44.014421],[-123.991566,44.014972],[-123.990637,44.015219],[-123.989697,44.015439],[-123.989145,44.015603],[-123.989013,44.015663],[-123.988883,44.015726],[-123.988756,44.015792],[-123.988631,44.01586],[-123.988616,44.015846],[-123.988044,44.016154],[-123.987909,44.016226],[-123.987924,44.016241],[-123.987724,44.016348],[-123.987739,44.016363],[-123.987395,44.016548],[-123.987233,44.016642],[-123.987068,44.016732],[-123.986899,44.01682],[-123.986728,44.016905],[-123.986553,44.016986],[-123.986375,44.017064],[-123.986183,44.017147],[-123.985988,44.017225],[-123.985789,44.017299],[-123.985587,44.017369],[-123.985382,44.017433],[-123.985174,44.017494],[-123.984964,44.017549],[-123.984751,44.0176],[-123.984537,44.017646],[-123.98432,44.017687],[-123.984102,44.017723],[-123.983883,44.017754],[-123.983887,44.017771],[-123.983682,44.017799],[-123.983477,44.017823],[-123.983271,44.017843],[-123.983064,44.017859],[-123.982856,44.017871],[-123.982649,44.01788],[-123.981094,44.017984],[-123.980447,44.018018],[-123.979755,44.018084],[-123.979175,44.018165],[-123.978334,44.018331],[-123.977958,44.018401],[-123.977716,44.018445],[-123.975491,44.018883],[-123.974899,44.018989],[-123.974273,44.019116],[-123.973729,44.019199],[-123.973128,44.019301],[-123.972373,44.019425],[-123.971688,44.019535],[-123.971241,44.01961],[-123.970631,44.019708],[-123.970096,44.019797],[-123.969656,44.019855],[-123.969379,44.019889],[-123.968885,44.019933],[-123.968263,44.019967],[-123.967935,44.019984],[-123.967812,44.01999],[-123.967333,44.019976],[-123.966853,44.019949],[-123.966012,44.019891],[-123.965304,44.019822],[-123.963443,44.01966],[-123.962567,44.019588],[-123.961791,44.019505],[-123.96135,44.019454],[-123.960938,44.019384],[-123.960137,44.019241],[-123.959783,44.019175],[-123.959354,44.019108],[-123.958729,44.019024],[-123.957756,44.018967],[-123.95658,44.018938],[-123.954461,44.018893],[-123.953204,44.018831],[-123.952482,44.018769],[-123.951944,44.018718],[-123.95127,44.018636],[-123.950368,44.018516],[-123.949591,44.0184],[-123.948812,44.01826],[-123.94832,44.018169],[-123.948068,44.01811],[-123.947766,44.018039],[-123.947597,44.017999],[-123.947174,44.01788],[-123.946813,44.01776],[-123.946104,44.017519],[-123.945034,44.017099],[-123.943974,44.016679],[-123.942635,44.016185],[-123.941919,44.015917],[-123.941653,44.015829],[-123.941388,44.01576],[-123.941115,44.015711],[-123.940833,44.015665],[-123.940583,44.015634],[-123.940192,44.015604],[-123.940072,44.015602],[-123.940041,44.015813],[-123.940267,44.015837],[-123.940492,44.015866],[-123.940716,44.015899],[-123.94094,44.015937],[-123.941163,44.01598],[-123.941338,44.016016],[-123.941417,44.016022],[-123.941608,44.016071],[-123.94161,44.016072],[-123.94188,44.016143],[-123.942177,44.016233],[-123.942201,44.01624],[-123.942212,44.016244],[-123.942626,44.016402],[-123.943135,44.016587],[-123.943142,44.016589],[-123.943159,44.016595],[-123.943161,44.016596],[-123.943179,44.016603],[-123.943182,44.016604],[-123.943182,44.016604],[-123.943182,44.016604],[-123.943194,44.016608],[-123.943199,44.01661],[-123.94322,44.016618],[-123.94322,44.016618],[-123.943475,44.016713],[-123.943728,44.016809],[-123.94381,44.01684],[-123.94499,44.017293],[-123.946121,44.017727],[-123.946402,44.017833],[-123.946685,44.017937],[-123.94697,44.018036],[-123.947259,44.018131],[-123.947427,44.018181],[-123.947597,44.018228],[-123.947768,44.018272],[-123.947768,44.018272],[-123.947768,44.018272],[-123.947896,44.018302],[-123.948026,44.018331],[-123.948332,44.018391],[-123.94864,44.018447],[-123.948949,44.018498],[-123.949259,44.018545],[-123.950782,44.018774],[-123.951064,44.018817],[-123.951345,44.018858],[-123.951626,44.018898],[-123.951909,44.018934],[-123.952202,44.018966],[-123.952496,44.018995],[-123.952791,44.019019],[-123.952791,44.019157],[-123.953005,44.019171],[-123.953009,44.019171],[-123.953227,44.019184],[-123.953447,44.019194],[-123.953453,44.019194],[-123.953473,44.019195],[-123.953475,44.019195],[-123.953483,44.019195],[-123.953485,44.019195],[-123.953485,44.019195],[-123.953485,44.019195],[-123.953488,44.019195],[-123.953499,44.019196],[-123.953521,44.019197],[-123.953523,44.019197],[-123.953578,44.019199],[-123.953806,44.019207],[-123.957833,44.019363],[-123.958138,44.019373],[-123.958416,44.019384],[-123.958695,44.019399],[-123.958884,44.019414],[-123.959074,44.019433],[-123.959262,44.019455],[-123.95945,44.019481],[-123.959722,44.019526],[-123.959993,44.019575],[-123.960695,44.019705],[-123.960921,44.019746],[-123.961147,44.019785],[-123.961306,44.01981],[-123.961465,44.019833],[-123.961584,44.019848],[-123.961593,44.01985],[-123.961713,44.019864],[-123.961891,44.019883],[-123.961894,44.019883],[-123.9619,44.019884],[-123.961901,44.019884],[-123.961902,44.019884],[-123.961905,44.019884],[-123.961915,44.019885],[-123.961919,44.019886],[-123.961927,44.019887],[-123.961934,44.019887],[-123.961939,44.019888],[-123.961949,44.019889],[-123.961952,44.019889],[-123.961958,44.01989],[-123.961965,44.01989],[-123.961972,44.019891],[-123.961978,44.019892],[-123.961985,44.019892],[-123.961985,44.019892],[-123.961989,44.019893],[-123.962174,44.01991],[-123.962884,44.019977],[-123.962884,44.019935],[-123.964484,44.02008],[-123.965642,44.020185]],[[-124.004836,44.008874],[-124.004766,44.008815],[-124.004964,44.008655],[-124.005014,44.008615],[-124.005029,44.008744],[-124.004978,44.009078],[-124.004836,44.008874]]],[[[-123.904439,44.024305],[-123.904439,44.024305],[-123.90444,44.024305],[-123.904693,44.024267],[-123.904944,44.024224],[-123.904978,44.024218],[-123.904981,44.024218],[-123.905016,44.024211],[-123.905019,44.024211],[-123.905055,44.024204],[-123.905067,44.024202],[-123.905067,44.024202],[-123.90508,44.024199],[-123.90508,44.024199],[-123.905083,44.024199],[-123.905097,44.024196],[-123.905134,44.024189],[-123.905134,44.024189],[-123.905134,44.024189],[-123.905134,44.024189],[-123.905135,44.024189],[-123.905135,44.024189],[-123.905135,44.024189],[-123.905135,44.024189],[-123.905172,44.024182],[-123.905175,44.024181],[-123.90521,44.024174],[-123.905438,44.024127],[-123.905664,44.024077],[-123.905042,44.024065],[-123.905294,44.024015],[-123.905545,44.02396],[-123.905546,44.02396],[-123.905794,44.023902],[-123.906041,44.023839],[-123.906265,44.023765],[-123.906267,44.023764],[-123.906279,44.02376],[-123.906285,44.023758],[-123.906285,44.023758],[-123.906288,44.023757],[-123.906293,44.023755],[-123.906293,44.023755],[-123.906293,44.023755],[-123.906293,44.023755],[-123.906303,44.023752],[-123.906306,44.023751],[-123.906315,44.023748],[-123.906323,44.023745],[-123.906324,44.023745],[-123.906325,44.023744],[-123.906334,44.023741],[-123.906336,44.023741],[-123.906336,44.023741],[-123.906336,44.023741],[-123.906337,44.02374],[-123.906338,44.02374],[-123.906338,44.02374],[-123.906347,44.023737],[-123.906358,44.023733],[-123.906361,44.023732],[-123.906574,44.023658],[-123.906577,44.023656],[-123.908049,44.0231],[-123.908197,44.023044],[-123.908199,44.023043],[-123.908209,44.023038],[-123.908215,44.023036],[-123.90822,44.023034],[-123.908225,44.023032],[-123.908251,44.023022],[-123.908278,44.023012],[-123.908283,44.02301],[-123.908291,44.023006],[-123.908324,44.022993],[-123.908454,44.022939],[-123.908457,44.022938],[-123.908458,44.022938],[-123.908458,44.022938],[-123.908489,44.022924],[-123.908635,44.022857],[-123.908778,44.022786],[-123.908917,44.022711],[-123.909052,44.022632],[-123.909183,44.02255],[-123.909309,44.022464],[-123.90943,44.022374],[-123.909547,44.022282],[-123.909659,44.022186],[-123.909766,44.022087],[-123.909867,44.021985],[-123.909887,44.021964],[-123.909887,44.021963],[-123.909888,44.021963],[-123.909889,44.021962],[-123.909994,44.021841],[-123.910009,44.021823],[-123.910013,44.021819],[-123.910029,44.021799],[-123.91003,44.021799],[-123.91003,44.021799],[-123.91003,44.021798],[-123.91003,44.021798],[-123.91003,44.021798],[-123.910046,44.021779],[-123.910046,44.021778],[-123.910128,44.021678],[-123.910129,44.021676],[-123.911504,44.01997],[-123.911719,44.01997],[-123.9118,44.019875],[-123.912967,44.018514],[-123.913312,44.018111],[-123.913286,44.018098],[-123.913064,44.017985],[-123.913172,44.017878],[-123.913286,44.017774],[-123.913404,44.017672],[-123.913528,44.017574],[-123.913656,44.017479],[-123.913789,44.017387],[-123.913926,44.017299],[-123.914089,44.017209],[-123.914255,44.017123],[-123.914426,44.017042],[-123.914601,44.016965],[-123.914779,44.016892],[-123.91496,44.016823],[-123.915145,44.016759],[-123.915332,44.0167],[-123.915523,44.016645],[-123.915715,44.016596],[-123.915899,44.016553],[-123.916085,44.016515],[-123.916272,44.016481],[-123.916461,44.016451],[-123.916753,44.016423],[-123.916757,44.016422],[-123.916767,44.016421],[-123.916788,44.016419],[-123.916791,44.016419],[-123.916793,44.016419],[-123.916832,44.016416],[-123.916874,44.016412],[-123.916875,44.016412],[-123.91688,44.016412],[-123.916883,44.016411],[-123.916884,44.016411],[-123.916909,44.016409],[-123.91691,44.016409],[-123.916911,44.016409],[-123.916915,44.016409],[-123.917205,44.016387],[-123.917205,44.016525],[-123.917439,44.016511],[-123.917674,44.0165],[-123.917908,44.016492],[-123.918143,44.016488],[-123.918394,44.016482],[-123.919294,44.016464],[-123.920164,44.016445],[-123.920169,44.016445],[-123.920444,44.016441],[-123.92072,44.016439],[-123.920853,44.016442],[-123.920986,44.016446],[-123.921214,44.016457],[-123.921441,44.016474],[-123.921667,44.016496],[-123.921941,44.01653],[-123.922214,44.016568],[-123.923603,44.01675],[-123.923624,44.016752],[-123.923878,44.016775],[-123.924133,44.016792],[-123.924388,44.016804],[-123.924644,44.016811],[-123.9249,44.016812],[-123.925156,44.016809],[-123.925412,44.0168],[-123.92576,44.016779],[-123.926108,44.016754],[-123.926455,44.016724],[-123.928455,44.016549],[-123.928458,44.016548],[-123.93027,44.016389],[-123.933169,44.016401],[-123.93317,44.015996],[-123.935548,44.015788],[-123.935885,44.015759],[-123.936222,44.015734],[-123.936559,44.015714],[-123.936731,44.015708],[-123.936903,44.015704],[-123.937241,44.015705],[-123.93758,44.015709],[-123.937919,44.015718],[-123.938241,44.015728],[-123.938203,44.01581],[-123.9382,44.015816],[-123.938201,44.015816],[-123.938522,44.01582],[-123.938843,44.015827],[-123.939163,44.015839],[-123.939483,44.015854],[-123.939802,44.015873],[-123.939814,44.015793],[-123.939843,44.015599],[-123.939828,44.015599],[-123.938936,44.015558],[-123.938305,44.015526],[-123.937732,44.015492],[-123.937394,44.01547],[-123.936972,44.015447],[-123.936675,44.015437],[-123.936388,44.015458],[-123.936,44.015485],[-123.935563,44.015524],[-123.935295,44.015548],[-123.934404,44.015625],[-123.933704,44.015694],[-123.933136,44.015752],[-123.932131,44.015837],[-123.931337,44.015902],[-123.93069,44.015962],[-123.930002,44.016024],[-123.929403,44.01609],[-123.928879,44.016137],[-123.928453,44.016177],[-123.928139,44.016207],[-123.927531,44.016257],[-123.926913,44.01631],[-123.926097,44.016367],[-123.925343,44.016418],[-123.924786,44.016434],[-123.924338,44.016425],[-123.923956,44.016407],[-123.923524,44.016366],[-123.923069,44.016319],[-123.92265,44.016261],[-123.922227,44.016219],[-123.921657,44.016165],[-123.921162,44.016116],[-123.920726,44.016087],[-123.92042,44.016067],[-123.91995,44.016059],[-123.919357,44.016064],[-123.919292,44.016066],[-123.918782,44.016081],[-123.918392,44.016089],[-123.917853,44.016098],[-123.917105,44.016114],[-123.916611,44.016151],[-123.916187,44.016173],[-123.915763,44.016275],[-123.915088,44.016477],[-123.914576,44.016665],[-123.914209,44.016839],[-123.913905,44.017011],[-123.913532,44.017245],[-123.913226,44.017472],[-123.912968,44.017687],[-123.912695,44.017941],[-123.912486,44.018171],[-123.912007,44.018775],[-123.911432,44.019511],[-123.910133,44.021128],[-123.90937,44.022047],[-123.908985,44.022368],[-123.90845,44.022697],[-123.908122,44.022857],[-123.907676,44.023033],[-123.906892,44.023268],[-123.906358,44.02343],[-123.906135,44.023507],[-123.905909,44.023581],[-123.90573,44.023628],[-123.905478,44.023688],[-123.905225,44.023744],[-123.90497,44.023795],[-123.904713,44.023841],[-123.904455,44.023883],[-123.90419,44.023921],[-123.903924,44.023953],[-123.903657,44.023981],[-123.903389,44.024004],[-123.903121,44.024021],[-123.902852,44.024034],[-123.902582,44.024042],[-123.902312,44.024044],[-123.902043,44.024042],[-123.901773,44.024035],[-123.901504,44.024022],[-123.901235,44.024005],[-123.901233,44.024005],[-123.901232,44.024005],[-123.900952,44.023984],[-123.900673,44.02396],[-123.8985,44.023762],[-123.898159,44.023731],[-123.897797,44.023704],[-123.897434,44.023681],[-123.89707,44.023662],[-123.896706,44.023647],[-123.896342,44.023637],[-123.896114,44.023633],[-123.895885,44.023631],[-123.895542,44.023631],[-123.894684,44.023633],[-123.893827,44.023635],[-123.893486,44.023635],[-123.893089,44.023631],[-123.892692,44.023621],[-123.892296,44.023607],[-123.8919,44.023587],[-123.891505,44.023561],[-123.891166,44.023536],[-123.891061,44.023528],[-123.890047,44.02345],[-123.888373,44.02332],[-123.887919,44.023345],[-123.887094,44.023408],[-123.886133,44.023493],[-123.885521,44.023546],[-123.885084,44.023585],[-123.884705,44.023608],[-123.884373,44.023612],[-123.883902,44.0236],[-123.883525,44.023582],[-123.883125,44.023552],[-123.882857,44.023522],[-123.882554,44.023486],[-123.882109,44.023451],[-123.881712,44.023408],[-123.88131,44.023343],[-123.880814,44.023265],[-123.880349,44.023182],[-123.879989,44.023091],[-123.879589,44.022994],[-123.879297,44.022916],[-123.87881,44.022751],[-123.878159,44.022524],[-123.877704,44.02239],[-123.874919,44.02122],[-123.873405,44.020604],[-123.872753,44.020271],[-123.87182,44.019817],[-123.871588,44.019712],[-123.871347,44.019607],[-123.871062,44.019485],[-123.870794,44.019377],[-123.870586,44.019294],[-123.870388,44.019236],[-123.869674,44.018993],[-123.869033,44.018772],[-123.868717,44.01864],[-123.868561,44.018574],[-123.868257,44.018443],[-123.867392,44.018105],[-123.866659,44.017816],[-123.866379,44.017716],[-123.866149,44.017646],[-123.865843,44.017568],[-123.865516,44.017498],[-123.865231,44.017468],[-123.864844,44.017441],[-123.864477,44.017448],[-123.864137,44.017474],[-123.863957,44.017505],[-123.863721,44.01755],[-123.863298,44.017674],[-123.862964,44.017802],[-123.862557,44.01797],[-123.862151,44.018231],[-123.861398,44.018787],[-123.86079,44.019321],[-123.860272,44.019886],[-123.859697,44.020693],[-123.859419,44.021123],[-123.859177,44.021546],[-123.8587,44.022447],[-123.858183,44.023662],[-123.858018,44.024122],[-123.857862,44.024734],[-123.857848,44.024796],[-123.857996,44.024816],[-123.858052,44.024804],[-123.858083,44.024785],[-123.858105,44.024723],[-123.858151,44.024541],[-123.858213,44.024321],[-123.858222,44.024179],[-123.858295,44.024003],[-123.858426,44.023719],[-123.858623,44.023366],[-123.858878,44.02271],[-123.859059,44.022287],[-123.859212,44.022016],[-123.859364,44.021797],[-123.859818,44.021402],[-123.859941,44.021214],[-123.86007,44.021029],[-123.860178,44.020879],[-123.86029,44.02073],[-123.860371,44.020626],[-123.860453,44.020523],[-123.860553,44.020402],[-123.860561,44.020393],[-123.860662,44.020274],[-123.860669,44.020265],[-123.860728,44.020198],[-123.860729,44.020197],[-123.860762,44.02016],[-123.860763,44.020158],[-123.860774,44.020146],[-123.860776,44.020144],[-123.860777,44.020142],[-123.860795,44.020123],[-123.860797,44.020121],[-123.860805,44.020112],[-123.860813,44.020103],[-123.860834,44.020079],[-123.860835,44.020079],[-123.860844,44.020068],[-123.860854,44.020058],[-123.860854,44.020058],[-123.860875,44.020035],[-123.860877,44.020033],[-123.860899,44.020008],[-123.860923,44.019983],[-123.861072,44.019826],[-123.861224,44.019671],[-123.861381,44.019519],[-123.86151,44.019388],[-123.861644,44.019259],[-123.861782,44.019132],[-123.861894,44.019035],[-123.862008,44.018938],[-123.862125,44.018844],[-123.862274,44.01873],[-123.862427,44.018618],[-123.862455,44.018598],[-123.862455,44.018598],[-123.862464,44.018592],[-123.862466,44.01859],[-123.862466,44.01859],[-123.862472,44.018586],[-123.862472,44.018586],[-123.86248,44.01858],[-123.862488,44.018575],[-123.862488,44.018575],[-123.862491,44.018573],[-123.862492,44.018572],[-123.862503,44.018565],[-123.862529,44.018547],[-123.862535,44.018542],[-123.862437,44.018475],[-123.862552,44.018391],[-123.862673,44.01831],[-123.862799,44.018233],[-123.862929,44.018161],[-123.863064,44.018092],[-123.863203,44.018028],[-123.863345,44.017969],[-123.863488,44.017915],[-123.863619,44.017873],[-123.863753,44.017835],[-123.863889,44.017801],[-123.864027,44.017772],[-123.864167,44.017747],[-123.864308,44.017727],[-123.86445,44.01771],[-123.864445,44.017849],[-123.864594,44.017838],[-123.864744,44.017831],[-123.864893,44.01783],[-123.865043,44.017835],[-123.865192,44.017845],[-123.865341,44.01786],[-123.865488,44.017881],[-123.865633,44.017907],[-123.86565,44.01791],[-123.865653,44.017911],[-123.865654,44.017911],[-123.865655,44.017911],[-123.865658,44.017912],[-123.865683,44.017917],[-123.865884,44.01797],[-123.866082,44.018028],[-123.866278,44.018089],[-123.866472,44.018155],[-123.866662,44.018224],[-123.86685,44.018298],[-123.867862,44.018707],[-123.867934,44.018736],[-123.867941,44.018739],[-123.867955,44.018745],[-123.867955,44.018745],[-123.867963,44.018748],[-123.867963,44.018748],[-123.867963,44.018748],[-123.86797,44.018751],[-123.867985,44.018757],[-123.867996,44.018761],[-123.868006,44.018765],[-123.868012,44.018768],[-123.868163,44.018828],[-123.868389,44.018917],[-123.868391,44.018918],[-123.868436,44.018936],[-123.868439,44.018937],[-123.868481,44.018953],[-123.868717,44.019042],[-123.868983,44.01914],[-123.869251,44.019236],[-123.86956,44.019347],[-123.870448,44.019677],[-123.870637,44.019749],[-123.870888,44.019848],[-123.871138,44.019948],[-123.871346,44.020038],[-123.871551,44.02013],[-123.871753,44.020226],[-123.872075,44.020388],[-123.872393,44.020554],[-123.8725,44.020605],[-123.873149,44.020917],[-123.873446,44.021058],[-123.873746,44.021197],[-123.874048,44.021333],[-123.874352,44.021466],[-123.874659,44.021596],[-123.874967,44.021724],[-123.875818,44.022057],[-123.877115,44.022565],[-123.877471,44.022701],[-123.87783,44.022833],[-123.878192,44.022961],[-123.878557,44.023084],[-123.878924,44.023203],[-123.879183,44.023283],[-123.879443,44.02336],[-123.879707,44.023431],[-123.879973,44.023498],[-123.88024,44.023559],[-123.880392,44.023592],[-123.880367,44.024499],[-123.885208,44.024201],[-123.890028,44.023904],[-123.890035,44.023725],[-123.891125,44.023809],[-123.891202,44.023815],[-123.89122,44.023816],[-123.891228,44.023817],[-123.891228,44.023817],[-123.891231,44.023817],[-123.891238,44.023817],[-123.891256,44.023819],[-123.891268,44.02382],[-123.891279,44.02382],[-123.891313,44.023823],[-123.891318,44.023823],[-123.891324,44.023824],[-123.891328,44.023824],[-123.891344,44.023825],[-123.891351,44.023826],[-123.891353,44.023826],[-123.89136,44.023826],[-123.891373,44.023827],[-123.891377,44.023828],[-123.891377,44.023828],[-123.89139,44.023829],[-123.891467,44.023834],[-123.891858,44.023859],[-123.892249,44.023879],[-123.892298,44.023881],[-123.892305,44.023882],[-123.892357,44.023884],[-123.892361,44.023884],[-123.892417,44.023886],[-123.892432,44.023887],[-123.892445,44.023887],[-123.892446,44.023887],[-123.892448,44.023888],[-123.892452,44.023888],[-123.892452,44.023888],[-123.892461,44.023888],[-123.892476,44.023889],[-123.892529,44.02389],[-123.892532,44.023891],[-123.892586,44.023892],[-123.892588,44.023893],[-123.89264,44.023894],[-123.892644,44.023894],[-123.892694,44.023896],[-123.8927,44.023896],[-123.892752,44.023898],[-123.893118,44.023906],[-123.893485,44.023909],[-123.893561,44.023909],[-123.893627,44.02391],[-123.893638,44.02391],[-123.893675,44.023909],[-123.893828,44.023909],[-123.894933,44.023907],[-123.895543,44.023905],[-123.895713,44.023905],[-123.895884,44.023905],[-123.89623,44.023909],[-123.896576,44.023918],[-123.896577,44.023918],[-123.896594,44.023918],[-123.896601,44.023918],[-123.896601,44.023918],[-123.896602,44.023918],[-123.896602,44.023918],[-123.896602,44.023918],[-123.896606,44.023919],[-123.896606,44.023919],[-123.896606,44.023919],[-123.89661,44.023919],[-123.896614,44.023919],[-123.896614,44.023919],[-123.896629,44.023919],[-123.896681,44.023921],[-123.897,44.023933],[-123.897319,44.023949],[-123.897372,44.023952],[-123.897373,44.023952],[-123.89739,44.023953],[-123.897396,44.023954],[-123.897396,44.023954],[-123.897396,44.023954],[-123.897407,44.023954],[-123.897424,44.023955],[-123.897426,44.023955],[-123.897474,44.023958],[-123.897479,44.023958],[-123.897524,44.023961],[-123.89782,44.023981],[-123.898114,44.024004],[-123.898269,44.024017],[-123.898283,44.024018],[-123.898452,44.024034],[-123.900625,44.024232],[-123.900911,44.024257],[-123.901196,44.024278],[-123.9012,44.024278],[-123.901416,44.024293],[-123.901633,44.024304],[-123.901849,44.024312],[-123.901851,44.024312],[-123.902119,44.024318],[-123.902386,44.024319],[-123.902422,44.024318],[-123.902424,44.024318],[-123.90246,44.024318],[-123.902463,44.024318],[-123.902501,44.024317],[-123.902504,44.024317],[-123.902542,44.024317],[-123.90258,44.024316],[-123.90258,44.024316],[-123.90258,44.024316],[-123.90258,44.024316],[-123.902618,44.024315],[-123.902867,44.024308],[-123.903117,44.024297],[-123.903152,44.024295],[-123.903153,44.024295],[-123.903154,44.024295],[-123.903155,44.024295],[-123.903155,44.024295],[-123.903193,44.024292],[-123.903195,44.024292],[-123.903231,44.02429],[-123.903233,44.02429],[-123.903269,44.024288],[-123.903273,44.024287],[-123.903307,44.024285],[-123.903554,44.024266],[-123.9038,44.024244],[-123.903803,44.024243],[-123.904017,44.02422],[-123.90423,44.024194],[-123.904443,44.024165],[-123.904444,44.024165],[-123.904439,44.024305]]],[[[-123.676875,44.026271],[-123.676822,44.026424],[-123.676776,44.026577],[-123.676625,44.027205],[-123.676578,44.027402],[-123.677046,44.027461],[-123.676833,44.028345],[-123.676785,44.028553],[-123.676741,44.028762],[-123.676719,44.028893],[-123.676702,44.029024],[-123.676688,44.029155],[-123.676675,44.029366],[-123.676667,44.029577],[-123.67665,44.030115],[-123.676648,44.03032],[-123.676641,44.030524],[-123.67663,44.030729],[-123.676614,44.030933],[-123.67661,44.030968],[-123.676589,44.031117],[-123.676562,44.031265],[-123.676529,44.031412],[-123.676489,44.031559],[-123.676443,44.031705],[-123.676391,44.031849],[-123.676334,44.031993],[-123.67627,44.032135],[-123.6762,44.032276],[-123.676125,44.032415],[-123.676001,44.032617],[-123.675872,44.032817],[-123.675737,44.033015],[-123.675598,44.033211],[-123.674878,44.034158],[-123.674876,44.03416],[-123.674763,44.03431],[-123.674656,44.034462],[-123.674553,44.034615],[-123.674454,44.03477],[-123.674383,44.034897],[-123.674318,44.035025],[-123.67426,44.035155],[-123.674208,44.035286],[-123.674163,44.035419],[-123.674124,44.035553],[-123.674093,44.035688],[-123.674068,44.035823],[-123.674048,44.035992],[-123.674033,44.036162],[-123.674023,44.036331],[-123.674017,44.036501],[-123.673994,44.03704],[-123.673986,44.037238],[-123.673985,44.037437],[-123.67399,44.037635],[-123.674002,44.037785],[-123.674022,44.037935],[-123.674049,44.038085],[-123.674084,44.038234],[-123.674126,44.038381],[-123.674174,44.038524],[-123.674229,44.038666],[-123.674291,44.038806],[-123.67436,44.038945],[-123.674435,44.039081],[-123.674517,44.039216],[-123.674605,44.039348],[-123.6747,44.039479],[-123.674801,44.039606],[-123.674908,44.039732],[-123.675021,44.039854],[-123.67514,44.039973],[-123.675264,44.04009],[-123.675392,44.0402],[-123.675524,44.040308],[-123.675661,44.040412],[-123.675803,44.040512],[-123.67595,44.040609],[-123.676102,44.040703],[-123.676257,44.040792],[-123.676417,44.040878],[-123.676581,44.040959],[-123.676748,44.041037],[-123.67692,44.04111],[-123.677094,44.04118],[-123.677272,44.041244],[-123.677453,44.041305],[-123.677636,44.041361],[-123.677822,44.041412],[-123.67801,44.041459],[-123.678201,44.041501],[-123.678435,44.041547],[-123.67867,44.04159],[-123.678907,44.041628],[-123.679145,44.041662],[-123.679384,44.041692],[-123.679624,44.041717],[-123.679865,44.041739],[-123.680076,44.041754],[-123.680287,44.041767],[-123.680499,44.041775],[-123.680711,44.041781],[-123.680577,44.041672],[-123.680331,44.041472],[-123.680065,44.041455],[-123.679737,44.041421],[-123.67927,44.041365],[-123.678875,44.041311],[-123.678177,44.041177],[-123.67763,44.041038],[-123.677234,44.040899],[-123.676887,44.040766],[-123.676499,44.040596],[-123.676104,44.040378],[-123.67572,44.040088],[-123.675351,44.039737],[-123.675036,44.039404],[-123.67483,44.039099],[-123.674688,44.038821],[-123.674598,44.03854],[-123.674488,44.038158],[-123.674421,44.037881],[-123.674336,44.03744],[-123.674332,44.036993],[-123.674329,44.036587],[-123.674352,44.036205],[-123.674389,44.035839],[-123.674468,44.035543],[-123.674583,44.035298],[-123.674776,44.034908],[-123.675,44.034581],[-123.67554,44.033874],[-123.676155,44.033056],[-123.676484,44.032566],[-123.676596,44.032367],[-123.676725,44.032117],[-123.676843,44.031756],[-123.676929,44.031402],[-123.676969,44.031087],[-123.677004,44.030668],[-123.677018,44.030128],[-123.677017,44.029563],[-123.677045,44.029023],[-123.677101,44.028649],[-123.677281,44.028025],[-123.677475,44.027299],[-123.677488,44.027223],[-123.677533,44.026968],[-123.677576,44.026526],[-123.677564,44.026349],[-123.677552,44.026172],[-123.677552,44.026169],[-123.677535,44.025909],[-123.677498,44.02598],[-123.677464,44.026051],[-123.677417,44.026153],[-123.677374,44.026256],[-123.677334,44.02636],[-123.676875,44.026271]]],[[[-123.315553,44.052598],[-123.320583,44.05259],[-123.320634,44.05259],[-123.327706,44.052616],[-123.330161,44.05262],[-123.338405,44.052632],[-123.34029,44.052634],[-123.350582,44.052648],[-123.351485,44.052649],[-123.351485,44.052649],[-123.351486,44.052375],[-123.351408,44.052375],[-123.350583,44.052374],[-123.349848,44.052373],[-123.34908,44.052372],[-123.348538,44.052371],[-123.348154,44.052371],[-123.347747,44.05237],[-123.347332,44.05237],[-123.345556,44.052367],[-123.344663,44.052366],[-123.343848,44.052363],[-123.343771,44.052363],[-123.343144,44.052364],[-123.342675,44.052363],[-123.34244,44.052363],[-123.342206,44.052363],[-123.341972,44.052362],[-123.341737,44.052362],[-123.341503,44.052362],[-123.34127,44.052361],[-123.341269,44.052361],[-123.34029,44.05236],[-123.340283,44.05236],[-123.338406,44.052357],[-123.337785,44.052357],[-123.337529,44.052356],[-123.336767,44.052355],[-123.336513,44.052355],[-123.33626,44.052354],[-123.335493,44.052353],[-123.335241,44.052353],[-123.334002,44.052339],[-123.333988,44.052339],[-123.332536,44.052336],[-123.331698,44.052334],[-123.331695,44.052334],[-123.331241,44.052333],[-123.330394,44.052332],[-123.330196,44.052271],[-123.327703,44.052265],[-123.326419,44.052262],[-123.325137,44.052259],[-123.324807,44.052258],[-123.324359,44.052257],[-123.323847,44.052255],[-123.322649,44.052252],[-123.322573,44.052252],[-123.321834,44.05225],[-123.320602,44.052247],[-123.316014,44.052235],[-123.315794,44.052324],[-123.315545,44.052323],[-123.301707,44.0523],[-123.298419,44.052295],[-123.294926,44.052288],[-123.291995,44.052283],[-123.291992,44.052283],[-123.290076,44.05228],[-123.290078,44.051996],[-123.274894,44.051943],[-123.274892,44.052135],[-123.273002,44.052128],[-123.273002,44.0521],[-123.269967,44.052089],[-123.269966,44.052203],[-123.269912,44.052203],[-123.268331,44.052197],[-123.261572,44.05217],[-123.261574,44.051894],[-123.253656,44.051864],[-123.253594,44.051864],[-123.253499,44.051864],[-123.253403,44.051864],[-123.253307,44.051865],[-123.253211,44.051865],[-123.253115,44.051865],[-123.253019,44.051865],[-123.252922,44.051866],[-123.252825,44.051866],[-123.252722,44.051867],[-123.252721,44.051867],[-123.252173,44.051874],[-123.251626,44.051886],[-123.251078,44.051903],[-123.250633,44.05192],[-123.250188,44.05194],[-123.249743,44.051964],[-123.249695,44.052006],[-123.249642,44.052045],[-123.249584,44.052081],[-123.249523,44.052113],[-123.249458,44.052141],[-123.24939,44.052165],[-123.249319,44.052185],[-123.249247,44.052201],[-123.249173,44.052212],[-123.246302,44.052438],[-123.244873,44.052442],[-123.244876,44.052675],[-123.24488,44.052952],[-123.246586,44.052777],[-123.246681,44.052767],[-123.246775,44.052758],[-123.246869,44.052748],[-123.246963,44.052738],[-123.247058,44.052729],[-123.247152,44.052719],[-123.247246,44.05271],[-123.247341,44.052701],[-123.247436,44.052692],[-123.247537,44.052682],[-123.247537,44.052682],[-123.248047,44.052636],[-123.248557,44.052594],[-123.249067,44.052557],[-123.249579,44.052524],[-123.24969,44.052517],[-123.249707,44.052516],[-123.24971,44.052516],[-123.24972,44.052515],[-123.24973,44.052515],[-123.249738,44.052514],[-123.249745,44.052514],[-123.24975,44.052514],[-123.24975,44.052514],[-123.2498,44.052511],[-123.249801,44.052511],[-123.25029,44.052485],[-123.25078,44.052463],[-123.250882,44.052459],[-123.251344,44.052443],[-123.251806,44.05243],[-123.252268,44.052421],[-123.25273,44.052416],[-123.25273,44.052416],[-123.25273,44.052416],[-123.252833,44.052415],[-123.252928,44.052414],[-123.253024,44.052414],[-123.253119,44.052414],[-123.253214,44.052413],[-123.253309,44.052413],[-123.253405,44.052413],[-123.2535,44.052413],[-123.253595,44.052413],[-123.253652,44.052413],[-123.268686,44.052473],[-123.269911,44.052477],[-123.290074,44.052554],[-123.291994,44.052557],[-123.294993,44.052563],[-123.301506,44.052574],[-123.301706,44.052575],[-123.315553,44.052598]]],[[[-123.217034,44.05552],[-123.217223,44.05577],[-123.217275,44.05584],[-123.217806,44.055846],[-123.219558,44.055864],[-123.219556,44.055551],[-123.220568,44.055456],[-123.221273,44.05539],[-123.222069,44.055308],[-123.222164,44.055299],[-123.222392,44.055276],[-123.229726,44.054528],[-123.236663,44.053795],[-123.236663,44.053795],[-123.244652,44.052976],[-123.244648,44.052699],[-123.244645,44.052443],[-123.242364,44.052451],[-123.239971,44.052457],[-123.239981,44.053178],[-123.236814,44.053503],[-123.23661,44.053524],[-123.236609,44.053524],[-123.229739,44.054233],[-123.229738,44.05425],[-123.229725,44.05425],[-123.229725,44.054259],[-123.229374,44.054294],[-123.227595,44.054469],[-123.227086,44.05452],[-123.227078,44.054522],[-123.22697,44.054549],[-123.226859,44.054571],[-123.226747,44.054589],[-123.226474,44.054615],[-123.225626,44.054669],[-123.221339,44.055096],[-123.220523,44.055187],[-123.21992,44.05524],[-123.219554,44.055272],[-123.217808,44.055447],[-123.217809,44.055365],[-123.216979,44.055442],[-123.216976,44.055443],[-123.217034,44.05552]]],[[[-123.188173,44.058684],[-123.188204,44.058681],[-123.188392,44.058679],[-123.190036,44.058514],[-123.190037,44.058514],[-123.190677,44.05845],[-123.190678,44.05845],[-123.193312,44.058186],[-123.197289,44.057788],[-123.197677,44.05775],[-123.198386,44.057679],[-123.200791,44.057438],[-123.203417,44.057175],[-123.203417,44.057239],[-123.206587,44.056918],[-123.208244,44.05675],[-123.208232,44.056615],[-123.20825,44.056613],[-123.208456,44.056594],[-123.208465,44.056593],[-123.208598,44.05658],[-123.208726,44.056568],[-123.208729,44.056568],[-123.208821,44.056559],[-123.209002,44.056542],[-123.215786,44.055905],[-123.217076,44.055925],[-123.216975,44.055794],[-123.216784,44.055543],[-123.212502,44.055946],[-123.209905,44.05619],[-123.208735,44.0563],[-123.208638,44.056309],[-123.208516,44.05632],[-123.208456,44.056326],[-123.208239,44.056354],[-123.208214,44.056358],[-123.208214,44.056416],[-123.208107,44.056426],[-123.203392,44.056898],[-123.20113,44.057125],[-123.200128,44.057225],[-123.194685,44.057776],[-123.188172,44.058435],[-123.188173,44.058684]]],[[[-123.440307,44.05573],[-123.440547,44.055843],[-123.440791,44.055951],[-123.441039,44.056054],[-123.441291,44.056153],[-123.441546,44.056247],[-123.441804,44.056336],[-123.442066,44.05642],[-123.44233,44.056499],[-123.442597,44.056574],[-123.442867,44.056643],[-123.443139,44.056707],[-123.443414,44.056766],[-123.44369,44.056819],[-123.443969,44.056868],[-123.444249,44.056911],[-123.44453,44.056949],[-123.444813,44.056982],[-123.445097,44.057009],[-123.445382,44.057031],[-123.445667,44.057047],[-123.445953,44.057058],[-123.446247,44.05706],[-123.446541,44.057059],[-123.446728,44.05706],[-123.446841,44.057059],[-123.446955,44.057059],[-123.448198,44.05706],[-123.448311,44.056924],[-123.448218,44.056924],[-123.446955,44.056922],[-123.446841,44.056922],[-123.446726,44.056923],[-123.44654,44.056921],[-123.44625,44.056923],[-123.445961,44.056921],[-123.4457,44.056911],[-123.445439,44.056897],[-123.445179,44.056878],[-123.44492,44.056854],[-123.444662,44.056826],[-123.444404,44.056793],[-123.444148,44.056756],[-123.443893,44.056714],[-123.44364,44.056668],[-123.443388,44.056618],[-123.443138,44.056563],[-123.442874,44.056499],[-123.442613,44.056431],[-123.442354,44.056358],[-123.442098,44.056281],[-123.441845,44.056198],[-123.441595,44.056111],[-123.441348,44.056019],[-123.441177,44.055953],[-123.441007,44.055883],[-123.440807,44.055797],[-123.440608,44.055708],[-123.440413,44.055616],[-123.440572,44.055445],[-123.440388,44.055355],[-123.440073,44.055189],[-123.439761,44.055019],[-123.438951,44.054573],[-123.4375,44.053774],[-123.437169,44.053592],[-123.4369,44.053444],[-123.4369,44.052838],[-123.435797,44.052837],[-123.431889,44.050686],[-123.429229,44.049221],[-123.42688,44.047928],[-123.42688,44.048013],[-123.426655,44.047892],[-123.426426,44.047774],[-123.426195,44.047659],[-123.42598,44.047558],[-123.425763,44.047459],[-123.425543,44.047363],[-123.425438,44.047324],[-123.425433,44.047322],[-123.425396,44.047308],[-123.425359,44.047295],[-123.425342,44.047289],[-123.425322,44.047282],[-123.425285,44.047269],[-123.425248,44.047257],[-123.425187,44.047236],[-123.425106,44.047211],[-123.425106,44.047211],[-123.424945,44.047163],[-123.424868,44.047141],[-123.424864,44.04714],[-123.424684,44.047093],[-123.424621,44.047078],[-123.424621,44.047078],[-123.424451,44.047039],[-123.424279,44.047005],[-123.424106,44.046974],[-123.423931,44.046948],[-123.423755,44.046925],[-123.423674,44.046916],[-123.423669,44.046915],[-123.423633,44.046911],[-123.423551,44.046903],[-123.423549,44.046903],[-123.423548,44.046903],[-123.423548,44.046903],[-123.423374,44.046889],[-123.423282,44.046883],[-123.423264,44.046882],[-123.423249,44.046882],[-123.423233,44.046881],[-123.423223,44.04688],[-123.42321,44.04688],[-123.423197,44.046879],[-123.423182,44.046878],[-123.42316,44.046877],[-123.423141,44.046877],[-123.4231,44.046875],[-123.423086,44.046875],[-123.423079,44.046874],[-123.423058,44.046874],[-123.422976,44.046872],[-123.422785,44.046875],[-123.422487,44.046883],[-123.422189,44.046897],[-123.421892,44.046915],[-123.421892,44.046983],[-123.421677,44.046999],[-123.421463,44.047018],[-123.421249,44.047039],[-123.420188,44.047143],[-123.414417,44.047709],[-123.412613,44.047886],[-123.411887,44.047957],[-123.411124,44.048032],[-123.405262,44.048607],[-123.401999,44.048927],[-123.401833,44.048943],[-123.400279,44.049095],[-123.400279,44.049024],[-123.400279,44.048957],[-123.399602,44.049022],[-123.389939,44.049959],[-123.38929,44.05002],[-123.38864,44.050077],[-123.387989,44.050131],[-123.387337,44.050182],[-123.386685,44.050229],[-123.386048,44.050271],[-123.385409,44.05031],[-123.381419,44.05054],[-123.372024,44.051082],[-123.366177,44.051418],[-123.366147,44.05142],[-123.364842,44.051495],[-123.362808,44.051612],[-123.362353,44.051638],[-123.361534,44.051685],[-123.361535,44.051556],[-123.361479,44.051559],[-123.361223,44.051573],[-123.360292,44.051625],[-123.360063,44.051637],[-123.35952,44.051667],[-123.35895,44.051699],[-123.358739,44.051711],[-123.358448,44.051727],[-123.356589,44.05183],[-123.355881,44.051869],[-123.351705,44.0521],[-123.351698,44.052567],[-123.351705,44.052648],[-123.351714,44.052763],[-123.351779,44.052913],[-123.352159,44.052905],[-123.352131,44.052759],[-123.352107,44.052613],[-123.352619,44.052598],[-123.353131,44.052579],[-123.353643,44.052556],[-123.354154,44.052528],[-123.355977,44.052422],[-123.358453,44.052283],[-123.358466,44.052283],[-123.358483,44.052282],[-123.358483,44.052282],[-123.360043,44.052193],[-123.360044,44.052193],[-123.360389,44.052208],[-123.366127,44.05185],[-123.366127,44.051919],[-123.369373,44.051729],[-123.371256,44.051619],[-123.372164,44.051566],[-123.385463,44.050789],[-123.386073,44.050752],[-123.386682,44.050711],[-123.386702,44.05071],[-123.386722,44.050709],[-123.386745,44.050707],[-123.386762,44.050706],[-123.386842,44.0507],[-123.38764,44.050642],[-123.388437,44.050578],[-123.389233,44.050509],[-123.390028,44.050434],[-123.40028,44.049441],[-123.40028,44.049372],[-123.410302,44.04839],[-123.411124,44.048309],[-123.411887,44.048234],[-123.412612,44.048163],[-123.4128,44.048145],[-123.414418,44.047986],[-123.420188,44.04742],[-123.421303,44.04731],[-123.421551,44.047286],[-123.421799,44.047266],[-123.421892,44.047259],[-123.421892,44.04726],[-123.421892,44.047328],[-123.421892,44.047328],[-123.422204,44.047308],[-123.422517,44.047294],[-123.42283,44.047285],[-123.422985,44.047283],[-123.423063,44.047285],[-123.423083,44.047286],[-123.423089,44.047286],[-123.423103,44.047287],[-123.423142,44.047288],[-123.423158,44.047289],[-123.423182,44.04729],[-123.423193,44.047291],[-123.423207,44.047292],[-123.423221,44.047292],[-123.423228,44.047293],[-123.423419,44.047306],[-123.423609,44.047324],[-123.423799,44.047348],[-123.423987,44.047376],[-123.424173,44.04741],[-123.424358,44.047449],[-123.42454,44.047492],[-123.42472,44.04754],[-123.424897,44.047594],[-123.424933,44.047605],[-123.424969,44.047617],[-123.425005,44.047629],[-123.425023,44.047635],[-123.425041,44.047641],[-123.425059,44.047647],[-123.425077,44.047653],[-123.425112,44.047666],[-123.425134,44.047673],[-123.425147,44.047678],[-123.425163,44.047684],[-123.425164,44.047684],[-123.425181,44.047691],[-123.425252,44.047717],[-123.425464,44.04781],[-123.425674,44.047905],[-123.425881,44.048003],[-123.425956,44.04804],[-123.42597,44.048047],[-123.426195,44.04816],[-123.426417,44.048277],[-123.426635,44.048397],[-123.42688,44.048531],[-123.42688,44.048532],[-123.42688,44.048618],[-123.42688,44.048618],[-123.427963,44.049214],[-123.431886,44.051374],[-123.43454,44.052835],[-123.434816,44.052987],[-123.434816,44.052987],[-123.434816,44.052988],[-123.43453,44.053258],[-123.43453,44.053258],[-123.434531,44.053258],[-123.434922,44.053321],[-123.435224,44.05337],[-123.43533,44.05327],[-123.436708,44.054028],[-123.436899,44.054134],[-123.436899,44.053961],[-123.43803,44.054583],[-123.438028,44.054583],[-123.437723,44.054587],[-123.437724,44.054588],[-123.439297,44.055454],[-123.439622,44.055631],[-123.439952,44.055804],[-123.440148,44.055901],[-123.440307,44.05573]]],[[[-123.448312,44.057243],[-123.448299,44.057272],[-123.449054,44.057272],[-123.449266,44.05727],[-123.449478,44.057263],[-123.44969,44.057251],[-123.449901,44.057234],[-123.449945,44.057228],[-123.449965,44.057226],[-123.449997,44.057221],[-123.45002,44.057218],[-123.450049,44.057213],[-123.45006,44.057211],[-123.45007,44.057209],[-123.450079,44.057208],[-123.450087,44.057206],[-123.450108,44.057203],[-123.450138,44.057197],[-123.450138,44.057197],[-123.450254,44.057174],[-123.45037,44.057147],[-123.450484,44.057117],[-123.450596,44.057084],[-123.450706,44.057048],[-123.450814,44.057009],[-123.450867,44.056988],[-123.450894,44.056977],[-123.45092,44.056966],[-123.450921,44.056966],[-123.450946,44.056955],[-123.450972,44.056944],[-123.450998,44.056932],[-123.451,44.056932],[-123.451024,44.056921],[-123.451032,44.056917],[-123.451037,44.056915],[-123.451049,44.056909],[-123.4511,44.056885],[-123.451268,44.056796],[-123.451431,44.056703],[-123.45159,44.056606],[-123.451745,44.056505],[-123.451784,44.056481],[-123.451996,44.056355],[-123.452177,44.056248],[-123.452503,44.056054],[-123.452379,44.055949],[-123.456825,44.053304],[-123.456933,44.053237],[-123.456988,44.053204],[-123.456987,44.053384],[-123.457269,44.053214],[-123.457554,44.053047],[-123.457705,44.052963],[-123.457858,44.05288],[-123.457543,44.052879],[-123.457738,44.052774],[-123.457937,44.052672],[-123.458138,44.052573],[-123.458343,44.052478],[-123.458682,44.052329],[-123.459023,44.052185],[-123.46189,44.050966],[-123.461895,44.050964],[-123.461898,44.050963],[-123.461906,44.050959],[-123.461906,44.050959],[-123.461907,44.050959],[-123.461914,44.050956],[-123.462085,44.050883],[-123.462253,44.050806],[-123.462418,44.050725],[-123.462579,44.050641],[-123.462623,44.050614],[-123.462634,44.050607],[-123.462638,44.050605],[-123.462645,44.050601],[-123.462667,44.050587],[-123.462689,44.050573],[-123.462711,44.050559],[-123.462732,44.050545],[-123.462753,44.050531],[-123.462855,44.050457],[-123.462953,44.05038],[-123.463045,44.050299],[-123.463062,44.050283],[-123.46308,44.050266],[-123.463097,44.05025],[-123.4631,44.050246],[-123.463106,44.050241],[-123.463107,44.05024],[-123.463114,44.050233],[-123.463131,44.050216],[-123.463148,44.050198],[-123.463164,44.050181],[-123.463197,44.050146],[-123.463204,44.050137],[-123.463204,44.050137],[-123.463211,44.050129],[-123.463218,44.050122],[-123.463219,44.05012],[-123.463227,44.050111],[-123.463242,44.050093],[-123.463246,44.050089],[-123.463251,44.050082],[-123.463257,44.050075],[-123.46326,44.050071],[-123.463264,44.050066],[-123.463266,44.050064],[-123.463271,44.050057],[-123.463275,44.050053],[-123.46328,44.050046],[-123.463286,44.050039],[-123.463289,44.050035],[-123.463294,44.050028],[-123.4633,44.050021],[-123.463314,44.050003],[-123.463327,44.049984],[-123.463341,44.049966],[-123.463345,44.04996],[-123.463349,44.049954],[-123.463354,44.049947],[-123.463358,44.049941],[-123.463362,44.049935],[-123.463367,44.049928],[-123.463371,44.049922],[-123.463375,44.049916],[-123.463379,44.04991],[-123.463392,44.049891],[-123.463404,44.049872],[-123.463415,44.049853],[-123.463427,44.049834],[-123.463431,44.049827],[-123.463434,44.049821],[-123.463438,44.049814],[-123.46344,44.049811],[-123.463445,44.049803],[-123.463449,44.049795],[-123.46345,44.049794],[-123.463455,44.049785],[-123.463459,44.049778],[-123.46346,44.049776],[-123.463471,44.049756],[-123.463476,44.049746],[-123.463477,44.049745],[-123.463481,44.049737],[-123.463485,44.049728],[-123.463486,44.049727],[-123.463491,44.049717],[-123.46351,44.049678],[-123.463553,44.04957],[-123.463592,44.049461],[-123.463628,44.049351],[-123.463637,44.049321],[-123.463831,44.049322],[-123.463858,44.049222],[-123.463882,44.049121],[-123.463883,44.04912],[-123.463883,44.04912],[-123.463883,44.049119],[-123.465245,44.043348],[-123.465281,44.043196],[-123.465309,44.043043],[-123.46533,44.042889],[-123.465343,44.042735],[-123.465343,44.042626],[-123.465335,44.042517],[-123.46532,44.042408],[-123.465297,44.0423],[-123.465268,44.042193],[-123.465231,44.042087],[-123.465033,44.042087],[-123.464998,44.042008],[-123.464993,44.041998],[-123.464991,44.041993],[-123.464988,44.041989],[-123.464983,44.041979],[-123.464981,44.041975],[-123.464979,44.041969],[-123.464974,44.041959],[-123.464972,44.041956],[-123.464969,44.04195],[-123.464964,44.04194],[-123.464962,44.041938],[-123.464959,44.04193],[-123.464948,44.041911],[-123.464937,44.041892],[-123.464926,44.041873],[-123.464922,44.041865],[-123.464921,44.041863],[-123.464915,44.041854],[-123.464914,44.041851],[-123.464904,44.041835],[-123.464899,44.041827],[-123.464898,44.041826],[-123.464894,44.041819],[-123.464892,44.041816],[-123.464886,44.041807],[-123.464883,44.041802],[-123.464882,44.0418],[-123.46488,44.041797],[-123.464874,44.041788],[-123.46487,44.041781],[-123.464868,44.041779],[-123.464844,44.041744],[-123.464797,44.041679],[-123.464746,44.041615],[-123.464632,44.04149],[-123.464512,44.041368],[-123.464387,44.04125],[-123.464256,44.041134],[-123.463965,44.040879],[-123.463822,44.040754],[-123.463682,44.040627],[-123.463546,44.040499],[-123.463413,44.040368],[-123.463316,44.040258],[-123.463224,44.040145],[-123.463138,44.04003],[-123.463058,44.039912],[-123.462984,44.039792],[-123.462917,44.039671],[-123.462856,44.039547],[-123.462801,44.039423],[-123.462752,44.039296],[-123.462711,44.039169],[-123.462675,44.03904],[-123.462647,44.038911],[-123.462625,44.038781],[-123.46261,44.038651],[-123.462606,44.038489],[-123.462606,44.038327],[-123.462611,44.038165],[-123.46262,44.038004],[-123.462675,44.037406],[-123.462692,44.037193],[-123.462717,44.036982],[-123.462717,44.03698],[-123.462718,44.036979],[-123.462727,44.03691],[-123.462727,44.036908],[-123.462732,44.036875],[-123.462733,44.036873],[-123.462734,44.036864],[-123.462735,44.03686],[-123.462735,44.03686],[-123.462736,44.036852],[-123.462737,44.036847],[-123.462738,44.036841],[-123.462765,44.036709],[-123.462798,44.036579],[-123.462838,44.036449],[-123.462884,44.03632],[-123.462961,44.03614],[-123.463044,44.035961],[-123.463132,44.035783],[-123.463558,44.034935],[-123.463558,44.034927],[-123.463561,44.034897],[-123.463565,44.034868],[-123.463581,44.034807],[-123.463594,44.034771],[-123.463607,44.034745],[-123.46362,44.03472],[-123.463637,44.034687],[-123.46366,44.034644],[-123.463674,44.034614],[-123.463694,44.034576],[-123.463714,44.034537],[-123.46373,44.034504],[-123.463736,44.03449],[-123.463744,44.034472],[-123.463748,44.034463],[-123.463753,44.03445],[-123.463763,44.034422],[-123.463768,44.034407],[-123.463774,44.03439],[-123.463782,44.034359],[-123.463788,44.034335],[-123.463797,44.034301],[-123.463805,44.034269],[-123.463813,44.034238],[-123.463818,44.03422],[-123.463825,44.034192],[-123.463834,44.034159],[-123.463837,44.034144],[-123.463842,44.034124],[-123.463848,44.034103],[-123.463853,44.034087],[-123.463859,44.034062],[-123.463868,44.034036],[-123.463877,44.034012],[-123.463887,44.033985],[-123.463896,44.033967],[-123.463908,44.033942],[-123.463924,44.033912],[-123.463938,44.033888],[-123.463956,44.03386],[-123.463972,44.033837],[-123.463989,44.033815],[-123.463997,44.033804],[-123.464004,44.033702],[-123.464004,44.0336],[-123.463997,44.033498],[-123.463983,44.033397],[-123.463963,44.033297],[-123.463935,44.033197],[-123.463901,44.033099],[-123.463875,44.033035],[-123.463847,44.032971],[-123.463494,44.033069],[-123.463528,44.033147],[-123.463557,44.033226],[-123.46358,44.033307],[-123.463599,44.033388],[-123.463614,44.033477],[-123.463622,44.033566],[-123.463625,44.033655],[-123.463621,44.033745],[-123.463612,44.033834],[-123.463596,44.033922],[-123.463574,44.034011],[-123.463528,44.034145],[-123.463475,44.034279],[-123.463416,44.034411],[-123.463351,44.034542],[-123.462776,44.035687],[-123.462685,44.035871],[-123.462599,44.036056],[-123.46252,44.036243],[-123.462469,44.036383],[-123.462426,44.036524],[-123.462389,44.036666],[-123.46236,44.03681],[-123.462336,44.036972],[-123.462319,44.03712],[-123.462304,44.037268],[-123.462191,44.037263],[-123.462181,44.037389],[-123.462166,44.037559],[-123.462279,44.037564],[-123.462241,44.037989],[-123.462231,44.038162],[-123.462226,44.038335],[-123.462225,44.038497],[-123.46223,44.038658],[-123.462244,44.038785],[-123.462263,44.038911],[-123.462268,44.038939],[-123.462273,44.038962],[-123.462273,44.038962],[-123.462273,44.038962],[-123.462274,44.038967],[-123.462275,44.038971],[-123.46228,44.038995],[-123.462286,44.039023],[-123.462292,44.039051],[-123.462328,44.03919],[-123.462372,44.039328],[-123.462422,44.039465],[-123.462479,44.0396],[-123.462544,44.039734],[-123.462615,44.039865],[-123.462693,44.039995],[-123.462778,44.040123],[-123.462795,44.040148],[-123.462813,44.040173],[-123.462827,44.040193],[-123.462831,44.040198],[-123.462847,44.040219],[-123.462869,44.040248],[-123.46287,44.040249],[-123.462866,44.040249],[-123.462933,44.040333],[-123.463003,44.040416],[-123.463076,44.040498],[-123.46308,44.040502],[-123.463081,44.040503],[-123.463082,44.040505],[-123.46309,44.040513],[-123.46309,44.040513],[-123.463104,44.040528],[-123.463241,44.040663],[-123.463382,44.040796],[-123.463526,44.040926],[-123.463674,44.041055],[-123.463963,44.041309],[-123.464085,44.041417],[-123.464201,44.041527],[-123.464313,44.041639],[-123.464419,44.041755],[-123.464481,44.041835],[-123.464537,44.041916],[-123.464588,44.042],[-123.464632,44.042086],[-123.46443,44.042085],[-123.464471,44.04217],[-123.464506,44.042257],[-123.464535,44.042345],[-123.464557,44.042433],[-123.464573,44.042523],[-123.464581,44.042613],[-123.464584,44.042664],[-123.464583,44.042716],[-123.464583,44.042716],[-123.464583,44.042717],[-123.464571,44.042852],[-123.464552,44.042986],[-123.464527,44.043119],[-123.464497,44.043253],[-123.464266,44.044232],[-123.463832,44.04607],[-123.463436,44.047743],[-123.463314,44.04826],[-123.463132,44.049033],[-123.463096,44.049178],[-123.463052,44.049321],[-123.463248,44.049321],[-123.4632,44.04946],[-123.463146,44.049598],[-123.463112,44.049666],[-123.463074,44.049732],[-123.463033,44.049797],[-123.463025,44.049808],[-123.462969,44.049886],[-123.462909,44.049961],[-123.462843,44.050034],[-123.462773,44.050105],[-123.462698,44.050173],[-123.462686,44.050183],[-123.462608,44.050247],[-123.462526,44.050308],[-123.46244,44.050366],[-123.46235,44.050422],[-123.462207,44.050497],[-123.462061,44.050569],[-123.461912,44.050638],[-123.461847,44.050667],[-123.461814,44.050681],[-123.461792,44.05069],[-123.461737,44.050713],[-123.461703,44.050727],[-123.458834,44.051947],[-123.458487,44.052094],[-123.458143,44.052244],[-123.457976,44.052321],[-123.457812,44.052401],[-123.45765,44.052482],[-123.457422,44.052602],[-123.457198,44.052725],[-123.456885,44.052909],[-123.456577,44.053095],[-123.452674,44.05541],[-123.452612,44.055445],[-123.452592,44.055456],[-123.452549,44.055479],[-123.452528,44.05549],[-123.452463,44.055521],[-123.452429,44.055537],[-123.452415,44.055543],[-123.452352,44.05557],[-123.452351,44.05557],[-123.452346,44.055572],[-123.45233,44.055579],[-123.45233,44.055579],[-123.452307,44.055588],[-123.452305,44.055589],[-123.452301,44.05559],[-123.452298,44.055592],[-123.452294,44.055593],[-123.452292,44.055594],[-123.452288,44.055595],[-123.452287,44.055596],[-123.452284,44.055597],[-123.452248,44.05561],[-123.452234,44.055615],[-123.45222,44.05562],[-123.452205,44.055625],[-123.452191,44.05563],[-123.452096,44.05566],[-123.452072,44.055668],[-123.452048,44.055674],[-123.451999,44.055688],[-123.451997,44.055688],[-123.451977,44.055693],[-123.451977,44.055693],[-123.451977,44.055693],[-123.451974,44.055694],[-123.451973,44.055694],[-123.451962,44.055697],[-123.45195,44.0557],[-123.451875,44.055717],[-123.451225,44.056104],[-123.451089,44.056193],[-123.45095,44.056278],[-123.450806,44.05636],[-123.450659,44.056438],[-123.450571,44.056478],[-123.450831,44.056479],[-123.450887,44.056563],[-123.45051,44.056704],[-123.450108,44.056795],[-123.449565,44.056849],[-123.448949,44.056855],[-123.448634,44.056855],[-123.448312,44.057243]]],[[[-123.72094,44.054425],[-123.721598,44.054397],[-123.722344,44.054298],[-123.722899,44.054226],[-123.72366,44.054099],[-123.724357,44.053954],[-123.72488,44.053817],[-123.725229,44.053714],[-123.725846,44.05354],[-123.726522,44.053308],[-123.7271,44.053105],[-123.727517,44.05294],[-123.727909,44.052791],[-123.728481,44.052638],[-123.72891,44.052539],[-123.729375,44.052427],[-123.729759,44.052341],[-123.730344,44.052207],[-123.730913,44.052083],[-123.731321,44.051975],[-123.731636,44.051869],[-123.73201,44.051743],[-123.732183,44.051692],[-123.732358,44.051646],[-123.732535,44.051603],[-123.732713,44.051564],[-123.732893,44.051529],[-123.733075,44.051497],[-123.73324,44.051475],[-123.733407,44.051453],[-123.734331,44.051355],[-123.734697,44.051316],[-123.736693,44.051102],[-123.73778,44.050986],[-123.738178,44.050941],[-123.738574,44.050892],[-123.738808,44.050858],[-123.739041,44.05082],[-123.739272,44.050779],[-123.739502,44.050734],[-123.739731,44.050686],[-123.740079,44.050605],[-123.740424,44.05052],[-123.740495,44.050503],[-123.742039,44.050095],[-123.742334,44.050012],[-123.742627,44.049926],[-123.742919,44.049836],[-123.743208,44.049743],[-123.743249,44.049729],[-123.742616,44.049793],[-123.742201,44.049908],[-123.741566,44.05008],[-123.740884,44.050243],[-123.73959,44.050542],[-123.738897,44.050616],[-123.738378,44.050669],[-123.737922,44.05073],[-123.737255,44.050818],[-123.736516,44.05089],[-123.73599,44.050956],[-123.735534,44.051011],[-123.735032,44.051067],[-123.734551,44.051125],[-123.734001,44.05121],[-123.733433,44.051295],[-123.732921,44.051393],[-123.732622,44.051486],[-123.732358,44.051543],[-123.732013,44.051634],[-123.73202,44.051444],[-123.732025,44.051296],[-123.731835,44.05135],[-123.731647,44.051408],[-123.731359,44.051509],[-123.730928,44.051665],[-123.730781,44.051721],[-123.730634,44.051775],[-123.730494,44.051818],[-123.730352,44.051859],[-123.730208,44.051897],[-123.73005,44.051931],[-123.72989,44.051963],[-123.728885,44.052182],[-123.728552,44.052256],[-123.728279,44.052323],[-123.728009,44.052394],[-123.727741,44.05247],[-123.727476,44.052552],[-123.727214,44.052638],[-123.726955,44.052729],[-123.726646,44.052845],[-123.726018,44.053083],[-123.725909,44.053124],[-123.725743,44.053184],[-123.725576,44.053242],[-123.725521,44.053261],[-123.725239,44.053352],[-123.725182,44.05337],[-123.725012,44.053422],[-123.72484,44.053472],[-123.724667,44.05352],[-123.724494,44.053567],[-123.72429,44.053619],[-123.724085,44.053668],[-123.724039,44.053679],[-123.724034,44.05368],[-123.724026,44.053682],[-123.723997,44.053688],[-123.723967,44.053695],[-123.723938,44.053702],[-123.723909,44.053708],[-123.72385,44.053721],[-123.72382,44.053728],[-123.72379,44.053734],[-123.723785,44.053735],[-123.723731,44.053747],[-123.723523,44.053789],[-123.723314,44.053829],[-123.723135,44.053862],[-123.722954,44.053892],[-123.722773,44.053921],[-123.722592,44.053947],[-123.722471,44.053964],[-123.722166,44.054002],[-123.721983,44.054022],[-123.7218,44.05404],[-123.72181,44.054178],[-123.721528,44.054202],[-123.721245,44.054221],[-123.720961,44.054236],[-123.720677,44.054247],[-123.719786,44.054282],[-123.719353,44.0543],[-123.718921,44.054322],[-123.718488,44.054347],[-123.718056,44.054375],[-123.719625,44.054458],[-123.719656,44.054454],[-123.720306,44.054436],[-123.72094,44.054425]]],[[[-123.780653,44.048166],[-123.780846,44.048156],[-123.781041,44.048151],[-123.781235,44.04815],[-123.781361,44.04816],[-123.781487,44.048174],[-123.781611,44.048192],[-123.781734,44.048215],[-123.781855,44.048243],[-123.781974,44.048274],[-123.78207,44.048303],[-123.782164,44.048335],[-123.782256,44.04837],[-123.782369,44.048417],[-123.782478,44.048469],[-123.782583,44.048524],[-123.782684,44.048583],[-123.782785,44.048649],[-123.78288,44.048718],[-123.78297,44.04879],[-123.783055,44.048866],[-123.783134,44.048946],[-123.783207,44.049028],[-123.783273,44.049112],[-123.783334,44.049199],[-123.783388,44.049289],[-123.783435,44.04938],[-123.783475,44.049473],[-123.783509,44.049568],[-123.783535,44.049663],[-123.783555,44.04976],[-123.783567,44.049857],[-123.783572,44.049954],[-123.78357,44.050052],[-123.78356,44.050149],[-123.783544,44.050246],[-123.78352,44.050341],[-123.783489,44.050436],[-123.783451,44.05053],[-123.783407,44.050622],[-123.783355,44.050712],[-123.783297,44.0508],[-123.783233,44.050886],[-123.783163,44.050969],[-123.782847,44.051343],[-123.782588,44.051555],[-123.781978,44.052054],[-123.781635,44.052338],[-123.781347,44.052613],[-123.781198,44.052744],[-123.781048,44.05291],[-123.781021,44.052976],[-123.781024,44.053007],[-123.78103,44.05307],[-123.781032,44.053091],[-123.781037,44.053182],[-123.781038,44.05326],[-123.780985,44.053394],[-123.781048,44.05329],[-123.781116,44.053187],[-123.781189,44.053086],[-123.781266,44.052987],[-123.781272,44.05298],[-123.781355,44.05288],[-123.781443,44.052783],[-123.781536,44.052687],[-123.781695,44.052546],[-123.781859,44.052408],[-123.782027,44.052272],[-123.7822,44.052139],[-123.782932,44.051584],[-123.78305,44.051495],[-123.783165,44.051403],[-123.783276,44.051309],[-123.783383,44.051213],[-123.783467,44.051133],[-123.783531,44.05106],[-123.783591,44.050985],[-123.783647,44.050909],[-123.783698,44.050831],[-123.783744,44.050752],[-123.783796,44.050651],[-123.78384,44.050549],[-123.783877,44.050446],[-123.783906,44.050341],[-123.783929,44.050236],[-123.783943,44.050129],[-123.783951,44.050023],[-123.78395,44.049916],[-123.783943,44.049809],[-123.783927,44.049703],[-123.783905,44.049597],[-123.783874,44.049493],[-123.783837,44.049389],[-123.783792,44.049288],[-123.78374,44.049188],[-123.783682,44.049089],[-123.783616,44.048994],[-123.783544,44.048901],[-123.783465,44.04881],[-123.78338,44.048723],[-123.783289,44.048638],[-123.783192,44.048558],[-123.783089,44.04848],[-123.782982,44.048407],[-123.782869,44.048338],[-123.782751,44.048273],[-123.782629,44.048212],[-123.782503,44.048156],[-123.782373,44.048105],[-123.78224,44.048058],[-123.782104,44.048017],[-123.781964,44.04798],[-123.781823,44.047949],[-123.781679,44.047923],[-123.781534,44.047902],[-123.781388,44.047886],[-123.78124,44.047876],[-123.781094,44.047876],[-123.780947,44.047878],[-123.78077,44.047884],[-123.780594,44.047894],[-123.780418,44.047908],[-123.77823,44.048075],[-123.778019,44.048091],[-123.777722,44.048119],[-123.777425,44.048152],[-123.77731,44.048168],[-123.777196,44.048186],[-123.776934,44.048235],[-123.776673,44.048288],[-123.776415,44.048345],[-123.77598,44.048442],[-123.775767,44.048487],[-123.775642,44.048508],[-123.775516,44.048524],[-123.775389,44.048537],[-123.775261,44.048545],[-123.775133,44.04855],[-123.775004,44.04855],[-123.774783,44.048541],[-123.774442,44.048523],[-123.774441,44.048523],[-123.773995,44.0485],[-123.773763,44.048487],[-123.773598,44.048479],[-123.773432,44.048473],[-123.773268,44.048471],[-123.773104,44.048471],[-123.77294,44.048475],[-123.772798,44.048485],[-123.772658,44.0485],[-123.772518,44.04852],[-123.772381,44.048544],[-123.772244,44.048574],[-123.772111,44.048608],[-123.771979,44.048647],[-123.771794,44.048713],[-123.771613,44.048783],[-123.771434,44.048857],[-123.771259,44.048936],[-123.770521,44.049269],[-123.770333,44.049354],[-123.77014,44.049434],[-123.769945,44.04951],[-123.769746,44.049582],[-123.769545,44.049649],[-123.769341,44.049712],[-123.769134,44.049771],[-123.768999,44.049796],[-123.768862,44.049816],[-123.768836,44.049819],[-123.768614,44.049829],[-123.768392,44.049834],[-123.76817,44.049835],[-123.767948,44.049831],[-123.767726,44.049822],[-123.767505,44.049808],[-123.767284,44.049789],[-123.765519,44.049634],[-123.765413,44.049625],[-123.765199,44.049606],[-123.765006,44.049589],[-123.764693,44.049562],[-123.764612,44.049554],[-123.764467,44.049539],[-123.764326,44.049525],[-123.764186,44.049506],[-123.764047,44.049481],[-123.76391,44.049452],[-123.763776,44.049417],[-123.763644,44.049378],[-123.763515,44.049334],[-123.76339,44.049285],[-123.763268,44.049232],[-123.76315,44.049174],[-123.763036,44.049112],[-123.762927,44.049046],[-123.762647,44.048803],[-123.762316,44.048476],[-123.76193,44.048024],[-123.761556,44.047729],[-123.761068,44.047426],[-123.760626,44.047233],[-123.759788,44.047005],[-123.759607,44.046953],[-123.759425,44.046904],[-123.75924,44.046859],[-123.757491,44.046433],[-123.757214,44.046371],[-123.756935,44.046314],[-123.756654,44.046262],[-123.756371,44.046216],[-123.756086,44.046175],[-123.755801,44.046139],[-123.755514,44.046109],[-123.755226,44.046084],[-123.754937,44.046065],[-123.754648,44.046051],[-123.754358,44.046043],[-123.754068,44.04604],[-123.753778,44.046042],[-123.753488,44.04605],[-123.753199,44.046064],[-123.75291,44.046082],[-123.752622,44.046107],[-123.752372,44.046132],[-123.752123,44.046162],[-123.751874,44.046196],[-123.751627,44.046233],[-123.751382,44.046275],[-123.751137,44.046321],[-123.750939,44.046362],[-123.750742,44.046405],[-123.750547,44.046451],[-123.75033,44.046507],[-123.750318,44.046511],[-123.750317,44.046511],[-123.750306,44.046514],[-123.750294,44.046517],[-123.750293,44.046518],[-123.750282,44.04652],[-123.750132,44.046561],[-123.750108,44.046568],[-123.750084,44.046574],[-123.750072,44.046578],[-123.750059,44.046581],[-123.750047,44.046584],[-123.750035,44.046588],[-123.750023,44.046591],[-123.750011,44.046595],[-123.749999,44.046598],[-123.749987,44.046601],[-123.749975,44.046605],[-123.749963,44.046608],[-123.749951,44.046611],[-123.749939,44.046615],[-123.749651,44.046698],[-123.749639,44.046701],[-123.749627,44.046705],[-123.749615,44.046708],[-123.749603,44.046712],[-123.749591,44.046716],[-123.749579,44.046719],[-123.749567,44.046723],[-123.749555,44.046726],[-123.749543,44.04673],[-123.749531,44.046733],[-123.749519,44.046737],[-123.749507,44.04674],[-123.749483,44.046748],[-123.749321,44.046797],[-123.749311,44.0468],[-123.749309,44.046801],[-123.749297,44.046804],[-123.749286,44.046808],[-123.749284,44.046809],[-123.749274,44.046812],[-123.749081,44.046872],[-123.749078,44.046873],[-123.748727,44.047046],[-123.748719,44.047052],[-123.748287,44.047338],[-123.747438,44.04763],[-123.747104,44.047839],[-123.746729,44.047926],[-123.746606,44.04798],[-123.74632,44.048106],[-123.746077,44.048251],[-123.745776,44.048453],[-123.745311,44.048694],[-123.744781,44.048985],[-123.744314,44.04917],[-123.743723,44.04936],[-123.743186,44.049516],[-123.742767,44.049585],[-123.743586,44.049599],[-123.743773,44.049522],[-123.744038,44.049397],[-123.7443,44.049269],[-123.74456,44.049138],[-123.744817,44.049004],[-123.745185,44.04881],[-123.745495,44.048649],[-123.745809,44.048492],[-123.746127,44.048339],[-123.746449,44.04819],[-123.746517,44.04816],[-123.746412,44.048369],[-123.747088,44.048108],[-123.747622,44.047894],[-123.749338,44.047275],[-123.749831,44.047135],[-123.750472,44.046953],[-123.750651,44.046906],[-123.751146,44.046778],[-123.751455,44.046699],[-123.751945,44.046571],[-123.752404,44.046491],[-123.752835,44.046417],[-123.753182,44.046363],[-123.753689,44.04632],[-123.754394,44.046282],[-123.755051,44.046311],[-123.755218,44.046321],[-123.755553,44.046344],[-123.755962,44.04637],[-123.7564,44.046431],[-123.756708,44.046473],[-123.75713,44.046539],[-123.757571,44.046646],[-123.758265,44.046829],[-123.758842,44.046969],[-123.759175,44.047036],[-123.759509,44.047123],[-123.759922,44.047232],[-123.760271,44.047363],[-123.760532,44.047455],[-123.760703,44.047537],[-123.760887,44.047626],[-123.761185,44.047794],[-123.761412,44.047957],[-123.761637,44.048107],[-123.76186,44.048315],[-123.762079,44.04852],[-123.762339,44.048744],[-123.762502,44.048922],[-123.762665,44.049028],[-123.762833,44.049131],[-123.763161,44.049324],[-123.763304,44.049405],[-123.763564,44.049553],[-123.763847,44.049733],[-123.763989,44.049758],[-123.764132,44.04978],[-123.764275,44.049797],[-123.76442,44.049811],[-123.764643,44.049834],[-123.76481,44.049848],[-123.76539,44.049899],[-123.765486,44.049908],[-123.766233,44.049973],[-123.767234,44.050061],[-123.767466,44.050081],[-123.767699,44.050095],[-123.767932,44.050105],[-123.768166,44.050109],[-123.768399,44.050109],[-123.768633,44.050103],[-123.768866,44.050092],[-123.769001,44.050075],[-123.769135,44.050053],[-123.769268,44.050028],[-123.769471,44.04997],[-123.769689,44.049903],[-123.769903,44.049832],[-123.770114,44.049756],[-123.770322,44.049675],[-123.770526,44.04959],[-123.770727,44.0495],[-123.771466,44.049166],[-123.77163,44.049092],[-123.771797,44.049022],[-123.771968,44.048957],[-123.772141,44.048895],[-123.772253,44.048862],[-123.772367,44.048834],[-123.772482,44.048809],[-123.7726,44.048788],[-123.772718,44.048771],[-123.772837,44.048758],[-123.772957,44.048749],[-123.772969,44.048749],[-123.773042,44.048747],[-123.773095,44.048746],[-123.773275,44.048745],[-123.773455,44.048748],[-123.773514,44.04875],[-123.773519,44.04875],[-123.773576,44.048752],[-123.77362,44.048755],[-123.773695,44.048759],[-123.773696,44.048759],[-123.773697,44.048759],[-123.77373,44.048761],[-123.774267,44.048789],[-123.774373,44.048772],[-123.774688,44.048723],[-123.775227,44.048696],[-123.775651,44.048663],[-123.776294,44.048659],[-123.776529,44.048607],[-123.776685,44.048572],[-123.776842,44.048538],[-123.776894,44.048528],[-123.777066,44.048493],[-123.777239,44.048461],[-123.777287,44.048453],[-123.777387,44.048437],[-123.777488,44.048423],[-123.77752,44.048419],[-123.77773,44.048395],[-123.777941,44.048375],[-123.778105,44.048361],[-123.778268,44.048348],[-123.779079,44.048286],[-123.779811,44.04823],[-123.780464,44.04818],[-123.780653,44.048166]]],[[[-123.711811,44.054898],[-123.711673,44.05491],[-123.711536,44.054927],[-123.7114,44.054946],[-123.707479,44.055572],[-123.704335,44.056074],[-123.704131,44.05609],[-123.704045,44.056371],[-123.704222,44.056359],[-123.704399,44.056345],[-123.70749,44.055851],[-123.711483,44.055214],[-123.711606,44.055196],[-123.711729,44.055182],[-123.711854,44.05517],[-123.712628,44.055104],[-123.712629,44.055104],[-123.712629,44.055104],[-123.717072,44.054726],[-123.717435,44.054696],[-123.717528,44.054689],[-123.717538,44.054826],[-123.717961,44.054795],[-123.718384,44.054766],[-123.718808,44.054741],[-123.718071,44.054639],[-123.717438,44.05442],[-123.717232,44.054436],[-123.717027,44.054453],[-123.712636,44.054828],[-123.712636,44.054828],[-123.712636,44.054827],[-123.711811,44.054898]]],[[[-123.702586,44.056295],[-123.70263,44.056298],[-123.702649,44.056299],[-123.702837,44.056325],[-123.703026,44.056347],[-123.703215,44.056367],[-123.703363,44.056377],[-123.703511,44.056383],[-123.70366,44.056385],[-123.703808,44.056383],[-123.703833,44.056382],[-123.703862,44.056381],[-123.703966,44.056101],[-123.70379,44.056109],[-123.703672,44.056111],[-123.703535,44.056109],[-123.703398,44.056104],[-123.703262,44.056095],[-123.70301,44.056068],[-123.702856,44.056049],[-123.702703,44.056027],[-123.70257,44.056019],[-123.699956,44.055849],[-123.699775,44.055811],[-123.699596,44.055769],[-123.699419,44.055722],[-123.699245,44.055672],[-123.699127,44.055631],[-123.699013,44.055585],[-123.698903,44.055536],[-123.698795,44.055482],[-123.698692,44.055425],[-123.698594,44.055364],[-123.698499,44.055299],[-123.698409,44.055231],[-123.698325,44.055159],[-123.698246,44.055085],[-123.698172,44.055008],[-123.698104,44.054929],[-123.698041,44.054847],[-123.697985,44.054763],[-123.697934,44.054677],[-123.69789,44.054589],[-123.697852,44.054499],[-123.69782,44.054409],[-123.697795,44.054317],[-123.697745,44.05418],[-123.697701,44.054043],[-123.697665,44.053904],[-123.697635,44.053764],[-123.697562,44.053425],[-123.697501,44.053304],[-123.697437,44.053185],[-123.697369,44.053066],[-123.697367,44.053063],[-123.697354,44.053039],[-123.697342,44.05302],[-123.697268,44.052911],[-123.697188,44.052804],[-123.697102,44.0527],[-123.697009,44.052598],[-123.69691,44.0525],[-123.696805,44.052405],[-123.696694,44.052314],[-123.696578,44.052226],[-123.696456,44.052141],[-123.69633,44.052061],[-123.696199,44.051985],[-123.696063,44.051913],[-123.695923,44.051846],[-123.695779,44.051783],[-123.695631,44.051724],[-123.69548,44.05167],[-123.695326,44.051622],[-123.695169,44.051578],[-123.694966,44.051531],[-123.694761,44.051489],[-123.694555,44.05145],[-123.694348,44.051415],[-123.694139,44.051385],[-123.69393,44.051358],[-123.693512,44.051263],[-123.693204,44.051179],[-123.692899,44.051093],[-123.692595,44.051002],[-123.692294,44.050909],[-123.691994,44.050812],[-123.691667,44.050702],[-123.691343,44.050588],[-123.691021,44.05047],[-123.690702,44.050348],[-123.69052,44.050275],[-123.690342,44.050198],[-123.690167,44.050117],[-123.689996,44.050033],[-123.689828,44.049945],[-123.689663,44.049853],[-123.689503,44.049758],[-123.689346,44.049659],[-123.68921,44.049568],[-123.689078,44.049473],[-123.688951,44.049376],[-123.688829,44.049274],[-123.688712,44.04917],[-123.6886,44.049063],[-123.688493,44.048953],[-123.688392,44.048841],[-123.688297,44.048726],[-123.688207,44.048608],[-123.688123,44.048489],[-123.688045,44.048367],[-123.687972,44.048243],[-123.687906,44.048118],[-123.687881,44.048023],[-123.687863,44.047927],[-123.687852,44.04783],[-123.687849,44.047733],[-123.687852,44.047636],[-123.687863,44.04754],[-123.68788,44.047444],[-123.687905,44.047349],[-123.687937,44.047254],[-123.687975,44.047162],[-123.68802,44.04707],[-123.688072,44.046981],[-123.688131,44.046894],[-123.688799,44.045751],[-123.688868,44.045632],[-123.688933,44.045522],[-123.688994,44.045411],[-123.68905,44.045298],[-123.689101,44.045184],[-123.689148,44.045069],[-123.689189,44.044938],[-123.689223,44.044805],[-123.689252,44.044672],[-123.689274,44.044538],[-123.689291,44.044404],[-123.689301,44.044269],[-123.689305,44.044134],[-123.689305,44.044115],[-123.689304,44.04404],[-123.689303,44.044021],[-123.689297,44.0439],[-123.689286,44.043779],[-123.689269,44.043659],[-123.689248,44.043539],[-123.689222,44.04342],[-123.689217,44.043401],[-123.689182,44.043271],[-123.68914,44.043141],[-123.689093,44.043012],[-123.68904,44.042884],[-123.688981,44.042758],[-123.688917,44.042633],[-123.688846,44.04251],[-123.688771,44.042388],[-123.68869,44.042269],[-123.688624,44.042186],[-123.688553,44.042105],[-123.688477,44.042026],[-123.688396,44.04195],[-123.68831,44.041877],[-123.68822,44.041806],[-123.688125,44.041739],[-123.688026,44.041675],[-123.688012,44.041666],[-123.687917,44.04161],[-123.687819,44.041558],[-123.687718,44.041508],[-123.687702,44.0415],[-123.687596,44.041453],[-123.687486,44.041409],[-123.687374,44.041369],[-123.687357,44.041363],[-123.687227,44.041322],[-123.687095,44.041286],[-123.686961,44.041255],[-123.686825,44.041228],[-123.686807,44.041225],[-123.686676,44.041204],[-123.686544,44.041188],[-123.686411,44.041176],[-123.686277,44.041169],[-123.686079,44.041164],[-123.685881,44.041163],[-123.685682,44.041167],[-123.685566,44.041171],[-123.685451,44.041177],[-123.685444,44.041178],[-123.681842,44.041341],[-123.681787,44.041344],[-123.681749,44.041347],[-123.681637,44.041353],[-123.6816,44.041355],[-123.681488,44.04136],[-123.681432,44.041362],[-123.681394,44.041363],[-123.68132,44.041366],[-123.681058,44.041372],[-123.680878,44.041372],[-123.680697,44.041369],[-123.680517,44.041364],[-123.680776,44.041541],[-123.68097,44.041543],[-123.681394,44.041518],[-123.682049,44.041465],[-123.682782,44.041442],[-123.683236,44.04145],[-123.68355,44.041479],[-123.683776,44.041548],[-123.683982,44.041656],[-123.685387,44.041592],[-123.685488,44.041588],[-123.685639,44.04158],[-123.685698,44.041578],[-123.685881,44.041575],[-123.686064,44.041575],[-123.686247,44.04158],[-123.68637,44.041587],[-123.686491,44.041598],[-123.686611,44.041614],[-123.68673,44.041635],[-123.686848,44.04166],[-123.686963,44.041689],[-123.687076,44.041723],[-123.687187,44.041761],[-123.687295,44.041803],[-123.687302,44.041806],[-123.687405,44.041852],[-123.687505,44.041901],[-123.6876,44.041954],[-123.687692,44.042011],[-123.68778,44.042071],[-123.687864,44.042134],[-123.687943,44.0422],[-123.688016,44.042269],[-123.688095,44.042361],[-123.688169,44.042455],[-123.68824,44.04255],[-123.688307,44.042646],[-123.688488,44.042763],[-123.68873,44.04305],[-123.688798,44.043347],[-123.688887,44.043778],[-123.688893,44.044171],[-123.688896,44.044392],[-123.688832,44.044626],[-123.688712,44.044852],[-123.688541,44.045097],[-123.688483,44.045221],[-123.688418,44.045344],[-123.688347,44.045466],[-123.688189,44.045736],[-123.687621,44.046705],[-123.687563,44.046791],[-123.68751,44.046879],[-123.687636,44.047032],[-123.687617,44.047165],[-123.687576,44.047287],[-123.687548,44.047478],[-123.687522,44.047656],[-123.687525,44.047859],[-123.687552,44.048051],[-123.687634,44.048293],[-123.687761,44.048489],[-123.688072,44.048895],[-123.688408,44.049294],[-123.688666,44.049516],[-123.688872,44.049663],[-123.6892,44.049893],[-123.689497,44.050053],[-123.690098,44.050389],[-123.690506,44.050512],[-123.690898,44.050646],[-123.691356,44.05082],[-123.691844,44.050972],[-123.692025,44.051037],[-123.692376,44.051163],[-123.692848,44.051271],[-123.693365,44.051413],[-123.693744,44.051542],[-123.694067,44.051618],[-123.694469,44.051694],[-123.694858,44.05178],[-123.695244,44.051894],[-123.695667,44.052056],[-123.695916,44.052188],[-123.696221,44.052398],[-123.696499,44.052605],[-123.696765,44.05289],[-123.696994,44.053141],[-123.697127,44.05329],[-123.69723,44.053527],[-123.697345,44.053817],[-123.697469,44.054204],[-123.697585,44.054503],[-123.697694,44.054768],[-123.697819,44.05502],[-123.6979,44.055158],[-123.698029,44.055332],[-123.69809,44.055384],[-123.698187,44.055461],[-123.69829,44.055535],[-123.698398,44.055605],[-123.69851,44.05567],[-123.698627,44.055732],[-123.698747,44.05579],[-123.698872,44.055843],[-123.699,44.055892],[-123.699092,44.055923],[-123.699284,44.055979],[-123.699478,44.05603],[-123.699614,44.056062],[-123.699751,44.056092],[-123.69989,44.05612],[-123.702586,44.056295]]],[[[-123.794701,44.055839],[-123.794564,44.055809],[-123.794425,44.055783],[-123.794284,44.055762],[-123.794142,44.055745],[-123.793999,44.055734],[-123.793856,44.055728],[-123.793712,44.055727],[-123.793569,44.055731],[-123.793782,44.055755],[-123.793911,44.055784],[-123.793991,44.055831],[-123.794015,44.055844],[-123.794182,44.055984],[-123.794206,44.056003],[-123.794328,44.056147],[-123.794433,44.056167],[-123.794536,44.05619],[-123.794637,44.056216],[-123.795162,44.055963],[-123.795125,44.055953],[-123.794921,44.055898],[-123.794811,44.055868],[-123.794701,44.055839]]],[[[-123.784332,44.057716],[-123.784594,44.057729],[-123.784856,44.057737],[-123.785119,44.057741],[-123.785382,44.05774],[-123.785563,44.057737],[-123.78557,44.057874],[-123.785779,44.057869],[-123.785988,44.05786],[-123.785981,44.057791],[-123.786256,44.057776],[-123.786529,44.057756],[-123.786802,44.057731],[-123.787075,44.057701],[-123.787324,44.05767],[-123.787573,44.057635],[-123.787821,44.057595],[-123.788067,44.057552],[-123.788312,44.057505],[-123.788555,44.057454],[-123.788832,44.057391],[-123.789107,44.057323],[-123.78938,44.05725],[-123.789649,44.057172],[-123.78965,44.057171],[-123.789788,44.057129],[-123.789925,44.057086],[-123.790263,44.056984],[-123.790599,44.056877],[-123.79251,44.056304],[-123.792685,44.056256],[-123.792862,44.056213],[-123.793041,44.056174],[-123.793222,44.056139],[-123.793348,44.056122],[-123.793474,44.056109],[-123.793602,44.056101],[-123.793729,44.056097],[-123.793857,44.056099],[-123.793985,44.056105],[-123.794112,44.056116],[-123.793927,44.055964],[-123.793803,44.055902],[-123.793645,44.055867],[-123.793505,44.055859],[-123.793333,44.055878],[-123.793088,44.055918],[-123.792499,44.056068],[-123.791186,44.056462],[-123.790101,44.056803],[-123.789655,44.056936],[-123.789118,44.057097],[-123.788458,44.057245],[-123.787922,44.057375],[-123.787387,44.057475],[-123.786679,44.057575],[-123.786148,44.057616],[-123.785706,44.057633],[-123.78523,44.057618],[-123.784557,44.057586],[-123.783946,44.057544],[-123.7831,44.057479],[-123.782792,44.057445],[-123.78249,44.057409],[-123.782359,44.05739],[-123.78191,44.057271],[-123.781649,44.05714],[-123.781373,44.056983],[-123.781125,44.056791],[-123.78095,44.05662],[-123.780773,44.056418],[-123.780702,44.056313],[-123.780633,44.056177],[-123.780555,44.055993],[-123.78049,44.055763],[-123.780453,44.055628],[-123.780431,44.055504],[-123.78043,44.055499],[-123.780379,44.055213],[-123.780369,44.05491],[-123.780368,44.054656],[-123.780376,44.054332],[-123.780421,44.054067],[-123.780491,44.053812],[-123.780613,44.053527],[-123.780818,44.053202],[-123.780811,44.053102],[-123.780807,44.053087],[-123.780795,44.053038],[-123.780737,44.053124],[-123.780658,44.053248],[-123.780586,44.053374],[-123.78052,44.053502],[-123.780461,44.053632],[-123.780408,44.053763],[-123.780362,44.053895],[-123.780322,44.054028],[-123.780288,44.054163],[-123.780262,44.054298],[-123.780242,44.054434],[-123.780229,44.05457],[-123.780223,44.054706],[-123.780231,44.054874],[-123.780245,44.055041],[-123.780293,44.055435],[-123.780302,44.055505],[-123.780302,44.055507],[-123.780321,44.055636],[-123.780345,44.055766],[-123.780375,44.055894],[-123.780409,44.056022],[-123.780447,44.056125],[-123.780492,44.056225],[-123.780544,44.056324],[-123.780602,44.056422],[-123.780668,44.056516],[-123.78074,44.056609],[-123.780818,44.056698],[-123.780902,44.056785],[-123.780993,44.056868],[-123.781089,44.056948],[-123.78119,44.057025],[-123.781297,44.057097],[-123.781409,44.057166],[-123.781525,44.057231],[-123.781645,44.057291],[-123.78177,44.057347],[-123.781899,44.057398],[-123.782031,44.057445],[-123.782166,44.057486],[-123.782303,44.057523],[-123.782443,44.057555],[-123.782585,44.057581],[-123.782718,44.0576],[-123.782684,44.057734],[-123.782872,44.057757],[-123.78306,44.057775],[-123.783249,44.05779],[-123.783266,44.057653],[-123.783401,44.057661],[-123.784332,44.057716]]],[[[-123.833193,44.065171],[-123.83321,44.065172],[-123.833578,44.0652],[-123.834203,44.06518],[-123.834216,44.06518],[-123.83461,44.065155],[-123.834865,44.065135],[-123.835155,44.065113],[-123.835184,44.065113],[-123.835233,44.065113],[-123.835252,44.065113],[-123.835259,44.06507],[-123.835179,44.065064],[-123.835099,44.065061],[-123.835018,44.065061],[-123.834938,44.065064],[-123.834872,44.065068],[-123.834873,44.06506],[-123.834648,44.065057],[-123.834424,44.065057],[-123.833965,44.065058],[-123.833762,44.065051],[-123.833559,44.065041],[-123.833357,44.065029],[-123.833139,44.065015],[-123.832923,44.064995],[-123.832707,44.064971],[-123.832493,44.06494],[-123.83228,44.064905],[-123.832109,44.064872],[-123.831938,44.064836],[-123.831769,44.064796],[-123.831602,44.064753],[-123.831398,44.064695],[-123.831197,44.064632],[-123.831,44.064564],[-123.830805,44.064492],[-123.830614,44.064414],[-123.830427,44.064332],[-123.830244,44.064246],[-123.830013,44.064123],[-123.829724,44.064023],[-123.829227,44.063763],[-123.828696,44.06345],[-123.828292,44.063215],[-123.828089,44.062981],[-123.827874,44.062665],[-123.827783,44.062421],[-123.82763,44.062149],[-123.827521,44.061763],[-123.827444,44.061625],[-123.827285,44.061342],[-123.827114,44.061138],[-123.826824,44.060775],[-123.826379,44.060436],[-123.825772,44.060208],[-123.825731,44.060247],[-123.82572,44.060243],[-123.825644,44.060214],[-123.825468,44.060151],[-123.825289,44.060091],[-123.823618,44.059539],[-123.823531,44.059511],[-123.823445,44.059482],[-123.823358,44.059453],[-123.823261,44.059421],[-123.82288,44.059296],[-123.822634,44.059214],[-123.822427,44.059146],[-123.822226,44.059079],[-123.821949,44.058988],[-123.821687,44.058901],[-123.821578,44.058865],[-123.821552,44.058857],[-123.820615,44.058547],[-123.818469,44.057838],[-123.818181,44.057744],[-123.81789,44.057654],[-123.817597,44.057566],[-123.817302,44.057483],[-123.8171,44.057435],[-123.816896,44.057392],[-123.816691,44.057352],[-123.816485,44.057315],[-123.816277,44.057283],[-123.816126,44.057261],[-123.815812,44.05723],[-123.815497,44.057203],[-123.815182,44.05718],[-123.814866,44.05716],[-123.813768,44.057085],[-123.813585,44.057072],[-123.811527,44.056931],[-123.811526,44.056931],[-123.811519,44.056931],[-123.809538,44.056794],[-123.807692,44.056666],[-123.806681,44.056595],[-123.806287,44.056568],[-123.804289,44.056429],[-123.80253,44.056306],[-123.800101,44.056136],[-123.799987,44.056128],[-123.799874,44.05612],[-123.799538,44.056096],[-123.799344,44.056087],[-123.79915,44.056081],[-123.798955,44.056078],[-123.798834,44.05608],[-123.798713,44.056084],[-123.798592,44.056092],[-123.798399,44.05611],[-123.798206,44.056131],[-123.798014,44.056156],[-123.797882,44.056174],[-123.797564,44.056216],[-123.797374,44.056241],[-123.797183,44.056261],[-123.796991,44.056277],[-123.796798,44.056288],[-123.796667,44.056288],[-123.796536,44.056283],[-123.796406,44.056273],[-123.796276,44.056259],[-123.796202,44.056247],[-123.796197,44.056246],[-123.796122,44.056233],[-123.796118,44.056232],[-123.796047,44.056219],[-123.796045,44.056219],[-123.795946,44.056199],[-123.795631,44.056417],[-123.795817,44.056458],[-123.796005,44.056495],[-123.796195,44.056527],[-123.796301,44.05654],[-123.796408,44.05655],[-123.796515,44.056557],[-123.796631,44.056562],[-123.796726,44.056563],[-123.796821,44.056562],[-123.797026,44.05655],[-123.797231,44.056533],[-123.797434,44.056512],[-123.797637,44.056485],[-123.798085,44.056426],[-123.798306,44.056398],[-123.798367,44.056668],[-123.798523,44.056653],[-123.79868,44.056639],[-123.798814,44.056631],[-123.798949,44.056628],[-123.799085,44.056628],[-123.799222,44.056629],[-123.799351,44.056632],[-123.79948,44.056636],[-123.79955,44.056641],[-123.799995,44.056671],[-123.800378,44.056698],[-123.800371,44.05675],[-123.800484,44.056758],[-123.800598,44.056766],[-123.801128,44.056803],[-123.801204,44.056808],[-123.801488,44.056828],[-123.801218,44.056704],[-123.801153,44.056676],[-123.801084,44.056652],[-123.801013,44.056632],[-123.80094,44.056616],[-123.800865,44.056604],[-123.80079,44.056597],[-123.80053,44.056578],[-123.800493,44.056573],[-123.800457,44.056564],[-123.800425,44.056551],[-123.800395,44.056534],[-123.80037,44.056514],[-123.80035,44.056491],[-123.800336,44.056466],[-123.800327,44.056439],[-123.800552,44.056414],[-123.800812,44.056433],[-123.800906,44.056442],[-123.800998,44.056457],[-123.801088,44.056477],[-123.801175,44.056501],[-123.80126,44.056531],[-123.801341,44.056565],[-123.801702,44.056732],[-123.80175,44.056757],[-123.801794,44.056786],[-123.801833,44.056819],[-123.801866,44.056855],[-123.801961,44.056861],[-123.802491,44.056899],[-123.802529,44.056901],[-123.802566,44.056904],[-123.803096,44.056941],[-123.80321,44.056949],[-123.803324,44.056957],[-123.803854,44.056994],[-123.803929,44.057],[-123.804459,44.057037],[-123.804687,44.057053],[-123.804694,44.057001],[-123.805861,44.057083],[-123.806291,44.057113],[-123.806293,44.056912],[-123.806527,44.056928],[-123.807639,44.057006],[-123.81151,44.057275],[-123.811933,44.057304],[-123.811935,44.057232],[-123.813763,44.057359],[-123.814834,44.057433],[-123.815131,44.057452],[-123.815427,44.057474],[-123.815723,44.057499],[-123.816018,44.057527],[-123.816052,44.057531],[-123.816058,44.057531],[-123.816071,44.057533],[-123.816097,44.057536],[-123.816288,44.057564],[-123.81651,44.057601],[-123.81673,44.057643],[-123.816949,44.057689],[-123.817166,44.057739],[-123.817455,44.057821],[-123.817742,44.057906],[-123.818027,44.057995],[-123.818311,44.058087],[-123.822537,44.059484],[-123.82329,44.059732],[-123.823429,44.059778],[-123.825136,44.060342],[-123.825317,44.060403],[-123.825496,44.060468],[-123.82566,44.060532],[-123.825821,44.060601],[-123.825926,44.060654],[-123.826027,44.060711],[-123.826124,44.060771],[-123.826217,44.060835],[-123.826305,44.060902],[-123.826388,44.060973],[-123.826466,44.061046],[-123.826539,44.061122],[-123.826607,44.061201],[-123.826668,44.061281],[-123.826725,44.061365],[-123.826781,44.061466],[-123.826833,44.061569],[-123.826881,44.061673],[-123.826914,44.061706],[-123.826951,44.061776],[-123.827006,44.061889],[-123.827157,44.062235],[-123.827338,44.062632],[-123.827408,44.062745],[-123.827519,44.062894],[-123.827632,44.063036],[-123.827758,44.063167],[-123.827969,44.063322],[-123.828356,44.063583],[-123.828855,44.063869],[-123.829252,44.06412],[-123.829807,44.064456],[-123.829967,44.064541],[-123.830143,44.064634],[-123.830444,44.06477],[-123.83058,44.064809],[-123.830945,44.064865],[-123.831913,44.064959],[-123.831941,44.064964],[-123.832282,44.06503],[-123.832794,44.065121],[-123.832957,44.065141],[-123.832988,44.065145],[-123.833193,44.065171]]],[[[-123.876858,44.042447],[-123.87777,44.043103],[-123.879249,44.044145],[-123.879898,44.044651],[-123.880315,44.044952],[-123.880462,44.045044],[-123.881063,44.045414],[-123.881319,44.045569],[-123.881709,44.045905],[-123.881928,44.046082],[-123.882235,44.046405],[-123.883569,44.047639],[-123.883973,44.047955],[-123.884357,44.048289],[-123.884702,44.048506],[-123.885491,44.049014],[-123.885842,44.049331],[-123.886909,44.050202],[-123.887498,44.050767],[-123.887693,44.051008],[-123.887772,44.051118],[-123.888191,44.051691],[-123.888567,44.052355],[-123.889019,44.05363],[-123.88906,44.053786],[-123.889125,44.05415],[-123.889163,44.054556],[-123.889201,44.054997],[-123.889206,44.055497],[-123.889191,44.055634],[-123.889179,44.055744],[-123.889148,44.056101],[-123.889088,44.056435],[-123.888861,44.057134],[-123.888725,44.057477],[-123.888546,44.057848],[-123.888339,44.058282],[-123.887995,44.058771],[-123.887662,44.059217],[-123.887217,44.059718],[-123.886883,44.060039],[-123.885945,44.060941],[-123.885854,44.061028],[-123.884817,44.061974],[-123.883303,44.063375],[-123.882756,44.063911],[-123.88225,44.064397],[-123.881923,44.064779],[-123.881573,44.065204],[-123.881253,44.065721],[-123.880763,44.066486],[-123.880732,44.066532],[-123.880769,44.066531],[-123.88082,44.066513],[-123.880886,44.066478],[-123.880955,44.066414],[-123.881011,44.066331],[-123.88119,44.066063],[-123.881202,44.066046],[-123.881211,44.066034],[-123.88122,44.066021],[-123.881228,44.066009],[-123.881234,44.066002],[-123.881238,44.065996],[-123.881248,44.065984],[-123.881257,44.065971],[-123.881267,44.065959],[-123.881276,44.065947],[-123.881287,44.065934],[-123.881297,44.065922],[-123.881307,44.06591],[-123.881317,44.065898],[-123.881327,44.065886],[-123.881337,44.065874],[-123.881348,44.065861],[-123.881359,44.065849],[-123.881371,44.065835],[-123.881381,44.065825],[-123.881391,44.065815],[-123.8814,44.065804],[-123.881412,44.065791],[-123.881422,44.06578],[-123.881432,44.065769],[-123.881444,44.065756],[-123.881455,44.065745],[-123.881466,44.065733],[-123.881476,44.065722],[-123.881487,44.06571],[-123.881498,44.065699],[-123.881509,44.065687],[-123.88152,44.065676],[-123.881531,44.065665],[-123.881543,44.065653],[-123.881555,44.065641],[-123.881566,44.065629],[-123.881578,44.065618],[-123.881589,44.065608],[-123.881602,44.065595],[-123.881612,44.065586],[-123.881623,44.065575],[-123.881634,44.065564],[-123.881646,44.065552],[-123.881659,44.06554],[-123.881669,44.065531],[-123.88168,44.06552],[-123.881692,44.065509],[-123.881702,44.065498],[-123.881715,44.065486],[-123.881727,44.065475],[-123.881737,44.065465],[-123.88175,44.065452],[-123.881762,44.065442],[-123.881772,44.065433],[-123.881783,44.065421],[-123.881794,44.065411],[-123.881803,44.065401],[-123.881814,44.06539],[-123.881825,44.065379],[-123.881834,44.065369],[-123.881842,44.065359],[-123.881853,44.065347],[-123.881863,44.065335],[-123.88187,44.065327],[-123.881879,44.065315],[-123.88189,44.065302],[-123.881898,44.065292],[-123.881906,44.065281],[-123.881915,44.065269],[-123.881924,44.065257],[-123.881933,44.065245],[-123.881941,44.065233],[-123.881945,44.065227],[-123.88195,44.065221],[-123.88196,44.065207],[-123.88197,44.065195],[-123.881978,44.065185],[-123.881987,44.065172],[-123.881996,44.06516],[-123.882004,44.065148],[-123.882013,44.065136],[-123.882023,44.065123],[-123.882033,44.065111],[-123.882041,44.0651],[-123.882049,44.065088],[-123.882058,44.065076],[-123.882067,44.065063],[-123.882076,44.065051],[-123.882085,44.065039],[-123.882095,44.065025],[-123.882105,44.065013],[-123.882112,44.065003],[-123.882121,44.064991],[-123.88213,44.064979],[-123.882139,44.064967],[-123.882148,44.064955],[-123.882157,44.064943],[-123.882166,44.064929],[-123.882176,44.064917],[-123.882184,44.064906],[-123.882193,44.064894],[-123.882203,44.06488],[-123.882215,44.064866],[-123.882224,44.064855],[-123.882234,44.064843],[-123.882244,44.064831],[-123.882254,44.064819],[-123.882264,44.064807],[-123.882275,44.064794],[-123.882286,44.064783],[-123.882294,44.064772],[-123.882306,44.064759],[-123.882316,44.064748],[-123.882326,44.064736],[-123.882339,44.064723],[-123.882348,44.064712],[-123.882358,44.064701],[-123.88237,44.064688],[-123.882381,44.064677],[-123.882392,44.064665],[-123.882435,44.06462],[-123.882446,44.064609],[-123.882457,44.064598],[-123.882468,44.064586],[-123.882478,44.064575],[-123.882484,44.064569],[-123.88249,44.064563],[-123.882502,44.064551],[-123.882512,44.064541],[-123.882522,44.06453],[-123.882555,44.064496],[-123.882566,44.064485],[-123.882577,44.064474],[-123.882587,44.064463],[-123.882598,44.064451],[-123.882609,44.06444],[-123.88262,44.064428],[-123.882631,44.064417],[-123.882641,44.064406],[-123.882664,44.064382],[-123.882676,44.064371],[-123.882686,44.064361],[-123.882696,44.06435],[-123.882707,44.064339],[-123.882718,44.064327],[-123.882729,44.064316],[-123.88274,44.064304],[-123.88275,44.064293],[-123.882761,44.064282],[-123.882783,44.06426],[-123.882794,44.064248],[-123.882804,44.064237],[-123.882815,44.064226],[-123.882826,44.064215],[-123.882838,44.064202],[-123.882849,44.064191],[-123.882859,44.064181],[-123.88287,44.06417],[-123.88288,44.064158],[-123.882891,44.064147],[-123.882902,44.064136],[-123.882913,44.064124],[-123.882924,44.064113],[-123.882955,44.06408],[-123.882965,44.06407],[-123.882975,44.064058],[-123.882986,44.064047],[-123.882995,44.064036],[-123.883007,44.064023],[-123.883017,44.064012],[-123.883027,44.064001],[-123.883031,44.063996],[-123.883039,44.063988],[-123.883048,44.063979],[-123.883057,44.063968],[-123.883068,44.063955],[-123.883078,44.063944],[-123.883088,44.063933],[-123.883099,44.06392],[-123.883108,44.06391],[-123.883118,44.063898],[-123.88313,44.063886],[-123.88314,44.063874],[-123.88315,44.063863],[-123.883159,44.063852],[-123.88317,44.063839],[-123.88318,44.063828],[-123.88319,44.063816],[-123.883201,44.063804],[-123.883211,44.063793],[-123.883222,44.063782],[-123.883232,44.06377],[-123.883244,44.063757],[-123.883255,44.063745],[-123.883266,44.063734],[-123.883277,44.063723],[-123.883288,44.063711],[-123.8833,44.063698],[-123.883312,44.063687],[-123.883322,44.063677],[-123.883333,44.063665],[-123.883345,44.063654],[-123.883357,44.063642],[-123.88337,44.06363],[-123.88338,44.06362],[-123.883391,44.063609],[-123.883404,44.063597],[-123.883416,44.063586],[-123.883429,44.063575],[-123.88344,44.063564],[-123.883452,44.063554],[-123.883463,44.063543],[-123.883475,44.063532],[-123.883487,44.063521],[-123.883499,44.06351],[-123.88351,44.0635],[-123.883522,44.063489],[-123.883534,44.063478],[-123.883546,44.063467],[-123.883558,44.063457],[-123.88357,44.063446],[-123.883581,44.063435],[-123.883593,44.063424],[-123.883605,44.063413],[-123.883617,44.063403],[-123.883628,44.063392],[-123.88364,44.063381],[-123.883652,44.063371],[-123.883664,44.063359],[-123.883676,44.063349],[-123.883687,44.063338],[-123.883699,44.063328],[-123.883711,44.063317],[-123.883722,44.063306],[-123.883735,44.063295],[-123.883746,44.063284],[-123.883758,44.063274],[-123.883769,44.063263],[-123.883781,44.063252],[-123.883793,44.063241],[-123.883805,44.06323],[-123.883816,44.06322],[-123.883828,44.063209],[-123.88384,44.063198],[-123.883851,44.063188],[-123.883861,44.063178],[-123.883874,44.063166],[-123.883886,44.063155],[-123.883898,44.063144],[-123.883908,44.063134],[-123.883919,44.063124],[-123.883932,44.063111],[-123.883944,44.0631],[-123.883954,44.063091],[-123.883965,44.063079],[-123.883978,44.063068],[-123.88399,44.063057],[-123.884002,44.063046],[-123.884011,44.063037],[-123.884023,44.063025],[-123.884036,44.063013],[-123.884048,44.063002],[-123.88406,44.062991],[-123.88407,44.062982],[-123.884081,44.062971],[-123.884094,44.062959],[-123.884105,44.062948],[-123.884116,44.062938],[-123.884127,44.062928],[-123.88414,44.062915],[-123.884152,44.062904],[-123.884163,44.062893],[-123.884174,44.062883],[-123.884184,44.062873],[-123.884199,44.062859],[-123.884214,44.062847],[-123.884228,44.062835],[-123.884244,44.062823],[-123.88426,44.062811],[-123.884278,44.0628],[-123.884294,44.062789],[-123.884312,44.062779],[-123.884331,44.062768],[-123.88435,44.062759],[-123.884365,44.062752],[-123.885824,44.061428],[-123.886207,44.061081],[-123.887054,44.060313],[-123.887229,44.060154],[-123.887398,44.059991],[-123.887562,44.059825],[-123.88772,44.059656],[-123.887872,44.059485],[-123.888017,44.05931],[-123.888157,44.059133],[-123.88829,44.058954],[-123.888416,44.058772],[-123.888537,44.058588],[-123.88865,44.058401],[-123.888757,44.058213],[-123.888858,44.058022],[-123.888951,44.05783],[-123.889038,44.057637],[-123.889118,44.057441],[-123.889191,44.057245],[-123.889257,44.057047],[-123.889316,44.056848],[-123.889367,44.056647],[-123.889412,44.056446],[-123.88945,44.056245],[-123.88948,44.056042],[-123.889503,44.055839],[-123.889519,44.055636],[-123.889527,44.05548],[-123.88953,44.055324],[-123.88953,44.055298],[-123.88953,44.055297],[-123.88953,44.05527],[-123.88953,44.055269],[-123.88953,44.055242],[-123.88953,44.055242],[-123.88953,44.055241],[-123.88953,44.055214],[-123.88953,44.055213],[-123.889529,44.055185],[-123.889529,44.055183],[-123.889529,44.055157],[-123.889529,44.055154],[-123.889528,44.055129],[-123.889521,44.05496],[-123.889509,44.054791],[-123.889509,44.05479],[-123.889491,44.054591],[-123.889468,44.054392],[-123.889468,44.054391],[-123.889468,44.054391],[-123.88944,44.054194],[-123.889407,44.053998],[-123.889368,44.053802],[-123.889323,44.053599],[-123.889272,44.053396],[-123.889216,44.053194],[-123.889155,44.052993],[-123.889115,44.052873],[-123.889074,44.052753],[-123.889064,44.052726],[-123.889063,44.052725],[-123.889053,44.052695],[-123.889009,44.052577],[-123.888963,44.05246],[-123.888962,44.052458],[-123.888895,44.052289],[-123.888822,44.052122],[-123.888803,44.052082],[-123.888803,44.052082],[-123.888789,44.052052],[-123.888786,44.052047],[-123.888782,44.052037],[-123.888772,44.052017],[-123.888754,44.051982],[-123.888737,44.051947],[-123.888649,44.051781],[-123.888555,44.051617],[-123.888455,44.051454],[-123.888348,44.051294],[-123.888236,44.051136],[-123.888117,44.050981],[-123.887992,44.050827],[-123.887862,44.050677],[-123.887726,44.050529],[-123.887637,44.050437],[-123.887634,44.050434],[-123.887607,44.050407],[-123.887607,44.050407],[-123.887605,44.050405],[-123.88758,44.05038],[-123.887578,44.050378],[-123.887577,44.050377],[-123.887495,44.050297],[-123.887412,44.050219],[-123.887392,44.0502],[-123.887391,44.050199],[-123.887391,44.050199],[-123.887391,44.050199],[-123.88737,44.05018],[-123.887285,44.050104],[-123.887199,44.050028],[-123.887052,44.049905],[-123.887051,44.049904],[-123.886902,44.049785],[-123.886074,44.049076],[-123.885922,44.048949],[-123.885921,44.048948],[-123.885767,44.048824],[-123.885682,44.04876],[-123.885667,44.048749],[-123.885667,44.048749],[-123.885666,44.048749],[-123.885666,44.048749],[-123.885666,44.048748],[-123.88565,44.048737],[-123.885649,44.048736],[-123.885632,44.048724],[-123.885528,44.048653],[-123.885527,44.048652],[-123.885485,44.048624],[-123.885483,44.048623],[-123.885442,44.048597],[-123.885289,44.048504],[-123.885287,44.048503],[-123.885284,44.048501],[-123.885268,44.048491],[-123.885265,44.04849],[-123.885264,44.048489],[-123.885263,44.048488],[-123.885082,44.048384],[-123.884829,44.04824],[-123.884683,44.048157],[-123.884508,44.048056],[-123.884337,44.047952],[-123.884241,44.047889],[-123.884148,44.047825],[-123.884132,44.047814],[-123.884132,44.047814],[-123.884132,44.047814],[-123.884132,44.047813],[-123.884116,44.047802],[-123.884115,44.047801],[-123.884114,44.0478],[-123.884112,44.047799],[-123.8841,44.04779],[-123.8841,44.04779],[-123.884019,44.047729],[-123.883942,44.047666],[-123.883798,44.047542],[-123.883659,44.047416],[-123.88313,44.046927],[-123.882452,44.046301],[-123.881767,44.045669],[-123.881657,44.045569],[-123.881543,44.045472],[-123.881446,44.045397],[-123.881344,44.045326],[-123.881247,44.045263],[-123.881229,44.045251],[-123.881228,44.04525],[-123.881208,44.045238],[-123.88111,44.045179],[-123.881076,44.045159],[-123.880836,44.045018],[-123.88074,44.044961],[-123.880645,44.044903],[-123.880623,44.044889],[-123.880622,44.044888],[-123.880622,44.044888],[-123.880599,44.044874],[-123.880507,44.044815],[-123.880416,44.044755],[-123.880383,44.044731],[-123.880383,44.044731],[-123.880382,44.044731],[-123.880377,44.044727],[-123.880376,44.044727],[-123.88035,44.044708],[-123.880216,44.044604],[-123.880085,44.044498],[-123.880083,44.044497],[-123.87998,44.044408],[-123.879796,44.044251],[-123.879616,44.044099],[-123.879432,44.04395],[-123.879244,44.043804],[-123.879052,44.04366],[-123.878857,44.043519],[-123.878703,44.043409],[-123.878291,44.043117],[-123.877694,44.042694],[-123.876802,44.04206],[-123.876172,44.041615],[-123.876174,44.041615],[-123.875904,44.041424],[-123.875764,44.041325],[-123.875742,44.04131],[-123.875741,44.041309],[-123.875739,44.041308],[-123.875737,44.041307],[-123.875735,44.041305],[-123.875721,44.041295],[-123.875718,44.041294],[-123.875717,44.041293],[-123.875695,44.041278],[-123.875694,44.041277],[-123.875694,44.041277],[-123.875693,44.041277],[-123.87567,44.041262],[-123.875575,44.041199],[-123.875478,44.041138],[-123.875477,44.041137],[-123.875348,44.041059],[-123.875215,44.040985],[-123.875077,44.040914],[-123.874936,44.040848],[-123.874791,44.040787],[-123.874643,44.040729],[-123.874491,44.040677],[-123.874337,44.040629],[-123.874179,44.040585],[-123.87402,44.040546],[-123.873858,44.040512],[-123.873695,44.040483],[-123.87353,44.040459],[-123.873364,44.04044],[-123.873197,44.040426],[-123.873029,44.040417],[-123.872861,44.040413],[-123.872692,44.040414],[-123.872659,44.040414],[-123.87252,44.04042],[-123.872381,44.040429],[-123.872242,44.040441],[-123.872104,44.040457],[-123.872104,44.040457],[-123.871882,44.040496],[-123.871879,44.040497],[-123.871853,44.040502],[-123.87185,44.040502],[-123.871819,44.040508],[-123.871789,44.040514],[-123.871787,44.040514],[-123.871785,44.040515],[-123.871761,44.04052],[-123.871758,44.04052],[-123.871537,44.040567],[-123.871201,44.040644],[-123.871201,44.040644],[-123.8712,44.040644],[-123.871082,44.040665],[-123.870962,44.040683],[-123.870944,44.040686],[-123.870942,44.040686],[-123.870923,44.040688],[-123.870922,44.040688],[-123.870903,44.040691],[-123.870902,44.040691],[-123.870902,44.040691],[-123.870901,44.040691],[-123.870901,44.040691],[-123.870901,44.040691],[-123.8709,44.040691],[-123.870881,44.040693],[-123.87088,44.040693],[-123.870862,44.040695],[-123.87086,44.040696],[-123.870842,44.040698],[-123.87072,44.040708],[-123.870597,44.040716],[-123.870597,44.040716],[-123.870596,44.040716],[-123.870595,44.040716],[-123.87045,44.040719],[-123.870306,44.040718],[-123.870161,44.040712],[-123.870018,44.0407],[-123.869875,44.040684],[-123.869733,44.040662],[-123.869594,44.040636],[-123.869456,44.040604],[-123.86932,44.040568],[-123.869187,44.040527],[-123.869057,44.040482],[-123.86893,44.040432],[-123.868806,44.040378],[-123.868687,44.040319],[-123.868571,44.040256],[-123.86846,44.04019],[-123.868353,44.040119],[-123.868252,44.040045],[-123.868123,44.039923],[-123.868001,44.039799],[-123.867937,44.039729],[-123.867875,44.039659],[-123.867257,44.039005],[-123.867193,44.038936],[-123.866934,44.038666],[-123.866671,44.038398],[-123.86667,44.038398],[-123.866616,44.038344],[-123.866614,44.038342],[-123.866613,44.038341],[-123.866562,44.038289],[-123.866562,44.038289],[-123.866559,44.038287],[-123.866558,44.038286],[-123.866506,44.038234],[-123.866502,44.03823],[-123.866497,44.038224],[-123.866495,44.038223],[-123.866432,44.03816],[-123.86643,44.038158],[-123.866363,44.038092],[-123.866362,44.038091],[-123.866357,44.038086],[-123.86631,44.03804],[-123.86631,44.03804],[-123.86631,44.03804],[-123.86631,44.03804],[-123.866309,44.038039],[-123.866299,44.03803],[-123.866294,44.038025],[-123.866293,44.038024],[-123.866223,44.037955],[-123.866211,44.037944],[-123.866201,44.037934],[-123.8662,44.037933],[-123.866146,44.037881],[-123.866143,44.037878],[-123.866086,44.037822],[-123.866084,44.037821],[-123.866083,44.03782],[-123.866044,44.037782],[-123.865991,44.037732],[-123.865989,44.03773],[-123.865951,44.037694],[-123.865947,44.03769],[-123.865932,44.037676],[-123.865913,44.037658],[-123.865911,44.037656],[-123.865907,44.037652],[-123.865906,44.037651],[-123.865858,44.037606],[-123.865857,44.037605],[-123.865857,44.037605],[-123.865805,44.037556],[-123.865803,44.037553],[-123.865788,44.03754],[-123.865787,44.037539],[-123.865776,44.037528],[-123.865775,44.037527],[-123.865724,44.03748],[-123.865722,44.037478],[-123.865671,44.03743],[-123.865135,44.036931],[-123.865388,44.036862],[-123.864905,44.036407],[-123.864598,44.036109],[-123.864295,44.035808],[-123.863998,44.035504],[-123.863706,44.035198],[-123.863514,44.034993],[-123.863325,44.034787],[-123.863083,44.034856],[-123.8629,44.034652],[-123.862735,44.034465],[-123.862537,44.034238],[-123.862341,44.034008],[-123.862102,44.033721],[-123.862269,44.033675],[-123.861852,44.033152],[-123.861659,44.03291],[-123.861906,44.032807],[-123.861085,44.031814],[-123.86064,44.031276],[-123.860398,44.031384],[-123.860132,44.031063],[-123.860079,44.031001],[-123.860078,44.031],[-123.860026,44.030938],[-123.859885,44.030764],[-123.859864,44.030738],[-123.859863,44.030736],[-123.859857,44.030729],[-123.859852,44.030723],[-123.85985,44.03072],[-123.859847,44.030716],[-123.859842,44.030709],[-123.859841,44.030708],[-123.859836,44.030702],[-123.859832,44.030697],[-123.859832,44.030697],[-123.859829,44.030693],[-123.859823,44.030685],[-123.859821,44.030682],[-123.85982,44.030681],[-123.859819,44.030681],[-123.859819,44.030681],[-123.859797,44.030652],[-123.859734,44.030569],[-123.859731,44.030565],[-123.859723,44.030555],[-123.85958,44.03036],[-123.859444,44.030163],[-123.859312,44.029964],[-123.859187,44.029763],[-123.859163,44.029723],[-123.859152,44.029703],[-123.85914,44.029684],[-123.85914,44.029683],[-123.85914,44.029683],[-123.859137,44.029678],[-123.85913,44.029667],[-123.859117,44.029644],[-123.859094,44.029604],[-123.859093,44.029603],[-123.859078,44.029576],[-123.859071,44.029564],[-123.859049,44.029524],[-123.859048,44.029522],[-123.859026,44.029483],[-123.859013,44.029459],[-123.859004,44.029442],[-123.858983,44.029403],[-123.858961,44.029362],[-123.85892,44.029281],[-123.858879,44.029199],[-123.858784,44.029],[-123.858697,44.028798],[-123.858616,44.028596],[-123.858541,44.028391],[-123.858474,44.028186],[-123.858414,44.02798],[-123.85836,44.027772],[-123.858314,44.027564],[-123.858297,44.027478],[-123.858281,44.027392],[-123.858274,44.027349],[-123.858266,44.027306],[-123.858259,44.02726],[-123.858253,44.02722],[-123.858247,44.027177],[-123.858245,44.027164],[-123.858241,44.027134],[-123.858235,44.027091],[-123.858233,44.027072],[-123.85823,44.027054],[-123.858226,44.027022],[-123.858225,44.027013],[-123.858225,44.027012],[-123.858225,44.027011],[-123.858224,44.027002],[-123.858224,44.027],[-123.858223,44.026992],[-123.85822,44.026962],[-123.858203,44.026782],[-123.858191,44.026602],[-123.858185,44.026423],[-123.858183,44.026243],[-123.858187,44.026063],[-123.858197,44.025876],[-123.858211,44.025689],[-123.858232,44.025503],[-123.858258,44.025317],[-123.85829,44.025132],[-123.858028,44.025033],[-123.85797,44.025011],[-123.857808,44.024972],[-123.857773,44.025129],[-123.857743,44.025386],[-123.857696,44.025744],[-123.857685,44.026185],[-123.857693,44.026559],[-123.857736,44.026933],[-123.857789,44.027338],[-123.857899,44.027804],[-123.858009,44.028185],[-123.858159,44.02865],[-123.858355,44.029149],[-123.858613,44.029641],[-123.85882,44.030018],[-123.859007,44.030352],[-123.859457,44.030921],[-123.85996,44.031558],[-123.860971,44.032918],[-123.861387,44.03342],[-123.861591,44.033665],[-123.862241,44.034466],[-123.862678,44.034955],[-123.862692,44.034969],[-123.863005,44.035278],[-123.863981,44.036276],[-123.864479,44.036759],[-123.864956,44.037185],[-123.865486,44.037707],[-123.86637,44.038589],[-123.866424,44.038643],[-123.866743,44.03895],[-123.867482,44.039739],[-123.867747,44.040029],[-123.867979,44.040231],[-123.868201,44.040394],[-123.868435,44.040525],[-123.868716,44.040645],[-123.869163,44.040801],[-123.869522,44.04088],[-123.869826,44.04095],[-123.870027,44.040974],[-123.870306,44.040982],[-123.87055,44.040979],[-123.870598,44.040976],[-123.870822,44.040962],[-123.870992,44.040943],[-123.871353,44.040869],[-123.871904,44.040745],[-123.872295,44.040659],[-123.872455,44.040638],[-123.872604,44.040624],[-123.872813,44.040623],[-123.872991,44.040627],[-123.873188,44.040642],[-123.873424,44.040662],[-123.873587,44.04069],[-123.873808,44.040724],[-123.874029,44.040773],[-123.874316,44.040863],[-123.87453,44.040946],[-123.874793,44.041048],[-123.875092,44.041186],[-123.875341,44.041338],[-123.875715,44.041611],[-123.876858,44.042447]]],[[[-123.835572,44.065444],[-123.835756,44.065461],[-123.835939,44.065483],[-123.836122,44.06551],[-123.836302,44.065541],[-123.836481,44.065577],[-123.836659,44.065617],[-123.836834,44.065662],[-123.837007,44.065711],[-123.837177,44.065764],[-123.837345,44.065822],[-123.837509,44.065884],[-123.837671,44.065951],[-123.837829,44.066021],[-123.837925,44.066067],[-123.83802,44.066114],[-123.83802,44.066114],[-123.838177,44.066197],[-123.83833,44.066285],[-123.83848,44.066375],[-123.838625,44.066469],[-123.838766,44.066566],[-123.838902,44.066667],[-123.839034,44.06677],[-123.839161,44.066877],[-123.839224,44.066932],[-123.839339,44.067033],[-123.839518,44.06719],[-123.839669,44.067323],[-123.839734,44.06738],[-123.83982,44.067455],[-123.83997,44.067588],[-123.840121,44.06772],[-123.840272,44.067853],[-123.840423,44.067986],[-123.840574,44.068118],[-123.840724,44.068251],[-123.840768,44.068289],[-123.840875,44.068383],[-123.840935,44.068436],[-123.840975,44.068471],[-123.841026,44.068516],[-123.841177,44.068648],[-123.841328,44.068781],[-123.841478,44.068913],[-123.841485,44.068919],[-123.841577,44.069002],[-123.841686,44.069099],[-123.841734,44.069143],[-123.841856,44.069252],[-123.841913,44.069303],[-123.842042,44.069416],[-123.842148,44.069506],[-123.84359,44.070723],[-123.84445,44.071448],[-123.84466,44.071607],[-123.844876,44.071762],[-123.845097,44.071914],[-123.845323,44.072062],[-123.845554,44.072206],[-123.845789,44.072346],[-123.846029,44.072481],[-123.846267,44.07261],[-123.846509,44.072734],[-123.846755,44.072855],[-123.847005,44.072971],[-123.847259,44.073083],[-123.847511,44.07318],[-123.847766,44.073272],[-123.848024,44.07336],[-123.848285,44.073444],[-123.848548,44.073523],[-123.848815,44.073597],[-123.849084,44.073666],[-123.849355,44.073731],[-123.849355,44.073731],[-123.849355,44.073731],[-123.849442,44.073749],[-123.849444,44.073749],[-123.849473,44.073755],[-123.849475,44.073756],[-123.849596,44.07378],[-123.849987,44.07385],[-123.850043,44.07386],[-123.850268,44.073898],[-123.850493,44.073934],[-123.851196,44.07405],[-123.851471,44.074094],[-123.851748,44.074136],[-123.852025,44.074175],[-123.852025,44.074175],[-123.852025,44.074175],[-123.85208,44.074182],[-123.85208,44.074182],[-123.85208,44.074182],[-123.852081,44.074183],[-123.852081,44.074183],[-123.852129,44.074189],[-123.852355,44.074218],[-123.852581,44.074245],[-123.852629,44.074251],[-123.852693,44.074258],[-123.852746,44.074264],[-123.852749,44.074265],[-123.852801,44.07427],[-123.852804,44.074271],[-123.852859,44.074277],[-123.852861,44.074277],[-123.852861,44.074277],[-123.852915,44.074283],[-123.852917,44.074283],[-123.85297,44.074288],[-123.852973,44.074289],[-123.853023,44.074294],[-123.853361,44.074327],[-123.853701,44.074356],[-123.853701,44.074356],[-123.853702,44.074356],[-123.853983,44.074377],[-123.854264,44.074395],[-123.854546,44.074411],[-123.857647,44.074551],[-123.857928,44.074565],[-123.858209,44.074582],[-123.85821,44.074582],[-123.85837,44.074595],[-123.858529,44.074611],[-123.858688,44.074629],[-123.858846,44.07465],[-123.859003,44.074674],[-123.859159,44.0747],[-123.859346,44.074734],[-123.859531,44.074772],[-123.859714,44.074814],[-123.859896,44.07486],[-123.859897,44.07486],[-123.860101,44.074915],[-123.860304,44.074972],[-123.860442,44.074722],[-123.859823,44.074544],[-123.859339,44.074431],[-123.858974,44.074367],[-123.858635,44.074321],[-123.858147,44.074281],[-123.857603,44.074239],[-123.856945,44.074219],[-123.856366,44.074195],[-123.855966,44.074175],[-123.855674,44.074172],[-123.855152,44.074152],[-123.854526,44.074122],[-123.854198,44.074107],[-123.853679,44.074067],[-123.853134,44.074025],[-123.852739,44.073989],[-123.852334,44.073956],[-123.851767,44.073897],[-123.851382,44.07383],[-123.851126,44.07378],[-123.850444,44.07367],[-123.849919,44.073582],[-123.849499,44.073503],[-123.849366,44.073477],[-123.84911,44.073409],[-123.848856,44.073337],[-123.848605,44.073261],[-123.848356,44.07318],[-123.84811,44.073094],[-123.847867,44.073005],[-123.847627,44.072911],[-123.84739,44.072813],[-123.847157,44.072711],[-123.846927,44.072605],[-123.846701,44.072495],[-123.846479,44.072381],[-123.84626,44.072264],[-123.846027,44.072132],[-123.845799,44.071996],[-123.845575,44.071857],[-123.845356,44.071713],[-123.845142,44.071566],[-123.844932,44.071415],[-123.844728,44.071261],[-123.844726,44.071259],[-123.843879,44.070544],[-123.843719,44.07041],[-123.843658,44.070359],[-123.842549,44.069429],[-123.842326,44.069233],[-123.842206,44.069129],[-123.842039,44.068982],[-123.841825,44.068795],[-123.841773,44.068739],[-123.841622,44.068607],[-123.841471,44.068474],[-123.84132,44.068342],[-123.84122,44.068254],[-123.841169,44.068209],[-123.841045,44.0681],[-123.841019,44.068077],[-123.840868,44.067944],[-123.840734,44.067827],[-123.840717,44.067812],[-123.840629,44.067734],[-123.840566,44.067679],[-123.840477,44.0676],[-123.840415,44.067546],[-123.840324,44.067467],[-123.840264,44.067414],[-123.840172,44.067333],[-123.840114,44.067281],[-123.84002,44.067199],[-123.839964,44.067149],[-123.839868,44.067065],[-123.839812,44.067016],[-123.83974,44.066952],[-123.839634,44.066859],[-123.839564,44.066798],[-123.83952,44.06676],[-123.839382,44.066641],[-123.839263,44.066544],[-123.839119,44.066433],[-123.838969,44.066326],[-123.838815,44.066223],[-123.838656,44.066123],[-123.838492,44.066027],[-123.838343,44.065944],[-123.838189,44.065864],[-123.837927,44.065785],[-123.837661,44.06571],[-123.837393,44.065641],[-123.837123,44.065576],[-123.83685,44.065516],[-123.836595,44.065466],[-123.836339,44.065419],[-123.836081,44.065378],[-123.835821,44.065341],[-123.835561,44.065308],[-123.835299,44.06528],[-123.835281,44.065278],[-123.83523,44.065278],[-123.835182,44.065277],[-123.835166,44.065277],[-123.834632,44.065319],[-123.834227,44.065344],[-123.834218,44.065345],[-123.833571,44.065365],[-123.833195,44.065336],[-123.833162,44.065334],[-123.833152,44.065333],[-123.832787,44.065299],[-123.831882,44.065123],[-123.831699,44.065087],[-123.831259,44.065054],[-123.831489,44.06512],[-123.831724,44.065182],[-123.831961,44.065238],[-123.832199,44.06529],[-123.83244,44.065337],[-123.832683,44.065379],[-123.832927,44.065416],[-123.833172,44.065448],[-123.833419,44.065475],[-123.833667,44.065497],[-123.833885,44.065516],[-123.834104,44.06553],[-123.834324,44.065539],[-123.834783,44.065549],[-123.834824,44.06555],[-123.835006,44.065555],[-123.835188,44.065561],[-123.835199,44.065483],[-123.835207,44.065425],[-123.835572,44.065444]]],[[[-123.868203,44.076728],[-123.868467,44.076748],[-123.868731,44.076765],[-123.868996,44.07678],[-123.869288,44.076792],[-123.86958,44.076801],[-123.869872,44.076806],[-123.870165,44.076808],[-123.870457,44.076807],[-123.870749,44.076802],[-123.87081,44.0768],[-123.87081,44.0768],[-123.87081,44.0768],[-123.871009,44.076791],[-123.871208,44.076777],[-123.871406,44.076758],[-123.871603,44.076734],[-123.871798,44.076706],[-123.871992,44.076672],[-123.872184,44.076633],[-123.872375,44.076589],[-123.872563,44.076541],[-123.872748,44.076487],[-123.872931,44.076429],[-123.87311,44.076367],[-123.873287,44.076299],[-123.87346,44.076228],[-123.87363,44.076152],[-123.873795,44.076072],[-123.873957,44.075987],[-123.874114,44.075899],[-123.874267,44.075806],[-123.874416,44.07571],[-123.874559,44.07561],[-123.874698,44.075506],[-123.874831,44.075399],[-123.874959,44.075288],[-123.874997,44.075254],[-123.874998,44.075253],[-123.87511,44.075154],[-123.875125,44.075141],[-123.875166,44.075104],[-123.875208,44.075066],[-123.875224,44.075052],[-123.875244,44.075034],[-123.875249,44.075029],[-123.87529,44.074991],[-123.875337,44.074947],[-123.875338,44.074946],[-123.875338,44.074946],[-123.875363,44.074923],[-123.875451,44.074839],[-123.87548,44.074811],[-123.875555,44.074738],[-123.875589,44.074703],[-123.875696,44.074596],[-123.875733,44.074558],[-123.875794,44.074495],[-123.875794,44.074495],[-123.875842,44.074444],[-123.875878,44.074406],[-123.876019,44.074252],[-123.876054,44.074213],[-123.8761,44.074161],[-123.876156,44.074096],[-123.876158,44.074095],[-123.87619,44.074057],[-123.876286,44.073944],[-123.876315,44.073908],[-123.87638,44.073829],[-123.876404,44.073799],[-123.876477,44.073708],[-123.876498,44.073681],[-123.876535,44.073632],[-123.876568,44.07359],[-123.876572,44.073585],[-123.876587,44.073565],[-123.8766,44.073548],[-123.876631,44.073506],[-123.876663,44.073464],[-123.876665,44.073461],[-123.876673,44.073449],[-123.876755,44.073337],[-123.876868,44.073175],[-123.876978,44.073012],[-123.876995,44.072985],[-123.876996,44.072983],[-123.877014,44.072955],[-123.877014,44.072955],[-123.877016,44.072953],[-123.877034,44.072925],[-123.877035,44.072923],[-123.877053,44.072895],[-123.877154,44.072732],[-123.877252,44.072567],[-123.877361,44.072375],[-123.877363,44.072372],[-123.877468,44.072183],[-123.877637,44.071877],[-123.877737,44.071693],[-123.877841,44.07151],[-123.87786,44.071477],[-123.877862,44.071475],[-123.877881,44.071441],[-123.877882,44.07144],[-123.877902,44.071405],[-123.877903,44.071405],[-123.877903,44.071404],[-123.877924,44.071369],[-123.877925,44.071366],[-123.877945,44.071333],[-123.877948,44.071328],[-123.877967,44.071297],[-123.878077,44.071118],[-123.878189,44.07094],[-123.879014,44.069703],[-123.879046,44.069656],[-123.879319,44.069247],[-123.879319,44.069246],[-123.879326,44.069236],[-123.879525,44.068937],[-123.880039,44.068167],[-123.88091,44.066861],[-123.880762,44.066815],[-123.880857,44.066656],[-123.880767,44.066666],[-123.880641,44.066664],[-123.880027,44.067554],[-123.879434,44.068471],[-123.879109,44.068953],[-123.878983,44.069126],[-123.878655,44.069574],[-123.87857,44.06969],[-123.878173,44.070298],[-123.877975,44.070622],[-123.877734,44.070958],[-123.877542,44.071389],[-123.877148,44.072114],[-123.876832,44.072691],[-123.876607,44.073041],[-123.876302,44.073492],[-123.876041,44.073861],[-123.875829,44.074097],[-123.875602,44.074355],[-123.87532,44.074645],[-123.875088,44.074857],[-123.874832,44.075106],[-123.874603,44.075316],[-123.874343,44.075493],[-123.874084,44.075672],[-123.873731,44.075842],[-123.873308,44.076039],[-123.872775,44.076274],[-123.872216,44.076429],[-123.871706,44.076543],[-123.871193,44.076615],[-123.870726,44.076658],[-123.870266,44.076662],[-123.869695,44.076658],[-123.869138,44.076626],[-123.869002,44.076615],[-123.868421,44.076565],[-123.867729,44.076493],[-123.867348,44.076436],[-123.86659,44.07633],[-123.866014,44.076228],[-123.864934,44.075978],[-123.864335,44.075814],[-123.862751,44.07539],[-123.861371,44.074989],[-123.860654,44.074783],[-123.860516,44.075034],[-123.860522,44.075035],[-123.863896,44.075975],[-123.864104,44.07603],[-123.864109,44.076031],[-123.864113,44.076032],[-123.86433,44.076088],[-123.864581,44.076151],[-123.864834,44.07621],[-123.865087,44.076267],[-123.86531,44.076314],[-123.865313,44.076314],[-123.865358,44.076324],[-123.865402,44.076333],[-123.865403,44.076333],[-123.865448,44.076342],[-123.865457,44.076344],[-123.865649,44.076381],[-123.865656,44.076383],[-123.865662,44.076384],[-123.865673,44.076386],[-123.865854,44.07642],[-123.865855,44.07642],[-123.866,44.076446],[-123.866002,44.076446],[-123.866004,44.076447],[-123.866145,44.076471],[-123.866152,44.076472],[-123.866154,44.076472],[-123.86629,44.076495],[-123.866302,44.076497],[-123.866354,44.076505],[-123.8664,44.076513],[-123.866405,44.076513],[-123.866449,44.07652],[-123.866455,44.076521],[-123.866501,44.076529],[-123.866548,44.076536],[-123.866606,44.076544],[-123.866649,44.076551],[-123.86674,44.076564],[-123.866757,44.076566],[-123.866801,44.076573],[-123.866802,44.076573],[-123.866807,44.076574],[-123.866853,44.07658],[-123.866857,44.076581],[-123.866904,44.076587],[-123.866908,44.076587],[-123.866949,44.076593],[-123.866958,44.076594],[-123.867009,44.076601],[-123.867052,44.076607],[-123.86711,44.076614],[-123.867143,44.076618],[-123.867409,44.07665],[-123.867414,44.076651],[-123.867611,44.076673],[-123.867612,44.076673],[-123.867668,44.076679],[-123.867764,44.076688],[-123.867821,44.076694],[-123.867864,44.076698],[-123.868203,44.076728]]]]}},{"type":"Feature","properties":{"MAPTAXLOT":"1808000000077","MAPNUMBER":"18080000","TAXLOT":"77","ACCTNO":"000None","MAPACRES":3.69508908},"geometry":{"type":"Polygon","coordinates":[[[-123.660011,43.982873],[-123.660178,43.982878],[-123.660264,43.982881],[-123.66046,43.982612],[-123.660519,43.982527],[-123.660571,43.98244],[-123.660616,43.982351],[-123.660656,43.982261],[-123.660689,43.982169],[-123.660715,43.982076],[-123.660734,43.981982],[-123.660747,43.981888],[-123.660753,43.981793],[-123.660752,43.981699],[-123.660745,43.981604],[-123.66073,43.98151],[-123.660709,43.981416],[-123.660681,43.981324],[-123.660647,43.981232],[-123.660473,43.980812],[-123.660439,43.980741],[-123.660399,43.980671],[-123.660353,43.980603],[-123.6603,43.980538],[-123.660242,43.980476],[-123.660176,43.980415],[-123.660105,43.980358],[-123.660028,43.980305],[-123.659947,43.980255],[-123.659861,43.98021],[-123.659771,43.980169],[-123.659678,43.980133],[-123.659581,43.980101],[-123.659481,43.980075],[-123.659379,43.980053],[-123.659275,43.980037],[-123.65917,43.980025],[-123.659064,43.980019],[-123.658958,43.980018],[-123.658852,43.980023],[-123.658746,43.980033],[-123.658642,43.980048],[-123.658539,43.980068],[-123.658439,43.980093],[-123.658341,43.980123],[-123.658223,43.980163],[-123.658081,43.980214],[-123.657941,43.980269],[-123.657805,43.980328],[-123.657672,43.980391],[-123.657542,43.980457],[-123.657417,43.980528],[-123.657296,43.980602],[-123.657179,43.98068],[-123.657066,43.980761],[-123.656958,43.980845],[-123.656855,43.980932],[-123.656757,43.981023],[-123.65626,43.9815],[-123.656128,43.981631],[-123.655998,43.981763],[-123.655873,43.981897],[-123.655123,43.982718],[-123.65525,43.982722],[-123.655389,43.982727],[-123.656064,43.981988],[-123.656186,43.981857],[-123.656313,43.981727],[-123.656443,43.981599],[-123.65694,43.981122],[-123.657041,43.981029],[-123.657147,43.98094],[-123.657259,43.980854],[-123.657376,43.980772],[-123.657498,43.980693],[-123.657625,43.980619],[-123.657756,43.980549],[-123.657891,43.980483],[-123.658031,43.980421],[-123.658174,43.980364],[-123.65832,43.980312],[-123.658438,43.980272],[-123.658521,43.980247],[-123.658606,43.980225],[-123.658693,43.980208],[-123.658781,43.980195],[-123.658871,43.980187],[-123.658961,43.980183],[-123.659051,43.980184],[-123.659141,43.980189],[-123.65923,43.980198],[-123.659319,43.980212],[-123.659411,43.980232],[-123.659502,43.980256],[-123.65959,43.980285],[-123.659675,43.980319],[-123.659755,43.980358],[-123.659832,43.9804],[-123.659905,43.980447],[-123.659972,43.980497],[-123.660034,43.98055],[-123.66009,43.980607],[-123.660141,43.980667],[-123.660185,43.980729],[-123.660223,43.980793],[-123.660254,43.98086],[-123.660428,43.981279],[-123.660461,43.981365],[-123.660486,43.981453],[-123.660506,43.981541],[-123.660518,43.981629],[-123.660525,43.981723],[-123.660524,43.981816],[-123.660516,43.98191],[-123.6605,43.982003],[-123.660477,43.982095],[-123.660447,43.982186],[-123.660411,43.982276],[-123.660367,43.982364],[-123.660316,43.982451],[-123.660259,43.982535],[-123.660011,43.982873]]]}},{"type":"Feature","properties":{"MAPTAXLOT":"1808000000600","MAPNUMBER":"18080000","TAXLOT":"600","ACCTNO":"0758563","MAPACRES":640.03803709},"geometry":{"type":"Polygon","coordinates":[[[-123.645764,44.041821],[-123.650749,44.041886],[-123.651146,44.038133],[-123.651536,44.034436],[-123.651946,44.030731],[-123.652355,44.027027],[-123.647381,44.026996],[-123.642407,44.026965],[-123.637447,44.026908],[-123.632487,44.02685],[-123.632196,44.030537],[-123.631905,44.034225],[-123.631649,44.0379],[-123.63139,44.04162],[-123.636085,44.041688],[-123.64078,44.041757],[-123.645764,44.041821]]]}},{"type":"Feature","properties":{"MAPTAXLOT":"1808000000700","MAPNUMBER":"18080000","TAXLOT":"700","ACCTNO":"0758571","MAPACRES":282.42464772},"geometry":{"type":"Polygon","coordinates":[[[-123.655571,44.041993],[-123.660395,44.0421],[-123.660885,44.038247],[-123.661358,44.034532],[-123.661832,44.030802],[-123.656893,44.030767],[-123.657331,44.02705],[-123.652355,44.027027],[-123.651946,44.030731],[-123.651536,44.034436],[-123.651146,44.038133],[-123.650749,44.041886],[-123.655571,44.041993]]]}},{"type":"Feature","properties":{"MAPTAXLOT":"1808000000800","MAPNUMBER":"18080000","TAXLOT":"800","ACCTNO":"0758589","MAPACRES":325.47621141},"geometry":{"type":"Polygon","coordinates":[[[-123.660395,44.0421],[-123.665241,44.042124],[-123.665766,44.038304],[-123.670635,44.038361],[-123.671176,44.034628],[-123.671741,44.030873],[-123.672306,44.027117],[-123.667306,44.027095],[-123.662306,44.027073],[-123.657331,44.02705],[-123.656893,44.030767],[-123.661832,44.030802],[-123.661358,44.034532],[-123.660885,44.038247],[-123.660395,44.0421]]]}},{"type":"Feature","properties":{"MAPTAXLOT":"1808000001000","MAPNUMBER":"18080000","TAXLOT":"1000","ACCTNO":"0758605","MAPACRES":296.24533917},"geometry":{"type":"Polygon","coordinates":[[[-123.690815,44.042268],[-123.696291,44.042284],[-123.696552,44.038537],[-123.701896,44.038593],[-123.707015,44.038646],[-123.707097,44.03489],[-123.702026,44.034841],[-123.702153,44.031206],[-123.70228,44.027569],[-123.697321,44.027532],[-123.697067,44.031164],[-123.691994,44.031122],[-123.691623,44.03474],[-123.691216,44.038481],[-123.690815,44.042268]]]}},{"type":"Feature","properties":{"MAPTAXLOT":"1808000001300","MAPNUMBER":"18080000","TAXLOT":"1300","ACCTNO":"0758639","MAPACRES":38.46493873},"geometry":{"type":"Polygon","coordinates":[[[-123.707177,44.031247],[-123.712013,44.031287],[-123.712004,44.027637],[-123.707257,44.027604],[-123.707177,44.031247]]]}},{"type":"Feature","properties":{"MAPTAXLOT":"1808000001400","MAPNUMBER":"18080000","TAXLOT":"1400","ACCTNO":"0758647","MAPACRES":40.08060035},"geometry":{"type":"Polygon","coordinates":[[[-123.702153,44.031206],[-123.707177,44.031247],[-123.707257,44.027604],[-123.70228,44.027569],[-123.702153,44.031206]]]}},{"type":"Feature","properties":{"MAPTAXLOT":"1808000001500","MAPNUMBER":"18080000","TAXLOT":"1500","ACCTNO":"0758654","MAPACRES":654.17176246},"geometry":{"type":"Polygon","coordinates":[[[-123.667306,44.027095],[-123.672306,44.027117],[-123.672292,44.023388],[-123.672277,44.01966],[-123.672252,44.015924],[-123.672226,44.012188],[-123.667227,44.012201],[-123.662227,44.012214],[-123.657229,44.012191],[-123.652231,44.012167],[-123.652301,44.019617],[-123.652355,44.027027],[-123.657331,44.02705],[-123.662306,44.027073],[-123.667306,44.027095]]]}},{"type":"Feature","properties":{"MAPTAXLOT":"1808000001600","MAPNUMBER":"18080000","TAXLOT":"1600","ACCTNO":"0758662","MAPACRES":647.47688094},"geometry":{"type":"Polygon","coordinates":[[[-123.647381,44.026996],[-123.652355,44.027027],[-123.652301,44.019617],[-123.652231,44.012167],[-123.647275,44.012136],[-123.642319,44.012105],[-123.637374,44.012113],[-123.63243,44.012122],[-123.632446,44.0158],[-123.632463,44.019478],[-123.632475,44.023164],[-123.632487,44.02685],[-123.637447,44.026908],[-123.642407,44.026965],[-123.647381,44.026996]]]}},{"type":"Feature","properties":{"MAPTAXLOT":"1808000001700","MAPNUMBER":"18080000","TAXLOT":"1700","ACCTNO":"0758670","MAPACRES":630.12306172},"geometry":{"type":"Polygon","coordinates":[[[-123.707083,43.998373],[-123.711837,43.998372],[-123.711776,43.994737],[-123.711716,43.991103],[-123.71177,43.987421],[-123.711825,43.983739],[-123.706993,43.983745],[-123.702086,43.983751],[-123.697125,43.983745],[-123.692164,43.983739],[-123.692187,43.987403],[-123.692209,43.991066],[-123.692232,43.99473],[-123.692255,43.998393],[-123.694217,43.998389],[-123.694486,43.998363],[-123.694756,43.998341],[-123.695026,43.998323],[-123.695298,43.99831],[-123.695569,43.998301],[-123.69557,43.998246],[-123.695589,43.998247],[-123.695592,43.998247],[-123.695614,43.998247],[-123.695616,43.998247],[-123.695617,43.998247],[-123.695647,43.998247],[-123.695652,43.998248],[-123.695653,43.998248],[-123.695654,43.998248],[-123.695833,43.998253],[-123.696013,43.998264],[-123.696192,43.998279],[-123.696369,43.998299],[-123.696546,43.998323],[-123.696722,43.998351],[-123.696896,43.998384],[-123.697193,43.998384],[-123.702131,43.998374],[-123.707083,43.998373]]]}},{"type":"Feature","properties":{"MAPTAXLOT":"1808000001800","MAPNUMBER":"18080000","TAXLOT":"1800","ACCTNO":"0758688","MAPACRES":316.89684226},"geometry":{"type":"Polygon","coordinates":[[[-123.687274,43.998173],[-123.692255,43.998393],[-123.692232,43.99473],[-123.692209,43.991066],[-123.687257,43.990896],[-123.682305,43.990725],[-123.677349,43.990554],[-123.672403,43.990384],[-123.672359,43.993973],[-123.672315,43.997561],[-123.680265,43.997873],[-123.682293,43.997953],[-123.687274,43.998173]]]}},{"type":"Feature","properties":{"MAPTAXLOT":"1808000001900","MAPNUMBER":"18080000","TAXLOT":"1900","ACCTNO":"0758696","MAPACRES":315.77102022},"geometry":{"type":"Polygon","coordinates":[[[-123.687257,43.990896],[-123.692209,43.991066],[-123.692187,43.987403],[-123.692164,43.983739],[-123.687241,43.983603],[-123.682317,43.983467],[-123.677394,43.98333],[-123.672471,43.983194],[-123.672437,43.986789],[-123.672403,43.990384],[-123.677349,43.990554],[-123.682305,43.990725],[-123.687257,43.990896]]]}},{"type":"Feature","properties":{"MAPTAXLOT":"1808000003000","MAPNUMBER":"18080000","TAXLOT":"3000","ACCTNO":"0758811","MAPACRES":77.26833997},"geometry":{"type":"Polygon","coordinates":[[[-123.672471,43.983194],[-123.677394,43.98333],[-123.677383,43.979763],[-123.677372,43.976195],[-123.67244,43.976091],[-123.672455,43.979643],[-123.672471,43.983194]]]}},{"type":"Feature","properties":{"MAPTAXLOT":"1808000003100","MAPNUMBER":"18080000","TAXLOT":"3100","ACCTNO":"0758829","MAPACRES":545.28512301},"geometry":{"type":"Polygon","coordinates":[[[-123.687241,43.983603],[-123.692164,43.983739],[-123.692172,43.980123],[-123.69218,43.976506],[-123.692172,43.972896],[-123.692163,43.969287],[-123.687227,43.969219],[-123.682291,43.969152],[-123.67735,43.969071],[-123.672408,43.968989],[-123.672424,43.97254],[-123.67244,43.976091],[-123.677372,43.976195],[-123.677383,43.979763],[-123.677394,43.98333],[-123.682317,43.983467],[-123.687241,43.983603]]]}},{"type":"Feature","properties":{"MAPTAXLOT":"1808000003200","MAPNUMBER":"18080000","TAXLOT":"3200","ACCTNO":"0758837","MAPACRES":157.11192082},"geometry":{"type":"Polygon","coordinates":[[[-123.692164,43.983739],[-123.697125,43.983745],[-123.697113,43.980113],[-123.6971,43.976487],[-123.697088,43.972866],[-123.697075,43.969255],[-123.692163,43.969287],[-123.692172,43.972896],[-123.69218,43.976506],[-123.692172,43.980123],[-123.692164,43.983739]]]}},{"type":"Feature","properties":{"MAPTAXLOT":"1808000003300","MAPNUMBER":"18080000","TAXLOT":"3300","ACCTNO":"0758845","MAPACRES":471.59993339},"geometry":{"type":"Polygon","coordinates":[[[-123.706993,43.983745],[-123.711825,43.983739],[-123.711817,43.980084],[-123.711809,43.976428],[-123.711802,43.972773],[-123.711794,43.969117],[-123.706899,43.96917],[-123.701987,43.969223],[-123.697075,43.969255],[-123.697088,43.972866],[-123.6971,43.976487],[-123.697113,43.980113],[-123.697125,43.983745],[-123.702086,43.983751],[-123.706993,43.983745]]]}},{"type":"Feature","properties":{"MAPTAXLOT":"1808000003400","MAPNUMBER":"18080000","TAXLOT":"3400","ACCTNO":"0758852","MAPACRES":625.99740825},"geometry":{"type":"Polygon","coordinates":[[[-123.706899,43.96917],[-123.711794,43.969117],[-123.711837,43.965558],[-123.71188,43.961998],[-123.711923,43.958439],[-123.711966,43.954879],[-123.708983,43.954861],[-123.708778,43.95486],[-123.707014,43.95485],[-123.703819,43.954831],[-123.702058,43.954818],[-123.699243,43.954795],[-123.699104,43.954794],[-123.697097,43.954785],[-123.69427,43.954769],[-123.692139,43.954762],[-123.692139,43.95819],[-123.692139,43.958393],[-123.692138,43.95965],[-123.692138,43.962023],[-123.692151,43.965655],[-123.692163,43.969287],[-123.697075,43.969255],[-123.701987,43.969223],[-123.706899,43.96917]]]}},{"type":"Feature","properties":{"MAPTAXLOT":"1808000003500","MAPNUMBER":"18080000","TAXLOT":"3500","ACCTNO":"0758860","MAPACRES":157.46831472},"geometry":{"type":"Polygon","coordinates":[[[-123.687227,43.969219],[-123.692163,43.969287],[-123.692151,43.965655],[-123.692138,43.962023],[-123.687204,43.961983],[-123.687198,43.961983],[-123.682258,43.961942],[-123.682274,43.96554],[-123.682291,43.969152],[-123.687227,43.969219]]]}},{"type":"Feature","properties":{"MAPTAXLOT":"1808000003700","MAPNUMBER":"18080000","TAXLOT":"3700","ACCTNO":"0758886","MAPACRES":39.18742625},"geometry":{"type":"Polygon","coordinates":[[[-123.67735,43.969071],[-123.682291,43.969152],[-123.682274,43.96554],[-123.677334,43.965482],[-123.67735,43.969071]]]}},{"type":"Feature","properties":{"MAPTAXLOT":"1808000003801","MAPNUMBER":"18080000","TAXLOT":"3801","ACCTNO":"0758902","MAPACRES":11.4720663},"geometry":{"type":"Polygon","coordinates":[[[-123.672402,43.965425],[-123.672406,43.967905],[-123.673782,43.965285],[-123.674794,43.964115],[-123.674615,43.963897],[-123.674299,43.96379],[-123.674052,43.963706],[-123.673015,43.963353],[-123.672793,43.963277],[-123.6724,43.963884],[-123.672402,43.965425]]]}},{"type":"Feature","properties":{"MAPTAXLOT":"1808000003802","MAPNUMBER":"18080000","TAXLOT":"3802","ACCTNO":"1664224","MAPACRES":171.90747422},"geometry":{"type":"Polygon","coordinates":[[[-123.672408,43.968989],[-123.67735,43.969071],[-123.677334,43.965482],[-123.682274,43.96554],[-123.682258,43.961942],[-123.687198,43.961983],[-123.687204,43.961983],[-123.692138,43.962023],[-123.692138,43.95965],[-123.692139,43.958393],[-123.692139,43.95819],[-123.690517,43.95839],[-123.689106,43.958618],[-123.687715,43.959555],[-123.686897,43.95995],[-123.686316,43.960049],[-123.68566,43.960064],[-123.682478,43.959934],[-123.682476,43.959906],[-123.682249,43.959917],[-123.682248,43.959917],[-123.682091,43.95993],[-123.682098,43.959958],[-123.680117,43.960337],[-123.677754,43.960905],[-123.674971,43.962263],[-123.674407,43.962655],[-123.674316,43.962718],[-123.67415,43.963339],[-123.674147,43.963353],[-123.674052,43.963706],[-123.674299,43.96379],[-123.674615,43.963897],[-123.674794,43.964115],[-123.673782,43.965285],[-123.672406,43.967905],[-123.672408,43.968989]]]}},{"type":"Feature","properties":{"MAPTAXLOT":"1808000003803","MAPNUMBER":"18080000","TAXLOT":"3803","ACCTNO":"1664216","MAPACRES":247.86260144},"geometry":{"type":"Polygon","coordinates":[[[-123.672352,43.954698],[-123.672374,43.958279],[-123.672396,43.96186],[-123.6724,43.963884],[-123.672793,43.963277],[-123.673015,43.963353],[-123.674052,43.963706],[-123.674147,43.963353],[-123.67415,43.963339],[-123.674316,43.962718],[-123.674407,43.962655],[-123.674971,43.962263],[-123.677754,43.960905],[-123.680117,43.960337],[-123.682098,43.959958],[-123.682091,43.95993],[-123.682248,43.959917],[-123.682249,43.959917],[-123.682476,43.959906],[-123.682478,43.959934],[-123.68566,43.960064],[-123.686316,43.960049],[-123.686897,43.95995],[-123.687715,43.959555],[-123.689106,43.958618],[-123.690517,43.95839],[-123.692139,43.95819],[-123.692139,43.954762],[-123.689303,43.954747],[-123.687181,43.954737],[-123.684333,43.954722],[-123.682222,43.954712],[-123.679378,43.954708],[-123.677287,43.954705],[-123.674287,43.954703],[-123.674258,43.954703],[-123.674258,43.954703],[-123.67262,43.954701],[-123.672356,43.954698],[-123.672352,43.954698]]]}},{"type":"Feature","properties":{"MAPTAXLOT":"1808000003900","MAPNUMBER":"18080000","TAXLOT":"3900","ACCTNO":"0758910","MAPACRES":460.9860055},"geometry":{"type":"Polygon","coordinates":[[[-123.662552,43.968627],[-123.66748,43.968808],[-123.672408,43.968989],[-123.672406,43.967905],[-123.672402,43.965425],[-123.6724,43.963884],[-123.672396,43.96186],[-123.672374,43.958279],[-123.672352,43.954698],[-123.66919,43.95467],[-123.66741,43.954654],[-123.664092,43.954625],[-123.662469,43.95461],[-123.65899,43.954602],[-123.65751,43.954598],[-123.653956,43.954591],[-123.65255,43.954588],[-123.652598,43.958061],[-123.652646,43.961534],[-123.657559,43.961616],[-123.662511,43.961698],[-123.662532,43.965168],[-123.662552,43.968627]]]}},{"type":"Feature","properties":{"MAPTAXLOT":"1808000004000","MAPNUMBER":"18080000","TAXLOT":"4000","ACCTNO":"0758928","MAPACRES":148.87181568},"geometry":{"type":"Polygon","coordinates":[[[-123.657607,43.968457],[-123.662552,43.968627],[-123.662532,43.965168],[-123.662511,43.961698],[-123.657559,43.961616],[-123.652646,43.961534],[-123.652654,43.964911],[-123.652663,43.968287],[-123.657607,43.968457]]]}},{"type":"Feature","properties":{"MAPTAXLOT":"1808000004300","MAPNUMBER":"18080000","TAXLOT":"4300","ACCTNO":"0758969","MAPACRES":40.10137492},"geometry":{"type":"Polygon","coordinates":[[[-123.691994,44.031122],[-123.697067,44.031164],[-123.697321,44.027532],[-123.692362,44.027495],[-123.691994,44.031122]]]}},{"type":"Feature","properties":{"MAPTAXLOT":"1808050000077","MAPNUMBER":"18080500","TAXLOT":"77","ACCTNO":"000None","MAPACRES":14.35974169},"geometry":{"type":"MultiPolygon","coordinates":[[[[-123.683753,44.041682],[-123.683814,44.041706],[-123.683873,44.041734],[-123.68393,44.041767],[-123.683993,44.041801],[-123.684059,44.041834],[-123.684133,44.041864],[-123.684211,44.041887],[-123.684289,44.041904],[-123.684368,44.041918],[-123.684446,44.041929],[-123.684525,44.041936],[-123.684605,44.04194],[-123.684681,44.041943],[-123.684756,44.041947],[-123.684834,44.04195],[-123.684911,44.041951],[-123.684987,44.041953],[-123.685061,44.041955],[-123.685135,44.041958],[-123.685207,44.041963],[-123.685279,44.041971],[-123.685335,44.041979],[-123.685352,44.041981],[-123.685426,44.041992],[-123.6855,44.042003],[-123.685575,44.042013],[-123.68565,44.042024],[-123.685725,44.042035],[-123.6858,44.042045],[-123.685873,44.042055],[-123.685944,44.042067],[-123.686014,44.042081],[-123.686083,44.042098],[-123.686151,44.042117],[-123.686221,44.042137],[-123.686293,44.042157],[-123.686363,44.042178],[-123.686434,44.042198],[-123.686504,44.042219],[-123.686575,44.042239],[-123.686645,44.042259],[-123.686682,44.04227],[-123.686716,44.04228],[-123.686787,44.0423],[-123.686858,44.04232],[-123.68693,44.04234],[-123.687003,44.042359],[-123.687076,44.042377],[-123.68715,44.042394],[-123.687224,44.04241],[-123.687298,44.042425],[-123.687372,44.04244],[-123.687446,44.042454],[-123.687519,44.042468],[-123.687592,44.042483],[-123.687663,44.042497],[-123.687731,44.042514],[-123.687798,44.042533],[-123.687864,44.042555],[-123.687927,44.042579],[-123.687988,44.042606],[-123.688049,44.042635],[-123.688107,44.042666],[-123.688162,44.0427],[-123.688216,44.042735],[-123.688268,44.042772],[-123.688318,44.042811],[-123.688367,44.042851],[-123.688412,44.042891],[-123.688454,44.042933],[-123.688471,44.042953],[-123.688529,44.043087],[-123.688581,44.043222],[-123.688625,44.043359],[-123.688661,44.043497],[-123.68869,44.043635],[-123.688712,44.043775],[-123.688727,44.043915],[-123.688734,44.044055],[-123.688733,44.044196],[-123.688725,44.044336],[-123.68871,44.044476],[-123.688687,44.044615],[-123.688672,44.044646],[-123.688645,44.044694],[-123.688613,44.044742],[-123.68858,44.044791],[-123.688546,44.04484],[-123.688513,44.04489],[-123.688479,44.044939],[-123.688446,44.044988],[-123.688412,44.045037],[-123.688378,44.045087],[-123.688346,44.045136],[-123.688313,44.045185],[-123.688279,44.045233],[-123.688245,44.045281],[-123.688209,44.045328],[-123.688172,44.045375],[-123.688133,44.045421],[-123.688093,44.045467],[-123.688052,44.045513],[-123.688011,44.045559],[-123.687971,44.045606],[-123.687929,44.045654],[-123.687891,44.045703],[-123.687873,44.045728],[-123.688043,44.045732],[-123.68806,44.04571],[-123.6881,44.045664],[-123.68814,44.045618],[-123.68818,44.045572],[-123.688221,44.045525],[-123.688262,44.045478],[-123.688303,44.045431],[-123.688342,44.045382],[-123.688379,44.045333],[-123.688414,44.045283],[-123.688449,44.045234],[-123.688483,44.045184],[-123.688515,44.045135],[-123.688541,44.045097],[-123.688712,44.044852],[-123.688832,44.044626],[-123.688896,44.044392],[-123.688893,44.044171],[-123.688887,44.043778],[-123.688798,44.043347],[-123.68873,44.04305],[-123.688488,44.042763],[-123.688307,44.042646],[-123.688262,44.042617],[-123.688201,44.04258],[-123.688136,44.042546],[-123.68807,44.042514],[-123.688002,44.042484],[-123.687931,44.042456],[-123.687858,44.042432],[-123.687783,44.042411],[-123.687708,44.042392],[-123.687632,44.042377],[-123.687559,44.042363],[-123.687486,44.042348],[-123.687412,44.042334],[-123.687339,44.04232],[-123.687267,44.042305],[-123.687195,44.042289],[-123.687124,44.042273],[-123.687111,44.04227],[-123.686912,44.042218],[-123.686843,44.042198],[-123.686772,44.042178],[-123.686702,44.042157],[-123.686631,44.042137],[-123.686561,44.042117],[-123.68649,44.042096],[-123.68642,44.042076],[-123.686349,44.042055],[-123.686277,44.042035],[-123.686207,44.042015],[-123.686134,44.041995],[-123.686059,44.041977],[-123.685982,44.041961],[-123.685905,44.041948],[-123.685829,44.041937],[-123.685754,44.041927],[-123.685679,44.041916],[-123.685604,44.041906],[-123.68553,44.041895],[-123.685455,44.041884],[-123.685382,44.041874],[-123.68535,44.041869],[-123.685305,44.041863],[-123.685226,44.041855],[-123.685147,44.041848],[-123.685068,44.041845],[-123.684992,44.041843],[-123.684915,44.041842],[-123.68484,44.04184],[-123.684765,44.041837],[-123.68469,44.041834],[-123.684613,44.041831],[-123.684541,44.041827],[-123.68447,44.04182],[-123.6844,44.041811],[-123.684329,44.041799],[-123.684262,44.041784],[-123.684199,44.041765],[-123.68414,44.041741],[-123.684082,44.041712],[-123.684023,44.04168],[-123.683982,44.041656],[-123.683776,44.041548],[-123.68355,44.041479],[-123.683236,44.04145],[-123.682782,44.041442],[-123.682049,44.041465],[-123.681394,44.041518],[-123.68097,44.041543],[-123.680776,44.041541],[-123.680517,44.041364],[-123.680322,44.041356],[-123.680127,44.041345],[-123.679933,44.04133],[-123.679667,44.041306],[-123.679402,44.041277],[-123.679139,44.041242],[-123.678877,44.041202],[-123.678617,44.041156],[-123.678358,44.041105],[-123.678171,44.041064],[-123.677986,44.041017],[-123.677803,44.040966],[-123.677623,44.040909],[-123.677447,44.040848],[-123.677273,44.040782],[-123.677103,44.040711],[-123.676937,44.040636],[-123.676775,44.040556],[-123.676617,44.040473],[-123.676464,44.040385],[-123.676315,44.040292],[-123.676171,44.040196],[-123.676032,44.040097],[-123.675898,44.039993],[-123.67577,44.039886],[-123.675648,44.039775],[-123.675531,44.039662],[-123.67542,44.039545],[-123.675315,44.039425],[-123.675217,44.039303],[-123.675125,44.039178],[-123.675039,44.039051],[-123.674961,44.038921],[-123.674888,44.03879],[-123.674823,44.038656],[-123.674765,44.038521],[-123.674714,44.038385],[-123.674673,44.038259],[-123.674638,44.038133],[-123.67461,44.038006],[-123.674587,44.037878],[-123.67457,44.03775],[-123.67456,44.037621],[-123.674555,44.037431],[-123.674557,44.03724],[-123.674564,44.03705],[-123.674588,44.03651],[-123.674592,44.036348],[-123.674602,44.036186],[-123.674617,44.036024],[-123.674636,44.035863],[-123.674658,44.035744],[-123.674686,44.035626],[-123.67472,44.035508],[-123.674759,44.035392],[-123.674805,44.035276],[-123.674856,44.035162],[-123.674912,44.035049],[-123.674974,44.034938],[-123.675068,44.034791],[-123.675166,44.034646],[-123.675268,44.034502],[-123.675375,44.03436],[-123.676099,44.033407],[-123.676218,44.033241],[-123.676333,44.033074],[-123.676445,44.032905],[-123.676649,44.032889],[-123.676665,44.032888],[-123.676745,44.032761],[-123.676823,44.032633],[-123.676908,44.032476],[-123.676987,44.032318],[-123.677059,44.032158],[-123.677124,44.031997],[-123.677182,44.031834],[-123.677234,44.03167],[-123.677278,44.031505],[-123.677315,44.031339],[-123.677346,44.031172],[-123.677369,44.031005],[-123.677375,44.030942],[-123.67739,44.030738],[-123.677401,44.030533],[-123.677408,44.030328],[-123.677411,44.030124],[-123.677427,44.029587],[-123.677432,44.029451],[-123.677439,44.029314],[-123.677248,44.02932],[-123.677258,44.029178],[-123.67727,44.029058],[-123.677286,44.028938],[-123.677306,44.028819],[-123.677348,44.028618],[-123.677395,44.028417],[-123.677681,44.027227],[-123.677488,44.027223],[-123.677475,44.027299],[-123.677281,44.028025],[-123.677101,44.028649],[-123.677045,44.029023],[-123.677017,44.029563],[-123.677018,44.030128],[-123.677004,44.030668],[-123.676969,44.031087],[-123.676929,44.031402],[-123.676843,44.031756],[-123.676725,44.032117],[-123.676596,44.032367],[-123.676484,44.032566],[-123.676155,44.033056],[-123.67554,44.033874],[-123.675,44.034581],[-123.674776,44.034908],[-123.674583,44.035298],[-123.674468,44.035543],[-123.674389,44.035839],[-123.674352,44.036205],[-123.674329,44.036587],[-123.674332,44.036993],[-123.674336,44.03744],[-123.674421,44.037881],[-123.674488,44.038158],[-123.674598,44.03854],[-123.674688,44.038821],[-123.67483,44.039099],[-123.675036,44.039404],[-123.675351,44.039737],[-123.67572,44.040088],[-123.676104,44.040378],[-123.676499,44.040596],[-123.676887,44.040766],[-123.677234,44.040899],[-123.67763,44.041038],[-123.678177,44.041177],[-123.678875,44.041311],[-123.67927,44.041365],[-123.679737,44.041421],[-123.680065,44.041455],[-123.680331,44.041472],[-123.680577,44.041672],[-123.680711,44.041781],[-123.680888,44.041784],[-123.681065,44.041784],[-123.681337,44.041777],[-123.681609,44.041766],[-123.68188,44.041751],[-123.683711,44.041668],[-123.683753,44.041682]]],[[[-123.68225,44.024215],[-123.682654,44.02423],[-123.683061,44.024222],[-123.683624,44.02422],[-123.684559,44.024188],[-123.685399,44.024158],[-123.686225,44.024122],[-123.686577,44.024064],[-123.686926,44.024044],[-123.687286,44.024017],[-123.687285,44.023884],[-123.687239,44.023885],[-123.687163,44.023887],[-123.687086,44.023889],[-123.687009,44.023892],[-123.686932,44.023896],[-123.686856,44.023901],[-123.68678,44.023905],[-123.686704,44.023909],[-123.686625,44.023915],[-123.686547,44.023924],[-123.686468,44.023935],[-123.686392,44.023949],[-123.686318,44.023965],[-123.686245,44.02398],[-123.686174,44.023994],[-123.686103,44.024004],[-123.68603,44.024014],[-123.685958,44.024022],[-123.685884,44.024028],[-123.68581,44.024033],[-123.685736,44.024037],[-123.685662,44.024039],[-123.685586,44.024041],[-123.68551,44.024043],[-123.685434,44.024045],[-123.685358,44.024046],[-123.685281,44.024048],[-123.685203,44.024051],[-123.685126,44.024057],[-123.685051,44.024062],[-123.684976,44.024066],[-123.684901,44.024069],[-123.684827,44.024072],[-123.684752,44.024073],[-123.684676,44.024074],[-123.6846,44.024075],[-123.684524,44.024076],[-123.684448,44.024076],[-123.684372,44.024077],[-123.684294,44.024079],[-123.684217,44.024083],[-123.68414,44.024087],[-123.684065,44.024091],[-123.683989,44.024095],[-123.683914,44.024099],[-123.68384,44.024102],[-123.683766,44.024103],[-123.683692,44.024103],[-123.683618,44.024101],[-123.683543,44.024098],[-123.683466,44.024095],[-123.683389,44.024093],[-123.683311,44.024092],[-123.683232,44.024092],[-123.683154,44.024096],[-123.683078,44.024099],[-123.683002,44.024102],[-123.682926,44.024106],[-123.682852,44.024109],[-123.68278,44.02411],[-123.682709,44.024107],[-123.682633,44.024102],[-123.682558,44.024098],[-123.682481,44.024094],[-123.682406,44.02409],[-123.682329,44.024086],[-123.682254,44.024082],[-123.682249,44.024082],[-123.68225,44.024215]]]]}},{"type":"Feature","properties":{"MAPTAXLOT":"1808050000088","MAPNUMBER":"18080500","TAXLOT":"88","ACCTNO":"000None","MAPACRES":21.55429297},"geometry":{"type":"MultiPolygon","coordinates":[[[[-123.683737,44.040689],[-123.684308,44.040735],[-123.684479,44.040736],[-123.685173,44.040914],[-123.685477,44.040931],[-123.685706,44.040943],[-123.686686,44.04107],[-123.687486,44.041284],[-123.688349,44.041601],[-123.688769,44.042023],[-123.688841,44.042269],[-123.689316,44.042268],[-123.689219,44.042016],[-123.689202,44.041983],[-123.689062,44.041815],[-123.689014,44.041767],[-123.688767,44.041524],[-123.688687,44.041484],[-123.688286,44.041282],[-123.687716,44.041075],[-123.68699,44.040947],[-123.686203,44.040738],[-123.685768,44.040717],[-123.685511,44.040684],[-123.685343,44.040663],[-123.684773,44.040473],[-123.684393,44.040401],[-123.683582,44.040398],[-123.683379,44.040445],[-123.682174,44.040536],[-123.681473,44.04067],[-123.680291,44.040991],[-123.679528,44.040979],[-123.679026,44.040841],[-123.678666,44.040732],[-123.677997,44.040462],[-123.677196,44.040034],[-123.676257,44.039494],[-123.675885,44.03899],[-123.675625,44.038384],[-123.675609,44.038346],[-123.675559,44.038215],[-123.675558,44.038213],[-123.675557,44.03821],[-123.6755,44.03806],[-123.675436,44.037942],[-123.675306,44.037751],[-123.675144,44.037449],[-123.675077,44.03717],[-123.67492,44.0364],[-123.674908,44.03632],[-123.67491,44.036139],[-123.674982,44.03598],[-123.674986,44.035971],[-123.675179,44.035547],[-123.675344,44.035182],[-123.675356,44.035155],[-123.675362,44.035147],[-123.675701,44.034653],[-123.675806,44.034501],[-123.675947,44.034365],[-123.676054,44.034238],[-123.676207,44.034092],[-123.676267,44.034035],[-123.676603,44.033659],[-123.67681,44.033353],[-123.677068,44.033023],[-123.677217,44.032763],[-123.677364,44.032413],[-123.677458,44.032205],[-123.677498,44.032038],[-123.677572,44.031849],[-123.677634,44.031571],[-123.677707,44.031237],[-123.677684,44.030968],[-123.677682,44.030946],[-123.677643,44.03079],[-123.677642,44.030589],[-123.677662,44.030375],[-123.677689,44.030118],[-123.677756,44.029457],[-123.677788,44.028921],[-123.677822,44.028583],[-123.677971,44.028146],[-123.678012,44.027955],[-123.678047,44.027661],[-123.678053,44.027565],[-123.678097,44.027447],[-123.678099,44.027293],[-123.678103,44.027236],[-123.677873,44.027231],[-123.677702,44.027944],[-123.677675,44.028301],[-123.677615,44.028515],[-123.677523,44.028899],[-123.677524,44.029295],[-123.677495,44.029911],[-123.677488,44.030358],[-123.677479,44.030773],[-123.677458,44.030943],[-123.677415,44.031302],[-123.677288,44.03179],[-123.677138,44.032219],[-123.676834,44.032839],[-123.676705,44.033085],[-123.676512,44.03328],[-123.676448,44.033421],[-123.676111,44.033782],[-123.675756,44.034181],[-123.675467,44.034568],[-123.675293,44.034745],[-123.674957,44.035298],[-123.674844,44.03554],[-123.674641,44.036443],[-123.674621,44.037094],[-123.67462,44.037107],[-123.674624,44.037127],[-123.674681,44.03743],[-123.674822,44.037731],[-123.674923,44.03795],[-123.675143,44.038383],[-123.675145,44.038387],[-123.675407,44.038916],[-123.675663,44.039408],[-123.675904,44.039663],[-123.67671,44.040199],[-123.677172,44.040508],[-123.677511,44.040672],[-123.678031,44.040912],[-123.678494,44.041048],[-123.678623,44.04107],[-123.678781,44.041102],[-123.679069,44.041171],[-123.679663,44.041247],[-123.679941,44.04128],[-123.680077,44.041287],[-123.680518,44.041285],[-123.680818,44.041174],[-123.681136,44.041135],[-123.681304,44.041089],[-123.681882,44.040873],[-123.682466,44.040745],[-123.683229,44.040662],[-123.683737,44.040689]]],[[[-123.686055,44.024741],[-123.686998,44.024677],[-123.687291,44.02463],[-123.687289,44.02433],[-123.687124,44.024335],[-123.686991,44.024351],[-123.68668,44.024396],[-123.686118,44.024427],[-123.685532,44.024439],[-123.684271,44.024462],[-123.683073,44.024468],[-123.682545,44.024497],[-123.682289,44.024523],[-123.682252,44.024529],[-123.682253,44.024809],[-123.682311,44.024806],[-123.682783,44.024798],[-123.683533,44.024752],[-123.686055,44.024741]]]]}},{"type":"Feature","properties":{"MAPTAXLOT":"1808050000601","MAPNUMBER":"18080500","TAXLOT":"601","ACCTNO":"0759157","MAPACRES":20.70320146},"geometry":{"type":"Polygon","coordinates":[[[-123.681655,44.030995],[-123.686819,44.031058],[-123.687066,44.029235],[-123.681961,44.029162],[-123.681655,44.030995]]]}},{"type":"Feature","properties":{"MAPTAXLOT":"1808050000602","MAPNUMBER":"18080500","TAXLOT":"602","ACCTNO":"1088168","MAPACRES":41.01177891},"geometry":{"type":"Polygon","coordinates":[[[-123.686819,44.031058],[-123.691994,44.031122],[-123.692362,44.027495],[-123.687315,44.027408],[-123.687066,44.029235],[-123.686819,44.031058]]]}},{"type":"Feature","properties":{"MAPTAXLOT":"1808050000603","MAPNUMBER":"18080500","TAXLOT":"603","ACCTNO":"1233491","MAPACRES":49.36171213},"geometry":{"type":"MultiPolygon","coordinates":[[[[-123.67963,44.02518],[-123.679158,44.025333],[-123.678659,44.025594],[-123.678374,44.025824],[-123.678229,44.0261],[-123.67811,44.027117],[-123.678103,44.027236],[-123.678099,44.027293],[-123.678097,44.027447],[-123.678053,44.027565],[-123.678047,44.027661],[-123.678012,44.027955],[-123.677971,44.028146],[-123.677822,44.028583],[-123.677788,44.028921],[-123.677756,44.029457],[-123.677689,44.030118],[-123.677662,44.030375],[-123.677642,44.030589],[-123.677643,44.03079],[-123.677682,44.030946],[-123.681655,44.030995],[-123.681961,44.029162],[-123.682267,44.02732],[-123.682262,44.026415],[-123.681122,44.026419],[-123.681113,44.024908],[-123.680239,44.02504],[-123.679856,44.02515],[-123.679821,44.025134],[-123.67963,44.02518]]],[[[-123.677582,44.028441],[-123.677536,44.028639],[-123.677495,44.028837],[-123.677475,44.028953],[-123.677459,44.02907],[-123.677448,44.029187],[-123.677439,44.029314],[-123.677432,44.029451],[-123.677427,44.029587],[-123.677411,44.030124],[-123.677408,44.030328],[-123.677401,44.030533],[-123.67739,44.030738],[-123.677375,44.030942],[-123.677458,44.030943],[-123.677479,44.030773],[-123.677488,44.030358],[-123.677495,44.029911],[-123.677524,44.029295],[-123.677523,44.028899],[-123.677615,44.028515],[-123.677675,44.028301],[-123.677702,44.027944],[-123.677582,44.028441]]]]}},{"type":"Feature","properties":{"MAPTAXLOT":"1808050000604","MAPNUMBER":"18080500","TAXLOT":"604","ACCTNO":"1233509","MAPACRES":54.64630537},"geometry":{"type":"MultiPolygon","coordinates":[[[[-123.682262,44.026415],[-123.682267,44.02732],[-123.681961,44.029162],[-123.687066,44.029235],[-123.687315,44.027408],[-123.687291,44.02463],[-123.686998,44.024677],[-123.686055,44.024741],[-123.683533,44.024752],[-123.682783,44.024798],[-123.682311,44.024806],[-123.682253,44.024809],[-123.682262,44.026415]]],[[[-123.683618,44.024101],[-123.683692,44.024103],[-123.683766,44.024103],[-123.68384,44.024102],[-123.683914,44.024099],[-123.683989,44.024095],[-123.684065,44.024091],[-123.68414,44.024087],[-123.684217,44.024083],[-123.684294,44.024079],[-123.684372,44.024077],[-123.684448,44.024076],[-123.684524,44.024076],[-123.6846,44.024075],[-123.684676,44.024074],[-123.684752,44.024073],[-123.684827,44.024072],[-123.684901,44.024069],[-123.684976,44.024066],[-123.685051,44.024062],[-123.685126,44.024057],[-123.685203,44.024051],[-123.685281,44.024048],[-123.685358,44.024046],[-123.685434,44.024045],[-123.68551,44.024043],[-123.685586,44.024041],[-123.685662,44.024039],[-123.685736,44.024037],[-123.68581,44.024033],[-123.685884,44.024028],[-123.685958,44.024022],[-123.68603,44.024014],[-123.686103,44.024004],[-123.686174,44.023994],[-123.686245,44.02398],[-123.686318,44.023965],[-123.686392,44.023949],[-123.686468,44.023935],[-123.686547,44.023924],[-123.686625,44.023915],[-123.686704,44.023909],[-123.68678,44.023905],[-123.686856,44.023901],[-123.686932,44.023896],[-123.687009,44.023892],[-123.687086,44.023889],[-123.687163,44.023887],[-123.687239,44.023885],[-123.687285,44.023884],[-123.687284,44.023739],[-123.682247,44.023621],[-123.682249,44.024082],[-123.682254,44.024082],[-123.682329,44.024086],[-123.682406,44.02409],[-123.682481,44.024094],[-123.682558,44.024098],[-123.682633,44.024102],[-123.682709,44.024107],[-123.68278,44.02411],[-123.682852,44.024109],[-123.682926,44.024106],[-123.683002,44.024102],[-123.683078,44.024099],[-123.683154,44.024096],[-123.683232,44.024092],[-123.683311,44.024092],[-123.683389,44.024093],[-123.683466,44.024095],[-123.683543,44.024098],[-123.683618,44.024101]]],[[[-123.684271,44.024462],[-123.685532,44.024439],[-123.686118,44.024427],[-123.68668,44.024396],[-123.686991,44.024351],[-123.687124,44.024335],[-123.687289,44.02433],[-123.687288,44.024255],[-123.687065,44.024264],[-123.682272,44.024445],[-123.682251,44.024445],[-123.682252,44.024529],[-123.682289,44.024523],[-123.682545,44.024497],[-123.683073,44.024468],[-123.684271,44.024462]]]]}},{"type":"Feature","properties":{"MAPTAXLOT":"1808050000900","MAPNUMBER":"18080500","TAXLOT":"900","ACCTNO":"0759181","MAPACRES":39.78605638},"geometry":{"type":"MultiPolygon","coordinates":[[[[-123.671741,44.030873],[-123.676614,44.030933],[-123.67663,44.030729],[-123.676641,44.030524],[-123.676648,44.03032],[-123.67665,44.030115],[-123.676667,44.029577],[-123.676675,44.029366],[-123.676688,44.029155],[-123.676702,44.029024],[-123.676719,44.028893],[-123.676741,44.028762],[-123.676785,44.028553],[-123.676833,44.028345],[-123.677046,44.027461],[-123.676578,44.027402],[-123.676625,44.027205],[-123.672306,44.027117],[-123.671741,44.030873]]],[[[-123.677395,44.028417],[-123.677348,44.028618],[-123.677306,44.028819],[-123.677286,44.028938],[-123.67727,44.029058],[-123.677258,44.029178],[-123.677248,44.02932],[-123.677439,44.029314],[-123.677448,44.029187],[-123.677459,44.02907],[-123.677475,44.028953],[-123.677495,44.028837],[-123.677536,44.028639],[-123.677582,44.028441],[-123.677702,44.027944],[-123.677873,44.027231],[-123.677681,44.027227],[-123.677395,44.028417]]]]}},{"type":"Feature","properties":{"MAPTAXLOT":"1808070000077","MAPNUMBER":"18080700","TAXLOT":"77","ACCTNO":"000None","MAPACRES":6.89395215},"geometry":{"type":"Polygon","coordinates":[[[-123.692321,44.023353],[-123.692322,44.023476],[-123.692492,44.023468],[-123.693255,44.023399],[-123.694121,44.023304],[-123.6946,44.023236],[-123.695435,44.023114],[-123.69589,44.023033],[-123.696155,44.022974],[-123.696212,44.022961],[-123.696286,44.022945],[-123.696358,44.022928],[-123.696431,44.022911],[-123.696503,44.022895],[-123.696576,44.022878],[-123.696648,44.022862],[-123.69672,44.022845],[-123.696793,44.022828],[-123.696865,44.022812],[-123.696937,44.022795],[-123.69701,44.022778],[-123.697083,44.022762],[-123.697155,44.022745],[-123.697228,44.022729],[-123.697273,44.022718],[-123.6973,44.022712],[-123.697372,44.022695],[-123.697445,44.022679],[-123.697517,44.022662],[-123.697589,44.022645],[-123.697662,44.022629],[-123.697735,44.022612],[-123.697807,44.022595],[-123.69788,44.022579],[-123.697952,44.022562],[-123.698025,44.022545],[-123.698097,44.022529],[-123.698169,44.022512],[-123.698242,44.022496],[-123.698314,44.022479],[-123.698387,44.022462],[-123.69846,44.022446],[-123.698532,44.022429],[-123.698604,44.022412],[-123.698677,44.022396],[-123.698749,44.022379],[-123.698822,44.022362],[-123.698895,44.022345],[-123.698968,44.022327],[-123.69904,44.022308],[-123.699112,44.022289],[-123.699185,44.022269],[-123.699256,44.022248],[-123.699327,44.022227],[-123.699398,44.022205],[-123.699469,44.022182],[-123.699538,44.022158],[-123.699607,44.022134],[-123.699675,44.022109],[-123.699743,44.022085],[-123.699811,44.022061],[-123.69988,44.022037],[-123.699949,44.022012],[-123.700016,44.021988],[-123.700084,44.021963],[-123.700152,44.021939],[-123.70022,44.021914],[-123.700287,44.021891],[-123.700356,44.021867],[-123.700424,44.021843],[-123.700494,44.02182],[-123.700562,44.021796],[-123.70063,44.021772],[-123.700699,44.021749],[-123.700767,44.021725],[-123.700836,44.021701],[-123.700905,44.021678],[-123.700974,44.021654],[-123.701042,44.02163],[-123.701111,44.021607],[-123.701179,44.021583],[-123.701248,44.021559],[-123.701316,44.021536],[-123.701385,44.021512],[-123.701454,44.021488],[-123.701522,44.021465],[-123.701591,44.021441],[-123.70166,44.021417],[-123.701727,44.021393],[-123.701796,44.021369],[-123.701865,44.021345],[-123.701933,44.021321],[-123.702001,44.021298],[-123.70207,44.021274],[-123.702138,44.02125],[-123.702207,44.021226],[-123.702225,44.02122],[-123.702276,44.021202],[-123.702344,44.021178],[-123.702412,44.021154],[-123.702481,44.021131],[-123.702549,44.021107],[-123.702617,44.021083],[-123.702687,44.021059],[-123.702755,44.021035],[-123.702823,44.021011],[-123.702892,44.020987],[-123.70296,44.020964],[-123.703028,44.02094],[-123.703098,44.020916],[-123.703166,44.020892],[-123.703234,44.020868],[-123.703303,44.020844],[-123.703371,44.02082],[-123.703439,44.020797],[-123.703508,44.020773],[-123.703577,44.020749],[-123.703645,44.020725],[-123.703714,44.020701],[-123.703782,44.020677],[-123.703852,44.020653],[-123.70392,44.020627],[-123.703988,44.0206],[-123.704056,44.020573],[-123.704122,44.020544],[-123.704188,44.020515],[-123.704253,44.020484],[-123.704318,44.020453],[-123.704381,44.020421],[-123.704444,44.020387],[-123.704505,44.020352],[-123.704565,44.020317],[-123.704624,44.020281],[-123.704682,44.020243],[-123.704739,44.020205],[-123.704795,44.020166],[-123.704849,44.020125],[-123.704902,44.020084],[-123.704953,44.020042],[-123.705003,44.02],[-123.705052,44.019957],[-123.705101,44.019913],[-123.705147,44.019868],[-123.705193,44.019823],[-123.705237,44.019777],[-123.70528,44.01973],[-123.705321,44.019682],[-123.705361,44.019634],[-123.705399,44.019586],[-123.705436,44.019538],[-123.705474,44.019491],[-123.705512,44.019443],[-123.705549,44.019395],[-123.705587,44.019347],[-123.705624,44.0193],[-123.705662,44.019252],[-123.705699,44.019205],[-123.705737,44.019157],[-123.705775,44.019109],[-123.705812,44.019061],[-123.70585,44.019013],[-123.705887,44.018966],[-123.705925,44.018918],[-123.705963,44.018871],[-123.706,44.018823],[-123.706038,44.018775],[-123.706075,44.018727],[-123.706113,44.01868],[-123.70615,44.018632],[-123.706188,44.018585],[-123.706226,44.018536],[-123.706263,44.018487],[-123.706299,44.018438],[-123.706334,44.018389],[-123.706369,44.018339],[-123.706402,44.01829],[-123.706436,44.01824],[-123.706467,44.018189],[-123.706499,44.018139],[-123.70653,44.018088],[-123.70656,44.018037],[-123.706589,44.017986],[-123.706618,44.017934],[-123.706645,44.017882],[-123.706672,44.017831],[-123.706699,44.017779],[-123.706725,44.017727],[-123.706751,44.017676],[-123.706777,44.017623],[-123.706801,44.017571],[-123.706826,44.017519],[-123.706849,44.017466],[-123.706872,44.017413],[-123.706896,44.017359],[-123.706915,44.017305],[-123.706933,44.017251],[-123.706951,44.017197],[-123.706968,44.017141],[-123.706981,44.017087],[-123.706995,44.017031],[-123.707005,44.016976],[-123.707017,44.016922],[-123.707027,44.016867],[-123.707037,44.016813],[-123.707048,44.016759],[-123.707058,44.016704],[-123.707069,44.016651],[-123.70708,44.016596],[-123.707081,44.01659],[-123.70709,44.01654],[-123.707098,44.016486],[-123.707107,44.01643],[-123.707113,44.016374],[-123.707118,44.016319],[-123.707123,44.016263],[-123.707125,44.016207],[-123.707127,44.016152],[-123.707129,44.016097],[-123.70713,44.016042],[-123.707132,44.015987],[-123.707132,44.015933],[-123.707135,44.015878],[-123.707135,44.015823],[-123.707137,44.015768],[-123.707138,44.015713],[-123.70714,44.015658],[-123.70714,44.015634],[-123.707141,44.015603],[-123.707142,44.015553],[-123.707143,44.015549],[-123.707145,44.015494],[-123.707145,44.015439],[-123.707147,44.015384],[-123.707148,44.015329],[-123.707149,44.015291],[-123.70715,44.015275],[-123.707154,44.015221],[-123.707154,44.01521],[-123.707157,44.015166],[-123.707161,44.015112],[-123.707165,44.015056],[-123.707167,44.014999],[-123.707164,44.014942],[-123.707162,44.014925],[-123.70717,44.014882],[-123.707183,44.014805],[-123.707214,44.014717],[-123.707189,44.014427],[-123.707165,44.014354],[-123.707138,44.014282],[-123.707099,44.01419],[-123.707055,44.0141],[-123.706983,44.014005],[-123.706981,44.014],[-123.70696,44.013948],[-123.706938,44.013894],[-123.706915,44.013841],[-123.706891,44.013786],[-123.706864,44.013733],[-123.706838,44.01368],[-123.706811,44.013627],[-123.706792,44.013592],[-123.706791,44.013592],[-123.706765,44.013547],[-123.70632,44.012993],[-123.705949,44.012992],[-123.706051,44.013111],[-123.706148,44.013232],[-123.706239,44.013356],[-123.706324,44.013481],[-123.706447,44.01383],[-123.70652,44.014047],[-123.706628,44.014216],[-123.706973,44.0148],[-123.706982,44.014882],[-123.707006,44.014882],[-123.707007,44.014894],[-123.707012,44.014947],[-123.707015,44.015],[-123.707013,44.015052],[-123.707009,44.015106],[-123.707006,44.015161],[-123.707002,44.015216],[-123.706998,44.015271],[-123.706996,44.015327],[-123.706996,44.015335],[-123.706995,44.015382],[-123.706993,44.015437],[-123.706993,44.015492],[-123.706991,44.015546],[-123.706989,44.015602],[-123.706988,44.015656],[-123.706986,44.015711],[-123.706985,44.015766],[-123.706983,44.015821],[-123.706982,44.015876],[-123.70698,44.015931],[-123.70698,44.015985],[-123.706978,44.01604],[-123.706977,44.016095],[-123.706975,44.01615],[-123.706973,44.016204],[-123.706971,44.016258],[-123.706967,44.016312],[-123.706961,44.016366],[-123.706956,44.01642],[-123.706947,44.016473],[-123.706939,44.016528],[-123.70693,44.016581],[-123.706928,44.01659],[-123.706918,44.016635],[-123.706908,44.016689],[-123.706897,44.016744],[-123.706887,44.016798],[-123.706876,44.016852],[-123.706866,44.016906],[-123.706855,44.016961],[-123.706845,44.017014],[-123.706831,44.017067],[-123.706818,44.01712],[-123.706803,44.017173],[-123.706786,44.017225],[-123.706768,44.017278],[-123.706749,44.017329],[-123.706727,44.01738],[-123.706704,44.017433],[-123.706682,44.017484],[-123.706657,44.017536],[-123.706633,44.017587],[-123.706608,44.017638],[-123.706582,44.01769],[-123.706557,44.017741],[-123.70653,44.017792],[-123.706503,44.017844],[-123.706477,44.017894],[-123.706448,44.017944],[-123.70642,44.017995],[-123.706391,44.018045],[-123.70636,44.018094],[-123.706329,44.018144],[-123.706298,44.018193],[-123.706266,44.018242],[-123.706232,44.018291],[-123.706198,44.018339],[-123.706164,44.018388],[-123.706129,44.018435],[-123.706093,44.018483],[-123.706056,44.01853],[-123.706018,44.018577],[-123.70598,44.018625],[-123.705943,44.018673],[-123.705905,44.018721],[-123.705868,44.018769],[-123.705831,44.018816],[-123.705793,44.018864],[-123.705755,44.018912],[-123.705718,44.018959],[-123.70568,44.019007],[-123.705643,44.019055],[-123.705606,44.019102],[-123.705567,44.01915],[-123.705529,44.019198],[-123.705492,44.019246],[-123.705455,44.019293],[-123.705417,44.019341],[-123.70538,44.019389],[-123.705342,44.019436],[-123.705304,44.019484],[-123.705267,44.019532],[-123.70523,44.019579],[-123.705191,44.019625],[-123.705152,44.019671],[-123.705111,44.019715],[-123.705069,44.019759],[-123.705025,44.019803],[-123.70498,44.019846],[-123.704934,44.019887],[-123.704886,44.019929],[-123.704838,44.019971],[-123.704789,44.020011],[-123.704739,44.02005],[-123.704687,44.020088],[-123.704633,44.020126],[-123.70458,44.020163],[-123.704524,44.020198],[-123.704467,44.020233],[-123.70441,44.020267],[-123.704352,44.0203],[-123.704292,44.020332],[-123.704231,44.020363],[-123.70417,44.020393],[-123.704107,44.020422],[-123.704043,44.02045],[-123.703979,44.020478],[-123.703914,44.020504],[-123.703849,44.02053],[-123.703783,44.020555],[-123.703715,44.020579],[-123.703648,44.020603],[-123.703579,44.020626],[-123.70351,44.02065],[-123.703442,44.020674],[-123.703373,44.020698],[-123.703305,44.020722],[-123.703237,44.020746],[-123.703168,44.020769],[-123.703099,44.020793],[-123.703031,44.020817],[-123.702962,44.020841],[-123.702894,44.020865],[-123.702826,44.020889],[-123.702757,44.020912],[-123.702688,44.020936],[-123.702621,44.02096],[-123.702552,44.020984],[-123.702483,44.021008],[-123.702415,44.021032],[-123.702346,44.021056],[-123.702278,44.02108],[-123.702224,44.021098],[-123.70221,44.021103],[-123.702141,44.021127],[-123.702072,44.021151],[-123.702004,44.021175],[-123.701935,44.021199],[-123.701867,44.021223],[-123.701799,44.021246],[-123.701731,44.02127],[-123.701661,44.021294],[-123.701593,44.021318],[-123.701525,44.021342],[-123.701456,44.021366],[-123.701388,44.021389],[-123.701319,44.021413],[-123.701251,44.021437],[-123.701183,44.02146],[-123.701114,44.021484],[-123.701045,44.021508],[-123.700976,44.021531],[-123.700908,44.021555],[-123.700839,44.021579],[-123.700771,44.021602],[-123.700701,44.021626],[-123.700633,44.02165],[-123.700564,44.021673],[-123.700496,44.021697],[-123.700428,44.021721],[-123.700359,44.021744],[-123.700291,44.021768],[-123.700221,44.021792],[-123.700153,44.021816],[-123.700084,44.02184],[-123.700016,44.021865],[-123.699948,44.02189],[-123.69988,44.021914],[-123.699813,44.021938],[-123.699744,44.021962],[-123.699676,44.021987],[-123.699607,44.022011],[-123.699539,44.022036],[-123.699472,44.02206],[-123.699404,44.022083],[-123.699337,44.022105],[-123.699268,44.022126],[-123.699198,44.022147],[-123.699129,44.022167],[-123.699059,44.022186],[-123.698988,44.022205],[-123.698918,44.022223],[-123.698846,44.022241],[-123.698775,44.022258],[-123.698703,44.022275],[-123.698631,44.022291],[-123.698558,44.022308],[-123.698486,44.022324],[-123.698413,44.022341],[-123.698341,44.022358],[-123.698268,44.022374],[-123.698195,44.022391],[-123.698123,44.022408],[-123.698051,44.022424],[-123.697978,44.022441],[-123.697906,44.022458],[-123.697834,44.022474],[-123.697761,44.022491],[-123.697689,44.022508],[-123.697616,44.022524],[-123.697543,44.022541],[-123.697471,44.022557],[-123.697398,44.022574],[-123.697326,44.022591],[-123.697272,44.022603],[-123.697254,44.022607],[-123.697182,44.022624],[-123.697109,44.022641],[-123.697037,44.022657],[-123.696964,44.022674],[-123.696891,44.02269],[-123.696819,44.022707],[-123.696746,44.022724],[-123.696674,44.02274],[-123.696602,44.022757],[-123.696529,44.022774],[-123.696457,44.02279],[-123.696385,44.022807],[-123.696312,44.022824],[-123.69624,44.02284],[-123.696167,44.022857],[-123.696095,44.022873],[-123.696023,44.022888],[-123.695951,44.022903],[-123.695879,44.022917],[-123.695805,44.02293],[-123.695732,44.022943],[-123.69566,44.022955],[-123.695587,44.022966],[-123.695512,44.022977],[-123.695438,44.022988],[-123.695363,44.022999],[-123.695289,44.02301],[-123.695214,44.023021],[-123.69514,44.023032],[-123.695065,44.023043],[-123.694991,44.023054],[-123.694899,44.023067],[-123.694842,44.023075],[-123.694767,44.023085],[-123.694693,44.023096],[-123.694618,44.023106],[-123.694544,44.023116],[-123.694469,44.023127],[-123.694395,44.023137],[-123.69432,44.023148],[-123.694246,44.023158],[-123.69417,44.023168],[-123.694095,44.023179],[-123.694021,44.023189],[-123.693947,44.023199],[-123.693873,44.023208],[-123.693797,44.023217],[-123.693723,44.023226],[-123.693648,44.023235],[-123.693573,44.023245],[-123.693498,44.023254],[-123.693425,44.023262],[-123.69335,44.02327],[-123.693276,44.023277],[-123.693201,44.023284],[-123.693126,44.02329],[-123.69305,44.023295],[-123.692974,44.023301],[-123.692844,44.023312],[-123.692693,44.023324],[-123.692617,44.02333],[-123.692541,44.023336],[-123.692466,44.023342],[-123.692391,44.023348],[-123.692321,44.023353]]]}},{"type":"Feature","properties":{"MAPTAXLOT":"1808070000088","MAPNUMBER":"18080700","TAXLOT":"88","ACCTNO":"000None","MAPACRES":19.17104471},"geometry":{"type":"Polygon","coordinates":[[[-123.709754,44.015744],[-123.709722,44.015499],[-123.709606,44.01518],[-123.709477,44.014856],[-123.709297,44.014558],[-123.709008,44.014182],[-123.708513,44.013696],[-123.708175,44.013355],[-123.707785,44.013064],[-123.707714,44.012998],[-123.707402,44.012997],[-123.707534,44.013127],[-123.707711,44.013402],[-123.708098,44.013861],[-123.708381,44.014251],[-123.708709,44.014612],[-123.70877,44.014681],[-123.708933,44.014867],[-123.709129,44.015217],[-123.709257,44.015521],[-123.709335,44.015889],[-123.709228,44.016214],[-123.709247,44.016455],[-123.709287,44.016592],[-123.70926,44.01674],[-123.709257,44.016758],[-123.709188,44.017025],[-123.709027,44.017316],[-123.708738,44.017689],[-123.708435,44.017909],[-123.708154,44.018259],[-123.707805,44.018871],[-123.707408,44.019434],[-123.707394,44.019454],[-123.707363,44.019494],[-123.70715,44.019766],[-123.70682,44.020092],[-123.706547,44.020359],[-123.705943,44.020746],[-123.705136,44.021158],[-123.704289,44.02143],[-123.703985,44.021504],[-123.703294,44.021812],[-123.702297,44.022177],[-123.702234,44.022208],[-123.701919,44.02236],[-123.701638,44.022442],[-123.701371,44.022565],[-123.700491,44.0225],[-123.699749,44.022726],[-123.699404,44.022844],[-123.69874,44.02296],[-123.697816,44.023134],[-123.697278,44.023189],[-123.697,44.023213],[-123.696462,44.023296],[-123.696096,44.023331],[-123.695735,44.023373],[-123.694958,44.023459],[-123.694402,44.023514],[-123.694269,44.023534],[-123.694092,44.023571],[-123.693304,44.023653],[-123.692815,44.023715],[-123.692661,44.023744],[-123.692325,44.023793],[-123.692328,44.02409],[-123.692488,44.024067],[-123.69392,44.02389],[-123.694085,44.023861],[-123.694361,44.023812],[-123.695108,44.023729],[-123.695214,44.023722],[-123.695392,44.023713],[-123.695931,44.02367],[-123.696304,44.023639],[-123.696668,44.023625],[-123.697134,44.023596],[-123.697282,44.023576],[-123.698014,44.023447],[-123.698833,44.023388],[-123.699578,44.023231],[-123.700539,44.023016],[-123.7009,44.022948],[-123.701789,44.022702],[-123.702023,44.022605],[-123.70207,44.02262],[-123.702237,44.022533],[-123.70238,44.022506],[-123.702567,44.022463],[-123.702705,44.022371],[-123.703645,44.021939],[-123.704167,44.021757],[-123.704287,44.021728],[-123.70469,44.021674],[-123.704834,44.021588],[-123.70509,44.021618],[-123.705314,44.021589],[-123.705423,44.021503],[-123.70566,44.021358],[-123.706269,44.020983],[-123.706892,44.020552],[-123.707464,44.019962],[-123.707927,44.019413],[-123.708073,44.019208],[-123.7084,44.018793],[-123.70854,44.018478],[-123.708665,44.018192],[-123.708915,44.017843],[-123.709139,44.017559],[-123.709241,44.017405],[-123.709342,44.017219],[-123.709465,44.017049],[-123.709578,44.016696],[-123.709598,44.016593],[-123.709639,44.016376],[-123.709662,44.016201],[-123.709679,44.016097],[-123.709754,44.015744]]]}},{"type":"Feature","properties":{"MAPTAXLOT":"1808070000100","MAPNUMBER":"18080700","TAXLOT":"100","ACCTNO":"0759199","MAPACRES":111.91492509},"geometry":{"type":"MultiPolygon","coordinates":[[[[-123.701789,44.022702],[-123.7009,44.022948],[-123.700539,44.023016],[-123.699578,44.023231],[-123.698833,44.023388],[-123.698014,44.023447],[-123.697282,44.023576],[-123.697285,44.02387],[-123.697321,44.027532],[-123.70228,44.027569],[-123.707257,44.027604],[-123.707224,44.023896],[-123.702248,44.023883],[-123.702237,44.022533],[-123.70207,44.02262],[-123.702023,44.022605],[-123.701789,44.022702]]],[[[-123.697272,44.022603],[-123.697326,44.022591],[-123.697398,44.022574],[-123.697471,44.022557],[-123.697543,44.022541],[-123.697616,44.022524],[-123.697689,44.022508],[-123.697761,44.022491],[-123.697834,44.022474],[-123.697906,44.022458],[-123.697978,44.022441],[-123.698051,44.022424],[-123.698123,44.022408],[-123.698195,44.022391],[-123.698268,44.022374],[-123.698341,44.022358],[-123.698413,44.022341],[-123.698486,44.022324],[-123.698558,44.022308],[-123.698631,44.022291],[-123.698703,44.022275],[-123.698775,44.022258],[-123.698846,44.022241],[-123.698918,44.022223],[-123.698988,44.022205],[-123.699059,44.022186],[-123.699129,44.022167],[-123.699198,44.022147],[-123.699268,44.022126],[-123.699337,44.022105],[-123.699404,44.022083],[-123.699472,44.02206],[-123.699539,44.022036],[-123.699607,44.022011],[-123.699676,44.021987],[-123.699744,44.021962],[-123.699813,44.021938],[-123.69988,44.021914],[-123.699948,44.02189],[-123.700016,44.021865],[-123.700084,44.02184],[-123.700153,44.021816],[-123.700221,44.021792],[-123.700291,44.021768],[-123.700359,44.021744],[-123.700428,44.021721],[-123.700496,44.021697],[-123.700564,44.021673],[-123.700633,44.02165],[-123.700701,44.021626],[-123.700771,44.021602],[-123.700839,44.021579],[-123.700908,44.021555],[-123.700976,44.021531],[-123.701045,44.021508],[-123.701114,44.021484],[-123.701183,44.02146],[-123.701251,44.021437],[-123.701319,44.021413],[-123.701388,44.021389],[-123.701456,44.021366],[-123.701525,44.021342],[-123.701593,44.021318],[-123.701661,44.021294],[-123.701731,44.02127],[-123.701799,44.021246],[-123.701867,44.021223],[-123.701935,44.021199],[-123.702004,44.021175],[-123.702072,44.021151],[-123.702141,44.021127],[-123.70221,44.021103],[-123.702224,44.021098],[-123.702217,44.020198],[-123.697249,44.020208],[-123.697272,44.022603]]],[[[-123.702207,44.021226],[-123.702138,44.02125],[-123.70207,44.021274],[-123.702001,44.021298],[-123.701933,44.021321],[-123.701865,44.021345],[-123.701796,44.021369],[-123.701727,44.021393],[-123.70166,44.021417],[-123.701591,44.021441],[-123.701522,44.021465],[-123.701454,44.021488],[-123.701385,44.021512],[-123.701316,44.021536],[-123.701248,44.021559],[-123.701179,44.021583],[-123.701111,44.021607],[-123.701042,44.02163],[-123.700974,44.021654],[-123.700905,44.021678],[-123.700836,44.021701],[-123.700767,44.021725],[-123.700699,44.021749],[-123.70063,44.021772],[-123.700562,44.021796],[-123.700494,44.02182],[-123.700424,44.021843],[-123.700356,44.021867],[-123.700287,44.021891],[-123.70022,44.021914],[-123.700152,44.021939],[-123.700084,44.021963],[-123.700016,44.021988],[-123.699949,44.022012],[-123.69988,44.022037],[-123.699811,44.022061],[-123.699743,44.022085],[-123.699675,44.022109],[-123.699607,44.022134],[-123.699538,44.022158],[-123.699469,44.022182],[-123.699398,44.022205],[-123.699327,44.022227],[-123.699256,44.022248],[-123.699185,44.022269],[-123.699112,44.022289],[-123.69904,44.022308],[-123.698968,44.022327],[-123.698895,44.022345],[-123.698822,44.022362],[-123.698749,44.022379],[-123.698677,44.022396],[-123.698604,44.022412],[-123.698532,44.022429],[-123.69846,44.022446],[-123.698387,44.022462],[-123.698314,44.022479],[-123.698242,44.022496],[-123.698169,44.022512],[-123.698097,44.022529],[-123.698025,44.022545],[-123.697952,44.022562],[-123.69788,44.022579],[-123.697807,44.022595],[-123.697735,44.022612],[-123.697662,44.022629],[-123.697589,44.022645],[-123.697517,44.022662],[-123.697445,44.022679],[-123.697372,44.022695],[-123.6973,44.022712],[-123.697273,44.022718],[-123.697274,44.022835],[-123.697532,44.022801],[-123.697789,44.022765],[-123.698046,44.022723],[-123.698302,44.022678],[-123.698557,44.022627],[-123.698809,44.022572],[-123.69906,44.022513],[-123.699308,44.022449],[-123.699555,44.022381],[-123.699798,44.022308],[-123.70004,44.022231],[-123.700397,44.022109],[-123.700752,44.021982],[-123.702227,44.021448],[-123.702225,44.02122],[-123.702207,44.021226]]],[[[-123.7002,44.02248],[-123.69995,44.02256],[-123.699697,44.022635],[-123.699441,44.022706],[-123.699183,44.022772],[-123.698923,44.022834],[-123.698661,44.022891],[-123.698397,44.022943],[-123.698131,44.022991],[-123.697864,44.023034],[-123.697571,44.023075],[-123.697277,44.023114],[-123.697278,44.023189],[-123.697816,44.023134],[-123.69874,44.02296],[-123.699404,44.022844],[-123.699749,44.022726],[-123.700491,44.0225],[-123.701371,44.022565],[-123.701638,44.022442],[-123.701919,44.02236],[-123.702234,44.022208],[-123.70223,44.021754],[-123.700924,44.022227],[-123.700563,44.022356],[-123.7002,44.02248]]]]}},{"type":"Feature","properties":{"MAPTAXLOT":"1808070000200","MAPNUMBER":"18080700","TAXLOT":"200","ACCTNO":"0759207","MAPACRES":38.82751176},"geometry":{"type":"Polygon","coordinates":[[[-123.707257,44.027604],[-123.712004,44.027637],[-123.711965,44.023908],[-123.707224,44.023896],[-123.707257,44.027604]]]}},{"type":"Feature","properties":{"MAPTAXLOT":"1808070000300","MAPNUMBER":"18080700","TAXLOT":"300","ACCTNO":"0759215","MAPACRES":90.4588801},"geometry":{"type":"Polygon","coordinates":[[[-123.707224,44.023896],[-123.711965,44.023908],[-123.711926,44.020179],[-123.711906,44.016595],[-123.709598,44.016593],[-123.709578,44.016696],[-123.709465,44.017049],[-123.709342,44.017219],[-123.709241,44.017405],[-123.709139,44.017559],[-123.708915,44.017843],[-123.708665,44.018192],[-123.70854,44.018478],[-123.7084,44.018793],[-123.708073,44.019208],[-123.707927,44.019413],[-123.707464,44.019962],[-123.706892,44.020552],[-123.706269,44.020983],[-123.70566,44.021358],[-123.705423,44.021503],[-123.705314,44.021589],[-123.70509,44.021618],[-123.704834,44.021588],[-123.70469,44.021674],[-123.704287,44.021728],[-123.704167,44.021757],[-123.703645,44.021939],[-123.702705,44.022371],[-123.702567,44.022463],[-123.70238,44.022506],[-123.702237,44.022533],[-123.702248,44.023883],[-123.707224,44.023896]]]}},{"type":"Feature","properties":{"MAPTAXLOT":"1808070000400","MAPNUMBER":"18080700","TAXLOT":"400","ACCTNO":"1231701","MAPACRES":17.65005651},"geometry":{"type":"MultiPolygon","coordinates":[[[[-123.707365,44.018409],[-123.707305,44.018589],[-123.707237,44.018767],[-123.707162,44.018943],[-123.707079,44.019118],[-123.70699,44.019291],[-123.70692,44.0194],[-123.706844,44.019508],[-123.706761,44.019613],[-123.706672,44.019715],[-123.706577,44.019814],[-123.706476,44.01991],[-123.706369,44.020003],[-123.706257,44.020093],[-123.706139,44.020179],[-123.706016,44.020261],[-123.705888,44.020339],[-123.705756,44.020413],[-123.705543,44.020515],[-123.705326,44.020613],[-123.705105,44.020705],[-123.70488,44.020794],[-123.704652,44.020877],[-123.704652,44.020877],[-123.70223,44.021754],[-123.702234,44.022208],[-123.702297,44.022177],[-123.703294,44.021812],[-123.703985,44.021504],[-123.704289,44.02143],[-123.705136,44.021158],[-123.705943,44.020746],[-123.706547,44.020359],[-123.70682,44.020092],[-123.70715,44.019766],[-123.707363,44.019494],[-123.707394,44.019454],[-123.707408,44.019434],[-123.707805,44.018871],[-123.708154,44.018259],[-123.708435,44.017909],[-123.708738,44.017689],[-123.709027,44.017316],[-123.709188,44.017025],[-123.709257,44.016758],[-123.70926,44.01674],[-123.709287,44.016592],[-123.70799,44.016591],[-123.707365,44.018409]]],[[[-123.70708,44.016596],[-123.707069,44.016651],[-123.707058,44.016704],[-123.707048,44.016759],[-123.707037,44.016813],[-123.707027,44.016867],[-123.707017,44.016922],[-123.707005,44.016976],[-123.706995,44.017031],[-123.706981,44.017087],[-123.706968,44.017141],[-123.706951,44.017197],[-123.706933,44.017251],[-123.706915,44.017305],[-123.706896,44.017359],[-123.706872,44.017413],[-123.706849,44.017466],[-123.706826,44.017519],[-123.706801,44.017571],[-123.706777,44.017623],[-123.706751,44.017676],[-123.706725,44.017727],[-123.706699,44.017779],[-123.706672,44.017831],[-123.706645,44.017882],[-123.706618,44.017934],[-123.706589,44.017986],[-123.70656,44.018037],[-123.70653,44.018088],[-123.706499,44.018139],[-123.706467,44.018189],[-123.706436,44.01824],[-123.706402,44.01829],[-123.706369,44.018339],[-123.706334,44.018389],[-123.706299,44.018438],[-123.706263,44.018487],[-123.706226,44.018536],[-123.706188,44.018585],[-123.70615,44.018632],[-123.706113,44.01868],[-123.706075,44.018727],[-123.706038,44.018775],[-123.706,44.018823],[-123.705963,44.018871],[-123.705925,44.018918],[-123.705887,44.018966],[-123.70585,44.019013],[-123.705812,44.019061],[-123.705775,44.019109],[-123.705737,44.019157],[-123.705699,44.019205],[-123.705662,44.019252],[-123.705624,44.0193],[-123.705587,44.019347],[-123.705549,44.019395],[-123.705512,44.019443],[-123.705474,44.019491],[-123.705436,44.019538],[-123.705399,44.019586],[-123.705361,44.019634],[-123.705321,44.019682],[-123.70528,44.01973],[-123.705237,44.019777],[-123.705193,44.019823],[-123.705147,44.019868],[-123.705101,44.019913],[-123.705052,44.019957],[-123.705003,44.02],[-123.704953,44.020042],[-123.704902,44.020084],[-123.704849,44.020125],[-123.704795,44.020166],[-123.704739,44.020205],[-123.704682,44.020243],[-123.704624,44.020281],[-123.704565,44.020317],[-123.704505,44.020352],[-123.704444,44.020387],[-123.704381,44.020421],[-123.704318,44.020453],[-123.704253,44.020484],[-123.704188,44.020515],[-123.704122,44.020544],[-123.704056,44.020573],[-123.703988,44.0206],[-123.70392,44.020627],[-123.703852,44.020653],[-123.703782,44.020677],[-123.703714,44.020701],[-123.703645,44.020725],[-123.703577,44.020749],[-123.703508,44.020773],[-123.703439,44.020797],[-123.703371,44.02082],[-123.703303,44.020844],[-123.703234,44.020868],[-123.703166,44.020892],[-123.703098,44.020916],[-123.703028,44.02094],[-123.70296,44.020964],[-123.702892,44.020987],[-123.702823,44.021011],[-123.702755,44.021035],[-123.702687,44.021059],[-123.702617,44.021083],[-123.702549,44.021107],[-123.702481,44.021131],[-123.702412,44.021154],[-123.702344,44.021178],[-123.702276,44.021202],[-123.702225,44.02122],[-123.702227,44.021448],[-123.704486,44.02063],[-123.704704,44.020551],[-123.704919,44.020466],[-123.70513,44.020378],[-123.705337,44.020284],[-123.705541,44.020187],[-123.705658,44.020121],[-123.705771,44.020051],[-123.70588,44.019978],[-123.705984,44.019902],[-123.706083,44.019823],[-123.706178,44.01974],[-123.706268,44.019655],[-123.706352,44.019567],[-123.706432,44.019476],[-123.706505,44.019383],[-123.706573,44.019288],[-123.706636,44.019191],[-123.706721,44.019025],[-123.7068,44.018858],[-123.706872,44.018689],[-123.706937,44.018519],[-123.706995,44.018348],[-123.707599,44.016591],[-123.707159,44.01659],[-123.707081,44.01659],[-123.70708,44.016596]]]]}},{"type":"Feature","properties":{"MAPTAXLOT":"1808070000401","MAPNUMBER":"18080700","TAXLOT":"401","ACCTNO":"1165339","MAPACRES":32.91564269},"geometry":{"type":"Polygon","coordinates":[[[-123.702217,44.020198],[-123.702224,44.021098],[-123.702278,44.02108],[-123.702346,44.021056],[-123.702415,44.021032],[-123.702483,44.021008],[-123.702552,44.020984],[-123.702621,44.02096],[-123.702688,44.020936],[-123.702757,44.020912],[-123.702826,44.020889],[-123.702894,44.020865],[-123.702962,44.020841],[-123.703031,44.020817],[-123.703099,44.020793],[-123.703168,44.020769],[-123.703237,44.020746],[-123.703305,44.020722],[-123.703373,44.020698],[-123.703442,44.020674],[-123.70351,44.02065],[-123.703579,44.020626],[-123.703648,44.020603],[-123.703715,44.020579],[-123.703783,44.020555],[-123.703849,44.02053],[-123.703914,44.020504],[-123.703979,44.020478],[-123.704043,44.02045],[-123.704107,44.020422],[-123.70417,44.020393],[-123.704231,44.020363],[-123.704292,44.020332],[-123.704352,44.0203],[-123.70441,44.020267],[-123.704467,44.020233],[-123.704524,44.020198],[-123.70458,44.020163],[-123.704633,44.020126],[-123.704687,44.020088],[-123.704739,44.02005],[-123.704789,44.020011],[-123.704838,44.019971],[-123.704886,44.019929],[-123.704934,44.019887],[-123.70498,44.019846],[-123.705025,44.019803],[-123.705069,44.019759],[-123.705111,44.019715],[-123.705152,44.019671],[-123.705191,44.019625],[-123.70523,44.019579],[-123.705267,44.019532],[-123.705304,44.019484],[-123.705342,44.019436],[-123.70538,44.019389],[-123.705417,44.019341],[-123.705455,44.019293],[-123.705492,44.019246],[-123.705529,44.019198],[-123.705567,44.01915],[-123.705606,44.019102],[-123.705643,44.019055],[-123.70568,44.019007],[-123.705718,44.018959],[-123.705755,44.018912],[-123.705793,44.018864],[-123.705831,44.018816],[-123.705868,44.018769],[-123.705905,44.018721],[-123.705943,44.018673],[-123.70598,44.018625],[-123.706018,44.018577],[-123.706056,44.01853],[-123.706093,44.018483],[-123.706129,44.018435],[-123.706164,44.018388],[-123.706198,44.018339],[-123.706232,44.018291],[-123.706266,44.018242],[-123.706298,44.018193],[-123.706329,44.018144],[-123.70636,44.018094],[-123.706391,44.018045],[-123.70642,44.017995],[-123.706448,44.017944],[-123.706477,44.017894],[-123.706503,44.017844],[-123.70653,44.017792],[-123.706557,44.017741],[-123.706582,44.01769],[-123.706608,44.017638],[-123.706633,44.017587],[-123.706657,44.017536],[-123.706682,44.017484],[-123.706704,44.017433],[-123.706727,44.01738],[-123.706749,44.017329],[-123.706768,44.017278],[-123.706786,44.017225],[-123.706803,44.017173],[-123.706818,44.01712],[-123.706831,44.017067],[-123.706845,44.017014],[-123.706855,44.016961],[-123.706866,44.016906],[-123.706876,44.016852],[-123.706887,44.016798],[-123.706897,44.016744],[-123.706908,44.016689],[-123.706918,44.016635],[-123.706928,44.01659],[-123.702186,44.016586],[-123.702217,44.020198]]]}},{"type":"Feature","properties":{"MAPTAXLOT":"1808070000500","MAPNUMBER":"18080700","TAXLOT":"500","ACCTNO":"0759231","MAPACRES":21.56321904},"geometry":{"type":"Polygon","coordinates":[[[-123.709598,44.016593],[-123.711906,44.016595],[-123.711886,44.01301],[-123.708431,44.013],[-123.707714,44.012998],[-123.707785,44.013064],[-123.708175,44.013355],[-123.708513,44.013696],[-123.709008,44.014182],[-123.709297,44.014558],[-123.709477,44.014856],[-123.709606,44.01518],[-123.709722,44.015499],[-123.709754,44.015744],[-123.709679,44.016097],[-123.709662,44.016201],[-123.709639,44.016376],[-123.709598,44.016593]]]}},{"type":"Feature","properties":{"MAPTAXLOT":"1808070000501","MAPNUMBER":"18080700","TAXLOT":"501","ACCTNO":"0759249","MAPACRES":0.66055028},"geometry":{"type":"Polygon","coordinates":[[[-123.707149,44.015291],[-123.707907,44.01528],[-123.707904,44.015205],[-123.707892,44.015091],[-123.707874,44.014977],[-123.707848,44.014864],[-123.707655,44.014867],[-123.70717,44.014882],[-123.707162,44.014925],[-123.707164,44.014942],[-123.707167,44.014999],[-123.707165,44.015056],[-123.707161,44.015112],[-123.707157,44.015166],[-123.707154,44.01521],[-123.707154,44.015221],[-123.70715,44.015275],[-123.707149,44.015291]]]}},{"type":"Feature","properties":{"MAPTAXLOT":"1808070000502","MAPNUMBER":"18080700","TAXLOT":"502","ACCTNO":"0759256","MAPACRES":0.55921547},"geometry":{"type":"Polygon","coordinates":[[[-123.707148,44.015329],[-123.707147,44.015384],[-123.707145,44.015439],[-123.707145,44.015494],[-123.707143,44.015549],[-123.707142,44.015553],[-123.707141,44.015603],[-123.70714,44.015634],[-123.707144,44.015634],[-123.70788,44.015611],[-123.707891,44.015548],[-123.707899,44.015497],[-123.707906,44.015389],[-123.707907,44.01528],[-123.707149,44.015291],[-123.707148,44.015329]]]}},{"type":"Feature","properties":{"MAPTAXLOT":"1808070000503","MAPNUMBER":"18080700","TAXLOT":"503","ACCTNO":"1437951","MAPACRES":5.90793758},"geometry":{"type":"MultiPolygon","coordinates":[[[[-123.7076,44.013462],[-123.707618,44.013745],[-123.707715,44.013868],[-123.707808,44.013992],[-123.707897,44.014118],[-123.707982,44.014245],[-123.708043,44.014356],[-123.708098,44.014468],[-123.708146,44.014582],[-123.708187,44.014698],[-123.708221,44.014814],[-123.708248,44.014932],[-123.708268,44.01505],[-123.708281,44.015169],[-123.708287,44.015288],[-123.708286,44.015408],[-123.708277,44.015527],[-123.708246,44.01571],[-123.708207,44.015892],[-123.70816,44.016074],[-123.708106,44.016254],[-123.708045,44.016433],[-123.70799,44.016591],[-123.709287,44.016592],[-123.709247,44.016455],[-123.709228,44.016214],[-123.709335,44.015889],[-123.709257,44.015521],[-123.709129,44.015217],[-123.708933,44.014867],[-123.70877,44.014681],[-123.708709,44.014612],[-123.708381,44.014251],[-123.708098,44.013861],[-123.707711,44.013402],[-123.707534,44.013127],[-123.707402,44.012997],[-123.707184,44.012996],[-123.7076,44.013462]]],[[[-123.707138,44.014282],[-123.707165,44.014354],[-123.707189,44.014427],[-123.707214,44.014717],[-123.707183,44.014805],[-123.70717,44.014882],[-123.707655,44.014867],[-123.707627,44.014775],[-123.707593,44.014683],[-123.707555,44.014592],[-123.707511,44.014503],[-123.707463,44.014415],[-123.70736,44.014262],[-123.707251,44.014112],[-123.707136,44.013964],[-123.707138,44.014282]]]]}},{"type":"Feature","properties":{"MAPTAXLOT":"1808070000504","MAPNUMBER":"18080700","TAXLOT":"504","ACCTNO":"1674819","MAPACRES":1.28263219},"geometry":{"type":"Polygon","coordinates":[[[-123.707159,44.01659],[-123.707599,44.016591],[-123.707677,44.016363],[-123.707728,44.016215],[-123.707774,44.016065],[-123.707815,44.015914],[-123.70785,44.015763],[-123.70788,44.015611],[-123.707144,44.015634],[-123.707159,44.01659]]]}},{"type":"Feature","properties":{"MAPTAXLOT":"1808070000600","MAPNUMBER":"18080700","TAXLOT":"600","ACCTNO":"0759264","MAPACRES":0.54048588},"geometry":{"type":"Polygon","coordinates":[[[-123.706982,44.014882],[-123.706465,44.014885],[-123.706463,44.015337],[-123.706996,44.015335],[-123.706996,44.015327],[-123.706998,44.015271],[-123.707002,44.015216],[-123.707006,44.015161],[-123.707009,44.015106],[-123.707013,44.015052],[-123.707015,44.015],[-123.707012,44.014947],[-123.707007,44.014894],[-123.707006,44.014882],[-123.706982,44.014882]]]}},{"type":"Feature","properties":{"MAPTAXLOT":"1808070000700","MAPNUMBER":"18080700","TAXLOT":"700","ACCTNO":"1231719","MAPACRES":35.81359486},"geometry":{"type":"MultiPolygon","coordinates":[[[[-123.702186,44.016586],[-123.706928,44.01659],[-123.70693,44.016581],[-123.706939,44.016528],[-123.706947,44.016473],[-123.706956,44.01642],[-123.706961,44.016366],[-123.706967,44.016312],[-123.706971,44.016258],[-123.706973,44.016204],[-123.706975,44.01615],[-123.706977,44.016095],[-123.706978,44.01604],[-123.70698,44.015985],[-123.70698,44.015931],[-123.706982,44.015876],[-123.706983,44.015821],[-123.706985,44.015766],[-123.706986,44.015711],[-123.706988,44.015656],[-123.706989,44.015602],[-123.706991,44.015546],[-123.706993,44.015492],[-123.706993,44.015437],[-123.706995,44.015382],[-123.706996,44.015335],[-123.706463,44.015337],[-123.706465,44.014885],[-123.706982,44.014882],[-123.706973,44.0148],[-123.706628,44.014216],[-123.70652,44.014047],[-123.706447,44.01383],[-123.706324,44.013481],[-123.706239,44.013356],[-123.706148,44.013232],[-123.706051,44.013111],[-123.705949,44.012992],[-123.702155,44.012981],[-123.702171,44.014881],[-123.702186,44.016586]]],[[[-123.706791,44.013592],[-123.706792,44.013592],[-123.706811,44.013627],[-123.706838,44.01368],[-123.706864,44.013733],[-123.706891,44.013786],[-123.706915,44.013841],[-123.706938,44.013894],[-123.70696,44.013948],[-123.706981,44.014],[-123.706983,44.014005],[-123.707055,44.0141],[-123.707099,44.01419],[-123.707138,44.014282],[-123.707136,44.013964],[-123.707011,44.013815],[-123.70688,44.013667],[-123.706765,44.013547],[-123.706791,44.013592]]],[[[-123.70714,44.015634],[-123.70714,44.015658],[-123.707138,44.015713],[-123.707137,44.015768],[-123.707135,44.015823],[-123.707135,44.015878],[-123.707132,44.015933],[-123.707132,44.015987],[-123.70713,44.016042],[-123.707129,44.016097],[-123.707127,44.016152],[-123.707125,44.016207],[-123.707123,44.016263],[-123.707118,44.016319],[-123.707113,44.016374],[-123.707107,44.01643],[-123.707098,44.016486],[-123.70709,44.01654],[-123.707081,44.01659],[-123.707159,44.01659],[-123.707144,44.015634],[-123.70714,44.015634]]]]}},{"type":"Feature","properties":{"MAPTAXLOT":"1808070000800","MAPNUMBER":"18080700","TAXLOT":"800","ACCTNO":"0759280","MAPACRES":79.36413752},"geometry":{"type":"Polygon","coordinates":[[[-123.697213,44.016581],[-123.702186,44.016586],[-123.702171,44.014881],[-123.702155,44.012981],[-123.697177,44.012957],[-123.6922,44.012934],[-123.692245,44.016576],[-123.697213,44.016581]]]}},{"type":"Feature","properties":{"MAPTAXLOT":"1808070000900","MAPNUMBER":"18080700","TAXLOT":"900","ACCTNO":"0759298","MAPACRES":39.61398557},"geometry":{"type":"Polygon","coordinates":[[[-123.697249,44.020208],[-123.702217,44.020198],[-123.702186,44.016586],[-123.697213,44.016581],[-123.697249,44.020208]]]}},{"type":"Feature","properties":{"MAPTAXLOT":"1808070001000","MAPNUMBER":"18080700","TAXLOT":"1000","ACCTNO":"0759306","MAPACRES":153.78931018},"geometry":{"type":"MultiPolygon","coordinates":[[[[-123.682226,44.019938],[-123.687253,44.020078],[-123.69229,44.020218],[-123.692321,44.023353],[-123.692391,44.023348],[-123.692466,44.023342],[-123.692541,44.023336],[-123.692617,44.02333],[-123.692693,44.023324],[-123.692844,44.023312],[-123.692974,44.023301],[-123.69305,44.023295],[-123.693126,44.02329],[-123.693201,44.023284],[-123.693276,44.023277],[-123.69335,44.02327],[-123.693425,44.023262],[-123.693498,44.023254],[-123.693573,44.023245],[-123.693648,44.023235],[-123.693723,44.023226],[-123.693797,44.023217],[-123.693873,44.023208],[-123.693947,44.023199],[-123.694021,44.023189],[-123.694095,44.023179],[-123.69417,44.023168],[-123.694246,44.023158],[-123.69432,44.023148],[-123.694395,44.023137],[-123.694469,44.023127],[-123.694544,44.023116],[-123.694618,44.023106],[-123.694693,44.023096],[-123.694767,44.023085],[-123.694842,44.023075],[-123.694899,44.023067],[-123.694991,44.023054],[-123.695065,44.023043],[-123.69514,44.023032],[-123.695214,44.023021],[-123.695289,44.02301],[-123.695363,44.022999],[-123.695438,44.022988],[-123.695512,44.022977],[-123.695587,44.022966],[-123.69566,44.022955],[-123.695732,44.022943],[-123.695805,44.02293],[-123.695879,44.022917],[-123.695951,44.022903],[-123.696023,44.022888],[-123.696095,44.022873],[-123.696167,44.022857],[-123.69624,44.02284],[-123.696312,44.022824],[-123.696385,44.022807],[-123.696457,44.02279],[-123.696529,44.022774],[-123.696602,44.022757],[-123.696674,44.02274],[-123.696746,44.022724],[-123.696819,44.022707],[-123.696891,44.02269],[-123.696964,44.022674],[-123.697037,44.022657],[-123.697109,44.022641],[-123.697182,44.022624],[-123.697254,44.022607],[-123.697272,44.022603],[-123.697249,44.020208],[-123.697213,44.016581],[-123.692245,44.016576],[-123.687223,44.016412],[-123.682205,44.016249],[-123.682226,44.019938]]],[[[-123.697228,44.022729],[-123.697155,44.022745],[-123.697083,44.022762],[-123.69701,44.022778],[-123.696937,44.022795],[-123.696865,44.022812],[-123.696793,44.022828],[-123.69672,44.022845],[-123.696648,44.022862],[-123.696576,44.022878],[-123.696503,44.022895],[-123.696431,44.022911],[-123.696358,44.022928],[-123.696286,44.022945],[-123.696212,44.022961],[-123.696155,44.022974],[-123.69701,44.022869],[-123.697274,44.022835],[-123.697273,44.022718],[-123.697228,44.022729]]],[[[-123.697277,44.023114],[-123.697073,44.023139],[-123.692324,44.023726],[-123.692325,44.023793],[-123.692661,44.023744],[-123.692815,44.023715],[-123.693304,44.023653],[-123.694092,44.023571],[-123.694269,44.023534],[-123.694402,44.023514],[-123.694958,44.023459],[-123.695735,44.023373],[-123.696096,44.023331],[-123.696462,44.023296],[-123.697,44.023213],[-123.697278,44.023189],[-123.697277,44.023114]]],[[[-123.697134,44.023596],[-123.696668,44.023625],[-123.696304,44.023639],[-123.695931,44.02367],[-123.695392,44.023713],[-123.695214,44.023722],[-123.695108,44.023729],[-123.694361,44.023812],[-123.694085,44.023861],[-123.697285,44.02387],[-123.697282,44.023576],[-123.697134,44.023596]]]]}},{"type":"Feature","properties":{"MAPTAXLOT":"1808070001100","MAPNUMBER":"18080700","TAXLOT":"1100","ACCTNO":"0759314","MAPACRES":39.38324228},"geometry":{"type":"Polygon","coordinates":[[[-123.692362,44.027495],[-123.697321,44.027532],[-123.697285,44.02387],[-123.694085,44.023861],[-123.69392,44.02389],[-123.692488,44.024067],[-123.692328,44.02409],[-123.692362,44.027495]]]}},{"type":"Feature","properties":{"MAPTAXLOT":"1808080000077","MAPNUMBER":"18080800","TAXLOT":"77","ACCTNO":"000None","MAPACRES":3.52057712},"geometry":{"type":"MultiPolygon","coordinates":[[[[-123.677564,44.026349],[-123.677576,44.026526],[-123.677533,44.026968],[-123.677488,44.027223],[-123.677681,44.027227],[-123.677803,44.026721],[-123.677841,44.026593],[-123.677885,44.026467],[-123.677934,44.026341],[-123.677988,44.026217],[-123.677836,44.026265],[-123.677798,44.025992],[-123.677866,44.025921],[-123.677962,44.025777],[-123.678347,44.02536],[-123.679072,44.024927],[-123.679832,44.024623],[-123.680326,44.024476],[-123.681028,44.024333],[-123.68159,44.024225],[-123.682015,44.024206],[-123.68225,44.024215],[-123.682249,44.024082],[-123.682178,44.024078],[-123.682102,44.024074],[-123.682026,44.024069],[-123.681947,44.024066],[-123.681866,44.024066],[-123.681785,44.024071],[-123.681704,44.024079],[-123.681626,44.024091],[-123.681549,44.024107],[-123.681476,44.024123],[-123.681403,44.024139],[-123.681332,44.024155],[-123.681261,44.024168],[-123.681187,44.024181],[-123.681115,44.024192],[-123.681041,44.024203],[-123.680966,44.024215],[-123.680892,44.024226],[-123.680817,44.024237],[-123.680743,44.024248],[-123.680668,44.02426],[-123.680592,44.024271],[-123.680515,44.024286],[-123.680438,44.024304],[-123.680364,44.024324],[-123.680291,44.024347],[-123.680222,44.024371],[-123.680153,44.024394],[-123.680085,44.024418],[-123.680016,44.024441],[-123.679946,44.024465],[-123.679878,44.024488],[-123.679809,44.024511],[-123.67974,44.024535],[-123.67967,44.024561],[-123.679603,44.024588],[-123.679535,44.024615],[-123.679468,44.024642],[-123.679403,44.02467],[-123.679337,44.024697],[-123.679271,44.024725],[-123.679204,44.024752],[-123.679139,44.02478],[-123.679074,44.024807],[-123.679007,44.024834],[-123.67894,44.024862],[-123.678873,44.024893],[-123.678808,44.024925],[-123.678745,44.02496],[-123.678686,44.024994],[-123.678625,44.025029],[-123.678613,44.025036],[-123.678566,44.025064],[-123.678508,44.0251],[-123.67845,44.025135],[-123.678391,44.025171],[-123.678331,44.025209],[-123.678276,44.02525],[-123.678222,44.025292],[-123.67817,44.025336],[-123.678121,44.025382],[-123.678077,44.025429],[-123.678036,44.025476],[-123.677995,44.025522],[-123.677954,44.025569],[-123.677913,44.025615],[-123.677872,44.025661],[-123.677831,44.025709],[-123.677792,44.025757],[-123.677786,44.025763],[-123.67762,44.025769],[-123.677576,44.025839],[-123.677535,44.025909],[-123.677552,44.026169],[-123.677552,44.026172],[-123.677564,44.026349]]],[[[-123.687286,44.024017],[-123.687407,44.024007],[-123.687717,44.023958],[-123.687795,44.023937],[-123.68787,44.023909],[-123.687936,44.023879],[-123.688001,44.023851],[-123.688064,44.023824],[-123.688125,44.023802],[-123.688189,44.023786],[-123.688257,44.023773],[-123.688325,44.023764],[-123.688338,44.023763],[-123.688399,44.023759],[-123.688475,44.023753],[-123.68855,44.023748],[-123.688626,44.023742],[-123.688701,44.023736],[-123.688777,44.023731],[-123.688852,44.023725],[-123.688928,44.023719],[-123.689004,44.023714],[-123.68908,44.023708],[-123.689155,44.023702],[-123.689231,44.023697],[-123.689306,44.023691],[-123.689382,44.023685],[-123.689458,44.02368],[-123.689533,44.023674],[-123.689608,44.023668],[-123.689684,44.023663],[-123.68976,44.023657],[-123.689836,44.023651],[-123.689911,44.023646],[-123.689987,44.02364],[-123.690062,44.023634],[-123.690138,44.023629],[-123.690214,44.023623],[-123.69029,44.023617],[-123.690366,44.023612],[-123.69044,44.023606],[-123.690516,44.0236],[-123.690592,44.023595],[-123.690667,44.023589],[-123.690743,44.023583],[-123.690819,44.023578],[-123.690894,44.023572],[-123.69097,44.023566],[-123.691046,44.023561],[-123.691122,44.023555],[-123.691197,44.023549],[-123.691273,44.023544],[-123.691348,44.023538],[-123.691423,44.023533],[-123.691499,44.023527],[-123.691575,44.023522],[-123.691651,44.023516],[-123.691727,44.02351],[-123.691802,44.023505],[-123.691948,44.023494],[-123.692322,44.023476],[-123.692321,44.023353],[-123.692315,44.023354],[-123.692239,44.02336],[-123.692163,44.023366],[-123.692089,44.023372],[-123.692013,44.023378],[-123.691937,44.023384],[-123.691862,44.02339],[-123.691786,44.023396],[-123.691711,44.023401],[-123.691635,44.023407],[-123.69156,44.023412],[-123.691484,44.023418],[-123.691408,44.023424],[-123.691332,44.023429],[-123.691258,44.023435],[-123.691182,44.02344],[-123.691106,44.023446],[-123.69103,44.023452],[-123.690954,44.023457],[-123.690878,44.023463],[-123.690803,44.023469],[-123.690728,44.023474],[-123.690652,44.02348],[-123.690576,44.023485],[-123.6905,44.023491],[-123.690424,44.023497],[-123.69035,44.023502],[-123.690274,44.023508],[-123.690198,44.023514],[-123.690122,44.02352],[-123.690047,44.023525],[-123.689971,44.023531],[-123.689896,44.023537],[-123.68982,44.023542],[-123.689744,44.023548],[-123.689668,44.023553],[-123.689593,44.023559],[-123.689517,44.023565],[-123.689442,44.023571],[-123.689366,44.023576],[-123.689291,44.023582],[-123.689215,44.023588],[-123.689139,44.023593],[-123.689064,44.023599],[-123.688988,44.023604],[-123.688912,44.02361],[-123.688837,44.023616],[-123.688761,44.023622],[-123.688685,44.023627],[-123.68861,44.023633],[-123.688535,44.023639],[-123.688459,44.023644],[-123.688383,44.02365],[-123.688305,44.023655],[-123.688224,44.023666],[-123.688144,44.023681],[-123.688066,44.023701],[-123.687991,44.023728],[-123.687931,44.023754],[-123.687924,44.023757],[-123.687857,44.023785],[-123.687795,44.023814],[-123.687733,44.023836],[-123.68767,44.023853],[-123.687604,44.023866],[-123.687534,44.023875],[-123.687465,44.02388],[-123.687392,44.023881],[-123.687315,44.023883],[-123.687285,44.023884],[-123.687286,44.024017]]]]}},{"type":"Feature","properties":{"MAPTAXLOT":"1808080000088","MAPNUMBER":"18080800","TAXLOT":"88","ACCTNO":"000None","MAPACRES":6.43105458},"geometry":{"type":"MultiPolygon","coordinates":[[[[-123.692117,44.023819],[-123.691904,44.023846],[-123.691904,44.023846],[-123.691601,44.023885],[-123.691035,44.023953],[-123.689488,44.024165],[-123.688611,44.024254],[-123.687798,44.024304],[-123.687289,44.02433],[-123.687291,44.02463],[-123.687964,44.024598],[-123.688317,44.024571],[-123.689027,44.024533],[-123.689859,44.024421],[-123.69087,44.024271],[-123.691712,44.024177],[-123.692254,44.024117],[-123.692328,44.02409],[-123.692325,44.023793],[-123.692117,44.023819]]],[[[-123.679112,44.02516],[-123.678954,44.025244],[-123.6788,44.025332],[-123.678704,44.025392],[-123.678613,44.025456],[-123.678526,44.025523],[-123.678443,44.025593],[-123.678366,44.025666],[-123.678294,44.025742],[-123.678227,44.02582],[-123.678166,44.025901],[-123.67811,44.025984],[-123.678072,44.026049],[-123.678036,44.026115],[-123.678004,44.026182],[-123.678004,44.026183],[-123.678004,44.026183],[-123.678001,44.026189],[-123.678,44.026191],[-123.678,44.026192],[-123.677997,44.026198],[-123.677996,44.026199],[-123.677996,44.026199],[-123.677996,44.0262],[-123.677995,44.026201],[-123.677995,44.026203],[-123.677993,44.026207],[-123.677992,44.026208],[-123.677991,44.02621],[-123.677989,44.026216],[-123.677988,44.026217],[-123.677934,44.026341],[-123.677885,44.026467],[-123.677841,44.026593],[-123.677803,44.026721],[-123.677681,44.027227],[-123.677873,44.027231],[-123.678103,44.027236],[-123.67811,44.027117],[-123.678229,44.0261],[-123.678374,44.025824],[-123.678659,44.025594],[-123.679158,44.025333],[-123.67963,44.02518],[-123.679821,44.025134],[-123.679856,44.02515],[-123.680239,44.02504],[-123.681113,44.024908],[-123.681564,44.024839],[-123.682253,44.024809],[-123.682252,44.024529],[-123.68152,44.024549],[-123.680767,44.024675],[-123.679879,44.024888],[-123.679274,44.02508],[-123.679112,44.02516]]]]}},{"type":"Feature","properties":{"MAPTAXLOT":"1808080000100","MAPNUMBER":"18080800","TAXLOT":"100","ACCTNO":"0759322","MAPACRES":160.16307091},"geometry":{"type":"MultiPolygon","coordinates":[[[[-123.672292,44.023388],[-123.677266,44.023505],[-123.682247,44.023621],[-123.687284,44.023739],[-123.687931,44.023754],[-123.687991,44.023728],[-123.688066,44.023701],[-123.688144,44.023681],[-123.688224,44.023666],[-123.688305,44.023655],[-123.688383,44.02365],[-123.688459,44.023644],[-123.688535,44.023639],[-123.68861,44.023633],[-123.688685,44.023627],[-123.688761,44.023622],[-123.688837,44.023616],[-123.688912,44.02361],[-123.688988,44.023604],[-123.689064,44.023599],[-123.689139,44.023593],[-123.689215,44.023588],[-123.689291,44.023582],[-123.689366,44.023576],[-123.689442,44.023571],[-123.689517,44.023565],[-123.689593,44.023559],[-123.689668,44.023553],[-123.689744,44.023548],[-123.68982,44.023542],[-123.689896,44.023537],[-123.689971,44.023531],[-123.690047,44.023525],[-123.690122,44.02352],[-123.690198,44.023514],[-123.690274,44.023508],[-123.69035,44.023502],[-123.690424,44.023497],[-123.6905,44.023491],[-123.690576,44.023485],[-123.690652,44.02348],[-123.690728,44.023474],[-123.690803,44.023469],[-123.690878,44.023463],[-123.690954,44.023457],[-123.69103,44.023452],[-123.691106,44.023446],[-123.691182,44.02344],[-123.691258,44.023435],[-123.691332,44.023429],[-123.691408,44.023424],[-123.691484,44.023418],[-123.69156,44.023412],[-123.691635,44.023407],[-123.691711,44.023401],[-123.691786,44.023396],[-123.691862,44.02339],[-123.691937,44.023384],[-123.692013,44.023378],[-123.692089,44.023372],[-123.692163,44.023366],[-123.692239,44.02336],[-123.692315,44.023354],[-123.692321,44.023353],[-123.69229,44.020218],[-123.687253,44.020078],[-123.682226,44.019938],[-123.677246,44.019799],[-123.672277,44.01966],[-123.672292,44.023388]]],[[[-123.691802,44.023505],[-123.691727,44.02351],[-123.691651,44.023516],[-123.691575,44.023522],[-123.691499,44.023527],[-123.691423,44.023533],[-123.691348,44.023538],[-123.691273,44.023544],[-123.691197,44.023549],[-123.691122,44.023555],[-123.691046,44.023561],[-123.69097,44.023566],[-123.690894,44.023572],[-123.690819,44.023578],[-123.690743,44.023583],[-123.690667,44.023589],[-123.690592,44.023595],[-123.690516,44.0236],[-123.69044,44.023606],[-123.690366,44.023612],[-123.69029,44.023617],[-123.690214,44.023623],[-123.690138,44.023629],[-123.690062,44.023634],[-123.689987,44.02364],[-123.689911,44.023646],[-123.689836,44.023651],[-123.68976,44.023657],[-123.689684,44.023663],[-123.689608,44.023668],[-123.689533,44.023674],[-123.689458,44.02368],[-123.689382,44.023685],[-123.689306,44.023691],[-123.689231,44.023697],[-123.689155,44.023702],[-123.68908,44.023708],[-123.689004,44.023714],[-123.688928,44.023719],[-123.688852,44.023725],[-123.688777,44.023731],[-123.688701,44.023736],[-123.688626,44.023742],[-123.68855,44.023748],[-123.688475,44.023753],[-123.688399,44.023759],[-123.688338,44.023763],[-123.689538,44.023791],[-123.689539,44.023791],[-123.689547,44.02379],[-123.689548,44.02379],[-123.689559,44.023789],[-123.691948,44.023494],[-123.691802,44.023505]]],[[[-123.691434,44.023835],[-123.691904,44.023846],[-123.691904,44.023846],[-123.692117,44.023819],[-123.692325,44.023793],[-123.692324,44.023726],[-123.691434,44.023835]]]]}},{"type":"Feature","properties":{"MAPTAXLOT":"1808080000200","MAPNUMBER":"18080800","TAXLOT":"200","ACCTNO":"0759330","MAPACRES":243.14342837},"geometry":{"type":"Polygon","coordinates":[[[-123.677246,44.019799],[-123.682226,44.019938],[-123.682205,44.016249],[-123.687223,44.016412],[-123.692245,44.016576],[-123.6922,44.012934],[-123.687192,44.012757],[-123.682184,44.012579],[-123.677205,44.012384],[-123.672226,44.012188],[-123.672252,44.015924],[-123.672277,44.01966],[-123.677246,44.019799]]]}},{"type":"Feature","properties":{"MAPTAXLOT":"1808080000300","MAPNUMBER":"18080800","TAXLOT":"300","ACCTNO":"0759348","MAPACRES":35.07424055},"geometry":{"type":"MultiPolygon","coordinates":[[[[-123.692254,44.024117],[-123.691712,44.024177],[-123.69087,44.024271],[-123.689859,44.024421],[-123.689027,44.024533],[-123.688317,44.024571],[-123.687964,44.024598],[-123.687291,44.02463],[-123.687315,44.027408],[-123.692362,44.027495],[-123.692328,44.02409],[-123.692254,44.024117]]],[[[-123.687285,44.023884],[-123.687315,44.023883],[-123.687392,44.023881],[-123.687465,44.02388],[-123.687534,44.023875],[-123.687604,44.023866],[-123.68767,44.023853],[-123.687733,44.023836],[-123.687795,44.023814],[-123.687857,44.023785],[-123.687924,44.023757],[-123.687931,44.023754],[-123.687284,44.023739],[-123.687285,44.023884]]],[[[-123.688325,44.023764],[-123.688257,44.023773],[-123.688189,44.023786],[-123.688125,44.023802],[-123.688064,44.023824],[-123.688001,44.023851],[-123.687936,44.023879],[-123.68787,44.023909],[-123.687795,44.023937],[-123.687717,44.023958],[-123.687718,44.023958],[-123.688083,44.023933],[-123.688448,44.023904],[-123.688812,44.023871],[-123.689175,44.023833],[-123.689538,44.023791],[-123.688338,44.023763],[-123.688325,44.023764]]],[[[-123.689623,44.024059],[-123.689236,44.024104],[-123.688848,44.024144],[-123.688459,44.02418],[-123.68807,44.02421],[-123.687679,44.024235],[-123.687288,44.024255],[-123.687289,44.02433],[-123.687798,44.024304],[-123.688611,44.024254],[-123.689488,44.024165],[-123.691035,44.023953],[-123.691601,44.023885],[-123.691904,44.023846],[-123.691434,44.023835],[-123.689623,44.024059]]]]}},{"type":"Feature","properties":{"MAPTAXLOT":"1808080000400","MAPNUMBER":"18080800","TAXLOT":"400","ACCTNO":"1233483","MAPACRES":52.77894271},"geometry":{"type":"MultiPolygon","coordinates":[[[[-123.672306,44.027117],[-123.676625,44.027205],[-123.676776,44.026577],[-123.676822,44.026424],[-123.676875,44.026271],[-123.677334,44.02636],[-123.677374,44.026256],[-123.677417,44.026153],[-123.677464,44.026051],[-123.677498,44.02598],[-123.677535,44.025909],[-123.677576,44.025839],[-123.67762,44.025769],[-123.677786,44.025763],[-123.677792,44.025757],[-123.677831,44.025709],[-123.677872,44.025661],[-123.677913,44.025615],[-123.677954,44.025569],[-123.677995,44.025522],[-123.678036,44.025476],[-123.678077,44.025429],[-123.678121,44.025382],[-123.67817,44.025336],[-123.678222,44.025292],[-123.678276,44.02525],[-123.678331,44.025209],[-123.678391,44.025171],[-123.67845,44.025135],[-123.678508,44.0251],[-123.678566,44.025064],[-123.678613,44.025036],[-123.678625,44.025029],[-123.678686,44.024994],[-123.678745,44.02496],[-123.678808,44.024925],[-123.678873,44.024893],[-123.67894,44.024862],[-123.679007,44.024834],[-123.679074,44.024807],[-123.679139,44.02478],[-123.679204,44.024752],[-123.679271,44.024725],[-123.679337,44.024697],[-123.679403,44.02467],[-123.679468,44.024642],[-123.679535,44.024615],[-123.679603,44.024588],[-123.67967,44.024561],[-123.67974,44.024535],[-123.679809,44.024511],[-123.679878,44.024488],[-123.679946,44.024465],[-123.680016,44.024441],[-123.680085,44.024418],[-123.680153,44.024394],[-123.680222,44.024371],[-123.680291,44.024347],[-123.680364,44.024324],[-123.680438,44.024304],[-123.680515,44.024286],[-123.680592,44.024271],[-123.680668,44.02426],[-123.680743,44.024248],[-123.680817,44.024237],[-123.680892,44.024226],[-123.680966,44.024215],[-123.681041,44.024203],[-123.681115,44.024192],[-123.681187,44.024181],[-123.681261,44.024168],[-123.681332,44.024155],[-123.681403,44.024139],[-123.681476,44.024123],[-123.681549,44.024107],[-123.681626,44.024091],[-123.681704,44.024079],[-123.681785,44.024071],[-123.681866,44.024066],[-123.681947,44.024066],[-123.682026,44.024069],[-123.682102,44.024074],[-123.682178,44.024078],[-123.682249,44.024082],[-123.682247,44.023621],[-123.677266,44.023505],[-123.672292,44.023388],[-123.672306,44.027117]]],[[[-123.681501,44.024489],[-123.681304,44.024509],[-123.681107,44.024535],[-123.680913,44.024567],[-123.68072,44.024603],[-123.680529,44.024645],[-123.680341,44.024692],[-123.680155,44.024745],[-123.679972,44.024802],[-123.679792,44.024864],[-123.679615,44.024931],[-123.679443,44.025003],[-123.679274,44.02508],[-123.679879,44.024888],[-123.680767,44.024675],[-123.68152,44.024549],[-123.682252,44.024529],[-123.682251,44.024445],[-123.682063,44.024449],[-123.681875,44.024458],[-123.681688,44.024471],[-123.681501,44.024489]]]]}},{"type":"Feature","properties":{"MAPTAXLOT":"1808080000500","MAPNUMBER":"18080800","TAXLOT":"500","ACCTNO":"0759140","MAPACRES":3.9502222},"geometry":{"type":"Polygon","coordinates":[[[-123.681122,44.026419],[-123.682262,44.026415],[-123.682253,44.024809],[-123.681564,44.024839],[-123.681113,44.024908],[-123.681122,44.026419]]]}},{"type":"Feature","properties":{"MAPTAXLOT":"1808150000077","MAPNUMBER":"18081500","TAXLOT":"77","ACCTNO":"000None","MAPACRES":41.80156437},"geometry":{"type":"Polygon","coordinates":[[[-123.642789,44.006064],[-123.642844,44.006083],[-123.642888,44.006096],[-123.64294,44.006109],[-123.642992,44.006122],[-123.643055,44.006134],[-123.64311,44.006144],[-123.643174,44.006154],[-123.643219,44.006161],[-123.643274,44.006168],[-123.643312,44.006173],[-123.643363,44.006178],[-123.643415,44.006183],[-123.64346,44.006186],[-123.643499,44.006188],[-123.643534,44.006189],[-123.643571,44.00619],[-123.643607,44.00619],[-123.64365,44.00619],[-123.644971,44.006155],[-123.644996,44.006154],[-123.645019,44.006153],[-123.645027,44.006152],[-123.645034,44.006152],[-123.645056,44.00615],[-123.645078,44.006149],[-123.645113,44.006145],[-123.645145,44.006142],[-123.645171,44.00614],[-123.645208,44.006135],[-123.645246,44.006131],[-123.645276,44.006127],[-123.64531,44.006123],[-123.64534,44.006119],[-123.64538,44.006115],[-123.646165,44.006025],[-123.646208,44.00602],[-123.64624,44.006016],[-123.646285,44.00601],[-123.64633,44.006004],[-123.646366,44.005998],[-123.646408,44.005991],[-123.646443,44.005985],[-123.646517,44.005972],[-123.646571,44.005962],[-123.646607,44.005954],[-123.646656,44.005944],[-123.64671,44.005932],[-123.646758,44.005921],[-123.646814,44.005907],[-123.64687,44.005892],[-123.64692,44.005878],[-123.64699,44.005858],[-123.647041,44.005842],[-123.647082,44.005828],[-123.647126,44.005813],[-123.647187,44.005791],[-123.64741,44.005706],[-123.647513,44.005667],[-123.647552,44.005652],[-123.647581,44.005641],[-123.647628,44.005623],[-123.647664,44.005609],[-123.647717,44.005589],[-123.647748,44.005577],[-123.647786,44.005562],[-123.647819,44.005549],[-123.647855,44.005536],[-123.647891,44.005522],[-123.647921,44.005511],[-123.64796,44.005496],[-123.647991,44.005485],[-123.648023,44.005474],[-123.648049,44.005465],[-123.648074,44.005456],[-123.648108,44.005445],[-123.648141,44.005435],[-123.648181,44.005423],[-123.648213,44.005414],[-123.648252,44.005404],[-123.649011,44.005219],[-123.649075,44.005204],[-123.649185,44.005182],[-123.649247,44.00517],[-123.649405,44.005145],[-123.649502,44.00513],[-123.649631,44.00511],[-123.649762,44.005089],[-123.649886,44.005069],[-123.650028,44.005046],[-123.650203,44.005019],[-123.650324,44.005002],[-123.650492,44.00498],[-123.650606,44.004967],[-123.650679,44.004959],[-123.650803,44.004946],[-123.650898,44.004937],[-123.651005,44.004926],[-123.651122,44.004915],[-123.651197,44.004907],[-123.651284,44.004899],[-123.651405,44.004887],[-123.651496,44.004876],[-123.651587,44.00486],[-123.651662,44.004845],[-123.651742,44.004826],[-123.651864,44.004791],[-123.651932,44.004769],[-123.65196,44.00476],[-123.652045,44.004729],[-123.65211,44.004705],[-123.652212,44.004664],[-123.652332,44.004614],[-123.652396,44.004587],[-123.652414,44.004579],[-123.652418,44.004386],[-123.652358,44.004412],[-123.65228,44.004445],[-123.652217,44.004472],[-123.6521,44.004521],[-123.652003,44.00456],[-123.651941,44.004583],[-123.651862,44.004611],[-123.651775,44.004639],[-123.651664,44.004671],[-123.651594,44.004688],[-123.65153,44.004701],[-123.651451,44.004714],[-123.65137,44.004725],[-123.651254,44.004736],[-123.651167,44.004744],[-123.651091,44.004751],[-123.650975,44.004763],[-123.650919,44.004768],[-123.650867,44.004774],[-123.650771,44.004783],[-123.650645,44.004796],[-123.650572,44.004804],[-123.650454,44.004818],[-123.650282,44.00484],[-123.650157,44.004858],[-123.64998,44.004885],[-123.649837,44.004908],[-123.649712,44.004928],[-123.649582,44.004949],[-123.649455,44.004969],[-123.649357,44.004984],[-123.649194,44.00501],[-123.649125,44.005023],[-123.649008,44.005047],[-123.64894,44.005063],[-123.648178,44.005249],[-123.648135,44.00526],[-123.648097,44.00527],[-123.648053,44.005283],[-123.648016,44.005295],[-123.647979,44.005307],[-123.647951,44.005316],[-123.647922,44.005326],[-123.64789,44.005337],[-123.647857,44.005349],[-123.647815,44.005365],[-123.647784,44.005377],[-123.647749,44.00539],[-123.647714,44.005403],[-123.647678,44.005417],[-123.647641,44.005431],[-123.647609,44.005443],[-123.647556,44.005464],[-123.647522,44.005477],[-123.647473,44.005496],[-123.647444,44.005507],[-123.647414,44.005519],[-123.647407,44.005521],[-123.647082,44.005644],[-123.647025,44.005665],[-123.646985,44.005679],[-123.646948,44.005691],[-123.646901,44.005706],[-123.646836,44.005725],[-123.646791,44.005738],[-123.646738,44.005752],[-123.646685,44.005765],[-123.646641,44.005775],[-123.64659,44.005786],[-123.646543,44.005796],[-123.64651,44.005803],[-123.64646,44.005813],[-123.64639,44.005825],[-123.646358,44.005831],[-123.646317,44.005837],[-123.646284,44.005842],[-123.646242,44.005848],[-123.6462,44.005854],[-123.646171,44.005858],[-123.646129,44.005863],[-123.645343,44.005952],[-123.645303,44.005957],[-123.645273,44.005961],[-123.645237,44.005965],[-123.645209,44.005968],[-123.645172,44.005973],[-123.645136,44.005977],[-123.645113,44.005979],[-123.645084,44.005982],[-123.645053,44.005985],[-123.645033,44.005986],[-123.645015,44.005988],[-123.645002,44.005988],[-123.644983,44.005989],[-123.644961,44.00599],[-123.643643,44.006025],[-123.643606,44.006026],[-123.643575,44.006025],[-123.643543,44.006025],[-123.643512,44.006024],[-123.643479,44.006022],[-123.64344,44.006019],[-123.643393,44.006015],[-123.643348,44.00601],[-123.643313,44.006006],[-123.643262,44.005999],[-123.643221,44.005993],[-123.643162,44.005984],[-123.643114,44.005975],[-123.643058,44.005964],[-123.643014,44.005954],[-123.642971,44.005943],[-123.642936,44.005932],[-123.642892,44.005917],[-123.64286,44.005904],[-123.642827,44.00589],[-123.642805,44.005879],[-123.642772,44.00586],[-123.642747,44.005844],[-123.642715,44.005824],[-123.642685,44.005805],[-123.642631,44.00577],[-123.642564,44.005728],[-123.642503,44.005688],[-123.642449,44.005654],[-123.642435,44.005646],[-123.642285,44.005548],[-123.642211,44.0055],[-123.642162,44.005468],[-123.642106,44.005429],[-123.642062,44.005398],[-123.642021,44.005366],[-123.641994,44.005344],[-123.641969,44.005322],[-123.641942,44.005296],[-123.641916,44.005268],[-123.641878,44.005222],[-123.641856,44.005187],[-123.641841,44.005163],[-123.641826,44.005133],[-123.64181,44.0051],[-123.641798,44.005071],[-123.641788,44.005044],[-123.641777,44.00501],[-123.641756,44.004938],[-123.641738,44.004866],[-123.641726,44.004817],[-123.641718,44.004792],[-123.641711,44.004765],[-123.641707,44.004754],[-123.641699,44.004729],[-123.641673,44.004657],[-123.641647,44.004595],[-123.641631,44.004554],[-123.640511,44.001764],[-123.640393,44.001471],[-123.640362,44.001408],[-123.640329,44.001348],[-123.640324,44.001336],[-123.64031,44.001294],[-123.640309,44.001258],[-123.640313,44.001225],[-123.640319,44.001189],[-123.640327,44.001149],[-123.640334,44.001105],[-123.640338,44.001064],[-123.64034,44.001002],[-123.640337,44.000941],[-123.640332,44.000909],[-123.640325,44.000873],[-123.640307,44.000814],[-123.640281,44.00075],[-123.640257,44.000706],[-123.64022,44.000644],[-123.640176,44.000579],[-123.640101,44.000482],[-123.640015,44.000374],[-123.639942,44.000269],[-123.639906,44.000218],[-123.639601,43.999786],[-123.639535,43.999468],[-123.63954,43.99945],[-123.639554,43.999409],[-123.639569,43.999369],[-123.639591,43.999319],[-123.639621,43.999254],[-123.639635,43.999222],[-123.639649,43.999187],[-123.639672,43.999127],[-123.639692,43.999065],[-123.639705,43.999015],[-123.639713,43.99898],[-123.639721,43.998925],[-123.639724,43.998882],[-123.639724,43.998831],[-123.63972,43.998783],[-123.639713,43.998745],[-123.639709,43.998731],[-123.639679,43.998646],[-123.639639,43.998581],[-123.639595,43.998528],[-123.639532,43.998473],[-123.639531,43.998472],[-123.639775,43.998483],[-123.639917,43.998521],[-123.640056,43.998564],[-123.640191,43.998611],[-123.640324,43.998663],[-123.640453,43.99872],[-123.640578,43.998781],[-123.640699,43.998846],[-123.640816,43.998916],[-123.640927,43.998989],[-123.641034,43.999066],[-123.641136,43.999147],[-123.64125,43.999645],[-123.641303,43.999717],[-123.641351,43.999791],[-123.641396,43.999865],[-123.64146,44.000011],[-123.641518,44.000158],[-123.641571,44.000305],[-123.641619,44.000454],[-123.641661,44.000603],[-123.641823,44.000996],[-123.641866,44.001188],[-123.641917,44.001378],[-123.641974,44.001568],[-123.642039,44.001756],[-123.64211,44.001943],[-123.642189,44.002129],[-123.642275,44.002312],[-123.642347,44.002429],[-123.642425,44.002543],[-123.642509,44.002654],[-123.642515,44.002661],[-123.643468,44.003113],[-123.643549,44.003055],[-123.64367,44.003139],[-123.643796,44.003219],[-123.643927,44.003295],[-123.644063,44.003367],[-123.644203,44.003434],[-123.644347,44.003497],[-123.644494,44.003555],[-123.644645,44.003609],[-123.644799,44.003657],[-123.644956,44.003701],[-123.645116,44.00374],[-123.645277,44.003773],[-123.645441,44.003802],[-123.645606,44.003825],[-123.645772,44.003843],[-123.645939,44.003855],[-123.646107,44.003863],[-123.646275,44.003864],[-123.646443,44.003861],[-123.646611,44.003852],[-123.646778,44.003838],[-123.646796,44.00393],[-123.652457,44.002371],[-123.652465,44.002002],[-123.65168,44.002144],[-123.650826,44.002453],[-123.648275,44.003154],[-123.648043,44.003221],[-123.647808,44.003282],[-123.64757,44.003339],[-123.647331,44.00339],[-123.647089,44.003437],[-123.646846,44.003478],[-123.645862,44.003505],[-123.64502,44.003352],[-123.643996,44.002889],[-123.643132,44.001961],[-123.643056,44.001786],[-123.642987,44.00161],[-123.642926,44.001432],[-123.642872,44.001254],[-123.642825,44.001074],[-123.642802,44.000975],[-123.642781,44.000877],[-123.642562,44.000031],[-123.642347,43.999207],[-123.642276,43.999118],[-123.6422,43.99903],[-123.642121,43.998945],[-123.642037,43.998861],[-123.641931,43.998763],[-123.641931,43.998763],[-123.641851,43.998695],[-123.641851,43.998695],[-123.64185,43.998695],[-123.641769,43.998629],[-123.641768,43.998629],[-123.641674,43.998558],[-123.641674,43.998557],[-123.641565,43.998481],[-123.641565,43.99848],[-123.641464,43.998414],[-123.641463,43.998414],[-123.641338,43.998337],[-123.641232,43.998277],[-123.641115,43.998215],[-123.641012,43.998164],[-123.640877,43.998103],[-123.640877,43.998103],[-123.640877,43.998103],[-123.640725,43.998039],[-123.640725,43.998039],[-123.640644,43.998008],[-123.640563,43.997978],[-123.640563,43.997978],[-123.640476,43.997948],[-123.640389,43.99792],[-123.640388,43.99792],[-123.64029,43.99789],[-123.64019,43.997862],[-123.64019,43.997862],[-123.640093,43.997837],[-123.639996,43.997813],[-123.639996,43.997813],[-123.639996,43.997813],[-123.639884,43.997789],[-123.639771,43.997766],[-123.639644,43.997744],[-123.639516,43.997725],[-123.639516,43.997725],[-123.639386,43.997708],[-123.639256,43.997695],[-123.639256,43.997695],[-123.639145,43.997686],[-123.639035,43.997679],[-123.639035,43.997679],[-123.638934,43.997675],[-123.638834,43.997672],[-123.638834,43.997672],[-123.638682,43.997672],[-123.638661,43.997672],[-123.6386,43.997673],[-123.638474,43.997678],[-123.63835,43.997685],[-123.638225,43.997695],[-123.637205,43.99796],[-123.637032,43.997999],[-123.636857,43.998043],[-123.636683,43.998088],[-123.63651,43.998136],[-123.636322,43.998187],[-123.636132,43.998233],[-123.63594,43.998275],[-123.635746,43.998312],[-123.635551,43.998344],[-123.635354,43.998372],[-123.635157,43.998396],[-123.635041,43.998399],[-123.634925,43.998399],[-123.634809,43.998395],[-123.634693,43.998386],[-123.634579,43.998374],[-123.634465,43.998357],[-123.634151,43.99814],[-123.633626,43.998083],[-123.633468,43.997984],[-123.633315,43.997882],[-123.633166,43.997775],[-123.633023,43.997665],[-123.633446,43.997384],[-123.632697,43.997389],[-123.632678,43.998414],[-123.632916,43.998391],[-123.633757,43.998844],[-123.634302,43.99891],[-123.634433,43.998928],[-123.634565,43.998943],[-123.634698,43.998953],[-123.634831,43.99896],[-123.634965,43.998962],[-123.635099,43.99896],[-123.635232,43.998953],[-123.635233,43.998953],[-123.635245,43.998952],[-123.635443,43.998928],[-123.63564,43.9989],[-123.635836,43.998868],[-123.63603,43.998831],[-123.636223,43.998791],[-123.636414,43.998747],[-123.636604,43.998698],[-123.636791,43.998646],[-123.63701,43.998586],[-123.637231,43.99853],[-123.637454,43.998478],[-123.637679,43.998431],[-123.637906,43.998389],[-123.638134,43.998351],[-123.638327,43.998377],[-123.638307,43.998384],[-123.638252,43.998407],[-123.638203,43.998432],[-123.63817,43.99845],[-123.638114,43.998487],[-123.638078,43.998515],[-123.638048,43.998542],[-123.638021,43.998572],[-123.637994,43.998604],[-123.637967,43.998642],[-123.63795,43.998671],[-123.637936,43.998698],[-123.637924,43.998726],[-123.637913,43.998758],[-123.637901,43.998803],[-123.637897,43.998833],[-123.637894,43.998889],[-123.637902,43.99923],[-123.637904,43.999279],[-123.63791,43.999338],[-123.637916,43.999377],[-123.637952,43.999652],[-123.63795,43.99969],[-123.637946,43.999727],[-123.637936,43.999776],[-123.637923,43.999827],[-123.637899,43.999899],[-123.637885,43.999932],[-123.637864,43.999978],[-123.637841,44.000023],[-123.637821,44.000057],[-123.637789,44.000106],[-123.637764,44.00014],[-123.637742,44.000167],[-123.63755,44.000398],[-123.6375,44.000459],[-123.637458,44.000507],[-123.637397,44.000575],[-123.637332,44.000642],[-123.637281,44.000689],[-123.637235,44.000728],[-123.637172,44.000775],[-123.637094,44.000826],[-123.637026,44.000866],[-123.636943,44.000912],[-123.636823,44.000973],[-123.636788,44.00099],[-123.636728,44.001019],[-123.636641,44.001059],[-123.636605,44.001075],[-123.636566,44.001091],[-123.636487,44.001123],[-123.636389,44.001158],[-123.636303,44.001185],[-123.636257,44.001198],[-123.636194,44.001214],[-123.636137,44.001228],[-123.636097,44.001237],[-123.636065,44.001243],[-123.636024,44.001251],[-123.63598,44.001259],[-123.63594,44.001266],[-123.635911,44.00127],[-123.635874,44.001276],[-123.635828,44.001282],[-123.635754,44.00129],[-123.635634,44.001299],[-123.635578,44.001302],[-123.635506,44.001302],[-123.635423,44.001304],[-123.635269,44.00131],[-123.635177,44.001313],[-123.635077,44.001315],[-123.634968,44.001317],[-123.634859,44.001318],[-123.634765,44.001319],[-123.634534,44.001318],[-123.634226,44.001312],[-123.63411,44.001309],[-123.633884,44.001299],[-123.633754,44.001293],[-123.633679,44.001288],[-123.633416,44.001269],[-123.633134,44.001249],[-123.63289,44.001232],[-123.632672,44.001216],[-123.632627,44.001213],[-123.632624,44.001378],[-123.63265,44.00138],[-123.632867,44.001395],[-123.633112,44.001413],[-123.633393,44.001433],[-123.633659,44.001452],[-123.633736,44.001457],[-123.633869,44.001463],[-123.634099,44.001473],[-123.634217,44.001477],[-123.63453,44.001483],[-123.634766,44.001484],[-123.634861,44.001483],[-123.634973,44.001482],[-123.635084,44.00148],[-123.635185,44.001477],[-123.63528,44.001474],[-123.635434,44.001469],[-123.635511,44.001467],[-123.635587,44.001466],[-123.635654,44.001463],[-123.635783,44.001453],[-123.635865,44.001444],[-123.635916,44.001437],[-123.635957,44.001432],[-123.635989,44.001427],[-123.636032,44.001419],[-123.636082,44.001411],[-123.636126,44.001402],[-123.636162,44.001395],[-123.636207,44.001385],[-123.636269,44.001369],[-123.636337,44.001352],[-123.636389,44.001337],[-123.636485,44.001308],[-123.636594,44.001269],[-123.636681,44.001234],[-123.636761,44.001199],[-123.636852,44.001157],[-123.636914,44.001127],[-123.636952,44.001109],[-123.637019,44.001075],[-123.637078,44.001045],[-123.637168,44.000995],[-123.637243,44.000951],[-123.637331,44.000893],[-123.637403,44.000839],[-123.637457,44.000794],[-123.637515,44.000741],[-123.637586,44.000667],[-123.637651,44.000595],[-123.637694,44.000544],[-123.637746,44.000483],[-123.637938,44.000251],[-123.637963,44.00022],[-123.637993,44.00018],[-123.63803,44.000124],[-123.638053,44.000082],[-123.638079,44.000032],[-123.638102,43.999981],[-123.638119,43.999942],[-123.638146,43.999862],[-123.638161,43.999803],[-123.638173,43.999744],[-123.638177,43.9997],[-123.638181,43.999636],[-123.638181,43.999623],[-123.638142,43.99935],[-123.638137,43.999323],[-123.638132,43.99927],[-123.63813,43.999225],[-123.638122,43.998891],[-123.638125,43.998845],[-123.638127,43.998827],[-123.638136,43.998794],[-123.638145,43.998769],[-123.638152,43.998751],[-123.638161,43.998734],[-123.638174,43.998711],[-123.638194,43.998683],[-123.638213,43.99866],[-123.638232,43.998639],[-123.638251,43.998622],[-123.638274,43.998604],[-123.638317,43.998576],[-123.638338,43.998564],[-123.638375,43.998546],[-123.638414,43.998529],[-123.638469,43.99851],[-123.638511,43.998497],[-123.638549,43.998488],[-123.6386,43.998477],[-123.638643,43.998469],[-123.638693,43.998461],[-123.638767,43.998452],[-123.638812,43.998448],[-123.63886,43.998445],[-123.638898,43.998445],[-123.639037,43.998451],[-123.639066,43.998454],[-123.639108,43.998462],[-123.639147,43.998471],[-123.63918,43.998482],[-123.63922,43.998497],[-123.639258,43.998514],[-123.639288,43.99853],[-123.639336,43.99856],[-123.639409,43.998623],[-123.639436,43.998656],[-123.639463,43.9987],[-123.639486,43.998766],[-123.639487,43.998771],[-123.639493,43.9988],[-123.639496,43.998837],[-123.639496,43.998877],[-123.639493,43.998912],[-123.639486,43.998958],[-123.63948,43.998988],[-123.639469,43.999032],[-123.639451,43.999086],[-123.63943,43.999141],[-123.639417,43.999174],[-123.639404,43.999204],[-123.639374,43.999269],[-123.639351,43.999322],[-123.639333,43.999367],[-123.639317,43.999414],[-123.639317,43.999416],[-123.639316,43.999703],[-123.639329,43.999739],[-123.639354,43.99979],[-123.639395,43.999857],[-123.639702,44.000292],[-123.639738,44.000344],[-123.639814,44.000452],[-123.639902,44.000563],[-123.639974,44.000656],[-123.640013,44.000713],[-123.640046,44.000767],[-123.640065,44.000803],[-123.640086,44.000855],[-123.6401,44.000902],[-123.640106,44.00093],[-123.64011,44.000953],[-123.640112,44.001003],[-123.64011,44.001056],[-123.640107,44.001089],[-123.640101,44.001127],[-123.640093,44.001167],[-123.640086,44.001208],[-123.64008,44.001254],[-123.640083,44.001316],[-123.640104,44.00138],[-123.640114,44.001402],[-123.640148,44.001466],[-123.640176,44.001522],[-123.640292,44.00181],[-123.641412,44.0046],[-123.641428,44.004641],[-123.641453,44.004701],[-123.641476,44.004765],[-123.641477,44.004767],[-123.641478,44.004769],[-123.641485,44.00479],[-123.641495,44.004825],[-123.641502,44.004848],[-123.641513,44.004895],[-123.641532,44.004969],[-123.641555,44.005047],[-123.641567,44.005084],[-123.641578,44.005116],[-123.641593,44.00515],[-123.641611,44.005187],[-123.641629,44.005224],[-123.641648,44.005255],[-123.641677,44.005299],[-123.641723,44.005355],[-123.641757,44.005392],[-123.64179,44.005423],[-123.641819,44.00545],[-123.641852,44.005477],[-123.6419,44.005514],[-123.641948,44.005547],[-123.642006,44.005587],[-123.642056,44.005621],[-123.642132,44.005671],[-123.642284,44.005769],[-123.642352,44.005812],[-123.642413,44.005851],[-123.642444,44.005871],[-123.64248,44.005894],[-123.642534,44.005928],[-123.642564,44.005947],[-123.642596,44.005968],[-123.642626,44.005987],[-123.642669,44.006011],[-123.642702,44.006028],[-123.642746,44.006047],[-123.642789,44.006064]]]}},{"type":"Feature","properties":{"MAPTAXLOT":"1808150000100","MAPNUMBER":"18081500","TAXLOT":"100","ACCTNO":"0759710","MAPACRES":277.85181017},"geometry":{"type":"MultiPolygon","coordinates":[[[[-123.63243,44.012122],[-123.637374,44.012113],[-123.642319,44.012105],[-123.647275,44.012136],[-123.652231,44.012167],[-123.652321,44.008468],[-123.652411,44.004769],[-123.651932,44.004769],[-123.651864,44.004791],[-123.651742,44.004826],[-123.651662,44.004845],[-123.651587,44.00486],[-123.651496,44.004876],[-123.651405,44.004887],[-123.651284,44.004899],[-123.651197,44.004907],[-123.651122,44.004915],[-123.651005,44.004926],[-123.650898,44.004937],[-123.650803,44.004946],[-123.650679,44.004959],[-123.650606,44.004967],[-123.650492,44.00498],[-123.650324,44.005002],[-123.650203,44.005019],[-123.650028,44.005046],[-123.649886,44.005069],[-123.649762,44.005089],[-123.649631,44.00511],[-123.649502,44.00513],[-123.649405,44.005145],[-123.649247,44.00517],[-123.649185,44.005182],[-123.649075,44.005204],[-123.649011,44.005219],[-123.648252,44.005404],[-123.648213,44.005414],[-123.648181,44.005423],[-123.648141,44.005435],[-123.648108,44.005445],[-123.648074,44.005456],[-123.648049,44.005465],[-123.648023,44.005474],[-123.647991,44.005485],[-123.64796,44.005496],[-123.647921,44.005511],[-123.647891,44.005522],[-123.647855,44.005536],[-123.647819,44.005549],[-123.647786,44.005562],[-123.647748,44.005577],[-123.647717,44.005589],[-123.647664,44.005609],[-123.647628,44.005623],[-123.647581,44.005641],[-123.647552,44.005652],[-123.647513,44.005667],[-123.64741,44.005706],[-123.647352,44.008461],[-123.642392,44.008455],[-123.637444,44.008448],[-123.637515,44.004763],[-123.637585,44.001075],[-123.637019,44.001075],[-123.636952,44.001109],[-123.636914,44.001127],[-123.636852,44.001157],[-123.636761,44.001199],[-123.636681,44.001234],[-123.636594,44.001269],[-123.636485,44.001308],[-123.636389,44.001337],[-123.636337,44.001352],[-123.636269,44.001369],[-123.636207,44.001385],[-123.636162,44.001395],[-123.636126,44.001402],[-123.636082,44.001411],[-123.636032,44.001419],[-123.635989,44.001427],[-123.635957,44.001432],[-123.635916,44.001437],[-123.635865,44.001444],[-123.635783,44.001453],[-123.635654,44.001463],[-123.635587,44.001466],[-123.635511,44.001467],[-123.635434,44.001469],[-123.63528,44.001474],[-123.635185,44.001477],[-123.635084,44.00148],[-123.634973,44.001482],[-123.634861,44.001483],[-123.634766,44.001484],[-123.63453,44.001483],[-123.634217,44.001477],[-123.634099,44.001473],[-123.633869,44.001463],[-123.633736,44.001457],[-123.633659,44.001452],[-123.633393,44.001433],[-123.633112,44.001413],[-123.632867,44.001395],[-123.63265,44.00138],[-123.632624,44.001378],[-123.632562,44.004761],[-123.632496,44.008441],[-123.63243,44.012122]]],[[[-123.647414,44.005519],[-123.647444,44.005507],[-123.647473,44.005496],[-123.647522,44.005477],[-123.647556,44.005464],[-123.647609,44.005443],[-123.647641,44.005431],[-123.647678,44.005417],[-123.647714,44.005403],[-123.647749,44.00539],[-123.647784,44.005377],[-123.647815,44.005365],[-123.647857,44.005349],[-123.64789,44.005337],[-123.647922,44.005326],[-123.647951,44.005316],[-123.647979,44.005307],[-123.648016,44.005295],[-123.648053,44.005283],[-123.648097,44.00527],[-123.648135,44.00526],[-123.648178,44.005249],[-123.64894,44.005063],[-123.649008,44.005047],[-123.649125,44.005023],[-123.649194,44.00501],[-123.649357,44.004984],[-123.649455,44.004969],[-123.649582,44.004949],[-123.649712,44.004928],[-123.649837,44.004908],[-123.64998,44.004885],[-123.650157,44.004858],[-123.650282,44.00484],[-123.650454,44.004818],[-123.650572,44.004804],[-123.650645,44.004796],[-123.650771,44.004783],[-123.650867,44.004774],[-123.650919,44.004768],[-123.64743,44.004767],[-123.647414,44.005519]]],[[[-123.634968,44.001317],[-123.635077,44.001315],[-123.635177,44.001313],[-123.635269,44.00131],[-123.635423,44.001304],[-123.635506,44.001302],[-123.635578,44.001302],[-123.635634,44.001299],[-123.635754,44.00129],[-123.635828,44.001282],[-123.635874,44.001276],[-123.635911,44.00127],[-123.63594,44.001266],[-123.63598,44.001259],[-123.636024,44.001251],[-123.636065,44.001243],[-123.636097,44.001237],[-123.636137,44.001228],[-123.636194,44.001214],[-123.636257,44.001198],[-123.636303,44.001185],[-123.636389,44.001158],[-123.636487,44.001123],[-123.636566,44.001091],[-123.636605,44.001075],[-123.632629,44.001075],[-123.632627,44.001213],[-123.632672,44.001216],[-123.63289,44.001232],[-123.633134,44.001249],[-123.633416,44.001269],[-123.633679,44.001288],[-123.633754,44.001293],[-123.633884,44.001299],[-123.63411,44.001309],[-123.634226,44.001312],[-123.634534,44.001318],[-123.634765,44.001319],[-123.634859,44.001318],[-123.634968,44.001317]]]]}},{"type":"Feature","properties":{"MAPTAXLOT":"1808150000200","MAPNUMBER":"18081500","TAXLOT":"200","ACCTNO":"0759728","MAPACRES":78.02769195},"geometry":{"type":"MultiPolygon","coordinates":[[[[-123.637444,44.008448],[-123.642392,44.008455],[-123.647352,44.008461],[-123.64741,44.005706],[-123.647187,44.005791],[-123.647126,44.005813],[-123.647082,44.005828],[-123.647041,44.005842],[-123.64699,44.005858],[-123.64692,44.005878],[-123.64687,44.005892],[-123.646814,44.005907],[-123.646758,44.005921],[-123.64671,44.005932],[-123.646656,44.005944],[-123.646607,44.005954],[-123.646571,44.005962],[-123.646517,44.005972],[-123.646443,44.005985],[-123.646408,44.005991],[-123.646366,44.005998],[-123.64633,44.006004],[-123.646285,44.00601],[-123.64624,44.006016],[-123.646208,44.00602],[-123.646165,44.006025],[-123.64538,44.006115],[-123.64534,44.006119],[-123.64531,44.006123],[-123.645276,44.006127],[-123.645246,44.006131],[-123.645208,44.006135],[-123.645171,44.00614],[-123.645145,44.006142],[-123.645113,44.006145],[-123.645078,44.006149],[-123.645056,44.00615],[-123.645034,44.006152],[-123.645027,44.006152],[-123.645019,44.006153],[-123.644996,44.006154],[-123.644971,44.006155],[-123.64365,44.00619],[-123.643607,44.00619],[-123.643571,44.00619],[-123.643534,44.006189],[-123.643499,44.006188],[-123.64346,44.006186],[-123.643415,44.006183],[-123.643363,44.006178],[-123.643312,44.006173],[-123.643274,44.006168],[-123.643219,44.006161],[-123.643174,44.006154],[-123.64311,44.006144],[-123.643055,44.006134],[-123.642992,44.006122],[-123.64294,44.006109],[-123.642888,44.006096],[-123.642844,44.006083],[-123.642789,44.006064],[-123.642746,44.006047],[-123.642702,44.006028],[-123.642669,44.006011],[-123.642626,44.005987],[-123.642596,44.005968],[-123.642564,44.005947],[-123.642534,44.005928],[-123.64248,44.005894],[-123.642444,44.005871],[-123.642413,44.005851],[-123.642352,44.005812],[-123.642284,44.005769],[-123.642132,44.005671],[-123.642056,44.005621],[-123.642006,44.005587],[-123.641948,44.005547],[-123.6419,44.005514],[-123.641852,44.005477],[-123.641819,44.00545],[-123.64179,44.005423],[-123.641757,44.005392],[-123.641723,44.005355],[-123.641677,44.005299],[-123.641648,44.005255],[-123.641629,44.005224],[-123.641611,44.005187],[-123.641593,44.00515],[-123.641578,44.005116],[-123.641567,44.005084],[-123.641555,44.005047],[-123.641532,44.004969],[-123.641513,44.004895],[-123.641502,44.004848],[-123.641495,44.004825],[-123.641485,44.00479],[-123.641478,44.004769],[-123.641477,44.004767],[-123.641476,44.004765],[-123.637515,44.004763],[-123.637444,44.008448]]],[[[-123.641718,44.004792],[-123.641726,44.004817],[-123.641738,44.004866],[-123.641756,44.004938],[-123.641777,44.00501],[-123.641788,44.005044],[-123.641798,44.005071],[-123.64181,44.0051],[-123.641826,44.005133],[-123.641841,44.005163],[-123.641856,44.005187],[-123.641878,44.005222],[-123.641916,44.005268],[-123.641942,44.005296],[-123.641969,44.005322],[-123.641994,44.005344],[-123.642021,44.005366],[-123.642062,44.005398],[-123.642106,44.005429],[-123.642162,44.005468],[-123.642211,44.0055],[-123.642285,44.005548],[-123.642435,44.005646],[-123.642449,44.005654],[-123.642503,44.005688],[-123.642564,44.005728],[-123.642631,44.00577],[-123.642685,44.005805],[-123.642715,44.005824],[-123.642747,44.005844],[-123.642772,44.00586],[-123.642805,44.005879],[-123.642827,44.00589],[-123.64286,44.005904],[-123.642892,44.005917],[-123.642936,44.005932],[-123.642971,44.005943],[-123.643014,44.005954],[-123.643058,44.005964],[-123.643114,44.005975],[-123.643162,44.005984],[-123.643221,44.005993],[-123.643262,44.005999],[-123.643313,44.006006],[-123.643348,44.00601],[-123.643393,44.006015],[-123.64344,44.006019],[-123.643479,44.006022],[-123.643512,44.006024],[-123.643543,44.006025],[-123.643575,44.006025],[-123.643606,44.006026],[-123.643643,44.006025],[-123.644961,44.00599],[-123.644983,44.005989],[-123.645002,44.005988],[-123.645015,44.005988],[-123.645033,44.005986],[-123.645053,44.005985],[-123.645084,44.005982],[-123.645113,44.005979],[-123.645136,44.005977],[-123.645172,44.005973],[-123.645209,44.005968],[-123.645237,44.005965],[-123.645273,44.005961],[-123.645303,44.005957],[-123.645343,44.005952],[-123.646129,44.005863],[-123.646171,44.005858],[-123.6462,44.005854],[-123.646242,44.005848],[-123.646284,44.005842],[-123.646317,44.005837],[-123.646358,44.005831],[-123.64639,44.005825],[-123.64646,44.005813],[-123.64651,44.005803],[-123.646543,44.005796],[-123.64659,44.005786],[-123.646641,44.005775],[-123.646685,44.005765],[-123.646738,44.005752],[-123.646791,44.005738],[-123.646836,44.005725],[-123.646901,44.005706],[-123.646948,44.005691],[-123.646985,44.005679],[-123.647025,44.005665],[-123.647082,44.005644],[-123.647407,44.005521],[-123.647414,44.005519],[-123.64743,44.004767],[-123.642467,44.004765],[-123.641711,44.004765],[-123.641718,44.004792]]]]}},{"type":"Feature","properties":{"MAPTAXLOT":"1808150000300","MAPNUMBER":"18081500","TAXLOT":"300","ACCTNO":"0759736","MAPACRES":63.52548465},"geometry":{"type":"MultiPolygon","coordinates":[[[[-123.642825,44.001074],[-123.642872,44.001254],[-123.642926,44.001432],[-123.642987,44.00161],[-123.643056,44.001786],[-123.643132,44.001961],[-123.643996,44.002889],[-123.64502,44.003352],[-123.645862,44.003505],[-123.646846,44.003478],[-123.647089,44.003437],[-123.647331,44.00339],[-123.64757,44.003339],[-123.647808,44.003282],[-123.648043,44.003221],[-123.648275,44.003154],[-123.650826,44.002453],[-123.65168,44.002144],[-123.652465,44.002002],[-123.652483,44.001072],[-123.647507,44.001073],[-123.642825,44.001074]]],[[[-123.642497,44.003235],[-123.6426,44.003324],[-123.642708,44.003409],[-123.642822,44.003491],[-123.64294,44.003568],[-123.643064,44.003642],[-123.643192,44.003712],[-123.643325,44.003777],[-123.643462,44.003837],[-123.643602,44.003893],[-123.643746,44.003944],[-123.643893,44.00399],[-123.644043,44.004032],[-123.644195,44.004068],[-123.64435,44.004099],[-123.644506,44.004124],[-123.644664,44.004145],[-123.644823,44.00416],[-123.644982,44.00417],[-123.645143,44.004174],[-123.645303,44.004173],[-123.645463,44.004166],[-123.645623,44.004155],[-123.645781,44.004137],[-123.645987,44.004103],[-123.646191,44.004065],[-123.646394,44.004024],[-123.646596,44.003979],[-123.646796,44.00393],[-123.646778,44.003838],[-123.646611,44.003852],[-123.646443,44.003861],[-123.646275,44.003864],[-123.646107,44.003863],[-123.645939,44.003855],[-123.645772,44.003843],[-123.645606,44.003825],[-123.645441,44.003802],[-123.645277,44.003773],[-123.645116,44.00374],[-123.644956,44.003701],[-123.644799,44.003657],[-123.644645,44.003609],[-123.644494,44.003555],[-123.644347,44.003497],[-123.644203,44.003434],[-123.644063,44.003367],[-123.643927,44.003295],[-123.643796,44.003219],[-123.64367,44.003139],[-123.643549,44.003055],[-123.643468,44.003113],[-123.642515,44.002661],[-123.642509,44.002654],[-123.642497,44.003235]]],[[[-123.642467,44.004765],[-123.64743,44.004767],[-123.650919,44.004768],[-123.650975,44.004763],[-123.651091,44.004751],[-123.651167,44.004744],[-123.651254,44.004736],[-123.65137,44.004725],[-123.651451,44.004714],[-123.65153,44.004701],[-123.651594,44.004688],[-123.651664,44.004671],[-123.651775,44.004639],[-123.651862,44.004611],[-123.651941,44.004583],[-123.652003,44.00456],[-123.6521,44.004521],[-123.652217,44.004472],[-123.65228,44.004445],[-123.652358,44.004412],[-123.652418,44.004386],[-123.65245,44.002739],[-123.652452,44.002667],[-123.647087,44.004146],[-123.646846,44.004208],[-123.646603,44.004265],[-123.646358,44.004317],[-123.646111,44.004364],[-123.645862,44.004406],[-123.645697,44.004424],[-123.645531,44.004437],[-123.645364,44.004446],[-123.645197,44.004448],[-123.64503,44.004446],[-123.644863,44.004438],[-123.644697,44.004425],[-123.644532,44.004407],[-123.644368,44.004383],[-123.644206,44.004355],[-123.644045,44.004321],[-123.643887,44.004283],[-123.643731,44.004239],[-123.643578,44.00419],[-123.643428,44.004137],[-123.643282,44.004079],[-123.643139,44.004016],[-123.643,44.003949],[-123.642866,44.003878],[-123.642735,44.003802],[-123.64261,44.003723],[-123.642489,44.003639],[-123.642467,44.004765]]],[[[-123.652396,44.004587],[-123.652332,44.004614],[-123.652212,44.004664],[-123.65211,44.004705],[-123.652045,44.004729],[-123.65196,44.00476],[-123.651932,44.004769],[-123.652411,44.004769],[-123.652414,44.004579],[-123.652396,44.004587]]]]}},{"type":"Feature","properties":{"MAPTAXLOT":"1808150000400","MAPNUMBER":"18081500","TAXLOT":"400","ACCTNO":"0759744","MAPACRES":84.52719199},"geometry":{"type":"Polygon","coordinates":[[[-123.642825,44.001074],[-123.647507,44.001073],[-123.652483,44.001072],[-123.652554,43.997375],[-123.647585,43.997346],[-123.642616,43.997317],[-123.641273,43.997327],[-123.641394,43.997435],[-123.641812,43.998004],[-123.641994,43.998411],[-123.642037,43.998861],[-123.642121,43.998945],[-123.6422,43.99903],[-123.642276,43.999118],[-123.642347,43.999207],[-123.642562,44.000031],[-123.642781,44.000877],[-123.642802,44.000975],[-123.642825,44.001074]]]}},{"type":"Feature","properties":{"MAPTAXLOT":"1808150000500","MAPNUMBER":"18081500","TAXLOT":"500","ACCTNO":"0759751","MAPACRES":70.76884682},"geometry":{"type":"MultiPolygon","coordinates":[[[[-123.639316,43.999703],[-123.639194,43.999675],[-123.63907,43.999653],[-123.638945,43.999635],[-123.638818,43.999621],[-123.638691,43.999612],[-123.638563,43.999608],[-123.638436,43.999608],[-123.638308,43.999613],[-123.638181,43.999623],[-123.638181,43.999636],[-123.638177,43.9997],[-123.638173,43.999744],[-123.638161,43.999803],[-123.638146,43.999862],[-123.638119,43.999942],[-123.638102,43.999981],[-123.638079,44.000032],[-123.638053,44.000082],[-123.63803,44.000124],[-123.637993,44.00018],[-123.637963,44.00022],[-123.637938,44.000251],[-123.637746,44.000483],[-123.637694,44.000544],[-123.637651,44.000595],[-123.637586,44.000667],[-123.637515,44.000741],[-123.637457,44.000794],[-123.637403,44.000839],[-123.637331,44.000893],[-123.637243,44.000951],[-123.637168,44.000995],[-123.637078,44.001045],[-123.637019,44.001075],[-123.637585,44.001075],[-123.637515,44.004763],[-123.641476,44.004765],[-123.641453,44.004701],[-123.641428,44.004641],[-123.641412,44.0046],[-123.640292,44.00181],[-123.640176,44.001522],[-123.640148,44.001466],[-123.640114,44.001402],[-123.640104,44.00138],[-123.640083,44.001316],[-123.64008,44.001254],[-123.640086,44.001208],[-123.640093,44.001167],[-123.640101,44.001127],[-123.640107,44.001089],[-123.64011,44.001056],[-123.640112,44.001003],[-123.64011,44.000953],[-123.640106,44.00093],[-123.6401,44.000902],[-123.640086,44.000855],[-123.640065,44.000803],[-123.640046,44.000767],[-123.640013,44.000713],[-123.639974,44.000656],[-123.639902,44.000563],[-123.639814,44.000452],[-123.639738,44.000344],[-123.639702,44.000292],[-123.639395,43.999857],[-123.639354,43.99979],[-123.639329,43.999739],[-123.639316,43.999703]]],[[[-123.638142,43.99935],[-123.638279,43.99934],[-123.638418,43.999334],[-123.638423,43.999334],[-123.638424,43.999334],[-123.638424,43.999334],[-123.638428,43.999334],[-123.638434,43.999334],[-123.638437,43.999334],[-123.638516,43.999333],[-123.638595,43.999334],[-123.638741,43.99934],[-123.638887,43.999351],[-123.639032,43.999367],[-123.639175,43.999389],[-123.639317,43.999416],[-123.639317,43.999414],[-123.639333,43.999367],[-123.639351,43.999322],[-123.639374,43.999269],[-123.639404,43.999204],[-123.639417,43.999174],[-123.63943,43.999141],[-123.639451,43.999086],[-123.639469,43.999032],[-123.63948,43.998988],[-123.639486,43.998958],[-123.639493,43.998912],[-123.639496,43.998877],[-123.639496,43.998837],[-123.639493,43.9988],[-123.639487,43.998771],[-123.639486,43.998766],[-123.639463,43.9987],[-123.639436,43.998656],[-123.639409,43.998623],[-123.639336,43.99856],[-123.639288,43.99853],[-123.639258,43.998514],[-123.63922,43.998497],[-123.63918,43.998482],[-123.639147,43.998471],[-123.639108,43.998462],[-123.639066,43.998454],[-123.639037,43.998451],[-123.638898,43.998445],[-123.63886,43.998445],[-123.638812,43.998448],[-123.638767,43.998452],[-123.638693,43.998461],[-123.638643,43.998469],[-123.6386,43.998477],[-123.638549,43.998488],[-123.638511,43.998497],[-123.638469,43.99851],[-123.638414,43.998529],[-123.638375,43.998546],[-123.638338,43.998564],[-123.638317,43.998576],[-123.638274,43.998604],[-123.638251,43.998622],[-123.638232,43.998639],[-123.638213,43.99866],[-123.638194,43.998683],[-123.638174,43.998711],[-123.638161,43.998734],[-123.638152,43.998751],[-123.638145,43.998769],[-123.638136,43.998794],[-123.638127,43.998827],[-123.638125,43.998845],[-123.638122,43.998891],[-123.63813,43.999225],[-123.638132,43.99927],[-123.638137,43.999323],[-123.638142,43.99935]]],[[[-123.63266,43.999388],[-123.632738,43.999467],[-123.632822,43.999543],[-123.632911,43.999616],[-123.633005,43.999685],[-123.633104,43.99975],[-123.633208,43.999812],[-123.633317,43.999869],[-123.633429,43.999922],[-123.633545,43.999971],[-123.633665,44.000015],[-123.633787,44.000055],[-123.633912,44.00009],[-123.63404,44.00012],[-123.63417,44.000145],[-123.634301,44.000165],[-123.634434,44.00018],[-123.634568,44.00019],[-123.634702,44.000195],[-123.634836,44.000195],[-123.63497,44.000189],[-123.635104,44.000179],[-123.635236,44.000163],[-123.635368,44.000142],[-123.635497,44.000117],[-123.635532,44.000109],[-123.635713,44.00006],[-123.635892,44.000007],[-123.636068,43.99995],[-123.636242,43.999889],[-123.636876,43.99966],[-123.637062,43.999596],[-123.63725,43.999536],[-123.637441,43.999481],[-123.637634,43.99943],[-123.637774,43.999401],[-123.637916,43.999377],[-123.63791,43.999338],[-123.637904,43.999279],[-123.637902,43.99923],[-123.637894,43.998889],[-123.637897,43.998833],[-123.637901,43.998803],[-123.637913,43.998758],[-123.637924,43.998726],[-123.637936,43.998698],[-123.63795,43.998671],[-123.637967,43.998642],[-123.637994,43.998604],[-123.638021,43.998572],[-123.638048,43.998542],[-123.638078,43.998515],[-123.638114,43.998487],[-123.63817,43.99845],[-123.638203,43.998432],[-123.638252,43.998407],[-123.638307,43.998384],[-123.638327,43.998377],[-123.638134,43.998351],[-123.637906,43.998389],[-123.637679,43.998431],[-123.637454,43.998478],[-123.637231,43.99853],[-123.63701,43.998586],[-123.636791,43.998646],[-123.636604,43.998698],[-123.636414,43.998747],[-123.636223,43.998791],[-123.63603,43.998831],[-123.635836,43.998868],[-123.63564,43.9989],[-123.635443,43.998928],[-123.635245,43.998952],[-123.635233,43.998953],[-123.635232,43.998953],[-123.635099,43.99896],[-123.634965,43.998962],[-123.634831,43.99896],[-123.634698,43.998953],[-123.634565,43.998943],[-123.634433,43.998928],[-123.634302,43.99891],[-123.633757,43.998844],[-123.632916,43.998391],[-123.632678,43.998414],[-123.63266,43.999388]]],[[[-123.632629,44.001075],[-123.636605,44.001075],[-123.636641,44.001059],[-123.636728,44.001019],[-123.636788,44.00099],[-123.636823,44.000973],[-123.636943,44.000912],[-123.637026,44.000866],[-123.637094,44.000826],[-123.637172,44.000775],[-123.637235,44.000728],[-123.637281,44.000689],[-123.637332,44.000642],[-123.637397,44.000575],[-123.637458,44.000507],[-123.6375,44.000459],[-123.63755,44.000398],[-123.637742,44.000167],[-123.637764,44.00014],[-123.637789,44.000106],[-123.637821,44.000057],[-123.637841,44.000023],[-123.637864,43.999978],[-123.637885,43.999932],[-123.637899,43.999899],[-123.637923,43.999827],[-123.637936,43.999776],[-123.637946,43.999727],[-123.63795,43.99969],[-123.637952,43.999652],[-123.637855,43.999669],[-123.637758,43.99969],[-123.637576,43.999737],[-123.637397,43.999789],[-123.63722,43.999845],[-123.637046,43.999905],[-123.636416,44.000133],[-123.636415,44.000133],[-123.63623,44.000199],[-123.636042,44.000259],[-123.635852,44.000316],[-123.635659,44.000368],[-123.635516,44.000398],[-123.635372,44.000423],[-123.635226,44.000443],[-123.635078,44.000457],[-123.63493,44.000466],[-123.634782,44.00047],[-123.634633,44.000468],[-123.634485,44.000461],[-123.634337,44.000448],[-123.634191,44.000429],[-123.634046,44.000406],[-123.633903,44.000377],[-123.633762,44.000342],[-123.633624,44.000303],[-123.633488,44.000259],[-123.633356,44.000209],[-123.633228,44.000155],[-123.633104,44.000096],[-123.632984,44.000033],[-123.632868,43.999965],[-123.632758,43.999893],[-123.632652,43.999818],[-123.632629,44.001075]]],[[[-123.639532,43.998473],[-123.639595,43.998528],[-123.639639,43.998581],[-123.639679,43.998646],[-123.639709,43.998731],[-123.639713,43.998745],[-123.63972,43.998783],[-123.639724,43.998831],[-123.639724,43.998882],[-123.639721,43.998925],[-123.639713,43.99898],[-123.639705,43.999015],[-123.639692,43.999065],[-123.639672,43.999127],[-123.639649,43.999187],[-123.639635,43.999222],[-123.639621,43.999254],[-123.639591,43.999319],[-123.639569,43.999369],[-123.639554,43.999409],[-123.63954,43.99945],[-123.639535,43.999468],[-123.639672,43.999508],[-123.639807,43.999553],[-123.639938,43.999603],[-123.640065,43.999658],[-123.640189,43.999718],[-123.640308,43.999782],[-123.640422,43.99985],[-123.640532,43.999923],[-123.640636,43.999999],[-123.640734,44.000079],[-123.640827,44.000163],[-123.640914,44.00025],[-123.640994,44.00034],[-123.641069,44.000432],[-123.641136,44.000528],[-123.641197,44.000626],[-123.641268,44.000765],[-123.641332,44.000906],[-123.64139,44.001049],[-123.641442,44.001192],[-123.641684,44.001875],[-123.641745,44.002046],[-123.641813,44.002216],[-123.641888,44.002384],[-123.64197,44.00255],[-123.642058,44.002715],[-123.642125,44.002816],[-123.642133,44.002826],[-123.642139,44.002835],[-123.64214,44.002837],[-123.642146,44.002845],[-123.642147,44.002846],[-123.642153,44.002854],[-123.642154,44.002856],[-123.642155,44.002857],[-123.642169,44.002876],[-123.642169,44.002877],[-123.642175,44.002884],[-123.642181,44.002892],[-123.642184,44.002896],[-123.642185,44.002896],[-123.64219,44.002903],[-123.642195,44.00291],[-123.6422,44.002916],[-123.6422,44.002916],[-123.642215,44.002936],[-123.642215,44.002936],[-123.642231,44.002955],[-123.642231,44.002955],[-123.642247,44.002975],[-123.642264,44.002994],[-123.642269,44.003],[-123.642274,44.003007],[-123.64228,44.003013],[-123.64228,44.003013],[-123.642297,44.003032],[-123.642297,44.003032],[-123.642314,44.003051],[-123.642331,44.00307],[-123.642332,44.00307],[-123.642335,44.003074],[-123.642339,44.003078],[-123.64234,44.00308],[-123.642344,44.003084],[-123.642349,44.003089],[-123.642367,44.003108],[-123.642367,44.003108],[-123.642372,44.003113],[-123.642376,44.003117],[-123.642376,44.003117],[-123.642376,44.003117],[-123.64238,44.003122],[-123.642385,44.003126],[-123.642403,44.003145],[-123.642497,44.003235],[-123.642509,44.002654],[-123.642425,44.002543],[-123.642347,44.002429],[-123.642275,44.002312],[-123.642189,44.002129],[-123.64211,44.001943],[-123.642039,44.001756],[-123.641974,44.001568],[-123.641917,44.001378],[-123.641866,44.001188],[-123.641823,44.000996],[-123.641661,44.000603],[-123.641619,44.000454],[-123.641571,44.000305],[-123.641518,44.000158],[-123.64146,44.000011],[-123.641396,43.999865],[-123.641351,43.999791],[-123.641303,43.999717],[-123.64125,43.999645],[-123.641136,43.999147],[-123.641034,43.999066],[-123.640927,43.998989],[-123.640816,43.998916],[-123.640699,43.998846],[-123.640578,43.998781],[-123.640453,43.99872],[-123.640324,43.998663],[-123.640191,43.998611],[-123.640056,43.998564],[-123.639917,43.998521],[-123.639775,43.998483],[-123.639531,43.998472],[-123.639532,43.998473]]],[[[-123.641631,44.004554],[-123.641647,44.004595],[-123.641673,44.004657],[-123.641699,44.004729],[-123.641707,44.004754],[-123.641711,44.004765],[-123.642467,44.004765],[-123.642489,44.003639],[-123.642465,44.003622],[-123.642377,44.003555],[-123.642292,44.003485],[-123.64225,44.00345],[-123.64223,44.003432],[-123.642216,44.00342],[-123.642163,44.003371],[-123.64215,44.003359],[-123.642144,44.003353],[-123.642137,44.003347],[-123.642112,44.003322],[-123.642112,44.003322],[-123.642112,44.003322],[-123.641882,44.003443],[-123.64185,44.003412],[-123.641758,44.003314],[-123.641671,44.003214],[-123.64159,44.003112],[-123.641514,44.003007],[-123.641445,44.0029],[-123.641364,44.002752],[-123.641289,44.002602],[-123.641219,44.002451],[-123.641154,44.002298],[-123.641093,44.002145],[-123.641039,44.001991],[-123.640796,44.001307],[-123.640769,44.001228],[-123.640739,44.00115],[-123.641013,44.001094],[-123.640962,44.00097],[-123.640905,44.000846],[-123.640842,44.000725],[-123.640825,44.000695],[-123.640767,44.000608],[-123.640703,44.000522],[-123.640633,44.000439],[-123.640556,44.000359],[-123.640474,44.000282],[-123.640387,44.000209],[-123.640294,44.000139],[-123.640196,44.000072],[-123.640093,44.000009],[-123.639986,43.999951],[-123.639875,43.999896],[-123.63976,43.999846],[-123.639641,43.9998],[-123.639601,43.999786],[-123.639906,44.000218],[-123.639942,44.000269],[-123.640015,44.000374],[-123.640101,44.000482],[-123.640176,44.000579],[-123.64022,44.000644],[-123.640257,44.000706],[-123.640281,44.00075],[-123.640307,44.000814],[-123.640325,44.000873],[-123.640332,44.000909],[-123.640337,44.000941],[-123.64034,44.001002],[-123.640338,44.001064],[-123.640334,44.001105],[-123.640327,44.001149],[-123.640319,44.001189],[-123.640313,44.001225],[-123.640309,44.001258],[-123.64031,44.001294],[-123.640324,44.001336],[-123.640329,44.001348],[-123.640362,44.001408],[-123.640393,44.001471],[-123.640511,44.001764],[-123.641631,44.004554]]]]}},{"type":"Feature","properties":{"MAPTAXLOT":"1808160000077","MAPNUMBER":"18081600","TAXLOT":"77","ACCTNO":"000None","MAPACRES":44.1573223},"geometry":{"type":"MultiPolygon","coordinates":[[[[-123.663019,44.010581],[-123.663103,44.010592],[-123.663165,44.0106],[-123.663797,44.010671],[-123.663826,44.010674],[-123.663851,44.010677],[-123.663873,44.010679],[-123.663897,44.010681],[-123.663907,44.010682],[-123.663917,44.010683],[-123.66395,44.010686],[-123.663972,44.010688],[-123.663982,44.010689],[-123.663992,44.010689],[-123.66403,44.010692],[-123.664065,44.010694],[-123.664095,44.010695],[-123.664122,44.010696],[-123.664151,44.010697],[-123.664177,44.010697],[-123.664205,44.010698],[-123.664231,44.010698],[-123.664254,44.010698],[-123.664276,44.010697],[-123.664891,44.010688],[-123.664933,44.010687],[-123.664988,44.010685],[-123.665069,44.010681],[-123.665119,44.010677],[-123.66521,44.01067],[-123.665314,44.010659],[-123.665428,44.010646],[-123.665508,44.010635],[-123.665607,44.01062],[-123.665697,44.010605],[-123.665841,44.010576],[-123.666808,44.010356],[-123.666861,44.010343],[-123.666887,44.010337],[-123.666926,44.010327],[-123.666934,44.010325],[-123.666943,44.010322],[-123.666981,44.010312],[-123.667021,44.010301],[-123.667063,44.010288],[-123.667102,44.010276],[-123.667139,44.010263],[-123.667195,44.010243],[-123.667224,44.010232],[-123.667261,44.010217],[-123.667301,44.010201],[-123.667339,44.010183],[-123.667373,44.010167],[-123.66741,44.01015],[-123.667451,44.010129],[-123.667483,44.010113],[-123.667517,44.010097],[-123.667736,44.009987],[-123.667772,44.009969],[-123.667799,44.009952],[-123.667817,44.009941],[-123.667841,44.009924],[-123.667858,44.009912],[-123.667885,44.009892],[-123.667905,44.009876],[-123.667934,44.009854],[-123.667953,44.00984],[-123.667987,44.009815],[-123.668382,44.009527],[-123.668409,44.009508],[-123.668432,44.009491],[-123.668439,44.009486],[-123.668445,44.009481],[-123.668477,44.009456],[-123.668496,44.009442],[-123.668523,44.009419],[-123.66853,44.009413],[-123.668536,44.009408],[-123.668565,44.009383],[-123.66859,44.009361],[-123.668614,44.00934],[-123.668639,44.009318],[-123.668657,44.009301],[-123.668685,44.009275],[-123.668691,44.009269],[-123.668697,44.009263],[-123.668718,44.009241],[-123.668746,44.00921],[-123.668764,44.009188],[-123.668778,44.009169],[-123.668799,44.009141],[-123.668815,44.009122],[-123.668829,44.009103],[-123.668849,44.00908],[-123.668869,44.009059],[-123.668896,44.009032],[-123.668919,44.009009],[-123.668941,44.008987],[-123.669176,44.008757],[-123.669203,44.00873],[-123.66923,44.008704],[-123.66927,44.008664],[-123.669297,44.008636],[-123.669332,44.008593],[-123.669357,44.008557],[-123.669393,44.008502],[-123.669436,44.008432],[-123.670337,44.007008],[-123.670346,44.006991],[-123.670369,44.006946],[-123.670405,44.006867],[-123.670416,44.006842],[-123.670452,44.006747],[-123.670485,44.006649],[-123.670498,44.006606],[-123.670524,44.006516],[-123.670541,44.006454],[-123.670558,44.006392],[-123.670575,44.006325],[-123.670594,44.006239],[-123.670606,44.006179],[-123.670624,44.006063],[-123.67069,44.005501],[-123.670692,44.005474],[-123.670693,44.005467],[-123.670693,44.00546],[-123.670694,44.005434],[-123.670693,44.005403],[-123.670693,44.005399],[-123.670693,44.005394],[-123.670693,44.005377],[-123.670692,44.005343],[-123.670691,44.005322],[-123.670689,44.005293],[-123.670688,44.005258],[-123.670684,44.005226],[-123.670617,44.004705],[-123.670388,44.004705],[-123.670457,44.005241],[-123.67046,44.005268],[-123.670462,44.005299],[-123.670463,44.005328],[-123.670464,44.005348],[-123.670465,44.005378],[-123.670465,44.005397],[-123.670465,44.005408],[-123.670466,44.005434],[-123.670465,44.005452],[-123.670464,44.005465],[-123.670463,44.005491],[-123.670397,44.006047],[-123.67038,44.006158],[-123.670369,44.006215],[-123.67035,44.006297],[-123.670334,44.006361],[-123.670317,44.006422],[-123.670301,44.006483],[-123.670275,44.006571],[-123.670263,44.006612],[-123.670231,44.006706],[-123.670197,44.006795],[-123.670188,44.006816],[-123.670154,44.006892],[-123.670132,44.006934],[-123.670127,44.006945],[-123.669228,44.008364],[-123.669185,44.008433],[-123.669152,44.008485],[-123.669132,44.008513],[-123.669104,44.008547],[-123.669083,44.00857],[-123.669047,44.008607],[-123.669021,44.008631],[-123.668992,44.008659],[-123.668757,44.008891],[-123.668735,44.008912],[-123.668712,44.008935],[-123.668681,44.008965],[-123.668657,44.008992],[-123.668634,44.009019],[-123.668617,44.00904],[-123.6686,44.009062],[-123.66858,44.009088],[-123.668566,44.009106],[-123.668551,44.009124],[-123.668529,44.009149],[-123.66851,44.009168],[-123.668501,44.009177],[-123.668476,44.009201],[-123.66846,44.009216],[-123.668438,44.009236],[-123.668414,44.009257],[-123.66839,44.009278],[-123.668362,44.009301],[-123.66835,44.009312],[-123.668325,44.009332],[-123.668309,44.009345],[-123.668281,44.009367],[-123.668269,44.009376],[-123.668248,44.009391],[-123.668222,44.009409],[-123.667824,44.0097],[-123.667791,44.009725],[-123.667771,44.009739],[-123.66774,44.009763],[-123.66772,44.009778],[-123.667696,44.009796],[-123.667681,44.009806],[-123.667662,44.00982],[-123.66765,44.009828],[-123.667631,44.009839],[-123.667605,44.009852],[-123.66739,44.009961],[-123.667356,44.009976],[-123.667322,44.009994],[-123.667281,44.010014],[-123.667248,44.01003],[-123.667216,44.010045],[-123.667183,44.01006],[-123.667148,44.010074],[-123.667116,44.010087],[-123.667092,44.010096],[-123.66704,44.010115],[-123.667008,44.010126],[-123.666974,44.010137],[-123.666936,44.010148],[-123.666899,44.010158],[-123.666864,44.010168],[-123.666849,44.010172],[-123.666812,44.010181],[-123.666789,44.010187],[-123.666738,44.010199],[-123.665918,44.010385],[-123.665775,44.010418],[-123.66564,44.010445],[-123.665558,44.01046],[-123.665464,44.010474],[-123.665389,44.010484],[-123.66528,44.010496],[-123.665181,44.010506],[-123.665094,44.010514],[-123.665049,44.010517],[-123.664974,44.010521],[-123.664924,44.010523],[-123.664886,44.010524],[-123.664272,44.010533],[-123.664252,44.010533],[-123.66423,44.010533],[-123.664207,44.010533],[-123.664182,44.010533],[-123.664159,44.010532],[-123.664132,44.010532],[-123.664107,44.010531],[-123.66408,44.01053],[-123.664049,44.010528],[-123.664014,44.010526],[-123.663996,44.010524],[-123.663976,44.010523],[-123.663945,44.01052],[-123.663926,44.010518],[-123.663904,44.010516],[-123.663884,44.010514],[-123.663859,44.010511],[-123.663831,44.010508],[-123.663488,44.01047],[-123.663202,44.010437],[-123.663144,44.01043],[-123.663065,44.010419],[-123.663013,44.010411],[-123.662938,44.010398],[-123.662862,44.010384],[-123.662803,44.010371],[-123.662731,44.010356],[-123.66266,44.010339],[-123.662596,44.010323],[-123.662528,44.010305],[-123.662468,44.010288],[-123.6624,44.010266],[-123.662208,44.0102],[-123.662153,44.01018],[-123.662078,44.010151],[-123.662006,44.010122],[-123.661943,44.010096],[-123.661888,44.010072],[-123.661829,44.010047],[-123.660763,44.009586],[-123.660723,44.009568],[-123.660676,44.009545],[-123.660634,44.009523],[-123.660573,44.00949],[-123.660546,44.009474],[-123.660507,44.009451],[-123.660454,44.009419],[-123.660405,44.009389],[-123.660366,44.009365],[-123.660328,44.009341],[-123.660293,44.009319],[-123.660263,44.0093],[-123.660224,44.009274],[-123.660198,44.009255],[-123.660164,44.009231],[-123.660142,44.009215],[-123.660128,44.009204],[-123.659373,44.008618],[-123.65934,44.008592],[-123.659295,44.008555],[-123.659256,44.008522],[-123.659219,44.008491],[-123.659184,44.00846],[-123.659144,44.008425],[-123.65911,44.008395],[-123.659087,44.008374],[-123.659056,44.008346],[-123.659032,44.008324],[-123.659011,44.008304],[-123.65825,44.00757],[-123.658217,44.007539],[-123.658191,44.007513],[-123.658163,44.007484],[-123.65813,44.007451],[-123.6581,44.007419],[-123.658071,44.007388],[-123.658028,44.007341],[-123.658013,44.007325],[-123.657992,44.0073],[-123.65796,44.007265],[-123.657931,44.007231],[-123.657876,44.007169],[-123.657296,44.00651],[-123.657275,44.006485],[-123.657264,44.006473],[-123.657234,44.006439],[-123.657204,44.006402],[-123.657176,44.006367],[-123.657155,44.006339],[-123.657135,44.006311],[-123.657111,44.006275],[-123.657091,44.006244],[-123.65707,44.006213],[-123.655543,44.003878],[-123.655506,44.003821],[-123.655473,44.003772],[-123.655447,44.003738],[-123.655419,44.003702],[-123.655388,44.003668],[-123.655346,44.003627],[-123.655303,44.003591],[-123.655253,44.003557],[-123.655219,44.003536],[-123.655153,44.003505],[-123.655117,44.00349],[-123.655066,44.003472],[-123.655035,44.003462],[-123.655029,44.003461],[-123.65508,44.003175],[-123.655127,44.00283],[-123.65513,44.002817],[-123.655132,44.002812],[-123.655135,44.002804],[-123.655139,44.002795],[-123.655145,44.002785],[-123.655152,44.002774],[-123.655159,44.002765],[-123.655169,44.002753],[-123.655181,44.002739],[-123.655196,44.002724],[-123.655207,44.002712],[-123.655231,44.002688],[-123.655243,44.002675],[-123.655266,44.00265],[-123.655282,44.00263],[-123.655373,44.002514],[-123.655387,44.002499],[-123.655397,44.002489],[-123.655408,44.002477],[-123.65542,44.002467],[-123.655429,44.002459],[-123.655439,44.002449],[-123.655457,44.002433],[-123.655465,44.002425],[-123.655468,44.002422],[-123.655679,44.00219],[-123.655738,44.002211],[-123.655745,44.002214],[-123.655553,44.002451],[-123.655663,44.002493],[-123.655769,44.002538],[-123.655841,44.002572],[-123.655842,44.002572],[-123.65602,44.002328],[-123.656091,44.002363],[-123.656162,44.0024],[-123.656232,44.002439],[-123.656255,44.002452],[-123.656301,44.002479],[-123.656323,44.002492],[-123.656367,44.00252],[-123.656466,44.002368],[-123.656607,44.002418],[-123.656746,44.002472],[-123.656882,44.00253],[-123.657015,44.002592],[-123.657144,44.002657],[-123.65727,44.002726],[-123.657392,44.002799],[-123.65751,44.002874],[-123.657693,44.003011],[-123.657873,44.003151],[-123.658047,44.003295],[-123.658216,44.003441],[-123.65838,44.00359],[-123.658539,44.003743],[-123.658693,44.003898],[-123.659624,44.004834],[-123.659786,44.004997],[-123.659953,44.005158],[-123.660126,44.005315],[-123.660304,44.005469],[-123.660488,44.00562],[-123.660677,44.005768],[-123.66087,44.005912],[-123.661011,44.006],[-123.661157,44.006084],[-123.661307,44.006163],[-123.661462,44.006239],[-123.66162,44.006309],[-123.661782,44.006375],[-123.661948,44.006436],[-123.662117,44.006493],[-123.66229,44.006544],[-123.662464,44.00659],[-123.662642,44.006632],[-123.662821,44.006668],[-123.663002,44.006698],[-123.663185,44.006724],[-123.663369,44.006744],[-123.663555,44.006759],[-123.66374,44.006769],[-123.663927,44.006773],[-123.664113,44.006772],[-123.664299,44.006765],[-123.664484,44.006753],[-123.664669,44.006735],[-123.664853,44.006713],[-123.665035,44.006685],[-123.665215,44.006651],[-123.665394,44.006613],[-123.66557,44.006569],[-123.665744,44.006521],[-123.665914,44.006467],[-123.666082,44.006408],[-123.666246,44.006345],[-123.666407,44.006277],[-123.666564,44.006204],[-123.666716,44.006127],[-123.666864,44.006045],[-123.667008,44.005959],[-123.667146,44.00587],[-123.66728,44.005776],[-123.667408,44.005678],[-123.66753,44.005577],[-123.667647,44.005472],[-123.667758,44.005364],[-123.667863,44.005253],[-123.667961,44.005139],[-123.668054,44.005022],[-123.668139,44.004903],[-123.668218,44.004781],[-123.66829,44.004657],[-123.668355,44.004531],[-123.668413,44.004403],[-123.668466,44.004264],[-123.668519,44.004073],[-123.668565,44.003881],[-123.668606,44.003688],[-123.668639,44.003495],[-123.668667,44.003301],[-123.668688,44.003107],[-123.668702,44.002912],[-123.668704,44.00289],[-123.668724,44.002653],[-123.668895,44.002662],[-123.668914,44.002484],[-123.668937,44.002306],[-123.668964,44.002129],[-123.668888,44.002123],[-123.66892,44.001936],[-123.668955,44.001749],[-123.668995,44.001562],[-123.669037,44.001415],[-123.669086,44.001269],[-123.669141,44.001123],[-123.669204,44.000974],[-123.669274,44.000826],[-123.66935,44.00068],[-123.669433,44.000536],[-123.669521,44.000394],[-123.669616,44.000254],[-123.669717,44.000116],[-123.669824,43.99998],[-123.669927,43.999861],[-123.670036,43.999745],[-123.670146,43.999636],[-123.670261,43.99953],[-123.670382,43.999428],[-123.670508,43.999329],[-123.670639,43.999233],[-123.670775,43.999141],[-123.670915,43.999052],[-123.67106,43.998967],[-123.671209,43.998887],[-123.671362,43.99881],[-123.671519,43.998737],[-123.67168,43.998668],[-123.671843,43.998604],[-123.67201,43.998544],[-123.67218,43.998489],[-123.672259,43.997952],[-123.672174,43.997974],[-123.67199,43.998026],[-123.67181,43.998083],[-123.671632,43.998144],[-123.671457,43.998209],[-123.671285,43.998279],[-123.671117,43.998353],[-123.670952,43.998431],[-123.670791,43.998513],[-123.670634,43.998599],[-123.670481,43.998688],[-123.670333,43.998782],[-123.670189,43.998879],[-123.67005,43.99898],[-123.669916,43.999084],[-123.669787,43.999191],[-123.669663,43.999302],[-123.669544,43.999415],[-123.669492,43.999468],[-123.669409,43.999556],[-123.669329,43.999645],[-123.669252,43.999735],[-123.669228,43.999765],[-123.669208,43.99979],[-123.669208,43.99979],[-123.669205,43.999794],[-123.669158,43.999854],[-123.669055,43.999992],[-123.668957,44.000133],[-123.668865,44.000276],[-123.668779,44.00042],[-123.668698,44.000566],[-123.668624,44.000714],[-123.668555,44.000864],[-123.668493,44.001014],[-123.668436,44.001166],[-123.668386,44.001319],[-123.668376,44.001353],[-123.668366,44.001386],[-123.668358,44.001415],[-123.668356,44.00142],[-123.668348,44.001449],[-123.668348,44.001449],[-123.668348,44.00145],[-123.668346,44.001457],[-123.668345,44.001459],[-123.668345,44.001461],[-123.668344,44.001465],[-123.668342,44.001472],[-123.668341,44.001475],[-123.668341,44.001476],[-123.66834,44.001479],[-123.668338,44.001487],[-123.66829,44.001717],[-123.668248,44.001947],[-123.668211,44.002178],[-123.668179,44.00241],[-123.668154,44.002642],[-123.668134,44.002874],[-123.66812,44.003066],[-123.6681,44.003257],[-123.668073,44.003448],[-123.66804,44.003639],[-123.668,44.003828],[-123.667953,44.004018],[-123.6679,44.004206],[-123.66785,44.004327],[-123.667792,44.004447],[-123.667727,44.004565],[-123.667656,44.00468],[-123.667577,44.004794],[-123.667492,44.004904],[-123.667401,44.005013],[-123.667302,44.005118],[-123.667198,44.00522],[-123.667088,44.005318],[-123.666972,44.005413],[-123.66685,44.005505],[-123.666723,44.005592],[-123.666591,44.005676],[-123.666454,44.005755],[-123.666313,44.00583],[-123.666167,44.0059],[-123.666017,44.005966],[-123.665863,44.006028],[-123.665706,44.006084],[-123.665545,44.006135],[-123.665382,44.006182],[-123.665216,44.006223],[-123.665048,44.006259],[-123.664877,44.006289],[-123.664705,44.006315],[-123.664532,44.006335],[-123.664357,44.006349],[-123.664182,44.006359],[-123.664007,44.006362],[-123.663831,44.00636],[-123.663656,44.006353],[-123.663481,44.00634],[-123.663308,44.006322],[-123.663135,44.006299],[-123.662964,44.00627],[-123.662795,44.006236],[-123.662628,44.006196],[-123.662464,44.006152],[-123.662302,44.006102],[-123.662144,44.006048],[-123.661989,44.005988],[-123.661837,44.005924],[-123.66169,44.005855],[-123.661547,44.005782],[-123.661408,44.005704],[-123.661275,44.005622],[-123.661138,44.005521],[-123.661003,44.005418],[-123.660987,44.005405],[-123.660984,44.005403],[-123.660971,44.005392],[-123.660965,44.005388],[-123.660951,44.005377],[-123.660947,44.005373],[-123.660937,44.005365],[-123.660933,44.005362],[-123.660928,44.005358],[-123.66089,44.005328],[-123.660876,44.005316],[-123.660872,44.005313],[-123.660862,44.005305],[-123.660859,44.005303],[-123.660853,44.005298],[-123.660838,44.005285],[-123.660834,44.005282],[-123.660822,44.005272],[-123.660816,44.005267],[-123.660802,44.005256],[-123.660798,44.005252],[-123.660788,44.005244],[-123.660785,44.005242],[-123.660779,44.005237],[-123.660764,44.005224],[-123.660761,44.005221],[-123.660748,44.005211],[-123.660743,44.005206],[-123.660727,44.005193],[-123.660724,44.005191],[-123.660712,44.00518],[-123.660706,44.005175],[-123.660691,44.005162],[-123.660688,44.00516],[-123.660676,44.005149],[-123.66067,44.005144],[-123.660655,44.005131],[-123.66064,44.005118],[-123.660634,44.005113],[-123.660604,44.005087],[-123.660599,44.005082],[-123.660583,44.005069],[-123.660581,44.005066],[-123.660568,44.005055],[-123.660563,44.005051],[-123.66055,44.005039],[-123.660545,44.005035],[-123.660537,44.005027],[-123.660533,44.005024],[-123.660528,44.005019],[-123.660513,44.005006],[-123.66051,44.005004],[-123.660498,44.004992],[-123.660493,44.004988],[-123.66048,44.004976],[-123.660476,44.004972],[-123.660467,44.004964],[-123.660463,44.00496],[-123.660458,44.004956],[-123.660445,44.004944],[-123.660441,44.00494],[-123.660432,44.004932],[-123.660428,44.004928],[-123.660424,44.004924],[-123.660389,44.004892],[-123.660376,44.00488],[-123.660372,44.004876],[-123.660363,44.004867],[-123.660355,44.00486],[-123.660338,44.004844],[-123.660332,44.004838],[-123.660322,44.004828],[-123.660305,44.004812],[-123.660301,44.004808],[-123.660288,44.004795],[-123.660271,44.004779],[-123.66027,44.004778],[-123.660255,44.004763],[-123.660253,44.004762],[-123.66024,44.004749],[-123.660237,44.004746],[-123.660221,44.00473],[-123.660091,44.004599],[-123.659161,44.003663],[-123.659025,44.003525],[-123.659025,44.003525],[-123.659009,44.00351],[-123.659007,44.003508],[-123.658994,44.003495],[-123.658993,44.003493],[-123.658976,44.003477],[-123.658976,44.003477],[-123.65896,44.003461],[-123.658944,44.003446],[-123.658943,44.003445],[-123.658925,44.003428],[-123.658913,44.003416],[-123.658902,44.003406],[-123.658891,44.003395],[-123.658881,44.003386],[-123.658874,44.003379],[-123.658856,44.003362],[-123.658821,44.003329],[-123.658814,44.003323],[-123.658804,44.003313],[-123.6588,44.00331],[-123.658786,44.003297],[-123.658779,44.003291],[-123.658768,44.003281],[-123.658765,44.003277],[-123.65875,44.003264],[-123.658744,44.003258],[-123.658733,44.003248],[-123.658729,44.003245],[-123.658715,44.003232],[-123.658709,44.003226],[-123.658697,44.003216],[-123.658694,44.003213],[-123.658679,44.0032],[-123.658673,44.003194],[-123.658658,44.003181],[-123.658643,44.003168],[-123.658606,44.003136],[-123.658601,44.003131],[-123.658585,44.003117],[-123.65857,44.003104],[-123.658565,44.003099],[-123.658551,44.003088],[-123.658549,44.003086],[-123.658533,44.003072],[-123.658528,44.003068],[-123.658514,44.003056],[-123.658512,44.003054],[-123.658496,44.003041],[-123.658491,44.003037],[-123.658477,44.003025],[-123.658475,44.003023],[-123.658459,44.003009],[-123.658454,44.003006],[-123.65844,44.002994],[-123.658438,44.002992],[-123.658421,44.002978],[-123.658417,44.002975],[-123.658412,44.00297],[-123.658402,44.002962],[-123.658398,44.002958],[-123.658383,44.002947],[-123.65838,44.002944],[-123.658374,44.002939],[-123.658364,44.002931],[-123.65836,44.002927],[-123.658345,44.002916],[-123.658345,44.002915],[-123.658334,44.002906],[-123.658333,44.002905],[-123.658331,44.002904],[-123.658331,44.002904],[-123.658323,44.002898],[-123.658321,44.002896],[-123.658319,44.002895],[-123.658314,44.002891],[-123.658304,44.002882],[-123.658269,44.002854],[-123.658264,44.00285],[-123.65823,44.002824],[-123.658213,44.00281],[-123.658211,44.002808],[-123.658191,44.002793],[-123.658176,44.002781],[-123.658172,44.002778],[-123.658152,44.002763],[-123.658152,44.002763],[-123.658139,44.002753],[-123.658133,44.002748],[-123.658113,44.002733],[-123.658113,44.002733],[-123.658113,44.002732],[-123.658102,44.002724],[-123.658093,44.002718],[-123.658074,44.002703],[-123.657914,44.002584],[-123.657883,44.002564],[-123.657883,44.002564],[-123.657859,44.002548],[-123.657831,44.00253],[-123.657702,44.00245],[-123.657568,44.002373],[-123.65743,44.0023],[-123.657289,44.00223],[-123.657144,44.002164],[-123.656996,44.002103],[-123.656845,44.002045],[-123.656692,44.001991],[-123.656535,44.001941],[-123.656376,44.001896],[-123.656341,44.001886],[-123.65634,44.001886],[-123.656238,44.00186],[-123.656064,44.00182],[-123.655946,44.001796],[-123.656064,44.001478],[-123.655997,44.001465],[-123.656029,44.001432],[-123.656058,44.001396],[-123.656075,44.001373],[-123.656092,44.001349],[-123.656105,44.001329],[-123.65615,44.001261],[-123.656191,44.001205],[-123.656212,44.001179],[-123.656243,44.001139],[-123.656282,44.001093],[-123.656303,44.001069],[-123.656343,44.001023],[-123.656411,44.000955],[-123.656453,44.000913],[-123.656494,44.000874],[-123.656546,44.000826],[-123.656588,44.000784],[-123.656629,44.000746],[-123.656689,44.000689],[-123.656737,44.000643],[-123.656824,44.00056],[-123.656878,44.000508],[-123.656918,44.00047],[-123.656983,44.000408],[-123.657041,44.00035],[-123.657114,44.000277],[-123.657164,44.000224],[-123.657208,44.000176],[-123.657257,44.000123],[-123.657284,44.000092],[-123.657325,44.000041],[-123.657352,44.000007],[-123.657396,43.999947],[-123.657416,43.999918],[-123.657449,43.999868],[-123.657498,43.999791],[-123.657522,43.999753],[-123.65757,43.99968],[-123.657624,43.999597],[-123.657648,43.999561],[-123.657681,43.99951],[-123.657733,43.999429],[-123.657763,43.999384],[-123.657812,43.999309],[-123.657845,43.999258],[-123.657878,43.999209],[-123.657918,43.999154],[-123.657966,43.999094],[-123.658,43.999055],[-123.658091,43.998956],[-123.65812,43.998929],[-123.658192,43.998866],[-123.658337,43.998752],[-123.658512,43.998615],[-123.658701,43.998467],[-123.658778,43.998407],[-123.658995,43.998237],[-123.659131,43.99813],[-123.659352,43.997958],[-123.659485,43.997855],[-123.65966,43.99773],[-123.659823,43.997621],[-123.659942,43.997545],[-123.660072,43.997471],[-123.660144,43.997431],[-123.6599,43.997429],[-123.659845,43.99746],[-123.659721,43.997539],[-123.659555,43.997651],[-123.659376,43.997779],[-123.659241,43.997883],[-123.65902,43.998056],[-123.658883,43.998163],[-123.658666,43.998333],[-123.658589,43.998393],[-123.6584,43.998541],[-123.658225,43.998678],[-123.658078,43.998794],[-123.658001,43.998861],[-123.657967,43.998893],[-123.657872,43.998995],[-123.657835,43.999038],[-123.657785,43.999101],[-123.657742,43.999159],[-123.657708,43.999211],[-123.657674,43.999262],[-123.657626,43.999337],[-123.657596,43.999382],[-123.657543,43.999463],[-123.65751,43.999514],[-123.657487,43.99955],[-123.657432,43.999633],[-123.657385,43.999706],[-123.65736,43.999745],[-123.657312,43.999821],[-123.65728,43.99987],[-123.657261,43.999896],[-123.657218,43.999954],[-123.657193,43.999987],[-123.657154,44.000035],[-123.657129,44.000064],[-123.657081,44.000116],[-123.657038,44.000162],[-123.656989,44.000214],[-123.656918,44.000286],[-123.65686,44.000343],[-123.656797,44.000404],[-123.656757,44.000442],[-123.656703,44.000494],[-123.656616,44.000577],[-123.656568,44.000622],[-123.656508,44.000679],[-123.656467,44.000718],[-123.656424,44.000759],[-123.656373,44.000808],[-123.656332,44.000847],[-123.656288,44.00089],[-123.656218,44.000962],[-123.656174,44.00101],[-123.656152,44.001035],[-123.656112,44.001083],[-123.656079,44.001125],[-123.656057,44.001153],[-123.656014,44.001212],[-123.655968,44.001282],[-123.655955,44.001301],[-123.65594,44.001323],[-123.655925,44.001343],[-123.6559,44.001373],[-123.655868,44.001407],[-123.65583,44.001437],[-123.655642,44.00141],[-123.655453,44.001389],[-123.655264,44.001372],[-123.655073,44.001361],[-123.654882,44.001355],[-123.654691,44.001354],[-123.654688,44.001354],[-123.654576,44.001356],[-123.654521,44.001358],[-123.654542,44.001686],[-123.654403,44.001692],[-123.654265,44.001701],[-123.654127,44.001714],[-123.65387,44.001747],[-123.653615,44.001784],[-123.653361,44.001825],[-123.653108,44.001871],[-123.652857,44.001921],[-123.652607,44.001976],[-123.652465,44.002002],[-123.652457,44.002371],[-123.653011,44.002219],[-123.653204,44.002166],[-123.653399,44.002118],[-123.653596,44.002075],[-123.653794,44.002037],[-123.653897,44.002021],[-123.654001,44.002009],[-123.654105,44.001999],[-123.654252,44.00199],[-123.6544,44.001986],[-123.654547,44.001988],[-123.654695,44.001995],[-123.654842,44.002008],[-123.654987,44.002025],[-123.655131,44.002049],[-123.655274,44.002077],[-123.655414,44.00211],[-123.65535,44.002239],[-123.655285,44.002368],[-123.655163,44.002339],[-123.655038,44.002314],[-123.654912,44.002294],[-123.654785,44.002279],[-123.654657,44.002268],[-123.654528,44.002262],[-123.654399,44.002261],[-123.65427,44.002264],[-123.654141,44.002272],[-123.654013,44.002285],[-123.653887,44.002303],[-123.6537,44.002339],[-123.653515,44.002379],[-123.653332,44.002424],[-123.653152,44.002474],[-123.652452,44.002667],[-123.65245,44.002739],[-123.655013,44.00273],[-123.655007,44.002739],[-123.654998,44.002755],[-123.65499,44.002772],[-123.654985,44.002784],[-123.654981,44.002796],[-123.654977,44.002816],[-123.654929,44.003163],[-123.654882,44.003428],[-123.654837,44.003422],[-123.654786,44.003417],[-123.65475,44.003415],[-123.654695,44.003413],[-123.654654,44.003414],[-123.654596,44.003417],[-123.654553,44.003422],[-123.654512,44.003428],[-123.654458,44.003438],[-123.654424,44.003446],[-123.654365,44.003462],[-123.654332,44.003472],[-123.654301,44.003482],[-123.654265,44.003494],[-123.654225,44.003509],[-123.654193,44.003522],[-123.654175,44.003529],[-123.654142,44.003541],[-123.654059,44.003575],[-123.65399,44.003602],[-123.653934,44.003624],[-123.653902,44.003637],[-123.653867,44.003652],[-123.653779,44.003691],[-123.653708,44.003729],[-123.652891,44.004184],[-123.652833,44.004214],[-123.652806,44.004227],[-123.65276,44.004247],[-123.6527,44.004271],[-123.652658,44.004288],[-123.652591,44.004315],[-123.652525,44.004341],[-123.65244,44.004377],[-123.652418,44.004386],[-123.652414,44.004579],[-123.652474,44.004554],[-123.652555,44.004519],[-123.652639,44.004484],[-123.652702,44.004458],[-123.652768,44.004432],[-123.652811,44.004415],[-123.652875,44.004389],[-123.652926,44.004366],[-123.652962,44.00435],[-123.653028,44.004316],[-123.653844,44.003861],[-123.653906,44.003828],[-123.653985,44.003793],[-123.654016,44.00378],[-123.654045,44.003768],[-123.654099,44.003746],[-123.65417,44.003718],[-123.654251,44.003686],[-123.654284,44.003673],[-123.654301,44.003666],[-123.654331,44.003655],[-123.654365,44.003642],[-123.654397,44.003631],[-123.654423,44.003623],[-123.654449,44.003615],[-123.654498,44.003602],[-123.654522,44.003596],[-123.654564,44.003588],[-123.654591,44.003584],[-123.654622,44.003581],[-123.654666,44.003578],[-123.654693,44.003578],[-123.654736,44.003579],[-123.654761,44.003581],[-123.654799,44.003584],[-123.654845,44.003591],[-123.654859,44.003593],[-123.654904,44.003604],[-123.654923,44.003608],[-123.654951,44.003615],[-123.654971,44.003621],[-123.655011,44.003635],[-123.655033,44.003645],[-123.655082,44.003668],[-123.655102,44.00368],[-123.655138,44.003705],[-123.655168,44.00373],[-123.6552,44.003761],[-123.655224,44.003787],[-123.655247,44.003818],[-123.655271,44.003848],[-123.655301,44.003892],[-123.655336,44.003947],[-123.655866,44.004757],[-123.656864,44.006283],[-123.656885,44.006315],[-123.656905,44.006346],[-123.656931,44.006384],[-123.656952,44.006415],[-123.656977,44.006448],[-123.657007,44.006485],[-123.65704,44.006525],[-123.657071,44.006561],[-123.657077,44.006567],[-123.657082,44.006573],[-123.657103,44.006598],[-123.657684,44.007257],[-123.657738,44.007319],[-123.657767,44.007353],[-123.657799,44.007389],[-123.657823,44.007416],[-123.657839,44.007433],[-123.657881,44.00748],[-123.657912,44.007512],[-123.657943,44.007544],[-123.657976,44.007579],[-123.658006,44.007609],[-123.658034,44.007637],[-123.658068,44.007669],[-123.65883,44.008404],[-123.658851,44.008424],[-123.658876,44.008447],[-123.658909,44.008478],[-123.658933,44.008499],[-123.658967,44.008529],[-123.659007,44.008565],[-123.659045,44.008597],[-123.659082,44.008629],[-123.659123,44.008663],[-123.659171,44.008702],[-123.659205,44.008729],[-123.659963,44.009318],[-123.659978,44.009329],[-123.660002,44.009347],[-123.660037,44.009372],[-123.660067,44.009393],[-123.66011,44.009422],[-123.660143,44.009443],[-123.660178,44.009465],[-123.660218,44.00949],[-123.660258,44.009514],[-123.660307,44.009544],[-123.660361,44.009578],[-123.660403,44.009602],[-123.660433,44.009619],[-123.660497,44.009655],[-123.660545,44.00968],[-123.660598,44.009706],[-123.660644,44.009726],[-123.661712,44.010189],[-123.661772,44.010214],[-123.661829,44.010238],[-123.661893,44.010265],[-123.661968,44.010295],[-123.662049,44.010326],[-123.662108,44.010347],[-123.662304,44.010415],[-123.662379,44.010439],[-123.662446,44.010459],[-123.662519,44.010478],[-123.662588,44.010495],[-123.662663,44.010513],[-123.662738,44.010529],[-123.662801,44.010543],[-123.662883,44.010558],[-123.662962,44.010572],[-123.663019,44.010581]]],[[[-123.671923,44.000173],[-123.671898,44.000194],[-123.671875,44.000216],[-123.671856,44.000234],[-123.671834,44.000255],[-123.671813,44.000279],[-123.671797,44.000297],[-123.671775,44.000321],[-123.671754,44.000347],[-123.671742,44.000362],[-123.671146,44.00113],[-123.671407,44.001131],[-123.671886,44.000513],[-123.671938,44.00016],[-123.671923,44.000173]]]]}},{"type":"Feature","properties":{"MAPTAXLOT":"1808160000088","MAPNUMBER":"18081600","TAXLOT":"88","ACCTNO":"000None","MAPACRES":2.16965699},"geometry":{"type":"MultiPolygon","coordinates":[[[[-123.669194,44.001172],[-123.66915,44.001206],[-123.669019,44.001696],[-123.668995,44.001784],[-123.668968,44.001875],[-123.668982,44.001981],[-123.668999,44.002121],[-123.668987,44.002242],[-123.669073,44.002429],[-123.669232,44.002799],[-123.669333,44.002923],[-123.669401,44.002814],[-123.669469,44.002706],[-123.669575,44.002539],[-123.669484,44.002403],[-123.669381,44.002244],[-123.66938,44.00224],[-123.669295,44.001978],[-123.669348,44.001721],[-123.66941,44.001602],[-123.669554,44.001294],[-123.669691,44.001125],[-123.669215,44.001125],[-123.669194,44.001172]]],[[[-123.669651,44.003082],[-123.669628,44.003121],[-123.669628,44.003121],[-123.669628,44.003121],[-123.669628,44.003122],[-123.669627,44.003123],[-123.669626,44.003125],[-123.669625,44.003126],[-123.669623,44.00313],[-123.669619,44.003136],[-123.669616,44.003142],[-123.669607,44.003157],[-123.669598,44.003172],[-123.669597,44.003173],[-123.669592,44.003182],[-123.66959,44.003186],[-123.669586,44.003193],[-123.669583,44.003198],[-123.669582,44.003199],[-123.669559,44.00324],[-123.669651,44.003497],[-123.669851,44.004058],[-123.66988,44.004431],[-123.669957,44.004707],[-123.670128,44.004706],[-123.670074,44.004074],[-123.669964,44.003716],[-123.66985,44.003424],[-123.669775,44.003208],[-123.669675,44.003044],[-123.669651,44.003082]]]]}},{"type":"Feature","properties":{"MAPTAXLOT":"1808160000100","MAPNUMBER":"18081600","TAXLOT":"100","ACCTNO":"0759769","MAPACRES":539.44745943},"geometry":{"type":"MultiPolygon","coordinates":[[[[-123.660072,43.997471],[-123.659942,43.997545],[-123.659823,43.997621],[-123.65966,43.99773],[-123.659485,43.997855],[-123.659352,43.997958],[-123.659131,43.99813],[-123.658995,43.998237],[-123.658778,43.998407],[-123.658701,43.998467],[-123.658512,43.998615],[-123.658337,43.998752],[-123.658192,43.998866],[-123.65812,43.998929],[-123.658091,43.998956],[-123.658,43.999055],[-123.657966,43.999094],[-123.657918,43.999154],[-123.657878,43.999209],[-123.657845,43.999258],[-123.657812,43.999309],[-123.657763,43.999384],[-123.657733,43.999429],[-123.657681,43.99951],[-123.657648,43.999561],[-123.657624,43.999597],[-123.65757,43.99968],[-123.657522,43.999753],[-123.657498,43.999791],[-123.657449,43.999868],[-123.657416,43.999918],[-123.657396,43.999947],[-123.657352,44.000007],[-123.657325,44.000041],[-123.657284,44.000092],[-123.657257,44.000123],[-123.657208,44.000176],[-123.657164,44.000224],[-123.657114,44.000277],[-123.657041,44.00035],[-123.656983,44.000408],[-123.656918,44.00047],[-123.656878,44.000508],[-123.656824,44.00056],[-123.656737,44.000643],[-123.656689,44.000689],[-123.656629,44.000746],[-123.656588,44.000784],[-123.656546,44.000826],[-123.656494,44.000874],[-123.656453,44.000913],[-123.656411,44.000955],[-123.656343,44.001023],[-123.656303,44.001069],[-123.656282,44.001093],[-123.656243,44.001139],[-123.656212,44.001179],[-123.656191,44.001205],[-123.65615,44.001261],[-123.656105,44.001329],[-123.656092,44.001349],[-123.656075,44.001373],[-123.656058,44.001396],[-123.656029,44.001432],[-123.655997,44.001465],[-123.656064,44.001478],[-123.655946,44.001796],[-123.656064,44.00182],[-123.656238,44.00186],[-123.65634,44.001886],[-123.656341,44.001886],[-123.656376,44.001896],[-123.656535,44.001941],[-123.656692,44.001991],[-123.656845,44.002045],[-123.656996,44.002103],[-123.657144,44.002164],[-123.657289,44.00223],[-123.65743,44.0023],[-123.657568,44.002373],[-123.657702,44.00245],[-123.657831,44.00253],[-123.657859,44.002548],[-123.657883,44.002564],[-123.657883,44.002564],[-123.657914,44.002584],[-123.658074,44.002703],[-123.658093,44.002718],[-123.658102,44.002724],[-123.658113,44.002732],[-123.658113,44.002733],[-123.658113,44.002733],[-123.658133,44.002748],[-123.658139,44.002753],[-123.658152,44.002763],[-123.658152,44.002763],[-123.658172,44.002778],[-123.658176,44.002781],[-123.658191,44.002793],[-123.658211,44.002808],[-123.658213,44.00281],[-123.65823,44.002824],[-123.658264,44.00285],[-123.658269,44.002854],[-123.658304,44.002882],[-123.658314,44.002891],[-123.658319,44.002895],[-123.658321,44.002896],[-123.658323,44.002898],[-123.658331,44.002904],[-123.658331,44.002904],[-123.658333,44.002905],[-123.658334,44.002906],[-123.658345,44.002915],[-123.658345,44.002916],[-123.65836,44.002927],[-123.658364,44.002931],[-123.658374,44.002939],[-123.65838,44.002944],[-123.658383,44.002947],[-123.658398,44.002958],[-123.658402,44.002962],[-123.658412,44.00297],[-123.658417,44.002975],[-123.658421,44.002978],[-123.658438,44.002992],[-123.65844,44.002994],[-123.658454,44.003006],[-123.658459,44.003009],[-123.658475,44.003023],[-123.658477,44.003025],[-123.658491,44.003037],[-123.658496,44.003041],[-123.658512,44.003054],[-123.658514,44.003056],[-123.658528,44.003068],[-123.658533,44.003072],[-123.658549,44.003086],[-123.658551,44.003088],[-123.658565,44.003099],[-123.65857,44.003104],[-123.658585,44.003117],[-123.658601,44.003131],[-123.658606,44.003136],[-123.658643,44.003168],[-123.658658,44.003181],[-123.658673,44.003194],[-123.658679,44.0032],[-123.658694,44.003213],[-123.658697,44.003216],[-123.658709,44.003226],[-123.658715,44.003232],[-123.658729,44.003245],[-123.658733,44.003248],[-123.658744,44.003258],[-123.65875,44.003264],[-123.658765,44.003277],[-123.658768,44.003281],[-123.658779,44.003291],[-123.658786,44.003297],[-123.6588,44.00331],[-123.658804,44.003313],[-123.658814,44.003323],[-123.658821,44.003329],[-123.658856,44.003362],[-123.658874,44.003379],[-123.658881,44.003386],[-123.658891,44.003395],[-123.658902,44.003406],[-123.658913,44.003416],[-123.658925,44.003428],[-123.658943,44.003445],[-123.658944,44.003446],[-123.65896,44.003461],[-123.658976,44.003477],[-123.658976,44.003477],[-123.658993,44.003493],[-123.658994,44.003495],[-123.659007,44.003508],[-123.659009,44.00351],[-123.659025,44.003525],[-123.659025,44.003525],[-123.659161,44.003663],[-123.660091,44.004599],[-123.660221,44.00473],[-123.660237,44.004746],[-123.66024,44.004749],[-123.660253,44.004762],[-123.660255,44.004763],[-123.66027,44.004778],[-123.660271,44.004779],[-123.660288,44.004795],[-123.660301,44.004808],[-123.660305,44.004812],[-123.660322,44.004828],[-123.660332,44.004838],[-123.660338,44.004844],[-123.660355,44.00486],[-123.660363,44.004867],[-123.660372,44.004876],[-123.660376,44.00488],[-123.660389,44.004892],[-123.660424,44.004924],[-123.660428,44.004928],[-123.660432,44.004932],[-123.660441,44.00494],[-123.660445,44.004944],[-123.660458,44.004956],[-123.660463,44.00496],[-123.660467,44.004964],[-123.660476,44.004972],[-123.66048,44.004976],[-123.660493,44.004988],[-123.660498,44.004992],[-123.66051,44.005004],[-123.660513,44.005006],[-123.660528,44.005019],[-123.660533,44.005024],[-123.660537,44.005027],[-123.660545,44.005035],[-123.66055,44.005039],[-123.660563,44.005051],[-123.660568,44.005055],[-123.660581,44.005066],[-123.660583,44.005069],[-123.660599,44.005082],[-123.660604,44.005087],[-123.660634,44.005113],[-123.66064,44.005118],[-123.660655,44.005131],[-123.66067,44.005144],[-123.660676,44.005149],[-123.660688,44.00516],[-123.660691,44.005162],[-123.660706,44.005175],[-123.660712,44.00518],[-123.660724,44.005191],[-123.660727,44.005193],[-123.660743,44.005206],[-123.660748,44.005211],[-123.660761,44.005221],[-123.660764,44.005224],[-123.660779,44.005237],[-123.660785,44.005242],[-123.660788,44.005244],[-123.660798,44.005252],[-123.660802,44.005256],[-123.660816,44.005267],[-123.660822,44.005272],[-123.660834,44.005282],[-123.660838,44.005285],[-123.660853,44.005298],[-123.660859,44.005303],[-123.660862,44.005305],[-123.660872,44.005313],[-123.660876,44.005316],[-123.66089,44.005328],[-123.660928,44.005358],[-123.660933,44.005362],[-123.660937,44.005365],[-123.660947,44.005373],[-123.660951,44.005377],[-123.660965,44.005388],[-123.660971,44.005392],[-123.660984,44.005403],[-123.660987,44.005405],[-123.661003,44.005418],[-123.661138,44.005521],[-123.661275,44.005622],[-123.661408,44.005704],[-123.661547,44.005782],[-123.66169,44.005855],[-123.661837,44.005924],[-123.661989,44.005988],[-123.662144,44.006048],[-123.662302,44.006102],[-123.662464,44.006152],[-123.662628,44.006196],[-123.662795,44.006236],[-123.662964,44.00627],[-123.663135,44.006299],[-123.663308,44.006322],[-123.663481,44.00634],[-123.663656,44.006353],[-123.663831,44.00636],[-123.664007,44.006362],[-123.664182,44.006359],[-123.664357,44.006349],[-123.664532,44.006335],[-123.664705,44.006315],[-123.664877,44.006289],[-123.665048,44.006259],[-123.665216,44.006223],[-123.665382,44.006182],[-123.665545,44.006135],[-123.665706,44.006084],[-123.665863,44.006028],[-123.666017,44.005966],[-123.666167,44.0059],[-123.666313,44.00583],[-123.666454,44.005755],[-123.666591,44.005676],[-123.666723,44.005592],[-123.66685,44.005505],[-123.666972,44.005413],[-123.667088,44.005318],[-123.667198,44.00522],[-123.667302,44.005118],[-123.667401,44.005013],[-123.667492,44.004904],[-123.667577,44.004794],[-123.667656,44.00468],[-123.667727,44.004565],[-123.667792,44.004447],[-123.66785,44.004327],[-123.6679,44.004206],[-123.667953,44.004018],[-123.668,44.003828],[-123.66804,44.003639],[-123.668073,44.003448],[-123.6681,44.003257],[-123.66812,44.003066],[-123.668134,44.002874],[-123.668154,44.002642],[-123.668179,44.00241],[-123.668211,44.002178],[-123.668248,44.001947],[-123.66829,44.001717],[-123.668338,44.001487],[-123.66834,44.001479],[-123.668341,44.001476],[-123.668341,44.001475],[-123.668342,44.001472],[-123.668344,44.001465],[-123.668345,44.001461],[-123.668345,44.001459],[-123.668346,44.001457],[-123.668348,44.00145],[-123.668348,44.001449],[-123.668348,44.001449],[-123.668356,44.00142],[-123.668358,44.001415],[-123.668366,44.001386],[-123.668376,44.001353],[-123.668386,44.001319],[-123.668436,44.001166],[-123.668493,44.001014],[-123.668555,44.000864],[-123.668624,44.000714],[-123.668698,44.000566],[-123.668779,44.00042],[-123.668865,44.000276],[-123.668957,44.000133],[-123.669055,43.999992],[-123.669158,43.999854],[-123.669205,43.999794],[-123.669208,43.99979],[-123.669208,43.99979],[-123.669228,43.999765],[-123.669252,43.999735],[-123.669329,43.999645],[-123.669409,43.999556],[-123.669492,43.999468],[-123.669544,43.999415],[-123.669663,43.999302],[-123.669787,43.999191],[-123.669916,43.999084],[-123.67005,43.99898],[-123.670189,43.998879],[-123.670333,43.998782],[-123.670481,43.998688],[-123.670634,43.998599],[-123.670791,43.998513],[-123.670952,43.998431],[-123.671117,43.998353],[-123.671285,43.998279],[-123.671457,43.998209],[-123.671632,43.998144],[-123.67181,43.998083],[-123.67199,43.998026],[-123.672174,43.997974],[-123.672259,43.997952],[-123.672315,43.997561],[-123.667348,43.997504],[-123.663174,43.997457],[-123.66271,43.997451],[-123.662381,43.997448],[-123.660144,43.997431],[-123.660072,43.997471]]],[[[-123.672019,44.0001],[-123.672016,44.000102],[-123.67201,44.000105],[-123.67201,44.000105],[-123.67201,44.000105],[-123.672007,44.000107],[-123.672005,44.000109],[-123.672004,44.00011],[-123.671999,44.000113],[-123.671997,44.000114],[-123.671995,44.000116],[-123.67198,44.000125],[-123.671965,44.000135],[-123.671959,44.000139],[-123.671939,44.000153],[-123.671807,44.000246],[-123.67168,44.000341],[-123.671557,44.00044],[-123.67144,44.000542],[-123.671327,44.000647],[-123.67122,44.000755],[-123.671118,44.000865],[-123.671021,44.000978],[-123.67093,44.001093],[-123.670904,44.001129],[-123.671146,44.00113],[-123.671742,44.000362],[-123.671754,44.000347],[-123.671775,44.000321],[-123.671797,44.000297],[-123.671813,44.000279],[-123.671834,44.000255],[-123.671856,44.000234],[-123.671875,44.000216],[-123.671898,44.000194],[-123.671923,44.000173],[-123.671938,44.00016],[-123.671947,44.000153],[-123.671979,44.000128],[-123.672002,44.000112],[-123.672023,44.000097],[-123.672019,44.0001]]],[[[-123.671407,44.001131],[-123.671796,44.001132],[-123.671886,44.000513],[-123.671407,44.001131]]],[[[-123.652465,44.002002],[-123.652607,44.001976],[-123.652857,44.001921],[-123.653108,44.001871],[-123.653361,44.001825],[-123.653615,44.001784],[-123.65387,44.001747],[-123.654127,44.001714],[-123.654265,44.001701],[-123.654403,44.001692],[-123.654542,44.001686],[-123.654521,44.001358],[-123.654576,44.001356],[-123.654688,44.001354],[-123.654691,44.001354],[-123.654882,44.001355],[-123.655073,44.001361],[-123.655264,44.001372],[-123.655453,44.001389],[-123.655642,44.00141],[-123.65583,44.001437],[-123.655868,44.001407],[-123.6559,44.001373],[-123.655925,44.001343],[-123.65594,44.001323],[-123.655955,44.001301],[-123.655968,44.001282],[-123.656014,44.001212],[-123.656057,44.001153],[-123.656079,44.001125],[-123.656112,44.001083],[-123.656152,44.001035],[-123.656174,44.00101],[-123.656218,44.000962],[-123.656288,44.00089],[-123.656332,44.000847],[-123.656373,44.000808],[-123.656424,44.000759],[-123.656467,44.000718],[-123.656508,44.000679],[-123.656568,44.000622],[-123.656616,44.000577],[-123.656703,44.000494],[-123.656757,44.000442],[-123.656797,44.000404],[-123.65686,44.000343],[-123.656918,44.000286],[-123.656989,44.000214],[-123.657038,44.000162],[-123.657081,44.000116],[-123.657129,44.000064],[-123.657154,44.000035],[-123.657193,43.999987],[-123.657218,43.999954],[-123.657261,43.999896],[-123.65728,43.99987],[-123.657312,43.999821],[-123.65736,43.999745],[-123.657385,43.999706],[-123.657432,43.999633],[-123.657487,43.99955],[-123.65751,43.999514],[-123.657543,43.999463],[-123.657596,43.999382],[-123.657626,43.999337],[-123.657674,43.999262],[-123.657708,43.999211],[-123.657742,43.999159],[-123.657785,43.999101],[-123.657835,43.999038],[-123.657872,43.998995],[-123.657967,43.998893],[-123.658001,43.998861],[-123.658078,43.998794],[-123.658225,43.998678],[-123.6584,43.998541],[-123.658589,43.998393],[-123.658666,43.998333],[-123.658883,43.998163],[-123.65902,43.998056],[-123.659241,43.997883],[-123.659376,43.997779],[-123.659555,43.997651],[-123.659721,43.997539],[-123.659845,43.99746],[-123.6599,43.997429],[-123.657468,43.997411],[-123.652554,43.997375],[-123.652483,44.001072],[-123.652465,44.002002]]],[[[-123.668703,44.002901],[-123.668702,44.002912],[-123.668688,44.003107],[-123.668667,44.003301],[-123.668639,44.003495],[-123.668606,44.003688],[-123.668565,44.003881],[-123.668519,44.004073],[-123.668466,44.004264],[-123.668547,44.004063],[-123.668633,44.003863],[-123.668725,44.003665],[-123.668823,44.003467],[-123.668926,44.003272],[-123.669035,44.003078],[-123.669149,44.002885],[-123.669235,44.002913],[-123.669323,44.00294],[-123.669333,44.002923],[-123.669232,44.002799],[-123.669073,44.002429],[-123.668987,44.002242],[-123.668999,44.002121],[-123.668982,44.001981],[-123.668968,44.001875],[-123.668995,44.001784],[-123.669019,44.001696],[-123.66915,44.001206],[-123.669194,44.001172],[-123.669215,44.001125],[-123.669691,44.001125],[-123.670477,44.001128],[-123.670595,44.000964],[-123.670614,44.000939],[-123.670711,44.000818],[-123.670813,44.0007],[-123.670921,44.000585],[-123.671034,44.000472],[-123.671152,44.000363],[-123.671276,44.000256],[-123.671404,44.000152],[-123.671538,44.000052],[-123.671676,43.999955],[-123.671818,43.999861],[-123.671965,43.999771],[-123.671997,43.999753],[-123.672153,43.998677],[-123.67218,43.998489],[-123.67201,43.998544],[-123.671843,43.998604],[-123.67168,43.998668],[-123.671519,43.998737],[-123.671362,43.99881],[-123.671209,43.998887],[-123.67106,43.998967],[-123.670915,43.999052],[-123.670775,43.999141],[-123.670639,43.999233],[-123.670508,43.999329],[-123.670382,43.999428],[-123.670261,43.99953],[-123.670146,43.999636],[-123.670036,43.999745],[-123.669927,43.999861],[-123.669824,43.99998],[-123.669717,44.000116],[-123.669616,44.000254],[-123.669521,44.000394],[-123.669433,44.000536],[-123.66935,44.00068],[-123.669274,44.000826],[-123.669204,44.000974],[-123.669141,44.001123],[-123.669086,44.001269],[-123.669037,44.001415],[-123.668995,44.001562],[-123.668955,44.001749],[-123.66892,44.001936],[-123.668888,44.002123],[-123.668964,44.002129],[-123.668937,44.002306],[-123.668914,44.002484],[-123.668895,44.002662],[-123.668724,44.002653],[-123.668704,44.00289],[-123.668703,44.002901]]],[[[-123.661391,44.007575],[-123.661465,44.007655],[-123.661477,44.007668],[-123.66148,44.007671],[-123.661489,44.00768],[-123.66149,44.007681],[-123.661503,44.007694],[-123.661503,44.007695],[-123.661516,44.007708],[-123.661526,44.007718],[-123.661529,44.007721],[-123.661542,44.007734],[-123.661561,44.007753],[-123.661567,44.00776],[-123.661594,44.007785],[-123.661602,44.007794],[-123.661611,44.007802],[-123.66162,44.007811],[-123.661637,44.007827],[-123.661647,44.007837],[-123.661663,44.007852],[-123.661674,44.007862],[-123.661701,44.007887],[-123.661728,44.007913],[-123.661756,44.007938],[-123.661784,44.007962],[-123.661812,44.007987],[-123.66184,44.008012],[-123.661869,44.008036],[-123.661897,44.008061],[-123.661909,44.00807],[-123.661926,44.008085],[-123.661937,44.008094],[-123.661946,44.008101],[-123.661956,44.008109],[-123.661966,44.008117],[-123.661975,44.008125],[-123.661985,44.008133],[-123.662015,44.008157],[-123.662023,44.008163],[-123.66203,44.008168],[-123.662034,44.008172],[-123.662045,44.00818],[-123.662052,44.008186],[-123.66206,44.008192],[-123.662075,44.008204],[-123.662081,44.008208],[-123.66209,44.008215],[-123.662105,44.008227],[-123.662229,44.008319],[-123.662344,44.008393],[-123.662464,44.008463],[-123.66259,44.008529],[-123.662719,44.00859],[-123.662852,44.008647],[-123.662989,44.008699],[-123.66313,44.008746],[-123.663273,44.008788],[-123.663419,44.008825],[-123.663568,44.008857],[-123.663718,44.008883],[-123.66387,44.008904],[-123.664023,44.00892],[-123.664177,44.00893],[-123.664332,44.008935],[-123.664487,44.008934],[-123.664641,44.008928],[-123.664795,44.008916],[-123.664948,44.008899],[-123.665108,44.008876],[-123.665266,44.008847],[-123.665422,44.008814],[-123.665577,44.008776],[-123.665728,44.008733],[-123.665877,44.008686],[-123.666023,44.008634],[-123.666166,44.008577],[-123.666306,44.008516],[-123.666441,44.008451],[-123.666573,44.008381],[-123.6667,44.008308],[-123.666822,44.00823],[-123.66694,44.008149],[-123.667053,44.008065],[-123.667161,44.007976],[-123.667264,44.007885],[-123.66736,44.00779],[-123.667451,44.007693],[-123.667537,44.007593],[-123.667616,44.00749],[-123.667688,44.007385],[-123.667755,44.007277],[-123.667815,44.007168],[-123.667868,44.007057],[-123.667929,44.006902],[-123.667983,44.006746],[-123.668031,44.006589],[-123.668073,44.006432],[-123.668108,44.006273],[-123.668317,44.005379],[-123.66813,44.005356],[-123.668176,44.005164],[-123.668228,44.004973],[-123.668285,44.004782],[-123.668346,44.004592],[-123.668413,44.004403],[-123.668355,44.004531],[-123.66829,44.004657],[-123.668218,44.004781],[-123.668139,44.004903],[-123.668054,44.005022],[-123.667961,44.005139],[-123.667863,44.005253],[-123.667758,44.005364],[-123.667647,44.005472],[-123.66753,44.005577],[-123.667408,44.005678],[-123.66728,44.005776],[-123.667146,44.00587],[-123.667008,44.005959],[-123.666864,44.006045],[-123.666716,44.006127],[-123.666564,44.006204],[-123.666407,44.006277],[-123.666246,44.006345],[-123.666082,44.006408],[-123.665914,44.006467],[-123.665744,44.006521],[-123.66557,44.006569],[-123.665394,44.006613],[-123.665215,44.006651],[-123.665035,44.006685],[-123.664853,44.006713],[-123.664669,44.006735],[-123.664484,44.006753],[-123.664299,44.006765],[-123.664113,44.006772],[-123.663927,44.006773],[-123.66374,44.006769],[-123.663555,44.006759],[-123.663369,44.006744],[-123.663185,44.006724],[-123.663002,44.006698],[-123.662821,44.006668],[-123.662642,44.006632],[-123.662464,44.00659],[-123.66229,44.006544],[-123.662117,44.006493],[-123.661948,44.006436],[-123.661782,44.006375],[-123.66162,44.006309],[-123.661462,44.006239],[-123.661307,44.006163],[-123.661157,44.006084],[-123.661011,44.006],[-123.66087,44.005912],[-123.660677,44.005768],[-123.660488,44.00562],[-123.660304,44.005469],[-123.660126,44.005315],[-123.659953,44.005158],[-123.659786,44.004997],[-123.659624,44.004834],[-123.658693,44.003898],[-123.658539,44.003743],[-123.65838,44.00359],[-123.658216,44.003441],[-123.658047,44.003295],[-123.657873,44.003151],[-123.657693,44.003011],[-123.65751,44.002874],[-123.657392,44.002799],[-123.65727,44.002726],[-123.657144,44.002657],[-123.657015,44.002592],[-123.656882,44.00253],[-123.656746,44.002472],[-123.656607,44.002418],[-123.656466,44.002368],[-123.656367,44.00252],[-123.656458,44.002581],[-123.656545,44.002645],[-123.65668,44.002758],[-123.65681,44.002873],[-123.656934,44.002991],[-123.657052,44.003113],[-123.661391,44.007575]]],[[[-123.660328,44.009341],[-123.660366,44.009365],[-123.660405,44.009389],[-123.660454,44.009419],[-123.660507,44.009451],[-123.660546,44.009474],[-123.660573,44.00949],[-123.660634,44.009523],[-123.660676,44.009545],[-123.660723,44.009568],[-123.660763,44.009586],[-123.661829,44.010047],[-123.661888,44.010072],[-123.661943,44.010096],[-123.662006,44.010122],[-123.662078,44.010151],[-123.662153,44.01018],[-123.662208,44.0102],[-123.6624,44.010266],[-123.662468,44.010288],[-123.662528,44.010305],[-123.662596,44.010323],[-123.66266,44.010339],[-123.662731,44.010356],[-123.662803,44.010371],[-123.662862,44.010384],[-123.662938,44.010398],[-123.663013,44.010411],[-123.663065,44.010419],[-123.663144,44.01043],[-123.663202,44.010437],[-123.663488,44.01047],[-123.663831,44.010508],[-123.663859,44.010511],[-123.663884,44.010514],[-123.663904,44.010516],[-123.663926,44.010518],[-123.663945,44.01052],[-123.663976,44.010523],[-123.663996,44.010524],[-123.664014,44.010526],[-123.664049,44.010528],[-123.66408,44.01053],[-123.664107,44.010531],[-123.664132,44.010532],[-123.664159,44.010532],[-123.664182,44.010533],[-123.664207,44.010533],[-123.66423,44.010533],[-123.664252,44.010533],[-123.664272,44.010533],[-123.664886,44.010524],[-123.664924,44.010523],[-123.664974,44.010521],[-123.665049,44.010517],[-123.665094,44.010514],[-123.665181,44.010506],[-123.66528,44.010496],[-123.665389,44.010484],[-123.665464,44.010474],[-123.665558,44.01046],[-123.66564,44.010445],[-123.665775,44.010418],[-123.665918,44.010385],[-123.666738,44.010199],[-123.666789,44.010187],[-123.666812,44.010181],[-123.666849,44.010172],[-123.666864,44.010168],[-123.666899,44.010158],[-123.666936,44.010148],[-123.666974,44.010137],[-123.667008,44.010126],[-123.66704,44.010115],[-123.667092,44.010096],[-123.667116,44.010087],[-123.667148,44.010074],[-123.667183,44.01006],[-123.667216,44.010045],[-123.667248,44.01003],[-123.667281,44.010014],[-123.667322,44.009994],[-123.667356,44.009976],[-123.66739,44.009961],[-123.667605,44.009852],[-123.667631,44.009839],[-123.66765,44.009828],[-123.667662,44.00982],[-123.667681,44.009806],[-123.667696,44.009796],[-123.66772,44.009778],[-123.66774,44.009763],[-123.667771,44.009739],[-123.667791,44.009725],[-123.667824,44.0097],[-123.668222,44.009409],[-123.668248,44.009391],[-123.668269,44.009376],[-123.668281,44.009367],[-123.668309,44.009345],[-123.668325,44.009332],[-123.66835,44.009312],[-123.668362,44.009301],[-123.66839,44.009278],[-123.668414,44.009257],[-123.668438,44.009236],[-123.66846,44.009216],[-123.668476,44.009201],[-123.668501,44.009177],[-123.66851,44.009168],[-123.668529,44.009149],[-123.668551,44.009124],[-123.668566,44.009106],[-123.66858,44.009088],[-123.6686,44.009062],[-123.668617,44.00904],[-123.668634,44.009019],[-123.668657,44.008992],[-123.668681,44.008965],[-123.668712,44.008935],[-123.668735,44.008912],[-123.668757,44.008891],[-123.668992,44.008659],[-123.669021,44.008631],[-123.669047,44.008607],[-123.669083,44.00857],[-123.669104,44.008547],[-123.669132,44.008513],[-123.669152,44.008485],[-123.669185,44.008433],[-123.669228,44.008364],[-123.670127,44.006945],[-123.670132,44.006934],[-123.670154,44.006892],[-123.670188,44.006816],[-123.670197,44.006795],[-123.670231,44.006706],[-123.670263,44.006612],[-123.670275,44.006571],[-123.670301,44.006483],[-123.670317,44.006422],[-123.670334,44.006361],[-123.67035,44.006297],[-123.670369,44.006215],[-123.67038,44.006158],[-123.670397,44.006047],[-123.670463,44.005491],[-123.670464,44.005465],[-123.670465,44.005452],[-123.670466,44.005434],[-123.670465,44.005408],[-123.670465,44.005397],[-123.670465,44.005378],[-123.670464,44.005348],[-123.670463,44.005328],[-123.670462,44.005299],[-123.67046,44.005268],[-123.670457,44.005241],[-123.670388,44.004705],[-123.670275,44.004706],[-123.670128,44.004706],[-123.669957,44.004707],[-123.66988,44.004431],[-123.669851,44.004058],[-123.669651,44.003497],[-123.669559,44.00324],[-123.669458,44.00342],[-123.66939,44.003548],[-123.669378,44.00357],[-123.669374,44.003579],[-123.669367,44.003591],[-123.669356,44.003612],[-123.669353,44.003619],[-123.669345,44.003634],[-123.669335,44.003655],[-123.669333,44.003658],[-123.669324,44.003677],[-123.669313,44.003698],[-123.669302,44.00372],[-123.669293,44.003738],[-123.669281,44.003763],[-123.669274,44.003778],[-123.669261,44.003806],[-123.669244,44.003841],[-123.669244,44.003841],[-123.669244,44.003841],[-123.66924,44.003849],[-123.66922,44.003893],[-123.6692,44.003936],[-123.66918,44.003979],[-123.669161,44.004023],[-123.669141,44.004067],[-123.669123,44.00411],[-123.669104,44.004154],[-123.669086,44.004198],[-123.669068,44.004241],[-123.66905,44.004285],[-123.669032,44.004329],[-123.669015,44.004373],[-123.668998,44.004417],[-123.668982,44.004461],[-123.668965,44.004505],[-123.668961,44.004519],[-123.668956,44.004532],[-123.668949,44.00455],[-123.668933,44.004594],[-123.668929,44.004608],[-123.668924,44.004621],[-123.668918,44.004638],[-123.668913,44.004652],[-123.668908,44.004666],[-123.668903,44.004683],[-123.668898,44.004697],[-123.668893,44.004711],[-123.668888,44.004727],[-123.668883,44.004742],[-123.668878,44.004756],[-123.668873,44.004771],[-123.668868,44.004786],[-123.668864,44.004801],[-123.668859,44.004816],[-123.668854,44.004831],[-123.668849,44.004846],[-123.668845,44.00486],[-123.66884,44.004876],[-123.668835,44.004891],[-123.668831,44.004905],[-123.668826,44.004921],[-123.668821,44.004936],[-123.668817,44.00495],[-123.668804,44.004994],[-123.668796,44.005023],[-123.668791,44.005039],[-123.668784,44.005065],[-123.668778,44.005084],[-123.668772,44.005106],[-123.668772,44.005106],[-123.668772,44.005106],[-123.668766,44.005127],[-123.668766,44.005128],[-123.668766,44.005128],[-123.668766,44.005129],[-123.668761,44.005148],[-123.66876,44.00515],[-123.668755,44.005171],[-123.668754,44.005174],[-123.66875,44.00519],[-123.668748,44.005194],[-123.668743,44.005215],[-123.668739,44.005231],[-123.668737,44.005237],[-123.668732,44.005259],[-123.668698,44.005398],[-123.668484,44.006313],[-123.668447,44.006479],[-123.668403,44.006645],[-123.668353,44.006809],[-123.668296,44.006973],[-123.668233,44.007135],[-123.668176,44.007253],[-123.668114,44.007369],[-123.668044,44.007483],[-123.667968,44.007595],[-123.667886,44.007705],[-123.667797,44.007812],[-123.667702,44.007916],[-123.667601,44.008017],[-123.667495,44.008116],[-123.667383,44.008211],[-123.667265,44.008302],[-123.667143,44.00839],[-123.667015,44.008474],[-123.666883,44.008554],[-123.666746,44.00863],[-123.666605,44.008702],[-123.66646,44.00877],[-123.666311,44.008833],[-123.666158,44.008892],[-123.666003,44.008946],[-123.665844,44.008996],[-123.665682,44.00904],[-123.665519,44.00908],[-123.665353,44.009115],[-123.665185,44.009144],[-123.665015,44.009169],[-123.664855,44.009187],[-123.664694,44.0092],[-123.664532,44.009207],[-123.66437,44.009209],[-123.664208,44.009206],[-123.664047,44.009197],[-123.663886,44.009183],[-123.663726,44.009164],[-123.663568,44.009139],[-123.663411,44.00911],[-123.663256,44.009075],[-123.663104,44.009035],[-123.662954,44.00899],[-123.662818,44.008944],[-123.662685,44.008894],[-123.662555,44.00884],[-123.662429,44.008782],[-123.662306,44.00872],[-123.662186,44.008654],[-123.662071,44.008585],[-123.661959,44.008512],[-123.661848,44.00843],[-123.661739,44.008345],[-123.66168,44.008298],[-123.661665,44.008285],[-123.661651,44.008274],[-123.66165,44.008273],[-123.661635,44.008261],[-123.661622,44.00825],[-123.66162,44.008248],[-123.66159,44.008224],[-123.661561,44.008199],[-123.661532,44.008173],[-123.661503,44.008148],[-123.661475,44.008123],[-123.661446,44.008097],[-123.661444,44.008095],[-123.661418,44.008072],[-123.66139,44.008046],[-123.661362,44.00802],[-123.661335,44.007994],[-123.661308,44.007968],[-123.661281,44.007941],[-123.661269,44.00793],[-123.661254,44.007915],[-123.661243,44.007904],[-123.661227,44.007888],[-123.661201,44.007862],[-123.661193,44.007853],[-123.661188,44.007848],[-123.661175,44.007835],[-123.661073,44.007726],[-123.656738,44.003267],[-123.656627,44.003153],[-123.65651,44.003042],[-123.656389,44.002934],[-123.656262,44.002828],[-123.656165,44.002758],[-123.656157,44.002753],[-123.656154,44.002751],[-123.656149,44.002748],[-123.656144,44.002745],[-123.656134,44.002738],[-123.656129,44.002735],[-123.656124,44.002731],[-123.656114,44.002725],[-123.656109,44.002722],[-123.656103,44.002718],[-123.656093,44.002711],[-123.656089,44.002709],[-123.656083,44.002705],[-123.656069,44.002697],[-123.656062,44.002692],[-123.656049,44.002684],[-123.656041,44.002679],[-123.656028,44.002672],[-123.656019,44.002667],[-123.655998,44.002654],[-123.655976,44.002642],[-123.655966,44.002636],[-123.655954,44.00263],[-123.655945,44.002625],[-123.655932,44.002618],[-123.655923,44.002613],[-123.655921,44.002612],[-123.65591,44.002606],[-123.655902,44.002602],[-123.655898,44.0026],[-123.655887,44.002595],[-123.655887,44.002594],[-123.65588,44.002591],[-123.655876,44.002589],[-123.655865,44.002583],[-123.655864,44.002583],[-123.655858,44.00258],[-123.655853,44.002578],[-123.655842,44.002572],[-123.655841,44.002572],[-123.655769,44.002538],[-123.655663,44.002493],[-123.655553,44.002451],[-123.655468,44.002422],[-123.655465,44.002425],[-123.655457,44.002433],[-123.655439,44.002449],[-123.655429,44.002459],[-123.65542,44.002467],[-123.655408,44.002477],[-123.655397,44.002489],[-123.655387,44.002499],[-123.655373,44.002514],[-123.655282,44.00263],[-123.655266,44.00265],[-123.655243,44.002675],[-123.655231,44.002688],[-123.655207,44.002712],[-123.655196,44.002724],[-123.655181,44.002739],[-123.655169,44.002753],[-123.655159,44.002765],[-123.655152,44.002774],[-123.655145,44.002785],[-123.655139,44.002795],[-123.655135,44.002804],[-123.655132,44.002812],[-123.65513,44.002817],[-123.655127,44.00283],[-123.65508,44.003175],[-123.655029,44.003461],[-123.655035,44.003462],[-123.655066,44.003472],[-123.655117,44.00349],[-123.655153,44.003505],[-123.655219,44.003536],[-123.655253,44.003557],[-123.655303,44.003591],[-123.655346,44.003627],[-123.655388,44.003668],[-123.655419,44.003702],[-123.655447,44.003738],[-123.655473,44.003772],[-123.655506,44.003821],[-123.655543,44.003878],[-123.65707,44.006213],[-123.657091,44.006244],[-123.657111,44.006275],[-123.657135,44.006311],[-123.657155,44.006339],[-123.657176,44.006367],[-123.657204,44.006402],[-123.657234,44.006439],[-123.657264,44.006473],[-123.657275,44.006485],[-123.657296,44.00651],[-123.657876,44.007169],[-123.657931,44.007231],[-123.65796,44.007265],[-123.657992,44.0073],[-123.658013,44.007325],[-123.658028,44.007341],[-123.658071,44.007388],[-123.6581,44.007419],[-123.65813,44.007451],[-123.658163,44.007484],[-123.658191,44.007513],[-123.658217,44.007539],[-123.65825,44.00757],[-123.659011,44.008304],[-123.659032,44.008324],[-123.659056,44.008346],[-123.659087,44.008374],[-123.65911,44.008395],[-123.659144,44.008425],[-123.659184,44.00846],[-123.659219,44.008491],[-123.659256,44.008522],[-123.659295,44.008555],[-123.65934,44.008592],[-123.659373,44.008618],[-123.660128,44.009204],[-123.660142,44.009215],[-123.660164,44.009231],[-123.660198,44.009255],[-123.660224,44.009274],[-123.660263,44.0093],[-123.660293,44.009319],[-123.660328,44.009341]]],[[[-123.652231,44.012167],[-123.657229,44.012191],[-123.662227,44.012214],[-123.667227,44.012201],[-123.672226,44.012188],[-123.671752,44.008445],[-123.671278,44.004702],[-123.670617,44.004705],[-123.670684,44.005226],[-123.670688,44.005258],[-123.670689,44.005293],[-123.670691,44.005322],[-123.670692,44.005343],[-123.670693,44.005377],[-123.670693,44.005394],[-123.670693,44.005399],[-123.670693,44.005403],[-123.670694,44.005434],[-123.670693,44.00546],[-123.670693,44.005467],[-123.670692,44.005474],[-123.67069,44.005501],[-123.670624,44.006063],[-123.670606,44.006179],[-123.670594,44.006239],[-123.670575,44.006325],[-123.670558,44.006392],[-123.670541,44.006454],[-123.670524,44.006516],[-123.670498,44.006606],[-123.670485,44.006649],[-123.670452,44.006747],[-123.670416,44.006842],[-123.670405,44.006867],[-123.670369,44.006946],[-123.670346,44.006991],[-123.670337,44.007008],[-123.669436,44.008432],[-123.669393,44.008502],[-123.669357,44.008557],[-123.669332,44.008593],[-123.669297,44.008636],[-123.66927,44.008664],[-123.66923,44.008704],[-123.669203,44.00873],[-123.669176,44.008757],[-123.668941,44.008987],[-123.668919,44.009009],[-123.668896,44.009032],[-123.668869,44.009059],[-123.668849,44.00908],[-123.668829,44.009103],[-123.668815,44.009122],[-123.668799,44.009141],[-123.668778,44.009169],[-123.668764,44.009188],[-123.668746,44.00921],[-123.668718,44.009241],[-123.668697,44.009263],[-123.668691,44.009269],[-123.668685,44.009275],[-123.668657,44.009301],[-123.668639,44.009318],[-123.668614,44.00934],[-123.66859,44.009361],[-123.668565,44.009383],[-123.668536,44.009408],[-123.66853,44.009413],[-123.668523,44.009419],[-123.668496,44.009442],[-123.668477,44.009456],[-123.668445,44.009481],[-123.668439,44.009486],[-123.668432,44.009491],[-123.668409,44.009508],[-123.668382,44.009527],[-123.667987,44.009815],[-123.667953,44.00984],[-123.667934,44.009854],[-123.667905,44.009876],[-123.667885,44.009892],[-123.667858,44.009912],[-123.667841,44.009924],[-123.667817,44.009941],[-123.667799,44.009952],[-123.667772,44.009969],[-123.667736,44.009987],[-123.667517,44.010097],[-123.667483,44.010113],[-123.667451,44.010129],[-123.66741,44.01015],[-123.667373,44.010167],[-123.667339,44.010183],[-123.667301,44.010201],[-123.667261,44.010217],[-123.667224,44.010232],[-123.667195,44.010243],[-123.667139,44.010263],[-123.667102,44.010276],[-123.667063,44.010288],[-123.667021,44.010301],[-123.666981,44.010312],[-123.666943,44.010322],[-123.666934,44.010325],[-123.666926,44.010327],[-123.666887,44.010337],[-123.666861,44.010343],[-123.666808,44.010356],[-123.665841,44.010576],[-123.665697,44.010605],[-123.665607,44.01062],[-123.665508,44.010635],[-123.665428,44.010646],[-123.665314,44.010659],[-123.66521,44.01067],[-123.665119,44.010677],[-123.665069,44.010681],[-123.664988,44.010685],[-123.664933,44.010687],[-123.664891,44.010688],[-123.664276,44.010697],[-123.664254,44.010698],[-123.664231,44.010698],[-123.664205,44.010698],[-123.664177,44.010697],[-123.664151,44.010697],[-123.664122,44.010696],[-123.664095,44.010695],[-123.664065,44.010694],[-123.66403,44.010692],[-123.663992,44.010689],[-123.663982,44.010689],[-123.663972,44.010688],[-123.66395,44.010686],[-123.663917,44.010683],[-123.663907,44.010682],[-123.663897,44.010681],[-123.663873,44.010679],[-123.663851,44.010677],[-123.663826,44.010674],[-123.663797,44.010671],[-123.663165,44.0106],[-123.663103,44.010592],[-123.663019,44.010581],[-123.662962,44.010572],[-123.662883,44.010558],[-123.662801,44.010543],[-123.662738,44.010529],[-123.662663,44.010513],[-123.662588,44.010495],[-123.662519,44.010478],[-123.662446,44.010459],[-123.662379,44.010439],[-123.662304,44.010415],[-123.662108,44.010347],[-123.662049,44.010326],[-123.661968,44.010295],[-123.661893,44.010265],[-123.661829,44.010238],[-123.661772,44.010214],[-123.661712,44.010189],[-123.660644,44.009726],[-123.660598,44.009706],[-123.660545,44.00968],[-123.660497,44.009655],[-123.660433,44.009619],[-123.660403,44.009602],[-123.660361,44.009578],[-123.660307,44.009544],[-123.660258,44.009514],[-123.660218,44.00949],[-123.660178,44.009465],[-123.660143,44.009443],[-123.66011,44.009422],[-123.660067,44.009393],[-123.660037,44.009372],[-123.660002,44.009347],[-123.659978,44.009329],[-123.659963,44.009318],[-123.659205,44.008729],[-123.659171,44.008702],[-123.659123,44.008663],[-123.659082,44.008629],[-123.659045,44.008597],[-123.659007,44.008565],[-123.658967,44.008529],[-123.658933,44.008499],[-123.658909,44.008478],[-123.658876,44.008447],[-123.658851,44.008424],[-123.65883,44.008404],[-123.658068,44.007669],[-123.658034,44.007637],[-123.658006,44.007609],[-123.657976,44.007579],[-123.657943,44.007544],[-123.657912,44.007512],[-123.657881,44.00748],[-123.657839,44.007433],[-123.657823,44.007416],[-123.657799,44.007389],[-123.657767,44.007353],[-123.657738,44.007319],[-123.657684,44.007257],[-123.657103,44.006598],[-123.657082,44.006573],[-123.657077,44.006567],[-123.657071,44.006561],[-123.65704,44.006525],[-123.657007,44.006485],[-123.656977,44.006448],[-123.656952,44.006415],[-123.656931,44.006384],[-123.656905,44.006346],[-123.656885,44.006315],[-123.656864,44.006283],[-123.655866,44.004757],[-123.655336,44.003947],[-123.655301,44.003892],[-123.655271,44.003848],[-123.655247,44.003818],[-123.655224,44.003787],[-123.6552,44.003761],[-123.655168,44.00373],[-123.655138,44.003705],[-123.655102,44.00368],[-123.655082,44.003668],[-123.655033,44.003645],[-123.655011,44.003635],[-123.654971,44.003621],[-123.654951,44.003615],[-123.654923,44.003608],[-123.654904,44.003604],[-123.654884,44.00476],[-123.652411,44.004769],[-123.652321,44.008468],[-123.652231,44.012167]]]]}},{"type":"Feature","properties":{"MAPTAXLOT":"1808160000301","MAPNUMBER":"18081600","TAXLOT":"301","ACCTNO":"0759793","MAPACRES":10.0341026},"geometry":{"type":"MultiPolygon","coordinates":[[[[-123.652418,44.004386],[-123.65244,44.004377],[-123.652525,44.004341],[-123.652591,44.004315],[-123.652658,44.004288],[-123.6527,44.004271],[-123.65276,44.004247],[-123.652806,44.004227],[-123.652833,44.004214],[-123.652891,44.004184],[-123.653708,44.003729],[-123.653779,44.003691],[-123.653867,44.003652],[-123.653902,44.003637],[-123.653934,44.003624],[-123.65399,44.003602],[-123.654059,44.003575],[-123.654142,44.003541],[-123.654175,44.003529],[-123.654193,44.003522],[-123.654225,44.003509],[-123.654265,44.003494],[-123.654301,44.003482],[-123.654332,44.003472],[-123.654365,44.003462],[-123.654424,44.003446],[-123.654458,44.003438],[-123.654512,44.003428],[-123.654553,44.003422],[-123.654596,44.003417],[-123.654654,44.003414],[-123.654695,44.003413],[-123.65475,44.003415],[-123.654786,44.003417],[-123.654837,44.003422],[-123.654882,44.003428],[-123.654929,44.003163],[-123.654977,44.002816],[-123.654981,44.002796],[-123.654985,44.002784],[-123.65499,44.002772],[-123.654998,44.002755],[-123.655007,44.002739],[-123.655013,44.00273],[-123.65245,44.002739],[-123.652418,44.004386]]],[[[-123.654622,44.003581],[-123.654591,44.003584],[-123.654564,44.003588],[-123.654522,44.003596],[-123.654498,44.003602],[-123.654449,44.003615],[-123.654423,44.003623],[-123.654397,44.003631],[-123.654365,44.003642],[-123.654331,44.003655],[-123.654301,44.003666],[-123.654284,44.003673],[-123.654251,44.003686],[-123.65417,44.003718],[-123.654099,44.003746],[-123.654045,44.003768],[-123.654016,44.00378],[-123.653985,44.003793],[-123.653906,44.003828],[-123.653844,44.003861],[-123.653028,44.004316],[-123.652962,44.00435],[-123.652926,44.004366],[-123.652875,44.004389],[-123.652811,44.004415],[-123.652768,44.004432],[-123.652702,44.004458],[-123.652639,44.004484],[-123.652555,44.004519],[-123.652474,44.004554],[-123.652414,44.004579],[-123.652411,44.004769],[-123.654884,44.00476],[-123.654904,44.003604],[-123.654859,44.003593],[-123.654845,44.003591],[-123.654799,44.003584],[-123.654761,44.003581],[-123.654736,44.003579],[-123.654693,44.003578],[-123.654666,44.003578],[-123.654622,44.003581]]]]}},{"type":"Feature","properties":{"MAPTAXLOT":"1808160000400","MAPNUMBER":"18081600","TAXLOT":"400","ACCTNO":"0759801","MAPACRES":1.83265281},"geometry":{"type":"Polygon","coordinates":[[[-123.669691,44.001125],[-123.669554,44.001294],[-123.66941,44.001602],[-123.669348,44.001721],[-123.669295,44.001978],[-123.66938,44.00224],[-123.669381,44.002244],[-123.669484,44.002403],[-123.669575,44.002539],[-123.670246,44.001476],[-123.670359,44.001301],[-123.670477,44.001128],[-123.669691,44.001125]]]}},{"type":"Feature","properties":{"MAPTAXLOT":"1808160000500","MAPNUMBER":"18081600","TAXLOT":"500","ACCTNO":"0759827","MAPACRES":0.38812212},"geometry":{"type":"Polygon","coordinates":[[[-123.654105,44.001999],[-123.654126,44.002135],[-123.654238,44.002128],[-123.654351,44.002124],[-123.654478,44.002124],[-123.654605,44.002128],[-123.654732,44.002136],[-123.654858,44.002148],[-123.654983,44.002165],[-123.655107,44.002185],[-123.655229,44.00221],[-123.65535,44.002239],[-123.655414,44.00211],[-123.655274,44.002077],[-123.655131,44.002049],[-123.654987,44.002025],[-123.654842,44.002008],[-123.654695,44.001995],[-123.654547,44.001988],[-123.6544,44.001986],[-123.654252,44.00199],[-123.654105,44.001999]]]}},{"type":"Feature","properties":{"MAPTAXLOT":"1808170000077","MAPNUMBER":"18081700","TAXLOT":"77","ACCTNO":"000None","MAPACRES":27.55355238},"geometry":{"type":"MultiPolygon","coordinates":[[[[-123.689041,43.999314],[-123.689915,43.999225],[-123.689906,43.999185],[-123.690453,43.999119],[-123.691145,43.999036],[-123.691907,43.999],[-123.692253,43.998932],[-123.692254,43.998625],[-123.692254,43.998597],[-123.691451,43.998694],[-123.691071,43.998711],[-123.690371,43.998762],[-123.68956,43.998821],[-123.688975,43.998901],[-123.687904,43.999048],[-123.687342,43.99907],[-123.68557,43.998964],[-123.684007,43.99876],[-123.683549,43.998651],[-123.682291,43.998351],[-123.682211,43.998332],[-123.681096,43.997995],[-123.680797,43.997996],[-123.680797,43.997996],[-123.68062,43.997954],[-123.680443,43.997913],[-123.680265,43.997873],[-123.672315,43.997561],[-123.672259,43.997952],[-123.67218,43.998489],[-123.672342,43.998442],[-123.672506,43.998398],[-123.672672,43.998358],[-123.672839,43.998323],[-123.673008,43.998292],[-123.673311,43.998254],[-123.673616,43.998221],[-123.673921,43.998194],[-123.674227,43.998171],[-123.674534,43.998154],[-123.674841,43.998142],[-123.676566,43.998074],[-123.676874,43.998061],[-123.677183,43.998052],[-123.677491,43.998048],[-123.6778,43.998049],[-123.678109,43.998054],[-123.678417,43.998063],[-123.678609,43.998079],[-123.678799,43.998099],[-123.679101,43.998147],[-123.679401,43.998199],[-123.6797,43.998256],[-123.679997,43.998317],[-123.680292,43.998382],[-123.680586,43.998451],[-123.682288,43.998856],[-123.682289,43.998761],[-123.683419,43.998991],[-123.684656,43.999196],[-123.685995,43.999315],[-123.687343,43.999358],[-123.687728,43.999341],[-123.688496,43.999311],[-123.689041,43.999314]]],[[[-123.688219,44.000773],[-123.688259,44.000778],[-123.688292,44.000782],[-123.688328,44.000786],[-123.688371,44.000791],[-123.688411,44.000794],[-123.688453,44.000797],[-123.688488,44.000799],[-123.688536,44.000802],[-123.688574,44.000803],[-123.688612,44.000803],[-123.688648,44.000803],[-123.688685,44.000802],[-123.688713,44.000801],[-123.688747,44.000799],[-123.688785,44.000797],[-123.688827,44.000794],[-123.68886,44.00079],[-123.688886,44.000787],[-123.688929,44.000781],[-123.68896,44.000776],[-123.688994,44.000768],[-123.689024,44.00076],[-123.689058,44.000749],[-123.689083,44.000739],[-123.689106,44.000729],[-123.689127,44.00072],[-123.689154,44.000707],[-123.689175,44.000698],[-123.689187,44.000692],[-123.689208,44.000684],[-123.689226,44.000678],[-123.689248,44.000672],[-123.689262,44.000669],[-123.689276,44.000666],[-123.689291,44.000663],[-123.689325,44.000658],[-123.689349,44.000655],[-123.689369,44.000653],[-123.689394,44.000651],[-123.689429,44.000647],[-123.689469,44.000644],[-123.6895,44.000641],[-123.68954,44.000637],[-123.689574,44.000632],[-123.689601,44.000627],[-123.689628,44.000622],[-123.689661,44.000614],[-123.689689,44.000607],[-123.689734,44.000595],[-123.689772,44.000584],[-123.689816,44.00057],[-123.68984,44.000562],[-123.689874,44.000551],[-123.689894,44.000545],[-123.689919,44.000538],[-123.689949,44.000531],[-123.690853,44.000343],[-123.690891,44.000335],[-123.690923,44.000327],[-123.690958,44.000319],[-123.690988,44.000312],[-123.69102,44.000306],[-123.691037,44.000303],[-123.691075,44.000298],[-123.691102,44.000296],[-123.691135,44.000296],[-123.691167,44.000297],[-123.691194,44.0003],[-123.691226,44.000304],[-123.691258,44.000309],[-123.691292,44.000316],[-123.691325,44.000323],[-123.691349,44.000329],[-123.691387,44.000338],[-123.69142,44.000346],[-123.691461,44.000356],[-123.691493,44.000363],[-123.691524,44.000368],[-123.691547,44.000372],[-123.69159,44.000378],[-123.691615,44.00038],[-123.691666,44.000382],[-123.691722,44.00038],[-123.691796,44.000371],[-123.691842,44.000361],[-123.691889,44.00035],[-123.691933,44.000336],[-123.69198,44.00032],[-123.69204,44.000298],[-123.692091,44.000277],[-123.692156,44.000249],[-123.692189,44.000234],[-123.692229,44.000216],[-123.69225,44.000207],[-123.69225,44.000053],[-123.692251,44.000017],[-123.69213,44.000067],[-123.69211,44.000076],[-123.69207,44.000093],[-123.692037,44.000108],[-123.691975,44.000135],[-123.691931,44.000153],[-123.691879,44.000173],[-123.691842,44.000185],[-123.691808,44.000196],[-123.691774,44.000204],[-123.691745,44.00021],[-123.691696,44.000216],[-123.691666,44.000217],[-123.691635,44.000216],[-123.691624,44.000215],[-123.691592,44.000211],[-123.691577,44.000208],[-123.691554,44.000204],[-123.691528,44.000198],[-123.691491,44.00019],[-123.69146,44.000182],[-123.691424,44.000174],[-123.69142,44.000173],[-123.691229,44.000135],[-123.690983,44.00014],[-123.69056,44.000212],[-123.690135,44.000306],[-123.689683,44.000421],[-123.689488,44.000466],[-123.689327,44.000476],[-123.689199,44.000496],[-123.689037,44.000528],[-123.688807,44.000596],[-123.688625,44.000626],[-123.688363,44.000608],[-123.688169,44.000573],[-123.687826,44.000607],[-123.687488,44.000627],[-123.687056,44.000614],[-123.686862,44.000591],[-123.686314,44.000563],[-123.685886,44.000548],[-123.685395,44.000526],[-123.68479,44.000492],[-123.684531,44.000479],[-123.683994,44.000418],[-123.68356,44.000379],[-123.682825,44.000317],[-123.682193,44.000271],[-123.681443,44.000261],[-123.681255,44.000245],[-123.681006,44.000157],[-123.680312,44.000055],[-123.680274,44.000053],[-123.679262,44.000004],[-123.678767,43.999985],[-123.678724,43.999983],[-123.678662,43.99998],[-123.678616,43.999977],[-123.678557,43.999972],[-123.678511,43.999969],[-123.678464,43.999964],[-123.678413,43.999959],[-123.678366,43.999954],[-123.678314,43.999947],[-123.678271,43.999942],[-123.678244,43.999938],[-123.678223,43.999935],[-123.677425,43.999819],[-123.67738,43.999812],[-123.677326,43.999804],[-123.677288,43.999798],[-123.677251,43.999792],[-123.6772,43.999784],[-123.677161,43.999776],[-123.677154,43.999775],[-123.677112,43.999767],[-123.677089,43.999763],[-123.677063,43.999757],[-123.677038,43.999752],[-123.677005,43.999745],[-123.676989,43.999742],[-123.676954,43.999734],[-123.676915,43.999725],[-123.676883,43.999719],[-123.676855,43.999714],[-123.676832,43.99971],[-123.676773,43.999701],[-123.676729,43.999697],[-123.676686,43.999694],[-123.676644,43.999693],[-123.676591,43.999694],[-123.676565,43.999694],[-123.676531,43.999695],[-123.67649,43.999696],[-123.676459,43.999697],[-123.676444,43.999697],[-123.676409,43.999697],[-123.676358,43.999696],[-123.676331,43.999695],[-123.67629,43.999693],[-123.67625,43.999691],[-123.676213,43.999689],[-123.676188,43.999688],[-123.676116,43.999684],[-123.676083,43.999683],[-123.676038,43.999681],[-123.676015,43.99968],[-123.675974,43.999677],[-123.67596,43.999676],[-123.67592,43.999673],[-123.675904,43.999671],[-123.675853,43.999665],[-123.674763,43.999498],[-123.674723,43.999492],[-123.674688,43.999488],[-123.674635,43.999481],[-123.674593,43.999477],[-123.674548,43.999473],[-123.674535,43.999471],[-123.674495,43.999468],[-123.674449,43.999465],[-123.674412,43.999463],[-123.67436,43.999461],[-123.674277,43.999459],[-123.674224,43.999458],[-123.67418,43.999458],[-123.674137,43.999459],[-123.674071,43.99946],[-123.673992,43.999463],[-123.673942,43.999466],[-123.673885,43.999469],[-123.673803,43.999476],[-123.67375,43.99948],[-123.673694,43.999486],[-123.67364,43.999492],[-123.673584,43.999499],[-123.67353,43.999506],[-123.673485,43.999512],[-123.673429,43.999521],[-123.673384,43.999529],[-123.673329,43.999538],[-123.673268,43.99955],[-123.673224,43.999559],[-123.673179,43.99957],[-123.673141,43.99958],[-123.673118,43.999586],[-123.673088,43.999596],[-123.673047,43.999611],[-123.673008,43.999627],[-123.672321,43.999937],[-123.672285,43.999954],[-123.67226,43.999966],[-123.672218,43.999986],[-123.672186,44.000002],[-123.672154,44.000019],[-123.672114,44.000041],[-123.672086,44.000057],[-123.672023,44.000097],[-123.672002,44.000112],[-123.671979,44.000128],[-123.671947,44.000153],[-123.671938,44.00016],[-123.671886,44.000513],[-123.671941,44.000442],[-123.671951,44.000429],[-123.671969,44.000408],[-123.671989,44.000385],[-123.672004,44.000369],[-123.672021,44.000349],[-123.672038,44.000333],[-123.672056,44.000316],[-123.672077,44.000297],[-123.672096,44.00028],[-123.672115,44.000264],[-123.672144,44.000242],[-123.672162,44.000229],[-123.672192,44.000208],[-123.672222,44.000189],[-123.672254,44.000171],[-123.672291,44.00015],[-123.672319,44.000136],[-123.672346,44.000122],[-123.672384,44.000104],[-123.672408,44.000092],[-123.672443,44.000077],[-123.673125,43.999768],[-123.673155,43.999756],[-123.673184,43.999745],[-123.673207,43.999738],[-123.673223,43.999733],[-123.673253,43.999725],[-123.673291,43.999716],[-123.673329,43.999708],[-123.673385,43.999698],[-123.673437,43.999689],[-123.673478,43.999682],[-123.673531,43.999674],[-123.673573,43.999668],[-123.673624,43.999661],[-123.673676,43.999655],[-123.673727,43.999649],[-123.67378,43.999644],[-123.673829,43.999639],[-123.673907,43.999633],[-123.67396,43.99963],[-123.674006,43.999628],[-123.674081,43.999625],[-123.674142,43.999623],[-123.674182,43.999623],[-123.674222,43.999623],[-123.674271,43.999623],[-123.674349,43.999626],[-123.674397,43.999628],[-123.674431,43.999629],[-123.674472,43.999632],[-123.674508,43.999635],[-123.674536,43.999637],[-123.674562,43.99964],[-123.6746,43.999644],[-123.674649,43.99965],[-123.67468,43.999654],[-123.674717,43.999659],[-123.675809,43.999826],[-123.675868,43.999834],[-123.675891,43.999836],[-123.675935,43.99984],[-123.675954,43.999841],[-123.675997,43.999844],[-123.676023,43.999845],[-123.67607,43.999847],[-123.676103,43.999849],[-123.676172,43.999852],[-123.676197,43.999853],[-123.676234,43.999855],[-123.676276,43.999857],[-123.676319,43.999859],[-123.676349,43.99986],[-123.676405,43.999861],[-123.676444,43.999861],[-123.676463,43.999861],[-123.676498,43.999861],[-123.676539,43.999859],[-123.676572,43.999859],[-123.676595,43.999858],[-123.676641,43.999858],[-123.676673,43.999859],[-123.676704,43.999861],[-123.676735,43.999864],[-123.676783,43.999871],[-123.676801,43.999874],[-123.676824,43.999878],[-123.676852,43.999884],[-123.676888,43.999891],[-123.676923,43.999899],[-123.676939,43.999903],[-123.676974,43.99991],[-123.677,43.999916],[-123.677027,43.999921],[-123.677053,43.999926],[-123.677105,43.999936],[-123.677141,43.999943],[-123.677146,43.999943],[-123.6772,43.999953],[-123.67724,43.999959],[-123.677279,43.999965],[-123.677334,43.999973],[-123.677381,43.99998],[-123.678179,44.000096],[-123.6782,44.000099],[-123.678229,44.000103],[-123.678274,44.000109],[-123.678329,44.000116],[-123.678379,44.000122],[-123.678434,44.000127],[-123.678484,44.000132],[-123.678532,44.000136],[-123.678595,44.000141],[-123.678644,44.000144],[-123.678709,44.000147],[-123.678753,44.000149],[-123.679249,44.000169],[-123.680259,44.000217],[-123.6803,44.000219],[-123.680342,44.000222],[-123.680383,44.000224],[-123.680442,44.000229],[-123.680474,44.000231],[-123.680511,44.000235],[-123.680544,44.000239],[-123.680578,44.000243],[-123.680592,44.000245],[-123.680627,44.00025],[-123.680657,44.000255],[-123.6807,44.000262],[-123.680722,44.000266],[-123.680769,44.000274],[-123.680809,44.000282],[-123.68119,44.000381],[-123.681215,44.000387],[-123.681235,44.000391],[-123.681265,44.000396],[-123.681293,44.0004],[-123.681325,44.000403],[-123.681362,44.000405],[-123.681401,44.000406],[-123.681447,44.000407],[-123.681498,44.000408],[-123.681549,44.000409],[-123.681596,44.00041],[-123.681642,44.000411],[-123.681702,44.000413],[-123.681961,44.000421],[-123.68228,44.000448],[-123.682292,44.000449],[-123.68258,44.00047],[-123.682867,44.000489],[-123.68353,44.000531],[-123.683548,44.000536],[-123.683591,44.000546],[-123.683659,44.000562],[-123.683763,44.000587],[-123.683831,44.000602],[-123.683875,44.000611],[-123.683937,44.000623],[-123.683986,44.000632],[-123.684019,44.000637],[-123.68408,44.000645],[-123.684109,44.000649],[-123.684186,44.000657],[-123.684238,44.000661],[-123.684315,44.000666],[-123.68437,44.000669],[-123.684455,44.000672],[-123.684521,44.000673],[-123.684594,44.000675],[-123.684675,44.000675],[-123.684766,44.000676],[-123.684846,44.000676],[-123.684901,44.000676],[-123.684977,44.000676],[-123.68506,44.000677],[-123.685131,44.000679],[-123.68519,44.000681],[-123.68526,44.000684],[-123.686263,44.000737],[-123.686543,44.000743],[-123.686554,44.000743],[-123.686571,44.000743],[-123.686591,44.000744],[-123.686622,44.000745],[-123.686664,44.000746],[-123.68671,44.000748],[-123.686736,44.00075],[-123.686779,44.000752],[-123.686815,44.000754],[-123.686851,44.000756],[-123.686899,44.00076],[-123.686939,44.000762],[-123.686969,44.000765],[-123.687033,44.000769],[-123.687078,44.000773],[-123.687124,44.000776],[-123.687161,44.000779],[-123.687208,44.000783],[-123.687235,44.000785],[-123.687273,44.000787],[-123.687303,44.000789],[-123.687334,44.00079],[-123.68737,44.000791],[-123.687402,44.000792],[-123.687432,44.000793],[-123.687465,44.000793],[-123.68749,44.000792],[-123.687524,44.000792],[-123.687543,44.000791],[-123.687574,44.00079],[-123.687601,44.000789],[-123.687648,44.000786],[-123.687699,44.000781],[-123.687711,44.00078],[-123.687872,44.00078],[-123.688033,44.000776],[-123.688194,44.000769],[-123.688219,44.000773]]],[[[-123.670742,44.001649],[-123.670702,44.001701],[-123.670683,44.001728],[-123.670663,44.001759],[-123.670648,44.001786],[-123.670635,44.001813],[-123.67062,44.001848],[-123.670611,44.001872],[-123.6706,44.001903],[-123.670592,44.001932],[-123.670586,44.001952],[-123.670581,44.001976],[-123.670573,44.002006],[-123.670568,44.002034],[-123.670563,44.002056],[-123.670558,44.002091],[-123.670554,44.002117],[-123.67055,44.002147],[-123.670549,44.002158],[-123.670547,44.002176],[-123.670478,44.002868],[-123.670474,44.002917],[-123.67047,44.002949],[-123.670464,44.002994],[-123.670456,44.003062],[-123.670447,44.003119],[-123.670438,44.003176],[-123.67043,44.003222],[-123.670421,44.003263],[-123.670415,44.003291],[-123.670353,44.003657],[-123.670345,44.003709],[-123.670337,44.003771],[-123.670332,44.003855],[-123.670334,44.003957],[-123.670339,44.004069],[-123.670344,44.004237],[-123.670357,44.004409],[-123.670362,44.004468],[-123.670369,44.004521],[-123.670374,44.004575],[-123.670378,44.004619],[-123.670381,44.00465],[-123.670388,44.004705],[-123.670617,44.004705],[-123.670609,44.004637],[-123.670606,44.004608],[-123.670602,44.004563],[-123.670596,44.004508],[-123.67059,44.004455],[-123.670585,44.0044],[-123.670572,44.004231],[-123.670567,44.004064],[-123.670562,44.003953],[-123.67056,44.003857],[-123.670565,44.003782],[-123.670572,44.003725],[-123.67058,44.003676],[-123.670641,44.003313],[-123.670646,44.003288],[-123.670655,44.003246],[-123.670665,44.003196],[-123.670674,44.003137],[-123.670682,44.003079],[-123.670691,44.003008],[-123.670697,44.002963],[-123.670701,44.002931],[-123.670706,44.002879],[-123.670774,44.002188],[-123.670776,44.002172],[-123.670777,44.002163],[-123.670781,44.002133],[-123.670785,44.002108],[-123.670789,44.002078],[-123.670793,44.002058],[-123.670799,44.002031],[-123.670805,44.002004],[-123.670811,44.001981],[-123.670815,44.001964],[-123.670822,44.00194],[-123.670832,44.001914],[-123.670839,44.001894],[-123.670851,44.001865],[-123.670862,44.001843],[-123.670873,44.001823],[-123.670887,44.001801],[-123.670903,44.001779],[-123.671407,44.001131],[-123.671146,44.00113],[-123.670742,44.001649]]]]}},{"type":"Feature","properties":{"MAPTAXLOT":"1808170000088","MAPNUMBER":"18081700","TAXLOT":"88","ACCTNO":"000None","MAPACRES":11.01561836},"geometry":{"type":"Polygon","coordinates":[[[-123.68692,44.000197],[-123.687177,44.000212],[-123.687434,44.000224],[-123.687691,44.000231],[-123.687865,44.000231],[-123.688038,44.000226],[-123.688211,44.000217],[-123.688384,44.000204],[-123.688556,44.000187],[-123.688727,44.000165],[-123.688897,44.000139],[-123.689146,44.000093],[-123.689393,44.000043],[-123.689639,43.999989],[-123.690448,43.999808],[-123.690836,43.999723],[-123.691226,43.999643],[-123.691481,43.9996],[-123.691737,43.999561],[-123.691994,43.999527],[-123.692252,43.999497],[-123.692253,43.999097],[-123.69204,43.99912],[-123.691197,43.999337],[-123.690738,43.999478],[-123.690398,43.999563],[-123.690167,43.99965],[-123.689978,43.999717],[-123.689952,43.999724],[-123.689282,43.999923],[-123.68879,44.000036],[-123.688522,44.000091],[-123.688281,44.000123],[-123.687376,44.00012],[-123.687052,44.000059],[-123.686838,44.000023],[-123.686567,43.999967],[-123.685629,43.999755],[-123.684965,43.999693],[-123.684365,43.999581],[-123.684136,43.999492],[-123.683013,43.999055],[-123.682548,43.998903],[-123.682288,43.998856],[-123.680586,43.998451],[-123.680292,43.998382],[-123.679997,43.998317],[-123.6797,43.998256],[-123.679401,43.998199],[-123.679101,43.998147],[-123.678799,43.998099],[-123.678609,43.998079],[-123.678417,43.998063],[-123.678109,43.998054],[-123.6778,43.998049],[-123.677491,43.998048],[-123.677183,43.998052],[-123.676874,43.998061],[-123.676566,43.998074],[-123.674841,43.998142],[-123.674534,43.998154],[-123.674227,43.998171],[-123.673921,43.998194],[-123.673616,43.998221],[-123.673311,43.998254],[-123.673008,43.998292],[-123.672839,43.998323],[-123.672672,43.998358],[-123.672506,43.998398],[-123.672342,43.998442],[-123.67218,43.998489],[-123.672153,43.998677],[-123.672305,43.998681],[-123.672539,43.998652],[-123.672737,43.998597],[-123.672942,43.998504],[-123.673077,43.998454],[-123.673289,43.998437],[-123.673577,43.998455],[-123.673894,43.998417],[-123.674154,43.998327],[-123.674468,43.998314],[-123.674644,43.998301],[-123.675024,43.998275],[-123.67564,43.998283],[-123.676072,43.998274],[-123.676752,43.998278],[-123.677114,43.998332],[-123.677257,43.998389],[-123.677357,43.998398],[-123.677595,43.998372],[-123.677866,43.998387],[-123.678164,43.99832],[-123.67835,43.998291],[-123.678617,43.998337],[-123.679064,43.99839],[-123.679079,43.998393],[-123.679487,43.998467],[-123.679907,43.998546],[-123.680174,43.998642],[-123.680668,43.998759],[-123.68076,43.998797],[-123.680829,43.998825],[-123.680842,43.99883],[-123.680857,43.998836],[-123.680858,43.998836],[-123.681059,43.998916],[-123.681172,43.998949],[-123.681344,43.998994],[-123.681679,43.999116],[-123.68224,43.999291],[-123.68227,43.999301],[-123.682286,43.999306],[-123.682747,43.999438],[-123.683141,43.999538],[-123.68329,43.999567],[-123.683461,43.999594],[-123.683804,43.999721],[-123.684284,43.999808],[-123.684756,43.999905],[-123.685191,43.999957],[-123.686107,44.000049],[-123.686594,44.000119],[-123.68692,44.000197]]]}},{"type":"Feature","properties":{"MAPTAXLOT":"1808170000100","MAPNUMBER":"18081700","TAXLOT":"100","ACCTNO":"0759835","MAPACRES":127.06641679},"geometry":{"type":"Polygon","coordinates":[[[-123.677205,44.012384],[-123.682184,44.012579],[-123.68222,44.008894],[-123.676985,44.008669],[-123.676767,44.004969],[-123.671278,44.004702],[-123.671752,44.008445],[-123.672226,44.012188],[-123.677205,44.012384]]]}},{"type":"Feature","properties":{"MAPTAXLOT":"1808170000200","MAPNUMBER":"18081700","TAXLOT":"200","ACCTNO":"0759843","MAPACRES":43.38543514},"geometry":{"type":"Polygon","coordinates":[[[-123.676985,44.008669],[-123.68222,44.008894],[-123.682256,44.005236],[-123.676767,44.004969],[-123.676985,44.008669]]]}},{"type":"Feature","properties":{"MAPTAXLOT":"1808170000300","MAPNUMBER":"18081700","TAXLOT":"300","ACCTNO":"0759850","MAPACRES":160.3716847},"geometry":{"type":"Polygon","coordinates":[[[-123.687192,44.012757],[-123.6922,44.012934],[-123.692217,44.009321],[-123.692233,44.005709],[-123.687245,44.005473],[-123.682256,44.005236],[-123.68222,44.008894],[-123.682184,44.012579],[-123.687192,44.012757]]]}},{"type":"Feature","properties":{"MAPTAXLOT":"1808170000400","MAPNUMBER":"18081700","TAXLOT":"400","ACCTNO":"0759868","MAPACRES":80.15160849},"geometry":{"type":"Polygon","coordinates":[[[-123.687245,44.005473],[-123.692233,44.005709],[-123.692245,44.002047],[-123.687259,44.001824],[-123.682274,44.001601],[-123.682256,44.005236],[-123.687245,44.005473]]]}},{"type":"Feature","properties":{"MAPTAXLOT":"1808170000500","MAPNUMBER":"18081700","TAXLOT":"500","ACCTNO":"0759876","MAPACRES":26.86851839},"geometry":{"type":"MultiPolygon","coordinates":[[[[-123.682274,44.001601],[-123.687259,44.001824],[-123.692245,44.002047],[-123.69225,44.000207],[-123.692229,44.000216],[-123.692189,44.000234],[-123.692156,44.000249],[-123.692091,44.000277],[-123.69204,44.000298],[-123.69198,44.00032],[-123.691933,44.000336],[-123.691889,44.00035],[-123.691842,44.000361],[-123.691796,44.000371],[-123.691722,44.00038],[-123.691666,44.000382],[-123.691615,44.00038],[-123.69159,44.000378],[-123.691547,44.000372],[-123.691524,44.000368],[-123.691493,44.000363],[-123.691461,44.000356],[-123.69142,44.000346],[-123.691387,44.000338],[-123.691349,44.000329],[-123.691325,44.000323],[-123.691292,44.000316],[-123.691258,44.000309],[-123.691226,44.000304],[-123.691194,44.0003],[-123.691167,44.000297],[-123.691135,44.000296],[-123.691102,44.000296],[-123.691075,44.000298],[-123.691037,44.000303],[-123.69102,44.000306],[-123.690988,44.000312],[-123.690958,44.000319],[-123.690923,44.000327],[-123.690891,44.000335],[-123.690853,44.000343],[-123.689949,44.000531],[-123.689919,44.000538],[-123.689894,44.000545],[-123.689874,44.000551],[-123.68984,44.000562],[-123.689816,44.00057],[-123.689772,44.000584],[-123.689734,44.000595],[-123.689689,44.000607],[-123.689661,44.000614],[-123.689628,44.000622],[-123.689601,44.000627],[-123.689574,44.000632],[-123.68954,44.000637],[-123.6895,44.000641],[-123.689469,44.000644],[-123.689429,44.000647],[-123.689394,44.000651],[-123.689369,44.000653],[-123.689349,44.000655],[-123.689325,44.000658],[-123.689291,44.000663],[-123.689276,44.000666],[-123.689262,44.000669],[-123.689248,44.000672],[-123.689226,44.000678],[-123.689208,44.000684],[-123.689187,44.000692],[-123.689175,44.000698],[-123.689154,44.000707],[-123.689127,44.00072],[-123.689106,44.000729],[-123.689083,44.000739],[-123.689058,44.000749],[-123.689024,44.00076],[-123.688994,44.000768],[-123.68896,44.000776],[-123.688929,44.000781],[-123.688886,44.000787],[-123.68886,44.00079],[-123.688827,44.000794],[-123.688785,44.000797],[-123.688747,44.000799],[-123.688713,44.000801],[-123.688685,44.000802],[-123.688648,44.000803],[-123.688612,44.000803],[-123.688574,44.000803],[-123.688536,44.000802],[-123.688488,44.000799],[-123.688453,44.000797],[-123.688411,44.000794],[-123.688371,44.000791],[-123.688328,44.000786],[-123.688292,44.000782],[-123.688259,44.000778],[-123.688219,44.000773],[-123.688194,44.000769],[-123.688033,44.000776],[-123.687872,44.00078],[-123.687711,44.00078],[-123.687699,44.000781],[-123.687648,44.000786],[-123.687601,44.000789],[-123.687574,44.00079],[-123.687543,44.000791],[-123.687524,44.000792],[-123.68749,44.000792],[-123.687465,44.000793],[-123.687432,44.000793],[-123.687402,44.000792],[-123.68737,44.000791],[-123.687334,44.00079],[-123.687303,44.000789],[-123.687273,44.000787],[-123.687235,44.000785],[-123.687208,44.000783],[-123.687161,44.000779],[-123.687124,44.000776],[-123.687078,44.000773],[-123.687033,44.000769],[-123.686969,44.000765],[-123.686939,44.000762],[-123.686899,44.00076],[-123.686851,44.000756],[-123.686815,44.000754],[-123.686779,44.000752],[-123.686736,44.00075],[-123.68671,44.000748],[-123.686664,44.000746],[-123.686622,44.000745],[-123.686591,44.000744],[-123.686571,44.000743],[-123.686554,44.000743],[-123.686543,44.000743],[-123.686263,44.000737],[-123.68526,44.000684],[-123.68519,44.000681],[-123.685131,44.000679],[-123.68506,44.000677],[-123.684977,44.000676],[-123.684901,44.000676],[-123.684846,44.000676],[-123.684766,44.000676],[-123.684675,44.000675],[-123.684594,44.000675],[-123.684521,44.000673],[-123.684455,44.000672],[-123.68437,44.000669],[-123.684315,44.000666],[-123.684238,44.000661],[-123.684186,44.000657],[-123.684109,44.000649],[-123.68408,44.000645],[-123.684019,44.000637],[-123.683986,44.000632],[-123.683937,44.000623],[-123.683875,44.000611],[-123.683831,44.000602],[-123.683763,44.000587],[-123.683659,44.000562],[-123.683591,44.000546],[-123.683548,44.000536],[-123.68353,44.000531],[-123.682867,44.000489],[-123.68258,44.00047],[-123.682292,44.000449],[-123.68228,44.000448],[-123.682274,44.001601]]],[[[-123.692086,44.000072],[-123.691955,44.00009],[-123.691954,44.00009],[-123.691953,44.00009],[-123.691915,44.000095],[-123.691877,44.0001],[-123.69165,44.000134],[-123.691425,44.000172],[-123.69142,44.000173],[-123.691424,44.000174],[-123.69146,44.000182],[-123.691491,44.00019],[-123.691528,44.000198],[-123.691554,44.000204],[-123.691577,44.000208],[-123.691592,44.000211],[-123.691624,44.000215],[-123.691635,44.000216],[-123.691666,44.000217],[-123.691696,44.000216],[-123.691745,44.00021],[-123.691774,44.000204],[-123.691808,44.000196],[-123.691842,44.000185],[-123.691879,44.000173],[-123.691931,44.000153],[-123.691975,44.000135],[-123.692037,44.000108],[-123.69207,44.000093],[-123.69211,44.000076],[-123.69213,44.000067],[-123.692086,44.000072]]]]}},{"type":"Feature","properties":{"MAPTAXLOT":"1808170000600","MAPNUMBER":"18081700","TAXLOT":"600","ACCTNO":"0759884","MAPACRES":26.93753251},"geometry":{"type":"MultiPolygon","coordinates":[[[[-123.682291,43.998351],[-123.682291,43.998351],[-123.683549,43.998651],[-123.684007,43.99876],[-123.68557,43.998964],[-123.687342,43.99907],[-123.687904,43.999048],[-123.688975,43.998901],[-123.68956,43.998821],[-123.690371,43.998762],[-123.691071,43.998711],[-123.691451,43.998694],[-123.692254,43.998597],[-123.692255,43.998393],[-123.687274,43.998173],[-123.682293,43.997953],[-123.682291,43.998351]]],[[[-123.684136,43.999492],[-123.684365,43.999581],[-123.684965,43.999693],[-123.685629,43.999755],[-123.686567,43.999967],[-123.686838,44.000023],[-123.687052,44.000059],[-123.687376,44.00012],[-123.688281,44.000123],[-123.688522,44.000091],[-123.68879,44.000036],[-123.689282,43.999923],[-123.689952,43.999724],[-123.689978,43.999717],[-123.690167,43.99965],[-123.690398,43.999563],[-123.690738,43.999478],[-123.691197,43.999337],[-123.69204,43.99912],[-123.692253,43.999097],[-123.692253,43.998932],[-123.691907,43.999],[-123.691145,43.999036],[-123.690453,43.999119],[-123.689906,43.999185],[-123.689915,43.999225],[-123.689041,43.999314],[-123.688496,43.999311],[-123.687728,43.999341],[-123.687343,43.999358],[-123.685995,43.999315],[-123.684656,43.999196],[-123.683419,43.998991],[-123.682289,43.998761],[-123.682288,43.998856],[-123.682548,43.998903],[-123.683013,43.999055],[-123.684136,43.999492]]],[[[-123.682283,43.999897],[-123.682374,43.999904],[-123.682654,43.999924],[-123.682934,43.999943],[-123.68692,44.000197],[-123.686594,44.000119],[-123.686107,44.000049],[-123.685191,43.999957],[-123.684756,43.999905],[-123.684284,43.999808],[-123.683804,43.999721],[-123.683461,43.999594],[-123.68329,43.999567],[-123.683141,43.999538],[-123.682747,43.999438],[-123.682286,43.999306],[-123.682283,43.999897]]]]}},{"type":"Feature","properties":{"MAPTAXLOT":"1808170000700","MAPNUMBER":"18081700","TAXLOT":"700","ACCTNO":"1231859","MAPACRES":26.13323657},"geometry":{"type":"MultiPolygon","coordinates":[[[[-123.677136,44.000014],[-123.677035,44.001367],[-123.682274,44.001601],[-123.68228,44.000448],[-123.681961,44.000421],[-123.681702,44.000413],[-123.681642,44.000411],[-123.681596,44.00041],[-123.681549,44.000409],[-123.681498,44.000408],[-123.681447,44.000407],[-123.681401,44.000406],[-123.681362,44.000405],[-123.681325,44.000403],[-123.681293,44.0004],[-123.681265,44.000396],[-123.681235,44.000391],[-123.681215,44.000387],[-123.68119,44.000381],[-123.680809,44.000282],[-123.680769,44.000274],[-123.680722,44.000266],[-123.6807,44.000262],[-123.680657,44.000255],[-123.680627,44.00025],[-123.680592,44.000245],[-123.680578,44.000243],[-123.680544,44.000239],[-123.680511,44.000235],[-123.680474,44.000231],[-123.680442,44.000229],[-123.680383,44.000224],[-123.680342,44.000222],[-123.6803,44.000219],[-123.680259,44.000217],[-123.679249,44.000169],[-123.678753,44.000149],[-123.678709,44.000147],[-123.678644,44.000144],[-123.678595,44.000141],[-123.678532,44.000136],[-123.678484,44.000132],[-123.678434,44.000127],[-123.678379,44.000122],[-123.678329,44.000116],[-123.678274,44.000109],[-123.678229,44.000103],[-123.6782,44.000099],[-123.678179,44.000096],[-123.677381,43.99998],[-123.677334,43.999973],[-123.677279,43.999965],[-123.67724,43.999959],[-123.6772,43.999953],[-123.677146,43.999943],[-123.677141,43.999943],[-123.677136,44.000014]]],[[[-123.677209,43.999033],[-123.677498,43.9991],[-123.677786,43.999171],[-123.678875,43.999448],[-123.679142,43.999515],[-123.67941,43.999581],[-123.679411,43.999581],[-123.679411,43.999581],[-123.679689,43.999645],[-123.679968,43.999704],[-123.680249,43.99976],[-123.680532,43.999811],[-123.680816,43.999859],[-123.681101,43.999902],[-123.681387,43.999941],[-123.681675,43.999975],[-123.681675,43.999837],[-123.681679,43.999116],[-123.681344,43.998994],[-123.681172,43.998949],[-123.681059,43.998916],[-123.680858,43.998836],[-123.680857,43.998836],[-123.680842,43.99883],[-123.680829,43.998825],[-123.68076,43.998797],[-123.680668,43.998759],[-123.680174,43.998642],[-123.679907,43.998546],[-123.679487,43.998467],[-123.679079,43.998393],[-123.679064,43.99839],[-123.678617,43.998337],[-123.67835,43.998291],[-123.678164,43.99832],[-123.677866,43.998387],[-123.677595,43.998372],[-123.677357,43.998398],[-123.677257,43.998389],[-123.677209,43.999033]]],[[[-123.677154,43.999775],[-123.677161,43.999776],[-123.6772,43.999784],[-123.677251,43.999792],[-123.677288,43.999798],[-123.677326,43.999804],[-123.67738,43.999812],[-123.677425,43.999819],[-123.678223,43.999935],[-123.678244,43.999938],[-123.678271,43.999942],[-123.678314,43.999947],[-123.678366,43.999954],[-123.678413,43.999959],[-123.678464,43.999964],[-123.678511,43.999969],[-123.678557,43.999972],[-123.678616,43.999977],[-123.678662,43.99998],[-123.678724,43.999983],[-123.678767,43.999985],[-123.679262,44.000004],[-123.680274,44.000053],[-123.680312,44.000055],[-123.680055,44.000006],[-123.679799,43.999955],[-123.679545,43.9999],[-123.679291,43.999841],[-123.679291,43.999841],[-123.679291,43.999841],[-123.679019,43.999775],[-123.678748,43.999706],[-123.677657,43.999429],[-123.677423,43.999371],[-123.677188,43.999316],[-123.677154,43.999775]]]]}},{"type":"Feature","properties":{"MAPTAXLOT":"1808170000701","MAPNUMBER":"18081700","TAXLOT":"701","ACCTNO":"0759900","MAPACRES":0.87973656},"geometry":{"type":"Polygon","coordinates":[[[-123.681695,43.999839],[-123.681874,43.999858],[-123.681875,43.999858],[-123.681878,43.999859],[-123.68189,43.99986],[-123.681892,43.99986],[-123.681903,43.999861],[-123.681903,43.999861],[-123.681909,43.999862],[-123.681913,43.999862],[-123.681921,43.999863],[-123.682102,43.999881],[-123.682283,43.999897],[-123.682286,43.999306],[-123.68227,43.999301],[-123.68224,43.999291],[-123.681679,43.999116],[-123.681675,43.999837],[-123.681695,43.999839]]]}},{"type":"Feature","properties":{"MAPTAXLOT":"1808170000702","MAPNUMBER":"18081700","TAXLOT":"702","ACCTNO":"1494416","MAPACRES":0.77036189},"geometry":{"type":"Polygon","coordinates":[[[-123.680265,43.997873],[-123.680443,43.997913],[-123.68062,43.997954],[-123.680797,43.997996],[-123.680797,43.997996],[-123.681096,43.997995],[-123.682211,43.998332],[-123.682291,43.998351],[-123.682291,43.998351],[-123.682293,43.997953],[-123.680265,43.997873]]]}},{"type":"Feature","properties":{"MAPTAXLOT":"1808170000800","MAPNUMBER":"18081700","TAXLOT":"800","ACCTNO":"1231867","MAPACRES":108.83922905},"geometry":{"type":"MultiPolygon","coordinates":[[[[-123.670903,44.001779],[-123.670887,44.001801],[-123.670873,44.001823],[-123.670862,44.001843],[-123.670851,44.001865],[-123.670839,44.001894],[-123.670832,44.001914],[-123.670822,44.00194],[-123.670815,44.001964],[-123.670811,44.001981],[-123.670805,44.002004],[-123.670799,44.002031],[-123.670793,44.002058],[-123.670789,44.002078],[-123.670785,44.002108],[-123.670781,44.002133],[-123.670777,44.002163],[-123.670776,44.002172],[-123.670774,44.002188],[-123.670706,44.002879],[-123.670701,44.002931],[-123.670697,44.002963],[-123.670691,44.003008],[-123.670682,44.003079],[-123.670674,44.003137],[-123.670665,44.003196],[-123.670655,44.003246],[-123.670646,44.003288],[-123.670641,44.003313],[-123.67058,44.003676],[-123.670572,44.003725],[-123.670565,44.003782],[-123.67056,44.003857],[-123.670562,44.003953],[-123.670567,44.004064],[-123.670572,44.004231],[-123.670585,44.0044],[-123.67059,44.004455],[-123.670596,44.004508],[-123.670602,44.004563],[-123.670606,44.004608],[-123.670609,44.004637],[-123.670617,44.004705],[-123.671278,44.004702],[-123.676767,44.004969],[-123.682256,44.005236],[-123.682274,44.001601],[-123.677035,44.001367],[-123.677136,44.000014],[-123.676954,44.000023],[-123.676772,44.000038],[-123.676592,44.000057],[-123.676413,44.000082],[-123.676235,44.000111],[-123.676059,44.000146],[-123.675885,44.000186],[-123.675713,44.00023],[-123.675544,44.00028],[-123.675377,44.000334],[-123.675214,44.000393],[-123.675054,44.000456],[-123.674898,44.000525],[-123.674745,44.000597],[-123.674597,44.000674],[-123.674453,44.000755],[-123.674536,43.999637],[-123.674508,43.999635],[-123.674472,43.999632],[-123.674431,43.999629],[-123.674397,43.999628],[-123.674349,43.999626],[-123.674271,43.999623],[-123.674222,43.999623],[-123.674182,43.999623],[-123.674142,43.999623],[-123.674081,43.999625],[-123.674006,43.999628],[-123.67396,43.99963],[-123.673907,43.999633],[-123.673829,43.999639],[-123.67378,43.999644],[-123.673727,43.999649],[-123.673676,43.999655],[-123.673624,43.999661],[-123.673573,43.999668],[-123.673531,43.999674],[-123.673478,43.999682],[-123.673437,43.999689],[-123.673385,43.999698],[-123.673329,43.999708],[-123.673291,43.999716],[-123.673253,43.999725],[-123.673223,43.999733],[-123.673207,43.999738],[-123.673184,43.999745],[-123.673155,43.999756],[-123.673125,43.999768],[-123.672443,44.000077],[-123.672408,44.000092],[-123.672384,44.000104],[-123.672346,44.000122],[-123.672319,44.000136],[-123.672291,44.00015],[-123.672254,44.000171],[-123.672222,44.000189],[-123.672192,44.000208],[-123.672162,44.000229],[-123.672144,44.000242],[-123.672115,44.000264],[-123.672096,44.00028],[-123.672077,44.000297],[-123.672056,44.000316],[-123.672038,44.000333],[-123.672021,44.000349],[-123.672004,44.000369],[-123.671989,44.000385],[-123.671969,44.000408],[-123.671951,44.000429],[-123.671941,44.000442],[-123.671886,44.000513],[-123.671796,44.001132],[-123.671407,44.001131],[-123.670903,44.001779]]],[[[-123.67453,43.999194],[-123.674341,43.999223],[-123.674153,43.999258],[-123.673968,43.999297],[-123.673784,43.999341],[-123.673603,43.99939],[-123.673424,43.999444],[-123.673248,43.999503],[-123.673076,43.999566],[-123.672906,43.999634],[-123.672741,43.999706],[-123.672579,43.999782],[-123.672421,43.999863],[-123.672267,43.999948],[-123.672118,44.000037],[-123.672116,44.000038],[-123.672097,44.00005],[-123.672086,44.000057],[-123.672114,44.000041],[-123.672154,44.000019],[-123.672186,44.000002],[-123.672218,43.999986],[-123.67226,43.999966],[-123.672285,43.999954],[-123.672321,43.999937],[-123.673008,43.999627],[-123.673047,43.999611],[-123.673088,43.999596],[-123.673118,43.999586],[-123.673141,43.99958],[-123.673179,43.99957],[-123.673224,43.999559],[-123.673268,43.99955],[-123.673329,43.999538],[-123.673384,43.999529],[-123.673429,43.999521],[-123.673485,43.999512],[-123.67353,43.999506],[-123.673584,43.999499],[-123.67364,43.999492],[-123.673694,43.999486],[-123.67375,43.99948],[-123.673803,43.999476],[-123.673885,43.999469],[-123.673942,43.999466],[-123.673992,43.999463],[-123.674071,43.99946],[-123.674137,43.999459],[-123.67418,43.999458],[-123.674224,43.999458],[-123.674277,43.999459],[-123.67436,43.999461],[-123.674412,43.999463],[-123.674449,43.999465],[-123.674495,43.999468],[-123.674535,43.999471],[-123.674548,43.999473],[-123.674569,43.999189],[-123.674556,43.999191],[-123.67453,43.999194]]],[[[-123.670877,44.001167],[-123.670778,44.001306],[-123.670684,44.001447],[-123.670593,44.001589],[-123.669805,44.002836],[-123.669787,44.002865],[-123.669785,44.002867],[-123.669785,44.002867],[-123.669784,44.002868],[-123.669782,44.002872],[-123.669779,44.002876],[-123.669778,44.002877],[-123.669778,44.002878],[-123.669777,44.00288],[-123.669776,44.002881],[-123.669776,44.002881],[-123.669771,44.002889],[-123.66977,44.002891],[-123.669769,44.002893],[-123.669768,44.002893],[-123.669767,44.002895],[-123.669765,44.002898],[-123.669759,44.002908],[-123.669758,44.002909],[-123.669756,44.002912],[-123.669754,44.002915],[-123.669751,44.00292],[-123.669751,44.002921],[-123.669751,44.002921],[-123.669741,44.002936],[-123.669739,44.002939],[-123.669738,44.002941],[-123.669736,44.002945],[-123.669735,44.002945],[-123.669734,44.002947],[-123.669731,44.002953],[-123.669729,44.002955],[-123.669728,44.002958],[-123.669724,44.002963],[-123.669718,44.002973],[-123.669713,44.002981],[-123.669712,44.002983],[-123.669711,44.002985],[-123.669709,44.002988],[-123.669704,44.002996],[-123.669698,44.003005],[-123.669698,44.003005],[-123.669698,44.003006],[-123.669697,44.003007],[-123.669697,44.003008],[-123.669692,44.003016],[-123.669692,44.003016],[-123.66969,44.00302],[-123.669682,44.003031],[-123.669682,44.003033],[-123.669681,44.003033],[-123.669681,44.003033],[-123.669675,44.003043],[-123.669675,44.003044],[-123.669775,44.003208],[-123.66985,44.003424],[-123.669964,44.003716],[-123.670074,44.004074],[-123.670128,44.004706],[-123.670275,44.004706],[-123.670388,44.004705],[-123.670381,44.00465],[-123.670378,44.004619],[-123.670374,44.004575],[-123.670369,44.004521],[-123.670362,44.004468],[-123.670357,44.004409],[-123.670344,44.004237],[-123.670339,44.004069],[-123.670334,44.003957],[-123.670332,44.003855],[-123.670337,44.003771],[-123.670345,44.003709],[-123.670353,44.003657],[-123.670415,44.003291],[-123.670421,44.003263],[-123.67043,44.003222],[-123.670438,44.003176],[-123.670447,44.003119],[-123.670456,44.003062],[-123.670464,44.002994],[-123.67047,44.002949],[-123.670474,44.002917],[-123.670478,44.002868],[-123.670547,44.002176],[-123.670549,44.002158],[-123.67055,44.002147],[-123.670554,44.002117],[-123.670558,44.002091],[-123.670563,44.002056],[-123.670568,44.002034],[-123.670573,44.002006],[-123.670581,44.001976],[-123.670586,44.001952],[-123.670592,44.001932],[-123.6706,44.001903],[-123.670611,44.001872],[-123.67062,44.001848],[-123.670635,44.001813],[-123.670648,44.001786],[-123.670663,44.001759],[-123.670683,44.001728],[-123.670702,44.001701],[-123.670742,44.001649],[-123.671146,44.00113],[-123.670904,44.001129],[-123.670877,44.001167]]]]}},{"type":"Feature","properties":{"MAPTAXLOT":"1808170000900","MAPNUMBER":"18081700","TAXLOT":"900","ACCTNO":"0759934","MAPACRES":5.35716342},"geometry":{"type":"MultiPolygon","coordinates":[[[[-123.674453,44.000755],[-123.674597,44.000674],[-123.674745,44.000597],[-123.674898,44.000525],[-123.675054,44.000456],[-123.675214,44.000393],[-123.675377,44.000334],[-123.675544,44.00028],[-123.675713,44.00023],[-123.675885,44.000186],[-123.676059,44.000146],[-123.676235,44.000111],[-123.676413,44.000082],[-123.676592,44.000057],[-123.676772,44.000038],[-123.676954,44.000023],[-123.677136,44.000014],[-123.677141,43.999943],[-123.677105,43.999936],[-123.677053,43.999926],[-123.677027,43.999921],[-123.677,43.999916],[-123.676974,43.99991],[-123.676939,43.999903],[-123.676923,43.999899],[-123.676888,43.999891],[-123.676852,43.999884],[-123.676824,43.999878],[-123.676801,43.999874],[-123.676783,43.999871],[-123.676735,43.999864],[-123.676704,43.999861],[-123.676673,43.999859],[-123.676641,43.999858],[-123.676595,43.999858],[-123.676572,43.999859],[-123.676539,43.999859],[-123.676498,43.999861],[-123.676463,43.999861],[-123.676444,43.999861],[-123.676405,43.999861],[-123.676349,43.99986],[-123.676319,43.999859],[-123.676276,43.999857],[-123.676234,43.999855],[-123.676197,43.999853],[-123.676172,43.999852],[-123.676103,43.999849],[-123.67607,43.999847],[-123.676023,43.999845],[-123.675997,43.999844],[-123.675954,43.999841],[-123.675935,43.99984],[-123.675891,43.999836],[-123.675868,43.999834],[-123.675809,43.999826],[-123.674717,43.999659],[-123.67468,43.999654],[-123.674649,43.99965],[-123.6746,43.999644],[-123.674562,43.99964],[-123.674536,43.999637],[-123.674453,44.000755]]],[[[-123.676565,43.999694],[-123.676591,43.999694],[-123.676644,43.999693],[-123.676686,43.999694],[-123.676729,43.999697],[-123.676773,43.999701],[-123.676832,43.99971],[-123.676855,43.999714],[-123.676883,43.999719],[-123.676915,43.999725],[-123.676954,43.999734],[-123.676989,43.999742],[-123.677005,43.999745],[-123.677038,43.999752],[-123.677063,43.999757],[-123.677089,43.999763],[-123.677112,43.999767],[-123.677154,43.999775],[-123.677188,43.999316],[-123.67691,43.999256],[-123.676737,43.999224],[-123.676563,43.999197],[-123.676388,43.999174],[-123.676212,43.999155],[-123.676035,43.999141],[-123.675857,43.999131],[-123.675679,43.999125],[-123.675501,43.999124],[-123.675323,43.999127],[-123.675218,43.999131],[-123.675215,43.999131],[-123.675053,43.99914],[-123.674891,43.999153],[-123.67473,43.999169],[-123.674569,43.999189],[-123.674548,43.999473],[-123.674593,43.999477],[-123.674635,43.999481],[-123.674688,43.999488],[-123.674723,43.999492],[-123.674763,43.999498],[-123.675853,43.999665],[-123.675904,43.999671],[-123.67592,43.999673],[-123.67596,43.999676],[-123.675974,43.999677],[-123.676015,43.99968],[-123.676038,43.999681],[-123.676083,43.999683],[-123.676116,43.999684],[-123.676188,43.999688],[-123.676213,43.999689],[-123.67625,43.999691],[-123.67629,43.999693],[-123.676331,43.999695],[-123.676358,43.999696],[-123.676409,43.999697],[-123.676444,43.999697],[-123.676459,43.999697],[-123.67649,43.999696],[-123.676531,43.999695],[-123.676565,43.999694]]]]}},{"type":"Feature","properties":{"MAPTAXLOT":"1808170001000","MAPNUMBER":"18081700","TAXLOT":"1000","ACCTNO":"0759942","MAPACRES":7.63138752},"geometry":{"type":"Polygon","coordinates":[[[-123.672153,43.998677],[-123.671997,43.999753],[-123.672005,43.999748],[-123.672006,43.999747],[-123.672008,43.999746],[-123.672009,43.999746],[-123.672015,43.999742],[-123.672016,43.999742],[-123.672016,43.999742],[-123.672016,43.999741],[-123.672024,43.999737],[-123.672026,43.999736],[-123.672027,43.999735],[-123.672029,43.999734],[-123.672029,43.999734],[-123.672189,43.999646],[-123.672353,43.999561],[-123.672521,43.999481],[-123.672694,43.999406],[-123.672869,43.999334],[-123.673048,43.999268],[-123.673231,43.999206],[-123.673416,43.999149],[-123.673604,43.999096],[-123.673795,43.999049],[-123.673987,43.999006],[-123.674182,43.998969],[-123.674379,43.998936],[-123.674577,43.998909],[-123.674776,43.998887],[-123.674976,43.99887],[-123.675177,43.998858],[-123.675378,43.998851],[-123.67558,43.99885],[-123.675781,43.998853],[-123.675982,43.998862],[-123.676183,43.998876],[-123.676383,43.998896],[-123.676581,43.99892],[-123.676779,43.99895],[-123.676974,43.998984],[-123.677,43.998989],[-123.677014,43.998992],[-123.677209,43.999033],[-123.677257,43.998389],[-123.677114,43.998332],[-123.676752,43.998278],[-123.676072,43.998274],[-123.67564,43.998283],[-123.675024,43.998275],[-123.674644,43.998301],[-123.674468,43.998314],[-123.674154,43.998327],[-123.673894,43.998417],[-123.673577,43.998455],[-123.673289,43.998437],[-123.673077,43.998454],[-123.672942,43.998504],[-123.672737,43.998597],[-123.672539,43.998652],[-123.672305,43.998681],[-123.672153,43.998677]]]}},{"type":"Feature","properties":{"MAPTAXLOT":"1808180000077","MAPNUMBER":"18081800","TAXLOT":"77","ACCTNO":"000None","MAPACRES":32.36117351},"geometry":{"type":"Polygon","coordinates":[[[-123.700098,44.006088],[-123.700139,44.006139],[-123.700179,44.006186],[-123.70021,44.006221],[-123.700212,44.006251],[-123.700219,44.006371],[-123.700232,44.006464],[-123.70031,44.006594],[-123.700392,44.006723],[-123.700477,44.006852],[-123.700581,44.007001],[-123.70069,44.00715],[-123.700803,44.007296],[-123.7017,44.008431],[-123.701824,44.008591],[-123.701943,44.008753],[-123.702191,44.009093],[-123.702255,44.009177],[-123.702325,44.009258],[-123.702401,44.009337],[-123.702433,44.009367],[-123.702829,44.009742],[-123.702891,44.009803],[-123.702949,44.009866],[-123.703003,44.009931],[-123.703147,44.010115],[-123.703203,44.010183],[-123.703263,44.01025],[-123.703327,44.010314],[-123.703395,44.010377],[-123.704008,44.010922],[-123.704184,44.011082],[-123.704356,44.011245],[-123.704523,44.01141],[-123.704686,44.011577],[-123.705008,44.011914],[-123.705062,44.011974],[-123.705113,44.012037],[-123.705159,44.012101],[-123.70519,44.012146],[-123.70523,44.012202],[-123.705274,44.012257],[-123.705321,44.012311],[-123.705891,44.012928],[-123.705949,44.012992],[-123.70632,44.012993],[-123.705964,44.012552],[-123.705256,44.011689],[-123.704571,44.010984],[-123.703931,44.010432],[-123.70327,44.009823],[-123.702785,44.009328],[-123.702499,44.009025],[-123.702164,44.008586],[-123.701802,44.00786],[-123.700682,44.006656],[-123.70066,44.006553],[-123.700555,44.006381],[-123.700562,44.006347],[-123.700575,44.006314],[-123.700593,44.006282],[-123.700617,44.006252],[-123.700646,44.006224],[-123.700679,44.006199],[-123.700716,44.006177],[-123.700757,44.006159],[-123.700766,44.006155],[-123.701111,44.00604],[-123.701492,44.005914],[-123.701582,44.005884],[-123.701761,44.005824],[-123.701905,44.005776],[-123.70196,44.005758],[-123.702017,44.005739],[-123.702062,44.005727],[-123.702109,44.00572],[-123.702156,44.005719],[-123.702203,44.005723],[-123.702249,44.005733],[-123.702292,44.005747],[-123.702332,44.005766],[-123.702367,44.00579],[-123.702396,44.005817],[-123.702419,44.005847],[-123.703212,44.007106],[-123.703336,44.007303],[-123.703465,44.007497],[-123.7036,44.007689],[-123.703702,44.007827],[-123.703807,44.007964],[-123.703916,44.0081],[-123.703968,44.008158],[-123.704056,44.008252],[-123.704149,44.008345],[-123.704244,44.008435],[-123.704343,44.008523],[-123.70447,44.008629],[-123.704602,44.008732],[-123.704732,44.008827],[-123.704865,44.008918],[-123.704801,44.008969],[-123.704955,44.009067],[-123.705114,44.009162],[-123.705278,44.009252],[-123.705446,44.009338],[-123.705618,44.009419],[-123.705794,44.009496],[-123.705974,44.009569],[-123.706157,44.009636],[-123.706344,44.009699],[-123.706533,44.009757],[-123.706726,44.00981],[-123.706921,44.009858],[-123.707118,44.009901],[-123.707118,44.009901],[-123.707271,44.009931],[-123.707426,44.009957],[-123.707581,44.00998],[-123.707736,44.010001],[-123.708045,44.010027],[-123.708354,44.010049],[-123.708664,44.010065],[-123.708974,44.010076],[-123.709284,44.010082],[-123.711876,44.010112],[-123.711875,44.009701],[-123.709293,44.009671],[-123.708996,44.009665],[-123.708699,44.009654],[-123.708402,44.009639],[-123.708106,44.009618],[-123.707811,44.009593],[-123.707635,44.009569],[-123.707461,44.009541],[-123.707288,44.009508],[-123.707116,44.009471],[-123.707074,44.009462],[-123.707042,44.009454],[-123.707036,44.009453],[-123.707036,44.009453],[-123.707005,44.009445],[-123.706968,44.009436],[-123.706784,44.009386],[-123.706603,44.009332],[-123.706425,44.009273],[-123.70625,44.009209],[-123.706079,44.00914],[-123.705912,44.009067],[-123.705748,44.008989],[-123.705589,44.008906],[-123.705434,44.00882],[-123.705404,44.008802],[-123.705373,44.008784],[-123.705343,44.008766],[-123.70534,44.008763],[-123.70534,44.008763],[-123.705313,44.008747],[-123.705284,44.008729],[-123.705235,44.008697],[-123.705233,44.008696],[-123.705206,44.008678],[-123.705196,44.008672],[-123.705186,44.008666],[-123.705122,44.008716],[-123.704981,44.008619],[-123.704845,44.008519],[-123.704715,44.008415],[-123.704589,44.008307],[-123.704665,44.008266],[-123.704545,44.008154],[-123.70443,44.00804],[-123.704322,44.007922],[-123.704175,44.007736],[-123.704033,44.007547],[-123.703898,44.007356],[-123.703769,44.007162],[-123.703646,44.006967],[-123.703558,44.006993],[-123.702615,44.005491],[-123.702461,44.005247],[-123.701898,44.004358],[-123.701805,44.00421],[-123.7018,44.004202],[-123.70178,44.00417],[-123.701777,44.004166],[-123.701755,44.004131],[-123.70172,44.004143],[-123.701578,44.003914],[-123.701439,44.003684],[-123.701305,44.003452],[-123.701176,44.003219],[-123.701101,44.003071],[-123.701031,44.002922],[-123.700965,44.002772],[-123.700861,44.002502],[-123.700762,44.002231],[-123.700872,44.002211],[-123.700827,44.002078],[-123.700814,44.002041],[-123.700757,44.00187],[-123.700702,44.001699],[-123.700637,44.001493],[-123.700564,44.001288],[-123.700485,44.001084],[-123.700398,44.000882],[-123.700305,44.000682],[-123.700206,44.000483],[-123.700129,44.000359],[-123.700113,44.000335],[-123.700044,44.000359],[-123.700027,44.000333],[-123.69994,44.000212],[-123.699847,44.000092],[-123.699748,43.999975],[-123.699643,43.999862],[-123.699532,43.99975],[-123.699415,43.999643],[-123.699293,43.999538],[-123.699165,43.999437],[-123.699032,43.999339],[-123.698894,43.999245],[-123.698865,43.999226],[-123.698992,43.999124],[-123.698889,43.999059],[-123.698784,43.998996],[-123.698676,43.998936],[-123.698607,43.999001],[-123.698576,43.998984],[-123.698544,43.998967],[-123.698541,43.998965],[-123.698533,43.998961],[-123.698513,43.99895],[-123.698481,43.998934],[-123.698461,43.998923],[-123.698417,43.998901],[-123.698384,43.998885],[-123.698352,43.998869],[-123.698319,43.998853],[-123.698286,43.998838],[-123.698253,43.998823],[-123.69822,43.998807],[-123.698153,43.998778],[-123.698085,43.998749],[-123.698017,43.998721],[-123.697949,43.998693],[-123.697792,43.998634],[-123.697632,43.998579],[-123.697561,43.998556],[-123.697488,43.998534],[-123.697416,43.998512],[-123.697343,43.998491],[-123.697306,43.998481],[-123.697269,43.998471],[-123.697267,43.998471],[-123.697255,43.998468],[-123.697255,43.998468],[-123.697255,43.998468],[-123.697233,43.998462],[-123.697232,43.998462],[-123.697231,43.998461],[-123.697231,43.998461],[-123.697195,43.998452],[-123.697151,43.998441],[-123.697121,43.998434],[-123.69707,43.998422],[-123.697046,43.998417],[-123.697009,43.998408],[-123.696975,43.998401],[-123.696971,43.9984],[-123.696933,43.998392],[-123.696896,43.998384],[-123.696722,43.998351],[-123.696546,43.998323],[-123.696369,43.998299],[-123.696192,43.998279],[-123.696013,43.998264],[-123.695833,43.998253],[-123.695654,43.998248],[-123.695653,43.998248],[-123.695652,43.998248],[-123.695647,43.998247],[-123.695617,43.998247],[-123.695616,43.998247],[-123.695614,43.998247],[-123.695592,43.998247],[-123.695589,43.998247],[-123.69557,43.998246],[-123.695569,43.998301],[-123.695298,43.99831],[-123.695026,43.998323],[-123.694756,43.998341],[-123.694486,43.998363],[-123.694217,43.998389],[-123.694027,43.998411],[-123.693838,43.998434],[-123.692254,43.998625],[-123.692253,43.998932],[-123.692644,43.998856],[-123.6939,43.998705],[-123.693926,43.998701],[-123.694197,43.998669],[-123.694469,43.998641],[-123.694742,43.998617],[-123.695016,43.998599],[-123.69529,43.998585],[-123.695565,43.998576],[-123.69575,43.99858],[-123.695935,43.998589],[-123.696119,43.998604],[-123.696302,43.998624],[-123.696484,43.99865],[-123.696664,43.99868],[-123.696843,43.998716],[-123.697019,43.998757],[-123.697193,43.998803],[-123.697365,43.998853],[-123.697533,43.998909],[-123.697698,43.99897],[-123.69786,43.999035],[-123.698018,43.999105],[-123.698172,43.999179],[-123.698322,43.999258],[-123.698467,43.999341],[-123.698608,43.999428],[-123.698744,43.999519],[-123.698874,43.999614],[-123.698792,43.999671],[-123.698914,43.999767],[-123.69903,43.999866],[-123.699141,43.999969],[-123.699247,44.000075],[-123.699346,44.000184],[-123.699439,44.000295],[-123.699526,44.000409],[-123.699607,44.000526],[-123.699681,44.000645],[-123.699775,44.000832],[-123.699862,44.001021],[-123.699942,44.001211],[-123.700017,44.001402],[-123.700085,44.001595],[-123.700146,44.001789],[-123.700227,44.002041],[-123.700345,44.002041],[-123.700437,44.002309],[-123.700534,44.002576],[-123.700637,44.002842],[-123.700706,44.002999],[-123.700779,44.003155],[-123.700857,44.00331],[-123.700914,44.003412],[-123.701073,44.003692],[-123.701238,44.00397],[-123.701409,44.004245],[-123.70146,44.004325],[-123.702074,44.0053],[-123.70209,44.005332],[-123.702099,44.005365],[-123.702101,44.005399],[-123.702095,44.005433],[-123.702082,44.005466],[-123.702062,44.005497],[-123.702036,44.005526],[-123.702004,44.005551],[-123.701966,44.005572],[-123.701925,44.005588],[-123.701837,44.005617],[-123.701787,44.005634],[-123.701666,44.005674],[-123.701496,44.005731],[-123.701356,44.005777],[-123.70102,44.005889],[-123.700674,44.006004],[-123.700644,44.006014],[-123.700595,44.006028],[-123.700543,44.006037],[-123.70049,44.00604],[-123.700437,44.006038],[-123.700385,44.006031],[-123.700334,44.006019],[-123.700287,44.006002],[-123.700243,44.005981],[-123.700203,44.005955],[-123.700169,44.005926],[-123.70014,44.005894],[-123.700111,44.005855],[-123.700066,44.005795],[-123.70003,44.005747],[-123.700007,44.005715],[-123.699701,44.005273],[-123.699552,44.005035],[-123.699239,44.004535],[-123.699017,44.004179],[-123.69853,44.003399],[-123.69825,44.002974],[-123.698227,44.002938],[-123.698211,44.002914],[-123.698186,44.00288],[-123.698166,44.002854],[-123.698129,44.002801],[-123.698115,44.002783],[-123.698088,44.002747],[-123.698071,44.002725],[-123.698049,44.002695],[-123.69803,44.002671],[-123.698008,44.002643],[-123.697987,44.002616],[-123.697964,44.002587],[-123.69794,44.002559],[-123.697927,44.002544],[-123.697494,44.002043],[-123.697539,44.002043],[-123.697249,44.001708],[-123.697221,44.001676],[-123.697208,44.001661],[-123.697182,44.001631],[-123.697154,44.0016],[-123.697128,44.001572],[-123.69711,44.001554],[-123.697085,44.00153],[-123.69706,44.001505],[-123.69704,44.001486],[-123.697016,44.001463],[-123.696995,44.001442],[-123.696978,44.001425],[-123.696667,44.001112],[-123.696624,44.00107],[-123.696598,44.001047],[-123.69657,44.001021],[-123.696528,44.000986],[-123.69648,44.000946],[-123.696443,44.000917],[-123.696395,44.000879],[-123.696354,44.000849],[-123.696313,44.000819],[-123.696283,44.000799],[-123.696232,44.000766],[-123.696181,44.000734],[-123.696128,44.000704],[-123.696062,44.00067],[-123.696001,44.000641],[-123.695938,44.000613],[-123.695884,44.000592],[-123.695801,44.000563],[-123.695725,44.000538],[-123.695556,44.000482],[-123.694713,44.000168],[-123.694403,44.000053],[-123.694372,44.000042],[-123.694347,44.000033],[-123.694308,44.000021],[-123.694277,44.000011],[-123.694227,43.999997],[-123.694181,43.999985],[-123.694136,43.999975],[-123.694087,43.999964],[-123.69402,43.999952],[-123.693959,43.999942],[-123.693903,43.999934],[-123.693871,43.99993],[-123.693806,43.999923],[-123.693744,43.999917],[-123.693664,43.999911],[-123.693616,43.999908],[-123.693566,43.999906],[-123.693511,43.999904],[-123.693448,43.999902],[-123.693411,43.999902],[-123.693364,43.999902],[-123.693318,43.999903],[-123.693287,43.999904],[-123.692652,43.999925],[-123.692617,43.999927],[-123.692586,43.99993],[-123.692552,43.999934],[-123.692523,43.999939],[-123.692476,43.999948],[-123.692425,43.99996],[-123.692377,43.999973],[-123.692331,43.999987],[-123.692274,44.000008],[-123.692251,44.000017],[-123.69225,44.000053],[-123.69225,44.000207],[-123.692263,44.000201],[-123.692287,44.000191],[-123.692344,44.000167],[-123.692378,44.000154],[-123.692427,44.000137],[-123.692463,44.000125],[-123.692501,44.000115],[-123.69254,44.000105],[-123.692576,44.000099],[-123.692596,44.000096],[-123.692619,44.000093],[-123.692639,44.000091],[-123.692666,44.000089],[-123.693296,44.000068],[-123.693325,44.000067],[-123.693367,44.000067],[-123.69341,44.000067],[-123.693443,44.000067],[-123.693501,44.000068],[-123.693553,44.00007],[-123.693599,44.000072],[-123.693644,44.000075],[-123.693718,44.00008],[-123.693775,44.000086],[-123.693834,44.000092],[-123.693861,44.000096],[-123.693912,44.000103],[-123.693966,44.000112],[-123.694026,44.000123],[-123.694069,44.000132],[-123.694108,44.000141],[-123.694147,44.000151],[-123.694191,44.000163],[-123.694218,44.000172],[-123.694252,44.000182],[-123.694272,44.00019],[-123.6943,44.000199],[-123.69453,44.000285],[-123.695456,44.00063],[-123.695631,44.000687],[-123.695664,44.000698],[-123.695703,44.000711],[-123.695779,44.000738],[-123.695825,44.000756],[-123.69588,44.00078],[-123.695932,44.000805],[-123.69599,44.000835],[-123.696037,44.000862],[-123.696082,44.00089],[-123.696129,44.00092],[-123.696155,44.000938],[-123.696192,44.000965],[-123.69623,44.000993],[-123.696275,44.001028],[-123.69631,44.001056],[-123.696356,44.001093],[-123.696394,44.001126],[-123.696421,44.00115],[-123.696443,44.00117],[-123.696482,44.001209],[-123.696793,44.001521],[-123.696809,44.001538],[-123.696833,44.001561],[-123.696859,44.001586],[-123.696877,44.001603],[-123.696902,44.001628],[-123.696925,44.00165],[-123.696941,44.001667],[-123.696965,44.001692],[-123.69699,44.001719],[-123.697014,44.001748],[-123.697028,44.001764],[-123.697056,44.001796],[-123.69727,44.002043],[-123.697315,44.002043],[-123.697798,44.002602],[-123.69781,44.002616],[-123.697833,44.002644],[-123.697856,44.002671],[-123.697876,44.002697],[-123.697898,44.002725],[-123.697916,44.002748],[-123.697937,44.002777],[-123.697954,44.002799],[-123.697981,44.002835],[-123.697994,44.002853],[-123.698032,44.002905],[-123.698052,44.002931],[-123.698074,44.002963],[-123.69809,44.002986],[-123.698113,44.003021],[-123.698392,44.003445],[-123.698892,44.004245],[-123.699413,44.005079],[-123.699563,44.00532],[-123.699872,44.005765],[-123.699896,44.005798],[-123.699932,44.005846],[-123.699975,44.005905],[-123.70001,44.005957],[-123.700047,44.006015],[-123.700069,44.006048],[-123.700098,44.006088]]]}},{"type":"Feature","properties":{"MAPTAXLOT":"1808180000088","MAPNUMBER":"18081800","TAXLOT":"88","ACCTNO":"000None","MAPACRES":22.3314066},"geometry":{"type":"MultiPolygon","coordinates":[[[[-123.697178,43.999302],[-123.697457,43.99942],[-123.697849,43.999645],[-123.69817,43.999891],[-123.698376,44.000019],[-123.698742,44.000257],[-123.699021,44.000546],[-123.699211,44.000851],[-123.699358,44.001098],[-123.699504,44.001571],[-123.699612,44.00202],[-123.699613,44.002042],[-123.699602,44.002323],[-123.699614,44.002814],[-123.699638,44.00301],[-123.69968,44.003215],[-123.69981,44.003643],[-123.699892,44.003851],[-123.700005,44.004112],[-123.700109,44.00432],[-123.700277,44.004535],[-123.700472,44.004749],[-123.700648,44.00496],[-123.700815,44.005168],[-123.701048,44.005342],[-123.701192,44.005525],[-123.701203,44.005542],[-123.701318,44.005712],[-123.701356,44.005777],[-123.701496,44.005731],[-123.701666,44.005674],[-123.701787,44.005634],[-123.701837,44.005617],[-123.701799,44.00552],[-123.70155,44.005201],[-123.701302,44.004899],[-123.700885,44.004674],[-123.700712,44.004475],[-123.700662,44.004417],[-123.700613,44.004211],[-123.700701,44.004099],[-123.700518,44.003772],[-123.700361,44.003519],[-123.700355,44.003413],[-123.700379,44.003343],[-123.700384,44.003017],[-123.700268,44.002607],[-123.700213,44.002394],[-123.700171,44.002257],[-123.700166,44.00217],[-123.700227,44.002041],[-123.700146,44.001789],[-123.700085,44.001595],[-123.700017,44.001402],[-123.699942,44.001211],[-123.699862,44.001021],[-123.699775,44.000832],[-123.699681,44.000645],[-123.699607,44.000526],[-123.699526,44.000409],[-123.699439,44.000295],[-123.699346,44.000184],[-123.699247,44.000075],[-123.699141,43.999969],[-123.69903,43.999866],[-123.698914,43.999767],[-123.698792,43.999671],[-123.698379,43.99941],[-123.697935,43.999163],[-123.697637,43.999019],[-123.697282,43.998903],[-123.696934,43.998816],[-123.6967,43.998777],[-123.696437,43.998785],[-123.695876,43.998743],[-123.695373,43.998691],[-123.695004,43.998898],[-123.694197,43.998901],[-123.693939,43.998912],[-123.693925,43.998912],[-123.693791,43.998912],[-123.693579,43.998898],[-123.693299,43.998911],[-123.692253,43.999097],[-123.692252,43.999497],[-123.693784,43.999394],[-123.693784,43.999394],[-123.694098,43.999373],[-123.694162,43.999369],[-123.694218,43.999366],[-123.694228,43.999365],[-123.694604,43.999341],[-123.694696,43.999335],[-123.694713,43.999334],[-123.694715,43.999334],[-123.695013,43.999317],[-123.695371,43.999171],[-123.695982,43.999235],[-123.696493,43.999273],[-123.696877,43.999262],[-123.697178,43.999302]]],[[[-123.701905,44.005776],[-123.701761,44.005824],[-123.701582,44.005884],[-123.701492,44.005914],[-123.701542,44.005986],[-123.701708,44.006243],[-123.701797,44.006655],[-123.701893,44.006869],[-123.702056,44.007068],[-123.702166,44.007372],[-123.70249,44.008065],[-123.702467,44.008254],[-123.70247,44.008257],[-123.702473,44.008263],[-123.702473,44.008263],[-123.702476,44.008267],[-123.702478,44.008271],[-123.702564,44.008396],[-123.702653,44.00852],[-123.702745,44.008643],[-123.703028,44.008747],[-123.703302,44.00902],[-123.703525,44.009339],[-123.703539,44.009359],[-123.703761,44.009591],[-123.704074,44.009877],[-123.704304,44.010061],[-123.704422,44.010201],[-123.704642,44.010402],[-123.705403,44.011197],[-123.705809,44.011568],[-123.706072,44.011759],[-123.706392,44.011965],[-123.706522,44.012121],[-123.706778,44.012384],[-123.706932,44.012579],[-123.70694,44.012586],[-123.707126,44.012748],[-123.707313,44.01291],[-123.707402,44.012997],[-123.707714,44.012998],[-123.707367,44.01267],[-123.707125,44.012461],[-123.70702,44.012369],[-123.706807,44.012097],[-123.706506,44.011819],[-123.706227,44.011591],[-123.705751,44.01115],[-123.705401,44.010794],[-123.705018,44.010431],[-123.704588,44.010006],[-123.704224,44.009586],[-123.703966,44.009307],[-123.703657,44.008935],[-123.703589,44.008853],[-123.703486,44.0087],[-123.703374,44.008536],[-123.703338,44.008457],[-123.703124,44.007986],[-123.703052,44.007871],[-123.702796,44.007464],[-123.702648,44.00716],[-123.702556,44.006939],[-123.702505,44.006834],[-123.702466,44.006677],[-123.702403,44.006507],[-123.702348,44.006412],[-123.702245,44.00623],[-123.702087,44.005953],[-123.70196,44.005758],[-123.701905,44.005776]]]]}},{"type":"Feature","properties":{"MAPTAXLOT":"1808180000100","MAPNUMBER":"18081800","TAXLOT":"100","ACCTNO":"0759959","MAPACRES":79.43299404},"geometry":{"type":"Polygon","coordinates":[[[-123.697177,44.012957],[-123.702155,44.012981],[-123.702149,44.009337],[-123.697181,44.009329],[-123.694497,44.009325],[-123.692217,44.009321],[-123.6922,44.012934],[-123.697177,44.012957]]]}},{"type":"Feature","properties":{"MAPTAXLOT":"1808180000200","MAPNUMBER":"18081800","TAXLOT":"200","ACCTNO":"0759967","MAPACRES":17.79033015},"geometry":{"type":"MultiPolygon","coordinates":[[[[-123.702155,44.012981],[-123.705949,44.012992],[-123.705891,44.012928],[-123.705321,44.012311],[-123.705274,44.012257],[-123.70523,44.012202],[-123.70519,44.012146],[-123.705159,44.012101],[-123.705113,44.012037],[-123.705062,44.011974],[-123.705008,44.011914],[-123.704686,44.011577],[-123.704523,44.01141],[-123.704356,44.011245],[-123.704184,44.011082],[-123.704008,44.010922],[-123.703395,44.010377],[-123.703327,44.010314],[-123.703263,44.01025],[-123.703203,44.010183],[-123.703147,44.010115],[-123.703003,44.009931],[-123.702949,44.009866],[-123.702891,44.009803],[-123.702829,44.009742],[-123.702433,44.009367],[-123.702401,44.009337],[-123.702149,44.009337],[-123.702155,44.012981]]],[[[-123.707127,44.012932],[-123.707126,44.012748],[-123.70694,44.012586],[-123.706932,44.012579],[-123.706778,44.012384],[-123.706522,44.012121],[-123.706392,44.011965],[-123.706072,44.011759],[-123.705809,44.011568],[-123.705403,44.011197],[-123.704642,44.010402],[-123.704422,44.010201],[-123.704304,44.010061],[-123.704074,44.009877],[-123.703761,44.009591],[-123.703539,44.009359],[-123.703525,44.009339],[-123.70352,44.009339],[-123.703346,44.009339],[-123.703428,44.009422],[-123.703664,44.009651],[-123.703906,44.009878],[-123.704813,44.01072],[-123.705038,44.010931],[-123.705259,44.011144],[-123.705474,44.01136],[-123.705684,44.011578],[-123.705889,44.011799],[-123.706068,44.011999],[-123.706288,44.011992],[-123.707127,44.012932]]]]}},{"type":"Feature","properties":{"MAPTAXLOT":"1808180000300","MAPNUMBER":"18081800","TAXLOT":"300","ACCTNO":"0759975","MAPACRES":11.44346362},"geometry":{"type":"Polygon","coordinates":[[[-123.703657,44.008935],[-123.703966,44.009307],[-123.704224,44.009586],[-123.704588,44.010006],[-123.705018,44.010431],[-123.705401,44.010794],[-123.705751,44.01115],[-123.706227,44.011591],[-123.706506,44.011819],[-123.706807,44.012097],[-123.70702,44.012369],[-123.707125,44.012461],[-123.707118,44.009901],[-123.706921,44.009858],[-123.706726,44.00981],[-123.706533,44.009757],[-123.706344,44.009699],[-123.706157,44.009636],[-123.705974,44.009569],[-123.705794,44.009496],[-123.705618,44.009419],[-123.705446,44.009338],[-123.705278,44.009252],[-123.705114,44.009162],[-123.704955,44.009067],[-123.704801,44.008969],[-123.704865,44.008918],[-123.704732,44.008827],[-123.704602,44.008732],[-123.70447,44.008629],[-123.704343,44.008523],[-123.703657,44.008935]]]}},{"type":"Feature","properties":{"MAPTAXLOT":"1808180000400","MAPNUMBER":"18081800","TAXLOT":"400","ACCTNO":"0759983","MAPACRES":61.65358537},"geometry":{"type":"MultiPolygon","coordinates":[[[[-123.707113,44.008388],[-123.707116,44.009344],[-123.707116,44.009471],[-123.707288,44.009508],[-123.707461,44.009541],[-123.707635,44.009569],[-123.707811,44.009593],[-123.708106,44.009618],[-123.708402,44.009639],[-123.708699,44.009654],[-123.708996,44.009665],[-123.709293,44.009671],[-123.711875,44.009701],[-123.711873,44.009351],[-123.711861,44.005692],[-123.707105,44.005696],[-123.707113,44.008388]]],[[[-123.708052,44.012104],[-123.711683,44.01082],[-123.711878,44.010798],[-123.711876,44.010238],[-123.711876,44.010112],[-123.709284,44.010082],[-123.708974,44.010076],[-123.708664,44.010065],[-123.708354,44.010049],[-123.708045,44.010027],[-123.707736,44.010001],[-123.707581,44.00998],[-123.707426,44.009957],[-123.707271,44.009931],[-123.707118,44.009901],[-123.708052,44.012104]]],[[[-123.70833,44.01276],[-123.708431,44.013],[-123.711886,44.01301],[-123.711881,44.011508],[-123.70833,44.01276]]]]}},{"type":"Feature","properties":{"MAPTAXLOT":"1808180000401","MAPNUMBER":"18081800","TAXLOT":"401","ACCTNO":"0759991","MAPACRES":4.16677139},"geometry":{"type":"MultiPolygon","coordinates":[[[[-123.707125,44.012461],[-123.707367,44.01267],[-123.707714,44.012998],[-123.708431,44.013],[-123.70833,44.01276],[-123.708052,44.012104],[-123.707118,44.009901],[-123.707118,44.009901],[-123.707125,44.012461]]],[[[-123.707127,44.012932],[-123.707184,44.012996],[-123.707402,44.012997],[-123.707313,44.01291],[-123.707126,44.012748],[-123.707127,44.012932]]]]}},{"type":"Feature","properties":{"MAPTAXLOT":"1808180000402","MAPNUMBER":"18081800","TAXLOT":"402","ACCTNO":"0760007","MAPACRES":6.13028931},"geometry":{"type":"Polygon","coordinates":[[[-123.708052,44.012104],[-123.70833,44.01276],[-123.711881,44.011508],[-123.71188,44.011457],[-123.711878,44.010798],[-123.711683,44.01082],[-123.708052,44.012104]]]}},{"type":"Feature","properties":{"MAPTAXLOT":"1808180000500","MAPNUMBER":"18081800","TAXLOT":"500","ACCTNO":"0760015","MAPACRES":3.56554754},"geometry":{"type":"Polygon","coordinates":[[[-123.705284,44.008729],[-123.705313,44.008747],[-123.70534,44.008763],[-123.70534,44.008763],[-123.705343,44.008766],[-123.705373,44.008784],[-123.705404,44.008802],[-123.705434,44.00882],[-123.705589,44.008906],[-123.705748,44.008989],[-123.705912,44.009067],[-123.706079,44.00914],[-123.70625,44.009209],[-123.706425,44.009273],[-123.706603,44.009332],[-123.706784,44.009386],[-123.706968,44.009436],[-123.707005,44.009445],[-123.707036,44.009453],[-123.707036,44.009453],[-123.707042,44.009454],[-123.707074,44.009462],[-123.707116,44.009471],[-123.707116,44.009344],[-123.707113,44.008388],[-123.706135,44.008003],[-123.705284,44.008729]]]}},{"type":"Feature","properties":{"MAPTAXLOT":"1808180000600","MAPNUMBER":"18081800","TAXLOT":"600","ACCTNO":"0760023","MAPACRES":0.94211175},"geometry":{"type":"Polygon","coordinates":[[[-123.700355,44.003413],[-123.700914,44.003412],[-123.700857,44.00331],[-123.700779,44.003155],[-123.700706,44.002999],[-123.700637,44.002842],[-123.700534,44.002576],[-123.700437,44.002309],[-123.700345,44.002041],[-123.700227,44.002041],[-123.700166,44.00217],[-123.700171,44.002257],[-123.700213,44.002394],[-123.700268,44.002607],[-123.700384,44.003017],[-123.700379,44.003343],[-123.700355,44.003413]]]}},{"type":"Feature","properties":{"MAPTAXLOT":"1808180000601","MAPNUMBER":"18081800","TAXLOT":"601","ACCTNO":"1438512","MAPACRES":40.75620043},"geometry":{"type":"MultiPolygon","coordinates":[[[[-123.697187,44.003623],[-123.697185,44.005705],[-123.697181,44.009329],[-123.702149,44.009337],[-123.702401,44.009337],[-123.702325,44.009258],[-123.702255,44.009177],[-123.702191,44.009093],[-123.701943,44.008753],[-123.701824,44.008591],[-123.7017,44.008431],[-123.700803,44.007296],[-123.70069,44.00715],[-123.700581,44.007001],[-123.700477,44.006852],[-123.700152,44.006852],[-123.699129,44.005169],[-123.698651,44.004383],[-123.698658,44.004373],[-123.698812,44.004287],[-123.698892,44.004245],[-123.698392,44.003445],[-123.698113,44.003021],[-123.69809,44.002986],[-123.698074,44.002963],[-123.698052,44.002931],[-123.698032,44.002905],[-123.697994,44.002853],[-123.697981,44.002835],[-123.697954,44.002799],[-123.697937,44.002777],[-123.697916,44.002748],[-123.697898,44.002725],[-123.697876,44.002697],[-123.697856,44.002671],[-123.697833,44.002644],[-123.69781,44.002616],[-123.697798,44.002602],[-123.697315,44.002043],[-123.69727,44.002043],[-123.697189,44.002044],[-123.697187,44.003623]]],[[[-123.702745,44.008643],[-123.702885,44.008821],[-123.703033,44.008996],[-123.703186,44.009169],[-123.703346,44.009339],[-123.70352,44.009339],[-123.703525,44.009339],[-123.703302,44.00902],[-123.703028,44.008747],[-123.702745,44.008643]]]]}},{"type":"Feature","properties":{"MAPTAXLOT":"1808180000602","MAPNUMBER":"18081800","TAXLOT":"602","ACCTNO":"1497401","MAPACRES":3.52890165},"geometry":{"type":"Polygon","coordinates":[[[-123.697539,44.002043],[-123.697494,44.002043],[-123.697927,44.002544],[-123.69794,44.002559],[-123.697964,44.002587],[-123.697987,44.002616],[-123.698008,44.002643],[-123.69803,44.002671],[-123.698049,44.002695],[-123.698071,44.002725],[-123.698088,44.002747],[-123.698115,44.002783],[-123.698129,44.002801],[-123.698166,44.002854],[-123.698186,44.00288],[-123.698211,44.002914],[-123.698227,44.002938],[-123.69825,44.002974],[-123.69853,44.003399],[-123.699017,44.004179],[-123.699056,44.004159],[-123.699298,44.004062],[-123.699506,44.004006],[-123.699492,44.003977],[-123.699369,44.003701],[-123.699252,44.003423],[-123.699111,44.00308],[-123.699028,44.002912],[-123.698939,44.002745],[-123.698844,44.002579],[-123.698743,44.002416],[-123.698676,44.00232],[-123.698605,44.002225],[-123.698529,44.002133],[-123.698449,44.002043],[-123.697539,44.002043]]]}},{"type":"Feature","properties":{"MAPTAXLOT":"1808180000700","MAPNUMBER":"18081800","TAXLOT":"700","ACCTNO":"0760031","MAPACRES":2.55502625},"geometry":{"type":"Polygon","coordinates":[[[-123.701898,44.004358],[-123.702461,44.005247],[-123.702498,44.005241],[-123.702534,44.00523],[-123.702567,44.005216],[-123.7026,44.005196],[-123.702627,44.005172],[-123.702649,44.005145],[-123.702663,44.005116],[-123.702671,44.005086],[-123.702672,44.005055],[-123.702665,44.005024],[-123.702651,44.004995],[-123.70263,44.00495],[-123.702618,44.004915],[-123.702614,44.004879],[-123.702617,44.004843],[-123.702627,44.004807],[-123.70263,44.004781],[-123.702638,44.004745],[-123.702653,44.00471],[-123.702674,44.004676],[-123.702701,44.004645],[-123.702733,44.004617],[-123.702771,44.004592],[-123.702813,44.004572],[-123.702858,44.004555],[-123.702906,44.004543],[-123.703134,44.004501],[-123.703186,44.004489],[-123.703236,44.004472],[-123.703283,44.004452],[-123.703326,44.004428],[-123.703366,44.0044],[-123.7034,44.004369],[-123.703429,44.004335],[-123.703452,44.004299],[-123.70347,44.004262],[-123.703481,44.004223],[-123.703486,44.004183],[-123.703484,44.004144],[-123.703468,44.004004],[-123.703467,44.003969],[-123.703468,44.003962],[-123.703472,44.003941],[-123.703476,44.003928],[-123.703481,44.003914],[-123.703484,44.003907],[-123.703488,44.003901],[-123.703508,44.003869],[-123.702498,44.00387],[-123.702432,44.003914],[-123.702244,44.004036],[-123.702039,44.004261],[-123.701898,44.004358]]]}},{"type":"Feature","properties":{"MAPTAXLOT":"1808180000701","MAPNUMBER":"18081800","TAXLOT":"701","ACCTNO":"0760049","MAPACRES":0.83980248},"geometry":{"type":"Polygon","coordinates":[[[-123.703052,44.007871],[-123.703124,44.007986],[-123.703338,44.008457],[-123.703968,44.008158],[-123.703916,44.0081],[-123.703807,44.007964],[-123.703702,44.007827],[-123.7036,44.007689],[-123.703052,44.007871]]]}},{"type":"Feature","properties":{"MAPTAXLOT":"1808180000702","MAPNUMBER":"18081800","TAXLOT":"702","ACCTNO":"0760056","MAPACRES":2.31880427},"geometry":{"type":"Polygon","coordinates":[[[-123.70196,44.005758],[-123.702087,44.005953],[-123.702245,44.00623],[-123.702348,44.006412],[-123.702403,44.006507],[-123.702466,44.006677],[-123.702505,44.006834],[-123.702556,44.006939],[-123.702648,44.00716],[-123.702796,44.007464],[-123.703052,44.007871],[-123.7036,44.007689],[-123.703465,44.007497],[-123.703336,44.007303],[-123.703212,44.007106],[-123.702419,44.005847],[-123.702396,44.005817],[-123.702367,44.00579],[-123.702332,44.005766],[-123.702292,44.005747],[-123.702249,44.005733],[-123.702203,44.005723],[-123.702156,44.005719],[-123.702109,44.00572],[-123.702062,44.005727],[-123.702017,44.005739],[-123.70196,44.005758]]]}},{"type":"Feature","properties":{"MAPTAXLOT":"1808180000703","MAPNUMBER":"18081800","TAXLOT":"703","ACCTNO":"0760064","MAPACRES":0.46315935},"geometry":{"type":"Polygon","coordinates":[[[-123.703486,44.0087],[-123.703589,44.008853],[-123.703657,44.008935],[-123.704343,44.008523],[-123.704244,44.008435],[-123.704149,44.008345],[-123.703486,44.0087]]]}},{"type":"Feature","properties":{"MAPTAXLOT":"1808180000704","MAPNUMBER":"18081800","TAXLOT":"704","ACCTNO":"0760072","MAPACRES":0.42740693},"geometry":{"type":"Polygon","coordinates":[[[-123.703338,44.008457],[-123.703374,44.008536],[-123.703486,44.0087],[-123.704149,44.008345],[-123.704056,44.008252],[-123.703968,44.008158],[-123.703338,44.008457]]]}},{"type":"Feature","properties":{"MAPTAXLOT":"1808180000705","MAPNUMBER":"18081800","TAXLOT":"705","ACCTNO":"0760080","MAPACRES":38.32966077},"geometry":{"type":"Polygon","coordinates":[[[-123.707105,44.005696],[-123.711861,44.005692],[-123.711849,44.002032],[-123.707094,44.002036],[-123.707099,44.003866],[-123.707105,44.005696]]]}},{"type":"Feature","properties":{"MAPTAXLOT":"1808180000706","MAPNUMBER":"18081800","TAXLOT":"706","ACCTNO":"1064375","MAPACRES":1.35171474},"geometry":{"type":"Polygon","coordinates":[[[-123.700355,44.003413],[-123.700361,44.003519],[-123.700518,44.003772],[-123.700701,44.004099],[-123.700613,44.004211],[-123.700662,44.004417],[-123.700712,44.004475],[-123.701409,44.004245],[-123.701238,44.00397],[-123.701073,44.003692],[-123.700914,44.003412],[-123.700355,44.003413]]]}},{"type":"Feature","properties":{"MAPTAXLOT":"1808180000707","MAPNUMBER":"18081800","TAXLOT":"707","ACCTNO":"1064367","MAPACRES":1.53361373},"geometry":{"type":"Polygon","coordinates":[[[-123.700712,44.004475],[-123.700885,44.004674],[-123.701302,44.004899],[-123.70155,44.005201],[-123.701799,44.00552],[-123.701837,44.005617],[-123.701925,44.005588],[-123.701966,44.005572],[-123.702004,44.005551],[-123.702036,44.005526],[-123.702062,44.005497],[-123.702082,44.005466],[-123.702095,44.005433],[-123.702101,44.005399],[-123.702099,44.005365],[-123.70209,44.005332],[-123.702074,44.0053],[-123.70146,44.004325],[-123.701409,44.004245],[-123.700712,44.004475]]]}},{"type":"Feature","properties":{"MAPTAXLOT":"1808180000708","MAPNUMBER":"18081800","TAXLOT":"708","ACCTNO":"1184322","MAPACRES":41.74298375},"geometry":{"type":"MultiPolygon","coordinates":[[[[-123.705196,44.008672],[-123.705206,44.008678],[-123.705233,44.008696],[-123.705235,44.008697],[-123.705284,44.008729],[-123.706135,44.008003],[-123.707113,44.008388],[-123.707105,44.005696],[-123.707099,44.003866],[-123.703508,44.003869],[-123.703488,44.003901],[-123.703484,44.003907],[-123.703481,44.003914],[-123.703476,44.003928],[-123.703472,44.003941],[-123.703468,44.003962],[-123.703467,44.003969],[-123.703468,44.004004],[-123.703484,44.004144],[-123.703486,44.004183],[-123.703481,44.004223],[-123.70347,44.004262],[-123.703452,44.004299],[-123.703429,44.004335],[-123.7034,44.004369],[-123.703366,44.0044],[-123.703326,44.004428],[-123.703283,44.004452],[-123.703236,44.004472],[-123.703186,44.004489],[-123.703134,44.004501],[-123.702906,44.004543],[-123.702858,44.004555],[-123.702813,44.004572],[-123.702771,44.004592],[-123.702733,44.004617],[-123.702701,44.004645],[-123.702674,44.004676],[-123.702653,44.00471],[-123.702638,44.004745],[-123.70263,44.004781],[-123.702627,44.004807],[-123.702617,44.004843],[-123.702614,44.004879],[-123.702618,44.004915],[-123.70263,44.00495],[-123.702651,44.004995],[-123.702665,44.005024],[-123.702672,44.005055],[-123.702671,44.005086],[-123.702663,44.005116],[-123.702649,44.005145],[-123.702627,44.005172],[-123.7026,44.005196],[-123.702567,44.005216],[-123.702534,44.00523],[-123.702498,44.005241],[-123.702461,44.005247],[-123.702615,44.005491],[-123.703558,44.006993],[-123.703646,44.006967],[-123.703769,44.007162],[-123.703898,44.007356],[-123.704033,44.007547],[-123.704175,44.007736],[-123.704322,44.007922],[-123.70443,44.00804],[-123.704545,44.008154],[-123.704665,44.008266],[-123.704589,44.008307],[-123.704715,44.008415],[-123.704845,44.008519],[-123.704981,44.008619],[-123.705122,44.008716],[-123.705186,44.008666],[-123.705196,44.008672]]],[[[-123.70176,44.00414],[-123.701766,44.004149],[-123.701767,44.00415],[-123.701772,44.004158],[-123.701777,44.004166],[-123.70178,44.00417],[-123.701785,44.004178],[-123.70179,44.004186],[-123.701796,44.004195],[-123.701796,44.004196],[-123.7018,44.004202],[-123.701805,44.00421],[-123.701898,44.004358],[-123.702039,44.004261],[-123.702244,44.004036],[-123.702432,44.003914],[-123.702498,44.00387],[-123.70214,44.00387],[-123.702137,44.00204],[-123.700814,44.002041],[-123.700827,44.002078],[-123.700872,44.002211],[-123.700762,44.002231],[-123.700861,44.002502],[-123.700965,44.002772],[-123.701031,44.002922],[-123.701101,44.003071],[-123.701176,44.003219],[-123.701305,44.003452],[-123.701439,44.003684],[-123.701578,44.003914],[-123.70172,44.004143],[-123.701755,44.004131],[-123.70176,44.00414]]]]}},{"type":"Feature","properties":{"MAPTAXLOT":"1808180000800","MAPNUMBER":"18081800","TAXLOT":"800","ACCTNO":"0760098","MAPACRES":6.68375439},"geometry":{"type":"MultiPolygon","coordinates":[[[[-123.698897,44.002042],[-123.698964,44.002126],[-123.699026,44.002211],[-123.699086,44.002298],[-123.699193,44.002472],[-123.699294,44.002648],[-123.699388,44.002825],[-123.699476,44.003005],[-123.699617,44.003346],[-123.699732,44.003619],[-123.699853,44.003891],[-123.699942,44.004075],[-123.700038,44.004256],[-123.700189,44.00452],[-123.700347,44.004783],[-123.70102,44.005889],[-123.701356,44.005777],[-123.701318,44.005712],[-123.701203,44.005542],[-123.701192,44.005525],[-123.701048,44.005342],[-123.700815,44.005168],[-123.700648,44.00496],[-123.700472,44.004749],[-123.700277,44.004535],[-123.700109,44.00432],[-123.700005,44.004112],[-123.699892,44.003851],[-123.69981,44.003643],[-123.69968,44.003215],[-123.699638,44.00301],[-123.699614,44.002814],[-123.699602,44.002323],[-123.699613,44.002042],[-123.698897,44.002042]]],[[[-123.699552,44.005035],[-123.699701,44.005273],[-123.700007,44.005715],[-123.70003,44.005747],[-123.700066,44.005795],[-123.700111,44.005855],[-123.70014,44.005894],[-123.700169,44.005926],[-123.700203,44.005955],[-123.700243,44.005981],[-123.700287,44.006002],[-123.700334,44.006019],[-123.700385,44.006031],[-123.700437,44.006038],[-123.70049,44.00604],[-123.700543,44.006037],[-123.700595,44.006028],[-123.700644,44.006014],[-123.700674,44.006004],[-123.699999,44.004894],[-123.699999,44.004893],[-123.699552,44.005035]]],[[[-123.699129,44.005169],[-123.700152,44.006852],[-123.700477,44.006852],[-123.700392,44.006723],[-123.70031,44.006594],[-123.700232,44.006464],[-123.700219,44.006371],[-123.700212,44.006251],[-123.70021,44.006221],[-123.700179,44.006186],[-123.700139,44.006139],[-123.700098,44.006088],[-123.700069,44.006048],[-123.700047,44.006015],[-123.70001,44.005957],[-123.699975,44.005905],[-123.699932,44.005846],[-123.699896,44.005798],[-123.699872,44.005765],[-123.699563,44.00532],[-123.699413,44.005079],[-123.699129,44.005169]]],[[[-123.700757,44.006159],[-123.700716,44.006177],[-123.700679,44.006199],[-123.700646,44.006224],[-123.700617,44.006252],[-123.700593,44.006282],[-123.700575,44.006314],[-123.700562,44.006347],[-123.700555,44.006381],[-123.70066,44.006553],[-123.700682,44.006656],[-123.701802,44.00786],[-123.700766,44.006155],[-123.700757,44.006159]]],[[[-123.701111,44.00604],[-123.702151,44.007751],[-123.702306,44.008003],[-123.702467,44.008254],[-123.70249,44.008065],[-123.702166,44.007372],[-123.702056,44.007068],[-123.701893,44.006869],[-123.701797,44.006655],[-123.701708,44.006243],[-123.701542,44.005986],[-123.701492,44.005914],[-123.701111,44.00604]]]]}},{"type":"Feature","properties":{"MAPTAXLOT":"1808180000900","MAPNUMBER":"18081800","TAXLOT":"900","ACCTNO":"0760106","MAPACRES":1.06342309},"geometry":{"type":"MultiPolygon","coordinates":[[[[-123.698812,44.004287],[-123.698658,44.004373],[-123.698651,44.004383],[-123.699129,44.005169],[-123.699413,44.005079],[-123.698892,44.004245],[-123.698812,44.004287]]],[[[-123.699298,44.004062],[-123.699056,44.004159],[-123.699017,44.004179],[-123.699239,44.004535],[-123.699247,44.004532],[-123.699694,44.004391],[-123.699702,44.004388],[-123.699686,44.004359],[-123.699593,44.004183],[-123.699506,44.004006],[-123.699298,44.004062]]]]}},{"type":"Feature","properties":{"MAPTAXLOT":"1808180001000","MAPNUMBER":"18081800","TAXLOT":"1000","ACCTNO":"1231883","MAPACRES":6.11181998},"geometry":{"type":"Polygon","coordinates":[[[-123.694523,44.002753],[-123.694527,44.002753],[-123.696656,44.002754],[-123.696412,44.002354],[-123.697189,44.002044],[-123.69727,44.002043],[-123.697056,44.001796],[-123.697028,44.001764],[-123.697014,44.001748],[-123.69699,44.001719],[-123.696965,44.001692],[-123.696941,44.001667],[-123.696925,44.00165],[-123.696902,44.001628],[-123.696877,44.001603],[-123.696859,44.001586],[-123.696833,44.001561],[-123.696809,44.001538],[-123.696793,44.001521],[-123.696482,44.001209],[-123.696443,44.00117],[-123.696421,44.00115],[-123.696394,44.001126],[-123.696356,44.001093],[-123.69631,44.001056],[-123.696275,44.001028],[-123.69623,44.000993],[-123.696192,44.000965],[-123.696155,44.000938],[-123.696129,44.00092],[-123.696082,44.00089],[-123.696037,44.000862],[-123.69599,44.000835],[-123.695932,44.000805],[-123.69588,44.00078],[-123.695825,44.000756],[-123.695779,44.000738],[-123.695703,44.000711],[-123.695664,44.000698],[-123.695666,44.002045],[-123.694526,44.002045],[-123.694523,44.002753]]]}},{"type":"Feature","properties":{"MAPTAXLOT":"1808180001001","MAPNUMBER":"18081800","TAXLOT":"1001","ACCTNO":"0760122","MAPACRES":3.88069528},"geometry":{"type":"Polygon","coordinates":[[[-123.694526,44.002045],[-123.695666,44.002045],[-123.695664,44.000698],[-123.695631,44.000687],[-123.695456,44.00063],[-123.69453,44.000285],[-123.694526,44.002045]]]}},{"type":"Feature","properties":{"MAPTAXLOT":"1808180001002","MAPNUMBER":"18081800","TAXLOT":"1002","ACCTNO":"0760130","MAPACRES":1.4523303},"geometry":{"type":"MultiPolygon","coordinates":[[[[-123.693531,43.999551],[-123.693566,43.999551],[-123.69358,43.99955],[-123.693594,43.99955],[-123.693603,43.99955],[-123.693603,43.99955],[-123.693612,43.99955],[-123.693615,43.99955],[-123.693621,43.99955],[-123.693626,43.99955],[-123.693629,43.99955],[-123.693643,43.999549],[-123.693657,43.999549],[-123.693661,43.999549],[-123.693755,43.999548],[-123.693843,43.999547],[-123.693931,43.999547],[-123.694035,43.99955],[-123.694045,43.99955],[-123.69405,43.999551],[-123.694055,43.999551],[-123.694064,43.999551],[-123.694093,43.999553],[-123.694103,43.999553],[-123.694222,43.999561],[-123.69426,43.999565],[-123.694401,43.99958],[-123.694411,43.999582],[-123.694415,43.999582],[-123.694416,43.999582],[-123.69442,43.999583],[-123.694426,43.999583],[-123.69443,43.999584],[-123.694439,43.999585],[-123.694449,43.999587],[-123.694458,43.999588],[-123.694468,43.999589],[-123.694478,43.999591],[-123.694556,43.999603],[-123.694634,43.999617],[-123.694712,43.999632],[-123.694712,43.99963],[-123.694713,43.999334],[-123.694696,43.999335],[-123.694604,43.999341],[-123.694228,43.999365],[-123.694218,43.999366],[-123.694162,43.999369],[-123.694098,43.999373],[-123.693784,43.999394],[-123.693784,43.999394],[-123.692252,43.999497],[-123.692252,43.999636],[-123.692307,43.99963],[-123.692488,43.999612],[-123.692758,43.999589],[-123.692974,43.999575],[-123.692975,43.999575],[-123.69299,43.999574],[-123.693002,43.999573],[-123.69303,43.999571],[-123.693085,43.999568],[-123.693085,43.999568],[-123.69314,43.999566],[-123.693198,43.999563],[-123.693209,43.999562],[-123.693212,43.999562],[-123.693214,43.999562],[-123.69322,43.999562],[-123.693225,43.999562],[-123.693239,43.999561],[-123.693252,43.999561],[-123.693255,43.99956],[-123.693259,43.99956],[-123.693272,43.99956],[-123.69328,43.999559],[-123.69328,43.999559],[-123.693285,43.999559],[-123.693289,43.999559],[-123.693289,43.999559],[-123.693292,43.999559],[-123.693308,43.999558],[-123.693446,43.999554],[-123.693486,43.999553],[-123.693531,43.999551]]],[[[-123.693364,43.999902],[-123.693411,43.999902],[-123.693448,43.999902],[-123.693511,43.999904],[-123.693566,43.999906],[-123.693616,43.999908],[-123.693664,43.999911],[-123.693744,43.999917],[-123.693806,43.999923],[-123.693871,43.99993],[-123.693903,43.999934],[-123.693959,43.999942],[-123.69402,43.999952],[-123.694087,43.999964],[-123.694136,43.999975],[-123.694181,43.999985],[-123.694227,43.999997],[-123.694277,44.000011],[-123.694308,44.000021],[-123.694347,44.000033],[-123.694372,44.000042],[-123.694403,44.000053],[-123.694713,44.000168],[-123.694713,43.999919],[-123.694582,43.99989],[-123.694449,43.999867],[-123.694314,43.999848],[-123.694179,43.999834],[-123.694042,43.999825],[-123.693905,43.999821],[-123.693768,43.999822],[-123.69351,43.999826],[-123.693257,43.999835],[-123.693005,43.999848],[-123.692753,43.999866],[-123.692501,43.999887],[-123.692251,43.999914],[-123.692251,44.000017],[-123.692274,44.000008],[-123.692331,43.999987],[-123.692377,43.999973],[-123.692425,43.99996],[-123.692476,43.999948],[-123.692523,43.999939],[-123.692552,43.999934],[-123.692586,43.99993],[-123.692617,43.999927],[-123.692652,43.999925],[-123.693287,43.999904],[-123.693318,43.999903],[-123.693364,43.999902]]]]}},{"type":"Feature","properties":{"MAPTAXLOT":"1808180001003","MAPNUMBER":"18081800","TAXLOT":"1003","ACCTNO":"1043080","MAPACRES":46.21119054},"geometry":{"type":"Polygon","coordinates":[[[-123.692217,44.009321],[-123.694497,44.009325],[-123.694523,44.002753],[-123.694526,44.002045],[-123.69453,44.000285],[-123.6943,44.000199],[-123.694272,44.00019],[-123.694252,44.000182],[-123.694218,44.000172],[-123.694191,44.000163],[-123.694147,44.000151],[-123.694108,44.000141],[-123.694069,44.000132],[-123.694026,44.000123],[-123.693966,44.000112],[-123.693912,44.000103],[-123.693861,44.000096],[-123.693834,44.000092],[-123.693775,44.000086],[-123.693718,44.00008],[-123.693644,44.000075],[-123.693599,44.000072],[-123.693553,44.00007],[-123.693501,44.000068],[-123.693443,44.000067],[-123.69341,44.000067],[-123.693367,44.000067],[-123.693325,44.000067],[-123.693296,44.000068],[-123.692666,44.000089],[-123.692639,44.000091],[-123.692619,44.000093],[-123.692596,44.000096],[-123.692576,44.000099],[-123.69254,44.000105],[-123.692501,44.000115],[-123.692463,44.000125],[-123.692427,44.000137],[-123.692378,44.000154],[-123.692344,44.000167],[-123.692287,44.000191],[-123.692263,44.000201],[-123.69225,44.000207],[-123.692245,44.002047],[-123.692233,44.005709],[-123.692217,44.009321]]]}},{"type":"Feature","properties":{"MAPTAXLOT":"1808180001004","MAPNUMBER":"18081800","TAXLOT":"1004","ACCTNO":"1185048","MAPACRES":38.20909561},"geometry":{"type":"Polygon","coordinates":[[[-123.694497,44.009325],[-123.697181,44.009329],[-123.697185,44.005705],[-123.697187,44.003623],[-123.696656,44.002754],[-123.694527,44.002753],[-123.694523,44.002753],[-123.694497,44.009325]]]}},{"type":"Feature","properties":{"MAPTAXLOT":"1808180001005","MAPNUMBER":"18081800","TAXLOT":"1005","ACCTNO":"1497450","MAPACRES":2.69434827},"geometry":{"type":"Polygon","coordinates":[[[-123.697539,44.002043],[-123.698449,44.002043],[-123.698409,44.002],[-123.698409,44.002],[-123.6984,44.00199],[-123.698399,44.001989],[-123.69839,44.00198],[-123.698382,44.001972],[-123.69838,44.00197],[-123.69837,44.00196],[-123.69835,44.001939],[-123.698347,44.001937],[-123.698338,44.001928],[-123.698329,44.001919],[-123.698308,44.001899],[-123.698301,44.001892],[-123.698293,44.001885],[-123.698287,44.001879],[-123.698266,44.001859],[-123.698244,44.001839],[-123.698223,44.00182],[-123.698201,44.0018],[-123.698179,44.001781],[-123.698156,44.001762],[-123.698111,44.001724],[-123.698088,44.001705],[-123.698064,44.001686],[-123.698041,44.001668],[-123.698017,44.001649],[-123.697993,44.001631],[-123.697969,44.001613],[-123.697945,44.001595],[-123.69792,44.001577],[-123.697911,44.001571],[-123.697902,44.001564],[-123.697895,44.001559],[-123.697881,44.001549],[-123.69787,44.001542],[-123.697845,44.001524],[-123.697837,44.001519],[-123.697833,44.001516],[-123.69782,44.001507],[-123.697769,44.001473],[-123.697768,44.001473],[-123.697768,44.001473],[-123.69758,44.001352],[-123.697387,44.001235],[-123.697191,44.001122],[-123.69699,44.001012],[-123.695774,44.000351],[-123.695637,44.000278],[-123.695497,44.000208],[-123.695355,44.000142],[-123.695209,44.000078],[-123.69509,44.000031],[-123.694967,43.999989],[-123.694841,43.999952],[-123.694713,43.999919],[-123.694713,44.000168],[-123.695556,44.000482],[-123.695725,44.000538],[-123.695801,44.000563],[-123.695884,44.000592],[-123.695938,44.000613],[-123.696001,44.000641],[-123.696062,44.00067],[-123.696128,44.000704],[-123.696181,44.000734],[-123.696232,44.000766],[-123.696283,44.000799],[-123.696313,44.000819],[-123.696354,44.000849],[-123.696395,44.000879],[-123.696443,44.000917],[-123.69648,44.000946],[-123.696528,44.000986],[-123.69657,44.001021],[-123.696598,44.001047],[-123.696624,44.00107],[-123.696667,44.001112],[-123.696978,44.001425],[-123.696995,44.001442],[-123.697016,44.001463],[-123.69704,44.001486],[-123.69706,44.001505],[-123.697085,44.00153],[-123.69711,44.001554],[-123.697128,44.001572],[-123.697154,44.0016],[-123.697182,44.001631],[-123.697208,44.001661],[-123.697221,44.001676],[-123.697249,44.001708],[-123.697539,44.002043]]]}},{"type":"Feature","properties":{"MAPTAXLOT":"1808180001100","MAPNUMBER":"18081800","TAXLOT":"1100","ACCTNO":"0760148","MAPACRES":1.35053},"geometry":{"type":"Polygon","coordinates":[[[-123.696656,44.002754],[-123.697187,44.003623],[-123.697189,44.002044],[-123.696412,44.002354],[-123.696656,44.002754]]]}},{"type":"Feature","properties":{"MAPTAXLOT":"1808180001200","MAPNUMBER":"18081800","TAXLOT":"1200","ACCTNO":"0760155","MAPACRES":12.14123618},"geometry":{"type":"Polygon","coordinates":[[[-123.698897,44.002042],[-123.699613,44.002042],[-123.699612,44.00202],[-123.699504,44.001571],[-123.699358,44.001098],[-123.699211,44.000851],[-123.699021,44.000546],[-123.698742,44.000257],[-123.698376,44.000019],[-123.69817,43.999891],[-123.697849,43.999645],[-123.697457,43.99942],[-123.697178,43.999302],[-123.696877,43.999262],[-123.696493,43.999273],[-123.695982,43.999235],[-123.695371,43.999171],[-123.695013,43.999317],[-123.694715,43.999334],[-123.694713,43.999334],[-123.694712,43.99963],[-123.694712,43.999632],[-123.694852,43.999663],[-123.694989,43.999699],[-123.695123,43.99974],[-123.695255,43.999785],[-123.695384,43.999834],[-123.695539,43.999901],[-123.695692,43.999971],[-123.695841,44.000045],[-123.695986,44.000123],[-123.697216,44.000792],[-123.697424,44.000905],[-123.697628,44.001023],[-123.697828,44.001144],[-123.698023,44.00127],[-123.698024,44.00127],[-123.698024,44.00127],[-123.698051,44.001288],[-123.698078,44.001306],[-123.698098,44.00132],[-123.698099,44.00132],[-123.698104,44.001324],[-123.698128,44.00134],[-123.698131,44.001342],[-123.698157,44.00136],[-123.698163,44.001365],[-123.698259,44.001435],[-123.698285,44.001454],[-123.698334,44.001493],[-123.698383,44.001532],[-123.698431,44.001572],[-123.698513,44.001642],[-123.698592,44.001715],[-123.698636,44.001757],[-123.698678,44.0018],[-123.69874,44.001863],[-123.69874,44.001864],[-123.698741,44.001864],[-123.698761,44.001886],[-123.698782,44.001908],[-123.698821,44.001952],[-123.698836,44.001969],[-123.698841,44.001975],[-123.69886,44.001997],[-123.698866,44.002005],[-123.698875,44.002016],[-123.698897,44.002042]]]}},{"type":"Feature","properties":{"MAPTAXLOT":"1808180001300","MAPNUMBER":"18081800","TAXLOT":"1300","ACCTNO":"0760163","MAPACRES":19.90709722},"geometry":{"type":"Polygon","coordinates":[[[-123.700814,44.002041],[-123.702137,44.00204],[-123.702131,43.998374],[-123.697193,43.998384],[-123.696896,43.998384],[-123.696933,43.998392],[-123.696971,43.9984],[-123.696975,43.998401],[-123.697009,43.998408],[-123.697046,43.998417],[-123.69707,43.998422],[-123.697121,43.998434],[-123.697151,43.998441],[-123.697195,43.998452],[-123.697231,43.998461],[-123.697231,43.998461],[-123.697232,43.998462],[-123.697233,43.998462],[-123.697244,43.998465],[-123.697245,43.998465],[-123.697255,43.998468],[-123.697255,43.998468],[-123.697255,43.998468],[-123.697267,43.998471],[-123.697269,43.998471],[-123.697306,43.998481],[-123.697343,43.998491],[-123.697416,43.998512],[-123.697488,43.998534],[-123.697561,43.998556],[-123.697632,43.998579],[-123.697792,43.998634],[-123.697949,43.998693],[-123.698017,43.998721],[-123.698085,43.998749],[-123.698153,43.998778],[-123.69822,43.998807],[-123.698253,43.998823],[-123.698286,43.998838],[-123.698319,43.998853],[-123.698352,43.998869],[-123.698384,43.998885],[-123.698417,43.998901],[-123.698461,43.998923],[-123.698481,43.998934],[-123.698513,43.99895],[-123.698533,43.998961],[-123.698541,43.998965],[-123.698544,43.998967],[-123.698576,43.998984],[-123.698607,43.999001],[-123.698676,43.998936],[-123.698784,43.998996],[-123.698889,43.999059],[-123.698992,43.999124],[-123.698865,43.999226],[-123.698894,43.999245],[-123.699032,43.999339],[-123.699165,43.999437],[-123.699293,43.999538],[-123.699415,43.999643],[-123.699532,43.99975],[-123.699643,43.999862],[-123.699748,43.999975],[-123.699847,44.000092],[-123.69994,44.000212],[-123.700027,44.000333],[-123.700044,44.000359],[-123.700113,44.000335],[-123.700129,44.000359],[-123.700206,44.000483],[-123.700305,44.000682],[-123.700398,44.000882],[-123.700485,44.001084],[-123.700564,44.001288],[-123.700637,44.001493],[-123.700702,44.001699],[-123.700757,44.00187],[-123.700814,44.002041]]]}},{"type":"Feature","properties":{"MAPTAXLOT":"1808180001301","MAPNUMBER":"18081800","TAXLOT":"1301","ACCTNO":"0760171","MAPACRES":1.63723716},"geometry":{"type":"Polygon","coordinates":[[[-123.693925,43.998912],[-123.693939,43.998912],[-123.694197,43.998901],[-123.695004,43.998898],[-123.695373,43.998691],[-123.695876,43.998743],[-123.696437,43.998785],[-123.6967,43.998777],[-123.696934,43.998816],[-123.697282,43.998903],[-123.697637,43.999019],[-123.697935,43.999163],[-123.698379,43.99941],[-123.698792,43.999671],[-123.698874,43.999614],[-123.698744,43.999519],[-123.698608,43.999428],[-123.698467,43.999341],[-123.698322,43.999258],[-123.698172,43.999179],[-123.698018,43.999105],[-123.69786,43.999035],[-123.697698,43.99897],[-123.697533,43.998909],[-123.697365,43.998853],[-123.697193,43.998803],[-123.697019,43.998757],[-123.696843,43.998716],[-123.696664,43.99868],[-123.696484,43.99865],[-123.696302,43.998624],[-123.696119,43.998604],[-123.695935,43.998589],[-123.69575,43.99858],[-123.695565,43.998576],[-123.69529,43.998585],[-123.695016,43.998599],[-123.694742,43.998617],[-123.694469,43.998641],[-123.694197,43.998669],[-123.693926,43.998701],[-123.693926,43.998864],[-123.693925,43.998912]]]}},{"type":"Feature","properties":{"MAPTAXLOT":"1808180001302","MAPNUMBER":"18081800","TAXLOT":"1302","ACCTNO":"1086576","MAPACRES":0.59626475},"geometry":{"type":"Polygon","coordinates":[[[-123.692253,43.998932],[-123.692253,43.999097],[-123.693299,43.998911],[-123.693579,43.998898],[-123.693791,43.998912],[-123.693925,43.998912],[-123.693926,43.998864],[-123.693926,43.998701],[-123.6939,43.998705],[-123.692644,43.998856],[-123.692253,43.998932]]]}},{"type":"Feature","properties":{"MAPTAXLOT":"1808180001303","MAPNUMBER":"18081800","TAXLOT":"1303","ACCTNO":"1086584","MAPACRES":0.49877106},"geometry":{"type":"Polygon","coordinates":[[[-123.692254,43.998597],[-123.692254,43.998625],[-123.693838,43.998434],[-123.694027,43.998411],[-123.694217,43.998389],[-123.692255,43.998393],[-123.692254,43.998597]]]}},{"type":"Feature","properties":{"MAPTAXLOT":"1808180001400","MAPNUMBER":"18081800","TAXLOT":"1400","ACCTNO":"0760189","MAPACRES":39.9809173},"geometry":{"type":"Polygon","coordinates":[[[-123.702137,44.00204],[-123.707094,44.002036],[-123.707083,43.998373],[-123.702131,43.998374],[-123.702137,44.00204]]]}},{"type":"Feature","properties":{"MAPTAXLOT":"1808180001500","MAPNUMBER":"18081800","TAXLOT":"1500","ACCTNO":"0760197","MAPACRES":19.98348881},"geometry":{"type":"Polygon","coordinates":[[[-123.703508,44.003869],[-123.707099,44.003866],[-123.707094,44.002036],[-123.702137,44.00204],[-123.70214,44.00387],[-123.702498,44.00387],[-123.703508,44.003869]]]}},{"type":"Feature","properties":{"MAPTAXLOT":"1808180001600","MAPNUMBER":"18081800","TAXLOT":"1600","ACCTNO":"0760205","MAPACRES":38.33494134},"geometry":{"type":"Polygon","coordinates":[[[-123.707094,44.002036],[-123.711849,44.002032],[-123.711837,43.998372],[-123.707083,43.998373],[-123.707094,44.002036]]]}},{"type":"Feature","properties":{"MAPTAXLOT":"1808180001700","MAPNUMBER":"18081800","TAXLOT":"1700","ACCTNO":"1448610","MAPACRES":0.59824368},"geometry":{"type":"Polygon","coordinates":[[[-123.699239,44.004535],[-123.699552,44.005035],[-123.699999,44.004893],[-123.699848,44.004642],[-123.699702,44.004388],[-123.699694,44.004391],[-123.699247,44.004532],[-123.699239,44.004535]]]}},{"type":"Feature","properties":{"MAPTAXLOT":"1808210000077","MAPNUMBER":"18082100","TAXLOT":"77","ACCTNO":"000None","MAPACRES":7.70805562},"geometry":{"type":"MultiPolygon","coordinates":[[[[-123.658753,43.984109],[-123.658662,43.98421],[-123.658605,43.984273],[-123.658527,43.98436],[-123.658454,43.984442],[-123.658414,43.984485],[-123.658343,43.984571],[-123.658291,43.984649],[-123.658265,43.984695],[-123.658231,43.984764],[-123.658203,43.984836],[-123.658167,43.984943],[-123.65815,43.985007],[-123.658138,43.985068],[-123.658136,43.985084],[-123.65812,43.985172],[-123.65811,43.985227],[-123.658106,43.985255],[-123.65808,43.985398],[-123.658069,43.98546],[-123.658054,43.985549],[-123.658047,43.98561],[-123.658044,43.98566],[-123.658043,43.985699],[-123.658043,43.985766],[-123.658065,43.985948],[-123.658089,43.986121],[-123.658106,43.986242],[-123.658135,43.986445],[-123.658136,43.986455],[-123.65815,43.986553],[-123.658155,43.986595],[-123.658162,43.986641],[-123.658177,43.986712],[-123.658193,43.986769],[-123.658211,43.986818],[-123.658232,43.986873],[-123.658259,43.986929],[-123.658301,43.987009],[-123.65833,43.987063],[-123.658369,43.987141],[-123.658441,43.987285],[-123.658474,43.987352],[-123.658502,43.987407],[-123.658586,43.987574],[-123.658632,43.98767],[-123.658666,43.987737],[-123.658696,43.987789],[-123.658739,43.987856],[-123.658783,43.98792],[-123.658861,43.988034],[-123.6589,43.98809],[-123.658992,43.988223],[-123.659053,43.988308],[-123.659145,43.988423],[-123.659228,43.988527],[-123.659271,43.988582],[-123.659299,43.988617],[-123.659342,43.988672],[-123.659388,43.988724],[-123.659448,43.988784],[-123.659533,43.988863],[-123.65959,43.988911],[-123.659652,43.988962],[-123.659732,43.989023],[-123.659863,43.989123],[-123.659957,43.989194],[-123.660005,43.989228],[-123.660077,43.989279],[-123.660163,43.98934],[-123.660275,43.989413],[-123.660361,43.989464],[-123.660634,43.989626],[-123.660744,43.989689],[-123.660862,43.989752],[-123.660936,43.989791],[-123.661083,43.989861],[-123.661177,43.989911],[-123.661286,43.98997],[-123.661311,43.989983],[-123.661582,43.990131],[-123.661675,43.990182],[-123.66173,43.990213],[-123.661825,43.990264],[-123.661938,43.990326],[-123.662002,43.99036],[-123.662065,43.990395],[-123.662155,43.990444],[-123.662211,43.990475],[-123.662281,43.990514],[-123.662419,43.990589],[-123.662457,43.99061],[-123.662606,43.990691],[-123.662692,43.990738],[-123.662806,43.9908],[-123.662826,43.990811],[-123.662949,43.990885],[-123.662994,43.990913],[-123.663072,43.990965],[-123.663148,43.99102],[-123.663214,43.991071],[-123.663293,43.991135],[-123.663361,43.991195],[-123.663418,43.991249],[-123.663451,43.991281],[-123.663562,43.991401],[-123.663614,43.991463],[-123.663657,43.991513],[-123.663742,43.991615],[-123.663794,43.991677],[-123.663847,43.99174],[-123.663892,43.991792],[-123.66395,43.991862],[-123.663972,43.991888],[-123.664034,43.991963],[-123.664062,43.991993],[-123.664094,43.992026],[-123.664125,43.992057],[-123.664191,43.992125],[-123.664227,43.992162],[-123.664299,43.992235],[-123.66435,43.992287],[-123.664383,43.992322],[-123.664429,43.992368],[-123.664487,43.99243],[-123.664513,43.992461],[-123.664545,43.992503],[-123.664574,43.992545],[-123.664615,43.99261],[-123.664645,43.992667],[-123.66467,43.992722],[-123.664685,43.992761],[-123.664703,43.992815],[-123.664733,43.992931],[-123.66475,43.993005],[-123.664768,43.993082],[-123.664795,43.993201],[-123.664818,43.993299],[-123.664855,43.993456],[-123.664866,43.993499],[-123.664882,43.993566],[-123.66489,43.993609],[-123.664898,43.993673],[-123.664901,43.993727],[-123.664899,43.993796],[-123.664894,43.99384],[-123.664886,43.993887],[-123.664865,43.993968],[-123.664843,43.994028],[-123.664819,43.994086],[-123.664786,43.994145],[-123.664767,43.994175],[-123.664709,43.99426],[-123.664673,43.994307],[-123.664601,43.994391],[-123.664562,43.994433],[-123.664484,43.994511],[-123.66446,43.994533],[-123.664408,43.994579],[-123.664369,43.994611],[-123.664311,43.994658],[-123.664236,43.99472],[-123.664185,43.994761],[-123.664113,43.994819],[-123.664051,43.99487],[-123.663986,43.994922],[-123.663921,43.994975],[-123.663853,43.99503],[-123.663782,43.995083],[-123.663726,43.995125],[-123.663626,43.995195],[-123.663565,43.995235],[-123.663507,43.995272],[-123.663449,43.99531],[-123.663362,43.995366],[-123.663268,43.995427],[-123.663185,43.995486],[-123.663124,43.995529],[-123.663064,43.995572],[-123.662985,43.99563],[-123.662912,43.995683],[-123.66283,43.995743],[-123.662771,43.995784],[-123.662683,43.995842],[-123.662562,43.995918],[-123.662432,43.995996],[-123.662397,43.996018],[-123.66238,43.996027],[-123.662118,43.99618],[-123.661942,43.996279],[-123.661773,43.996374],[-123.661606,43.996469],[-123.661433,43.996566],[-123.661317,43.996631],[-123.661223,43.996684],[-123.661021,43.996798],[-123.660855,43.996891],[-123.660708,43.996974],[-123.660533,43.997073],[-123.660426,43.997133],[-123.660327,43.997189],[-123.66016,43.997283],[-123.659979,43.997385],[-123.6599,43.997429],[-123.660144,43.997431],[-123.660253,43.997369],[-123.660421,43.997275],[-123.660519,43.997219],[-123.660626,43.997159],[-123.660802,43.997061],[-123.660949,43.996978],[-123.661115,43.996884],[-123.661316,43.996771],[-123.66141,43.996717],[-123.661526,43.996653],[-123.6617,43.996555],[-123.661867,43.99646],[-123.662036,43.996365],[-123.662212,43.996266],[-123.662395,43.99616],[-123.662476,43.996112],[-123.662529,43.996081],[-123.662661,43.996002],[-123.662785,43.995924],[-123.662875,43.995864],[-123.662936,43.995822],[-123.66302,43.99576],[-123.663093,43.995708],[-123.663172,43.99565],[-123.663231,43.995607],[-123.663292,43.995564],[-123.663372,43.995507],[-123.663463,43.995447],[-123.66355,43.995392],[-123.663609,43.995354],[-123.663667,43.995316],[-123.663729,43.995275],[-123.663833,43.995203],[-123.663892,43.99516],[-123.663965,43.995105],[-123.664034,43.995048],[-123.6641,43.994995],[-123.664165,43.994942],[-123.664227,43.994892],[-123.664299,43.994834],[-123.66435,43.994792],[-123.664425,43.994731],[-123.664483,43.994684],[-123.664524,43.994649],[-123.664578,43.994602],[-123.664605,43.994577],[-123.664687,43.994496],[-123.664729,43.99445],[-123.664804,43.994362],[-123.664843,43.994311],[-123.664905,43.994222],[-123.664926,43.994187],[-123.664962,43.994122],[-123.664989,43.994059],[-123.665014,43.993992],[-123.665036,43.993904],[-123.665045,43.993851],[-123.665051,43.993801],[-123.665053,43.993726],[-123.66505,43.993666],[-123.665041,43.993596],[-123.665032,43.993549],[-123.665015,43.99348],[-123.665005,43.993437],[-123.664968,43.993281],[-123.664945,43.993182],[-123.664918,43.993063],[-123.6649,43.992987],[-123.664882,43.992912],[-123.664852,43.992792],[-123.664833,43.992734],[-123.664816,43.99269],[-123.664789,43.99263],[-123.664756,43.992568],[-123.664711,43.992497],[-123.664679,43.992451],[-123.664644,43.992406],[-123.664615,43.992371],[-123.664554,43.992306],[-123.664508,43.992259],[-123.664474,43.992224],[-123.664423,43.992172],[-123.664352,43.992099],[-123.664316,43.992062],[-123.664249,43.991993],[-123.664218,43.991962],[-123.664188,43.991931],[-123.664163,43.991904],[-123.664102,43.991831],[-123.66408,43.991805],[-123.664022,43.991736],[-123.663977,43.991683],[-123.663924,43.99162],[-123.663872,43.991558],[-123.663786,43.991456],[-123.663744,43.991406],[-123.66369,43.991342],[-123.663576,43.991218],[-123.66354,43.991183],[-123.66348,43.991126],[-123.663409,43.991063],[-123.663326,43.990996],[-123.663257,43.990944],[-123.663177,43.990886],[-123.663096,43.990832],[-123.663048,43.990801],[-123.662921,43.990725],[-123.662899,43.990713],[-123.662784,43.99065],[-123.662698,43.990604],[-123.662511,43.990501],[-123.662459,43.990473],[-123.662373,43.990426],[-123.662303,43.990388],[-123.662247,43.990357],[-123.662157,43.990308],[-123.662093,43.990273],[-123.662029,43.990238],[-123.661936,43.990187],[-123.661917,43.990177],[-123.661822,43.990125],[-123.661673,43.990044],[-123.661402,43.989896],[-123.661378,43.989882],[-123.661268,43.989822],[-123.66117,43.989771],[-123.661023,43.989701],[-123.660952,43.989664],[-123.660836,43.989602],[-123.66073,43.989541],[-123.660458,43.989379],[-123.660374,43.98933],[-123.660267,43.98926],[-123.660184,43.989201],[-123.660112,43.98915],[-123.660065,43.989117],[-123.659973,43.989048],[-123.659843,43.988948],[-123.659764,43.988888],[-123.659704,43.988839],[-123.659651,43.988794],[-123.65957,43.988719],[-123.659514,43.988663],[-123.659472,43.988615],[-123.659431,43.988563],[-123.659403,43.988528],[-123.659359,43.988473],[-123.659277,43.988369],[-123.659186,43.988256],[-123.659128,43.988174],[-123.659036,43.988041],[-123.658997,43.987985],[-123.658919,43.987871],[-123.658876,43.987808],[-123.658835,43.987745],[-123.658807,43.987697],[-123.658775,43.987633],[-123.658729,43.987538],[-123.658645,43.987369],[-123.658617,43.987314],[-123.658584,43.987248],[-123.658512,43.987104],[-123.658472,43.987025],[-123.658443,43.98697],[-123.658402,43.986891],[-123.658377,43.98684],[-123.658357,43.98679],[-123.658341,43.986744],[-123.658327,43.986693],[-123.658313,43.986627],[-123.658307,43.986584],[-123.658301,43.986542],[-123.65829,43.986458],[-123.658286,43.986434],[-123.658258,43.986231],[-123.658241,43.98611],[-123.658217,43.985938],[-123.658195,43.985761],[-123.658195,43.985699],[-123.658196,43.985664],[-123.658199,43.985618],[-123.658206,43.98556],[-123.65822,43.985474],[-123.658231,43.985412],[-123.658257,43.985268],[-123.658261,43.98524],[-123.658271,43.985187],[-123.658287,43.985096],[-123.658289,43.985081],[-123.6583,43.985025],[-123.658316,43.984966],[-123.65835,43.984864],[-123.658376,43.984797],[-123.658407,43.984734],[-123.65843,43.984694],[-123.658477,43.984623],[-123.658542,43.984544],[-123.658581,43.984502],[-123.658655,43.984419],[-123.658732,43.984333],[-123.65879,43.984269],[-123.65888,43.984168],[-123.659031,43.984],[-123.659039,43.983997],[-123.65908,43.983987],[-123.659115,43.98398],[-123.65917,43.983974],[-123.65922,43.983974],[-123.659251,43.983976],[-123.659294,43.983981],[-123.659351,43.983994],[-123.659376,43.984002],[-123.659406,43.984013],[-123.659658,43.98421],[-123.65969,43.984236],[-123.659896,43.984397],[-123.660332,43.984738],[-123.660443,43.984664],[-123.65999,43.984309],[-123.659794,43.984155],[-123.659513,43.983935],[-123.659481,43.983904],[-123.659459,43.983878],[-123.659446,43.983859],[-123.659432,43.983833],[-123.659424,43.983815],[-123.659416,43.98379],[-123.659413,43.983779],[-123.65941,43.983756],[-123.659409,43.983736],[-123.659409,43.983715],[-123.659413,43.983679],[-123.659417,43.983657],[-123.65942,43.983645],[-123.659497,43.983585],[-123.659568,43.983529],[-123.659631,43.983479],[-123.659704,43.983419],[-123.659749,43.983384],[-123.659774,43.983364],[-123.659805,43.983334],[-123.659839,43.983302],[-123.659897,43.983245],[-123.659939,43.983202],[-123.659986,43.983152],[-123.660043,43.98309],[-123.660095,43.983037],[-123.660152,43.982981],[-123.66021,43.982928],[-123.660264,43.982881],[-123.660178,43.982878],[-123.660011,43.982873],[-123.659985,43.982899],[-123.659939,43.982956],[-123.659892,43.983014],[-123.659845,43.983072],[-123.65982,43.983103],[-123.659763,43.983173],[-123.659734,43.983206],[-123.659684,43.983258],[-123.659646,43.983295],[-123.659629,43.983311],[-123.659586,43.983349],[-123.659518,43.983406],[-123.659456,43.983455],[-123.659386,43.98351],[-123.659286,43.983587],[-123.659231,43.983629],[-123.659162,43.983685],[-123.659106,43.983734],[-123.659027,43.983808],[-123.658962,43.983875],[-123.658925,43.983917],[-123.658753,43.984109]]],[[[-123.654426,43.983414],[-123.6544,43.983441],[-123.654355,43.983485],[-123.654319,43.983517],[-123.654272,43.983556],[-123.654231,43.983591],[-123.654194,43.983621],[-123.654152,43.983656],[-123.654113,43.983688],[-123.654069,43.983724],[-123.654015,43.983768],[-123.653974,43.983799],[-123.653928,43.983833],[-123.653909,43.983847],[-123.65323,43.984314],[-123.653192,43.98434],[-123.653159,43.984364],[-123.653125,43.984392],[-123.653098,43.984414],[-123.653071,43.984439],[-123.653054,43.984454],[-123.653037,43.984471],[-123.653025,43.984484],[-123.653011,43.984498],[-123.652989,43.984523],[-123.652975,43.984539],[-123.652956,43.984559],[-123.652936,43.984582],[-123.652922,43.984598],[-123.652906,43.984614],[-123.652879,43.98464],[-123.652867,43.98465],[-123.652848,43.984666],[-123.652834,43.984677],[-123.652825,43.984684],[-123.652794,43.984707],[-123.652779,43.984717],[-123.652752,43.984737],[-123.652727,43.984753],[-123.652694,43.984775],[-123.652678,43.984786],[-123.652646,43.984808],[-123.652644,43.984809],[-123.652643,43.984957],[-123.65267,43.984941],[-123.65269,43.984928],[-123.65272,43.984908],[-123.65275,43.984888],[-123.652783,43.984866],[-123.652798,43.984856],[-123.65283,43.984834],[-123.652856,43.984817],[-123.652885,43.984796],[-123.652901,43.984785],[-123.652937,43.984759],[-123.652947,43.98475],[-123.652961,43.984739],[-123.652982,43.984721],[-123.652997,43.984709],[-123.65303,43.984678],[-123.653047,43.984659],[-123.653063,43.984643],[-123.653084,43.984618],[-123.653103,43.984597],[-123.653117,43.984582],[-123.653137,43.984559],[-123.653149,43.984547],[-123.653162,43.984534],[-123.653175,43.98452],[-123.65319,43.984507],[-123.653215,43.984484],[-123.653238,43.984465],[-123.65327,43.98444],[-123.6533,43.984418],[-123.653335,43.984392],[-123.654014,43.983925],[-123.654035,43.983911],[-123.654084,43.983875],[-123.654127,43.983842],[-123.654182,43.983797],[-123.654227,43.98376],[-123.654266,43.983728],[-123.654308,43.983693],[-123.654345,43.983664],[-123.654388,43.983628],[-123.654436,43.983587],[-123.654475,43.983552],[-123.654524,43.983505],[-123.654552,43.983476],[-123.655389,43.982727],[-123.65525,43.982722],[-123.655123,43.982718],[-123.654426,43.983414]]]]}},{"type":"Feature","properties":{"MAPTAXLOT":"1808210000100","MAPNUMBER":"18082100","TAXLOT":"100","ACCTNO":"0760213","MAPACRES":510.78720959},"geometry":{"type":"MultiPolygon","coordinates":[[[[-123.662567,43.990199],[-123.667427,43.99029],[-123.667388,43.993903],[-123.667348,43.997504],[-123.672315,43.997561],[-123.672359,43.993973],[-123.672403,43.990384],[-123.672437,43.986789],[-123.672471,43.983194],[-123.667507,43.983073],[-123.662543,43.982953],[-123.661678,43.982926],[-123.66121,43.982911],[-123.661124,43.982908],[-123.660264,43.982881],[-123.66021,43.982928],[-123.660152,43.982981],[-123.660095,43.983037],[-123.660043,43.98309],[-123.659986,43.983152],[-123.659939,43.983202],[-123.659897,43.983245],[-123.659839,43.983302],[-123.659805,43.983334],[-123.659774,43.983364],[-123.659749,43.983384],[-123.659704,43.983419],[-123.659631,43.983479],[-123.659568,43.983529],[-123.659497,43.983585],[-123.65942,43.983645],[-123.659417,43.983657],[-123.659413,43.983679],[-123.659409,43.983715],[-123.659409,43.983736],[-123.65941,43.983756],[-123.659413,43.983779],[-123.659416,43.98379],[-123.659424,43.983815],[-123.659432,43.983833],[-123.659446,43.983859],[-123.659459,43.983878],[-123.659481,43.983904],[-123.659513,43.983935],[-123.659794,43.984155],[-123.65999,43.984309],[-123.660443,43.984664],[-123.660332,43.984738],[-123.659896,43.984397],[-123.65969,43.984236],[-123.659658,43.98421],[-123.659406,43.984013],[-123.659376,43.984002],[-123.659351,43.983994],[-123.659294,43.983981],[-123.659251,43.983976],[-123.65922,43.983974],[-123.65917,43.983974],[-123.659115,43.98398],[-123.65908,43.983987],[-123.659039,43.983997],[-123.659031,43.984],[-123.65888,43.984168],[-123.65879,43.984269],[-123.658732,43.984333],[-123.658655,43.984419],[-123.658581,43.984502],[-123.658542,43.984544],[-123.658477,43.984623],[-123.65843,43.984694],[-123.658407,43.984734],[-123.658376,43.984797],[-123.65835,43.984864],[-123.658316,43.984966],[-123.6583,43.985025],[-123.658289,43.985081],[-123.658287,43.985096],[-123.658271,43.985187],[-123.658261,43.98524],[-123.658257,43.985268],[-123.658231,43.985412],[-123.65822,43.985474],[-123.658206,43.98556],[-123.658199,43.985618],[-123.658196,43.985664],[-123.658195,43.985699],[-123.658195,43.985761],[-123.658217,43.985938],[-123.658241,43.98611],[-123.658258,43.986231],[-123.658286,43.986434],[-123.65829,43.986458],[-123.658347,43.98646],[-123.658671,43.986467],[-123.662503,43.986557],[-123.662462,43.990144],[-123.662462,43.990197],[-123.662567,43.990199]]],[[[-123.652589,43.990011],[-123.652572,43.993693],[-123.652554,43.997375],[-123.657468,43.997411],[-123.6599,43.997429],[-123.659979,43.997385],[-123.66016,43.997283],[-123.660327,43.997189],[-123.660426,43.997133],[-123.660533,43.997073],[-123.660708,43.996974],[-123.660855,43.996891],[-123.661021,43.996798],[-123.661223,43.996684],[-123.661317,43.996631],[-123.661433,43.996566],[-123.661606,43.996469],[-123.661773,43.996374],[-123.661942,43.996279],[-123.662118,43.99618],[-123.66238,43.996027],[-123.662397,43.996018],[-123.662421,43.993833],[-123.662457,43.99061],[-123.662419,43.990589],[-123.662281,43.990514],[-123.662211,43.990475],[-123.662155,43.990444],[-123.662065,43.990395],[-123.662002,43.99036],[-123.661938,43.990326],[-123.661825,43.990264],[-123.66173,43.990213],[-123.661675,43.990182],[-123.657536,43.990104],[-123.657571,43.986442],[-123.658136,43.986455],[-123.658135,43.986445],[-123.658106,43.986242],[-123.658089,43.986121],[-123.658065,43.985948],[-123.658043,43.985766],[-123.658043,43.985699],[-123.658044,43.98566],[-123.658047,43.98561],[-123.658054,43.985549],[-123.658069,43.98546],[-123.65808,43.985398],[-123.658106,43.985255],[-123.65811,43.985227],[-123.65812,43.985172],[-123.658136,43.985084],[-123.658138,43.985068],[-123.65815,43.985007],[-123.658167,43.984943],[-123.658203,43.984836],[-123.658231,43.984764],[-123.658265,43.984695],[-123.658291,43.984649],[-123.658343,43.984571],[-123.658414,43.984485],[-123.658454,43.984442],[-123.658527,43.98436],[-123.658605,43.984273],[-123.658662,43.98421],[-123.658753,43.984109],[-123.658925,43.983917],[-123.658962,43.983875],[-123.659027,43.983808],[-123.659106,43.983734],[-123.659162,43.983685],[-123.659231,43.983629],[-123.659286,43.983587],[-123.659386,43.98351],[-123.659456,43.983455],[-123.659518,43.983406],[-123.659586,43.983349],[-123.659629,43.983311],[-123.659646,43.983295],[-123.659684,43.983258],[-123.659734,43.983206],[-123.659763,43.983173],[-123.65982,43.983103],[-123.659845,43.983072],[-123.659892,43.983014],[-123.659939,43.982956],[-123.659985,43.982899],[-123.660011,43.982873],[-123.660006,43.982873],[-123.657789,43.982803],[-123.657605,43.982797],[-123.655389,43.982727],[-123.654552,43.983476],[-123.654524,43.983505],[-123.654475,43.983552],[-123.654436,43.983587],[-123.654388,43.983628],[-123.654345,43.983664],[-123.654308,43.983693],[-123.654266,43.983728],[-123.654227,43.98376],[-123.654182,43.983797],[-123.654127,43.983842],[-123.654084,43.983875],[-123.654035,43.983911],[-123.654014,43.983925],[-123.653335,43.984392],[-123.6533,43.984418],[-123.65327,43.98444],[-123.653238,43.984465],[-123.653215,43.984484],[-123.65319,43.984507],[-123.653175,43.98452],[-123.653162,43.984534],[-123.653149,43.984547],[-123.653137,43.984559],[-123.653117,43.984582],[-123.653103,43.984597],[-123.653084,43.984618],[-123.653063,43.984643],[-123.653047,43.984659],[-123.65303,43.984678],[-123.652997,43.984709],[-123.652982,43.984721],[-123.652961,43.984739],[-123.652947,43.98475],[-123.652937,43.984759],[-123.652901,43.984785],[-123.652885,43.984796],[-123.652856,43.984817],[-123.65283,43.984834],[-123.652798,43.984856],[-123.652783,43.984866],[-123.65275,43.984888],[-123.65272,43.984908],[-123.65269,43.984928],[-123.65267,43.984941],[-123.652643,43.984957],[-123.652628,43.986326],[-123.652589,43.990011]]],[[[-123.65265,43.984317],[-123.652647,43.984593],[-123.652644,43.984809],[-123.652646,43.984808],[-123.652678,43.984786],[-123.652694,43.984775],[-123.652727,43.984753],[-123.652752,43.984737],[-123.652779,43.984717],[-123.652794,43.984707],[-123.652825,43.984684],[-123.652834,43.984677],[-123.652848,43.984666],[-123.652867,43.98465],[-123.652879,43.98464],[-123.652906,43.984614],[-123.652922,43.984598],[-123.652936,43.984582],[-123.652956,43.984559],[-123.652975,43.984539],[-123.652989,43.984523],[-123.653011,43.984498],[-123.653025,43.984484],[-123.653037,43.984471],[-123.653054,43.984454],[-123.653071,43.984439],[-123.653098,43.984414],[-123.653125,43.984392],[-123.653159,43.984364],[-123.653192,43.98434],[-123.65323,43.984314],[-123.653909,43.983847],[-123.653928,43.983833],[-123.653974,43.983799],[-123.654015,43.983768],[-123.654069,43.983724],[-123.654113,43.983688],[-123.654152,43.983656],[-123.654194,43.983621],[-123.654231,43.983591],[-123.654272,43.983556],[-123.654319,43.983517],[-123.654355,43.983485],[-123.6544,43.983441],[-123.654426,43.983414],[-123.655123,43.982718],[-123.655073,43.982717],[-123.654942,43.982713],[-123.654663,43.982704],[-123.652668,43.982641],[-123.65265,43.984317]]],[[[-123.662212,43.996266],[-123.662036,43.996365],[-123.661867,43.99646],[-123.6617,43.996555],[-123.661526,43.996653],[-123.66141,43.996717],[-123.661316,43.996771],[-123.661115,43.996884],[-123.660949,43.996978],[-123.660802,43.997061],[-123.660626,43.997159],[-123.660519,43.997219],[-123.660421,43.997275],[-123.660253,43.997369],[-123.660144,43.997431],[-123.662381,43.997448],[-123.662395,43.99616],[-123.662212,43.996266]]],[[[-123.662462,43.990197],[-123.662106,43.99019],[-123.662104,43.99019],[-123.661936,43.990187],[-123.662029,43.990238],[-123.662093,43.990273],[-123.662157,43.990308],[-123.662247,43.990357],[-123.662303,43.990388],[-123.662373,43.990426],[-123.662459,43.990473],[-123.66246,43.990393],[-123.662462,43.990197]]]]}},{"type":"Feature","properties":{"MAPTAXLOT":"1808210000200","MAPNUMBER":"18082100","TAXLOT":"200","ACCTNO":"0760221","MAPACRES":76.81925613},"geometry":{"type":"MultiPolygon","coordinates":[[[[-123.66246,43.990393],[-123.662459,43.990473],[-123.662511,43.990501],[-123.662698,43.990604],[-123.662784,43.99065],[-123.662899,43.990713],[-123.662921,43.990725],[-123.663048,43.990801],[-123.663096,43.990832],[-123.663177,43.990886],[-123.663257,43.990944],[-123.663326,43.990996],[-123.663409,43.991063],[-123.66348,43.991126],[-123.66354,43.991183],[-123.663576,43.991218],[-123.66369,43.991342],[-123.663744,43.991406],[-123.663786,43.991456],[-123.663872,43.991558],[-123.663924,43.99162],[-123.663977,43.991683],[-123.664022,43.991736],[-123.66408,43.991805],[-123.664102,43.991831],[-123.664163,43.991904],[-123.664188,43.991931],[-123.664218,43.991962],[-123.664249,43.991993],[-123.664316,43.992062],[-123.664352,43.992099],[-123.664423,43.992172],[-123.664474,43.992224],[-123.664508,43.992259],[-123.664554,43.992306],[-123.664615,43.992371],[-123.664644,43.992406],[-123.664679,43.992451],[-123.664711,43.992497],[-123.664756,43.992568],[-123.664789,43.99263],[-123.664816,43.99269],[-123.664833,43.992734],[-123.664852,43.992792],[-123.664882,43.992912],[-123.6649,43.992987],[-123.664918,43.993063],[-123.664945,43.993182],[-123.664968,43.993281],[-123.665005,43.993437],[-123.665015,43.99348],[-123.665032,43.993549],[-123.665041,43.993596],[-123.66505,43.993666],[-123.665053,43.993726],[-123.665051,43.993801],[-123.665045,43.993851],[-123.665036,43.993904],[-123.665014,43.993992],[-123.664989,43.994059],[-123.664962,43.994122],[-123.664926,43.994187],[-123.664905,43.994222],[-123.664843,43.994311],[-123.664804,43.994362],[-123.664729,43.99445],[-123.664687,43.994496],[-123.664605,43.994577],[-123.664578,43.994602],[-123.664524,43.994649],[-123.664483,43.994684],[-123.664425,43.994731],[-123.66435,43.994792],[-123.664299,43.994834],[-123.664227,43.994892],[-123.664165,43.994942],[-123.6641,43.994995],[-123.664034,43.995048],[-123.663965,43.995105],[-123.663892,43.99516],[-123.663833,43.995203],[-123.663729,43.995275],[-123.663667,43.995316],[-123.663609,43.995354],[-123.66355,43.995392],[-123.663463,43.995447],[-123.663372,43.995507],[-123.663292,43.995564],[-123.663231,43.995607],[-123.663172,43.99565],[-123.663093,43.995708],[-123.66302,43.99576],[-123.662936,43.995822],[-123.662875,43.995864],[-123.662785,43.995924],[-123.662661,43.996002],[-123.662529,43.996081],[-123.662476,43.996112],[-123.662395,43.99616],[-123.662381,43.997448],[-123.66271,43.997451],[-123.663174,43.997457],[-123.667348,43.997504],[-123.667388,43.993903],[-123.667427,43.99029],[-123.662567,43.990199],[-123.662462,43.990197],[-123.66246,43.990393]]],[[[-123.662421,43.993833],[-123.662397,43.996018],[-123.662432,43.995996],[-123.662562,43.995918],[-123.662683,43.995842],[-123.662771,43.995784],[-123.66283,43.995743],[-123.662912,43.995683],[-123.662985,43.99563],[-123.663064,43.995572],[-123.663124,43.995529],[-123.663185,43.995486],[-123.663268,43.995427],[-123.663362,43.995366],[-123.663449,43.99531],[-123.663507,43.995272],[-123.663565,43.995235],[-123.663626,43.995195],[-123.663726,43.995125],[-123.663782,43.995083],[-123.663853,43.99503],[-123.663921,43.994975],[-123.663986,43.994922],[-123.664051,43.99487],[-123.664113,43.994819],[-123.664185,43.994761],[-123.664236,43.99472],[-123.664311,43.994658],[-123.664369,43.994611],[-123.664408,43.994579],[-123.66446,43.994533],[-123.664484,43.994511],[-123.664562,43.994433],[-123.664601,43.994391],[-123.664673,43.994307],[-123.664709,43.99426],[-123.664767,43.994175],[-123.664786,43.994145],[-123.664819,43.994086],[-123.664843,43.994028],[-123.664865,43.993968],[-123.664886,43.993887],[-123.664894,43.99384],[-123.664899,43.993796],[-123.664901,43.993727],[-123.664898,43.993673],[-123.66489,43.993609],[-123.664882,43.993566],[-123.664866,43.993499],[-123.664855,43.993456],[-123.664818,43.993299],[-123.664795,43.993201],[-123.664768,43.993082],[-123.66475,43.993005],[-123.664733,43.992931],[-123.664703,43.992815],[-123.664685,43.992761],[-123.66467,43.992722],[-123.664645,43.992667],[-123.664615,43.99261],[-123.664574,43.992545],[-123.664545,43.992503],[-123.664513,43.992461],[-123.664487,43.99243],[-123.664429,43.992368],[-123.664383,43.992322],[-123.66435,43.992287],[-123.664299,43.992235],[-123.664227,43.992162],[-123.664191,43.992125],[-123.664125,43.992057],[-123.664094,43.992026],[-123.664062,43.991993],[-123.664034,43.991963],[-123.663972,43.991888],[-123.66395,43.991862],[-123.663892,43.991792],[-123.663847,43.99174],[-123.663794,43.991677],[-123.663742,43.991615],[-123.663657,43.991513],[-123.663614,43.991463],[-123.663562,43.991401],[-123.663451,43.991281],[-123.663418,43.991249],[-123.663361,43.991195],[-123.663293,43.991135],[-123.663214,43.991071],[-123.663148,43.99102],[-123.663072,43.990965],[-123.662994,43.990913],[-123.662949,43.990885],[-123.662826,43.990811],[-123.662806,43.9908],[-123.662692,43.990738],[-123.662606,43.990691],[-123.662457,43.99061],[-123.662421,43.993833]]]]}},{"type":"Feature","properties":{"MAPTAXLOT":"1808210000300","MAPNUMBER":"18082100","TAXLOT":"300","ACCTNO":"0760239","MAPACRES":38.07344856},"geometry":{"type":"MultiPolygon","coordinates":[[[[-123.658301,43.986542],[-123.658307,43.986584],[-123.658313,43.986627],[-123.658327,43.986693],[-123.658341,43.986744],[-123.658357,43.98679],[-123.658377,43.98684],[-123.658402,43.986891],[-123.658443,43.98697],[-123.658472,43.987025],[-123.658512,43.987104],[-123.658584,43.987248],[-123.658617,43.987314],[-123.658645,43.987369],[-123.658729,43.987538],[-123.658775,43.987633],[-123.658807,43.987697],[-123.658835,43.987745],[-123.658876,43.987808],[-123.658919,43.987871],[-123.658997,43.987985],[-123.659036,43.988041],[-123.659128,43.988174],[-123.659186,43.988256],[-123.659277,43.988369],[-123.659359,43.988473],[-123.659403,43.988528],[-123.659431,43.988563],[-123.659472,43.988615],[-123.659514,43.988663],[-123.65957,43.988719],[-123.659651,43.988794],[-123.659704,43.988839],[-123.659764,43.988888],[-123.659843,43.988948],[-123.659973,43.989048],[-123.660065,43.989117],[-123.660112,43.98915],[-123.660184,43.989201],[-123.660267,43.98926],[-123.660374,43.98933],[-123.660458,43.989379],[-123.66073,43.989541],[-123.660836,43.989602],[-123.660952,43.989664],[-123.661023,43.989701],[-123.66117,43.989771],[-123.661268,43.989822],[-123.661378,43.989882],[-123.661402,43.989896],[-123.661673,43.990044],[-123.661822,43.990125],[-123.661917,43.990177],[-123.661936,43.990187],[-123.662104,43.99019],[-123.662106,43.99019],[-123.662462,43.990197],[-123.662462,43.990144],[-123.662503,43.986557],[-123.658671,43.986467],[-123.658347,43.98646],[-123.65829,43.986458],[-123.658301,43.986542]]],[[[-123.657536,43.990104],[-123.661675,43.990182],[-123.661582,43.990131],[-123.661311,43.989983],[-123.661286,43.98997],[-123.661177,43.989911],[-123.661083,43.989861],[-123.660936,43.989791],[-123.660862,43.989752],[-123.660744,43.989689],[-123.660634,43.989626],[-123.660361,43.989464],[-123.660275,43.989413],[-123.660163,43.98934],[-123.660077,43.989279],[-123.660005,43.989228],[-123.659957,43.989194],[-123.659863,43.989123],[-123.659732,43.989023],[-123.659652,43.988962],[-123.65959,43.988911],[-123.659533,43.988863],[-123.659448,43.988784],[-123.659388,43.988724],[-123.659342,43.988672],[-123.659299,43.988617],[-123.659271,43.988582],[-123.659228,43.988527],[-123.659145,43.988423],[-123.659053,43.988308],[-123.658992,43.988223],[-123.6589,43.98809],[-123.658861,43.988034],[-123.658783,43.98792],[-123.658739,43.987856],[-123.658696,43.987789],[-123.658666,43.987737],[-123.658632,43.98767],[-123.658586,43.987574],[-123.658502,43.987407],[-123.658474,43.987352],[-123.658441,43.987285],[-123.658369,43.987141],[-123.65833,43.987063],[-123.658301,43.987009],[-123.658259,43.986929],[-123.658232,43.986873],[-123.658211,43.986818],[-123.658193,43.986769],[-123.658177,43.986712],[-123.658162,43.986641],[-123.658155,43.986595],[-123.65815,43.986553],[-123.658136,43.986455],[-123.657571,43.986442],[-123.657536,43.990104]]]]}},{"type":"Feature","properties":{"MAPTAXLOT":"1808220000077","MAPNUMBER":"18082200","TAXLOT":"77","ACCTNO":"000None","MAPACRES":5.02286821},"geometry":{"type":"Polygon","coordinates":[[[-123.642608,43.988494],[-123.642687,43.988508],[-123.642842,43.988536],[-123.642959,43.988557],[-123.643089,43.98858],[-123.64323,43.988605],[-123.643343,43.988619],[-123.643478,43.988637],[-123.643609,43.988646],[-123.643753,43.988659],[-123.643883,43.98867],[-123.644012,43.988677],[-123.644127,43.988684],[-123.644266,43.988693],[-123.644426,43.988702],[-123.644446,43.988703],[-123.644466,43.988705],[-123.644493,43.988706],[-123.644513,43.988708],[-123.644536,43.988709],[-123.644566,43.988711],[-123.644587,43.988713],[-123.644605,43.988714],[-123.644622,43.988714],[-123.644647,43.988716],[-123.644674,43.988717],[-123.644692,43.988717],[-123.644716,43.988718],[-123.644732,43.988719],[-123.644754,43.98872],[-123.644773,43.98872],[-123.644793,43.98872],[-123.644811,43.988721],[-123.644838,43.988721],[-123.64486,43.988721],[-123.644882,43.988721],[-123.645369,43.988712],[-123.645408,43.988711],[-123.645453,43.988709],[-123.645501,43.988706],[-123.645555,43.988702],[-123.64563,43.988692],[-123.645701,43.98868],[-123.645738,43.988672],[-123.645788,43.988659],[-123.645833,43.988646],[-123.645874,43.988633],[-123.64591,43.988622],[-123.645962,43.988605],[-123.647588,43.988052],[-123.647624,43.988041],[-123.647645,43.988034],[-123.647666,43.988027],[-123.647688,43.988019],[-123.647708,43.988012],[-123.647737,43.988001],[-123.647757,43.987994],[-123.647788,43.987982],[-123.647816,43.987971],[-123.647858,43.987954],[-123.647882,43.987945],[-123.648257,43.987795],[-123.64831,43.987773],[-123.648345,43.987756],[-123.648386,43.987733],[-123.64843,43.987706],[-123.648467,43.987681],[-123.64849,43.987665],[-123.648523,43.987639],[-123.648548,43.987619],[-123.648563,43.987606],[-123.648589,43.987584],[-123.648628,43.987548],[-123.648669,43.987508],[-123.648688,43.98749],[-123.648712,43.987466],[-123.649493,43.986676],[-123.649519,43.986651],[-123.649551,43.986624],[-123.649583,43.9866],[-123.649608,43.986582],[-123.649633,43.986564],[-123.64968,43.986534],[-123.6497,43.986521],[-123.64975,43.98649],[-123.649778,43.986474],[-123.649813,43.986454],[-123.649885,43.986418],[-123.650659,43.986081],[-123.650679,43.986072],[-123.650704,43.986061],[-123.650747,43.986042],[-123.650781,43.986027],[-123.650813,43.986012],[-123.650834,43.986002],[-123.650863,43.985987],[-123.650882,43.985977],[-123.650912,43.98596],[-123.650952,43.985939],[-123.650991,43.985918],[-123.651876,43.985447],[-123.651926,43.985417],[-123.651993,43.985377],[-123.652058,43.985336],[-123.652114,43.985301],[-123.652194,43.985249],[-123.652264,43.985201],[-123.652633,43.984963],[-123.652643,43.984957],[-123.652644,43.984809],[-123.652617,43.984827],[-123.652589,43.984846],[-123.652571,43.984858],[-123.652533,43.984881],[-123.652161,43.985121],[-123.652091,43.985168],[-123.652013,43.985219],[-123.651959,43.985254],[-123.651895,43.985293],[-123.651829,43.985333],[-123.651783,43.98536],[-123.6509,43.98583],[-123.650861,43.985851],[-123.65082,43.985873],[-123.65079,43.985889],[-123.650774,43.985898],[-123.650747,43.985912],[-123.650729,43.985921],[-123.6507,43.985934],[-123.650667,43.985949],[-123.650626,43.985967],[-123.650601,43.985978],[-123.65058,43.985987],[-123.649803,43.986326],[-123.649723,43.986366],[-123.649683,43.986388],[-123.649654,43.986405],[-123.649601,43.986438],[-123.649579,43.986452],[-123.64953,43.986484],[-123.649502,43.986503],[-123.649474,43.986523],[-123.649437,43.986551],[-123.6494,43.986583],[-123.649371,43.986611],[-123.648588,43.987402],[-123.648565,43.987425],[-123.648548,43.987442],[-123.648507,43.987481],[-123.64847,43.987515],[-123.648447,43.987536],[-123.648433,43.987548],[-123.648411,43.987565],[-123.648382,43.987588],[-123.648362,43.987602],[-123.648329,43.987624],[-123.648292,43.987647],[-123.648256,43.987666],[-123.648228,43.98768],[-123.648182,43.9877],[-123.647809,43.987849],[-123.647784,43.987858],[-123.647742,43.987875],[-123.647716,43.987886],[-123.647687,43.987897],[-123.647668,43.987904],[-123.64764,43.987914],[-123.647622,43.98792],[-123.647601,43.987927],[-123.647581,43.987934],[-123.647561,43.987941],[-123.647525,43.987952],[-123.645899,43.988505],[-123.645849,43.988521],[-123.645814,43.988532],[-123.645775,43.988544],[-123.645734,43.988556],[-123.64569,43.988568],[-123.645661,43.988574],[-123.645599,43.988585],[-123.645533,43.988593],[-123.645486,43.988597],[-123.645442,43.9886],[-123.645401,43.988601],[-123.645364,43.988602],[-123.644878,43.988611],[-123.644859,43.988611],[-123.644839,43.988611],[-123.644813,43.988611],[-123.644797,43.988611],[-123.644777,43.98861],[-123.644759,43.98861],[-123.644739,43.988609],[-123.644724,43.988609],[-123.6447,43.988608],[-123.644683,43.988607],[-123.644656,43.988606],[-123.644632,43.988605],[-123.644616,43.988604],[-123.644599,43.988603],[-123.644578,43.988602],[-123.644551,43.9886],[-123.644528,43.988598],[-123.644506,43.988597],[-123.644479,43.988595],[-123.644457,43.988594],[-123.644436,43.988593],[-123.644279,43.988583],[-123.64414,43.988575],[-123.644024,43.988568],[-123.643898,43.98856],[-123.643772,43.98855],[-123.643627,43.988537],[-123.643499,43.988528],[-123.64337,43.988511],[-123.643261,43.988497],[-123.643125,43.988474],[-123.642996,43.988451],[-123.642879,43.988429],[-123.642724,43.988401],[-123.642608,43.988381],[-123.64258,43.988375],[-123.642405,43.988344],[-123.642256,43.988317],[-123.642144,43.988292],[-123.642029,43.988256],[-123.641896,43.988204],[-123.641771,43.988143],[-123.641612,43.988044],[-123.641494,43.987969],[-123.641406,43.987904],[-123.641333,43.987838],[-123.64128,43.987784],[-123.641238,43.987741],[-123.641182,43.987684],[-123.641127,43.987625],[-123.641066,43.987546],[-123.641012,43.987456],[-123.640954,43.987354],[-123.640875,43.987215],[-123.640838,43.987151],[-123.640795,43.987074],[-123.640745,43.986971],[-123.640709,43.986879],[-123.640676,43.986772],[-123.640643,43.986639],[-123.640609,43.986504],[-123.640577,43.986367],[-123.640554,43.986225],[-123.640542,43.98607],[-123.640546,43.985876],[-123.640569,43.985688],[-123.640594,43.985515],[-123.640616,43.985378],[-123.640633,43.98528],[-123.640657,43.985184],[-123.640682,43.9851],[-123.640735,43.984956],[-123.640785,43.98484],[-123.640838,43.984715],[-123.64088,43.984616],[-123.640931,43.984497],[-123.640985,43.98437],[-123.641054,43.984191],[-123.641111,43.983995],[-123.641144,43.983862],[-123.641171,43.983753],[-123.641205,43.983616],[-123.641237,43.983488],[-123.641255,43.983415],[-123.641269,43.98335],[-123.64128,43.983303],[-123.641299,43.983239],[-123.641328,43.983169],[-123.641368,43.983097],[-123.641411,43.983034],[-123.641467,43.982968],[-123.641508,43.982926],[-123.641584,43.98286],[-123.641588,43.982857],[-123.641387,43.982859],[-123.64134,43.982908],[-123.641278,43.982981],[-123.641229,43.983053],[-123.641185,43.983133],[-123.641151,43.983211],[-123.64113,43.983283],[-123.641119,43.983334],[-123.641106,43.983396],[-123.641087,43.983468],[-123.641055,43.983597],[-123.641021,43.983734],[-123.640994,43.983843],[-123.640962,43.983974],[-123.640906,43.984165],[-123.640839,43.984339],[-123.640786,43.984465],[-123.640735,43.984584],[-123.640693,43.984683],[-123.64064,43.984807],[-123.640589,43.984926],[-123.640534,43.985074],[-123.640508,43.985162],[-123.640483,43.985263],[-123.640465,43.985365],[-123.640443,43.985503],[-123.640417,43.985678],[-123.640395,43.985871],[-123.64039,43.986072],[-123.640403,43.986235],[-123.640427,43.986383],[-123.640459,43.986523],[-123.640493,43.986659],[-123.640527,43.986794],[-123.640562,43.986906],[-123.6406,43.987004],[-123.640653,43.987112],[-123.640698,43.987193],[-123.640734,43.987257],[-123.640814,43.987396],[-123.640872,43.987499],[-123.640929,43.987594],[-123.640997,43.987682],[-123.641057,43.987746],[-123.641114,43.987804],[-123.641157,43.987848],[-123.641212,43.987904],[-123.641291,43.987976],[-123.641389,43.988049],[-123.641513,43.988127],[-123.641678,43.98823],[-123.641817,43.988298],[-123.641963,43.988355],[-123.642091,43.988395],[-123.642215,43.988423],[-123.642368,43.98845],[-123.642543,43.988482],[-123.642608,43.988494]]]}},{"type":"Feature","properties":{"MAPTAXLOT":"1808220000088","MAPNUMBER":"18082200","TAXLOT":"88","ACCTNO":"000None","MAPACRES":8.90360076},"geometry":{"type":"Polygon","coordinates":[[[-123.642608,43.98831],[-123.642676,43.988327],[-123.643119,43.988414],[-123.64362,43.988451],[-123.644013,43.988465],[-123.644634,43.98851],[-123.645027,43.988462],[-123.645297,43.988356],[-123.645456,43.988271],[-123.645858,43.988229],[-123.646401,43.98809],[-123.646905,43.988027],[-123.647354,43.987909],[-123.647808,43.98771],[-123.648113,43.987609],[-123.648476,43.987326],[-123.648645,43.987098],[-123.64893,43.986787],[-123.649336,43.986509],[-123.649767,43.986199],[-123.650254,43.985884],[-123.650874,43.985569],[-123.651459,43.985255],[-123.65217,43.984864],[-123.652647,43.984593],[-123.65265,43.984317],[-123.652374,43.984513],[-123.651822,43.984813],[-123.651322,43.985118],[-123.650746,43.98545],[-123.65028,43.985748],[-123.649806,43.986047],[-123.64924,43.986333],[-123.648882,43.986553],[-123.648659,43.986721],[-123.648466,43.98698],[-123.648296,43.987177],[-123.647996,43.987359],[-123.647735,43.987472],[-123.647463,43.987523],[-123.647072,43.987614],[-123.646578,43.987702],[-123.646151,43.987757],[-123.645776,43.987829],[-123.645335,43.987946],[-123.645234,43.988078],[-123.645009,43.988208],[-123.644523,43.98829],[-123.644093,43.988289],[-123.643749,43.988286],[-123.643282,43.988237],[-123.642935,43.988165],[-123.642608,43.988123],[-123.642502,43.988109],[-123.642171,43.988031],[-123.64195,43.987907],[-123.641617,43.987637],[-123.641381,43.987389],[-123.641222,43.987139],[-123.641121,43.986844],[-123.641062,43.986547],[-123.641049,43.986138],[-123.640987,43.985787],[-123.640991,43.985533],[-123.641006,43.985154],[-123.64122,43.984795],[-123.641365,43.98445],[-123.641551,43.98406],[-123.641661,43.983685],[-123.641807,43.983358],[-123.642167,43.983001],[-123.642338,43.982848],[-123.642061,43.982851],[-123.641882,43.982978],[-123.641612,43.983246],[-123.641421,43.983549],[-123.641325,43.983843],[-123.641236,43.984124],[-123.641099,43.984451],[-123.640983,43.984702],[-123.640837,43.985041],[-123.640758,43.985341],[-123.640718,43.985559],[-123.640778,43.98573],[-123.640813,43.98607],[-123.64081,43.986343],[-123.640822,43.986572],[-123.640857,43.986919],[-123.641009,43.987188],[-123.641247,43.987473],[-123.641415,43.987722],[-123.64172,43.987969],[-123.642037,43.988115],[-123.642388,43.988254],[-123.642608,43.98831]]]}},{"type":"Feature","properties":{"MAPTAXLOT":"1808220000100","MAPNUMBER":"18082200","TAXLOT":"100","ACCTNO":"1231909","MAPACRES":73.48677559},"geometry":{"type":"Polygon","coordinates":[[[-123.639538,43.996664],[-123.640012,43.996745],[-123.640438,43.996903],[-123.640811,43.997053],[-123.641273,43.997327],[-123.642616,43.997317],[-123.642613,43.993741],[-123.63764,43.993764],[-123.632664,43.993787],[-123.632674,43.994907],[-123.632697,43.997389],[-123.633446,43.997384],[-123.633719,43.997382],[-123.636796,43.997359],[-123.636813,43.99719],[-123.63696,43.997016],[-123.637277,43.996838],[-123.637705,43.99678],[-123.638095,43.996769],[-123.638374,43.996732],[-123.638886,43.996663],[-123.639538,43.996664]]]}},{"type":"Feature","properties":{"MAPTAXLOT":"1808220000101","MAPNUMBER":"18082200","TAXLOT":"101","ACCTNO":"0760254","MAPACRES":7.65195781},"geometry":{"type":"Polygon","coordinates":[[[-123.641931,43.998763],[-123.642037,43.998861],[-123.641994,43.998411],[-123.641812,43.998004],[-123.641394,43.997435],[-123.641273,43.997327],[-123.640811,43.997053],[-123.640438,43.996903],[-123.640012,43.996745],[-123.639538,43.996664],[-123.638886,43.996663],[-123.638374,43.996732],[-123.638377,43.997348],[-123.63839,43.997348],[-123.6386,43.997673],[-123.638661,43.997672],[-123.638661,43.997672],[-123.638682,43.997672],[-123.638834,43.997672],[-123.638834,43.997672],[-123.638934,43.997675],[-123.639035,43.997679],[-123.639035,43.997679],[-123.639145,43.997686],[-123.639256,43.997695],[-123.639256,43.997695],[-123.639386,43.997708],[-123.639516,43.997725],[-123.639516,43.997725],[-123.639644,43.997744],[-123.639771,43.997766],[-123.639884,43.997789],[-123.639996,43.997813],[-123.639996,43.997813],[-123.639996,43.997813],[-123.640093,43.997837],[-123.64019,43.997862],[-123.64019,43.997862],[-123.64029,43.99789],[-123.640388,43.99792],[-123.640389,43.99792],[-123.640476,43.997948],[-123.640563,43.997978],[-123.640563,43.997978],[-123.640644,43.998008],[-123.640725,43.998039],[-123.640725,43.998039],[-123.640877,43.998103],[-123.640877,43.998103],[-123.640877,43.998103],[-123.641012,43.998164],[-123.641115,43.998215],[-123.641232,43.998277],[-123.641338,43.998337],[-123.641463,43.998414],[-123.641464,43.998414],[-123.641565,43.99848],[-123.641565,43.998481],[-123.641674,43.998557],[-123.641674,43.998558],[-123.641768,43.998629],[-123.641769,43.998629],[-123.64185,43.998695],[-123.641851,43.998695],[-123.641851,43.998695],[-123.641931,43.998763],[-123.641931,43.998763]]]}},{"type":"Feature","properties":{"MAPTAXLOT":"1808220000300","MAPNUMBER":"18082200","TAXLOT":"300","ACCTNO":"0760270","MAPACRES":392.20972535},"geometry":{"type":"MultiPolygon","coordinates":[[[[-123.632664,43.993787],[-123.63764,43.993764],[-123.642613,43.993741],[-123.642616,43.997317],[-123.647585,43.997346],[-123.652554,43.997375],[-123.652572,43.993693],[-123.652589,43.990011],[-123.652628,43.986326],[-123.652643,43.984957],[-123.652633,43.984963],[-123.652264,43.985201],[-123.652194,43.985249],[-123.652114,43.985301],[-123.652058,43.985336],[-123.651993,43.985377],[-123.651926,43.985417],[-123.651876,43.985447],[-123.650991,43.985918],[-123.650952,43.985939],[-123.650912,43.98596],[-123.650882,43.985977],[-123.650863,43.985987],[-123.650834,43.986002],[-123.650813,43.986012],[-123.650781,43.986027],[-123.650747,43.986042],[-123.650704,43.986061],[-123.650679,43.986072],[-123.650659,43.986081],[-123.649885,43.986418],[-123.649813,43.986454],[-123.649778,43.986474],[-123.64975,43.98649],[-123.6497,43.986521],[-123.64968,43.986534],[-123.649633,43.986564],[-123.649608,43.986582],[-123.649583,43.9866],[-123.649551,43.986624],[-123.649519,43.986651],[-123.649493,43.986676],[-123.648712,43.987466],[-123.648688,43.98749],[-123.648669,43.987508],[-123.648628,43.987548],[-123.648589,43.987584],[-123.648563,43.987606],[-123.648548,43.987619],[-123.648523,43.987639],[-123.64849,43.987665],[-123.648467,43.987681],[-123.64843,43.987706],[-123.648386,43.987733],[-123.648345,43.987756],[-123.64831,43.987773],[-123.648257,43.987795],[-123.647882,43.987945],[-123.647858,43.987954],[-123.647816,43.987971],[-123.647788,43.987982],[-123.647757,43.987994],[-123.647737,43.988001],[-123.647708,43.988012],[-123.647688,43.988019],[-123.647666,43.988027],[-123.647645,43.988034],[-123.647624,43.988041],[-123.647588,43.988052],[-123.645962,43.988605],[-123.64591,43.988622],[-123.645874,43.988633],[-123.645833,43.988646],[-123.645788,43.988659],[-123.645738,43.988672],[-123.645701,43.98868],[-123.64563,43.988692],[-123.645555,43.988702],[-123.645501,43.988706],[-123.645453,43.988709],[-123.645408,43.988711],[-123.645369,43.988712],[-123.644882,43.988721],[-123.64486,43.988721],[-123.644838,43.988721],[-123.644811,43.988721],[-123.644793,43.98872],[-123.644773,43.98872],[-123.644754,43.98872],[-123.644732,43.988719],[-123.644716,43.988718],[-123.644692,43.988717],[-123.644674,43.988717],[-123.644647,43.988716],[-123.644622,43.988714],[-123.644605,43.988714],[-123.644587,43.988713],[-123.644566,43.988711],[-123.644536,43.988709],[-123.644513,43.988708],[-123.644493,43.988706],[-123.644466,43.988705],[-123.644446,43.988703],[-123.644426,43.988702],[-123.644266,43.988693],[-123.644127,43.988684],[-123.644012,43.988677],[-123.643883,43.98867],[-123.643753,43.988659],[-123.643609,43.988646],[-123.643478,43.988637],[-123.643343,43.988619],[-123.64323,43.988605],[-123.643089,43.98858],[-123.642959,43.988557],[-123.642842,43.988536],[-123.642687,43.988508],[-123.642608,43.988494],[-123.64261,43.990099],[-123.637622,43.990142],[-123.632631,43.990186],[-123.632664,43.993787]]],[[[-123.642607,43.98645],[-123.642608,43.988123],[-123.642935,43.988165],[-123.643282,43.988237],[-123.643749,43.988286],[-123.644093,43.988289],[-123.644523,43.98829],[-123.645009,43.988208],[-123.645234,43.988078],[-123.645335,43.987946],[-123.645776,43.987829],[-123.646151,43.987757],[-123.646578,43.987702],[-123.647072,43.987614],[-123.647463,43.987523],[-123.647735,43.987472],[-123.647996,43.987359],[-123.648296,43.987177],[-123.648466,43.98698],[-123.648659,43.986721],[-123.648882,43.986553],[-123.64924,43.986333],[-123.649806,43.986047],[-123.65028,43.985748],[-123.650746,43.98545],[-123.651322,43.985118],[-123.651822,43.984813],[-123.652374,43.984513],[-123.65265,43.984317],[-123.652668,43.982641],[-123.647636,43.982743],[-123.642604,43.982845],[-123.642607,43.98645]]],[[[-123.643772,43.98855],[-123.643898,43.98856],[-123.644024,43.988568],[-123.64414,43.988575],[-123.644279,43.988583],[-123.644436,43.988593],[-123.644457,43.988594],[-123.644479,43.988595],[-123.644506,43.988597],[-123.644528,43.988598],[-123.644551,43.9886],[-123.644578,43.988602],[-123.644599,43.988603],[-123.644616,43.988604],[-123.644632,43.988605],[-123.644656,43.988606],[-123.644683,43.988607],[-123.6447,43.988608],[-123.644724,43.988609],[-123.644739,43.988609],[-123.644759,43.98861],[-123.644777,43.98861],[-123.644797,43.988611],[-123.644813,43.988611],[-123.644839,43.988611],[-123.644859,43.988611],[-123.644878,43.988611],[-123.645364,43.988602],[-123.645401,43.988601],[-123.645442,43.9886],[-123.645486,43.988597],[-123.645533,43.988593],[-123.645599,43.988585],[-123.645661,43.988574],[-123.64569,43.988568],[-123.645734,43.988556],[-123.645775,43.988544],[-123.645814,43.988532],[-123.645849,43.988521],[-123.645899,43.988505],[-123.647525,43.987952],[-123.647561,43.987941],[-123.647581,43.987934],[-123.647601,43.987927],[-123.647622,43.98792],[-123.64764,43.987914],[-123.647668,43.987904],[-123.647687,43.987897],[-123.647716,43.987886],[-123.647742,43.987875],[-123.647784,43.987858],[-123.647809,43.987849],[-123.648182,43.9877],[-123.648228,43.98768],[-123.648256,43.987666],[-123.648292,43.987647],[-123.648329,43.987624],[-123.648362,43.987602],[-123.648382,43.987588],[-123.648411,43.987565],[-123.648433,43.987548],[-123.648447,43.987536],[-123.64847,43.987515],[-123.648507,43.987481],[-123.648548,43.987442],[-123.648565,43.987425],[-123.648588,43.987402],[-123.649371,43.986611],[-123.6494,43.986583],[-123.649437,43.986551],[-123.649474,43.986523],[-123.649502,43.986503],[-123.64953,43.986484],[-123.649579,43.986452],[-123.649601,43.986438],[-123.649654,43.986405],[-123.649683,43.986388],[-123.649723,43.986366],[-123.649803,43.986326],[-123.65058,43.985987],[-123.650601,43.985978],[-123.650626,43.985967],[-123.650667,43.985949],[-123.6507,43.985934],[-123.650729,43.985921],[-123.650747,43.985912],[-123.650774,43.985898],[-123.65079,43.985889],[-123.65082,43.985873],[-123.650861,43.985851],[-123.6509,43.98583],[-123.651783,43.98536],[-123.651829,43.985333],[-123.651895,43.985293],[-123.651959,43.985254],[-123.652013,43.985219],[-123.652091,43.985168],[-123.652161,43.985121],[-123.652533,43.984881],[-123.652571,43.984858],[-123.652589,43.984846],[-123.652617,43.984827],[-123.652644,43.984809],[-123.652647,43.984593],[-123.65217,43.984864],[-123.651459,43.985255],[-123.650874,43.985569],[-123.650254,43.985884],[-123.649767,43.986199],[-123.649336,43.986509],[-123.64893,43.986787],[-123.648645,43.987098],[-123.648476,43.987326],[-123.648113,43.987609],[-123.647808,43.98771],[-123.647354,43.987909],[-123.646905,43.988027],[-123.646401,43.98809],[-123.645858,43.988229],[-123.645456,43.988271],[-123.645297,43.988356],[-123.645027,43.988462],[-123.644634,43.98851],[-123.644013,43.988465],[-123.64362,43.988451],[-123.643119,43.988414],[-123.642676,43.988327],[-123.642608,43.98831],[-123.642608,43.988381],[-123.642724,43.988401],[-123.642879,43.988429],[-123.642996,43.988451],[-123.643125,43.988474],[-123.643261,43.988497],[-123.64337,43.988511],[-123.643499,43.988528],[-123.643627,43.988537],[-123.643772,43.98855]]]]}},{"type":"Feature","properties":{"MAPTAXLOT":"1808220000400","MAPNUMBER":"18082200","TAXLOT":"400","ACCTNO":"0760288","MAPACRES":154.2087857},"geometry":{"type":"MultiPolygon","coordinates":[[[[-123.632602,43.986573],[-123.632631,43.990186],[-123.637622,43.990142],[-123.64261,43.990099],[-123.642608,43.988494],[-123.642543,43.988482],[-123.642368,43.98845],[-123.642215,43.988423],[-123.642091,43.988395],[-123.641963,43.988355],[-123.641817,43.988298],[-123.641678,43.98823],[-123.641513,43.988127],[-123.641389,43.988049],[-123.641291,43.987976],[-123.641212,43.987904],[-123.641157,43.987848],[-123.641114,43.987804],[-123.641057,43.987746],[-123.640997,43.987682],[-123.640929,43.987594],[-123.640872,43.987499],[-123.640814,43.987396],[-123.640734,43.987257],[-123.640698,43.987193],[-123.640653,43.987112],[-123.6406,43.987004],[-123.640562,43.986906],[-123.640527,43.986794],[-123.640493,43.986659],[-123.640459,43.986523],[-123.640427,43.986383],[-123.640403,43.986235],[-123.64039,43.986072],[-123.640395,43.985871],[-123.640417,43.985678],[-123.640443,43.985503],[-123.640465,43.985365],[-123.640483,43.985263],[-123.640508,43.985162],[-123.640534,43.985074],[-123.640589,43.984926],[-123.64064,43.984807],[-123.640693,43.984683],[-123.640735,43.984584],[-123.640786,43.984465],[-123.640839,43.984339],[-123.640906,43.984165],[-123.640962,43.983974],[-123.640994,43.983843],[-123.641021,43.983734],[-123.641055,43.983597],[-123.641087,43.983468],[-123.641106,43.983396],[-123.641119,43.983334],[-123.64113,43.983283],[-123.641151,43.983211],[-123.641185,43.983133],[-123.641229,43.983053],[-123.641278,43.982981],[-123.64134,43.982908],[-123.641387,43.982859],[-123.637588,43.982902],[-123.632572,43.98296],[-123.632602,43.986573]]],[[[-123.642167,43.983001],[-123.641807,43.983358],[-123.641661,43.983685],[-123.641551,43.98406],[-123.641365,43.98445],[-123.64122,43.984795],[-123.641006,43.985154],[-123.640991,43.985533],[-123.640987,43.985787],[-123.641049,43.986138],[-123.641062,43.986547],[-123.641121,43.986844],[-123.641222,43.987139],[-123.641381,43.987389],[-123.641617,43.987637],[-123.64195,43.987907],[-123.642171,43.988031],[-123.642502,43.988109],[-123.642608,43.988123],[-123.642607,43.98645],[-123.642604,43.982845],[-123.642338,43.982848],[-123.642167,43.983001]]],[[[-123.641584,43.98286],[-123.641508,43.982926],[-123.641467,43.982968],[-123.641411,43.983034],[-123.641368,43.983097],[-123.641328,43.983169],[-123.641299,43.983239],[-123.64128,43.983303],[-123.641269,43.98335],[-123.641255,43.983415],[-123.641237,43.983488],[-123.641205,43.983616],[-123.641171,43.983753],[-123.641144,43.983862],[-123.641111,43.983995],[-123.641054,43.984191],[-123.640985,43.98437],[-123.640931,43.984497],[-123.64088,43.984616],[-123.640838,43.984715],[-123.640785,43.98484],[-123.640735,43.984956],[-123.640682,43.9851],[-123.640657,43.985184],[-123.640633,43.98528],[-123.640616,43.985378],[-123.640594,43.985515],[-123.640569,43.985688],[-123.640546,43.985876],[-123.640542,43.98607],[-123.640554,43.986225],[-123.640577,43.986367],[-123.640609,43.986504],[-123.640643,43.986639],[-123.640676,43.986772],[-123.640709,43.986879],[-123.640745,43.986971],[-123.640795,43.987074],[-123.640838,43.987151],[-123.640875,43.987215],[-123.640954,43.987354],[-123.641012,43.987456],[-123.641066,43.987546],[-123.641127,43.987625],[-123.641182,43.987684],[-123.641238,43.987741],[-123.64128,43.987784],[-123.641333,43.987838],[-123.641406,43.987904],[-123.641494,43.987969],[-123.641612,43.988044],[-123.641771,43.988143],[-123.641896,43.988204],[-123.642029,43.988256],[-123.642144,43.988292],[-123.642256,43.988317],[-123.642405,43.988344],[-123.64258,43.988375],[-123.642608,43.988381],[-123.642608,43.98831],[-123.642388,43.988254],[-123.642037,43.988115],[-123.64172,43.987969],[-123.641415,43.987722],[-123.641247,43.987473],[-123.641009,43.987188],[-123.640857,43.986919],[-123.640822,43.986572],[-123.64081,43.986343],[-123.640813,43.98607],[-123.640778,43.98573],[-123.640718,43.985559],[-123.640758,43.985341],[-123.640837,43.985041],[-123.640983,43.984702],[-123.641099,43.984451],[-123.641236,43.984124],[-123.641325,43.983843],[-123.641421,43.983549],[-123.641612,43.983246],[-123.641882,43.982978],[-123.642061,43.982851],[-123.641588,43.982857],[-123.641584,43.98286]]]]}},{"type":"Feature","properties":{"MAPTAXLOT":"1808270000077","MAPNUMBER":"18082700","TAXLOT":"77","ACCTNO":"000None","MAPACRES":9.95324057},"geometry":{"type":"Polygon","coordinates":[[[-123.641387,43.982859],[-123.641588,43.982857],[-123.641665,43.982801],[-123.641707,43.982771],[-123.641822,43.982688],[-123.641928,43.982618],[-123.64201,43.982563],[-123.642124,43.982489],[-123.642236,43.98242],[-123.64233,43.982362],[-123.642464,43.982277],[-123.642588,43.982199],[-123.642705,43.98212],[-123.64281,43.982045],[-123.642961,43.981932],[-123.643059,43.981856],[-123.643188,43.981747],[-123.643265,43.98168],[-123.643335,43.981619],[-123.643404,43.98156],[-123.643481,43.981494],[-123.643635,43.981361],[-123.643825,43.981197],[-123.643999,43.981047],[-123.644114,43.980947],[-123.644234,43.980844],[-123.644367,43.98073],[-123.644499,43.980618],[-123.644586,43.98055],[-123.644717,43.980459],[-123.644834,43.980384],[-123.644974,43.980304],[-123.645086,43.980243],[-123.645175,43.980194],[-123.645298,43.980127],[-123.645489,43.980023],[-123.645669,43.979925],[-123.645826,43.979839],[-123.645938,43.979777],[-123.646051,43.979716],[-123.646192,43.979639],[-123.646376,43.979551],[-123.646529,43.979487],[-123.646691,43.979418],[-123.646876,43.979351],[-123.647036,43.979304],[-123.647166,43.979273],[-123.647403,43.97922],[-123.647655,43.979164],[-123.647926,43.979105],[-123.648164,43.979052],[-123.648426,43.978994],[-123.648785,43.978915],[-123.649036,43.97886],[-123.649315,43.978802],[-123.649497,43.978774],[-123.649651,43.978755],[-123.649799,43.978741],[-123.649967,43.978726],[-123.650166,43.978708],[-123.650272,43.978698],[-123.650399,43.978686],[-123.650564,43.978665],[-123.650672,43.978648],[-123.650803,43.978622],[-123.650931,43.978595],[-123.651047,43.978569],[-123.651132,43.978544],[-123.651203,43.978522],[-123.651297,43.978489],[-123.651376,43.978457],[-123.651492,43.978398],[-123.651577,43.978345],[-123.651664,43.978277],[-123.651718,43.978228],[-123.651786,43.978157],[-123.651843,43.978086],[-123.651924,43.97796],[-123.651994,43.977793],[-123.652032,43.977654],[-123.652069,43.97752],[-123.652093,43.977432],[-123.652126,43.977311],[-123.652163,43.977173],[-123.652191,43.977071],[-123.652208,43.977006],[-123.652264,43.976802],[-123.652307,43.976651],[-123.652345,43.976451],[-123.652352,43.976387],[-123.652358,43.976266],[-123.652353,43.976124],[-123.65235,43.976032],[-123.652345,43.975918],[-123.652341,43.975831],[-123.652336,43.975725],[-123.652332,43.975642],[-123.652325,43.975561],[-123.652306,43.975462],[-123.652271,43.975344],[-123.652253,43.975292],[-123.652231,43.975241],[-123.65221,43.975198],[-123.652191,43.975165],[-123.652159,43.975114],[-123.652104,43.975038],[-123.652048,43.974973],[-123.651961,43.974888],[-123.651837,43.974789],[-123.651654,43.974676],[-123.651515,43.974606],[-123.651336,43.974516],[-123.651098,43.974395],[-123.650861,43.974277],[-123.65074,43.974216],[-123.650544,43.974118],[-123.650387,43.974038],[-123.650123,43.973907],[-123.649935,43.973822],[-123.649713,43.97373],[-123.64951,43.973654],[-123.649304,43.973584],[-123.649069,43.973513],[-123.648904,43.973468],[-123.648645,43.973402],[-123.64846,43.973355],[-123.648275,43.973308],[-123.648126,43.973271],[-123.647957,43.973235],[-123.647684,43.973181],[-123.647507,43.97315],[-123.647269,43.97311],[-123.647204,43.973102],[-123.646991,43.973083],[-123.646902,43.97308],[-123.646636,43.973085],[-123.646499,43.973097],[-123.646349,43.97312],[-123.64622,43.973148],[-123.646101,43.973183],[-123.645935,43.973246],[-123.645813,43.973302],[-123.645734,43.973339],[-123.64557,43.973416],[-123.645412,43.973491],[-123.645267,43.973558],[-123.64507,43.973652],[-123.644895,43.973747],[-123.644786,43.973814],[-123.644661,43.973891],[-123.644555,43.973957],[-123.644386,43.974061],[-123.644216,43.974162],[-123.64409,43.97423],[-123.643955,43.974303],[-123.64375,43.974414],[-123.643642,43.97447],[-123.643448,43.974563],[-123.643254,43.974649],[-123.643129,43.9747],[-123.642985,43.974756],[-123.642797,43.974818],[-123.64264,43.974854],[-123.642459,43.974888],[-123.642266,43.974916],[-123.642108,43.974936],[-123.641941,43.97495],[-123.641737,43.974955],[-123.641604,43.974953],[-123.641468,43.974941],[-123.641345,43.974923],[-123.641225,43.974896],[-123.641106,43.974862],[-123.640979,43.974825],[-123.640837,43.974785],[-123.640683,43.97474],[-123.640479,43.974675],[-123.640361,43.974617],[-123.640251,43.974547],[-123.640154,43.974469],[-123.640053,43.974355],[-123.639949,43.974238],[-123.639843,43.974113],[-123.639744,43.973977],[-123.63969,43.973895],[-123.639624,43.973779],[-123.639549,43.973617],[-123.639502,43.97348],[-123.639465,43.973328],[-123.639437,43.973147],[-123.63941,43.972972],[-123.639388,43.972773],[-123.639371,43.97253],[-123.639357,43.972336],[-123.639342,43.972134],[-123.639324,43.971881],[-123.639306,43.971734],[-123.639265,43.971532],[-123.639188,43.971311],[-123.639091,43.971117],[-123.63901,43.970987],[-123.638888,43.970808],[-123.63879,43.970675],[-123.63863,43.970469],[-123.638466,43.9703],[-123.638322,43.970178],[-123.638226,43.970108],[-123.638131,43.970045],[-123.637949,43.969935],[-123.637689,43.969796],[-123.637439,43.969682],[-123.637154,43.969564],[-123.636807,43.969416],[-123.636516,43.969286],[-123.636246,43.969166],[-123.63593,43.969024],[-123.635673,43.96891],[-123.635288,43.968737],[-123.635053,43.968624],[-123.634848,43.968518],[-123.634601,43.968522],[-123.634719,43.968587],[-123.634967,43.968714],[-123.635205,43.968829],[-123.635593,43.969003],[-123.63585,43.969117],[-123.636166,43.969259],[-123.636436,43.96938],[-123.636729,43.96951],[-123.637078,43.969659],[-123.63736,43.969776],[-123.637603,43.969887],[-123.637855,43.970021],[-123.63803,43.970128],[-123.63812,43.970187],[-123.63821,43.970253],[-123.638346,43.970367],[-123.638501,43.970528],[-123.638657,43.970728],[-123.638753,43.970858],[-123.638872,43.971034],[-123.63895,43.971159],[-123.639042,43.971343],[-123.639116,43.971553],[-123.639155,43.971747],[-123.639173,43.971888],[-123.639191,43.97214],[-123.639205,43.972342],[-123.639219,43.972535],[-123.639236,43.97278],[-123.639259,43.972982],[-123.639286,43.973159],[-123.639314,43.973344],[-123.639354,43.973503],[-123.639403,43.973647],[-123.639481,43.973818],[-123.639551,43.973939],[-123.639608,43.974026],[-123.639711,43.974168],[-123.63982,43.974296],[-123.639926,43.974414],[-123.640033,43.974535],[-123.640144,43.974625],[-123.640268,43.974704],[-123.640405,43.974772],[-123.640624,43.974841],[-123.640781,43.974886],[-123.640923,43.974927],[-123.64105,43.974964],[-123.641174,43.975],[-123.641307,43.97503],[-123.641444,43.97505],[-123.641593,43.975062],[-123.641737,43.975065],[-123.641953,43.97506],[-123.64213,43.975045],[-123.642294,43.975024],[-123.642493,43.974995],[-123.642682,43.97496],[-123.642852,43.974921],[-123.643053,43.974854],[-123.643202,43.974796],[-123.643331,43.974743],[-123.64353,43.974656],[-123.643729,43.97456],[-123.64384,43.974502],[-123.644046,43.974391],[-123.644181,43.974318],[-123.64431,43.974248],[-123.644483,43.974145],[-123.644653,43.97404],[-123.64476,43.973974],[-123.644884,43.973897],[-123.64499,43.973833],[-123.645158,43.973741],[-123.64535,43.97365],[-123.645495,43.973583],[-123.645653,43.973508],[-123.645817,43.973431],[-123.645895,43.973395],[-123.646011,43.973341],[-123.646165,43.973283],[-123.646271,43.973252],[-123.646388,43.973226],[-123.646524,43.973205],[-123.646647,43.973194],[-123.646899,43.97319],[-123.646978,43.973193],[-123.647181,43.973211],[-123.647239,43.973218],[-123.647472,43.973257],[-123.647646,43.973288],[-123.647915,43.973341],[-123.64808,43.973376],[-123.648225,43.973411],[-123.648409,43.973458],[-123.648594,43.973505],[-123.648852,43.973571],[-123.649013,43.973615],[-123.649242,43.973684],[-123.649442,43.973752],[-123.64964,43.973827],[-123.649857,43.973917],[-123.650039,43.973999],[-123.6503,43.974129],[-123.650457,43.974208],[-123.650654,43.974306],[-123.650775,43.974367],[-123.651011,43.974485],[-123.65125,43.974606],[-123.651428,43.974696],[-123.651561,43.974763],[-123.651731,43.974868],[-123.651843,43.974958],[-123.651922,43.975035],[-123.651972,43.975092],[-123.652023,43.975162],[-123.652051,43.975208],[-123.652068,43.975237],[-123.652087,43.975275],[-123.652106,43.975321],[-123.652123,43.975369],[-123.652156,43.975481],[-123.652174,43.975572],[-123.65218,43.975647],[-123.652185,43.975729],[-123.652189,43.975834],[-123.652193,43.975922],[-123.652198,43.976035],[-123.652201,43.976127],[-123.652206,43.976265],[-123.6522,43.976381],[-123.652194,43.976439],[-123.652157,43.976632],[-123.652115,43.97678],[-123.652059,43.976985],[-123.652042,43.97705],[-123.652014,43.977152],[-123.651976,43.97729],[-123.651944,43.977411],[-123.65192,43.977498],[-123.651883,43.977633],[-123.651846,43.977766],[-123.651781,43.977921],[-123.651708,43.978035],[-123.651657,43.978097],[-123.651596,43.978162],[-123.651548,43.978206],[-123.651471,43.978266],[-123.651399,43.978311],[-123.651295,43.978364],[-123.651226,43.978392],[-123.651139,43.978422],[-123.651073,43.978443],[-123.650996,43.978465],[-123.650887,43.97849],[-123.650762,43.978517],[-123.650636,43.978541],[-123.650534,43.978558],[-123.650376,43.978578],[-123.650252,43.978589],[-123.650147,43.978599],[-123.649948,43.978617],[-123.649779,43.978632],[-123.649628,43.978646],[-123.649469,43.978666],[-123.649278,43.978695],[-123.648993,43.978755],[-123.648741,43.97881],[-123.648382,43.978889],[-123.64812,43.978947],[-123.647882,43.979],[-123.647611,43.979059],[-123.647359,43.979115],[-123.647119,43.979168],[-123.646983,43.979201],[-123.646813,43.979251],[-123.646618,43.979322],[-123.646452,43.979393],[-123.646296,43.979458],[-123.646104,43.97955],[-123.64596,43.979628],[-123.645847,43.97969],[-123.645734,43.979752],[-123.645577,43.979837],[-123.645397,43.979935],[-123.645207,43.980039],[-123.645083,43.980107],[-123.644994,43.980155],[-123.644881,43.980217],[-123.644736,43.9803],[-123.644614,43.980378],[-123.644478,43.980473],[-123.644385,43.980545],[-123.644251,43.980659],[-123.644118,43.980773],[-123.643998,43.980877],[-123.643882,43.980977],[-123.643709,43.981127],[-123.643518,43.981291],[-123.643365,43.981423],[-123.643287,43.981489],[-123.643218,43.981549],[-123.643148,43.98161],[-123.643072,43.981676],[-123.642945,43.981783],[-123.642851,43.981857],[-123.642703,43.981968],[-123.6426,43.98204],[-123.642485,43.982118],[-123.642364,43.982195],[-123.64223,43.982279],[-123.642136,43.982337],[-123.642024,43.982407],[-123.641907,43.982482],[-123.641825,43.982537],[-123.641717,43.982609],[-123.641599,43.982693],[-123.641557,43.982724],[-123.641471,43.982786],[-123.641387,43.982859]]]}},{"type":"Feature","properties":{"MAPTAXLOT":"1808270000100","MAPNUMBER":"18082700","TAXLOT":"100","ACCTNO":"0760387","MAPACRES":626.25729388},"geometry":{"type":"MultiPolygon","coordinates":[[[[-123.632616,43.975723],[-123.632594,43.979341],[-123.632572,43.98296],[-123.637588,43.982902],[-123.641387,43.982859],[-123.641471,43.982786],[-123.641557,43.982724],[-123.641599,43.982693],[-123.641717,43.982609],[-123.641825,43.982537],[-123.641907,43.982482],[-123.642024,43.982407],[-123.642136,43.982337],[-123.64223,43.982279],[-123.642364,43.982195],[-123.642485,43.982118],[-123.6426,43.98204],[-123.642703,43.981968],[-123.642851,43.981857],[-123.642945,43.981783],[-123.643072,43.981676],[-123.643148,43.98161],[-123.643218,43.981549],[-123.643287,43.981489],[-123.643365,43.981423],[-123.643518,43.981291],[-123.643709,43.981127],[-123.643882,43.980977],[-123.643998,43.980877],[-123.644118,43.980773],[-123.644251,43.980659],[-123.644385,43.980545],[-123.644478,43.980473],[-123.644614,43.980378],[-123.644736,43.9803],[-123.644881,43.980217],[-123.644994,43.980155],[-123.645083,43.980107],[-123.645207,43.980039],[-123.645397,43.979935],[-123.645577,43.979837],[-123.645734,43.979752],[-123.645847,43.97969],[-123.64596,43.979628],[-123.646104,43.97955],[-123.646296,43.979458],[-123.646452,43.979393],[-123.646618,43.979322],[-123.646813,43.979251],[-123.646983,43.979201],[-123.647119,43.979168],[-123.647359,43.979115],[-123.647611,43.979059],[-123.647882,43.979],[-123.64812,43.978947],[-123.648382,43.978889],[-123.648741,43.97881],[-123.648993,43.978755],[-123.649278,43.978695],[-123.649469,43.978666],[-123.649628,43.978646],[-123.649779,43.978632],[-123.649948,43.978617],[-123.650147,43.978599],[-123.650252,43.978589],[-123.650376,43.978578],[-123.650534,43.978558],[-123.650636,43.978541],[-123.650762,43.978517],[-123.650887,43.97849],[-123.650996,43.978465],[-123.651073,43.978443],[-123.651139,43.978422],[-123.651226,43.978392],[-123.651295,43.978364],[-123.651399,43.978311],[-123.651471,43.978266],[-123.651548,43.978206],[-123.651596,43.978162],[-123.651657,43.978097],[-123.651708,43.978035],[-123.651781,43.977921],[-123.651846,43.977766],[-123.651883,43.977633],[-123.65192,43.977498],[-123.651944,43.977411],[-123.651976,43.97729],[-123.652014,43.977152],[-123.652042,43.97705],[-123.652059,43.976985],[-123.652115,43.97678],[-123.652157,43.976632],[-123.652194,43.976439],[-123.6522,43.976381],[-123.652206,43.976265],[-123.652201,43.976127],[-123.652198,43.976035],[-123.652193,43.975922],[-123.652189,43.975834],[-123.652185,43.975729],[-123.65218,43.975647],[-123.652174,43.975572],[-123.652156,43.975481],[-123.652123,43.975369],[-123.652106,43.975321],[-123.652087,43.975275],[-123.652068,43.975237],[-123.652051,43.975208],[-123.652023,43.975162],[-123.651972,43.975092],[-123.651922,43.975035],[-123.651843,43.974958],[-123.651731,43.974868],[-123.651561,43.974763],[-123.651428,43.974696],[-123.65125,43.974606],[-123.651011,43.974485],[-123.650775,43.974367],[-123.650654,43.974306],[-123.650457,43.974208],[-123.6503,43.974129],[-123.650039,43.973999],[-123.649857,43.973917],[-123.64964,43.973827],[-123.649442,43.973752],[-123.649242,43.973684],[-123.649013,43.973615],[-123.648852,43.973571],[-123.648594,43.973505],[-123.648409,43.973458],[-123.648225,43.973411],[-123.64808,43.973376],[-123.647915,43.973341],[-123.647646,43.973288],[-123.647472,43.973257],[-123.647239,43.973218],[-123.647181,43.973211],[-123.646978,43.973193],[-123.646899,43.97319],[-123.646647,43.973194],[-123.646524,43.973205],[-123.646388,43.973226],[-123.646271,43.973252],[-123.646165,43.973283],[-123.646011,43.973341],[-123.645895,43.973395],[-123.645817,43.973431],[-123.645653,43.973508],[-123.645495,43.973583],[-123.64535,43.97365],[-123.645158,43.973741],[-123.64499,43.973833],[-123.644884,43.973897],[-123.64476,43.973974],[-123.644653,43.97404],[-123.644483,43.974145],[-123.64431,43.974248],[-123.644181,43.974318],[-123.644046,43.974391],[-123.64384,43.974502],[-123.643729,43.97456],[-123.64353,43.974656],[-123.643331,43.974743],[-123.643202,43.974796],[-123.643053,43.974854],[-123.642852,43.974921],[-123.642682,43.97496],[-123.642493,43.974995],[-123.642294,43.975024],[-123.64213,43.975045],[-123.641953,43.97506],[-123.641737,43.975065],[-123.641593,43.975062],[-123.641444,43.97505],[-123.641307,43.97503],[-123.641174,43.975],[-123.64105,43.974964],[-123.640923,43.974927],[-123.640781,43.974886],[-123.640624,43.974841],[-123.640405,43.974772],[-123.640268,43.974704],[-123.640144,43.974625],[-123.640033,43.974535],[-123.639926,43.974414],[-123.63982,43.974296],[-123.639711,43.974168],[-123.639608,43.974026],[-123.639551,43.973939],[-123.639481,43.973818],[-123.639403,43.973647],[-123.639354,43.973503],[-123.639314,43.973344],[-123.639286,43.973159],[-123.639259,43.972982],[-123.639236,43.97278],[-123.639219,43.972535],[-123.639205,43.972342],[-123.639191,43.97214],[-123.639173,43.971888],[-123.639155,43.971747],[-123.639116,43.971553],[-123.639042,43.971343],[-123.63895,43.971159],[-123.638872,43.971034],[-123.638753,43.970858],[-123.638657,43.970728],[-123.638501,43.970528],[-123.638346,43.970367],[-123.63821,43.970253],[-123.63812,43.970187],[-123.63803,43.970128],[-123.637855,43.970021],[-123.637603,43.969887],[-123.63736,43.969776],[-123.637078,43.969659],[-123.636729,43.96951],[-123.636436,43.96938],[-123.636166,43.969259],[-123.63585,43.969117],[-123.635593,43.969003],[-123.635205,43.968829],[-123.634967,43.968714],[-123.634719,43.968587],[-123.634601,43.968522],[-123.632713,43.968549],[-123.632665,43.972136],[-123.632616,43.975723]]],[[[-123.646902,43.97308],[-123.646991,43.973083],[-123.647204,43.973102],[-123.647269,43.97311],[-123.647507,43.97315],[-123.647684,43.973181],[-123.647957,43.973235],[-123.648126,43.973271],[-123.648275,43.973308],[-123.64846,43.973355],[-123.648645,43.973402],[-123.648904,43.973468],[-123.649069,43.973513],[-123.649304,43.973584],[-123.64951,43.973654],[-123.649713,43.97373],[-123.649935,43.973822],[-123.650123,43.973907],[-123.650387,43.974038],[-123.650544,43.974118],[-123.65074,43.974216],[-123.650861,43.974277],[-123.651098,43.974395],[-123.651336,43.974516],[-123.651515,43.974606],[-123.651654,43.974676],[-123.651837,43.974789],[-123.651961,43.974888],[-123.652048,43.974973],[-123.652104,43.975038],[-123.652159,43.975114],[-123.652191,43.975165],[-123.65221,43.975198],[-123.652231,43.975241],[-123.652253,43.975292],[-123.652271,43.975344],[-123.652306,43.975462],[-123.652325,43.975561],[-123.652332,43.975642],[-123.652336,43.975725],[-123.652341,43.975831],[-123.652345,43.975918],[-123.65235,43.976032],[-123.652353,43.976124],[-123.652358,43.976266],[-123.652352,43.976387],[-123.652345,43.976451],[-123.652307,43.976651],[-123.652264,43.976802],[-123.652208,43.977006],[-123.652191,43.977071],[-123.652163,43.977173],[-123.652126,43.977311],[-123.652093,43.977432],[-123.652069,43.97752],[-123.652032,43.977654],[-123.651994,43.977793],[-123.651924,43.97796],[-123.651843,43.978086],[-123.651786,43.978157],[-123.651718,43.978228],[-123.651664,43.978277],[-123.651577,43.978345],[-123.651492,43.978398],[-123.651376,43.978457],[-123.651297,43.978489],[-123.651203,43.978522],[-123.651132,43.978544],[-123.651047,43.978569],[-123.650931,43.978595],[-123.650803,43.978622],[-123.650672,43.978648],[-123.650564,43.978665],[-123.650399,43.978686],[-123.650272,43.978698],[-123.650166,43.978708],[-123.649967,43.978726],[-123.649799,43.978741],[-123.649651,43.978755],[-123.649497,43.978774],[-123.649315,43.978802],[-123.649036,43.97886],[-123.648785,43.978915],[-123.648426,43.978994],[-123.648164,43.979052],[-123.647926,43.979105],[-123.647655,43.979164],[-123.647403,43.97922],[-123.647166,43.979273],[-123.647036,43.979304],[-123.646876,43.979351],[-123.646691,43.979418],[-123.646529,43.979487],[-123.646376,43.979551],[-123.646192,43.979639],[-123.646051,43.979716],[-123.645938,43.979777],[-123.645826,43.979839],[-123.645669,43.979925],[-123.645489,43.980023],[-123.645298,43.980127],[-123.645175,43.980194],[-123.645086,43.980243],[-123.644974,43.980304],[-123.644834,43.980384],[-123.644717,43.980459],[-123.644586,43.98055],[-123.644499,43.980618],[-123.644367,43.98073],[-123.644234,43.980844],[-123.644114,43.980947],[-123.643999,43.981047],[-123.643825,43.981197],[-123.643635,43.981361],[-123.643481,43.981494],[-123.643404,43.98156],[-123.643335,43.981619],[-123.643265,43.98168],[-123.643188,43.981747],[-123.643059,43.981856],[-123.642961,43.981932],[-123.64281,43.982045],[-123.642705,43.98212],[-123.642588,43.982199],[-123.642464,43.982277],[-123.64233,43.982362],[-123.642236,43.98242],[-123.642124,43.982489],[-123.64201,43.982563],[-123.641928,43.982618],[-123.641822,43.982688],[-123.641707,43.982771],[-123.641665,43.982801],[-123.641588,43.982857],[-123.642061,43.982851],[-123.642338,43.982848],[-123.642604,43.982845],[-123.647636,43.982743],[-123.652668,43.982641],[-123.65267,43.979242],[-123.652671,43.979015],[-123.652671,43.978966],[-123.652674,43.975291],[-123.652672,43.973967],[-123.652671,43.973655],[-123.652668,43.971789],[-123.652663,43.968287],[-123.647675,43.968346],[-123.642688,43.968404],[-123.6377,43.968477],[-123.635678,43.968506],[-123.635243,43.968512],[-123.634848,43.968518],[-123.635053,43.968624],[-123.635288,43.968737],[-123.635673,43.96891],[-123.63593,43.969024],[-123.636246,43.969166],[-123.636516,43.969286],[-123.636807,43.969416],[-123.637154,43.969564],[-123.637439,43.969682],[-123.637689,43.969796],[-123.637949,43.969935],[-123.638131,43.970045],[-123.638226,43.970108],[-123.638322,43.970178],[-123.638466,43.9703],[-123.63863,43.970469],[-123.63879,43.970675],[-123.638888,43.970808],[-123.63901,43.970987],[-123.639091,43.971117],[-123.639188,43.971311],[-123.639265,43.971532],[-123.639306,43.971734],[-123.639324,43.971881],[-123.639342,43.972134],[-123.639357,43.972336],[-123.639371,43.97253],[-123.639388,43.972773],[-123.63941,43.972972],[-123.639437,43.973147],[-123.639465,43.973328],[-123.639502,43.97348],[-123.639549,43.973617],[-123.639624,43.973779],[-123.63969,43.973895],[-123.639744,43.973977],[-123.639843,43.974113],[-123.639949,43.974238],[-123.640053,43.974355],[-123.640154,43.974469],[-123.640251,43.974547],[-123.640361,43.974617],[-123.640479,43.974675],[-123.640683,43.97474],[-123.640837,43.974785],[-123.640979,43.974825],[-123.641106,43.974862],[-123.641225,43.974896],[-123.641345,43.974923],[-123.641468,43.974941],[-123.641604,43.974953],[-123.641737,43.974955],[-123.641941,43.97495],[-123.642108,43.974936],[-123.642266,43.974916],[-123.642459,43.974888],[-123.64264,43.974854],[-123.642797,43.974818],[-123.642985,43.974756],[-123.643129,43.9747],[-123.643254,43.974649],[-123.643448,43.974563],[-123.643642,43.97447],[-123.64375,43.974414],[-123.643955,43.974303],[-123.64409,43.97423],[-123.644216,43.974162],[-123.644386,43.974061],[-123.644555,43.973957],[-123.644661,43.973891],[-123.644786,43.973814],[-123.644895,43.973747],[-123.64507,43.973652],[-123.645267,43.973558],[-123.645412,43.973491],[-123.64557,43.973416],[-123.645734,43.973339],[-123.645813,43.973302],[-123.645935,43.973246],[-123.646101,43.973183],[-123.64622,43.973148],[-123.646349,43.97312],[-123.646499,43.973097],[-123.646636,43.973085],[-123.646902,43.97308]]]]}},{"type":"Feature","properties":{"MAPTAXLOT":"1808280000100","MAPNUMBER":"18082800","TAXLOT":"100","ACCTNO":"0758761","MAPACRES":153.13322788},"geometry":{"type":"Polygon","coordinates":[[[-123.652668,43.971789],[-123.652671,43.973655],[-123.652672,43.973967],[-123.652674,43.975291],[-123.652919,43.975301],[-123.65319,43.975312],[-123.657606,43.975491],[-123.662548,43.975691],[-123.66255,43.972165],[-123.662552,43.968627],[-123.657607,43.968457],[-123.652663,43.968287],[-123.652668,43.971789]]]}},{"type":"Feature","properties":{"MAPTAXLOT":"1808280000200","MAPNUMBER":"18082800","TAXLOT":"200","ACCTNO":"0758779","MAPACRES":116.92210398},"geometry":{"type":"Polygon","coordinates":[[[-123.66121,43.982911],[-123.661678,43.982926],[-123.662543,43.982953],[-123.662545,43.979304],[-123.662548,43.975691],[-123.657606,43.975491],[-123.65319,43.975312],[-123.652919,43.975301],[-123.652674,43.975291],[-123.652671,43.978966],[-123.652671,43.979015],[-123.65267,43.979242],[-123.652668,43.982641],[-123.654663,43.982704],[-123.654942,43.982713],[-123.655073,43.982717],[-123.655123,43.982718],[-123.655873,43.981897],[-123.655998,43.981763],[-123.656128,43.981631],[-123.65626,43.9815],[-123.656757,43.981023],[-123.656432,43.980846],[-123.656894,43.980211],[-123.658102,43.979137],[-123.659332,43.978973],[-123.660283,43.979295],[-123.661436,43.979847],[-123.661945,43.980336],[-123.662065,43.980697],[-123.662141,43.981238],[-123.662088,43.981824],[-123.66145,43.982705],[-123.66121,43.982911]]]}},{"type":"Feature","properties":{"MAPTAXLOT":"1808280000201","MAPNUMBER":"18082800","TAXLOT":"201","ACCTNO":"1914071","MAPACRES":5.01893432},"geometry":{"type":"Polygon","coordinates":[[[-123.657789,43.982803],[-123.660006,43.982873],[-123.660011,43.982873],[-123.660259,43.982535],[-123.660316,43.982451],[-123.660367,43.982364],[-123.660411,43.982276],[-123.660447,43.982186],[-123.660477,43.982095],[-123.6605,43.982003],[-123.660516,43.98191],[-123.660524,43.981816],[-123.660525,43.981723],[-123.660518,43.981629],[-123.658227,43.982061],[-123.657789,43.982803]]]}},{"type":"Feature","properties":{"MAPTAXLOT":"1808280000202","MAPNUMBER":"18082800","TAXLOT":"202","ACCTNO":"1914074","MAPACRES":5.02078664},"geometry":{"type":"Polygon","coordinates":[[[-123.659319,43.980212],[-123.658227,43.982061],[-123.660518,43.981629],[-123.660506,43.981541],[-123.660486,43.981453],[-123.660461,43.981365],[-123.660428,43.981279],[-123.660254,43.98086],[-123.660223,43.980793],[-123.660185,43.980729],[-123.660141,43.980667],[-123.66009,43.980607],[-123.660034,43.98055],[-123.659972,43.980497],[-123.659905,43.980447],[-123.659832,43.9804],[-123.659755,43.980358],[-123.659675,43.980319],[-123.65959,43.980285],[-123.659502,43.980256],[-123.659411,43.980232],[-123.659319,43.980212]]]}},{"type":"Feature","properties":{"MAPTAXLOT":"1808280000203","MAPNUMBER":"18082800","TAXLOT":"203","ACCTNO":"1914077","MAPACRES":10.76038838},"geometry":{"type":"Polygon","coordinates":[[[-123.655389,43.982727],[-123.657605,43.982797],[-123.657789,43.982803],[-123.658227,43.982061],[-123.659319,43.980212],[-123.65923,43.980198],[-123.659141,43.980189],[-123.659051,43.980184],[-123.658961,43.980183],[-123.658871,43.980187],[-123.658781,43.980195],[-123.658693,43.980208],[-123.658606,43.980225],[-123.658521,43.980247],[-123.658438,43.980272],[-123.65832,43.980312],[-123.658174,43.980364],[-123.658031,43.980421],[-123.657891,43.980483],[-123.657756,43.980549],[-123.657625,43.980619],[-123.657498,43.980693],[-123.657376,43.980772],[-123.657259,43.980854],[-123.657147,43.98094],[-123.657041,43.981029],[-123.65694,43.981122],[-123.656443,43.981599],[-123.656313,43.981727],[-123.656186,43.981857],[-123.656064,43.981988],[-123.655389,43.982727]]]}},{"type":"Feature","properties":{"MAPTAXLOT":"1808280000204","MAPNUMBER":"18082800","TAXLOT":"204","ACCTNO":"1914080","MAPACRES":8.39810166},"geometry":{"type":"Polygon","coordinates":[[[-123.660264,43.982881],[-123.661124,43.982908],[-123.66121,43.982911],[-123.66145,43.982705],[-123.662088,43.981824],[-123.662141,43.981238],[-123.662065,43.980697],[-123.661945,43.980336],[-123.661436,43.979847],[-123.660242,43.980476],[-123.6603,43.980538],[-123.660353,43.980603],[-123.660399,43.980671],[-123.660439,43.980741],[-123.660473,43.980812],[-123.660647,43.981232],[-123.660681,43.981324],[-123.660709,43.981416],[-123.66073,43.98151],[-123.660745,43.981604],[-123.660752,43.981699],[-123.660753,43.981793],[-123.660747,43.981888],[-123.660734,43.981982],[-123.660715,43.982076],[-123.660689,43.982169],[-123.660656,43.982261],[-123.660616,43.982351],[-123.660571,43.98244],[-123.660519,43.982527],[-123.66046,43.982612],[-123.660264,43.982881]]]}},{"type":"Feature","properties":{"MAPTAXLOT":"1808280000205","MAPNUMBER":"18082800","TAXLOT":"205","ACCTNO":"1914083","MAPACRES":9.11189609},"geometry":{"type":"Polygon","coordinates":[[[-123.660283,43.979295],[-123.659332,43.978973],[-123.658102,43.979137],[-123.656894,43.980211],[-123.656432,43.980846],[-123.656757,43.981023],[-123.656855,43.980932],[-123.656958,43.980845],[-123.657066,43.980761],[-123.657179,43.98068],[-123.657296,43.980602],[-123.657417,43.980528],[-123.657542,43.980457],[-123.657672,43.980391],[-123.657805,43.980328],[-123.657941,43.980269],[-123.658081,43.980214],[-123.658223,43.980163],[-123.658341,43.980123],[-123.658439,43.980093],[-123.658539,43.980068],[-123.658642,43.980048],[-123.658746,43.980033],[-123.658852,43.980023],[-123.658958,43.980018],[-123.659064,43.980019],[-123.65917,43.980025],[-123.659275,43.980037],[-123.659379,43.980053],[-123.659481,43.980075],[-123.659581,43.980101],[-123.659678,43.980133],[-123.659771,43.980169],[-123.659861,43.98021],[-123.659947,43.980255],[-123.660028,43.980305],[-123.660105,43.980358],[-123.660176,43.980415],[-123.660242,43.980476],[-123.661436,43.979847],[-123.660283,43.979295]]]}},{"type":"Feature","properties":{"MAPTAXLOT":"1808280000300","MAPNUMBER":"18082800","TAXLOT":"300","ACCTNO":"0758795","MAPACRES":155.76093621},"geometry":{"type":"Polygon","coordinates":[[[-123.662543,43.982953],[-123.667507,43.983073],[-123.6675,43.979473],[-123.667493,43.975891],[-123.667487,43.972353],[-123.66748,43.968808],[-123.662552,43.968627],[-123.66255,43.972165],[-123.662548,43.975691],[-123.662545,43.979304],[-123.662543,43.982953]]]}},{"type":"Feature","properties":{"MAPTAXLOT":"1808280000400","MAPNUMBER":"18082800","TAXLOT":"400","ACCTNO":"0758803","MAPACRES":155.09021482},"geometry":{"type":"Polygon","coordinates":[[[-123.667507,43.983073],[-123.672471,43.983194],[-123.672455,43.979643],[-123.67244,43.976091],[-123.672424,43.97254],[-123.672408,43.968989],[-123.66748,43.968808],[-123.667487,43.972353],[-123.667493,43.975891],[-123.6675,43.979473],[-123.667507,43.983073]]]}},{"type":"Feature","properties":{"MAPTAXLOT":"1808340000100","MAPNUMBER":"18083400","TAXLOT":"100","ACCTNO":"0760395","MAPACRES":610.88316037},"geometry":{"type":"MultiPolygon","coordinates":[[[[-123.63303,43.961554],[-123.632979,43.96164],[-123.632754,43.962014],[-123.632572,43.962317],[-123.632572,43.962325],[-123.632595,43.963308],[-123.632607,43.96386],[-123.632634,43.965052],[-123.632672,43.966727],[-123.632676,43.966931],[-123.632684,43.967252],[-123.632813,43.96735],[-123.632956,43.96745],[-123.633055,43.967513],[-123.63332,43.967665],[-123.633604,43.967824],[-123.633853,43.967964],[-123.634102,43.968103],[-123.634361,43.968249],[-123.634623,43.968396],[-123.634809,43.968498],[-123.634848,43.968518],[-123.635243,43.968512],[-123.635678,43.968506],[-123.6377,43.968477],[-123.642688,43.968404],[-123.647675,43.968346],[-123.652663,43.968287],[-123.652654,43.964911],[-123.652646,43.961534],[-123.652598,43.958061],[-123.65255,43.954588],[-123.652121,43.954589],[-123.64956,43.9546],[-123.648912,43.954593],[-123.64751,43.954581],[-123.644948,43.954584],[-123.644947,43.954584],[-123.644434,43.954584],[-123.644434,43.954584],[-123.643863,43.954585],[-123.642898,43.954577],[-123.642723,43.954576],[-123.64256,43.954575],[-123.64256,43.954575],[-123.642434,43.954574],[-123.642281,43.954574],[-123.639409,43.95457],[-123.638817,43.954568],[-123.637441,43.954564],[-123.633818,43.954553],[-123.632427,43.954549],[-123.632491,43.958052],[-123.632555,43.961555],[-123.632566,43.962051],[-123.632567,43.962051],[-123.632864,43.961554],[-123.63303,43.961554]]],[[[-123.632713,43.968549],[-123.634601,43.968522],[-123.634531,43.968483],[-123.634268,43.968336],[-123.634009,43.96819],[-123.63376,43.968051],[-123.633511,43.967911],[-123.633226,43.967752],[-123.632957,43.967597],[-123.632853,43.967531],[-123.632705,43.967427],[-123.632687,43.967414],[-123.632713,43.968549]]]]}}]}