{"type":"FeatureCollection","features":[{"type":"Feature","properties":{"MAPTAXLOT":"1705000000500","MAPNUMBER":"17050000","TAXLOT":"500","ACCTNO":"1854270","MAPACRES":1066.93921489},"geometry":{"type":"MultiPolygon","coordinates":[[[[-123.543757,44.036293],[-123.543906,44.03634],[-123.544058,44.036383],[-123.544212,44.03642],[-123.544368,44.036454],[-123.544526,44.036482],[-123.544685,44.036505],[-123.544752,44.036514],[-123.544918,44.036531],[-123.545086,44.036542],[-123.545254,44.036548],[-123.545422,44.036549],[-123.54559,44.036545],[-123.545758,44.036535],[-123.545925,44.03652],[-123.546091,44.0365],[-123.546256,44.036474],[-123.546471,44.036428],[-123.546683,44.036377],[-123.546894,44.036323],[-123.547103,44.036264],[-123.54731,44.036201],[-123.548861,44.035693],[-123.553938,44.034031],[-123.55708,44.033003],[-123.557436,44.032902],[-123.557794,44.032806],[-123.558154,44.032714],[-123.558517,44.032627],[-123.558882,44.032545],[-123.559258,44.032465],[-123.559636,44.03239],[-123.560016,44.032321],[-123.560339,44.032266],[-123.560664,44.032214],[-123.56099,44.032166],[-123.561314,44.032122],[-123.561639,44.032081],[-123.561965,44.032044],[-123.562306,44.03201],[-123.562803,44.031966],[-123.563827,44.031876],[-123.565886,44.031697],[-123.567141,44.031588],[-123.571482,44.031211],[-123.572049,44.031161],[-123.572596,44.031114],[-123.572689,44.031106],[-123.573506,44.031035],[-123.573904,44.030994],[-123.574302,44.030949],[-123.574594,44.030911],[-123.574884,44.030867],[-123.575172,44.030817],[-123.575459,44.030763],[-123.575744,44.030703],[-123.576026,44.030638],[-123.576385,44.030545],[-123.576741,44.030447],[-123.576784,44.030435],[-123.57706,44.030358],[-123.577768,44.03016],[-123.577991,44.030098],[-123.578103,44.030067],[-123.578292,44.030016],[-123.578577,44.029951],[-123.578865,44.029891],[-123.579154,44.029835],[-123.579444,44.029783],[-123.579736,44.029735],[-123.58003,44.029692],[-123.580324,44.029654],[-123.58062,44.02962],[-123.580684,44.029613],[-123.58098,44.029584],[-123.581276,44.02956],[-123.581573,44.02954],[-123.58187,44.029525],[-123.582168,44.029514],[-123.582173,44.029596],[-123.582183,44.029788],[-123.582457,44.029782],[-123.582731,44.02978],[-123.583004,44.029782],[-123.583295,44.029788],[-123.583585,44.029799],[-123.583875,44.029814],[-123.584164,44.029833],[-123.584453,44.029857],[-123.584741,44.029884],[-123.58504,44.029913],[-123.585307,44.02994],[-123.5858,44.029939],[-123.586561,44.029937],[-123.587703,44.029933],[-123.588602,44.029996],[-123.589927,44.030165],[-123.591625,44.030302],[-123.592611,44.030315],[-123.593843,44.030331],[-123.595287,44.030263],[-123.598312,44.030029],[-123.598706,44.029996],[-123.599442,44.02994],[-123.60041,44.029878],[-123.601822,44.029767],[-123.603017,44.029574],[-123.603776,44.029379],[-123.604711,44.029054],[-123.605619,44.028592],[-123.606324,44.028135],[-123.606904,44.027593],[-123.607337,44.027089],[-123.607649,44.026726],[-123.60791,44.026288],[-123.608073,44.025926],[-123.608271,44.025438],[-123.608344,44.024896],[-123.608342,44.024268],[-123.608306,44.023765],[-123.608213,44.02334],[-123.608122,44.022948],[-123.607899,44.022158],[-123.607834,44.02167],[-123.607894,44.02126],[-123.608009,44.020943],[-123.608358,44.02044],[-123.608746,44.019918],[-123.609544,44.019101],[-123.610006,44.018453],[-123.610111,44.017978],[-123.610127,44.017855],[-123.610134,44.017733],[-123.610135,44.01761],[-123.610128,44.017487],[-123.610113,44.017365],[-123.610092,44.017243],[-123.610063,44.017122],[-123.610026,44.017002],[-123.609983,44.016884],[-123.609932,44.016766],[-123.609875,44.016651],[-123.60981,44.016537],[-123.609739,44.016426],[-123.609661,44.016317],[-123.609577,44.01621],[-123.609571,44.016203],[-123.609472,44.016096],[-123.60937,44.01599],[-123.609265,44.015886],[-123.609236,44.015858],[-123.609174,44.0158],[-123.609088,44.01572],[-123.608953,44.015602],[-123.60887,44.015532],[-123.608786,44.015462],[-123.606953,44.01395],[-123.60583,44.013024],[-123.605664,44.012886],[-123.605502,44.012745],[-123.605332,44.012591],[-123.605238,44.012498],[-123.605148,44.012403],[-123.605062,44.012306],[-123.605062,44.012306],[-123.605062,44.012306],[-123.605059,44.012303],[-123.605034,44.012273],[-123.605021,44.012257],[-123.605958,44.012248],[-123.605784,44.012147],[-123.605613,44.012043],[-123.605446,44.011937],[-123.605282,44.011827],[-123.605256,44.011807],[-123.605236,44.011792],[-123.605233,44.011789],[-123.605233,44.011789],[-123.605213,44.011774],[-123.605191,44.011755],[-123.605169,44.011737],[-123.605073,44.011654],[-123.604982,44.011568],[-123.604896,44.01148],[-123.604814,44.011389],[-123.604737,44.011297],[-123.604665,44.011202],[-123.604598,44.011106],[-123.60457,44.011061],[-123.604556,44.011039],[-123.604542,44.011017],[-123.604425,44.010878],[-123.604251,44.010649],[-123.604167,44.010396],[-123.604175,44.010155],[-123.604243,44.009858],[-123.604249,44.009826],[-123.604254,44.009802],[-123.604255,44.009797],[-123.60426,44.009773],[-123.604266,44.009745],[-123.604272,44.009717],[-123.604305,44.00959],[-123.604344,44.009464],[-123.604389,44.009338],[-123.60444,44.009214],[-123.604497,44.009091],[-123.604559,44.00897],[-123.604627,44.00885],[-123.604701,44.008732],[-123.604781,44.008616],[-123.604799,44.008591],[-123.604817,44.008566],[-123.604836,44.008541],[-123.604838,44.008538],[-123.604838,44.008537],[-123.604855,44.008516],[-123.604874,44.008491],[-123.604875,44.00849],[-123.604875,44.008489],[-123.604971,44.008372],[-123.60507,44.008257],[-123.60507,44.008256],[-123.605071,44.008255],[-123.605072,44.008255],[-123.60514,44.008176],[-123.605146,44.00817],[-123.605171,44.008142],[-123.606786,44.006225],[-123.607554,44.005415],[-123.608168,44.004763],[-123.608771,44.003878],[-123.609195,44.003078],[-123.609888,44.001204],[-123.61037,43.999953],[-123.61072,43.999286],[-123.611105,43.998713],[-123.611647,43.998034],[-123.612165,43.997487],[-123.61254,43.997168],[-123.612679,43.99705],[-123.613477,43.99644],[-123.614931,43.99559],[-123.616093,43.994968],[-123.616714,43.994659],[-123.617567,43.994314],[-123.618275,43.99412],[-123.618697,43.994058],[-123.619616,43.994026],[-123.620673,43.994121],[-123.62154,43.994266],[-123.622274,43.994446],[-123.622617,43.994522],[-123.624679,43.99498],[-123.624681,43.994981],[-123.624684,43.994981],[-123.624773,43.995],[-123.624906,43.995027],[-123.625182,43.99508],[-123.625463,43.995131],[-123.625746,43.995178],[-123.625988,43.995213],[-123.626232,43.995244],[-123.626476,43.995271],[-123.626721,43.995294],[-123.626967,43.995313],[-123.627214,43.995328],[-123.627432,43.995338],[-123.62765,43.995347],[-123.628017,43.995358],[-123.628614,43.995374],[-123.628835,43.995386],[-123.629055,43.995404],[-123.629275,43.995427],[-123.629279,43.995427],[-123.629284,43.995428],[-123.629284,43.995428],[-123.629423,43.995449],[-123.629561,43.995475],[-123.629697,43.995506],[-123.62983,43.995542],[-123.629962,43.995583],[-123.63009,43.995628],[-123.630215,43.995677],[-123.630336,43.995731],[-123.630454,43.995789],[-123.630567,43.995851],[-123.630677,43.995917],[-123.630781,43.995987],[-123.630881,43.99606],[-123.630976,43.996137],[-123.631065,43.996217],[-123.631147,43.996298],[-123.631223,43.996382],[-123.631294,43.996468],[-123.631359,43.996556],[-123.631418,43.996647],[-123.631471,43.996739],[-123.631518,43.996834],[-123.631626,43.997396],[-123.631838,43.998495],[-123.631869,43.998637],[-123.631907,43.998778],[-123.631951,43.998919],[-123.631992,43.999019],[-123.63204,43.999117],[-123.632095,43.999213],[-123.632156,43.999308],[-123.632224,43.9994],[-123.632298,43.999489],[-123.632378,43.999576],[-123.632464,43.99966],[-123.632555,43.99974],[-123.632652,43.999818],[-123.632758,43.999893],[-123.632868,43.999965],[-123.632984,44.000033],[-123.633104,44.000096],[-123.633228,44.000155],[-123.633356,44.000209],[-123.633488,44.000259],[-123.633624,44.000303],[-123.633762,44.000342],[-123.633903,44.000377],[-123.634046,44.000406],[-123.634191,44.000429],[-123.634337,44.000448],[-123.634485,44.000461],[-123.634633,44.000468],[-123.634782,44.00047],[-123.63493,44.000466],[-123.635078,44.000457],[-123.635226,44.000443],[-123.635372,44.000423],[-123.635516,44.000398],[-123.635659,44.000368],[-123.635852,44.000316],[-123.636042,44.000259],[-123.63623,44.000199],[-123.636415,44.000133],[-123.636416,44.000133],[-123.637046,43.999905],[-123.63722,43.999845],[-123.637397,43.999789],[-123.637576,43.999737],[-123.637758,43.99969],[-123.637855,43.999669],[-123.637952,43.999652],[-123.637916,43.999377],[-123.637774,43.999401],[-123.637634,43.99943],[-123.637441,43.999481],[-123.63725,43.999536],[-123.637062,43.999596],[-123.636876,43.99966],[-123.636242,43.999889],[-123.636068,43.99995],[-123.635892,44.000007],[-123.635713,44.00006],[-123.635532,44.000109],[-123.635497,44.000117],[-123.635368,44.000142],[-123.635236,44.000163],[-123.635104,44.000179],[-123.63497,44.000189],[-123.634836,44.000195],[-123.634702,44.000195],[-123.634568,44.00019],[-123.634434,44.00018],[-123.634301,44.000165],[-123.63417,44.000145],[-123.63404,44.00012],[-123.633912,44.00009],[-123.633787,44.000055],[-123.633665,44.000015],[-123.633545,43.999971],[-123.633429,43.999922],[-123.633317,43.999869],[-123.633208,43.999812],[-123.633104,43.99975],[-123.633005,43.999685],[-123.632911,43.999616],[-123.632822,43.999543],[-123.632738,43.999467],[-123.63266,43.999388],[-123.632645,43.999372],[-123.63263,43.999355],[-123.632628,43.999353],[-123.632625,43.999349],[-123.632616,43.999339],[-123.632601,43.999322],[-123.6326,43.999321],[-123.632599,43.99932],[-123.632594,43.999313],[-123.63256,43.999271],[-123.632553,43.999263],[-123.632525,43.999226],[-123.632516,43.999212],[-123.63249,43.999176],[-123.63244,43.999098],[-123.632417,43.999059],[-123.63241,43.999046],[-123.632387,43.999004],[-123.632383,43.998995],[-123.632362,43.998952],[-123.632359,43.998945],[-123.632351,43.998929],[-123.632343,43.99891],[-123.632343,43.99891],[-123.632341,43.998904],[-123.63232,43.998854],[-123.632279,43.998723],[-123.632244,43.998591],[-123.632214,43.998459],[-123.632006,43.997394],[-123.631879,43.996747],[-123.631827,43.996643],[-123.631768,43.99654],[-123.631703,43.99644],[-123.631632,43.996342],[-123.631554,43.996246],[-123.63147,43.996153],[-123.63138,43.996063],[-123.631285,43.995976],[-123.631184,43.995893],[-123.631078,43.995813],[-123.630966,43.995736],[-123.63085,43.995664],[-123.63073,43.995595],[-123.630605,43.995531],[-123.630476,43.99547],[-123.630343,43.995414],[-123.630207,43.995363],[-123.630068,43.995316],[-123.629926,43.995274],[-123.629781,43.995237],[-123.629634,43.995205],[-123.629485,43.995178],[-123.629335,43.995156],[-123.629159,43.995137],[-123.628983,43.995121],[-123.628807,43.995109],[-123.62863,43.9951],[-123.62803,43.995083],[-123.627648,43.995072],[-123.627239,43.995055],[-123.627002,43.99504],[-123.626766,43.995022],[-123.62653,43.994999],[-123.626295,43.994973],[-123.626061,43.994944],[-123.625828,43.99491],[-123.625567,43.994867],[-123.625307,43.99482],[-123.625048,43.994771],[-123.62479,43.994718],[-123.624266,43.994601],[-123.622615,43.994234],[-123.622243,43.994152],[-123.621487,43.993984],[-123.621265,43.993935],[-123.621042,43.993889],[-123.620817,43.993847],[-123.620592,43.993808],[-123.620436,43.993787],[-123.62028,43.993769],[-123.620124,43.993754],[-123.620025,43.993747],[-123.619925,43.993741],[-123.619925,43.993741],[-123.619908,43.99374],[-123.61989,43.993739],[-123.619849,43.993738],[-123.619849,43.993738],[-123.619831,43.993737],[-123.61983,43.993737],[-123.619812,43.993736],[-123.619694,43.993733],[-123.619687,43.993733],[-123.619683,43.993733],[-123.619677,43.993733],[-123.619667,43.993733],[-123.619663,43.993733],[-123.619661,43.993733],[-123.61966,43.993733],[-123.619657,43.993733],[-123.619653,43.993733],[-123.619652,43.993733],[-123.619633,43.993732],[-123.61963,43.993732],[-123.619628,43.993732],[-123.619623,43.993732],[-123.619614,43.993732],[-123.619613,43.993732],[-123.619612,43.993732],[-123.619602,43.993732],[-123.619596,43.993732],[-123.619593,43.993732],[-123.619586,43.993732],[-123.619578,43.993732],[-123.619539,43.993732],[-123.619532,43.993732],[-123.619505,43.993732],[-123.619492,43.993732],[-123.619465,43.993733],[-123.619464,43.993733],[-123.619461,43.993733],[-123.619458,43.993733],[-123.619455,43.993733],[-123.619452,43.993733],[-123.619451,43.993733],[-123.619424,43.993733],[-123.619419,43.993734],[-123.61939,43.993734],[-123.619384,43.993734],[-123.619383,43.993734],[-123.619344,43.993736],[-123.619342,43.993736],[-123.619315,43.993737],[-123.619295,43.993737],[-123.619269,43.993738],[-123.619265,43.993739],[-123.619264,43.993739],[-123.61926,43.993739],[-123.619233,43.99374],[-123.619227,43.99374],[-123.619222,43.993741],[-123.619211,43.993741],[-123.619203,43.993742],[-123.619194,43.993742],[-123.619188,43.993742],[-123.619149,43.993745],[-123.619134,43.993746],[-123.619126,43.993746],[-123.619118,43.993747],[-123.61911,43.993747],[-123.619071,43.99375],[-123.619032,43.993753],[-123.618993,43.993756],[-123.618955,43.993759],[-123.618935,43.993761],[-123.618916,43.993763],[-123.618896,43.993764],[-123.618877,43.993766],[-123.618838,43.99377],[-123.6188,43.993775],[-123.61878,43.993777],[-123.618761,43.993779],[-123.618742,43.993781],[-123.618723,43.993784],[-123.618684,43.993788],[-123.618646,43.993794],[-123.618636,43.993795],[-123.618627,43.993796],[-123.618622,43.993797],[-123.618607,43.993799],[-123.618588,43.993801],[-123.618569,43.993804],[-123.61855,43.993807],[-123.618531,43.99381],[-123.618512,43.993813],[-123.618509,43.993813],[-123.618502,43.993814],[-123.618493,43.993816],[-123.618492,43.993816],[-123.618457,43.993822],[-123.618455,43.993822],[-123.618422,43.993827],[-123.618416,43.993828],[-123.618397,43.993832],[-123.618378,43.993835],[-123.61836,43.993838],[-123.618341,43.993842],[-123.618303,43.993849],[-123.618265,43.993856],[-123.618227,43.993863],[-123.61819,43.993871],[-123.618152,43.993879],[-123.618115,43.993887],[-123.618077,43.993895],[-123.61804,43.993904],[-123.617904,43.993936],[-123.61777,43.993972],[-123.617637,43.99401],[-123.617483,43.994059],[-123.617332,43.994111],[-123.617183,43.994166],[-123.617037,43.994225],[-123.61684,43.994314],[-123.616646,43.994405],[-123.616454,43.994499],[-123.616265,43.994596],[-123.616264,43.994597],[-123.616262,43.994598],[-123.615534,43.994986],[-123.614489,43.995544],[-123.614218,43.99569],[-123.613949,43.995838],[-123.613848,43.995895],[-123.613637,43.99602],[-123.61343,43.996148],[-123.613228,43.99628],[-123.61303,43.996416],[-123.612837,43.996555],[-123.612649,43.996697],[-123.612538,43.996784],[-123.612349,43.996939],[-123.612166,43.997097],[-123.611988,43.997259],[-123.611816,43.997424],[-123.611651,43.997592],[-123.611491,43.997763],[-123.611337,43.997937],[-123.61119,43.998113],[-123.611049,43.998293],[-123.610914,43.998475],[-123.610786,43.998659],[-123.610665,43.998846],[-123.61055,43.999035],[-123.610442,43.999226],[-123.610341,43.999419],[-123.610247,43.999614],[-123.61016,43.999811],[-123.610049,44.000089],[-123.609943,44.00037],[-123.609943,44.00037],[-123.609943,44.00037],[-123.60994,44.000378],[-123.609939,44.000382],[-123.609937,44.000387],[-123.609629,44.001236],[-123.609323,44.00208],[-123.609221,44.002356],[-123.609112,44.002631],[-123.609068,44.002734],[-123.609062,44.002747],[-123.609045,44.002786],[-123.609027,44.002825],[-123.60901,44.002863],[-123.608994,44.002896],[-123.608987,44.002911],[-123.608979,44.002929],[-123.608931,44.003026],[-123.60889,44.003106],[-123.608877,44.003131],[-123.608833,44.003213],[-123.608817,44.003243],[-123.608817,44.003243],[-123.608816,44.003245],[-123.608774,44.00332],[-123.608756,44.003352],[-123.608756,44.003352],[-123.608715,44.003423],[-123.608615,44.003586],[-123.608511,44.003748],[-123.608464,44.003817],[-123.608442,44.003849],[-123.608391,44.003922],[-123.608374,44.003946],[-123.608373,44.003947],[-123.608373,44.003948],[-123.608315,44.004027],[-123.608299,44.004048],[-123.60824,44.004127],[-123.608236,44.004132],[-123.608224,44.004148],[-123.608213,44.004163],[-123.608185,44.004198],[-123.608157,44.004233],[-123.608153,44.004239],[-123.608072,44.004339],[-123.607865,44.004583],[-123.607652,44.004824],[-123.607586,44.004899],[-123.607541,44.00495],[-123.605523,44.007238],[-123.604973,44.00786],[-123.604825,44.008023],[-123.604682,44.008188],[-123.604544,44.008355],[-123.604451,44.008479],[-123.604363,44.008606],[-123.604283,44.008734],[-123.604208,44.008865],[-123.60414,44.008997],[-123.604078,44.009131],[-123.604022,44.009266],[-123.603995,44.009342],[-123.603969,44.009418],[-123.603793,44.009422],[-123.603376,44.009547],[-123.603104,44.009597],[-123.603078,44.009657],[-123.602984,44.009739],[-123.602871,44.009826],[-123.602751,44.009943],[-123.602709,44.010056],[-123.602645,44.010104],[-123.60257,44.01016],[-123.602453,44.010284],[-123.602418,44.010459],[-123.602544,44.01065],[-123.602708,44.010724],[-123.603045,44.010752],[-123.603321,44.010729],[-123.603573,44.010685],[-123.603837,44.010678],[-123.603855,44.010816],[-123.603881,44.010954],[-123.603787,44.010964],[-123.603793,44.010994],[-123.6038,44.011023],[-123.6038,44.011027],[-123.603806,44.011053],[-123.603814,44.011082],[-123.603814,44.011085],[-123.603819,44.011102],[-123.603829,44.011141],[-123.603836,44.011166],[-123.603845,44.011199],[-123.603854,44.011228],[-123.603863,44.011258],[-123.603872,44.011287],[-123.603881,44.011316],[-123.603901,44.011374],[-123.603922,44.011431],[-123.603945,44.011489],[-123.604005,44.011632],[-123.604073,44.011773],[-123.604102,44.011829],[-123.604132,44.011884],[-123.604163,44.011939],[-123.604179,44.011967],[-123.604195,44.011994],[-123.604212,44.012022],[-123.604228,44.012049],[-123.604246,44.012076],[-123.604263,44.012103],[-123.604263,44.012103],[-123.604287,44.012139],[-123.604297,44.012154],[-123.604299,44.012157],[-123.604317,44.012184],[-123.604328,44.0122],[-123.604333,44.012207],[-123.604335,44.012211],[-123.604354,44.012237],[-123.604373,44.012264],[-123.604464,44.012385],[-123.60456,44.012503],[-123.604662,44.012619],[-123.604769,44.012733],[-123.604881,44.012844],[-123.605051,44.012998],[-123.605225,44.013149],[-123.605404,44.013297],[-123.60836,44.015736],[-123.608517,44.015866],[-123.608669,44.016002],[-123.608817,44.016141],[-123.608958,44.016283],[-123.609093,44.016428],[-123.609109,44.016447],[-123.609125,44.016467],[-123.609127,44.01647],[-123.60914,44.016487],[-123.609166,44.016521],[-123.609178,44.016536],[-123.609193,44.016557],[-123.609211,44.016583],[-123.609214,44.016588],[-123.609241,44.016628],[-123.609242,44.016629],[-123.609269,44.01667],[-123.609328,44.016771],[-123.609381,44.016873],[-123.609427,44.016977],[-123.609467,44.017082],[-123.6095,44.017189],[-123.609527,44.017296],[-123.609546,44.017404],[-123.609559,44.017513],[-123.609565,44.017622],[-123.609564,44.017732],[-123.609557,44.017841],[-123.609542,44.017949],[-123.609521,44.018057],[-123.609493,44.018165],[-123.609493,44.018165],[-123.609486,44.018187],[-123.609457,44.018276],[-123.60944,44.01832],[-123.609422,44.018364],[-123.609404,44.018407],[-123.609394,44.018429],[-123.609384,44.01845],[-123.609373,44.018472],[-123.609363,44.018493],[-123.609363,44.018493],[-123.609362,44.018493],[-123.609351,44.018515],[-123.609348,44.018522],[-123.60934,44.018536],[-123.60934,44.018536],[-123.60934,44.018536],[-123.609329,44.018557],[-123.609321,44.01857],[-123.609318,44.018576],[-123.609317,44.018579],[-123.609305,44.018599],[-123.609292,44.018621],[-123.609185,44.018777],[-123.609071,44.01893],[-123.60895,44.019081],[-123.608824,44.01923],[-123.608691,44.019375],[-123.608573,44.019511],[-123.608312,44.019811],[-123.608197,44.019942],[-123.608086,44.020076],[-123.60798,44.020211],[-123.607879,44.020349],[-123.607783,44.020488],[-123.607692,44.020629],[-123.607631,44.020742],[-123.607631,44.020743],[-123.607619,44.020767],[-123.607608,44.02079],[-123.607598,44.020813],[-123.607587,44.020837],[-123.607544,44.02094],[-123.607507,44.021045],[-123.607475,44.021151],[-123.607449,44.021257],[-123.607429,44.021365],[-123.607425,44.021389],[-123.607422,44.021414],[-123.607418,44.021438],[-123.607415,44.021463],[-123.607413,44.021487],[-123.60741,44.021512],[-123.60741,44.021512],[-123.607408,44.021536],[-123.607407,44.021561],[-123.607406,44.021573],[-123.607405,44.021585],[-123.607405,44.021597],[-123.607404,44.021609],[-123.607402,44.021659],[-123.607411,44.021814],[-123.607425,44.02197],[-123.607444,44.022125],[-123.607468,44.022279],[-123.607498,44.022433],[-123.607533,44.022587],[-123.607678,44.023227],[-123.607693,44.023294],[-123.607737,44.023495],[-123.607775,44.023697],[-123.607809,44.023899],[-123.607838,44.024101],[-123.607849,44.02426],[-123.607853,44.024418],[-123.607851,44.024577],[-123.607841,44.024736],[-123.607824,44.024894],[-123.6078,44.025052],[-123.60777,44.025209],[-123.607732,44.025365],[-123.607688,44.025521],[-123.607637,44.025675],[-123.60758,44.025828],[-123.607515,44.02598],[-123.607444,44.02613],[-123.607367,44.026279],[-123.607283,44.026425],[-123.607192,44.02657],[-123.607096,44.026713],[-123.606993,44.026853],[-123.606884,44.026991],[-123.606769,44.027126],[-123.606888,44.027118],[-123.606765,44.027257],[-123.606635,44.027393],[-123.606499,44.027526],[-123.606358,44.027655],[-123.60621,44.027781],[-123.606058,44.027904],[-123.605899,44.028023],[-123.605736,44.028138],[-123.605567,44.028249],[-123.605394,44.028356],[-123.605215,44.02846],[-123.605033,44.028559],[-123.604846,44.028653],[-123.604654,44.028744],[-123.604459,44.028829],[-123.60426,44.028911],[-123.604058,44.028987],[-123.603852,44.029059],[-123.603643,44.029126],[-123.603431,44.029188],[-123.603217,44.029245],[-123.603,44.029297],[-123.602781,44.029344],[-123.60256,44.029385],[-123.602413,44.02941],[-123.602266,44.029432],[-123.601961,44.029468],[-123.601655,44.029499],[-123.601348,44.029526],[-123.601041,44.029549],[-123.600111,44.029617],[-123.597621,44.0298],[-123.595552,44.029952],[-123.595345,44.029969],[-123.595137,44.029985],[-123.594777,44.030009],[-123.594417,44.030028],[-123.594056,44.030043],[-123.593695,44.030054],[-123.593334,44.030061],[-123.592973,44.030063],[-123.592611,44.03006],[-123.592229,44.030053],[-123.591846,44.030041],[-123.591465,44.030024],[-123.591083,44.030002],[-123.590702,44.029976],[-123.590322,44.029944],[-123.589943,44.029908],[-123.58906,44.029808],[-123.587411,44.029622],[-123.58744,44.029487],[-123.585446,44.029262],[-123.584877,44.029206],[-123.584575,44.029176],[-123.584272,44.029152],[-123.583968,44.029131],[-123.583664,44.029115],[-123.583359,44.029104],[-123.583056,44.029097],[-123.582752,44.029095],[-123.582449,44.029097],[-123.582145,44.029103],[-123.582153,44.02924],[-123.581841,44.029251],[-123.58153,44.029268],[-123.58122,44.029288],[-123.58091,44.029314],[-123.580601,44.029344],[-123.580292,44.029379],[-123.579985,44.029419],[-123.57968,44.029464],[-123.579375,44.029513],[-123.579072,44.029566],[-123.578771,44.029625],[-123.578471,44.029688],[-123.578174,44.029755],[-123.578125,44.029769],[-123.577631,44.029904],[-123.577631,44.029904],[-123.57763,44.029904],[-123.577084,44.030057],[-123.576645,44.030179],[-123.576277,44.030281],[-123.575907,44.030378],[-123.575633,44.030441],[-123.575358,44.030499],[-123.57508,44.030551],[-123.574801,44.030599],[-123.57452,44.030641],[-123.574238,44.030679],[-123.573847,44.030723],[-123.573455,44.030763],[-123.572645,44.030833],[-123.567142,44.031313],[-123.565887,44.031422],[-123.563817,44.031602],[-123.562256,44.031738],[-123.561875,44.031777],[-123.561496,44.031821],[-123.561117,44.031869],[-123.56074,44.031922],[-123.560364,44.03198],[-123.559989,44.032043],[-123.559616,44.032111],[-123.559245,44.032183],[-123.558875,44.03226],[-123.558548,44.032332],[-123.558222,44.032408],[-123.557898,44.032488],[-123.557576,44.032571],[-123.557256,44.032658],[-123.556938,44.032748],[-123.553933,44.033732],[-123.548857,44.035393],[-123.547151,44.035952],[-123.546955,44.036011],[-123.546757,44.036067],[-123.546557,44.036119],[-123.546355,44.036167],[-123.546152,44.036211],[-123.546,44.036234],[-123.545847,44.036252],[-123.545693,44.036265],[-123.545539,44.036273],[-123.545384,44.036276],[-123.545231,44.036274],[-123.545077,44.036267],[-123.544924,44.036255],[-123.544773,44.036238],[-123.544622,44.036217],[-123.544473,44.03619],[-123.544325,44.036159],[-123.544178,44.036123],[-123.544033,44.036081],[-123.543891,44.036035],[-123.543752,44.035985],[-123.543616,44.03593],[-123.543484,44.035871],[-123.543356,44.035808],[-123.543232,44.03574],[-123.543112,44.035668],[-123.542997,44.035593],[-123.542831,44.035463],[-123.542669,44.03533],[-123.542514,44.035194],[-123.542364,44.035054],[-123.54222,44.034911],[-123.539988,44.032766],[-123.539823,44.032627],[-123.539654,44.03249],[-123.539482,44.032356],[-123.539306,44.032224],[-123.539126,44.032095],[-123.53899,44.03201],[-123.538851,44.031929],[-123.538708,44.031852],[-123.538561,44.031777],[-123.538445,44.031721],[-123.538196,44.031619],[-123.537943,44.031521],[-123.537688,44.031428],[-123.537429,44.031338],[-123.537319,44.031301],[-123.535518,44.030672],[-123.535178,44.030555],[-123.534835,44.030441],[-123.53449,44.030332],[-123.534143,44.030227],[-123.533792,44.030126],[-123.53344,44.03003],[-123.53324,44.029977],[-123.533039,44.029926],[-123.528238,44.028706],[-123.524069,44.027646],[-123.524069,44.027646],[-123.524069,44.027646],[-123.524068,44.027645],[-123.524068,44.027645],[-123.523866,44.027595],[-123.523663,44.027549],[-123.523458,44.027506],[-123.523252,44.027467],[-123.523044,44.027432],[-123.522836,44.0274],[-123.522733,44.027389],[-123.522629,44.027381],[-123.522392,44.027372],[-123.522155,44.027368],[-123.521919,44.027369],[-123.521912,44.027369],[-123.521812,44.027371],[-123.521581,44.027379],[-123.521351,44.027391],[-123.517908,44.027552],[-123.517906,44.027415],[-123.517365,44.027441],[-123.517046,44.027457],[-123.516728,44.027477],[-123.51641,44.027501],[-123.516092,44.027528],[-123.515859,44.027558],[-123.515627,44.027592],[-123.515396,44.027631],[-123.515159,44.027681],[-123.514922,44.027734],[-123.515978,44.027759],[-123.516726,44.027931],[-123.517364,44.027938],[-123.517913,44.027965],[-123.517911,44.027827],[-123.521382,44.027664],[-123.521626,44.027652],[-123.521871,44.027644],[-123.522116,44.027642],[-123.52236,44.027646],[-123.522605,44.027654],[-123.522762,44.027669],[-123.522974,44.027701],[-123.523185,44.027738],[-123.523394,44.027778],[-123.523602,44.027822],[-123.523808,44.02787],[-123.524441,44.027979],[-123.526229,44.028428],[-123.527447,44.028762],[-123.528242,44.028964],[-123.532246,44.029983],[-123.533199,44.03022],[-123.533446,44.03029],[-123.534484,44.030585],[-123.535439,44.030871],[-123.536828,44.031374],[-123.537858,44.031726],[-123.538428,44.031964],[-123.53888,44.032172],[-123.539391,44.03251],[-123.539649,44.032747],[-123.53991,44.033026],[-123.540001,44.033235],[-123.5405,44.033715],[-123.541912,44.035072],[-123.542037,44.035196],[-123.542166,44.035318],[-123.542299,44.035438],[-123.542436,44.035556],[-123.542577,44.03567],[-123.542722,44.035783],[-123.54281,44.035841],[-123.542899,44.035898],[-123.542951,44.035928],[-123.542952,44.035929],[-123.542978,44.035944],[-123.543031,44.035974],[-123.543032,44.035975],[-123.543059,44.03599],[-123.543069,44.035995],[-123.54307,44.035996],[-123.543072,44.035997],[-123.543072,44.035997],[-123.543074,44.035998],[-123.543074,44.035998],[-123.543077,44.035999],[-123.543077,44.036],[-123.543079,44.036001],[-123.543086,44.036004],[-123.543089,44.036006],[-123.543097,44.03601],[-123.5431,44.036012],[-123.543108,44.036016],[-123.543113,44.036019],[-123.543127,44.036026],[-123.54314,44.036033],[-123.543167,44.036047],[-123.543197,44.036062],[-123.543211,44.036068],[-123.543218,44.036072],[-123.543225,44.036075],[-123.543253,44.036089],[-123.54326,44.036092],[-123.543264,44.036094],[-123.543264,44.036094],[-123.543264,44.036094],[-123.543267,44.036096],[-123.543267,44.036096],[-123.543274,44.036099],[-123.543281,44.036103],[-123.54331,44.036116],[-123.543324,44.036122],[-123.543339,44.036129],[-123.543346,44.036132],[-123.543353,44.036135],[-123.543355,44.036136],[-123.543358,44.036138],[-123.54336,44.036139],[-123.543365,44.036141],[-123.543367,44.036142],[-123.543368,44.036142],[-123.543397,44.036155],[-123.543455,44.03618],[-123.543485,44.036192],[-123.543544,44.036215],[-123.543574,44.036227],[-123.543665,44.036261],[-123.543757,44.036293]]],[[[-124.050112,43.935039],[-124.050211,43.935017],[-124.050236,43.935012],[-124.05029,43.935003],[-124.0503,43.935001],[-124.050349,43.934995],[-124.050387,43.934992],[-124.050426,43.934989],[-124.050479,43.934989],[-124.050507,43.93499],[-124.050552,43.934993],[-124.050583,43.934997],[-124.050594,43.934999],[-124.048862,43.932761],[-124.048747,43.932612],[-124.048628,43.932464],[-124.048506,43.932319],[-124.048381,43.932174],[-124.048252,43.932032],[-124.04812,43.93189],[-124.047984,43.931751],[-124.047937,43.931704],[-124.047875,43.931648],[-124.047813,43.931594],[-124.047749,43.93154],[-124.047684,43.931487],[-124.047617,43.931434],[-124.04755,43.931383],[-124.047481,43.931332],[-124.047411,43.931283],[-124.047339,43.931234],[-124.047267,43.931186],[-124.047193,43.931139],[-124.047118,43.931093],[-124.047043,43.931048],[-124.046966,43.931004],[-124.046888,43.930961],[-124.046809,43.930918],[-124.046729,43.930877],[-124.046648,43.930837],[-124.046566,43.930798],[-124.046483,43.93076],[-124.046424,43.930734],[-124.046217,43.930652],[-124.046008,43.930573],[-124.045798,43.930497],[-124.045585,43.930423],[-124.045371,43.930352],[-124.045221,43.930304],[-124.045221,43.929675],[-124.043575,43.929664],[-124.040452,43.928734],[-124.040451,43.928882],[-124.037875,43.928115],[-124.037487,43.927999],[-124.037131,43.927896],[-124.036774,43.927798],[-124.036414,43.927703],[-124.036052,43.927614],[-124.035809,43.927557],[-124.032456,43.92681],[-124.032371,43.92679],[-124.032262,43.926763],[-124.032154,43.926735],[-124.032046,43.926706],[-124.03194,43.926675],[-124.031834,43.926643],[-124.031789,43.926631],[-124.031742,43.926617],[-124.031695,43.926602],[-124.031649,43.926587],[-124.031603,43.926571],[-124.031557,43.926555],[-124.031512,43.926538],[-124.031467,43.926521],[-124.031422,43.926503],[-124.031378,43.926485],[-124.031335,43.926466],[-124.031292,43.926446],[-124.031249,43.926426],[-124.031207,43.926405],[-124.031165,43.926384],[-124.031124,43.926362],[-124.031084,43.92634],[-124.031044,43.926317],[-124.031004,43.926294],[-124.030965,43.92627],[-124.030927,43.926246],[-124.030889,43.926221],[-124.030852,43.926196],[-124.030816,43.926171],[-124.03078,43.926144],[-124.030745,43.926118],[-124.03071,43.926091],[-124.030676,43.926063],[-124.030643,43.926036],[-124.03061,43.926007],[-124.030578,43.925979],[-124.030551,43.925953],[-124.030547,43.92595],[-124.030516,43.92592],[-124.030487,43.92589],[-124.030458,43.92586],[-124.030429,43.92583],[-124.030402,43.925799],[-124.030375,43.925767],[-124.030349,43.925736],[-124.030323,43.925704],[-124.030299,43.925672],[-124.030275,43.925639],[-124.030252,43.925606],[-124.03023,43.925573],[-124.030209,43.92554],[-124.030188,43.925506],[-124.030168,43.925472],[-124.030149,43.925438],[-124.030131,43.925404],[-124.030114,43.925369],[-124.030098,43.925334],[-124.030082,43.925299],[-124.030067,43.925264],[-124.030053,43.925228],[-124.03004,43.925193],[-124.030028,43.925157],[-124.030017,43.925121],[-124.030006,43.925085],[-124.029997,43.925049],[-124.029996,43.925044],[-124.029988,43.925013],[-124.02998,43.924976],[-124.029973,43.92494],[-124.029967,43.924903],[-124.029962,43.924867],[-124.029958,43.92483],[-124.029955,43.924793],[-124.029952,43.924757],[-124.02995,43.92472],[-124.02995,43.924683],[-124.02995,43.924646],[-124.029951,43.92461],[-124.029953,43.924573],[-124.029956,43.924536],[-124.029959,43.924499],[-124.029964,43.924463],[-124.029969,43.924426],[-124.029976,43.92439],[-124.029983,43.924353],[-124.029991,43.924317],[-124.03,43.924281],[-124.03001,43.924245],[-124.030021,43.924209],[-124.030032,43.924173],[-124.030045,43.924137],[-124.030058,43.924102],[-124.030072,43.924066],[-124.030087,43.924031],[-124.030103,43.923996],[-124.03012,43.923961],[-124.030138,43.923927],[-124.030156,43.923893],[-124.030175,43.923858],[-124.030195,43.923825],[-124.030216,43.923791],[-124.030238,43.923758],[-124.03026,43.923725],[-124.030283,43.923692],[-124.030308,43.92366],[-124.030332,43.923627],[-124.030358,43.923596],[-124.030384,43.923564],[-124.030411,43.923533],[-124.030439,43.923502],[-124.030468,43.923472],[-124.030497,43.923442],[-124.030527,43.923412],[-124.030558,43.923383],[-124.030589,43.923354],[-124.030622,43.923325],[-124.030654,43.923297],[-124.030688,43.923269],[-124.030745,43.92322],[-124.03082,43.923156],[-124.030896,43.923094],[-124.030973,43.923033],[-124.031052,43.922973],[-124.031133,43.922913],[-124.031138,43.922909],[-124.03278,43.921696],[-124.032879,43.921625],[-124.032977,43.921554],[-124.033074,43.921481],[-124.033168,43.921407],[-124.033185,43.921393],[-124.033229,43.921357],[-124.033271,43.92132],[-124.033313,43.921282],[-124.033354,43.921244],[-124.033394,43.921206],[-124.033433,43.921167],[-124.033471,43.921127],[-124.033508,43.921087],[-124.033544,43.921047],[-124.033579,43.921006],[-124.033613,43.920965],[-124.033646,43.920923],[-124.033678,43.920881],[-124.033709,43.920838],[-124.033739,43.920795],[-124.033768,43.920752],[-124.033796,43.920708],[-124.033823,43.920664],[-124.033849,43.92062],[-124.033874,43.920575],[-124.033897,43.92053],[-124.03392,43.920485],[-124.033941,43.920439],[-124.033962,43.920393],[-124.033981,43.920347],[-124.033999,43.920301],[-124.034016,43.920255],[-124.034032,43.920208],[-124.034046,43.920161],[-124.03406,43.920114],[-124.03406,43.920114],[-124.03406,43.920113],[-124.034085,43.920014],[-124.034107,43.919914],[-124.034126,43.919815],[-124.034143,43.919715],[-124.034146,43.919696],[-124.034317,43.918666],[-124.034449,43.917867],[-124.034457,43.917815],[-124.034494,43.917606],[-124.034535,43.917398],[-124.034582,43.91719],[-124.034633,43.916982],[-124.034656,43.916905],[-124.034685,43.916818],[-124.034715,43.916732],[-124.034747,43.916646],[-124.034781,43.91656],[-124.034818,43.916475],[-124.034856,43.916391],[-124.034897,43.916307],[-124.034939,43.916223],[-124.034984,43.91614],[-124.03503,43.916057],[-124.035079,43.915976],[-124.035129,43.915894],[-124.035182,43.915814],[-124.035236,43.915734],[-124.035293,43.915655],[-124.035351,43.915576],[-124.035387,43.915531],[-124.035535,43.91535],[-124.035688,43.91517],[-124.035844,43.914993],[-124.035845,43.914993],[-124.036006,43.914817],[-124.039249,43.911378],[-124.04058,43.909967],[-124.042033,43.908426],[-124.042126,43.908327],[-124.042245,43.908205],[-124.042367,43.908085],[-124.042491,43.907966],[-124.042516,43.907944],[-124.042574,43.907893],[-124.042634,43.907842],[-124.042694,43.907793],[-124.042756,43.907744],[-124.042887,43.907744],[-124.042947,43.907699],[-124.043011,43.907654],[-124.043076,43.907609],[-124.043142,43.907565],[-124.04321,43.907522],[-124.043278,43.907479],[-124.043406,43.907405],[-124.043567,43.907314],[-124.043731,43.907225],[-124.043896,43.907138],[-124.044464,43.906842],[-124.044638,43.906751],[-124.044809,43.906658],[-124.044978,43.906562],[-124.045112,43.906484],[-124.045188,43.906438],[-124.045263,43.90639],[-124.045336,43.906341],[-124.045409,43.906291],[-124.04548,43.906241],[-124.045493,43.906231],[-124.04555,43.906189],[-124.045619,43.906137],[-124.045686,43.906084],[-124.045752,43.90603],[-124.045817,43.905975],[-124.045881,43.905919],[-124.045901,43.905901],[-124.045974,43.905839],[-124.046045,43.905776],[-124.046115,43.905712],[-124.046183,43.905648],[-124.04625,43.905582],[-124.046315,43.905516],[-124.046379,43.905449],[-124.046441,43.905381],[-124.046501,43.905312],[-124.04656,43.905243],[-124.046616,43.905173],[-124.046652,43.905127],[-124.046838,43.904884],[-124.047018,43.904638],[-124.047192,43.90439],[-124.04736,43.904139],[-124.047377,43.904114],[-124.047272,43.904115],[-124.047433,43.903863],[-124.047588,43.90361],[-124.047738,43.903355],[-124.047881,43.903098],[-124.048018,43.902839],[-124.048148,43.902578],[-124.048273,43.902316],[-124.04839,43.902053],[-124.048502,43.901788],[-124.048522,43.901738],[-124.048621,43.901502],[-124.049134,43.900262],[-124.049315,43.900302],[-124.04959,43.899637],[-124.049408,43.899598],[-124.050024,43.898109],[-124.050045,43.898058],[-124.05013,43.897857],[-124.05022,43.897657],[-124.050262,43.897567],[-124.050315,43.897458],[-124.050414,43.89726],[-124.050434,43.897225],[-124.050481,43.897143],[-124.05053,43.897061],[-124.050581,43.89698],[-124.050634,43.8969],[-124.050689,43.89682],[-124.050743,43.896746],[-124.050746,43.896741],[-124.050805,43.896663],[-124.050866,43.896585],[-124.050928,43.896509],[-124.050993,43.896433],[-124.051059,43.896358],[-124.051127,43.896284],[-124.051197,43.89621],[-124.051269,43.896138],[-124.051342,43.896066],[-124.051417,43.895996],[-124.051443,43.895972],[-124.051491,43.895931],[-124.051539,43.89589],[-124.051588,43.89585],[-124.051639,43.89581],[-124.05169,43.895772],[-124.051742,43.895733],[-124.051795,43.895696],[-124.051849,43.895659],[-124.051904,43.895623],[-124.051919,43.895613],[-124.051957,43.895588],[-124.051995,43.895564],[-124.052034,43.895541],[-124.052074,43.895517],[-124.052114,43.895495],[-124.052155,43.895473],[-124.052196,43.895451],[-124.052238,43.89543],[-124.05228,43.895409],[-124.052323,43.895389],[-124.052366,43.89537],[-124.05241,43.895351],[-124.052454,43.895333],[-124.052498,43.895315],[-124.052543,43.895297],[-124.052589,43.895281],[-124.052635,43.895265],[-124.052681,43.895249],[-124.052727,43.895234],[-124.052774,43.89522],[-124.052822,43.895206],[-124.052869,43.895193],[-124.052917,43.89518],[-124.052965,43.895168],[-124.053014,43.895157],[-124.053062,43.895146],[-124.053111,43.895136],[-124.053161,43.895127],[-124.05321,43.895118],[-124.05326,43.89511],[-124.05331,43.895102],[-124.05336,43.895095],[-124.05341,43.895089],[-124.05346,43.895083],[-124.053511,43.895078],[-124.053561,43.895073],[-124.053612,43.895069],[-124.053663,43.895066],[-124.053713,43.895064],[-124.053764,43.895062],[-124.053815,43.895061],[-124.053866,43.89506],[-124.053917,43.89506],[-124.053968,43.895061],[-124.054019,43.895062],[-124.05407,43.895064],[-124.054121,43.895067],[-124.054171,43.89507],[-124.054222,43.895074],[-124.054273,43.895078],[-124.054323,43.895083],[-124.054373,43.895089],[-124.054424,43.895096],[-124.054474,43.895103],[-124.054523,43.89511],[-124.054573,43.895119],[-124.055222,43.895219],[-124.055597,43.895288],[-124.055715,43.89531],[-124.055833,43.89533],[-124.055952,43.895348],[-124.056071,43.895366],[-124.056191,43.895381],[-124.056284,43.895393],[-124.056341,43.895398],[-124.056398,43.895403],[-124.056455,43.895407],[-124.056513,43.89541],[-124.05657,43.895412],[-124.056627,43.895414],[-124.056685,43.895415],[-124.056742,43.895415],[-124.0568,43.895415],[-124.056857,43.895414],[-124.056915,43.895412],[-124.056972,43.895409],[-124.05703,43.895406],[-124.057087,43.895402],[-124.057144,43.895397],[-124.057201,43.895392],[-124.057258,43.895386],[-124.057315,43.895379],[-124.057371,43.895371],[-124.057427,43.895363],[-124.057484,43.895354],[-124.057539,43.895344],[-124.057595,43.895334],[-124.057651,43.895322],[-124.057706,43.895311],[-124.05776,43.895298],[-124.057815,43.895285],[-124.057869,43.895271],[-124.057923,43.895256],[-124.057977,43.895241],[-124.05803,43.895225],[-124.058082,43.895209],[-124.058087,43.895207],[-124.058197,43.895169],[-124.058305,43.895129],[-124.058413,43.895088],[-124.058519,43.895046],[-124.058625,43.895003],[-124.058701,43.89497],[-124.058706,43.894968],[-124.058707,43.894968],[-124.059033,43.894828],[-124.05911,43.894794],[-124.05921,43.894753],[-124.05931,43.894712],[-124.059411,43.894673],[-124.059514,43.894636],[-124.059617,43.894599],[-124.059651,43.894589],[-124.059698,43.894575],[-124.059745,43.894561],[-124.059793,43.894548],[-124.059841,43.894536],[-124.059889,43.894524],[-124.059938,43.894513],[-124.059976,43.894505],[-124.059987,43.894503],[-124.060074,43.894487],[-124.060185,43.894469],[-124.060298,43.894451],[-124.060411,43.894436],[-124.060524,43.894421],[-124.060637,43.894408],[-124.062224,43.894217],[-124.062828,43.894146],[-124.063164,43.894098],[-124.063204,43.89409],[-124.063244,43.894083],[-124.063283,43.894074],[-124.063323,43.894065],[-124.063362,43.894056],[-124.063401,43.894046],[-124.06344,43.894036],[-124.063478,43.894025],[-124.063516,43.894014],[-124.063554,43.894002],[-124.063592,43.89399],[-124.063629,43.893977],[-124.063666,43.893964],[-124.063703,43.89395],[-124.063739,43.893936],[-124.063775,43.893921],[-124.063811,43.893906],[-124.063846,43.893891],[-124.063881,43.893875],[-124.063915,43.893859],[-124.063949,43.893842],[-124.063983,43.893825],[-124.064016,43.893807],[-124.064049,43.893789],[-124.064081,43.893771],[-124.064113,43.893752],[-124.064145,43.893732],[-124.064176,43.893713],[-124.064206,43.893693],[-124.064236,43.893672],[-124.064266,43.893651],[-124.064295,43.89363],[-124.064323,43.893609],[-124.064351,43.893587],[-124.064379,43.893565],[-124.064406,43.893542],[-124.064432,43.893519],[-124.064458,43.893496],[-124.064483,43.893472],[-124.064508,43.893448],[-124.064532,43.893424],[-124.064556,43.8934],[-124.064578,43.893375],[-124.064601,43.89335],[-124.064622,43.893324],[-124.064643,43.893299],[-124.064664,43.893273],[-124.064684,43.893247],[-124.064703,43.89322],[-124.064722,43.893194],[-124.064722,43.893193],[-124.06473,43.893181],[-124.064748,43.893154],[-124.064765,43.893127],[-124.064781,43.8931],[-124.064797,43.893072],[-124.064812,43.893044],[-124.064826,43.893016],[-124.06484,43.892988],[-124.064853,43.89296],[-124.064865,43.892931],[-124.064876,43.892903],[-124.064887,43.892874],[-124.064898,43.892845],[-124.064907,43.892816],[-124.064916,43.892787],[-124.064924,43.892758],[-124.064931,43.892728],[-124.064938,43.892699],[-124.064944,43.892669],[-124.064949,43.89264],[-124.064953,43.89261],[-124.064957,43.89258],[-124.06496,43.892551],[-124.064963,43.892521],[-124.064964,43.892491],[-124.064965,43.892461],[-124.064965,43.892431],[-124.064965,43.892402],[-124.064964,43.892372],[-124.064962,43.892342],[-124.064959,43.892312],[-124.064956,43.892282],[-124.064951,43.892253],[-124.064947,43.892223],[-124.064941,43.892194],[-124.064935,43.892164],[-124.064928,43.892135],[-124.064924,43.892122],[-124.064779,43.891705],[-124.064737,43.891591],[-124.06473,43.891574],[-124.064694,43.891482],[-124.06466,43.891389],[-124.064629,43.891296],[-124.0646,43.891202],[-124.064595,43.891181],[-124.064584,43.891139],[-124.064574,43.891096],[-124.064566,43.891053],[-124.064559,43.89101],[-124.064552,43.890967],[-124.064547,43.890924],[-124.064542,43.890881],[-124.064539,43.890837],[-124.064537,43.890794],[-124.064536,43.890776],[-124.064534,43.89068],[-124.064534,43.890583],[-124.064536,43.890487],[-124.06454,43.890391],[-124.064599,43.889775],[-124.064606,43.889695],[-124.064613,43.889626],[-124.064618,43.889571],[-124.064627,43.889476],[-124.064633,43.889408],[-124.064638,43.889353],[-124.064708,43.888613],[-124.064727,43.888415],[-124.064729,43.888395],[-124.064819,43.887441],[-124.06483,43.887328],[-124.064863,43.886979],[-124.064991,43.885625],[-124.06511,43.884372],[-124.065139,43.884059],[-124.065183,43.883597],[-124.065187,43.88354],[-124.065203,43.883375],[-124.065222,43.88321],[-124.065245,43.883045],[-124.065273,43.882881],[-124.065304,43.882717],[-124.065339,43.882553],[-124.065377,43.882393],[-124.065382,43.88238],[-124.065406,43.882316],[-124.065431,43.882253],[-124.065455,43.882198],[-124.065455,43.882196],[-124.065458,43.88219],[-124.065487,43.882127],[-124.065517,43.882064],[-124.065548,43.882002],[-124.065581,43.88194],[-124.065616,43.881879],[-124.065652,43.881818],[-124.065689,43.881758],[-124.065728,43.881698],[-124.065768,43.881638],[-124.06581,43.88158],[-124.065853,43.881521],[-124.06586,43.881512],[-124.065861,43.881511],[-124.065898,43.881463],[-124.065944,43.881406],[-124.065991,43.88135],[-124.06604,43.881293],[-124.06609,43.881238],[-124.066141,43.881183],[-124.066189,43.881138],[-124.06633,43.881008],[-124.066474,43.880879],[-124.066621,43.880752],[-124.066771,43.880627],[-124.066924,43.880503],[-124.06708,43.880382],[-124.067239,43.880263],[-124.06724,43.880262],[-124.067241,43.880262],[-124.068908,43.878992],[-124.069004,43.878919],[-124.069098,43.878845],[-124.06919,43.87877],[-124.06928,43.878694],[-124.069297,43.878679],[-124.069338,43.878641],[-124.069358,43.878623],[-124.069379,43.878603],[-124.069418,43.878564],[-124.069457,43.878525],[-124.069495,43.878485],[-124.069531,43.878445],[-124.069567,43.878405],[-124.069602,43.878364],[-124.069636,43.878322],[-124.069668,43.87828],[-124.0697,43.878238],[-124.069731,43.878195],[-124.06976,43.878152],[-124.069789,43.878109],[-124.069817,43.878065],[-124.069826,43.878049],[-124.069879,43.877956],[-124.06993,43.877862],[-124.069978,43.877768],[-124.070024,43.877673],[-124.070032,43.877655],[-124.070156,43.877396],[-124.070164,43.877378],[-124.070208,43.877288],[-124.070254,43.877198],[-124.070302,43.877109],[-124.070353,43.87702],[-124.070375,43.876984],[-124.070401,43.876945],[-124.070428,43.876906],[-124.070455,43.876868],[-124.070484,43.87683],[-124.070513,43.876792],[-124.070543,43.876755],[-124.070575,43.876718],[-124.070607,43.876681],[-124.07064,43.876645],[-124.070674,43.876609],[-124.070709,43.876574],[-124.070744,43.876539],[-124.070781,43.876505],[-124.070818,43.876471],[-124.070856,43.876438],[-124.070895,43.876405],[-124.070934,43.876372],[-124.070975,43.87634],[-124.071016,43.876309],[-124.071058,43.876278],[-124.071101,43.876247],[-124.071144,43.876217],[-124.071188,43.876188],[-124.071233,43.876159],[-124.071279,43.876131],[-124.071325,43.876104],[-124.071354,43.876087],[-124.071372,43.876077],[-124.071419,43.87605],[-124.071467,43.876024],[-124.071516,43.875999],[-124.071565,43.875975],[-124.071587,43.875965],[-124.071699,43.875914],[-124.071812,43.875864],[-124.071927,43.875816],[-124.072042,43.87577],[-124.073653,43.875122],[-124.073996,43.874984],[-124.074182,43.874909],[-124.074366,43.874831],[-124.074549,43.874751],[-124.074695,43.874685],[-124.074776,43.874645],[-124.074856,43.874605],[-124.074936,43.874563],[-124.075014,43.87452],[-124.075091,43.874476],[-124.075167,43.874431],[-124.075242,43.874385],[-124.075316,43.874338],[-124.075389,43.874291],[-124.075461,43.874242],[-124.075531,43.874193],[-124.075601,43.874142],[-124.075669,43.874091],[-124.075736,43.874039],[-124.075801,43.873986],[-124.075865,43.873932],[-124.075928,43.873878],[-124.07599,43.873822],[-124.07605,43.873766],[-124.076109,43.873709],[-124.076141,43.873678],[-124.077884,43.871574],[-124.078825,43.870439],[-124.078829,43.870434],[-124.078934,43.870307],[-124.079088,43.870129],[-124.079247,43.869952],[-124.079321,43.869878],[-124.079439,43.869767],[-124.079562,43.86966],[-124.079691,43.869556],[-124.079825,43.869455],[-124.079964,43.869358],[-124.080108,43.869265],[-124.080256,43.869176],[-124.080409,43.86909],[-124.080566,43.869009],[-124.080786,43.868907],[-124.081009,43.868809],[-124.081235,43.868714],[-124.081563,43.868578],[-124.081741,43.868503],[-124.081915,43.868425],[-124.082085,43.868342],[-124.082252,43.868255],[-124.082365,43.868186],[-124.082474,43.868113],[-124.082577,43.868036],[-124.082675,43.867956],[-124.082767,43.867872],[-124.082852,43.867785],[-124.082932,43.867694],[-124.083003,43.867604],[-124.083068,43.867512],[-124.083126,43.867417],[-124.083178,43.86732],[-124.083223,43.867222],[-124.083262,43.867122],[-124.083294,43.867021],[-124.083318,43.866919],[-124.083336,43.866816],[-124.083347,43.866713],[-124.083351,43.866609],[-124.083348,43.866505],[-124.083337,43.866402],[-124.08332,43.866299],[-124.083296,43.866197],[-124.083265,43.866096],[-124.083213,43.86597],[-124.083145,43.865823],[-124.083071,43.865679],[-124.08299,43.865537],[-124.08299,43.865536],[-124.082844,43.865284],[-124.082774,43.86516],[-124.082708,43.865035],[-124.082646,43.864909],[-124.082606,43.864815],[-124.082572,43.864719],[-124.082544,43.864622],[-124.08252,43.864525],[-124.082502,43.864427],[-124.082485,43.864283],[-124.082474,43.864139],[-124.082469,43.864027],[-124.082467,43.863978],[-124.082088,43.863981],[-124.08209,43.864033],[-124.082095,43.864145],[-124.082107,43.8643],[-124.082124,43.864454],[-124.082145,43.864564],[-124.082171,43.864674],[-124.082204,43.864783],[-124.082242,43.864891],[-124.082287,43.864998],[-124.082352,43.86513],[-124.082421,43.865261],[-124.082495,43.865391],[-124.082642,43.865645],[-124.082703,43.865752],[-124.082761,43.86586],[-124.082814,43.86597],[-124.082859,43.86607],[-124.0829,43.866171],[-124.082928,43.866263],[-124.082949,43.866357],[-124.082963,43.866451],[-124.082971,43.866545],[-124.082972,43.86664],[-124.082966,43.866734],[-124.082953,43.866829],[-124.082934,43.866922],[-124.082908,43.867015],[-124.082875,43.867107],[-124.082836,43.867197],[-124.082791,43.867286],[-124.082739,43.867373],[-124.082681,43.867458],[-124.082617,43.867541],[-124.082548,43.867621],[-124.082473,43.867698],[-124.082393,43.867772],[-124.082308,43.867843],[-124.082218,43.867911],[-124.082124,43.867975],[-124.082025,43.868035],[-124.081869,43.868117],[-124.081709,43.868194],[-124.081545,43.868268],[-124.081378,43.868338],[-124.081049,43.868475],[-124.080815,43.868573],[-124.080585,43.868675],[-124.080358,43.86878],[-124.080194,43.868864],[-124.080034,43.868953],[-124.079878,43.869046],[-124.079727,43.869143],[-124.079581,43.869244],[-124.07944,43.869348],[-124.079305,43.869456],[-124.079174,43.869568],[-124.07905,43.869682],[-124.078931,43.8698],[-124.078871,43.869866],[-124.078745,43.870007],[-124.078622,43.87015],[-124.078502,43.870295],[-124.078502,43.870295],[-124.07836,43.870468],[-124.076255,43.873043],[-124.07617,43.873145],[-124.07606,43.873271],[-124.075958,43.873384],[-124.075947,43.873396],[-124.075831,43.87352],[-124.075756,43.873477],[-124.075728,43.873506],[-124.075674,43.873558],[-124.075619,43.873609],[-124.075563,43.87366],[-124.075505,43.87371],[-124.075447,43.873759],[-124.075387,43.873807],[-124.075326,43.873855],[-124.075264,43.873901],[-124.0752,43.873947],[-124.075136,43.873993],[-124.075071,43.874037],[-124.075004,43.874081],[-124.074937,43.874123],[-124.074868,43.874165],[-124.074799,43.874206],[-124.074728,43.874246],[-124.074657,43.874285],[-124.074584,43.874324],[-124.074511,43.874361],[-124.074437,43.874398],[-124.074299,43.87446],[-124.074124,43.874537],[-124.073946,43.874611],[-124.073768,43.874684],[-124.073812,43.874744],[-124.072899,43.875111],[-124.071861,43.875529],[-124.071739,43.875578],[-124.071619,43.875628],[-124.0715,43.87568],[-124.071382,43.875734],[-124.07136,43.875744],[-124.071305,43.875771],[-124.071251,43.875799],[-124.071197,43.875828],[-124.071144,43.875857],[-124.071092,43.875887],[-124.071041,43.875918],[-124.07099,43.875949],[-124.07094,43.875981],[-124.070891,43.876013],[-124.070843,43.876046],[-124.070795,43.87608],[-124.070749,43.876114],[-124.070703,43.876149],[-124.070658,43.876184],[-124.070614,43.87622],[-124.07057,43.876257],[-124.070528,43.876294],[-124.070523,43.876298],[-124.070517,43.876196],[-124.070474,43.876234],[-124.070431,43.876272],[-124.070389,43.876311],[-124.070348,43.87635],[-124.070308,43.87639],[-124.070268,43.876431],[-124.07023,43.876471],[-124.070193,43.876513],[-124.070157,43.876555],[-124.070122,43.876597],[-124.070088,43.87664],[-124.070055,43.876683],[-124.070023,43.876726],[-124.069992,43.87677],[-124.069962,43.876814],[-124.069933,43.876859],[-124.069916,43.876887],[-124.069862,43.876981],[-124.069811,43.877076],[-124.069762,43.877172],[-124.069716,43.877268],[-124.069707,43.877286],[-124.069583,43.877545],[-124.069575,43.877563],[-124.069532,43.877652],[-124.069486,43.877741],[-124.069439,43.877829],[-124.069389,43.877916],[-124.069386,43.877921],[-124.069362,43.87796],[-124.069337,43.877998],[-124.069311,43.878035],[-124.069285,43.878073],[-124.069257,43.87811],[-124.069228,43.878147],[-124.069199,43.878183],[-124.069169,43.878219],[-124.069137,43.878254],[-124.069105,43.87829],[-124.069073,43.878324],[-124.069039,43.878359],[-124.069004,43.878393],[-124.068969,43.878426],[-124.068933,43.878459],[-124.068917,43.878473],[-124.068832,43.878545],[-124.068748,43.878614],[-124.068745,43.878616],[-124.068657,43.878686],[-124.068567,43.878754],[-124.066901,43.880023],[-124.0669,43.880024],[-124.066736,43.880146],[-124.066574,43.880272],[-124.066416,43.8804],[-124.06626,43.880529],[-124.066108,43.880661],[-124.065959,43.880794],[-124.065813,43.88093],[-124.065763,43.880976],[-124.065707,43.881036],[-124.065652,43.881096],[-124.065599,43.881157],[-124.065547,43.881219],[-124.065496,43.881281],[-124.065448,43.881344],[-124.0654,43.881407],[-124.065354,43.881472],[-124.065328,43.88151],[-124.065327,43.881512],[-124.06531,43.881536],[-124.065267,43.881601],[-124.065226,43.881667],[-124.065187,43.881733],[-124.065149,43.8818],[-124.065112,43.881867],[-124.065077,43.881935],[-124.065044,43.882003],[-124.065013,43.882072],[-124.064983,43.882141],[-124.064961,43.882196],[-124.06496,43.882198],[-124.064955,43.88221],[-124.064929,43.882279],[-124.064913,43.882322],[-124.064871,43.882497],[-124.064835,43.882667],[-124.064802,43.882837],[-124.064774,43.883007],[-124.06475,43.883178],[-124.06473,43.883349],[-124.064714,43.883521],[-124.06471,43.883577],[-124.06471,43.883579],[-124.0646,43.884721],[-124.0646,43.884723],[-124.0646,43.884725],[-124.064601,43.884741],[-124.064602,43.88475],[-124.064534,43.885462],[-124.064518,43.885627],[-124.064498,43.885832],[-124.064498,43.885835],[-124.064588,43.885836],[-124.064511,43.886661],[-124.064455,43.887256],[-124.064455,43.887257],[-124.064452,43.887283],[-124.064417,43.887653],[-124.064385,43.887998],[-124.064346,43.888417],[-124.064283,43.889082],[-124.064269,43.889231],[-124.064227,43.889677],[-124.064205,43.889911],[-124.064162,43.890371],[-124.064157,43.890472],[-124.064157,43.890486],[-124.064154,43.890574],[-124.064154,43.890676],[-124.064157,43.890778],[-124.064158,43.890797],[-124.06416,43.890845],[-124.064163,43.890893],[-124.064168,43.890941],[-124.064174,43.890989],[-124.064181,43.891037],[-124.064189,43.891085],[-124.064198,43.891132],[-124.064209,43.89118],[-124.064221,43.891227],[-124.064229,43.89126],[-124.06426,43.891358],[-124.064261,43.891362],[-124.064293,43.891456],[-124.064328,43.891553],[-124.064365,43.89165],[-124.064372,43.891667],[-124.064373,43.891669],[-124.064415,43.891776],[-124.064419,43.891787],[-124.064473,43.891933],[-124.064479,43.891949],[-124.064499,43.892002],[-124.064517,43.892056],[-124.064534,43.89211],[-124.064549,43.892164],[-124.064552,43.892172],[-124.064554,43.892183],[-124.06456,43.892208],[-124.064566,43.892233],[-124.06457,43.892258],[-124.064574,43.892283],[-124.064578,43.892307],[-124.064581,43.892332],[-124.064583,43.892357],[-124.064585,43.892382],[-124.064586,43.892407],[-124.064586,43.892432],[-124.064586,43.892458],[-124.064585,43.892483],[-124.064584,43.892508],[-124.064582,43.892533],[-124.064579,43.892558],[-124.064576,43.892582],[-124.064572,43.892607],[-124.064568,43.892632],[-124.064563,43.892657],[-124.064557,43.892682],[-124.064551,43.892706],[-124.064544,43.892731],[-124.064537,43.892755],[-124.064529,43.89278],[-124.064521,43.892804],[-124.064511,43.892828],[-124.064502,43.892852],[-124.064491,43.892876],[-124.064481,43.8929],[-124.064469,43.892923],[-124.064457,43.892947],[-124.064445,43.89297],[-124.064431,43.892993],[-124.064418,43.893016],[-124.064404,43.893039],[-124.064389,43.893062],[-124.064373,43.893084],[-124.064358,43.893107],[-124.064341,43.893129],[-124.064324,43.893151],[-124.064307,43.893172],[-124.064289,43.893194],[-124.06427,43.893215],[-124.064251,43.893236],[-124.064232,43.893256],[-124.064212,43.893277],[-124.064191,43.893297],[-124.06417,43.893317],[-124.064149,43.893337],[-124.064127,43.893356],[-124.064105,43.893375],[-124.064082,43.893394],[-124.064058,43.893412],[-124.064035,43.893431],[-124.064011,43.893449],[-124.063986,43.893466],[-124.063961,43.893484],[-124.063936,43.8935],[-124.06391,43.893517],[-124.063883,43.893534],[-124.063857,43.89355],[-124.06383,43.893565],[-124.063802,43.89358],[-124.063775,43.893595],[-124.063747,43.89361],[-124.063718,43.893624],[-124.063689,43.893638],[-124.06366,43.893652],[-124.063656,43.893654],[-124.063631,43.893665],[-124.063601,43.893678],[-124.063571,43.89369],[-124.06354,43.893702],[-124.06351,43.893714],[-124.063479,43.893725],[-124.063448,43.893736],[-124.063416,43.893747],[-124.063385,43.893757],[-124.063353,43.893766],[-124.06332,43.893776],[-124.063288,43.893784],[-124.063255,43.893793],[-124.063223,43.893801],[-124.06319,43.893809],[-124.063156,43.893816],[-124.063123,43.893823],[-124.06309,43.893829],[-124.062756,43.893876],[-124.062162,43.893947],[-124.061952,43.893972],[-124.060581,43.894137],[-124.060461,43.894151],[-124.060342,43.894166],[-124.060222,43.894183],[-124.060104,43.894201],[-124.059985,43.89422],[-124.059893,43.894237],[-124.059838,43.894248],[-124.059783,43.894261],[-124.059729,43.894274],[-124.059674,43.894288],[-124.05962,43.894302],[-124.059567,43.894317],[-124.059514,43.894333],[-124.059461,43.894349],[-124.059453,43.894352],[-124.059344,43.89439],[-124.059236,43.89443],[-124.059129,43.894471],[-124.059023,43.894514],[-124.058917,43.894558],[-124.058836,43.894593],[-124.058511,43.894733],[-124.05851,43.894733],[-124.058434,43.894766],[-124.058334,43.894807],[-124.058233,43.894847],[-124.058132,43.894885],[-124.058029,43.894923],[-124.057926,43.894959],[-124.057888,43.894971],[-124.057841,43.894985],[-124.057793,43.894999],[-124.057746,43.895012],[-124.057698,43.895024],[-124.05765,43.895036],[-124.057601,43.895047],[-124.057552,43.895058],[-124.057514,43.895065],[-124.057503,43.895067],[-124.057454,43.895077],[-124.057405,43.895086],[-124.057355,43.895094],[-124.057305,43.895101],[-124.057255,43.895108],[-124.057205,43.895114],[-124.057155,43.89512],[-124.057104,43.895125],[-124.057054,43.895129],[-124.057003,43.895133],[-124.056953,43.895136],[-124.056902,43.895138],[-124.056851,43.89514],[-124.0568,43.895141],[-124.056749,43.895141],[-124.056698,43.895141],[-124.056647,43.89514],[-124.056597,43.895139],[-124.056546,43.895137],[-124.056495,43.895134],[-124.056444,43.89513],[-124.056394,43.895126],[-124.056343,43.895122],[-124.056255,43.895111],[-124.056142,43.895096],[-124.056029,43.89508],[-124.055917,43.895062],[-124.055805,43.895043],[-124.055694,43.895023],[-124.05532,43.894954],[-124.054634,43.894848],[-124.054578,43.894839],[-124.054521,43.894831],[-124.054465,43.894823],[-124.054408,43.894816],[-124.054351,43.89481],[-124.054294,43.894804],[-124.054236,43.8948],[-124.054179,43.894796],[-124.054122,43.894792],[-124.054064,43.89479],[-124.054007,43.894788],[-124.053949,43.894787],[-124.053891,43.894786],[-124.053834,43.894787],[-124.053776,43.894788],[-124.053719,43.89479],[-124.053661,43.894792],[-124.053604,43.894795],[-124.053546,43.894799],[-124.053489,43.894804],[-124.053432,43.894809],[-124.053375,43.894815],[-124.053318,43.894822],[-124.053261,43.89483],[-124.053205,43.894838],[-124.053149,43.894847],[-124.053093,43.894857],[-124.053037,43.894867],[-124.052981,43.894878],[-124.052926,43.89489],[-124.052871,43.894903],[-124.052817,43.894916],[-124.052762,43.89493],[-124.052708,43.894944],[-124.052655,43.894959],[-124.052601,43.894975],[-124.052549,43.894992],[-124.052496,43.895009],[-124.052444,43.895027],[-124.052393,43.895046],[-124.052341,43.895065],[-124.052291,43.895085],[-124.052241,43.895105],[-124.052191,43.895126],[-124.052142,43.895148],[-124.052093,43.89517],[-124.052045,43.895193],[-124.051998,43.895217],[-124.051951,43.895241],[-124.051904,43.895266],[-124.051859,43.895291],[-124.051813,43.895317],[-124.051769,43.895343],[-124.051725,43.89537],[-124.051682,43.895398],[-124.051651,43.895418],[-124.051591,43.895458],[-124.051532,43.895498],[-124.051475,43.895539],[-124.051418,43.895581],[-124.051362,43.895623],[-124.051307,43.895666],[-124.051253,43.89571],[-124.0512,43.895754],[-124.051149,43.895799],[-124.05112,43.895825],[-124.051041,43.895899],[-124.050964,43.895974],[-124.050889,43.896051],[-124.050815,43.896128],[-124.050743,43.896206],[-124.050673,43.896285],[-124.050605,43.896365],[-124.050539,43.896446],[-124.050475,43.896527],[-124.050413,43.89661],[-124.050353,43.896693],[-124.050295,43.896777],[-124.050239,43.896862],[-124.050185,43.896947],[-124.050133,43.897033],[-124.050083,43.89712],[-124.050059,43.897164],[-124.049957,43.897366],[-124.04986,43.89757],[-124.049768,43.897774],[-124.049681,43.89798],[-124.04966,43.898032],[-124.048781,43.900158],[-124.048258,43.901422],[-124.048159,43.901659],[-124.04814,43.901706],[-124.04803,43.901966],[-124.047915,43.902226],[-124.047881,43.902296],[-124.047792,43.902483],[-124.047664,43.902739],[-124.04753,43.902994],[-124.047389,43.903246],[-124.047243,43.903497],[-124.04709,43.903746],[-124.046931,43.903993],[-124.046849,43.904116],[-124.046767,43.904238],[-124.046596,43.904481],[-124.04642,43.904721],[-124.046238,43.90496],[-124.046205,43.905002],[-124.046153,43.905067],[-124.046098,43.905131],[-124.046042,43.905195],[-124.045985,43.905258],[-124.045926,43.90532],[-124.045866,43.905381],[-124.045804,43.905442],[-124.045741,43.905502],[-124.045676,43.905561],[-124.04561,43.905619],[-124.045542,43.905676],[-124.045516,43.9057],[-124.045498,43.905716],[-124.045458,43.905751],[-124.045399,43.905801],[-124.045338,43.905851],[-124.045276,43.9059],[-124.045213,43.905948],[-124.045149,43.905995],[-124.045084,43.906042],[-124.045018,43.906087],[-124.04495,43.906132],[-124.044882,43.906176],[-124.044812,43.906219],[-124.044683,43.906294],[-124.044521,43.906386],[-124.044356,43.906475],[-124.044189,43.906563],[-124.043621,43.906859],[-124.043449,43.906949],[-124.043279,43.907042],[-124.043111,43.907136],[-124.042978,43.907214],[-124.042903,43.90726],[-124.04283,43.907307],[-124.042757,43.907355],[-124.042686,43.907404],[-124.042616,43.907454],[-124.042547,43.907504],[-124.04248,43.907556],[-124.042414,43.907608],[-124.042349,43.907661],[-124.042285,43.907715],[-124.042222,43.90777],[-124.042191,43.907798],[-124.042062,43.907921],[-124.041937,43.908045],[-124.041814,43.908171],[-124.041718,43.908273],[-124.038791,43.911376],[-124.035692,43.914663],[-124.035527,43.914843],[-124.035396,43.91499],[-124.035366,43.915024],[-124.03521,43.915208],[-124.035059,43.915393],[-124.035022,43.91544],[-124.03496,43.915522],[-124.034901,43.915606],[-124.034843,43.91569],[-124.034788,43.915775],[-124.034735,43.91586],[-124.034683,43.915947],[-124.034634,43.916034],[-124.034587,43.916121],[-124.034542,43.916209],[-124.034499,43.916298],[-124.034459,43.916387],[-124.03442,43.916476],[-124.034384,43.916566],[-124.03435,43.916657],[-124.034318,43.916748],[-124.034288,43.916839],[-124.03426,43.916931],[-124.03426,43.916931],[-124.03426,43.916932],[-124.034208,43.917144],[-124.03416,43.917356],[-124.034118,43.91757],[-124.03408,43.917783],[-124.034072,43.917837],[-124.033935,43.918664],[-124.033785,43.919568],[-124.033769,43.919666],[-124.033766,43.919683],[-124.03375,43.919779],[-124.033731,43.919874],[-124.03371,43.919968],[-124.033687,43.920063],[-124.033677,43.920099],[-124.033664,43.920141],[-124.033649,43.920183],[-124.033634,43.920225],[-124.033618,43.920267],[-124.033601,43.920309],[-124.033582,43.92035],[-124.033563,43.920391],[-124.033543,43.920432],[-124.033522,43.920472],[-124.033499,43.920512],[-124.033476,43.920552],[-124.033452,43.920592],[-124.033427,43.920631],[-124.033401,43.92067],[-124.033374,43.920709],[-124.033346,43.920748],[-124.033318,43.920786],[-124.033288,43.920823],[-124.033257,43.92086],[-124.033226,43.920897],[-124.033193,43.920934],[-124.03316,43.92097],[-124.033126,43.921005],[-124.033091,43.921041],[-124.033055,43.921075],[-124.033018,43.92111],[-124.032981,43.921143],[-124.032943,43.921177],[-124.032903,43.921209],[-124.032887,43.921222],[-124.032797,43.921293],[-124.032705,43.921362],[-124.032612,43.921431],[-124.032517,43.921498],[-124.031375,43.922342],[-124.030864,43.922719],[-124.030779,43.922782],[-124.030695,43.922846],[-124.030653,43.92288],[-124.030613,43.922911],[-124.030533,43.922977],[-124.030454,43.923043],[-124.030394,43.923096],[-124.030356,43.923127],[-124.030319,43.923159],[-124.030283,43.923192],[-124.030248,43.923225],[-124.030213,43.923258],[-124.03018,43.923292],[-124.030147,43.923326],[-124.030115,43.92336],[-124.030083,43.923395],[-124.030053,43.92343],[-124.030023,43.923466],[-124.029995,43.923502],[-124.029967,43.923538],[-124.02994,43.923575],[-124.029914,43.923612],[-124.029889,43.92365],[-124.029865,43.923687],[-124.029841,43.923725],[-124.029819,43.923764],[-124.029798,43.923802],[-124.029777,43.923841],[-124.029757,43.92388],[-124.029739,43.92392],[-124.029721,43.923959],[-124.029704,43.923999],[-124.029689,43.924039],[-124.029674,43.924079],[-124.02966,43.92412],[-124.029647,43.92416],[-124.029635,43.924201],[-124.029625,43.924242],[-124.029615,43.924283],[-124.029606,43.924324],[-124.029598,43.924365],[-124.029591,43.924406],[-124.029585,43.924447],[-124.02958,43.924489],[-124.029576,43.92453],[-124.029573,43.924572],[-124.029571,43.924613],[-124.029571,43.924622],[-124.029571,43.924655],[-124.029571,43.924697],[-124.029572,43.924738],[-124.029574,43.92478],[-124.029577,43.924821],[-124.029581,43.924863],[-124.029586,43.924904],[-124.029592,43.924945],[-124.029599,43.924987],[-124.029606,43.925022],[-124.029608,43.925028],[-124.029617,43.925069],[-124.029627,43.92511],[-124.029638,43.925151],[-124.02965,43.925191],[-124.029663,43.925232],[-124.029677,43.925272],[-124.029692,43.925312],[-124.029708,43.925352],[-124.029725,43.925392],[-124.029743,43.925432],[-124.029762,43.925471],[-124.029781,43.92551],[-124.029802,43.925549],[-124.029824,43.925587],[-124.029846,43.925625],[-124.02987,43.925663],[-124.029894,43.925701],[-124.02992,43.925738],[-124.029946,43.925775],[-124.029973,43.925812],[-124.030001,43.925848],[-124.03003,43.925884],[-124.030059,43.92592],[-124.030085,43.925949],[-124.03009,43.925955],[-124.030121,43.92599],[-124.030154,43.926024],[-124.030187,43.926058],[-124.030221,43.926092],[-124.030255,43.926125],[-124.030291,43.926158],[-124.030327,43.92619],[-124.030364,43.926222],[-124.030402,43.926253],[-124.030441,43.926284],[-124.03048,43.926315],[-124.03052,43.926344],[-124.030561,43.926374],[-124.030602,43.926403],[-124.030644,43.926431],[-124.030687,43.926459],[-124.030731,43.926486],[-124.030775,43.926513],[-124.03082,43.926539],[-124.030865,43.926564],[-124.030911,43.926589],[-124.030958,43.926614],[-124.031005,43.926637],[-124.031053,43.92666],[-124.031101,43.926683],[-124.03115,43.926705],[-124.031199,43.926726],[-124.031249,43.926747],[-124.031299,43.926767],[-124.03135,43.926787],[-124.031402,43.926805],[-124.031453,43.926824],[-124.031505,43.926841],[-124.031558,43.926858],[-124.031611,43.926874],[-124.031664,43.92689],[-124.031684,43.926895],[-124.031796,43.926929],[-124.031909,43.926962],[-124.032023,43.926993],[-124.032028,43.926994],[-124.031992,43.927065],[-124.034712,43.927671],[-124.034644,43.927831],[-124.034727,43.927822],[-124.034779,43.927816],[-124.034884,43.927805],[-124.034965,43.927799],[-124.035058,43.927795],[-124.035162,43.927793],[-124.035227,43.927794],[-124.035335,43.927798],[-124.035435,43.927806],[-124.035535,43.927817],[-124.03558,43.927824],[-124.035612,43.927829],[-124.035693,43.927843],[-124.035782,43.927861],[-124.035855,43.927878],[-124.035902,43.92789],[-124.035949,43.927903],[-124.036,43.927891],[-124.036288,43.927962],[-124.036641,43.928055],[-124.036993,43.928152],[-124.037342,43.928253],[-124.037731,43.928369],[-124.040448,43.929178],[-124.040447,43.929326],[-124.041536,43.92965],[-124.042046,43.929654],[-124.044066,43.930255],[-124.04442,43.930361],[-124.044345,43.930492],[-124.044387,43.930504],[-124.044598,43.930563],[-124.044807,43.930624],[-124.045015,43.930688],[-124.045221,43.930755],[-124.045221,43.930604],[-124.045424,43.930671],[-124.04563,43.930743],[-124.045835,43.930817],[-124.046038,43.930894],[-124.046239,43.930973],[-124.046282,43.930993],[-124.046359,43.931028],[-124.046436,43.931064],[-124.046511,43.931102],[-124.046585,43.93114],[-124.046659,43.931179],[-124.046731,43.931219],[-124.046803,43.93126],[-124.046873,43.931302],[-124.046943,43.931345],[-124.047011,43.931388],[-124.047078,43.931433],[-124.047145,43.931478],[-124.04721,43.931524],[-124.047274,43.931571],[-124.047337,43.931619],[-124.047399,43.931667],[-124.047459,43.931717],[-124.047519,43.931767],[-124.047577,43.931818],[-124.047634,43.931869],[-124.047679,43.931915],[-124.047811,43.93205],[-124.047939,43.932186],[-124.048064,43.932324],[-124.048185,43.932464],[-124.048303,43.932605],[-124.048418,43.932748],[-124.048529,43.932892],[-124.048638,43.933031],[-124.050112,43.935039]]],[[[-124.049847,43.971964],[-124.049587,43.972075],[-124.049328,43.972189],[-124.049072,43.972306],[-124.04886,43.97241],[-124.048651,43.972519],[-124.048447,43.972631],[-124.048247,43.972748],[-124.048052,43.972868],[-124.047861,43.972993],[-124.047673,43.973123],[-124.04749,43.973256],[-124.047312,43.973394],[-124.04714,43.973534],[-124.046973,43.973679],[-124.046812,43.973826],[-124.046656,43.973977],[-124.046507,43.974131],[-124.046364,43.974288],[-124.046226,43.974447],[-124.046095,43.97461],[-124.045971,43.974775],[-124.045853,43.974942],[-124.045741,43.975112],[-124.045636,43.975284],[-124.045538,43.975458],[-124.045446,43.975634],[-124.045362,43.975811],[-124.045284,43.975991],[-124.045213,43.976173],[-124.045149,43.976356],[-124.045092,43.97654],[-124.045482,43.976537],[-124.045481,43.976538],[-124.045432,43.976716],[-124.045389,43.976894],[-124.045353,43.977074],[-124.045324,43.977254],[-124.045309,43.977371],[-124.045288,43.97762],[-124.045273,43.977869],[-124.045263,43.978119],[-124.045152,43.982475],[-124.045145,43.982732],[-124.045255,43.982709],[-124.045527,43.982652],[-124.045643,43.978125],[-124.045651,43.977902],[-124.045664,43.97768],[-124.045665,43.977663],[-124.045688,43.977393],[-124.045692,43.977358],[-124.045713,43.977207],[-124.045739,43.977057],[-124.045776,43.976882],[-124.04582,43.976709],[-124.045871,43.976536],[-124.04593,43.97636],[-124.045997,43.976186],[-124.04607,43.976013],[-124.04615,43.975842],[-124.046237,43.975672],[-124.046332,43.975504],[-124.046433,43.975339],[-124.04654,43.975176],[-124.046654,43.975015],[-124.046775,43.974856],[-124.046902,43.9747],[-124.047036,43.974547],[-124.047175,43.974397],[-124.047321,43.97425],[-124.047473,43.974106],[-124.04763,43.973965],[-124.047793,43.973828],[-124.047962,43.973694],[-124.048136,43.973564],[-124.048315,43.973438],[-124.048499,43.973315],[-124.048688,43.973197],[-124.048882,43.973082],[-124.04908,43.972972],[-124.049283,43.972866],[-124.04949,43.972764],[-124.049656,43.972688],[-124.049822,43.972614],[-124.050088,43.972498],[-124.050357,43.972385],[-124.052435,43.971531],[-124.054798,43.97056],[-124.055818,43.97014],[-124.055917,43.9701],[-124.056154,43.970002],[-124.056326,43.969926],[-124.056495,43.969847],[-124.056661,43.969765],[-124.056823,43.969679],[-124.056841,43.969669],[-124.056945,43.969606],[-124.057044,43.969539],[-124.057139,43.969468],[-124.057229,43.969395],[-124.057233,43.969392],[-124.057236,43.96939],[-124.05724,43.969386],[-124.057324,43.96931],[-124.057403,43.969232],[-124.057477,43.969151],[-124.057545,43.969067],[-124.057608,43.968982],[-124.057666,43.968894],[-124.057678,43.968875],[-124.057728,43.96889],[-124.057852,43.968929],[-124.057907,43.968832],[-124.057956,43.968732],[-124.057998,43.968632],[-124.058033,43.968529],[-124.058062,43.968426],[-124.058083,43.968329],[-124.058002,43.968321],[-124.057895,43.968311],[-124.057906,43.968239],[-124.057906,43.968239],[-124.057906,43.968238],[-124.057909,43.968219],[-124.057909,43.968218],[-124.057912,43.968188],[-124.057914,43.968168],[-124.057919,43.968078],[-124.057919,43.967988],[-124.057914,43.967899],[-124.057903,43.96781],[-124.057887,43.967721],[-124.057866,43.967633],[-124.057819,43.967488],[-124.057797,43.967427],[-124.057749,43.967304],[-124.057695,43.967182],[-124.057635,43.967061],[-124.057057,43.965865],[-124.056997,43.965741],[-124.056924,43.965587],[-124.056854,43.965433],[-124.056788,43.965277],[-124.056731,43.965139],[-124.056681,43.964999],[-124.056638,43.964859],[-124.056602,43.964717],[-124.056574,43.964574],[-124.056552,43.964431],[-124.056538,43.964287],[-124.056531,43.964146],[-124.056532,43.964005],[-124.056539,43.963864],[-124.056554,43.963723],[-124.056575,43.963583],[-124.056603,43.963443],[-124.056638,43.963304],[-124.056681,43.963167],[-124.05673,43.96303],[-124.056785,43.962895],[-124.056848,43.962761],[-124.056895,43.962656],[-124.056971,43.962497],[-124.057051,43.96234],[-124.057071,43.962302],[-124.057321,43.961841],[-124.057458,43.961583],[-124.057588,43.961322],[-124.057712,43.96106],[-124.057779,43.960883],[-124.057838,43.960704],[-124.057891,43.960524],[-124.057937,43.960343],[-124.057976,43.960161],[-124.058007,43.959978],[-124.058032,43.959795],[-124.058049,43.959611],[-124.058059,43.959427],[-124.058062,43.959243],[-124.058058,43.959059],[-124.058047,43.958875],[-124.058034,43.958741],[-124.058018,43.958606],[-124.057961,43.958332],[-124.057897,43.958059],[-124.057826,43.957787],[-124.057183,43.955423],[-124.057153,43.955312],[-124.057121,43.955195],[-124.057084,43.955048],[-124.057051,43.954901],[-124.057022,43.954753],[-124.057013,43.954695],[-124.057004,43.954629],[-124.056997,43.954563],[-124.056991,43.954497],[-124.056987,43.954431],[-124.056985,43.954365],[-124.056984,43.954298],[-124.056985,43.954232],[-124.056987,43.954166],[-124.056991,43.9541],[-124.056997,43.954034],[-124.057004,43.953968],[-124.057013,43.953902],[-124.057023,43.953836],[-124.057076,43.95351],[-124.057222,43.952697],[-124.057332,43.952158],[-124.057387,43.951885],[-124.05755,43.951173],[-124.057589,43.951009],[-124.057589,43.951009],[-124.057777,43.950268],[-124.058499,43.947478],[-124.058538,43.947327],[-124.058574,43.947175],[-124.058606,43.947023],[-124.058629,43.9469],[-124.058639,43.946829],[-124.058647,43.946759],[-124.058654,43.946688],[-124.058659,43.946617],[-124.058662,43.946546],[-124.058664,43.946475],[-124.058663,43.946404],[-124.058662,43.946333],[-124.058658,43.946262],[-124.058653,43.946191],[-124.058646,43.94612],[-124.058637,43.94605],[-124.058626,43.945979],[-124.058614,43.945909],[-124.0586,43.945838],[-124.058585,43.945768],[-124.058568,43.945698],[-124.058549,43.945629],[-124.058528,43.945559],[-124.058506,43.94549],[-124.058482,43.945421],[-124.058456,43.945353],[-124.058429,43.945285],[-124.0584,43.945217],[-124.05837,43.945149],[-124.058338,43.945082],[-124.058304,43.945016],[-124.058268,43.94495],[-124.058262,43.944938],[-124.058232,43.944885],[-124.058201,43.944832],[-124.058191,43.944817],[-124.058168,43.94478],[-124.058134,43.944728],[-124.058099,43.944677],[-124.058063,43.944626],[-124.058025,43.944576],[-124.057986,43.944526],[-124.057947,43.944476],[-124.057905,43.944427],[-124.057881,43.944399],[-124.057789,43.944299],[-124.057695,43.944199],[-124.057608,43.944112],[-124.057409,43.94391],[-124.057142,43.943634],[-124.057092,43.94358],[-124.057028,43.943511],[-124.056967,43.94344],[-124.056907,43.943369],[-124.056849,43.943298],[-124.056793,43.943225],[-124.056777,43.943202],[-124.056754,43.943169],[-124.056732,43.943136],[-124.056711,43.943102],[-124.056691,43.943068],[-124.056672,43.943034],[-124.056653,43.943],[-124.056636,43.942966],[-124.056619,43.942931],[-124.056603,43.942896],[-124.056588,43.942861],[-124.056573,43.942826],[-124.05656,43.94279],[-124.056547,43.942754],[-124.056535,43.942719],[-124.056524,43.942683],[-124.056509,43.942619],[-124.05649,43.942537],[-124.056473,43.942455],[-124.056458,43.942373],[-124.056446,43.94229],[-124.056435,43.942207],[-124.056392,43.941884],[-124.05634,43.94149],[-124.056329,43.941413],[-124.056316,43.941336],[-124.056314,43.941321],[-124.056306,43.941283],[-124.056297,43.941244],[-124.056288,43.941206],[-124.056277,43.941168],[-124.056266,43.94113],[-124.056254,43.941092],[-124.05624,43.941054],[-124.056226,43.941016],[-124.056211,43.940979],[-124.056195,43.940942],[-124.056178,43.940905],[-124.056161,43.940868],[-124.056142,43.940831],[-124.056123,43.940795],[-124.056102,43.940759],[-124.056081,43.940723],[-124.056059,43.940688],[-124.056036,43.940652],[-124.056012,43.940617],[-124.055987,43.940583],[-124.055962,43.940548],[-124.055936,43.940514],[-124.055908,43.940481],[-124.05588,43.940447],[-124.055852,43.940414],[-124.055822,43.940382],[-124.055792,43.94035],[-124.055769,43.940326],[-124.055761,43.940318],[-124.055729,43.940286],[-124.055696,43.940255],[-124.055663,43.940225],[-124.055629,43.940194],[-124.055594,43.940165],[-124.055559,43.940135],[-124.055522,43.940106],[-124.055485,43.940078],[-124.055448,43.94005],[-124.05541,43.940023],[-124.055371,43.939996],[-124.055331,43.939969],[-124.055291,43.939943],[-124.05525,43.939918],[-124.055209,43.939893],[-124.055167,43.939868],[-124.055124,43.939845],[-124.055094,43.939828],[-124.055081,43.939821],[-124.055037,43.939798],[-124.054993,43.939776],[-124.054948,43.939754],[-124.054903,43.939733],[-124.054898,43.939731],[-124.054898,43.939731],[-124.054806,43.939691],[-124.054713,43.939651],[-124.054696,43.939644],[-124.054696,43.939644],[-124.054168,43.939433],[-124.054168,43.939433],[-124.053483,43.939159],[-124.053483,43.939159],[-124.053462,43.939151],[-124.053346,43.939104],[-124.053231,43.939056],[-124.053118,43.939006],[-124.053005,43.938955],[-124.053005,43.938955],[-124.052988,43.938947],[-124.052938,43.938922],[-124.05289,43.938897],[-124.052841,43.938871],[-124.052794,43.938845],[-124.052747,43.938818],[-124.0527,43.938791],[-124.052654,43.938763],[-124.05263,43.938747],[-124.05263,43.938747],[-124.052609,43.938734],[-124.052565,43.938705],[-124.052521,43.938675],[-124.052479,43.938645],[-124.052436,43.938614],[-124.052395,43.938583],[-124.052354,43.938551],[-124.05234,43.938539],[-124.052315,43.938519],[-124.052275,43.938486],[-124.052237,43.938452],[-124.0522,43.938418],[-124.052163,43.938384],[-124.052127,43.938349],[-124.052092,43.938314],[-124.052058,43.938279],[-124.052025,43.938243],[-124.051993,43.938206],[-124.051961,43.938169],[-124.051931,43.938132],[-124.051901,43.938094],[-124.051872,43.938056],[-124.051844,43.938018],[-124.051817,43.937979],[-124.051791,43.93794],[-124.051766,43.937901],[-124.051742,43.937861],[-124.051719,43.937821],[-124.051697,43.937781],[-124.051676,43.93774],[-124.051656,43.937699],[-124.051637,43.937658],[-124.051618,43.937617],[-124.051601,43.937576],[-124.051585,43.937534],[-124.05157,43.937492],[-124.051556,43.93745],[-124.051543,43.937408],[-124.051538,43.93739],[-124.051513,43.937296],[-124.051491,43.937202],[-124.051471,43.937107],[-124.051453,43.937012],[-124.051405,43.936752],[-124.051362,43.936521],[-124.051342,43.936421],[-124.05132,43.936322],[-124.051296,43.936223],[-124.051269,43.936124],[-124.051264,43.936106],[-124.051249,43.936059],[-124.051233,43.936012],[-124.051215,43.935966],[-124.051197,43.935919],[-124.051177,43.935873],[-124.051157,43.935828],[-124.051135,43.935782],[-124.051123,43.935758],[-124.051123,43.935758],[-124.051123,43.935758],[-124.050707,43.935267],[-124.050693,43.935251],[-124.05067,43.935228],[-124.050645,43.935206],[-124.050629,43.935195],[-124.050597,43.935176],[-124.050576,43.935168],[-124.050562,43.935163],[-124.050535,43.935158],[-124.050521,43.935156],[-124.050489,43.935154],[-124.050475,43.935153],[-124.050436,43.935154],[-124.05041,43.935156],[-124.050383,43.935158],[-124.050342,43.935163],[-124.050339,43.935164],[-124.050292,43.935172],[-124.050275,43.935175],[-124.050221,43.935188],[-124.05033,43.935336],[-124.050341,43.935352],[-124.050403,43.935437],[-124.050463,43.935522],[-124.050521,43.935609],[-124.050569,43.935684],[-124.050576,43.935696],[-124.05059,43.935719],[-124.050613,43.935759],[-124.050634,43.9358],[-124.050655,43.93584],[-124.050675,43.935881],[-124.050694,43.935922],[-124.050712,43.935964],[-124.050729,43.936005],[-124.050745,43.936047],[-124.050759,43.936089],[-124.050773,43.936131],[-124.050786,43.936174],[-124.050798,43.936216],[-124.050802,43.936233],[-124.050824,43.936328],[-124.050843,43.936423],[-124.05086,43.936518],[-124.050874,43.936614],[-124.050897,43.936754],[-124.050706,43.936755],[-124.05073,43.936902],[-124.050746,43.937004],[-124.050765,43.937106],[-124.050787,43.937208],[-124.050811,43.93731],[-124.050815,43.937329],[-124.050829,43.937378],[-124.050844,43.937427],[-124.050861,43.937476],[-124.050878,43.937525],[-124.050897,43.937574],[-124.050917,43.937622],[-124.050938,43.937671],[-124.05096,43.937718],[-124.050984,43.937766],[-124.051008,43.937813],[-124.051034,43.93786],[-124.051061,43.937907],[-124.051088,43.937953],[-124.051117,43.937999],[-124.051148,43.938045],[-124.051179,43.93809],[-124.051211,43.938135],[-124.051244,43.938179],[-124.051279,43.938223],[-124.051314,43.938267],[-124.051351,43.93831],[-124.051389,43.938352],[-124.051427,43.938394],[-124.051467,43.938436],[-124.051507,43.938477],[-124.051549,43.938518],[-124.051592,43.938558],[-124.051635,43.938597],[-124.05168,43.938636],[-124.051725,43.938675],[-124.051771,43.938712],[-124.051819,43.93875],[-124.051867,43.938786],[-124.051916,43.938822],[-124.051966,43.938858],[-124.052016,43.938892],[-124.052068,43.938926],[-124.05212,43.93896],[-124.052174,43.938993],[-124.052228,43.939025],[-124.052282,43.939056],[-124.052338,43.939087],[-124.052394,43.939117],[-124.052451,43.939146],[-124.052484,43.939163],[-124.052484,43.939163],[-124.052603,43.939219],[-124.052724,43.939274],[-124.052846,43.939328],[-124.05297,43.93938],[-124.052992,43.939389],[-124.052992,43.939389],[-124.053915,43.939773],[-124.053915,43.939773],[-124.053936,43.939782],[-124.054048,43.939829],[-124.054158,43.939877],[-124.054268,43.939927],[-124.054375,43.939978],[-124.054376,43.939978],[-124.054376,43.939979],[-124.054382,43.939981],[-124.054428,43.940005],[-124.054474,43.940029],[-124.054519,43.940054],[-124.054564,43.940079],[-124.054608,43.940105],[-124.054651,43.940131],[-124.054693,43.940158],[-124.054735,43.940186],[-124.054777,43.940214],[-124.054817,43.940242],[-124.054857,43.940271],[-124.054897,43.940301],[-124.054935,43.940331],[-124.05509,43.94033],[-124.055185,43.94033],[-124.055207,43.940349],[-124.055244,43.940383],[-124.055281,43.940417],[-124.055316,43.940452],[-124.055351,43.940488],[-124.055385,43.940523],[-124.055418,43.940559],[-124.05545,43.940596],[-124.055482,43.940633],[-124.055512,43.94067],[-124.055541,43.940708],[-124.05557,43.940746],[-124.055598,43.940785],[-124.055624,43.940823],[-124.05565,43.940862],[-124.055675,43.940902],[-124.055699,43.940942],[-124.055722,43.940982],[-124.055744,43.941022],[-124.055765,43.941063],[-124.055785,43.941103],[-124.055804,43.941145],[-124.055822,43.941186],[-124.055839,43.941227],[-124.055855,43.941269],[-124.05587,43.941311],[-124.055884,43.941353],[-124.055897,43.941396],[-124.055908,43.941438],[-124.055919,43.941479],[-124.055919,43.941481],[-124.055923,43.941496],[-124.055942,43.941591],[-124.05596,43.941686],[-124.055975,43.941782],[-124.055988,43.941877],[-124.056024,43.94215],[-124.056037,43.94225],[-124.056053,43.94235],[-124.056071,43.94245],[-124.056092,43.94255],[-124.056096,43.942568],[-124.056105,43.942609],[-124.056115,43.94265],[-124.056126,43.942691],[-124.056138,43.942732],[-124.056151,43.942772],[-124.056164,43.942813],[-124.056179,43.942853],[-124.056195,43.942893],[-124.056212,43.942933],[-124.056229,43.942972],[-124.056248,43.943012],[-124.056268,43.943051],[-124.056288,43.94309],[-124.05631,43.943128],[-124.056332,43.943167],[-124.056355,43.943205],[-124.05638,43.943242],[-124.056405,43.94328],[-124.056431,43.943317],[-124.056458,43.943354],[-124.05646,43.943357],[-124.05652,43.943434],[-124.056581,43.94351],[-124.056644,43.943585],[-124.056709,43.943659],[-124.056776,43.943733],[-124.056829,43.943789],[-124.05695,43.943914],[-124.056947,43.943914],[-124.056949,43.943916],[-124.057301,43.944272],[-124.057383,43.944357],[-124.057474,43.944452],[-124.057562,43.944548],[-124.057583,43.944572],[-124.05762,43.944617],[-124.057657,43.944662],[-124.057692,43.944708],[-124.057727,43.944754],[-124.05776,43.944801],[-124.057792,43.944848],[-124.057823,43.944895],[-124.057853,43.944943],[-124.057882,43.944991],[-124.057909,43.94504],[-124.057915,43.945051],[-124.057948,43.945112],[-124.05798,43.945174],[-124.05801,43.945237],[-124.058038,43.9453],[-124.058065,43.945363],[-124.058091,43.945427],[-124.058114,43.945491],[-124.058137,43.945555],[-124.058158,43.945619],[-124.058177,43.945684],[-124.058194,43.945749],[-124.05821,43.945814],[-124.058225,43.945879],[-124.058238,43.945945],[-124.058249,43.946011],[-124.058259,43.946076],[-124.058267,43.946142],[-124.058274,43.946208],[-124.058279,43.946275],[-124.058282,43.946341],[-124.058284,43.946407],[-124.058284,43.946473],[-124.058282,43.946539],[-124.058279,43.946605],[-124.058275,43.946671],[-124.058269,43.946737],[-124.058261,43.946803],[-124.058251,43.946869],[-124.058229,43.946987],[-124.058198,43.947134],[-124.058164,43.947281],[-124.058143,43.947363],[-124.058126,43.947428],[-124.057404,43.950216],[-124.057217,43.950952],[-124.057179,43.951114],[-124.057012,43.951843],[-124.056846,43.952659],[-124.056699,43.953478],[-124.056646,43.953805],[-124.056635,43.953876],[-124.056626,43.953947],[-124.056618,43.954017],[-124.056612,43.954088],[-124.056608,43.954159],[-124.056605,43.95423],[-124.056604,43.954301],[-124.056604,43.95432],[-124.056605,43.954349],[-124.056608,43.954415],[-124.056612,43.954481],[-124.056617,43.954547],[-124.056624,43.954613],[-124.056633,43.954679],[-124.056642,43.954737],[-124.056672,43.954885],[-124.056705,43.955032],[-124.056741,43.955179],[-124.056773,43.955296],[-124.056796,43.955423],[-124.057453,43.957841],[-124.057522,43.958103],[-124.057584,43.958367],[-124.057639,43.958631],[-124.057641,43.958644],[-124.057662,43.958825],[-124.057676,43.959005],[-124.057682,43.959186],[-124.057682,43.959367],[-124.057674,43.959548],[-124.057658,43.959729],[-124.057636,43.959909],[-124.057606,43.960089],[-124.057569,43.960268],[-124.057525,43.960446],[-124.057474,43.960623],[-124.057416,43.9608],[-124.057351,43.960974],[-124.05723,43.961232],[-124.057102,43.961487],[-124.056968,43.961741],[-124.056716,43.962204],[-124.056635,43.962361],[-124.056559,43.962519],[-124.056486,43.962677],[-124.056421,43.962818],[-124.056363,43.962959],[-124.056312,43.963102],[-124.056267,43.963247],[-124.05623,43.963392],[-124.0562,43.963538],[-124.056177,43.963685],[-124.056164,43.963808],[-124.056155,43.96393],[-124.056151,43.964053],[-124.056152,43.964176],[-124.056159,43.964299],[-124.056171,43.964433],[-124.05619,43.964567],[-124.056214,43.9647],[-124.056245,43.964833],[-124.056281,43.964965],[-124.056323,43.965096],[-124.056371,43.965226],[-124.056424,43.965355],[-124.056492,43.965515],[-124.056564,43.965674],[-124.056639,43.965833],[-124.056656,43.965868],[-124.057278,43.967153],[-124.05741,43.967446],[-124.057493,43.967685],[-124.05751,43.967754],[-124.057523,43.967823],[-124.057532,43.967893],[-124.057343,43.967904],[-124.057349,43.967992],[-124.057349,43.968081],[-124.057343,43.968169],[-124.05733,43.968257],[-124.057236,43.968248],[-124.057226,43.968298],[-124.057213,43.968347],[-124.057211,43.968357],[-124.057182,43.968446],[-124.057147,43.968534],[-124.057104,43.96862],[-124.057063,43.968692],[-124.057017,43.968763],[-124.056966,43.968832],[-124.056911,43.968899],[-124.056856,43.968959],[-124.05709,43.969076],[-124.057022,43.969144],[-124.056949,43.96921],[-124.056873,43.969273],[-124.056792,43.969333],[-124.056708,43.96939],[-124.056704,43.969393],[-124.056602,43.969456],[-124.056448,43.969538],[-124.05629,43.969616],[-124.05613,43.969692],[-124.055966,43.969763],[-124.054795,43.970245],[-124.050169,43.972147],[-124.050038,43.972201],[-124.049847,43.971964]]],[[[-124.045227,43.984495],[-124.045099,43.984539],[-124.045097,43.984609],[-124.045091,43.9847],[-124.045079,43.984791],[-124.045061,43.984882],[-124.045036,43.984972],[-124.045221,43.984878],[-124.045365,43.984805],[-124.045382,43.984573],[-124.045335,43.984486],[-124.045481,43.984434],[-124.045482,43.984408],[-124.045227,43.984495]]],[[[-123.638181,43.999623],[-123.638308,43.999613],[-123.638436,43.999608],[-123.638563,43.999608],[-123.638691,43.999612],[-123.638818,43.999621],[-123.638945,43.999635],[-123.63907,43.999653],[-123.639194,43.999675],[-123.639316,43.999703],[-123.639317,43.999416],[-123.639175,43.999389],[-123.639032,43.999367],[-123.638887,43.999351],[-123.638741,43.99934],[-123.638595,43.999334],[-123.638516,43.999333],[-123.638437,43.999334],[-123.638434,43.999334],[-123.638428,43.999334],[-123.638424,43.999334],[-123.638424,43.999334],[-123.638423,43.999334],[-123.638418,43.999334],[-123.638279,43.99934],[-123.638142,43.99935],[-123.638181,43.999623]]],[[[-123.655468,44.002422],[-123.655553,44.002451],[-123.655745,44.002214],[-123.655738,44.002211],[-123.655679,44.00219],[-123.655468,44.002422]]],[[[-123.642489,44.003639],[-123.64261,44.003723],[-123.642735,44.003802],[-123.642866,44.003878],[-123.643,44.003949],[-123.643139,44.004016],[-123.643282,44.004079],[-123.643428,44.004137],[-123.643578,44.00419],[-123.643731,44.004239],[-123.643887,44.004283],[-123.644045,44.004321],[-123.644206,44.004355],[-123.644368,44.004383],[-123.644532,44.004407],[-123.644697,44.004425],[-123.644863,44.004438],[-123.64503,44.004446],[-123.645197,44.004448],[-123.645364,44.004446],[-123.645531,44.004437],[-123.645697,44.004424],[-123.645862,44.004406],[-123.646111,44.004364],[-123.646358,44.004317],[-123.646603,44.004265],[-123.646846,44.004208],[-123.647087,44.004146],[-123.652452,44.002667],[-123.653152,44.002474],[-123.653332,44.002424],[-123.653515,44.002379],[-123.6537,44.002339],[-123.653887,44.002303],[-123.654013,44.002285],[-123.654141,44.002272],[-123.65427,44.002264],[-123.654399,44.002261],[-123.654528,44.002262],[-123.654657,44.002268],[-123.654785,44.002279],[-123.654912,44.002294],[-123.655038,44.002314],[-123.655163,44.002339],[-123.655285,44.002368],[-123.65535,44.002239],[-123.655229,44.00221],[-123.655107,44.002185],[-123.654983,44.002165],[-123.654858,44.002148],[-123.654732,44.002136],[-123.654605,44.002128],[-123.654478,44.002124],[-123.654351,44.002124],[-123.654238,44.002128],[-123.654126,44.002135],[-123.654105,44.001999],[-123.654001,44.002009],[-123.653897,44.002021],[-123.653794,44.002037],[-123.653596,44.002075],[-123.653399,44.002118],[-123.653204,44.002166],[-123.653011,44.002219],[-123.652457,44.002371],[-123.646796,44.00393],[-123.646596,44.003979],[-123.646394,44.004024],[-123.646191,44.004065],[-123.645987,44.004103],[-123.645781,44.004137],[-123.645623,44.004155],[-123.645463,44.004166],[-123.645303,44.004173],[-123.645143,44.004174],[-123.644982,44.00417],[-123.644823,44.00416],[-123.644664,44.004145],[-123.644506,44.004124],[-123.64435,44.004099],[-123.644195,44.004068],[-123.644043,44.004032],[-123.643893,44.00399],[-123.643746,44.003944],[-123.643602,44.003893],[-123.643462,44.003837],[-123.643325,44.003777],[-123.643192,44.003712],[-123.643064,44.003642],[-123.64294,44.003568],[-123.642822,44.003491],[-123.642708,44.003409],[-123.6426,44.003324],[-123.642497,44.003235],[-123.642403,44.003145],[-123.642385,44.003126],[-123.64238,44.003122],[-123.642376,44.003117],[-123.642376,44.003117],[-123.642376,44.003117],[-123.642372,44.003113],[-123.642367,44.003108],[-123.642367,44.003108],[-123.642349,44.003089],[-123.642344,44.003084],[-123.64234,44.00308],[-123.642339,44.003078],[-123.642335,44.003074],[-123.642332,44.00307],[-123.642331,44.00307],[-123.642314,44.003051],[-123.642297,44.003032],[-123.642297,44.003032],[-123.64228,44.003013],[-123.64228,44.003013],[-123.642274,44.003007],[-123.642269,44.003],[-123.642264,44.002994],[-123.642247,44.002975],[-123.642231,44.002955],[-123.642231,44.002955],[-123.642215,44.002936],[-123.642215,44.002936],[-123.6422,44.002916],[-123.6422,44.002916],[-123.642195,44.00291],[-123.64219,44.002903],[-123.642185,44.002896],[-123.642184,44.002896],[-123.642181,44.002892],[-123.642175,44.002884],[-123.642169,44.002877],[-123.642169,44.002876],[-123.642155,44.002857],[-123.642154,44.002856],[-123.642153,44.002854],[-123.642147,44.002846],[-123.642146,44.002845],[-123.64214,44.002837],[-123.642139,44.002835],[-123.642133,44.002826],[-123.642125,44.002816],[-123.642058,44.002715],[-123.64197,44.00255],[-123.641888,44.002384],[-123.641813,44.002216],[-123.641745,44.002046],[-123.641684,44.001875],[-123.641442,44.001192],[-123.64139,44.001049],[-123.641332,44.000906],[-123.641268,44.000765],[-123.641197,44.000626],[-123.641136,44.000528],[-123.641069,44.000432],[-123.640994,44.00034],[-123.640914,44.00025],[-123.640827,44.000163],[-123.640734,44.000079],[-123.640636,43.999999],[-123.640532,43.999923],[-123.640422,43.99985],[-123.640308,43.999782],[-123.640189,43.999718],[-123.640065,43.999658],[-123.639938,43.999603],[-123.639807,43.999553],[-123.639672,43.999508],[-123.639535,43.999468],[-123.639601,43.999786],[-123.639641,43.9998],[-123.63976,43.999846],[-123.639875,43.999896],[-123.639986,43.999951],[-123.640093,44.000009],[-123.640196,44.000072],[-123.640294,44.000139],[-123.640387,44.000209],[-123.640474,44.000282],[-123.640556,44.000359],[-123.640633,44.000439],[-123.640703,44.000522],[-123.640767,44.000608],[-123.640825,44.000695],[-123.640842,44.000725],[-123.640905,44.000846],[-123.640962,44.00097],[-123.641013,44.001094],[-123.640739,44.00115],[-123.640769,44.001228],[-123.640796,44.001307],[-123.641039,44.001991],[-123.641093,44.002145],[-123.641154,44.002298],[-123.641219,44.002451],[-123.641289,44.002602],[-123.641364,44.002752],[-123.641445,44.0029],[-123.641514,44.003007],[-123.64159,44.003112],[-123.641671,44.003214],[-123.641758,44.003314],[-123.64185,44.003412],[-123.641882,44.003443],[-123.642112,44.003322],[-123.642112,44.003322],[-123.642112,44.003322],[-123.642137,44.003347],[-123.642144,44.003353],[-123.64215,44.003359],[-123.642163,44.003371],[-123.642216,44.00342],[-123.64223,44.003432],[-123.64225,44.00345],[-123.642292,44.003485],[-123.642377,44.003555],[-123.642465,44.003622],[-123.642489,44.003639]]],[[[-123.661959,44.008512],[-123.662071,44.008585],[-123.662186,44.008654],[-123.662306,44.00872],[-123.662429,44.008782],[-123.662555,44.00884],[-123.662685,44.008894],[-123.662818,44.008944],[-123.662954,44.00899],[-123.663104,44.009035],[-123.663256,44.009075],[-123.663411,44.00911],[-123.663568,44.009139],[-123.663726,44.009164],[-123.663886,44.009183],[-123.664047,44.009197],[-123.664208,44.009206],[-123.66437,44.009209],[-123.664532,44.009207],[-123.664694,44.0092],[-123.664855,44.009187],[-123.665015,44.009169],[-123.665185,44.009144],[-123.665353,44.009115],[-123.665519,44.00908],[-123.665682,44.00904],[-123.665844,44.008996],[-123.666003,44.008946],[-123.666158,44.008892],[-123.666311,44.008833],[-123.66646,44.00877],[-123.666605,44.008702],[-123.666746,44.00863],[-123.666883,44.008554],[-123.667015,44.008474],[-123.667143,44.00839],[-123.667265,44.008302],[-123.667383,44.008211],[-123.667495,44.008116],[-123.667601,44.008017],[-123.667702,44.007916],[-123.667797,44.007812],[-123.667886,44.007705],[-123.667968,44.007595],[-123.668044,44.007483],[-123.668114,44.007369],[-123.668176,44.007253],[-123.668233,44.007135],[-123.668296,44.006973],[-123.668353,44.006809],[-123.668403,44.006645],[-123.668447,44.006479],[-123.668484,44.006313],[-123.668698,44.005398],[-123.668732,44.005259],[-123.668737,44.005237],[-123.668739,44.005231],[-123.668743,44.005215],[-123.668748,44.005194],[-123.66875,44.00519],[-123.668754,44.005174],[-123.668755,44.005171],[-123.66876,44.00515],[-123.668761,44.005148],[-123.668766,44.005129],[-123.668766,44.005128],[-123.668766,44.005128],[-123.668766,44.005127],[-123.668772,44.005106],[-123.668772,44.005106],[-123.668772,44.005106],[-123.668778,44.005084],[-123.668784,44.005065],[-123.668791,44.005039],[-123.668796,44.005023],[-123.668804,44.004994],[-123.668817,44.00495],[-123.668821,44.004936],[-123.668826,44.004921],[-123.668831,44.004905],[-123.668835,44.004891],[-123.66884,44.004876],[-123.668845,44.00486],[-123.668849,44.004846],[-123.668854,44.004831],[-123.668859,44.004816],[-123.668864,44.004801],[-123.668868,44.004786],[-123.668873,44.004771],[-123.668878,44.004756],[-123.668883,44.004742],[-123.668888,44.004727],[-123.668893,44.004711],[-123.668898,44.004697],[-123.668903,44.004683],[-123.668908,44.004666],[-123.668913,44.004652],[-123.668918,44.004638],[-123.668924,44.004621],[-123.668929,44.004608],[-123.668933,44.004594],[-123.668949,44.00455],[-123.668956,44.004532],[-123.668961,44.004519],[-123.668965,44.004505],[-123.668982,44.004461],[-123.668998,44.004417],[-123.669015,44.004373],[-123.669032,44.004329],[-123.66905,44.004285],[-123.669068,44.004241],[-123.669086,44.004198],[-123.669104,44.004154],[-123.669123,44.00411],[-123.669141,44.004067],[-123.669161,44.004023],[-123.66918,44.003979],[-123.6692,44.003936],[-123.66922,44.003893],[-123.66924,44.003849],[-123.669244,44.003841],[-123.669244,44.003841],[-123.669244,44.003841],[-123.669261,44.003806],[-123.669274,44.003778],[-123.669281,44.003763],[-123.669293,44.003738],[-123.669302,44.00372],[-123.669313,44.003698],[-123.669324,44.003677],[-123.669333,44.003658],[-123.669335,44.003655],[-123.669345,44.003634],[-123.669353,44.003619],[-123.669356,44.003612],[-123.669367,44.003591],[-123.669374,44.003579],[-123.669378,44.00357],[-123.66939,44.003548],[-123.669458,44.00342],[-123.669559,44.00324],[-123.669582,44.003199],[-123.669583,44.003198],[-123.669586,44.003193],[-123.66959,44.003186],[-123.669592,44.003182],[-123.669597,44.003173],[-123.669598,44.003172],[-123.669607,44.003157],[-123.669616,44.003142],[-123.669619,44.003136],[-123.669623,44.00313],[-123.669625,44.003126],[-123.669626,44.003125],[-123.669627,44.003123],[-123.669628,44.003122],[-123.669628,44.003121],[-123.669628,44.003121],[-123.669628,44.003121],[-123.669651,44.003082],[-123.669675,44.003044],[-123.669675,44.003043],[-123.669681,44.003033],[-123.669681,44.003033],[-123.669682,44.003033],[-123.669682,44.003031],[-123.66969,44.00302],[-123.669692,44.003016],[-123.669692,44.003016],[-123.669697,44.003008],[-123.669697,44.003007],[-123.669698,44.003006],[-123.669698,44.003005],[-123.669698,44.003005],[-123.669704,44.002996],[-123.669709,44.002988],[-123.669711,44.002985],[-123.669712,44.002983],[-123.669713,44.002981],[-123.669718,44.002973],[-123.669724,44.002963],[-123.669728,44.002958],[-123.669729,44.002955],[-123.669731,44.002953],[-123.669734,44.002947],[-123.669735,44.002945],[-123.669736,44.002945],[-123.669738,44.002941],[-123.669739,44.002939],[-123.669741,44.002936],[-123.669751,44.002921],[-123.669751,44.002921],[-123.669751,44.00292],[-123.669765,44.002898],[-123.669767,44.002895],[-123.669768,44.002893],[-123.669769,44.002893],[-123.66977,44.002891],[-123.669771,44.002889],[-123.669785,44.002867],[-123.669787,44.002865],[-123.669805,44.002836],[-123.670593,44.001589],[-123.670684,44.001447],[-123.670778,44.001306],[-123.670877,44.001167],[-123.670904,44.001129],[-123.67093,44.001093],[-123.671021,44.000978],[-123.671118,44.000865],[-123.67122,44.000755],[-123.671327,44.000647],[-123.67144,44.000542],[-123.671557,44.00044],[-123.67168,44.000341],[-123.671807,44.000246],[-123.671939,44.000153],[-123.671959,44.000139],[-123.671965,44.000135],[-123.67198,44.000125],[-123.671995,44.000116],[-123.671997,44.000114],[-123.671999,44.000113],[-123.672004,44.00011],[-123.672005,44.000109],[-123.672007,44.000107],[-123.67201,44.000105],[-123.67201,44.000105],[-123.67201,44.000105],[-123.672016,44.000102],[-123.672019,44.0001],[-123.672023,44.000097],[-123.672086,44.000057],[-123.672097,44.00005],[-123.672116,44.000038],[-123.672118,44.000037],[-123.672267,43.999948],[-123.672421,43.999863],[-123.672579,43.999782],[-123.672741,43.999706],[-123.672906,43.999634],[-123.673076,43.999566],[-123.673248,43.999503],[-123.673424,43.999444],[-123.673603,43.99939],[-123.673784,43.999341],[-123.673968,43.999297],[-123.674153,43.999258],[-123.674341,43.999223],[-123.67453,43.999194],[-123.674556,43.999191],[-123.674569,43.999189],[-123.67473,43.999169],[-123.674891,43.999153],[-123.675053,43.99914],[-123.675215,43.999131],[-123.675218,43.999131],[-123.675323,43.999127],[-123.675501,43.999124],[-123.675679,43.999125],[-123.675857,43.999131],[-123.676035,43.999141],[-123.676212,43.999155],[-123.676388,43.999174],[-123.676563,43.999197],[-123.676737,43.999224],[-123.67691,43.999256],[-123.677188,43.999316],[-123.677423,43.999371],[-123.677657,43.999429],[-123.678748,43.999706],[-123.679019,43.999775],[-123.679291,43.999841],[-123.679291,43.999841],[-123.679291,43.999841],[-123.679545,43.9999],[-123.679799,43.999955],[-123.680055,44.000006],[-123.680312,44.000055],[-123.681006,44.000157],[-123.681255,44.000245],[-123.681443,44.000261],[-123.682193,44.000271],[-123.682825,44.000317],[-123.68356,44.000379],[-123.683994,44.000418],[-123.684531,44.000479],[-123.68479,44.000492],[-123.685395,44.000526],[-123.685886,44.000548],[-123.686314,44.000563],[-123.686862,44.000591],[-123.687056,44.000614],[-123.687488,44.000627],[-123.687826,44.000607],[-123.688169,44.000573],[-123.688363,44.000608],[-123.688625,44.000626],[-123.688807,44.000596],[-123.689037,44.000528],[-123.689199,44.000496],[-123.689327,44.000476],[-123.689488,44.000466],[-123.689683,44.000421],[-123.690135,44.000306],[-123.69056,44.000212],[-123.690983,44.00014],[-123.691229,44.000135],[-123.69142,44.000173],[-123.691425,44.000172],[-123.69165,44.000134],[-123.691877,44.0001],[-123.691915,44.000095],[-123.691953,44.00009],[-123.691954,44.00009],[-123.691955,44.00009],[-123.692086,44.000072],[-123.69213,44.000067],[-123.692251,44.000017],[-123.692251,43.999914],[-123.692501,43.999887],[-123.692753,43.999866],[-123.693005,43.999848],[-123.693257,43.999835],[-123.69351,43.999826],[-123.693768,43.999822],[-123.693905,43.999821],[-123.694042,43.999825],[-123.694179,43.999834],[-123.694314,43.999848],[-123.694449,43.999867],[-123.694582,43.99989],[-123.694713,43.999919],[-123.694841,43.999952],[-123.694967,43.999989],[-123.69509,44.000031],[-123.695209,44.000078],[-123.695355,44.000142],[-123.695497,44.000208],[-123.695637,44.000278],[-123.695774,44.000351],[-123.69699,44.001012],[-123.697191,44.001122],[-123.697387,44.001235],[-123.69758,44.001352],[-123.697768,44.001473],[-123.697768,44.001473],[-123.697769,44.001473],[-123.69782,44.001507],[-123.697833,44.001516],[-123.697837,44.001519],[-123.697845,44.001524],[-123.69787,44.001542],[-123.697881,44.001549],[-123.697895,44.001559],[-123.697902,44.001564],[-123.697911,44.001571],[-123.69792,44.001577],[-123.697945,44.001595],[-123.697969,44.001613],[-123.697993,44.001631],[-123.698017,44.001649],[-123.698041,44.001668],[-123.698064,44.001686],[-123.698088,44.001705],[-123.698111,44.001724],[-123.698156,44.001762],[-123.698179,44.001781],[-123.698201,44.0018],[-123.698223,44.00182],[-123.698244,44.001839],[-123.698266,44.001859],[-123.698287,44.001879],[-123.698293,44.001885],[-123.698301,44.001892],[-123.698308,44.001899],[-123.698329,44.001919],[-123.698338,44.001928],[-123.698347,44.001937],[-123.69835,44.001939],[-123.69837,44.00196],[-123.69838,44.00197],[-123.698382,44.001972],[-123.69839,44.00198],[-123.698399,44.001989],[-123.6984,44.00199],[-123.698409,44.002],[-123.698409,44.002],[-123.698449,44.002043],[-123.698529,44.002133],[-123.698605,44.002225],[-123.698676,44.00232],[-123.698743,44.002416],[-123.698844,44.002579],[-123.698939,44.002745],[-123.699028,44.002912],[-123.699111,44.00308],[-123.699252,44.003423],[-123.699369,44.003701],[-123.699492,44.003977],[-123.699506,44.004006],[-123.699593,44.004183],[-123.699686,44.004359],[-123.699702,44.004388],[-123.699848,44.004642],[-123.699999,44.004893],[-123.699999,44.004894],[-123.700674,44.006004],[-123.70102,44.005889],[-123.700347,44.004783],[-123.700189,44.00452],[-123.700038,44.004256],[-123.699942,44.004075],[-123.699853,44.003891],[-123.699732,44.003619],[-123.699617,44.003346],[-123.699476,44.003005],[-123.699388,44.002825],[-123.699294,44.002648],[-123.699193,44.002472],[-123.699086,44.002298],[-123.699026,44.002211],[-123.698964,44.002126],[-123.698897,44.002042],[-123.698875,44.002016],[-123.698866,44.002005],[-123.69886,44.001997],[-123.698841,44.001975],[-123.698836,44.001969],[-123.698821,44.001952],[-123.698782,44.001908],[-123.698761,44.001886],[-123.698741,44.001864],[-123.69874,44.001864],[-123.69874,44.001863],[-123.698678,44.0018],[-123.698636,44.001757],[-123.698592,44.001715],[-123.698513,44.001642],[-123.698431,44.001572],[-123.698383,44.001532],[-123.698334,44.001493],[-123.698285,44.001454],[-123.698259,44.001435],[-123.698163,44.001365],[-123.698157,44.00136],[-123.698131,44.001342],[-123.698128,44.00134],[-123.698104,44.001324],[-123.698099,44.00132],[-123.698098,44.00132],[-123.698078,44.001306],[-123.698051,44.001288],[-123.698024,44.00127],[-123.698024,44.00127],[-123.698023,44.00127],[-123.697828,44.001144],[-123.697628,44.001023],[-123.697424,44.000905],[-123.697216,44.000792],[-123.695986,44.000123],[-123.695841,44.000045],[-123.695692,43.999971],[-123.695539,43.999901],[-123.695384,43.999834],[-123.695255,43.999785],[-123.695123,43.99974],[-123.694989,43.999699],[-123.694852,43.999663],[-123.694712,43.999632],[-123.694634,43.999617],[-123.694556,43.999603],[-123.694478,43.999591],[-123.694468,43.999589],[-123.694458,43.999588],[-123.694449,43.999587],[-123.694439,43.999585],[-123.69443,43.999584],[-123.694426,43.999583],[-123.69442,43.999583],[-123.694416,43.999582],[-123.694415,43.999582],[-123.694411,43.999582],[-123.694401,43.99958],[-123.69426,43.999565],[-123.694222,43.999561],[-123.694103,43.999553],[-123.694093,43.999553],[-123.694064,43.999551],[-123.694055,43.999551],[-123.69405,43.999551],[-123.694045,43.99955],[-123.694035,43.99955],[-123.693931,43.999547],[-123.693843,43.999547],[-123.693755,43.999548],[-123.693661,43.999549],[-123.693657,43.999549],[-123.693629,43.99955],[-123.693626,43.99955],[-123.693621,43.99955],[-123.693615,43.99955],[-123.693612,43.99955],[-123.693603,43.99955],[-123.693603,43.99955],[-123.693594,43.99955],[-123.693566,43.999551],[-123.693531,43.999551],[-123.693486,43.999553],[-123.693446,43.999554],[-123.693308,43.999558],[-123.693292,43.999559],[-123.693289,43.999559],[-123.693289,43.999559],[-123.693285,43.999559],[-123.693259,43.99956],[-123.693255,43.99956],[-123.693252,43.999561],[-123.693225,43.999562],[-123.693198,43.999563],[-123.69314,43.999566],[-123.693085,43.999568],[-123.693085,43.999568],[-123.69303,43.999571],[-123.693002,43.999573],[-123.69299,43.999574],[-123.692975,43.999575],[-123.692974,43.999575],[-123.692758,43.999589],[-123.692488,43.999612],[-123.692307,43.99963],[-123.692252,43.999636],[-123.692252,43.999497],[-123.691994,43.999527],[-123.691737,43.999561],[-123.691481,43.9996],[-123.691226,43.999643],[-123.690836,43.999723],[-123.690448,43.999808],[-123.689639,43.999989],[-123.689393,44.000043],[-123.689146,44.000093],[-123.688897,44.000139],[-123.688727,44.000165],[-123.688556,44.000187],[-123.688384,44.000204],[-123.688211,44.000217],[-123.688038,44.000226],[-123.687865,44.000231],[-123.687691,44.000231],[-123.687434,44.000224],[-123.687177,44.000212],[-123.68692,44.000197],[-123.682934,43.999943],[-123.682654,43.999924],[-123.682374,43.999904],[-123.682283,43.999897],[-123.682102,43.999881],[-123.681921,43.999863],[-123.681913,43.999862],[-123.681909,43.999862],[-123.681903,43.999861],[-123.681903,43.999861],[-123.681892,43.99986],[-123.68189,43.99986],[-123.681878,43.999859],[-123.681875,43.999858],[-123.681874,43.999858],[-123.681695,43.999839],[-123.681675,43.999837],[-123.681675,43.999975],[-123.681387,43.999941],[-123.681101,43.999902],[-123.680816,43.999859],[-123.680532,43.999811],[-123.680249,43.99976],[-123.679968,43.999704],[-123.679689,43.999645],[-123.679411,43.999581],[-123.679411,43.999581],[-123.67941,43.999581],[-123.679142,43.999515],[-123.678875,43.999448],[-123.677786,43.999171],[-123.677498,43.9991],[-123.677209,43.999033],[-123.677014,43.998992],[-123.677,43.998989],[-123.676974,43.998984],[-123.676779,43.99895],[-123.676581,43.99892],[-123.676383,43.998896],[-123.676183,43.998876],[-123.675982,43.998862],[-123.675781,43.998853],[-123.67558,43.99885],[-123.675378,43.998851],[-123.675177,43.998858],[-123.674976,43.99887],[-123.674776,43.998887],[-123.674577,43.998909],[-123.674379,43.998936],[-123.674182,43.998969],[-123.673987,43.999006],[-123.673795,43.999049],[-123.673604,43.999096],[-123.673416,43.999149],[-123.673231,43.999206],[-123.673048,43.999268],[-123.672869,43.999334],[-123.672694,43.999406],[-123.672521,43.999481],[-123.672353,43.999561],[-123.672189,43.999646],[-123.672029,43.999734],[-123.672029,43.999734],[-123.672027,43.999735],[-123.672026,43.999736],[-123.672024,43.999737],[-123.672016,43.999741],[-123.672016,43.999742],[-123.672016,43.999742],[-123.672015,43.999742],[-123.672009,43.999746],[-123.672008,43.999746],[-123.672006,43.999747],[-123.672005,43.999748],[-123.671997,43.999753],[-123.671965,43.999771],[-123.671818,43.999861],[-123.671676,43.999955],[-123.671538,44.000052],[-123.671404,44.000152],[-123.671276,44.000256],[-123.671152,44.000363],[-123.671034,44.000472],[-123.670921,44.000585],[-123.670813,44.0007],[-123.670711,44.000818],[-123.670614,44.000939],[-123.670595,44.000964],[-123.670477,44.001128],[-123.670359,44.001301],[-123.670246,44.001476],[-123.669575,44.002539],[-123.669469,44.002706],[-123.669401,44.002814],[-123.669333,44.002923],[-123.669323,44.00294],[-123.669235,44.002913],[-123.669149,44.002885],[-123.669035,44.003078],[-123.668926,44.003272],[-123.668823,44.003467],[-123.668725,44.003665],[-123.668633,44.003863],[-123.668547,44.004063],[-123.668466,44.004264],[-123.668413,44.004403],[-123.668346,44.004592],[-123.668285,44.004782],[-123.668228,44.004973],[-123.668176,44.005164],[-123.66813,44.005356],[-123.668317,44.005379],[-123.668108,44.006273],[-123.668073,44.006432],[-123.668031,44.006589],[-123.667983,44.006746],[-123.667929,44.006902],[-123.667868,44.007057],[-123.667815,44.007168],[-123.667755,44.007277],[-123.667688,44.007385],[-123.667616,44.00749],[-123.667537,44.007593],[-123.667451,44.007693],[-123.66736,44.00779],[-123.667264,44.007885],[-123.667161,44.007976],[-123.667053,44.008065],[-123.66694,44.008149],[-123.666822,44.00823],[-123.6667,44.008308],[-123.666573,44.008381],[-123.666441,44.008451],[-123.666306,44.008516],[-123.666166,44.008577],[-123.666023,44.008634],[-123.665877,44.008686],[-123.665728,44.008733],[-123.665577,44.008776],[-123.665422,44.008814],[-123.665266,44.008847],[-123.665108,44.008876],[-123.664948,44.008899],[-123.664795,44.008916],[-123.664641,44.008928],[-123.664487,44.008934],[-123.664332,44.008935],[-123.664177,44.00893],[-123.664023,44.00892],[-123.66387,44.008904],[-123.663718,44.008883],[-123.663568,44.008857],[-123.663419,44.008825],[-123.663273,44.008788],[-123.66313,44.008746],[-123.662989,44.008699],[-123.662852,44.008647],[-123.662719,44.00859],[-123.66259,44.008529],[-123.662464,44.008463],[-123.662344,44.008393],[-123.662229,44.008319],[-123.662105,44.008227],[-123.66209,44.008215],[-123.662081,44.008208],[-123.662075,44.008204],[-123.66206,44.008192],[-123.662052,44.008186],[-123.662045,44.00818],[-123.662034,44.008172],[-123.66203,44.008168],[-123.662023,44.008163],[-123.662015,44.008157],[-123.661985,44.008133],[-123.661975,44.008125],[-123.661966,44.008117],[-123.661956,44.008109],[-123.661946,44.008101],[-123.661937,44.008094],[-123.661926,44.008085],[-123.661909,44.00807],[-123.661897,44.008061],[-123.661869,44.008036],[-123.66184,44.008012],[-123.661812,44.007987],[-123.661784,44.007962],[-123.661756,44.007938],[-123.661728,44.007913],[-123.661701,44.007887],[-123.661674,44.007862],[-123.661663,44.007852],[-123.661647,44.007837],[-123.661637,44.007827],[-123.66162,44.007811],[-123.661611,44.007802],[-123.661602,44.007794],[-123.661594,44.007785],[-123.661567,44.00776],[-123.661561,44.007753],[-123.661542,44.007734],[-123.661529,44.007721],[-123.661526,44.007718],[-123.661516,44.007708],[-123.661503,44.007695],[-123.661503,44.007694],[-123.66149,44.007681],[-123.661489,44.00768],[-123.66148,44.007671],[-123.661477,44.007668],[-123.661465,44.007655],[-123.661391,44.007575],[-123.657052,44.003113],[-123.656934,44.002991],[-123.65681,44.002873],[-123.65668,44.002758],[-123.656545,44.002645],[-123.656458,44.002581],[-123.656367,44.00252],[-123.656323,44.002492],[-123.656301,44.002479],[-123.656255,44.002452],[-123.656232,44.002439],[-123.656162,44.0024],[-123.656091,44.002363],[-123.65602,44.002328],[-123.655842,44.002572],[-123.655853,44.002578],[-123.655858,44.00258],[-123.655864,44.002583],[-123.655865,44.002583],[-123.655876,44.002589],[-123.65588,44.002591],[-123.655887,44.002594],[-123.655887,44.002595],[-123.655898,44.0026],[-123.655902,44.002602],[-123.65591,44.002606],[-123.655921,44.002612],[-123.655923,44.002613],[-123.655932,44.002618],[-123.655945,44.002625],[-123.655954,44.00263],[-123.655966,44.002636],[-123.655976,44.002642],[-123.655998,44.002654],[-123.656019,44.002667],[-123.656028,44.002672],[-123.656041,44.002679],[-123.656049,44.002684],[-123.656062,44.002692],[-123.656069,44.002697],[-123.656083,44.002705],[-123.656089,44.002709],[-123.656093,44.002711],[-123.656103,44.002718],[-123.656109,44.002722],[-123.656114,44.002725],[-123.656124,44.002731],[-123.656129,44.002735],[-123.656134,44.002738],[-123.656144,44.002745],[-123.656149,44.002748],[-123.656154,44.002751],[-123.656157,44.002753],[-123.656165,44.002758],[-123.656262,44.002828],[-123.656389,44.002934],[-123.65651,44.003042],[-123.656627,44.003153],[-123.656738,44.003267],[-123.661073,44.007726],[-123.661175,44.007835],[-123.661188,44.007848],[-123.661193,44.007853],[-123.661201,44.007862],[-123.661227,44.007888],[-123.661243,44.007904],[-123.661254,44.007915],[-123.661269,44.00793],[-123.661281,44.007941],[-123.661308,44.007968],[-123.661335,44.007994],[-123.661362,44.00802],[-123.66139,44.008046],[-123.661418,44.008072],[-123.661444,44.008095],[-123.661446,44.008097],[-123.661475,44.008123],[-123.661503,44.008148],[-123.661532,44.008173],[-123.661561,44.008199],[-123.66159,44.008224],[-123.66162,44.008248],[-123.661622,44.00825],[-123.661635,44.008261],[-123.66165,44.008273],[-123.661651,44.008274],[-123.661665,44.008285],[-123.66168,44.008298],[-123.661739,44.008345],[-123.661848,44.00843],[-123.661959,44.008512]]],[[[-123.468762,44.02788],[-123.468939,44.027829],[-123.468679,44.027768],[-123.468762,44.02788]]],[[[-123.468474,44.027839],[-123.468335,44.027903],[-123.4681,44.028017],[-123.467839,44.02815],[-123.467884,44.028136],[-123.467885,44.028135],[-123.468618,44.027922],[-123.4685,44.027829],[-123.468474,44.027839]]],[[[-123.501337,44.025862],[-123.501625,44.025999],[-123.501916,44.026133],[-123.50221,44.026263],[-123.502398,44.026338],[-123.502589,44.02641],[-123.502782,44.026479],[-123.502959,44.026539],[-123.503137,44.026596],[-123.503341,44.026657],[-123.503547,44.026716],[-123.503755,44.02677],[-123.503965,44.026822],[-123.504297,44.02689],[-123.50463,44.026955],[-123.504965,44.027016],[-123.505923,44.027187],[-123.505877,44.02732],[-123.507137,44.027545],[-123.507383,44.02759],[-123.507627,44.027638],[-123.50787,44.02769],[-123.508204,44.027338],[-123.508055,44.027301],[-123.507796,44.027245],[-123.507535,44.027193],[-123.507273,44.027146],[-123.505055,44.02675],[-123.504726,44.02669],[-123.504398,44.026626],[-123.504072,44.026559],[-123.503915,44.02652],[-123.503759,44.02648],[-123.503527,44.026416],[-123.503297,44.026347],[-123.50307,44.026274],[-123.502846,44.026197],[-123.502625,44.026115],[-123.502407,44.026029],[-123.502118,44.0259],[-123.501832,44.025769],[-123.501549,44.025634],[-123.498255,44.024049],[-123.49732,44.023599],[-123.497318,44.023434],[-123.49595,44.022775],[-123.494099,44.021885],[-123.493853,44.021768],[-123.493605,44.021654],[-123.493402,44.021572],[-123.493197,44.021495],[-123.492989,44.021421],[-123.492779,44.021351],[-123.492566,44.021285],[-123.49235,44.021223],[-123.492133,44.021166],[-123.492135,44.021312],[-123.491932,44.021261],[-123.491727,44.021214],[-123.49152,44.02117],[-123.491312,44.021131],[-123.491103,44.021095],[-123.490819,44.021058],[-123.490535,44.021024],[-123.487503,44.020679],[-123.487235,44.02065],[-123.486967,44.020625],[-123.486699,44.020604],[-123.486499,44.020595],[-123.486299,44.020591],[-123.486099,44.020592],[-123.485899,44.020599],[-123.4857,44.020611],[-123.485502,44.020627],[-123.485304,44.020649],[-123.485107,44.020676],[-123.484912,44.020708],[-123.484719,44.020745],[-123.484461,44.020803],[-123.484205,44.020866],[-123.483951,44.020933],[-123.482709,44.020766],[-123.482038,44.020945],[-123.482038,44.021045],[-123.481376,44.021184],[-123.481193,44.021225],[-123.481011,44.02127],[-123.480832,44.02132],[-123.480655,44.021374],[-123.48048,44.021432],[-123.480308,44.021494],[-123.480139,44.021561],[-123.479974,44.021631],[-123.479811,44.021705],[-123.479652,44.021783],[-123.479762,44.021895],[-123.479716,44.021919],[-123.479501,44.021984],[-123.479314,44.022047],[-123.47913,44.022116],[-123.47895,44.022189],[-123.478774,44.022266],[-123.478601,44.022348],[-123.478433,44.022435],[-123.478269,44.022525],[-123.478109,44.02262],[-123.477955,44.022719],[-123.477805,44.022821],[-123.47766,44.022928],[-123.477477,44.023075],[-123.477299,44.023226],[-123.477125,44.023379],[-123.476815,44.023654],[-123.476561,44.023882],[-123.476313,44.024114],[-123.476208,44.024217],[-123.475978,44.024458],[-123.475754,44.024701],[-123.475657,44.024808],[-123.474265,44.025827],[-123.474127,44.025874],[-123.473987,44.025917],[-123.473845,44.025958],[-123.472588,44.026324],[-123.472213,44.026433],[-123.472212,44.026581],[-123.468579,44.027638],[-123.469251,44.027738],[-123.472212,44.026877],[-123.472211,44.027025],[-123.474117,44.026471],[-123.47431,44.026415],[-123.4745,44.026354],[-123.474687,44.026289],[-123.474788,44.026251],[-123.474889,44.026212],[-123.475007,44.026159],[-123.475122,44.026102],[-123.475234,44.026042],[-123.475342,44.025979],[-123.475445,44.025912],[-123.475545,44.025841],[-123.47564,44.025768],[-123.475775,44.025649],[-123.475904,44.025527],[-123.476027,44.025401],[-123.476143,44.025273],[-123.476251,44.025155],[-123.476731,44.024803],[-123.476636,44.024735],[-123.476831,44.024531],[-123.476917,44.024446],[-123.477158,44.024222],[-123.477404,44.024002],[-123.477719,44.023722],[-123.477832,44.023621],[-123.477948,44.023521],[-123.478641,44.023014],[-123.478775,44.022936],[-123.478912,44.022861],[-123.479053,44.02279],[-123.479196,44.022722],[-123.479343,44.022658],[-123.479493,44.022598],[-123.479646,44.022541],[-123.479801,44.022488],[-123.479993,44.02243],[-123.480186,44.022374],[-123.48038,44.022321],[-123.480521,44.022284],[-123.480699,44.022238],[-123.481949,44.021912],[-123.481971,44.021896],[-123.482005,44.021872],[-123.48204,44.021847],[-123.48204,44.021734],[-123.482568,44.021593],[-123.482645,44.02157],[-123.48269,44.021555],[-123.483296,44.021353],[-123.48332,44.021346],[-123.483351,44.021337],[-123.483393,44.021326],[-123.483442,44.021315],[-123.483483,44.021305],[-123.483508,44.021299],[-123.483544,44.021291],[-123.483581,44.021282],[-123.483627,44.021273],[-123.483659,44.021266],[-123.483683,44.021262],[-123.483707,44.021258],[-123.48373,44.021255],[-123.483745,44.021254],[-123.483761,44.021252],[-123.483779,44.021251],[-123.483796,44.02125],[-123.483817,44.021249],[-123.483847,44.021249],[-123.483861,44.021249],[-123.484085,44.021189],[-123.484331,44.021125],[-123.484579,44.021064],[-123.484829,44.021007],[-123.485008,44.020973],[-123.485189,44.020944],[-123.485371,44.020919],[-123.485554,44.020899],[-123.485738,44.020884],[-123.485922,44.020873],[-123.486107,44.020867],[-123.486292,44.020865],[-123.486477,44.020869],[-123.486662,44.020877],[-123.486922,44.020897],[-123.487182,44.020921],[-123.487441,44.02095],[-123.490477,44.021295],[-123.490755,44.021328],[-123.491032,44.021364],[-123.491257,44.021404],[-123.491481,44.021447],[-123.491702,44.021495],[-123.491922,44.021548],[-123.492139,44.021605],[-123.49234,44.021663],[-123.492538,44.021724],[-123.492735,44.021789],[-123.492928,44.021857],[-123.49312,44.02193],[-123.493308,44.022006],[-123.493546,44.022115],[-123.493782,44.022227],[-123.494919,44.022774],[-123.494575,44.022773],[-123.497327,44.024097],[-123.497324,44.023931],[-123.501337,44.025862]]],[[[-123.512721,44.028806],[-123.512936,44.028771],[-123.513151,44.028733],[-123.513364,44.028691],[-123.513575,44.028646],[-123.513785,44.028596],[-123.513993,44.028543],[-123.514434,44.02843],[-123.514725,44.028357],[-123.515017,44.028288],[-123.51531,44.028222],[-123.515605,44.028159],[-123.515799,44.028127],[-123.515993,44.028098],[-123.516189,44.028072],[-123.516544,44.028042],[-123.515571,44.027924],[-123.515103,44.027899],[-123.514634,44.027801],[-123.514406,44.027856],[-123.514179,44.027913],[-123.51373,44.028028],[-123.513532,44.028079],[-123.513332,44.028126],[-123.513131,44.028169],[-123.512929,44.028208],[-123.512725,44.028244],[-123.512724,44.028384],[-123.512622,44.0284],[-123.512486,44.028414],[-123.512349,44.028424],[-123.512213,44.02843],[-123.512076,44.028432],[-123.511938,44.02843],[-123.511802,44.028424],[-123.511802,44.028424],[-123.511801,44.028424],[-123.511801,44.028424],[-123.511801,44.028424],[-123.5118,44.028424],[-123.511771,44.028422],[-123.511743,44.02842],[-123.511718,44.02842],[-123.511637,44.028418],[-123.511545,44.02841],[-123.511442,44.028397],[-123.511364,44.028386],[-123.511242,44.028367],[-123.511075,44.028331],[-123.510537,44.028181],[-123.510508,44.028173],[-123.510494,44.028169],[-123.510476,44.028164],[-123.510457,44.028159],[-123.510431,44.028151],[-123.510408,44.028145],[-123.510391,44.02814],[-123.510378,44.028137],[-123.510364,44.028133],[-123.510346,44.028128],[-123.510317,44.028119],[-123.510302,44.028115],[-123.510278,44.028108],[-123.510266,44.028104],[-123.510247,44.028098],[-123.510232,44.028093],[-123.510212,44.028087],[-123.5102,44.028082],[-123.510176,44.028074],[-123.510161,44.028069],[-123.510144,44.028063],[-123.510127,44.028057],[-123.510113,44.028052],[-123.510094,44.028044],[-123.510072,44.028036],[-123.510051,44.028027],[-123.510034,44.028021],[-123.509997,44.028005],[-123.509993,44.028004],[-123.509974,44.027996],[-123.509961,44.02799],[-123.509947,44.027984],[-123.50993,44.027978],[-123.509211,44.027673],[-123.509201,44.027669],[-123.509187,44.027663],[-123.509178,44.027659],[-123.509174,44.027657],[-123.509168,44.027654],[-123.509159,44.02765],[-123.509146,44.027645],[-123.509129,44.027638],[-123.509123,44.027635],[-123.509114,44.027632],[-123.509101,44.027627],[-123.50909,44.027622],[-123.50908,44.027619],[-123.509064,44.027614],[-123.509054,44.027611],[-123.509041,44.027607],[-123.509035,44.027605],[-123.509015,44.0276],[-123.509008,44.027598],[-123.508993,44.027595],[-123.508972,44.027591],[-123.508952,44.027586],[-123.508934,44.027583],[-123.508922,44.02758],[-123.508911,44.027577],[-123.5089,44.027575],[-123.508891,44.027573],[-123.50844,44.027467],[-123.50843,44.027465],[-123.508415,44.027462],[-123.508404,44.02746],[-123.508392,44.027458],[-123.508383,44.027456],[-123.508361,44.027454],[-123.508358,44.027454],[-123.508353,44.027454],[-123.508349,44.027453],[-123.508347,44.027453],[-123.508074,44.027741],[-123.50821,44.02778],[-123.508345,44.027821],[-123.508518,44.02788],[-123.508691,44.02794],[-123.508776,44.027818],[-123.508951,44.027882],[-123.509124,44.027949],[-123.509728,44.028182],[-123.509953,44.02827],[-123.510182,44.028352],[-123.510414,44.028429],[-123.510649,44.028502],[-123.510888,44.028569],[-123.511049,44.028604],[-123.511213,44.028634],[-123.511378,44.028659],[-123.511545,44.028679],[-123.511712,44.028693],[-123.511881,44.028702],[-123.512049,44.028706],[-123.512218,44.028704],[-123.512387,44.028697],[-123.512555,44.028684],[-123.512722,44.028666],[-123.512721,44.028806]]],[[[-123.679832,44.024623],[-123.679072,44.024927],[-123.678347,44.02536],[-123.677962,44.025777],[-123.677866,44.025921],[-123.677798,44.025992],[-123.677836,44.026265],[-123.677988,44.026217],[-123.678004,44.026182],[-123.678036,44.026115],[-123.678072,44.026049],[-123.67811,44.025984],[-123.678166,44.025901],[-123.678227,44.02582],[-123.678294,44.025742],[-123.678366,44.025666],[-123.678443,44.025593],[-123.678526,44.025523],[-123.678613,44.025456],[-123.678704,44.025392],[-123.6788,44.025332],[-123.678954,44.025244],[-123.679112,44.02516],[-123.679274,44.02508],[-123.679443,44.025003],[-123.679615,44.024931],[-123.679792,44.024864],[-123.679972,44.024802],[-123.680155,44.024745],[-123.680341,44.024692],[-123.680529,44.024645],[-123.68072,44.024603],[-123.680913,44.024567],[-123.681107,44.024535],[-123.681304,44.024509],[-123.681501,44.024489],[-123.681688,44.024471],[-123.681875,44.024458],[-123.682063,44.024449],[-123.682251,44.024445],[-123.682272,44.024445],[-123.687065,44.024264],[-123.687288,44.024255],[-123.687679,44.024235],[-123.68807,44.02421],[-123.688459,44.02418],[-123.688848,44.024144],[-123.689236,44.024104],[-123.689623,44.024059],[-123.691434,44.023835],[-123.692324,44.023726],[-123.697073,44.023139],[-123.697277,44.023114],[-123.697571,44.023075],[-123.697864,44.023034],[-123.698131,44.022991],[-123.698397,44.022943],[-123.698661,44.022891],[-123.698923,44.022834],[-123.699183,44.022772],[-123.699441,44.022706],[-123.699697,44.022635],[-123.69995,44.02256],[-123.7002,44.02248],[-123.700563,44.022356],[-123.700924,44.022227],[-123.70223,44.021754],[-123.704652,44.020877],[-123.704652,44.020877],[-123.70488,44.020794],[-123.705105,44.020705],[-123.705326,44.020613],[-123.705543,44.020515],[-123.705756,44.020413],[-123.705888,44.020339],[-123.706016,44.020261],[-123.706139,44.020179],[-123.706257,44.020093],[-123.706369,44.020003],[-123.706476,44.01991],[-123.706577,44.019814],[-123.706672,44.019715],[-123.706761,44.019613],[-123.706844,44.019508],[-123.70692,44.0194],[-123.70699,44.019291],[-123.707079,44.019118],[-123.707162,44.018943],[-123.707237,44.018767],[-123.707305,44.018589],[-123.707365,44.018409],[-123.70799,44.016591],[-123.708045,44.016433],[-123.708106,44.016254],[-123.70816,44.016074],[-123.708207,44.015892],[-123.708246,44.01571],[-123.708277,44.015527],[-123.708286,44.015408],[-123.708287,44.015288],[-123.708281,44.015169],[-123.708268,44.01505],[-123.708248,44.014932],[-123.708221,44.014814],[-123.708187,44.014698],[-123.708146,44.014582],[-123.708098,44.014468],[-123.708043,44.014356],[-123.707982,44.014245],[-123.707897,44.014118],[-123.707808,44.013992],[-123.707715,44.013868],[-123.707618,44.013745],[-123.7076,44.013462],[-123.707184,44.012996],[-123.707127,44.012932],[-123.706288,44.011992],[-123.706068,44.011999],[-123.705889,44.011799],[-123.705684,44.011578],[-123.705474,44.01136],[-123.705259,44.011144],[-123.705038,44.010931],[-123.704813,44.01072],[-123.703906,44.009878],[-123.703664,44.009651],[-123.703428,44.009422],[-123.703346,44.009339],[-123.703186,44.009169],[-123.703033,44.008996],[-123.702885,44.008821],[-123.702745,44.008643],[-123.702653,44.00852],[-123.702564,44.008396],[-123.702478,44.008271],[-123.702476,44.008267],[-123.702473,44.008263],[-123.702473,44.008263],[-123.70247,44.008257],[-123.702467,44.008254],[-123.702306,44.008003],[-123.702151,44.007751],[-123.701111,44.00604],[-123.700766,44.006155],[-123.701802,44.00786],[-123.702164,44.008586],[-123.702499,44.009025],[-123.702785,44.009328],[-123.70327,44.009823],[-123.703931,44.010432],[-123.704571,44.010984],[-123.705256,44.011689],[-123.705964,44.012552],[-123.70632,44.012993],[-123.706765,44.013547],[-123.70688,44.013667],[-123.707011,44.013815],[-123.707136,44.013964],[-123.707251,44.014112],[-123.70736,44.014262],[-123.707463,44.014415],[-123.707511,44.014503],[-123.707555,44.014592],[-123.707593,44.014683],[-123.707627,44.014775],[-123.707655,44.014867],[-123.707848,44.014864],[-123.707874,44.014977],[-123.707892,44.015091],[-123.707904,44.015205],[-123.707907,44.01528],[-123.707906,44.015389],[-123.707899,44.015497],[-123.707891,44.015548],[-123.70788,44.015611],[-123.70785,44.015763],[-123.707815,44.015914],[-123.707774,44.016065],[-123.707728,44.016215],[-123.707677,44.016363],[-123.707599,44.016591],[-123.706995,44.018348],[-123.706937,44.018519],[-123.706872,44.018689],[-123.7068,44.018858],[-123.706721,44.019025],[-123.706636,44.019191],[-123.706573,44.019288],[-123.706505,44.019383],[-123.706432,44.019476],[-123.706352,44.019567],[-123.706268,44.019655],[-123.706178,44.01974],[-123.706083,44.019823],[-123.705984,44.019902],[-123.70588,44.019978],[-123.705771,44.020051],[-123.705658,44.020121],[-123.705541,44.020187],[-123.705337,44.020284],[-123.70513,44.020378],[-123.704919,44.020466],[-123.704704,44.020551],[-123.704486,44.02063],[-123.702227,44.021448],[-123.700752,44.021982],[-123.700397,44.022109],[-123.70004,44.022231],[-123.699798,44.022308],[-123.699555,44.022381],[-123.699308,44.022449],[-123.69906,44.022513],[-123.698809,44.022572],[-123.698557,44.022627],[-123.698302,44.022678],[-123.698046,44.022723],[-123.697789,44.022765],[-123.697532,44.022801],[-123.697274,44.022835],[-123.69701,44.022869],[-123.696155,44.022974],[-123.69589,44.023033],[-123.695435,44.023114],[-123.6946,44.023236],[-123.694121,44.023304],[-123.693255,44.023399],[-123.692492,44.023468],[-123.692322,44.023476],[-123.691948,44.023494],[-123.689559,44.023789],[-123.689548,44.02379],[-123.689547,44.02379],[-123.689539,44.023791],[-123.689538,44.023791],[-123.689175,44.023833],[-123.688812,44.023871],[-123.688448,44.023904],[-123.688083,44.023933],[-123.687718,44.023958],[-123.687717,44.023958],[-123.687407,44.024007],[-123.687286,44.024017],[-123.686926,44.024044],[-123.686577,44.024064],[-123.686225,44.024122],[-123.685399,44.024158],[-123.684559,44.024188],[-123.683624,44.02422],[-123.683061,44.024222],[-123.682654,44.02423],[-123.68225,44.024215],[-123.682015,44.024206],[-123.68159,44.024225],[-123.681028,44.024333],[-123.680326,44.024476],[-123.679832,44.024623]]],[[[-123.463062,44.032449],[-123.46341,44.032916],[-123.463763,44.032818],[-123.463679,44.032692],[-123.46359,44.032567],[-123.463495,44.032444],[-123.463395,44.032324],[-123.461877,44.030518],[-123.461506,44.030043],[-123.46054,44.028903],[-123.460231,44.028676],[-123.459513,44.028198],[-123.458759,44.027962],[-123.457873,44.02788],[-123.457238,44.027801],[-123.455693,44.027575],[-123.454197,44.027362],[-123.452827,44.027172],[-123.452158,44.027109],[-123.452031,44.0271],[-123.452026,44.026825],[-123.451949,44.026819],[-123.451871,44.026815],[-123.451724,44.026809],[-123.450318,44.026746],[-123.449998,44.026732],[-123.449898,44.026705],[-123.4498,44.026674],[-123.449705,44.026639],[-123.449613,44.026599],[-123.449524,44.026556],[-123.449439,44.026509],[-123.449801,44.026191],[-123.449737,44.02615],[-123.449678,44.026107],[-123.449623,44.02606],[-123.449573,44.026011],[-123.449527,44.02596],[-123.449487,44.025906],[-123.44945,44.025847],[-123.44942,44.025786],[-123.449395,44.025723],[-123.449378,44.025659],[-123.449367,44.025594],[-123.449363,44.025529],[-123.449366,44.025464],[-123.449375,44.0254],[-123.449391,44.025336],[-123.449414,44.025273],[-123.449444,44.025211],[-123.449479,44.025151],[-123.449521,44.025094],[-123.449569,44.025038],[-123.449622,44.024986],[-123.449681,44.024936],[-123.449745,44.02489],[-123.449357,44.024589],[-123.449442,44.024535],[-123.449531,44.024486],[-123.449625,44.024441],[-123.449723,44.0244],[-123.449824,44.024364],[-123.449928,44.024332],[-123.450034,44.024305],[-123.450143,44.024284],[-123.450254,44.024267],[-123.450365,44.024255],[-123.450478,44.024249],[-123.450663,44.024242],[-123.450848,44.024241],[-123.451033,44.024244],[-123.451217,44.024254],[-123.451401,44.024269],[-123.451699,44.024306],[-123.452053,44.024352],[-123.453034,44.024477],[-123.453188,44.024499],[-123.453341,44.024523],[-123.453514,44.024549],[-123.453685,44.024579],[-123.453954,44.024624],[-123.454007,44.024634],[-123.454442,44.024727],[-123.454647,44.024768],[-123.454852,44.024804],[-123.45506,44.024836],[-123.455269,44.024862],[-123.455379,44.024872],[-123.45549,44.024879],[-123.455631,44.024884],[-123.455772,44.024885],[-123.455913,44.02488],[-123.456127,44.024864],[-123.45634,44.024842],[-123.456551,44.024815],[-123.456761,44.024782],[-123.456761,44.024642],[-123.457141,44.024585],[-123.457829,44.024496],[-123.458021,44.02448],[-123.458213,44.024469],[-123.458406,44.024463],[-123.4586,44.024462],[-123.458793,44.024466],[-123.458986,44.024474],[-123.459178,44.024488],[-123.459346,44.024501],[-123.459512,44.024519],[-123.459678,44.024542],[-123.459842,44.024569],[-123.460004,44.024601],[-123.460165,44.024638],[-123.460324,44.024679],[-123.46048,44.024724],[-123.460633,44.024774],[-123.460768,44.024822],[-123.4609,44.024874],[-123.46103,44.024929],[-123.461157,44.024987],[-123.46128,44.025048],[-123.461805,44.025311],[-123.461809,44.02548],[-123.462347,44.025749],[-123.462432,44.025807],[-123.462513,44.025868],[-123.46259,44.025931],[-123.462663,44.025997],[-123.462723,44.026061],[-123.462781,44.026126],[-123.462309,44.026116],[-123.46236,44.026163],[-123.462464,44.026277],[-123.462561,44.026393],[-123.462653,44.026512],[-123.462739,44.026634],[-123.463045,44.027146],[-123.463124,44.027265],[-123.463207,44.027381],[-123.463296,44.027496],[-123.463388,44.027609],[-123.463485,44.02772],[-123.463503,44.027739],[-123.463519,44.027755],[-123.463519,44.027755],[-123.463519,44.027756],[-123.463522,44.027759],[-123.463524,44.027761],[-123.463541,44.027778],[-123.46356,44.027796],[-123.463579,44.027815],[-123.463673,44.027901],[-123.463771,44.027984],[-123.463874,44.028063],[-123.463982,44.02814],[-123.464095,44.028213],[-123.464211,44.028282],[-123.464237,44.028296],[-123.464263,44.02831],[-123.464284,44.028322],[-123.464284,44.028322],[-123.464288,44.028324],[-123.464311,44.028337],[-123.464312,44.028337],[-123.464317,44.02834],[-123.464319,44.028341],[-123.46432,44.028341],[-123.464325,44.028344],[-123.464326,44.028344],[-123.464327,44.028345],[-123.464328,44.028345],[-123.464329,44.028346],[-123.464333,44.028348],[-123.464335,44.028349],[-123.464336,44.028349],[-123.464341,44.028352],[-123.464562,44.028129],[-123.464587,44.028141],[-123.464612,44.028154],[-123.464647,44.028171],[-123.464648,44.028171],[-123.464714,44.028202],[-123.464839,44.028256],[-123.464967,44.028306],[-123.465098,44.028351],[-123.465232,44.028391],[-123.465369,44.028427],[-123.465508,44.028459],[-123.465649,44.028485],[-123.465791,44.028507],[-123.465934,44.028524],[-123.466079,44.028537],[-123.466224,44.028544],[-123.46637,44.028546],[-123.466515,44.028544],[-123.46666,44.028536],[-123.466688,44.028534],[-123.466699,44.028533],[-123.466703,44.028533],[-123.466704,44.028533],[-123.466707,44.028533],[-123.466709,44.028533],[-123.466721,44.028532],[-123.466717,44.028394],[-123.466848,44.02838],[-123.466977,44.028363],[-123.467105,44.028341],[-123.467301,44.028298],[-123.467494,44.028249],[-123.467719,44.02805],[-123.467977,44.027894],[-123.468416,44.027681],[-123.468388,44.027693],[-123.467731,44.027885],[-123.467554,44.027939],[-123.467375,44.027989],[-123.467193,44.028034],[-123.467008,44.028075],[-123.46691,44.028092],[-123.466811,44.028107],[-123.466711,44.028118],[-123.466708,44.02798],[-123.466672,44.027983],[-123.466546,44.027993],[-123.466418,44.027997],[-123.46629,44.027997],[-123.466163,44.027991],[-123.466036,44.027981],[-123.46591,44.027965],[-123.465786,44.027945],[-123.465663,44.02792],[-123.465542,44.02789],[-123.465424,44.027855],[-123.465309,44.027815],[-123.465196,44.027772],[-123.465088,44.027724],[-123.464983,44.027671],[-123.464882,44.027615],[-123.464785,44.027555],[-123.464693,44.027491],[-123.464606,44.027423],[-123.464525,44.027352],[-123.464449,44.027278],[-123.464428,44.027257],[-123.464331,44.027143],[-123.464239,44.027027],[-123.464152,44.026908],[-123.464072,44.026788],[-123.463738,44.026238],[-123.463689,44.026169],[-123.463673,44.026146],[-123.463584,44.026028],[-123.463491,44.025912],[-123.463393,44.025799],[-123.46329,44.025687],[-123.463199,44.025603],[-123.463102,44.025522],[-123.463,44.025444],[-123.462893,44.025369],[-123.462781,44.025299],[-123.461793,44.024804],[-123.461797,44.024973],[-123.461501,44.024824],[-123.461366,44.024758],[-123.461228,44.024694],[-123.461087,44.024635],[-123.460943,44.024579],[-123.460796,44.024526],[-123.460636,44.024474],[-123.460474,44.024426],[-123.460308,44.024383],[-123.460141,44.024344],[-123.459972,44.02431],[-123.459801,44.02428],[-123.459629,44.024255],[-123.459456,44.024235],[-123.459339,44.024224],[-123.459221,44.024215],[-123.459016,44.024201],[-123.45881,44.024192],[-123.458603,44.024188],[-123.458396,44.024189],[-123.45819,44.024196],[-123.457984,44.024207],[-123.457779,44.024224],[-123.457063,44.024317],[-123.456757,44.024363],[-123.456755,44.024223],[-123.456601,44.024246],[-123.456413,44.024275],[-123.456224,44.024299],[-123.456035,44.024319],[-123.455844,44.024334],[-123.455723,44.024337],[-123.455602,44.024335],[-123.455481,44.024328],[-123.455387,44.02432],[-123.455203,44.024297],[-123.45502,44.024269],[-123.454839,44.024237],[-123.454659,44.024201],[-123.454192,44.024102],[-123.453945,44.024059],[-123.453847,44.024043],[-123.453678,44.024014],[-123.453507,44.023988],[-123.453343,44.023962],[-123.453179,44.023938],[-123.452042,44.023793],[-123.451696,44.023749],[-123.451502,44.023725],[-123.451327,44.02371],[-123.451151,44.0237],[-123.450976,44.023693],[-123.4508,44.023692],[-123.450624,44.023694],[-123.450448,44.023701],[-123.450311,44.023707],[-123.450175,44.023719],[-123.45004,44.023737],[-123.449907,44.023759],[-123.449775,44.023787],[-123.449646,44.023819],[-123.449519,44.023857],[-123.449396,44.0239],[-123.449275,44.023947],[-123.449159,44.023999],[-123.449046,44.024056],[-123.448938,44.024116],[-123.448835,44.024181],[-123.448737,44.02425],[-123.448644,44.024323],[-123.448556,44.024399],[-123.448475,44.024479],[-123.448399,44.024561],[-123.44833,44.024647],[-123.448267,44.024735],[-123.448211,44.024825],[-123.448162,44.024917],[-123.44812,44.025011],[-123.448088,44.0251],[-123.448061,44.02519],[-123.448041,44.02528],[-123.448027,44.025371],[-123.44802,44.025463],[-123.448019,44.025555],[-123.448024,44.025647],[-123.448036,44.025738],[-123.448054,44.025829],[-123.448078,44.025919],[-123.448109,44.02601],[-123.448147,44.026099],[-123.448191,44.026187],[-123.448241,44.026273],[-123.448297,44.026357],[-123.448359,44.026439],[-123.448427,44.026519],[-123.4485,44.026596],[-123.448579,44.02667],[-123.448663,44.026742],[-123.448752,44.02681],[-123.448845,44.026874],[-123.448943,44.026936],[-123.449046,44.026993],[-123.449152,44.027046],[-123.449105,44.027071],[-123.449055,44.027091],[-123.449002,44.027107],[-123.448947,44.027119],[-123.448891,44.027127],[-123.448967,44.027284],[-123.449074,44.027333],[-123.449185,44.027378],[-123.449298,44.027419],[-123.449413,44.027457],[-123.449531,44.027491],[-123.449723,44.027537],[-123.449916,44.027577],[-123.450112,44.027612],[-123.450309,44.027642],[-123.450508,44.027667],[-123.450708,44.027687],[-123.450753,44.027414],[-123.451738,44.027499],[-123.45204,44.027525],[-123.453167,44.027622],[-123.453556,44.027662],[-123.453944,44.027707],[-123.454191,44.027741],[-123.454438,44.02778],[-123.454821,44.027842],[-123.455203,44.027909],[-123.45567,44.027991],[-123.45601,44.02805],[-123.456351,44.028105],[-123.456574,44.028137],[-123.456793,44.028166],[-123.456793,44.028166],[-123.456793,44.028166],[-123.456791,44.028096],[-123.457275,44.028154],[-123.457932,44.02823],[-123.458572,44.028323],[-123.458707,44.028352],[-123.458839,44.028387],[-123.458969,44.028426],[-123.459096,44.028469],[-123.45922,44.028517],[-123.45934,44.02857],[-123.459457,44.028626],[-123.459569,44.028687],[-123.459678,44.028752],[-123.459781,44.02882],[-123.45988,44.028892],[-123.459974,44.028968],[-123.460062,44.029047],[-123.460422,44.02944],[-123.461885,44.031181],[-123.461884,44.031047],[-123.463062,44.032449]]],[[[-123.965642,44.020185],[-123.966044,44.020221],[-123.966446,44.020253],[-123.966672,44.020267],[-123.966898,44.020277],[-123.966983,44.02028],[-123.967022,44.020282],[-123.967024,44.020282],[-123.967064,44.020283],[-123.967065,44.020283],[-123.967102,44.020284],[-123.967147,44.020285],[-123.967184,44.020286],[-123.967189,44.020286],[-123.967224,44.020287],[-123.967233,44.020287],[-123.967235,44.020287],[-123.967245,44.020287],[-123.967246,44.020287],[-123.967246,44.020287],[-123.967257,44.020287],[-123.96726,44.020287],[-123.967268,44.020287],[-123.967312,44.020288],[-123.96735,44.020289],[-123.967353,44.020289],[-123.967394,44.020289],[-123.967435,44.020289],[-123.967438,44.020289],[-123.967478,44.020289],[-123.967705,44.020288],[-123.967932,44.020284],[-123.967932,44.020325],[-123.968132,44.020318],[-123.968332,44.020309],[-123.968532,44.020297],[-123.968569,44.020295],[-123.968571,44.020295],[-123.968609,44.020292],[-123.968692,44.020286],[-123.96873,44.020283],[-123.968733,44.020283],[-123.96877,44.02028],[-123.968774,44.020279],[-123.96881,44.020276],[-123.969087,44.020251],[-123.969363,44.02022],[-123.969366,44.02022],[-123.969367,44.02022],[-123.969763,44.020166],[-123.969766,44.020165],[-123.969766,44.020165],[-123.970162,44.020106],[-123.970315,44.020083],[-123.972933,44.019683],[-123.973693,44.019567],[-123.974234,44.019482],[-123.974773,44.019392],[-123.97531,44.019297],[-123.975846,44.019197],[-123.977949,44.018797],[-123.978621,44.018669],[-123.978871,44.018615],[-123.979122,44.018565],[-123.979123,44.018565],[-123.979136,44.018562],[-123.979138,44.018562],[-123.979142,44.018561],[-123.979151,44.018559],[-123.979157,44.018558],[-123.979165,44.018556],[-123.979167,44.018556],[-123.979173,44.018555],[-123.979181,44.018553],[-123.979191,44.018551],[-123.979191,44.018551],[-123.979196,44.01855],[-123.979208,44.018548],[-123.979211,44.018547],[-123.979211,44.018547],[-123.979211,44.018547],[-123.979256,44.018539],[-123.979259,44.018538],[-123.979272,44.018536],[-123.979273,44.018535],[-123.979281,44.018534],[-123.979287,44.018533],[-123.979297,44.018531],[-123.979302,44.01853],[-123.979553,44.018484],[-123.979806,44.018441],[-123.979863,44.018433],[-123.979921,44.018425],[-123.980155,44.018398],[-123.980389,44.018374],[-123.980434,44.018369],[-123.980436,44.018369],[-123.980481,44.018365],[-123.980481,44.018365],[-123.980481,44.018365],[-123.980481,44.018365],[-123.980482,44.018365],[-123.980528,44.01836],[-123.980528,44.01836],[-123.980574,44.018356],[-123.980576,44.018356],[-123.980621,44.018352],[-123.980624,44.018351],[-123.980668,44.018348],[-123.980902,44.018328],[-123.981137,44.018312],[-123.982691,44.018201],[-123.982697,44.0182],[-123.982699,44.0182],[-123.982965,44.018181],[-123.982967,44.018181],[-123.983222,44.01816],[-123.983227,44.018159],[-123.983465,44.018137],[-123.983466,44.018137],[-123.983701,44.018112],[-123.983706,44.018112],[-123.983961,44.018082],[-123.983962,44.018082],[-123.983963,44.018082],[-123.984216,44.018047],[-123.984479,44.018003],[-123.984686,44.017964],[-123.984687,44.017964],[-123.984925,44.017913],[-123.984926,44.017913],[-123.985214,44.017843],[-123.985217,44.017843],[-123.985375,44.0178],[-123.985377,44.0178],[-123.985598,44.017736],[-123.9856,44.017735],[-123.985826,44.017663],[-123.985828,44.017663],[-123.986025,44.017595],[-123.986027,44.017594],[-123.986246,44.017513],[-123.986359,44.017468],[-123.986517,44.017403],[-123.986699,44.017323],[-123.986702,44.017322],[-123.986858,44.017249],[-123.986864,44.017247],[-123.986998,44.017183],[-123.987,44.017183],[-123.987178,44.017097],[-123.987365,44.017004],[-123.987367,44.017003],[-123.987584,44.016892],[-123.987614,44.016876],[-123.987644,44.01686],[-123.987829,44.016764],[-123.988025,44.016661],[-123.988184,44.016578],[-123.988339,44.016497],[-123.988556,44.016384],[-123.988752,44.016282],[-123.988965,44.016171],[-123.989143,44.016079],[-123.989325,44.01599],[-123.989435,44.015941],[-123.989548,44.015894],[-123.989566,44.015887],[-123.989568,44.015886],[-123.989586,44.015879],[-123.989588,44.015878],[-123.989607,44.015871],[-123.989609,44.01587],[-123.989628,44.015863],[-123.98963,44.015862],[-123.989648,44.015855],[-123.989649,44.015855],[-123.989669,44.015847],[-123.989669,44.015847],[-123.989784,44.015806],[-123.989902,44.015768],[-123.990105,44.015708],[-123.990309,44.015652],[-123.995423,44.014283],[-123.995648,44.014223],[-123.995975,44.014135],[-123.996299,44.014042],[-123.996621,44.013946],[-123.996809,44.013885],[-123.996995,44.01382],[-123.997179,44.013753],[-123.997462,44.013641],[-123.997624,44.013575],[-123.997856,44.013478],[-123.998087,44.013378],[-123.998381,44.013251],[-123.998928,44.013014],[-124.00072,44.012197],[-124.00086,44.012135],[-124.000998,44.01207],[-124.001133,44.012003],[-124.001282,44.011924],[-124.001429,44.011842],[-124.001571,44.011757],[-124.00171,44.011668],[-124.001844,44.011576],[-124.001975,44.011481],[-124.002101,44.011384],[-124.00211,44.011376],[-124.002184,44.011312],[-124.002232,44.011269],[-124.002248,44.011255],[-124.002256,44.011248],[-124.002301,44.011205],[-124.002323,44.011184],[-124.002454,44.011056],[-124.002474,44.011036],[-124.002476,44.011034],[-124.002477,44.011033],[-124.0025,44.01101],[-124.002501,44.011009],[-124.002503,44.011007],[-124.002526,44.010983],[-124.002528,44.010982],[-124.00255,44.010959],[-124.002643,44.010862],[-124.002735,44.010764],[-124.003316,44.010143],[-124.003453,44.010005],[-124.003545,44.009912],[-124.003592,44.009867],[-124.00377,44.009695],[-124.00395,44.009525],[-124.004135,44.009357],[-124.004194,44.009304],[-124.004427,44.0091],[-124.004665,44.008899],[-124.004708,44.008935],[-124.004823,44.0091],[-124.004878,44.009276],[-124.005104,44.009254],[-124.005181,44.008745],[-124.005159,44.008548],[-124.005176,44.008486],[-124.005471,44.008275],[-124.005881,44.008106],[-124.005818,44.008013],[-124.006067,44.007839],[-124.006319,44.007669],[-124.0062,44.007592],[-124.00642,44.007366],[-124.006813,44.007123],[-124.007936,44.006429],[-124.008386,44.006111],[-124.00897,44.005728],[-124.00959,44.005242],[-124.010314,44.00478],[-124.01079,44.00447],[-124.011283,44.004156],[-124.011508,44.00434],[-124.011751,44.004184],[-124.011774,44.004169],[-124.011774,44.004169],[-124.011888,44.004096],[-124.013097,44.003321],[-124.013378,44.003147],[-124.01338,44.003146],[-124.013385,44.003143],[-124.013531,44.003055],[-124.013532,44.003055],[-124.013532,44.003055],[-124.013725,44.002942],[-124.013919,44.00283],[-124.013975,44.002798],[-124.014221,44.002662],[-124.0145,44.002512],[-124.014782,44.002366],[-124.015076,44.002219],[-124.015373,44.002075],[-124.016693,44.001416],[-124.016701,44.001246],[-124.017199,44.000997],[-124.017457,44.000867],[-124.017712,44.000735],[-124.017854,44.00066],[-124.01807,44.000541],[-124.018281,44.000418],[-124.018488,44.000291],[-124.018788,44.000097],[-124.019083,43.9999],[-124.019389,43.999702],[-124.019458,43.999658],[-124.019754,43.999469],[-124.020055,43.999283],[-124.020251,43.999169],[-124.02045,43.999058],[-124.020653,43.998951],[-124.020859,43.998847],[-124.021068,43.998746],[-124.021281,43.998649],[-124.021454,43.998574],[-124.021592,43.998516],[-124.02173,43.998458],[-124.021965,43.998362],[-124.023301,43.997817],[-124.023562,43.997709],[-124.023819,43.997598],[-124.024074,43.997482],[-124.024324,43.997362],[-124.024571,43.997238],[-124.024707,43.997163],[-124.024841,43.997085],[-124.024892,43.997054],[-124.024896,43.997052],[-124.024944,43.997022],[-124.025118,43.996905],[-124.025289,43.996787],[-124.025458,43.996666],[-124.025464,43.996662],[-124.025465,43.996661],[-124.02547,43.996657],[-124.02548,43.99665],[-124.025483,43.996648],[-124.025483,43.996648],[-124.025486,43.996646],[-124.025486,43.996646],[-124.025486,43.996646],[-124.025488,43.996644],[-124.025517,43.996623],[-124.025681,43.9965],[-124.025841,43.996376],[-124.025998,43.99625],[-124.026071,43.996192],[-124.02816,43.994532],[-124.028259,43.994452],[-124.028264,43.994449],[-124.02836,43.994373],[-124.02849,43.994273],[-124.028622,43.994174],[-124.028628,43.99417],[-124.028632,43.994166],[-124.028638,43.994162],[-124.028639,43.994161],[-124.028642,43.994159],[-124.02865,43.994153],[-124.028653,43.994151],[-124.028654,43.99415],[-124.028656,43.994149],[-124.028662,43.994144],[-124.028665,43.994142],[-124.028674,43.994136],[-124.028675,43.994135],[-124.028682,43.99413],[-124.028685,43.994127],[-124.028686,43.994127],[-124.028686,43.994126],[-124.028686,43.994126],[-124.028688,43.994125],[-124.028695,43.99412],[-124.028696,43.994119],[-124.028705,43.994113],[-124.028708,43.994111],[-124.028715,43.994105],[-124.028719,43.994102],[-124.028721,43.994101],[-124.028725,43.994098],[-124.028731,43.994093],[-124.028736,43.99409],[-124.028742,43.994086],[-124.02875,43.99408],[-124.028752,43.994078],[-124.028885,43.993982],[-124.02902,43.993888],[-124.029119,43.993823],[-124.02912,43.993822],[-124.02912,43.993822],[-124.02922,43.993759],[-124.029425,43.993639],[-124.029633,43.993521],[-124.029668,43.993502],[-124.029674,43.993499],[-124.029677,43.993497],[-124.029683,43.993493],[-124.029689,43.99349],[-124.029693,43.993488],[-124.029703,43.993482],[-124.029707,43.99348],[-124.029744,43.99346],[-124.029974,43.993337],[-124.030206,43.993216],[-124.034521,43.990984],[-124.034968,43.990755],[-124.035419,43.990531],[-124.035746,43.990372],[-124.036122,43.990193],[-124.036464,43.990034],[-124.036903,43.989835],[-124.037344,43.98964],[-124.03779,43.989448],[-124.037808,43.98944],[-124.038094,43.98932],[-124.038381,43.989201],[-124.038754,43.98905],[-124.038759,43.989048],[-124.038764,43.989046],[-124.038981,43.98896],[-124.039705,43.988674],[-124.041221,43.988076],[-124.041399,43.988006],[-124.041576,43.987934],[-124.04175,43.987859],[-124.041923,43.987783],[-124.042125,43.987688],[-124.042324,43.98759],[-124.042521,43.98749],[-124.042715,43.987387],[-124.042858,43.987309],[-124.042999,43.987229],[-124.043175,43.987126],[-124.043348,43.987021],[-124.043519,43.986914],[-124.043539,43.986901],[-124.043542,43.986899],[-124.043559,43.986889],[-124.043565,43.986885],[-124.043611,43.986855],[-124.043657,43.986825],[-124.043702,43.986795],[-124.043719,43.986784],[-124.043748,43.986765],[-124.043751,43.986763],[-124.043783,43.986741],[-124.043793,43.986734],[-124.043799,43.98673],[-124.043818,43.986717],[-124.043818,43.986717],[-124.043829,43.98671],[-124.043831,43.986708],[-124.043836,43.986705],[-124.043837,43.986705],[-124.043837,43.986704],[-124.043842,43.986701],[-124.043845,43.986699],[-124.043847,43.986697],[-124.04388,43.986675],[-124.043882,43.986673],[-124.043911,43.986653],[-124.043927,43.986642],[-124.043971,43.986611],[-124.044015,43.98658],[-124.044016,43.98658],[-124.044053,43.986553],[-124.044059,43.986549],[-124.044067,43.986543],[-124.044103,43.986517],[-124.044146,43.986486],[-124.044167,43.986471],[-124.044189,43.986454],[-124.044208,43.98644],[-124.044232,43.986422],[-124.044233,43.986422],[-124.044233,43.986422],[-124.044233,43.986421],[-124.044254,43.986406],[-124.044275,43.98639],[-124.044276,43.98639],[-124.044276,43.986389],[-124.044297,43.986374],[-124.044318,43.986358],[-124.044318,43.986357],[-124.04436,43.986326],[-124.044569,43.986162],[-124.04465,43.986098],[-124.044728,43.986033],[-124.044802,43.985965],[-124.044872,43.985895],[-124.044938,43.985823],[-124.044984,43.985771],[-124.045029,43.985717],[-124.045079,43.985656],[-124.045126,43.985594],[-124.045174,43.985525],[-124.045182,43.985512],[-124.045191,43.985498],[-124.045192,43.985497],[-124.045194,43.985495],[-124.045202,43.985482],[-124.045203,43.985481],[-124.045212,43.985466],[-124.04527,43.985366],[-124.04532,43.985265],[-124.045364,43.985162],[-124.045401,43.985057],[-124.045217,43.985148],[-124.045209,43.985152],[-124.044579,43.985466],[-124.04436,43.985575],[-124.04436,43.985575],[-124.044131,43.985689],[-124.043854,43.986026],[-124.043802,43.98609],[-124.042462,43.987063],[-124.04254,43.987139],[-124.042365,43.987233],[-124.042188,43.987324],[-124.041766,43.98747],[-124.041766,43.98747],[-124.041765,43.98747],[-124.041765,43.98747],[-124.041739,43.987479],[-124.041712,43.987487],[-124.040511,43.987969],[-124.040461,43.987989],[-124.040428,43.988003],[-124.040403,43.988012],[-124.040369,43.988026],[-124.040333,43.988041],[-124.040295,43.988056],[-124.040291,43.988058],[-124.040256,43.988072],[-124.040222,43.988085],[-124.040192,43.988097],[-124.040167,43.988107],[-124.040149,43.988114],[-124.040121,43.988126],[-124.040087,43.988141],[-124.040054,43.988156],[-124.040033,43.988166],[-124.040006,43.988179],[-124.039726,43.988325],[-124.039696,43.988341],[-124.039669,43.988356],[-124.039647,43.98837],[-124.039628,43.988384],[-124.039609,43.988399],[-124.038798,43.988719],[-124.038368,43.988891],[-124.037941,43.989067],[-124.037516,43.989246],[-124.037094,43.989428],[-124.036676,43.989614],[-124.036259,43.989803],[-124.031587,43.992126],[-124.031278,43.992281],[-124.030972,43.992437],[-124.030969,43.992438],[-124.030724,43.992567],[-124.030482,43.992698],[-124.030242,43.992832],[-124.030005,43.992969],[-124.030002,43.99297],[-124.029712,43.993143],[-124.029423,43.993317],[-124.02847,43.993894],[-124.028268,43.994043],[-124.028071,43.994195],[-124.027876,43.994349],[-124.026063,43.995791],[-124.025714,43.996068],[-124.025518,43.996225],[-124.025317,43.996378],[-124.025112,43.996528],[-124.024902,43.996675],[-124.024688,43.996819],[-124.024578,43.996886],[-124.024466,43.996951],[-124.024351,43.997015],[-124.024111,43.997135],[-124.023867,43.997251],[-124.02362,43.997364],[-124.02337,43.997473],[-124.023116,43.997577],[-124.02178,43.998122],[-124.021445,43.99826],[-124.021113,43.998402],[-124.020785,43.998548],[-124.020759,43.998563],[-124.018782,43.99976],[-124.018327,44.000036],[-124.017542,44.000511],[-124.016798,44.000862],[-124.015431,44.001572],[-124.014835,44.001919],[-124.014094,44.002344],[-124.013118,44.002928],[-124.012549,44.003262],[-124.011911,44.003641],[-124.010617,44.00447],[-124.010015,44.004852],[-124.008863,44.005599],[-124.008102,44.006075],[-124.006814,44.00689],[-124.006692,44.006967],[-124.005997,44.007422],[-124.00569,44.007632],[-124.00518,44.007999],[-124.00477,44.008327],[-124.004402,44.008636],[-124.00401,44.008977],[-124.003619,44.009336],[-124.00333,44.009619],[-124.003037,44.009916],[-124.002795,44.010182],[-124.002641,44.010337],[-124.002324,44.010677],[-124.002081,44.010921],[-124.001833,44.011146],[-124.001612,44.011316],[-124.001404,44.011463],[-124.001267,44.01155],[-124.001053,44.011683],[-124.000688,44.011866],[-124.000136,44.012115],[-124.000118,44.012123],[-123.99937,44.012443],[-123.998528,44.012811],[-123.997888,44.013076],[-123.997542,44.013217],[-123.997403,44.013273],[-123.996849,44.013497],[-123.996615,44.013571],[-123.996231,44.013692],[-123.995435,44.013935],[-123.994453,44.014198],[-123.993634,44.014421],[-123.991566,44.014972],[-123.990637,44.015219],[-123.989697,44.015439],[-123.989145,44.015603],[-123.989013,44.015663],[-123.988883,44.015726],[-123.988756,44.015792],[-123.988631,44.01586],[-123.988616,44.015846],[-123.988044,44.016154],[-123.987909,44.016226],[-123.987924,44.016241],[-123.987724,44.016348],[-123.987739,44.016363],[-123.987395,44.016548],[-123.987233,44.016642],[-123.987068,44.016732],[-123.986899,44.01682],[-123.986728,44.016905],[-123.986553,44.016986],[-123.986375,44.017064],[-123.986183,44.017147],[-123.985988,44.017225],[-123.985789,44.017299],[-123.985587,44.017369],[-123.985382,44.017433],[-123.985174,44.017494],[-123.984964,44.017549],[-123.984751,44.0176],[-123.984537,44.017646],[-123.98432,44.017687],[-123.984102,44.017723],[-123.983883,44.017754],[-123.983887,44.017771],[-123.983682,44.017799],[-123.983477,44.017823],[-123.983271,44.017843],[-123.983064,44.017859],[-123.982856,44.017871],[-123.982649,44.01788],[-123.981094,44.017984],[-123.980447,44.018018],[-123.979755,44.018084],[-123.979175,44.018165],[-123.978334,44.018331],[-123.977958,44.018401],[-123.977716,44.018445],[-123.975491,44.018883],[-123.974899,44.018989],[-123.974273,44.019116],[-123.973729,44.019199],[-123.973128,44.019301],[-123.972373,44.019425],[-123.971688,44.019535],[-123.971241,44.01961],[-123.970631,44.019708],[-123.970096,44.019797],[-123.969656,44.019855],[-123.969379,44.019889],[-123.968885,44.019933],[-123.968263,44.019967],[-123.967935,44.019984],[-123.967812,44.01999],[-123.967333,44.019976],[-123.966853,44.019949],[-123.966012,44.019891],[-123.965304,44.019822],[-123.963443,44.01966],[-123.962567,44.019588],[-123.961791,44.019505],[-123.96135,44.019454],[-123.960938,44.019384],[-123.960137,44.019241],[-123.959783,44.019175],[-123.959354,44.019108],[-123.958729,44.019024],[-123.957756,44.018967],[-123.95658,44.018938],[-123.954461,44.018893],[-123.953204,44.018831],[-123.952482,44.018769],[-123.951944,44.018718],[-123.95127,44.018636],[-123.950368,44.018516],[-123.949591,44.0184],[-123.948812,44.01826],[-123.94832,44.018169],[-123.948068,44.01811],[-123.947766,44.018039],[-123.947597,44.017999],[-123.947174,44.01788],[-123.946813,44.01776],[-123.946104,44.017519],[-123.945034,44.017099],[-123.943974,44.016679],[-123.942635,44.016185],[-123.941919,44.015917],[-123.941653,44.015829],[-123.941388,44.01576],[-123.941115,44.015711],[-123.940833,44.015665],[-123.940583,44.015634],[-123.940192,44.015604],[-123.940072,44.015602],[-123.940041,44.015813],[-123.940267,44.015837],[-123.940492,44.015866],[-123.940716,44.015899],[-123.94094,44.015937],[-123.941163,44.01598],[-123.941338,44.016016],[-123.941417,44.016022],[-123.941608,44.016071],[-123.94161,44.016072],[-123.94188,44.016143],[-123.942177,44.016233],[-123.942201,44.01624],[-123.942212,44.016244],[-123.942626,44.016402],[-123.943135,44.016587],[-123.943142,44.016589],[-123.943159,44.016595],[-123.943161,44.016596],[-123.943179,44.016603],[-123.943182,44.016604],[-123.943182,44.016604],[-123.943182,44.016604],[-123.943194,44.016608],[-123.943199,44.01661],[-123.94322,44.016618],[-123.94322,44.016618],[-123.943475,44.016713],[-123.943728,44.016809],[-123.94381,44.01684],[-123.94499,44.017293],[-123.946121,44.017727],[-123.946402,44.017833],[-123.946685,44.017937],[-123.94697,44.018036],[-123.947259,44.018131],[-123.947427,44.018181],[-123.947597,44.018228],[-123.947768,44.018272],[-123.947768,44.018272],[-123.947768,44.018272],[-123.947896,44.018302],[-123.948026,44.018331],[-123.948332,44.018391],[-123.94864,44.018447],[-123.948949,44.018498],[-123.949259,44.018545],[-123.950782,44.018774],[-123.951064,44.018817],[-123.951345,44.018858],[-123.951626,44.018898],[-123.951909,44.018934],[-123.952202,44.018966],[-123.952496,44.018995],[-123.952791,44.019019],[-123.952791,44.019157],[-123.953005,44.019171],[-123.953009,44.019171],[-123.953227,44.019184],[-123.953447,44.019194],[-123.953453,44.019194],[-123.953473,44.019195],[-123.953475,44.019195],[-123.953483,44.019195],[-123.953485,44.019195],[-123.953485,44.019195],[-123.953485,44.019195],[-123.953488,44.019195],[-123.953499,44.019196],[-123.953521,44.019197],[-123.953523,44.019197],[-123.953578,44.019199],[-123.953806,44.019207],[-123.957833,44.019363],[-123.958138,44.019373],[-123.958416,44.019384],[-123.958695,44.019399],[-123.958884,44.019414],[-123.959074,44.019433],[-123.959262,44.019455],[-123.95945,44.019481],[-123.959722,44.019526],[-123.959993,44.019575],[-123.960695,44.019705],[-123.960921,44.019746],[-123.961147,44.019785],[-123.961306,44.01981],[-123.961465,44.019833],[-123.961584,44.019848],[-123.961593,44.01985],[-123.961713,44.019864],[-123.961891,44.019883],[-123.961894,44.019883],[-123.9619,44.019884],[-123.961901,44.019884],[-123.961902,44.019884],[-123.961905,44.019884],[-123.961915,44.019885],[-123.961919,44.019886],[-123.961927,44.019887],[-123.961934,44.019887],[-123.961939,44.019888],[-123.961949,44.019889],[-123.961952,44.019889],[-123.961958,44.01989],[-123.961965,44.01989],[-123.961972,44.019891],[-123.961978,44.019892],[-123.961985,44.019892],[-123.961985,44.019892],[-123.961989,44.019893],[-123.962174,44.01991],[-123.962884,44.019977],[-123.962884,44.019935],[-123.964484,44.02008],[-123.965642,44.020185]],[[-124.004836,44.008874],[-124.004766,44.008815],[-124.004964,44.008655],[-124.005014,44.008615],[-124.005029,44.008744],[-124.004978,44.009078],[-124.004836,44.008874]]],[[[-123.904439,44.024305],[-123.904439,44.024305],[-123.90444,44.024305],[-123.904693,44.024267],[-123.904944,44.024224],[-123.904978,44.024218],[-123.904981,44.024218],[-123.905016,44.024211],[-123.905019,44.024211],[-123.905055,44.024204],[-123.905067,44.024202],[-123.905067,44.024202],[-123.90508,44.024199],[-123.90508,44.024199],[-123.905083,44.024199],[-123.905097,44.024196],[-123.905134,44.024189],[-123.905134,44.024189],[-123.905134,44.024189],[-123.905134,44.024189],[-123.905135,44.024189],[-123.905135,44.024189],[-123.905135,44.024189],[-123.905135,44.024189],[-123.905172,44.024182],[-123.905175,44.024181],[-123.90521,44.024174],[-123.905438,44.024127],[-123.905664,44.024077],[-123.905042,44.024065],[-123.905294,44.024015],[-123.905545,44.02396],[-123.905546,44.02396],[-123.905794,44.023902],[-123.906041,44.023839],[-123.906265,44.023765],[-123.906267,44.023764],[-123.906279,44.02376],[-123.906285,44.023758],[-123.906285,44.023758],[-123.906288,44.023757],[-123.906293,44.023755],[-123.906293,44.023755],[-123.906293,44.023755],[-123.906293,44.023755],[-123.906303,44.023752],[-123.906306,44.023751],[-123.906315,44.023748],[-123.906323,44.023745],[-123.906324,44.023745],[-123.906325,44.023744],[-123.906334,44.023741],[-123.906336,44.023741],[-123.906336,44.023741],[-123.906336,44.023741],[-123.906337,44.02374],[-123.906338,44.02374],[-123.906338,44.02374],[-123.906347,44.023737],[-123.906358,44.023733],[-123.906361,44.023732],[-123.906574,44.023658],[-123.906577,44.023656],[-123.908049,44.0231],[-123.908197,44.023044],[-123.908199,44.023043],[-123.908209,44.023038],[-123.908215,44.023036],[-123.90822,44.023034],[-123.908225,44.023032],[-123.908251,44.023022],[-123.908278,44.023012],[-123.908283,44.02301],[-123.908291,44.023006],[-123.908324,44.022993],[-123.908454,44.022939],[-123.908457,44.022938],[-123.908458,44.022938],[-123.908458,44.022938],[-123.908489,44.022924],[-123.908635,44.022857],[-123.908778,44.022786],[-123.908917,44.022711],[-123.909052,44.022632],[-123.909183,44.02255],[-123.909309,44.022464],[-123.90943,44.022374],[-123.909547,44.022282],[-123.909659,44.022186],[-123.909766,44.022087],[-123.909867,44.021985],[-123.909887,44.021964],[-123.909887,44.021963],[-123.909888,44.021963],[-123.909889,44.021962],[-123.909994,44.021841],[-123.910009,44.021823],[-123.910013,44.021819],[-123.910029,44.021799],[-123.91003,44.021799],[-123.91003,44.021799],[-123.91003,44.021798],[-123.91003,44.021798],[-123.91003,44.021798],[-123.910046,44.021779],[-123.910046,44.021778],[-123.910128,44.021678],[-123.910129,44.021676],[-123.911504,44.01997],[-123.911719,44.01997],[-123.9118,44.019875],[-123.912967,44.018514],[-123.913312,44.018111],[-123.913286,44.018098],[-123.913064,44.017985],[-123.913172,44.017878],[-123.913286,44.017774],[-123.913404,44.017672],[-123.913528,44.017574],[-123.913656,44.017479],[-123.913789,44.017387],[-123.913926,44.017299],[-123.914089,44.017209],[-123.914255,44.017123],[-123.914426,44.017042],[-123.914601,44.016965],[-123.914779,44.016892],[-123.91496,44.016823],[-123.915145,44.016759],[-123.915332,44.0167],[-123.915523,44.016645],[-123.915715,44.016596],[-123.915899,44.016553],[-123.916085,44.016515],[-123.916272,44.016481],[-123.916461,44.016451],[-123.916753,44.016423],[-123.916757,44.016422],[-123.916767,44.016421],[-123.916788,44.016419],[-123.916791,44.016419],[-123.916793,44.016419],[-123.916832,44.016416],[-123.916874,44.016412],[-123.916875,44.016412],[-123.91688,44.016412],[-123.916883,44.016411],[-123.916884,44.016411],[-123.916909,44.016409],[-123.91691,44.016409],[-123.916911,44.016409],[-123.916915,44.016409],[-123.917205,44.016387],[-123.917205,44.016525],[-123.917439,44.016511],[-123.917674,44.0165],[-123.917908,44.016492],[-123.918143,44.016488],[-123.918394,44.016482],[-123.919294,44.016464],[-123.920164,44.016445],[-123.920169,44.016445],[-123.920444,44.016441],[-123.92072,44.016439],[-123.920853,44.016442],[-123.920986,44.016446],[-123.921214,44.016457],[-123.921441,44.016474],[-123.921667,44.016496],[-123.921941,44.01653],[-123.922214,44.016568],[-123.923603,44.01675],[-123.923624,44.016752],[-123.923878,44.016775],[-123.924133,44.016792],[-123.924388,44.016804],[-123.924644,44.016811],[-123.9249,44.016812],[-123.925156,44.016809],[-123.925412,44.0168],[-123.92576,44.016779],[-123.926108,44.016754],[-123.926455,44.016724],[-123.928455,44.016549],[-123.928458,44.016548],[-123.93027,44.016389],[-123.933169,44.016401],[-123.93317,44.015996],[-123.935548,44.015788],[-123.935885,44.015759],[-123.936222,44.015734],[-123.936559,44.015714],[-123.936731,44.015708],[-123.936903,44.015704],[-123.937241,44.015705],[-123.93758,44.015709],[-123.937919,44.015718],[-123.938241,44.015728],[-123.938203,44.01581],[-123.9382,44.015816],[-123.938201,44.015816],[-123.938522,44.01582],[-123.938843,44.015827],[-123.939163,44.015839],[-123.939483,44.015854],[-123.939802,44.015873],[-123.939814,44.015793],[-123.939843,44.015599],[-123.939828,44.015599],[-123.938936,44.015558],[-123.938305,44.015526],[-123.937732,44.015492],[-123.937394,44.01547],[-123.936972,44.015447],[-123.936675,44.015437],[-123.936388,44.015458],[-123.936,44.015485],[-123.935563,44.015524],[-123.935295,44.015548],[-123.934404,44.015625],[-123.933704,44.015694],[-123.933136,44.015752],[-123.932131,44.015837],[-123.931337,44.015902],[-123.93069,44.015962],[-123.930002,44.016024],[-123.929403,44.01609],[-123.928879,44.016137],[-123.928453,44.016177],[-123.928139,44.016207],[-123.927531,44.016257],[-123.926913,44.01631],[-123.926097,44.016367],[-123.925343,44.016418],[-123.924786,44.016434],[-123.924338,44.016425],[-123.923956,44.016407],[-123.923524,44.016366],[-123.923069,44.016319],[-123.92265,44.016261],[-123.922227,44.016219],[-123.921657,44.016165],[-123.921162,44.016116],[-123.920726,44.016087],[-123.92042,44.016067],[-123.91995,44.016059],[-123.919357,44.016064],[-123.919292,44.016066],[-123.918782,44.016081],[-123.918392,44.016089],[-123.917853,44.016098],[-123.917105,44.016114],[-123.916611,44.016151],[-123.916187,44.016173],[-123.915763,44.016275],[-123.915088,44.016477],[-123.914576,44.016665],[-123.914209,44.016839],[-123.913905,44.017011],[-123.913532,44.017245],[-123.913226,44.017472],[-123.912968,44.017687],[-123.912695,44.017941],[-123.912486,44.018171],[-123.912007,44.018775],[-123.911432,44.019511],[-123.910133,44.021128],[-123.90937,44.022047],[-123.908985,44.022368],[-123.90845,44.022697],[-123.908122,44.022857],[-123.907676,44.023033],[-123.906892,44.023268],[-123.906358,44.02343],[-123.906135,44.023507],[-123.905909,44.023581],[-123.90573,44.023628],[-123.905478,44.023688],[-123.905225,44.023744],[-123.90497,44.023795],[-123.904713,44.023841],[-123.904455,44.023883],[-123.90419,44.023921],[-123.903924,44.023953],[-123.903657,44.023981],[-123.903389,44.024004],[-123.903121,44.024021],[-123.902852,44.024034],[-123.902582,44.024042],[-123.902312,44.024044],[-123.902043,44.024042],[-123.901773,44.024035],[-123.901504,44.024022],[-123.901235,44.024005],[-123.901233,44.024005],[-123.901232,44.024005],[-123.900952,44.023984],[-123.900673,44.02396],[-123.8985,44.023762],[-123.898159,44.023731],[-123.897797,44.023704],[-123.897434,44.023681],[-123.89707,44.023662],[-123.896706,44.023647],[-123.896342,44.023637],[-123.896114,44.023633],[-123.895885,44.023631],[-123.895542,44.023631],[-123.894684,44.023633],[-123.893827,44.023635],[-123.893486,44.023635],[-123.893089,44.023631],[-123.892692,44.023621],[-123.892296,44.023607],[-123.8919,44.023587],[-123.891505,44.023561],[-123.891166,44.023536],[-123.891061,44.023528],[-123.890047,44.02345],[-123.888373,44.02332],[-123.887919,44.023345],[-123.887094,44.023408],[-123.886133,44.023493],[-123.885521,44.023546],[-123.885084,44.023585],[-123.884705,44.023608],[-123.884373,44.023612],[-123.883902,44.0236],[-123.883525,44.023582],[-123.883125,44.023552],[-123.882857,44.023522],[-123.882554,44.023486],[-123.882109,44.023451],[-123.881712,44.023408],[-123.88131,44.023343],[-123.880814,44.023265],[-123.880349,44.023182],[-123.879989,44.023091],[-123.879589,44.022994],[-123.879297,44.022916],[-123.87881,44.022751],[-123.878159,44.022524],[-123.877704,44.02239],[-123.874919,44.02122],[-123.873405,44.020604],[-123.872753,44.020271],[-123.87182,44.019817],[-123.871588,44.019712],[-123.871347,44.019607],[-123.871062,44.019485],[-123.870794,44.019377],[-123.870586,44.019294],[-123.870388,44.019236],[-123.869674,44.018993],[-123.869033,44.018772],[-123.868717,44.01864],[-123.868561,44.018574],[-123.868257,44.018443],[-123.867392,44.018105],[-123.866659,44.017816],[-123.866379,44.017716],[-123.866149,44.017646],[-123.865843,44.017568],[-123.865516,44.017498],[-123.865231,44.017468],[-123.864844,44.017441],[-123.864477,44.017448],[-123.864137,44.017474],[-123.863957,44.017505],[-123.863721,44.01755],[-123.863298,44.017674],[-123.862964,44.017802],[-123.862557,44.01797],[-123.862151,44.018231],[-123.861398,44.018787],[-123.86079,44.019321],[-123.860272,44.019886],[-123.859697,44.020693],[-123.859419,44.021123],[-123.859177,44.021546],[-123.8587,44.022447],[-123.858183,44.023662],[-123.858018,44.024122],[-123.857862,44.024734],[-123.857848,44.024796],[-123.857996,44.024816],[-123.858052,44.024804],[-123.858083,44.024785],[-123.858105,44.024723],[-123.858151,44.024541],[-123.858213,44.024321],[-123.858222,44.024179],[-123.858295,44.024003],[-123.858426,44.023719],[-123.858623,44.023366],[-123.858878,44.02271],[-123.859059,44.022287],[-123.859212,44.022016],[-123.859364,44.021797],[-123.859818,44.021402],[-123.859941,44.021214],[-123.86007,44.021029],[-123.860178,44.020879],[-123.86029,44.02073],[-123.860371,44.020626],[-123.860453,44.020523],[-123.860553,44.020402],[-123.860561,44.020393],[-123.860662,44.020274],[-123.860669,44.020265],[-123.860728,44.020198],[-123.860729,44.020197],[-123.860762,44.02016],[-123.860763,44.020158],[-123.860774,44.020146],[-123.860776,44.020144],[-123.860777,44.020142],[-123.860795,44.020123],[-123.860797,44.020121],[-123.860805,44.020112],[-123.860813,44.020103],[-123.860834,44.020079],[-123.860835,44.020079],[-123.860844,44.020068],[-123.860854,44.020058],[-123.860854,44.020058],[-123.860875,44.020035],[-123.860877,44.020033],[-123.860899,44.020008],[-123.860923,44.019983],[-123.861072,44.019826],[-123.861224,44.019671],[-123.861381,44.019519],[-123.86151,44.019388],[-123.861644,44.019259],[-123.861782,44.019132],[-123.861894,44.019035],[-123.862008,44.018938],[-123.862125,44.018844],[-123.862274,44.01873],[-123.862427,44.018618],[-123.862455,44.018598],[-123.862455,44.018598],[-123.862464,44.018592],[-123.862466,44.01859],[-123.862466,44.01859],[-123.862472,44.018586],[-123.862472,44.018586],[-123.86248,44.01858],[-123.862488,44.018575],[-123.862488,44.018575],[-123.862491,44.018573],[-123.862492,44.018572],[-123.862503,44.018565],[-123.862529,44.018547],[-123.862535,44.018542],[-123.862437,44.018475],[-123.862552,44.018391],[-123.862673,44.01831],[-123.862799,44.018233],[-123.862929,44.018161],[-123.863064,44.018092],[-123.863203,44.018028],[-123.863345,44.017969],[-123.863488,44.017915],[-123.863619,44.017873],[-123.863753,44.017835],[-123.863889,44.017801],[-123.864027,44.017772],[-123.864167,44.017747],[-123.864308,44.017727],[-123.86445,44.01771],[-123.864445,44.017849],[-123.864594,44.017838],[-123.864744,44.017831],[-123.864893,44.01783],[-123.865043,44.017835],[-123.865192,44.017845],[-123.865341,44.01786],[-123.865488,44.017881],[-123.865633,44.017907],[-123.86565,44.01791],[-123.865653,44.017911],[-123.865654,44.017911],[-123.865655,44.017911],[-123.865658,44.017912],[-123.865683,44.017917],[-123.865884,44.01797],[-123.866082,44.018028],[-123.866278,44.018089],[-123.866472,44.018155],[-123.866662,44.018224],[-123.86685,44.018298],[-123.867862,44.018707],[-123.867934,44.018736],[-123.867941,44.018739],[-123.867955,44.018745],[-123.867955,44.018745],[-123.867963,44.018748],[-123.867963,44.018748],[-123.867963,44.018748],[-123.86797,44.018751],[-123.867985,44.018757],[-123.867996,44.018761],[-123.868006,44.018765],[-123.868012,44.018768],[-123.868163,44.018828],[-123.868389,44.018917],[-123.868391,44.018918],[-123.868436,44.018936],[-123.868439,44.018937],[-123.868481,44.018953],[-123.868717,44.019042],[-123.868983,44.01914],[-123.869251,44.019236],[-123.86956,44.019347],[-123.870448,44.019677],[-123.870637,44.019749],[-123.870888,44.019848],[-123.871138,44.019948],[-123.871346,44.020038],[-123.871551,44.02013],[-123.871753,44.020226],[-123.872075,44.020388],[-123.872393,44.020554],[-123.8725,44.020605],[-123.873149,44.020917],[-123.873446,44.021058],[-123.873746,44.021197],[-123.874048,44.021333],[-123.874352,44.021466],[-123.874659,44.021596],[-123.874967,44.021724],[-123.875818,44.022057],[-123.877115,44.022565],[-123.877471,44.022701],[-123.87783,44.022833],[-123.878192,44.022961],[-123.878557,44.023084],[-123.878924,44.023203],[-123.879183,44.023283],[-123.879443,44.02336],[-123.879707,44.023431],[-123.879973,44.023498],[-123.88024,44.023559],[-123.880392,44.023592],[-123.880367,44.024499],[-123.885208,44.024201],[-123.890028,44.023904],[-123.890035,44.023725],[-123.891125,44.023809],[-123.891202,44.023815],[-123.89122,44.023816],[-123.891228,44.023817],[-123.891228,44.023817],[-123.891231,44.023817],[-123.891238,44.023817],[-123.891256,44.023819],[-123.891268,44.02382],[-123.891279,44.02382],[-123.891313,44.023823],[-123.891318,44.023823],[-123.891324,44.023824],[-123.891328,44.023824],[-123.891344,44.023825],[-123.891351,44.023826],[-123.891353,44.023826],[-123.89136,44.023826],[-123.891373,44.023827],[-123.891377,44.023828],[-123.891377,44.023828],[-123.89139,44.023829],[-123.891467,44.023834],[-123.891858,44.023859],[-123.892249,44.023879],[-123.892298,44.023881],[-123.892305,44.023882],[-123.892357,44.023884],[-123.892361,44.023884],[-123.892417,44.023886],[-123.892432,44.023887],[-123.892445,44.023887],[-123.892446,44.023887],[-123.892448,44.023888],[-123.892452,44.023888],[-123.892452,44.023888],[-123.892461,44.023888],[-123.892476,44.023889],[-123.892529,44.02389],[-123.892532,44.023891],[-123.892586,44.023892],[-123.892588,44.023893],[-123.89264,44.023894],[-123.892644,44.023894],[-123.892694,44.023896],[-123.8927,44.023896],[-123.892752,44.023898],[-123.893118,44.023906],[-123.893485,44.023909],[-123.893561,44.023909],[-123.893627,44.02391],[-123.893638,44.02391],[-123.893675,44.023909],[-123.893828,44.023909],[-123.894933,44.023907],[-123.895543,44.023905],[-123.895713,44.023905],[-123.895884,44.023905],[-123.89623,44.023909],[-123.896576,44.023918],[-123.896577,44.023918],[-123.896594,44.023918],[-123.896601,44.023918],[-123.896601,44.023918],[-123.896602,44.023918],[-123.896602,44.023918],[-123.896602,44.023918],[-123.896606,44.023919],[-123.896606,44.023919],[-123.896606,44.023919],[-123.89661,44.023919],[-123.896614,44.023919],[-123.896614,44.023919],[-123.896629,44.023919],[-123.896681,44.023921],[-123.897,44.023933],[-123.897319,44.023949],[-123.897372,44.023952],[-123.897373,44.023952],[-123.89739,44.023953],[-123.897396,44.023954],[-123.897396,44.023954],[-123.897396,44.023954],[-123.897407,44.023954],[-123.897424,44.023955],[-123.897426,44.023955],[-123.897474,44.023958],[-123.897479,44.023958],[-123.897524,44.023961],[-123.89782,44.023981],[-123.898114,44.024004],[-123.898269,44.024017],[-123.898283,44.024018],[-123.898452,44.024034],[-123.900625,44.024232],[-123.900911,44.024257],[-123.901196,44.024278],[-123.9012,44.024278],[-123.901416,44.024293],[-123.901633,44.024304],[-123.901849,44.024312],[-123.901851,44.024312],[-123.902119,44.024318],[-123.902386,44.024319],[-123.902422,44.024318],[-123.902424,44.024318],[-123.90246,44.024318],[-123.902463,44.024318],[-123.902501,44.024317],[-123.902504,44.024317],[-123.902542,44.024317],[-123.90258,44.024316],[-123.90258,44.024316],[-123.90258,44.024316],[-123.90258,44.024316],[-123.902618,44.024315],[-123.902867,44.024308],[-123.903117,44.024297],[-123.903152,44.024295],[-123.903153,44.024295],[-123.903154,44.024295],[-123.903155,44.024295],[-123.903155,44.024295],[-123.903193,44.024292],[-123.903195,44.024292],[-123.903231,44.02429],[-123.903233,44.02429],[-123.903269,44.024288],[-123.903273,44.024287],[-123.903307,44.024285],[-123.903554,44.024266],[-123.9038,44.024244],[-123.903803,44.024243],[-123.904017,44.02422],[-123.90423,44.024194],[-123.904443,44.024165],[-123.904444,44.024165],[-123.904439,44.024305]]],[[[-123.676875,44.026271],[-123.676822,44.026424],[-123.676776,44.026577],[-123.676625,44.027205],[-123.676578,44.027402],[-123.677046,44.027461],[-123.676833,44.028345],[-123.676785,44.028553],[-123.676741,44.028762],[-123.676719,44.028893],[-123.676702,44.029024],[-123.676688,44.029155],[-123.676675,44.029366],[-123.676667,44.029577],[-123.67665,44.030115],[-123.676648,44.03032],[-123.676641,44.030524],[-123.67663,44.030729],[-123.676614,44.030933],[-123.67661,44.030968],[-123.676589,44.031117],[-123.676562,44.031265],[-123.676529,44.031412],[-123.676489,44.031559],[-123.676443,44.031705],[-123.676391,44.031849],[-123.676334,44.031993],[-123.67627,44.032135],[-123.6762,44.032276],[-123.676125,44.032415],[-123.676001,44.032617],[-123.675872,44.032817],[-123.675737,44.033015],[-123.675598,44.033211],[-123.674878,44.034158],[-123.674876,44.03416],[-123.674763,44.03431],[-123.674656,44.034462],[-123.674553,44.034615],[-123.674454,44.03477],[-123.674383,44.034897],[-123.674318,44.035025],[-123.67426,44.035155],[-123.674208,44.035286],[-123.674163,44.035419],[-123.674124,44.035553],[-123.674093,44.035688],[-123.674068,44.035823],[-123.674048,44.035992],[-123.674033,44.036162],[-123.674023,44.036331],[-123.674017,44.036501],[-123.673994,44.03704],[-123.673986,44.037238],[-123.673985,44.037437],[-123.67399,44.037635],[-123.674002,44.037785],[-123.674022,44.037935],[-123.674049,44.038085],[-123.674084,44.038234],[-123.674126,44.038381],[-123.674174,44.038524],[-123.674229,44.038666],[-123.674291,44.038806],[-123.67436,44.038945],[-123.674435,44.039081],[-123.674517,44.039216],[-123.674605,44.039348],[-123.6747,44.039479],[-123.674801,44.039606],[-123.674908,44.039732],[-123.675021,44.039854],[-123.67514,44.039973],[-123.675264,44.04009],[-123.675392,44.0402],[-123.675524,44.040308],[-123.675661,44.040412],[-123.675803,44.040512],[-123.67595,44.040609],[-123.676102,44.040703],[-123.676257,44.040792],[-123.676417,44.040878],[-123.676581,44.040959],[-123.676748,44.041037],[-123.67692,44.04111],[-123.677094,44.04118],[-123.677272,44.041244],[-123.677453,44.041305],[-123.677636,44.041361],[-123.677822,44.041412],[-123.67801,44.041459],[-123.678201,44.041501],[-123.678435,44.041547],[-123.67867,44.04159],[-123.678907,44.041628],[-123.679145,44.041662],[-123.679384,44.041692],[-123.679624,44.041717],[-123.679865,44.041739],[-123.680076,44.041754],[-123.680287,44.041767],[-123.680499,44.041775],[-123.680711,44.041781],[-123.680577,44.041672],[-123.680331,44.041472],[-123.680065,44.041455],[-123.679737,44.041421],[-123.67927,44.041365],[-123.678875,44.041311],[-123.678177,44.041177],[-123.67763,44.041038],[-123.677234,44.040899],[-123.676887,44.040766],[-123.676499,44.040596],[-123.676104,44.040378],[-123.67572,44.040088],[-123.675351,44.039737],[-123.675036,44.039404],[-123.67483,44.039099],[-123.674688,44.038821],[-123.674598,44.03854],[-123.674488,44.038158],[-123.674421,44.037881],[-123.674336,44.03744],[-123.674332,44.036993],[-123.674329,44.036587],[-123.674352,44.036205],[-123.674389,44.035839],[-123.674468,44.035543],[-123.674583,44.035298],[-123.674776,44.034908],[-123.675,44.034581],[-123.67554,44.033874],[-123.676155,44.033056],[-123.676484,44.032566],[-123.676596,44.032367],[-123.676725,44.032117],[-123.676843,44.031756],[-123.676929,44.031402],[-123.676969,44.031087],[-123.677004,44.030668],[-123.677018,44.030128],[-123.677017,44.029563],[-123.677045,44.029023],[-123.677101,44.028649],[-123.677281,44.028025],[-123.677475,44.027299],[-123.677488,44.027223],[-123.677533,44.026968],[-123.677576,44.026526],[-123.677564,44.026349],[-123.677552,44.026172],[-123.677552,44.026169],[-123.677535,44.025909],[-123.677498,44.02598],[-123.677464,44.026051],[-123.677417,44.026153],[-123.677374,44.026256],[-123.677334,44.02636],[-123.676875,44.026271]]],[[[-123.315553,44.052598],[-123.320583,44.05259],[-123.320634,44.05259],[-123.327706,44.052616],[-123.330161,44.05262],[-123.338405,44.052632],[-123.34029,44.052634],[-123.350582,44.052648],[-123.351485,44.052649],[-123.351485,44.052649],[-123.351486,44.052375],[-123.351408,44.052375],[-123.350583,44.052374],[-123.349848,44.052373],[-123.34908,44.052372],[-123.348538,44.052371],[-123.348154,44.052371],[-123.347747,44.05237],[-123.347332,44.05237],[-123.345556,44.052367],[-123.344663,44.052366],[-123.343848,44.052363],[-123.343771,44.052363],[-123.343144,44.052364],[-123.342675,44.052363],[-123.34244,44.052363],[-123.342206,44.052363],[-123.341972,44.052362],[-123.341737,44.052362],[-123.341503,44.052362],[-123.34127,44.052361],[-123.341269,44.052361],[-123.34029,44.05236],[-123.340283,44.05236],[-123.338406,44.052357],[-123.337785,44.052357],[-123.337529,44.052356],[-123.336767,44.052355],[-123.336513,44.052355],[-123.33626,44.052354],[-123.335493,44.052353],[-123.335241,44.052353],[-123.334002,44.052339],[-123.333988,44.052339],[-123.332536,44.052336],[-123.331698,44.052334],[-123.331695,44.052334],[-123.331241,44.052333],[-123.330394,44.052332],[-123.330196,44.052271],[-123.327703,44.052265],[-123.326419,44.052262],[-123.325137,44.052259],[-123.324807,44.052258],[-123.324359,44.052257],[-123.323847,44.052255],[-123.322649,44.052252],[-123.322573,44.052252],[-123.321834,44.05225],[-123.320602,44.052247],[-123.316014,44.052235],[-123.315794,44.052324],[-123.315545,44.052323],[-123.301707,44.0523],[-123.298419,44.052295],[-123.294926,44.052288],[-123.291995,44.052283],[-123.291992,44.052283],[-123.290076,44.05228],[-123.290078,44.051996],[-123.274894,44.051943],[-123.274892,44.052135],[-123.273002,44.052128],[-123.273002,44.0521],[-123.269967,44.052089],[-123.269966,44.052203],[-123.269912,44.052203],[-123.268331,44.052197],[-123.261572,44.05217],[-123.261574,44.051894],[-123.253656,44.051864],[-123.253594,44.051864],[-123.253499,44.051864],[-123.253403,44.051864],[-123.253307,44.051865],[-123.253211,44.051865],[-123.253115,44.051865],[-123.253019,44.051865],[-123.252922,44.051866],[-123.252825,44.051866],[-123.252722,44.051867],[-123.252721,44.051867],[-123.252173,44.051874],[-123.251626,44.051886],[-123.251078,44.051903],[-123.250633,44.05192],[-123.250188,44.05194],[-123.249743,44.051964],[-123.249695,44.052006],[-123.249642,44.052045],[-123.249584,44.052081],[-123.249523,44.052113],[-123.249458,44.052141],[-123.24939,44.052165],[-123.249319,44.052185],[-123.249247,44.052201],[-123.249173,44.052212],[-123.246302,44.052438],[-123.244873,44.052442],[-123.244876,44.052675],[-123.24488,44.052952],[-123.246586,44.052777],[-123.246681,44.052767],[-123.246775,44.052758],[-123.246869,44.052748],[-123.246963,44.052738],[-123.247058,44.052729],[-123.247152,44.052719],[-123.247246,44.05271],[-123.247341,44.052701],[-123.247436,44.052692],[-123.247537,44.052682],[-123.247537,44.052682],[-123.248047,44.052636],[-123.248557,44.052594],[-123.249067,44.052557],[-123.249579,44.052524],[-123.24969,44.052517],[-123.249707,44.052516],[-123.24971,44.052516],[-123.24972,44.052515],[-123.24973,44.052515],[-123.249738,44.052514],[-123.249745,44.052514],[-123.24975,44.052514],[-123.24975,44.052514],[-123.2498,44.052511],[-123.249801,44.052511],[-123.25029,44.052485],[-123.25078,44.052463],[-123.250882,44.052459],[-123.251344,44.052443],[-123.251806,44.05243],[-123.252268,44.052421],[-123.25273,44.052416],[-123.25273,44.052416],[-123.25273,44.052416],[-123.252833,44.052415],[-123.252928,44.052414],[-123.253024,44.052414],[-123.253119,44.052414],[-123.253214,44.052413],[-123.253309,44.052413],[-123.253405,44.052413],[-123.2535,44.052413],[-123.253595,44.052413],[-123.253652,44.052413],[-123.268686,44.052473],[-123.269911,44.052477],[-123.290074,44.052554],[-123.291994,44.052557],[-123.294993,44.052563],[-123.301506,44.052574],[-123.301706,44.052575],[-123.315553,44.052598]]],[[[-123.217034,44.05552],[-123.217223,44.05577],[-123.217275,44.05584],[-123.217806,44.055846],[-123.219558,44.055864],[-123.219556,44.055551],[-123.220568,44.055456],[-123.221273,44.05539],[-123.222069,44.055308],[-123.222164,44.055299],[-123.222392,44.055276],[-123.229726,44.054528],[-123.236663,44.053795],[-123.236663,44.053795],[-123.244652,44.052976],[-123.244648,44.052699],[-123.244645,44.052443],[-123.242364,44.052451],[-123.239971,44.052457],[-123.239981,44.053178],[-123.236814,44.053503],[-123.23661,44.053524],[-123.236609,44.053524],[-123.229739,44.054233],[-123.229738,44.05425],[-123.229725,44.05425],[-123.229725,44.054259],[-123.229374,44.054294],[-123.227595,44.054469],[-123.227086,44.05452],[-123.227078,44.054522],[-123.22697,44.054549],[-123.226859,44.054571],[-123.226747,44.054589],[-123.226474,44.054615],[-123.225626,44.054669],[-123.221339,44.055096],[-123.220523,44.055187],[-123.21992,44.05524],[-123.219554,44.055272],[-123.217808,44.055447],[-123.217809,44.055365],[-123.216979,44.055442],[-123.216976,44.055443],[-123.217034,44.05552]]],[[[-123.188173,44.058684],[-123.188204,44.058681],[-123.188392,44.058679],[-123.190036,44.058514],[-123.190037,44.058514],[-123.190677,44.05845],[-123.190678,44.05845],[-123.193312,44.058186],[-123.197289,44.057788],[-123.197677,44.05775],[-123.198386,44.057679],[-123.200791,44.057438],[-123.203417,44.057175],[-123.203417,44.057239],[-123.206587,44.056918],[-123.208244,44.05675],[-123.208232,44.056615],[-123.20825,44.056613],[-123.208456,44.056594],[-123.208465,44.056593],[-123.208598,44.05658],[-123.208726,44.056568],[-123.208729,44.056568],[-123.208821,44.056559],[-123.209002,44.056542],[-123.215786,44.055905],[-123.217076,44.055925],[-123.216975,44.055794],[-123.216784,44.055543],[-123.212502,44.055946],[-123.209905,44.05619],[-123.208735,44.0563],[-123.208638,44.056309],[-123.208516,44.05632],[-123.208456,44.056326],[-123.208239,44.056354],[-123.208214,44.056358],[-123.208214,44.056416],[-123.208107,44.056426],[-123.203392,44.056898],[-123.20113,44.057125],[-123.200128,44.057225],[-123.194685,44.057776],[-123.188172,44.058435],[-123.188173,44.058684]]],[[[-123.440307,44.05573],[-123.440547,44.055843],[-123.440791,44.055951],[-123.441039,44.056054],[-123.441291,44.056153],[-123.441546,44.056247],[-123.441804,44.056336],[-123.442066,44.05642],[-123.44233,44.056499],[-123.442597,44.056574],[-123.442867,44.056643],[-123.443139,44.056707],[-123.443414,44.056766],[-123.44369,44.056819],[-123.443969,44.056868],[-123.444249,44.056911],[-123.44453,44.056949],[-123.444813,44.056982],[-123.445097,44.057009],[-123.445382,44.057031],[-123.445667,44.057047],[-123.445953,44.057058],[-123.446247,44.05706],[-123.446541,44.057059],[-123.446728,44.05706],[-123.446841,44.057059],[-123.446955,44.057059],[-123.448198,44.05706],[-123.448311,44.056924],[-123.448218,44.056924],[-123.446955,44.056922],[-123.446841,44.056922],[-123.446726,44.056923],[-123.44654,44.056921],[-123.44625,44.056923],[-123.445961,44.056921],[-123.4457,44.056911],[-123.445439,44.056897],[-123.445179,44.056878],[-123.44492,44.056854],[-123.444662,44.056826],[-123.444404,44.056793],[-123.444148,44.056756],[-123.443893,44.056714],[-123.44364,44.056668],[-123.443388,44.056618],[-123.443138,44.056563],[-123.442874,44.056499],[-123.442613,44.056431],[-123.442354,44.056358],[-123.442098,44.056281],[-123.441845,44.056198],[-123.441595,44.056111],[-123.441348,44.056019],[-123.441177,44.055953],[-123.441007,44.055883],[-123.440807,44.055797],[-123.440608,44.055708],[-123.440413,44.055616],[-123.440572,44.055445],[-123.440388,44.055355],[-123.440073,44.055189],[-123.439761,44.055019],[-123.438951,44.054573],[-123.4375,44.053774],[-123.437169,44.053592],[-123.4369,44.053444],[-123.4369,44.052838],[-123.435797,44.052837],[-123.431889,44.050686],[-123.429229,44.049221],[-123.42688,44.047928],[-123.42688,44.048013],[-123.426655,44.047892],[-123.426426,44.047774],[-123.426195,44.047659],[-123.42598,44.047558],[-123.425763,44.047459],[-123.425543,44.047363],[-123.425438,44.047324],[-123.425433,44.047322],[-123.425396,44.047308],[-123.425359,44.047295],[-123.425342,44.047289],[-123.425322,44.047282],[-123.425285,44.047269],[-123.425248,44.047257],[-123.425187,44.047236],[-123.425106,44.047211],[-123.425106,44.047211],[-123.424945,44.047163],[-123.424868,44.047141],[-123.424864,44.04714],[-123.424684,44.047093],[-123.424621,44.047078],[-123.424621,44.047078],[-123.424451,44.047039],[-123.424279,44.047005],[-123.424106,44.046974],[-123.423931,44.046948],[-123.423755,44.046925],[-123.423674,44.046916],[-123.423669,44.046915],[-123.423633,44.046911],[-123.423551,44.046903],[-123.423549,44.046903],[-123.423548,44.046903],[-123.423548,44.046903],[-123.423374,44.046889],[-123.423282,44.046883],[-123.423264,44.046882],[-123.423249,44.046882],[-123.423233,44.046881],[-123.423223,44.04688],[-123.42321,44.04688],[-123.423197,44.046879],[-123.423182,44.046878],[-123.42316,44.046877],[-123.423141,44.046877],[-123.4231,44.046875],[-123.423086,44.046875],[-123.423079,44.046874],[-123.423058,44.046874],[-123.422976,44.046872],[-123.422785,44.046875],[-123.422487,44.046883],[-123.422189,44.046897],[-123.421892,44.046915],[-123.421892,44.046983],[-123.421677,44.046999],[-123.421463,44.047018],[-123.421249,44.047039],[-123.420188,44.047143],[-123.414417,44.047709],[-123.412613,44.047886],[-123.411887,44.047957],[-123.411124,44.048032],[-123.405262,44.048607],[-123.401999,44.048927],[-123.401833,44.048943],[-123.400279,44.049095],[-123.400279,44.049024],[-123.400279,44.048957],[-123.399602,44.049022],[-123.389939,44.049959],[-123.38929,44.05002],[-123.38864,44.050077],[-123.387989,44.050131],[-123.387337,44.050182],[-123.386685,44.050229],[-123.386048,44.050271],[-123.385409,44.05031],[-123.381419,44.05054],[-123.372024,44.051082],[-123.366177,44.051418],[-123.366147,44.05142],[-123.364842,44.051495],[-123.362808,44.051612],[-123.362353,44.051638],[-123.361534,44.051685],[-123.361535,44.051556],[-123.361479,44.051559],[-123.361223,44.051573],[-123.360292,44.051625],[-123.360063,44.051637],[-123.35952,44.051667],[-123.35895,44.051699],[-123.358739,44.051711],[-123.358448,44.051727],[-123.356589,44.05183],[-123.355881,44.051869],[-123.351705,44.0521],[-123.351698,44.052567],[-123.351705,44.052648],[-123.351714,44.052763],[-123.351779,44.052913],[-123.352159,44.052905],[-123.352131,44.052759],[-123.352107,44.052613],[-123.352619,44.052598],[-123.353131,44.052579],[-123.353643,44.052556],[-123.354154,44.052528],[-123.355977,44.052422],[-123.358453,44.052283],[-123.358466,44.052283],[-123.358483,44.052282],[-123.358483,44.052282],[-123.360043,44.052193],[-123.360044,44.052193],[-123.360389,44.052208],[-123.366127,44.05185],[-123.366127,44.051919],[-123.369373,44.051729],[-123.371256,44.051619],[-123.372164,44.051566],[-123.385463,44.050789],[-123.386073,44.050752],[-123.386682,44.050711],[-123.386702,44.05071],[-123.386722,44.050709],[-123.386745,44.050707],[-123.386762,44.050706],[-123.386842,44.0507],[-123.38764,44.050642],[-123.388437,44.050578],[-123.389233,44.050509],[-123.390028,44.050434],[-123.40028,44.049441],[-123.40028,44.049372],[-123.410302,44.04839],[-123.411124,44.048309],[-123.411887,44.048234],[-123.412612,44.048163],[-123.4128,44.048145],[-123.414418,44.047986],[-123.420188,44.04742],[-123.421303,44.04731],[-123.421551,44.047286],[-123.421799,44.047266],[-123.421892,44.047259],[-123.421892,44.04726],[-123.421892,44.047328],[-123.421892,44.047328],[-123.422204,44.047308],[-123.422517,44.047294],[-123.42283,44.047285],[-123.422985,44.047283],[-123.423063,44.047285],[-123.423083,44.047286],[-123.423089,44.047286],[-123.423103,44.047287],[-123.423142,44.047288],[-123.423158,44.047289],[-123.423182,44.04729],[-123.423193,44.047291],[-123.423207,44.047292],[-123.423221,44.047292],[-123.423228,44.047293],[-123.423419,44.047306],[-123.423609,44.047324],[-123.423799,44.047348],[-123.423987,44.047376],[-123.424173,44.04741],[-123.424358,44.047449],[-123.42454,44.047492],[-123.42472,44.04754],[-123.424897,44.047594],[-123.424933,44.047605],[-123.424969,44.047617],[-123.425005,44.047629],[-123.425023,44.047635],[-123.425041,44.047641],[-123.425059,44.047647],[-123.425077,44.047653],[-123.425112,44.047666],[-123.425134,44.047673],[-123.425147,44.047678],[-123.425163,44.047684],[-123.425164,44.047684],[-123.425181,44.047691],[-123.425252,44.047717],[-123.425464,44.04781],[-123.425674,44.047905],[-123.425881,44.048003],[-123.425956,44.04804],[-123.42597,44.048047],[-123.426195,44.04816],[-123.426417,44.048277],[-123.426635,44.048397],[-123.42688,44.048531],[-123.42688,44.048532],[-123.42688,44.048618],[-123.42688,44.048618],[-123.427963,44.049214],[-123.431886,44.051374],[-123.43454,44.052835],[-123.434816,44.052987],[-123.434816,44.052987],[-123.434816,44.052988],[-123.43453,44.053258],[-123.43453,44.053258],[-123.434531,44.053258],[-123.434922,44.053321],[-123.435224,44.05337],[-123.43533,44.05327],[-123.436708,44.054028],[-123.436899,44.054134],[-123.436899,44.053961],[-123.43803,44.054583],[-123.438028,44.054583],[-123.437723,44.054587],[-123.437724,44.054588],[-123.439297,44.055454],[-123.439622,44.055631],[-123.439952,44.055804],[-123.440148,44.055901],[-123.440307,44.05573]]],[[[-123.448312,44.057243],[-123.448299,44.057272],[-123.449054,44.057272],[-123.449266,44.05727],[-123.449478,44.057263],[-123.44969,44.057251],[-123.449901,44.057234],[-123.449945,44.057228],[-123.449965,44.057226],[-123.449997,44.057221],[-123.45002,44.057218],[-123.450049,44.057213],[-123.45006,44.057211],[-123.45007,44.057209],[-123.450079,44.057208],[-123.450087,44.057206],[-123.450108,44.057203],[-123.450138,44.057197],[-123.450138,44.057197],[-123.450254,44.057174],[-123.45037,44.057147],[-123.450484,44.057117],[-123.450596,44.057084],[-123.450706,44.057048],[-123.450814,44.057009],[-123.450867,44.056988],[-123.450894,44.056977],[-123.45092,44.056966],[-123.450921,44.056966],[-123.450946,44.056955],[-123.450972,44.056944],[-123.450998,44.056932],[-123.451,44.056932],[-123.451024,44.056921],[-123.451032,44.056917],[-123.451037,44.056915],[-123.451049,44.056909],[-123.4511,44.056885],[-123.451268,44.056796],[-123.451431,44.056703],[-123.45159,44.056606],[-123.451745,44.056505],[-123.451784,44.056481],[-123.451996,44.056355],[-123.452177,44.056248],[-123.452503,44.056054],[-123.452379,44.055949],[-123.456825,44.053304],[-123.456933,44.053237],[-123.456988,44.053204],[-123.456987,44.053384],[-123.457269,44.053214],[-123.457554,44.053047],[-123.457705,44.052963],[-123.457858,44.05288],[-123.457543,44.052879],[-123.457738,44.052774],[-123.457937,44.052672],[-123.458138,44.052573],[-123.458343,44.052478],[-123.458682,44.052329],[-123.459023,44.052185],[-123.46189,44.050966],[-123.461895,44.050964],[-123.461898,44.050963],[-123.461906,44.050959],[-123.461906,44.050959],[-123.461907,44.050959],[-123.461914,44.050956],[-123.462085,44.050883],[-123.462253,44.050806],[-123.462418,44.050725],[-123.462579,44.050641],[-123.462623,44.050614],[-123.462634,44.050607],[-123.462638,44.050605],[-123.462645,44.050601],[-123.462667,44.050587],[-123.462689,44.050573],[-123.462711,44.050559],[-123.462732,44.050545],[-123.462753,44.050531],[-123.462855,44.050457],[-123.462953,44.05038],[-123.463045,44.050299],[-123.463062,44.050283],[-123.46308,44.050266],[-123.463097,44.05025],[-123.4631,44.050246],[-123.463106,44.050241],[-123.463107,44.05024],[-123.463114,44.050233],[-123.463131,44.050216],[-123.463148,44.050198],[-123.463164,44.050181],[-123.463197,44.050146],[-123.463204,44.050137],[-123.463204,44.050137],[-123.463211,44.050129],[-123.463218,44.050122],[-123.463219,44.05012],[-123.463227,44.050111],[-123.463242,44.050093],[-123.463246,44.050089],[-123.463251,44.050082],[-123.463257,44.050075],[-123.46326,44.050071],[-123.463264,44.050066],[-123.463266,44.050064],[-123.463271,44.050057],[-123.463275,44.050053],[-123.46328,44.050046],[-123.463286,44.050039],[-123.463289,44.050035],[-123.463294,44.050028],[-123.4633,44.050021],[-123.463314,44.050003],[-123.463327,44.049984],[-123.463341,44.049966],[-123.463345,44.04996],[-123.463349,44.049954],[-123.463354,44.049947],[-123.463358,44.049941],[-123.463362,44.049935],[-123.463367,44.049928],[-123.463371,44.049922],[-123.463375,44.049916],[-123.463379,44.04991],[-123.463392,44.049891],[-123.463404,44.049872],[-123.463415,44.049853],[-123.463427,44.049834],[-123.463431,44.049827],[-123.463434,44.049821],[-123.463438,44.049814],[-123.46344,44.049811],[-123.463445,44.049803],[-123.463449,44.049795],[-123.46345,44.049794],[-123.463455,44.049785],[-123.463459,44.049778],[-123.46346,44.049776],[-123.463471,44.049756],[-123.463476,44.049746],[-123.463477,44.049745],[-123.463481,44.049737],[-123.463485,44.049728],[-123.463486,44.049727],[-123.463491,44.049717],[-123.46351,44.049678],[-123.463553,44.04957],[-123.463592,44.049461],[-123.463628,44.049351],[-123.463637,44.049321],[-123.463831,44.049322],[-123.463858,44.049222],[-123.463882,44.049121],[-123.463883,44.04912],[-123.463883,44.04912],[-123.463883,44.049119],[-123.465245,44.043348],[-123.465281,44.043196],[-123.465309,44.043043],[-123.46533,44.042889],[-123.465343,44.042735],[-123.465343,44.042626],[-123.465335,44.042517],[-123.46532,44.042408],[-123.465297,44.0423],[-123.465268,44.042193],[-123.465231,44.042087],[-123.465033,44.042087],[-123.464998,44.042008],[-123.464993,44.041998],[-123.464991,44.041993],[-123.464988,44.041989],[-123.464983,44.041979],[-123.464981,44.041975],[-123.464979,44.041969],[-123.464974,44.041959],[-123.464972,44.041956],[-123.464969,44.04195],[-123.464964,44.04194],[-123.464962,44.041938],[-123.464959,44.04193],[-123.464948,44.041911],[-123.464937,44.041892],[-123.464926,44.041873],[-123.464922,44.041865],[-123.464921,44.041863],[-123.464915,44.041854],[-123.464914,44.041851],[-123.464904,44.041835],[-123.464899,44.041827],[-123.464898,44.041826],[-123.464894,44.041819],[-123.464892,44.041816],[-123.464886,44.041807],[-123.464883,44.041802],[-123.464882,44.0418],[-123.46488,44.041797],[-123.464874,44.041788],[-123.46487,44.041781],[-123.464868,44.041779],[-123.464844,44.041744],[-123.464797,44.041679],[-123.464746,44.041615],[-123.464632,44.04149],[-123.464512,44.041368],[-123.464387,44.04125],[-123.464256,44.041134],[-123.463965,44.040879],[-123.463822,44.040754],[-123.463682,44.040627],[-123.463546,44.040499],[-123.463413,44.040368],[-123.463316,44.040258],[-123.463224,44.040145],[-123.463138,44.04003],[-123.463058,44.039912],[-123.462984,44.039792],[-123.462917,44.039671],[-123.462856,44.039547],[-123.462801,44.039423],[-123.462752,44.039296],[-123.462711,44.039169],[-123.462675,44.03904],[-123.462647,44.038911],[-123.462625,44.038781],[-123.46261,44.038651],[-123.462606,44.038489],[-123.462606,44.038327],[-123.462611,44.038165],[-123.46262,44.038004],[-123.462675,44.037406],[-123.462692,44.037193],[-123.462717,44.036982],[-123.462717,44.03698],[-123.462718,44.036979],[-123.462727,44.03691],[-123.462727,44.036908],[-123.462732,44.036875],[-123.462733,44.036873],[-123.462734,44.036864],[-123.462735,44.03686],[-123.462735,44.03686],[-123.462736,44.036852],[-123.462737,44.036847],[-123.462738,44.036841],[-123.462765,44.036709],[-123.462798,44.036579],[-123.462838,44.036449],[-123.462884,44.03632],[-123.462961,44.03614],[-123.463044,44.035961],[-123.463132,44.035783],[-123.463558,44.034935],[-123.463558,44.034927],[-123.463561,44.034897],[-123.463565,44.034868],[-123.463581,44.034807],[-123.463594,44.034771],[-123.463607,44.034745],[-123.46362,44.03472],[-123.463637,44.034687],[-123.46366,44.034644],[-123.463674,44.034614],[-123.463694,44.034576],[-123.463714,44.034537],[-123.46373,44.034504],[-123.463736,44.03449],[-123.463744,44.034472],[-123.463748,44.034463],[-123.463753,44.03445],[-123.463763,44.034422],[-123.463768,44.034407],[-123.463774,44.03439],[-123.463782,44.034359],[-123.463788,44.034335],[-123.463797,44.034301],[-123.463805,44.034269],[-123.463813,44.034238],[-123.463818,44.03422],[-123.463825,44.034192],[-123.463834,44.034159],[-123.463837,44.034144],[-123.463842,44.034124],[-123.463848,44.034103],[-123.463853,44.034087],[-123.463859,44.034062],[-123.463868,44.034036],[-123.463877,44.034012],[-123.463887,44.033985],[-123.463896,44.033967],[-123.463908,44.033942],[-123.463924,44.033912],[-123.463938,44.033888],[-123.463956,44.03386],[-123.463972,44.033837],[-123.463989,44.033815],[-123.463997,44.033804],[-123.464004,44.033702],[-123.464004,44.0336],[-123.463997,44.033498],[-123.463983,44.033397],[-123.463963,44.033297],[-123.463935,44.033197],[-123.463901,44.033099],[-123.463875,44.033035],[-123.463847,44.032971],[-123.463494,44.033069],[-123.463528,44.033147],[-123.463557,44.033226],[-123.46358,44.033307],[-123.463599,44.033388],[-123.463614,44.033477],[-123.463622,44.033566],[-123.463625,44.033655],[-123.463621,44.033745],[-123.463612,44.033834],[-123.463596,44.033922],[-123.463574,44.034011],[-123.463528,44.034145],[-123.463475,44.034279],[-123.463416,44.034411],[-123.463351,44.034542],[-123.462776,44.035687],[-123.462685,44.035871],[-123.462599,44.036056],[-123.46252,44.036243],[-123.462469,44.036383],[-123.462426,44.036524],[-123.462389,44.036666],[-123.46236,44.03681],[-123.462336,44.036972],[-123.462319,44.03712],[-123.462304,44.037268],[-123.462191,44.037263],[-123.462181,44.037389],[-123.462166,44.037559],[-123.462279,44.037564],[-123.462241,44.037989],[-123.462231,44.038162],[-123.462226,44.038335],[-123.462225,44.038497],[-123.46223,44.038658],[-123.462244,44.038785],[-123.462263,44.038911],[-123.462268,44.038939],[-123.462273,44.038962],[-123.462273,44.038962],[-123.462273,44.038962],[-123.462274,44.038967],[-123.462275,44.038971],[-123.46228,44.038995],[-123.462286,44.039023],[-123.462292,44.039051],[-123.462328,44.03919],[-123.462372,44.039328],[-123.462422,44.039465],[-123.462479,44.0396],[-123.462544,44.039734],[-123.462615,44.039865],[-123.462693,44.039995],[-123.462778,44.040123],[-123.462795,44.040148],[-123.462813,44.040173],[-123.462827,44.040193],[-123.462831,44.040198],[-123.462847,44.040219],[-123.462869,44.040248],[-123.46287,44.040249],[-123.462866,44.040249],[-123.462933,44.040333],[-123.463003,44.040416],[-123.463076,44.040498],[-123.46308,44.040502],[-123.463081,44.040503],[-123.463082,44.040505],[-123.46309,44.040513],[-123.46309,44.040513],[-123.463104,44.040528],[-123.463241,44.040663],[-123.463382,44.040796],[-123.463526,44.040926],[-123.463674,44.041055],[-123.463963,44.041309],[-123.464085,44.041417],[-123.464201,44.041527],[-123.464313,44.041639],[-123.464419,44.041755],[-123.464481,44.041835],[-123.464537,44.041916],[-123.464588,44.042],[-123.464632,44.042086],[-123.46443,44.042085],[-123.464471,44.04217],[-123.464506,44.042257],[-123.464535,44.042345],[-123.464557,44.042433],[-123.464573,44.042523],[-123.464581,44.042613],[-123.464584,44.042664],[-123.464583,44.042716],[-123.464583,44.042716],[-123.464583,44.042717],[-123.464571,44.042852],[-123.464552,44.042986],[-123.464527,44.043119],[-123.464497,44.043253],[-123.464266,44.044232],[-123.463832,44.04607],[-123.463436,44.047743],[-123.463314,44.04826],[-123.463132,44.049033],[-123.463096,44.049178],[-123.463052,44.049321],[-123.463248,44.049321],[-123.4632,44.04946],[-123.463146,44.049598],[-123.463112,44.049666],[-123.463074,44.049732],[-123.463033,44.049797],[-123.463025,44.049808],[-123.462969,44.049886],[-123.462909,44.049961],[-123.462843,44.050034],[-123.462773,44.050105],[-123.462698,44.050173],[-123.462686,44.050183],[-123.462608,44.050247],[-123.462526,44.050308],[-123.46244,44.050366],[-123.46235,44.050422],[-123.462207,44.050497],[-123.462061,44.050569],[-123.461912,44.050638],[-123.461847,44.050667],[-123.461814,44.050681],[-123.461792,44.05069],[-123.461737,44.050713],[-123.461703,44.050727],[-123.458834,44.051947],[-123.458487,44.052094],[-123.458143,44.052244],[-123.457976,44.052321],[-123.457812,44.052401],[-123.45765,44.052482],[-123.457422,44.052602],[-123.457198,44.052725],[-123.456885,44.052909],[-123.456577,44.053095],[-123.452674,44.05541],[-123.452612,44.055445],[-123.452592,44.055456],[-123.452549,44.055479],[-123.452528,44.05549],[-123.452463,44.055521],[-123.452429,44.055537],[-123.452415,44.055543],[-123.452352,44.05557],[-123.452351,44.05557],[-123.452346,44.055572],[-123.45233,44.055579],[-123.45233,44.055579],[-123.452307,44.055588],[-123.452305,44.055589],[-123.452301,44.05559],[-123.452298,44.055592],[-123.452294,44.055593],[-123.452292,44.055594],[-123.452288,44.055595],[-123.452287,44.055596],[-123.452284,44.055597],[-123.452248,44.05561],[-123.452234,44.055615],[-123.45222,44.05562],[-123.452205,44.055625],[-123.452191,44.05563],[-123.452096,44.05566],[-123.452072,44.055668],[-123.452048,44.055674],[-123.451999,44.055688],[-123.451997,44.055688],[-123.451977,44.055693],[-123.451977,44.055693],[-123.451977,44.055693],[-123.451974,44.055694],[-123.451973,44.055694],[-123.451962,44.055697],[-123.45195,44.0557],[-123.451875,44.055717],[-123.451225,44.056104],[-123.451089,44.056193],[-123.45095,44.056278],[-123.450806,44.05636],[-123.450659,44.056438],[-123.450571,44.056478],[-123.450831,44.056479],[-123.450887,44.056563],[-123.45051,44.056704],[-123.450108,44.056795],[-123.449565,44.056849],[-123.448949,44.056855],[-123.448634,44.056855],[-123.448312,44.057243]]],[[[-123.72094,44.054425],[-123.721598,44.054397],[-123.722344,44.054298],[-123.722899,44.054226],[-123.72366,44.054099],[-123.724357,44.053954],[-123.72488,44.053817],[-123.725229,44.053714],[-123.725846,44.05354],[-123.726522,44.053308],[-123.7271,44.053105],[-123.727517,44.05294],[-123.727909,44.052791],[-123.728481,44.052638],[-123.72891,44.052539],[-123.729375,44.052427],[-123.729759,44.052341],[-123.730344,44.052207],[-123.730913,44.052083],[-123.731321,44.051975],[-123.731636,44.051869],[-123.73201,44.051743],[-123.732183,44.051692],[-123.732358,44.051646],[-123.732535,44.051603],[-123.732713,44.051564],[-123.732893,44.051529],[-123.733075,44.051497],[-123.73324,44.051475],[-123.733407,44.051453],[-123.734331,44.051355],[-123.734697,44.051316],[-123.736693,44.051102],[-123.73778,44.050986],[-123.738178,44.050941],[-123.738574,44.050892],[-123.738808,44.050858],[-123.739041,44.05082],[-123.739272,44.050779],[-123.739502,44.050734],[-123.739731,44.050686],[-123.740079,44.050605],[-123.740424,44.05052],[-123.740495,44.050503],[-123.742039,44.050095],[-123.742334,44.050012],[-123.742627,44.049926],[-123.742919,44.049836],[-123.743208,44.049743],[-123.743249,44.049729],[-123.742616,44.049793],[-123.742201,44.049908],[-123.741566,44.05008],[-123.740884,44.050243],[-123.73959,44.050542],[-123.738897,44.050616],[-123.738378,44.050669],[-123.737922,44.05073],[-123.737255,44.050818],[-123.736516,44.05089],[-123.73599,44.050956],[-123.735534,44.051011],[-123.735032,44.051067],[-123.734551,44.051125],[-123.734001,44.05121],[-123.733433,44.051295],[-123.732921,44.051393],[-123.732622,44.051486],[-123.732358,44.051543],[-123.732013,44.051634],[-123.73202,44.051444],[-123.732025,44.051296],[-123.731835,44.05135],[-123.731647,44.051408],[-123.731359,44.051509],[-123.730928,44.051665],[-123.730781,44.051721],[-123.730634,44.051775],[-123.730494,44.051818],[-123.730352,44.051859],[-123.730208,44.051897],[-123.73005,44.051931],[-123.72989,44.051963],[-123.728885,44.052182],[-123.728552,44.052256],[-123.728279,44.052323],[-123.728009,44.052394],[-123.727741,44.05247],[-123.727476,44.052552],[-123.727214,44.052638],[-123.726955,44.052729],[-123.726646,44.052845],[-123.726018,44.053083],[-123.725909,44.053124],[-123.725743,44.053184],[-123.725576,44.053242],[-123.725521,44.053261],[-123.725239,44.053352],[-123.725182,44.05337],[-123.725012,44.053422],[-123.72484,44.053472],[-123.724667,44.05352],[-123.724494,44.053567],[-123.72429,44.053619],[-123.724085,44.053668],[-123.724039,44.053679],[-123.724034,44.05368],[-123.724026,44.053682],[-123.723997,44.053688],[-123.723967,44.053695],[-123.723938,44.053702],[-123.723909,44.053708],[-123.72385,44.053721],[-123.72382,44.053728],[-123.72379,44.053734],[-123.723785,44.053735],[-123.723731,44.053747],[-123.723523,44.053789],[-123.723314,44.053829],[-123.723135,44.053862],[-123.722954,44.053892],[-123.722773,44.053921],[-123.722592,44.053947],[-123.722471,44.053964],[-123.722166,44.054002],[-123.721983,44.054022],[-123.7218,44.05404],[-123.72181,44.054178],[-123.721528,44.054202],[-123.721245,44.054221],[-123.720961,44.054236],[-123.720677,44.054247],[-123.719786,44.054282],[-123.719353,44.0543],[-123.718921,44.054322],[-123.718488,44.054347],[-123.718056,44.054375],[-123.719625,44.054458],[-123.719656,44.054454],[-123.720306,44.054436],[-123.72094,44.054425]]],[[[-123.780653,44.048166],[-123.780846,44.048156],[-123.781041,44.048151],[-123.781235,44.04815],[-123.781361,44.04816],[-123.781487,44.048174],[-123.781611,44.048192],[-123.781734,44.048215],[-123.781855,44.048243],[-123.781974,44.048274],[-123.78207,44.048303],[-123.782164,44.048335],[-123.782256,44.04837],[-123.782369,44.048417],[-123.782478,44.048469],[-123.782583,44.048524],[-123.782684,44.048583],[-123.782785,44.048649],[-123.78288,44.048718],[-123.78297,44.04879],[-123.783055,44.048866],[-123.783134,44.048946],[-123.783207,44.049028],[-123.783273,44.049112],[-123.783334,44.049199],[-123.783388,44.049289],[-123.783435,44.04938],[-123.783475,44.049473],[-123.783509,44.049568],[-123.783535,44.049663],[-123.783555,44.04976],[-123.783567,44.049857],[-123.783572,44.049954],[-123.78357,44.050052],[-123.78356,44.050149],[-123.783544,44.050246],[-123.78352,44.050341],[-123.783489,44.050436],[-123.783451,44.05053],[-123.783407,44.050622],[-123.783355,44.050712],[-123.783297,44.0508],[-123.783233,44.050886],[-123.783163,44.050969],[-123.782847,44.051343],[-123.782588,44.051555],[-123.781978,44.052054],[-123.781635,44.052338],[-123.781347,44.052613],[-123.781198,44.052744],[-123.781048,44.05291],[-123.781021,44.052976],[-123.781024,44.053007],[-123.78103,44.05307],[-123.781032,44.053091],[-123.781037,44.053182],[-123.781038,44.05326],[-123.780985,44.053394],[-123.781048,44.05329],[-123.781116,44.053187],[-123.781189,44.053086],[-123.781266,44.052987],[-123.781272,44.05298],[-123.781355,44.05288],[-123.781443,44.052783],[-123.781536,44.052687],[-123.781695,44.052546],[-123.781859,44.052408],[-123.782027,44.052272],[-123.7822,44.052139],[-123.782932,44.051584],[-123.78305,44.051495],[-123.783165,44.051403],[-123.783276,44.051309],[-123.783383,44.051213],[-123.783467,44.051133],[-123.783531,44.05106],[-123.783591,44.050985],[-123.783647,44.050909],[-123.783698,44.050831],[-123.783744,44.050752],[-123.783796,44.050651],[-123.78384,44.050549],[-123.783877,44.050446],[-123.783906,44.050341],[-123.783929,44.050236],[-123.783943,44.050129],[-123.783951,44.050023],[-123.78395,44.049916],[-123.783943,44.049809],[-123.783927,44.049703],[-123.783905,44.049597],[-123.783874,44.049493],[-123.783837,44.049389],[-123.783792,44.049288],[-123.78374,44.049188],[-123.783682,44.049089],[-123.783616,44.048994],[-123.783544,44.048901],[-123.783465,44.04881],[-123.78338,44.048723],[-123.783289,44.048638],[-123.783192,44.048558],[-123.783089,44.04848],[-123.782982,44.048407],[-123.782869,44.048338],[-123.782751,44.048273],[-123.782629,44.048212],[-123.782503,44.048156],[-123.782373,44.048105],[-123.78224,44.048058],[-123.782104,44.048017],[-123.781964,44.04798],[-123.781823,44.047949],[-123.781679,44.047923],[-123.781534,44.047902],[-123.781388,44.047886],[-123.78124,44.047876],[-123.781094,44.047876],[-123.780947,44.047878],[-123.78077,44.047884],[-123.780594,44.047894],[-123.780418,44.047908],[-123.77823,44.048075],[-123.778019,44.048091],[-123.777722,44.048119],[-123.777425,44.048152],[-123.77731,44.048168],[-123.777196,44.048186],[-123.776934,44.048235],[-123.776673,44.048288],[-123.776415,44.048345],[-123.77598,44.048442],[-123.775767,44.048487],[-123.775642,44.048508],[-123.775516,44.048524],[-123.775389,44.048537],[-123.775261,44.048545],[-123.775133,44.04855],[-123.775004,44.04855],[-123.774783,44.048541],[-123.774442,44.048523],[-123.774441,44.048523],[-123.773995,44.0485],[-123.773763,44.048487],[-123.773598,44.048479],[-123.773432,44.048473],[-123.773268,44.048471],[-123.773104,44.048471],[-123.77294,44.048475],[-123.772798,44.048485],[-123.772658,44.0485],[-123.772518,44.04852],[-123.772381,44.048544],[-123.772244,44.048574],[-123.772111,44.048608],[-123.771979,44.048647],[-123.771794,44.048713],[-123.771613,44.048783],[-123.771434,44.048857],[-123.771259,44.048936],[-123.770521,44.049269],[-123.770333,44.049354],[-123.77014,44.049434],[-123.769945,44.04951],[-123.769746,44.049582],[-123.769545,44.049649],[-123.769341,44.049712],[-123.769134,44.049771],[-123.768999,44.049796],[-123.768862,44.049816],[-123.768836,44.049819],[-123.768614,44.049829],[-123.768392,44.049834],[-123.76817,44.049835],[-123.767948,44.049831],[-123.767726,44.049822],[-123.767505,44.049808],[-123.767284,44.049789],[-123.765519,44.049634],[-123.765413,44.049625],[-123.765199,44.049606],[-123.765006,44.049589],[-123.764693,44.049562],[-123.764612,44.049554],[-123.764467,44.049539],[-123.764326,44.049525],[-123.764186,44.049506],[-123.764047,44.049481],[-123.76391,44.049452],[-123.763776,44.049417],[-123.763644,44.049378],[-123.763515,44.049334],[-123.76339,44.049285],[-123.763268,44.049232],[-123.76315,44.049174],[-123.763036,44.049112],[-123.762927,44.049046],[-123.762647,44.048803],[-123.762316,44.048476],[-123.76193,44.048024],[-123.761556,44.047729],[-123.761068,44.047426],[-123.760626,44.047233],[-123.759788,44.047005],[-123.759607,44.046953],[-123.759425,44.046904],[-123.75924,44.046859],[-123.757491,44.046433],[-123.757214,44.046371],[-123.756935,44.046314],[-123.756654,44.046262],[-123.756371,44.046216],[-123.756086,44.046175],[-123.755801,44.046139],[-123.755514,44.046109],[-123.755226,44.046084],[-123.754937,44.046065],[-123.754648,44.046051],[-123.754358,44.046043],[-123.754068,44.04604],[-123.753778,44.046042],[-123.753488,44.04605],[-123.753199,44.046064],[-123.75291,44.046082],[-123.752622,44.046107],[-123.752372,44.046132],[-123.752123,44.046162],[-123.751874,44.046196],[-123.751627,44.046233],[-123.751382,44.046275],[-123.751137,44.046321],[-123.750939,44.046362],[-123.750742,44.046405],[-123.750547,44.046451],[-123.75033,44.046507],[-123.750318,44.046511],[-123.750317,44.046511],[-123.750306,44.046514],[-123.750294,44.046517],[-123.750293,44.046518],[-123.750282,44.04652],[-123.750132,44.046561],[-123.750108,44.046568],[-123.750084,44.046574],[-123.750072,44.046578],[-123.750059,44.046581],[-123.750047,44.046584],[-123.750035,44.046588],[-123.750023,44.046591],[-123.750011,44.046595],[-123.749999,44.046598],[-123.749987,44.046601],[-123.749975,44.046605],[-123.749963,44.046608],[-123.749951,44.046611],[-123.749939,44.046615],[-123.749651,44.046698],[-123.749639,44.046701],[-123.749627,44.046705],[-123.749615,44.046708],[-123.749603,44.046712],[-123.749591,44.046716],[-123.749579,44.046719],[-123.749567,44.046723],[-123.749555,44.046726],[-123.749543,44.04673],[-123.749531,44.046733],[-123.749519,44.046737],[-123.749507,44.04674],[-123.749483,44.046748],[-123.749321,44.046797],[-123.749311,44.0468],[-123.749309,44.046801],[-123.749297,44.046804],[-123.749286,44.046808],[-123.749284,44.046809],[-123.749274,44.046812],[-123.749081,44.046872],[-123.749078,44.046873],[-123.748727,44.047046],[-123.748719,44.047052],[-123.748287,44.047338],[-123.747438,44.04763],[-123.747104,44.047839],[-123.746729,44.047926],[-123.746606,44.04798],[-123.74632,44.048106],[-123.746077,44.048251],[-123.745776,44.048453],[-123.745311,44.048694],[-123.744781,44.048985],[-123.744314,44.04917],[-123.743723,44.04936],[-123.743186,44.049516],[-123.742767,44.049585],[-123.743586,44.049599],[-123.743773,44.049522],[-123.744038,44.049397],[-123.7443,44.049269],[-123.74456,44.049138],[-123.744817,44.049004],[-123.745185,44.04881],[-123.745495,44.048649],[-123.745809,44.048492],[-123.746127,44.048339],[-123.746449,44.04819],[-123.746517,44.04816],[-123.746412,44.048369],[-123.747088,44.048108],[-123.747622,44.047894],[-123.749338,44.047275],[-123.749831,44.047135],[-123.750472,44.046953],[-123.750651,44.046906],[-123.751146,44.046778],[-123.751455,44.046699],[-123.751945,44.046571],[-123.752404,44.046491],[-123.752835,44.046417],[-123.753182,44.046363],[-123.753689,44.04632],[-123.754394,44.046282],[-123.755051,44.046311],[-123.755218,44.046321],[-123.755553,44.046344],[-123.755962,44.04637],[-123.7564,44.046431],[-123.756708,44.046473],[-123.75713,44.046539],[-123.757571,44.046646],[-123.758265,44.046829],[-123.758842,44.046969],[-123.759175,44.047036],[-123.759509,44.047123],[-123.759922,44.047232],[-123.760271,44.047363],[-123.760532,44.047455],[-123.760703,44.047537],[-123.760887,44.047626],[-123.761185,44.047794],[-123.761412,44.047957],[-123.761637,44.048107],[-123.76186,44.048315],[-123.762079,44.04852],[-123.762339,44.048744],[-123.762502,44.048922],[-123.762665,44.049028],[-123.762833,44.049131],[-123.763161,44.049324],[-123.763304,44.049405],[-123.763564,44.049553],[-123.763847,44.049733],[-123.763989,44.049758],[-123.764132,44.04978],[-123.764275,44.049797],[-123.76442,44.049811],[-123.764643,44.049834],[-123.76481,44.049848],[-123.76539,44.049899],[-123.765486,44.049908],[-123.766233,44.049973],[-123.767234,44.050061],[-123.767466,44.050081],[-123.767699,44.050095],[-123.767932,44.050105],[-123.768166,44.050109],[-123.768399,44.050109],[-123.768633,44.050103],[-123.768866,44.050092],[-123.769001,44.050075],[-123.769135,44.050053],[-123.769268,44.050028],[-123.769471,44.04997],[-123.769689,44.049903],[-123.769903,44.049832],[-123.770114,44.049756],[-123.770322,44.049675],[-123.770526,44.04959],[-123.770727,44.0495],[-123.771466,44.049166],[-123.77163,44.049092],[-123.771797,44.049022],[-123.771968,44.048957],[-123.772141,44.048895],[-123.772253,44.048862],[-123.772367,44.048834],[-123.772482,44.048809],[-123.7726,44.048788],[-123.772718,44.048771],[-123.772837,44.048758],[-123.772957,44.048749],[-123.772969,44.048749],[-123.773042,44.048747],[-123.773095,44.048746],[-123.773275,44.048745],[-123.773455,44.048748],[-123.773514,44.04875],[-123.773519,44.04875],[-123.773576,44.048752],[-123.77362,44.048755],[-123.773695,44.048759],[-123.773696,44.048759],[-123.773697,44.048759],[-123.77373,44.048761],[-123.774267,44.048789],[-123.774373,44.048772],[-123.774688,44.048723],[-123.775227,44.048696],[-123.775651,44.048663],[-123.776294,44.048659],[-123.776529,44.048607],[-123.776685,44.048572],[-123.776842,44.048538],[-123.776894,44.048528],[-123.777066,44.048493],[-123.777239,44.048461],[-123.777287,44.048453],[-123.777387,44.048437],[-123.777488,44.048423],[-123.77752,44.048419],[-123.77773,44.048395],[-123.777941,44.048375],[-123.778105,44.048361],[-123.778268,44.048348],[-123.779079,44.048286],[-123.779811,44.04823],[-123.780464,44.04818],[-123.780653,44.048166]]],[[[-123.711811,44.054898],[-123.711673,44.05491],[-123.711536,44.054927],[-123.7114,44.054946],[-123.707479,44.055572],[-123.704335,44.056074],[-123.704131,44.05609],[-123.704045,44.056371],[-123.704222,44.056359],[-123.704399,44.056345],[-123.70749,44.055851],[-123.711483,44.055214],[-123.711606,44.055196],[-123.711729,44.055182],[-123.711854,44.05517],[-123.712628,44.055104],[-123.712629,44.055104],[-123.712629,44.055104],[-123.717072,44.054726],[-123.717435,44.054696],[-123.717528,44.054689],[-123.717538,44.054826],[-123.717961,44.054795],[-123.718384,44.054766],[-123.718808,44.054741],[-123.718071,44.054639],[-123.717438,44.05442],[-123.717232,44.054436],[-123.717027,44.054453],[-123.712636,44.054828],[-123.712636,44.054828],[-123.712636,44.054827],[-123.711811,44.054898]]],[[[-123.702586,44.056295],[-123.70263,44.056298],[-123.702649,44.056299],[-123.702837,44.056325],[-123.703026,44.056347],[-123.703215,44.056367],[-123.703363,44.056377],[-123.703511,44.056383],[-123.70366,44.056385],[-123.703808,44.056383],[-123.703833,44.056382],[-123.703862,44.056381],[-123.703966,44.056101],[-123.70379,44.056109],[-123.703672,44.056111],[-123.703535,44.056109],[-123.703398,44.056104],[-123.703262,44.056095],[-123.70301,44.056068],[-123.702856,44.056049],[-123.702703,44.056027],[-123.70257,44.056019],[-123.699956,44.055849],[-123.699775,44.055811],[-123.699596,44.055769],[-123.699419,44.055722],[-123.699245,44.055672],[-123.699127,44.055631],[-123.699013,44.055585],[-123.698903,44.055536],[-123.698795,44.055482],[-123.698692,44.055425],[-123.698594,44.055364],[-123.698499,44.055299],[-123.698409,44.055231],[-123.698325,44.055159],[-123.698246,44.055085],[-123.698172,44.055008],[-123.698104,44.054929],[-123.698041,44.054847],[-123.697985,44.054763],[-123.697934,44.054677],[-123.69789,44.054589],[-123.697852,44.054499],[-123.69782,44.054409],[-123.697795,44.054317],[-123.697745,44.05418],[-123.697701,44.054043],[-123.697665,44.053904],[-123.697635,44.053764],[-123.697562,44.053425],[-123.697501,44.053304],[-123.697437,44.053185],[-123.697369,44.053066],[-123.697367,44.053063],[-123.697354,44.053039],[-123.697342,44.05302],[-123.697268,44.052911],[-123.697188,44.052804],[-123.697102,44.0527],[-123.697009,44.052598],[-123.69691,44.0525],[-123.696805,44.052405],[-123.696694,44.052314],[-123.696578,44.052226],[-123.696456,44.052141],[-123.69633,44.052061],[-123.696199,44.051985],[-123.696063,44.051913],[-123.695923,44.051846],[-123.695779,44.051783],[-123.695631,44.051724],[-123.69548,44.05167],[-123.695326,44.051622],[-123.695169,44.051578],[-123.694966,44.051531],[-123.694761,44.051489],[-123.694555,44.05145],[-123.694348,44.051415],[-123.694139,44.051385],[-123.69393,44.051358],[-123.693512,44.051263],[-123.693204,44.051179],[-123.692899,44.051093],[-123.692595,44.051002],[-123.692294,44.050909],[-123.691994,44.050812],[-123.691667,44.050702],[-123.691343,44.050588],[-123.691021,44.05047],[-123.690702,44.050348],[-123.69052,44.050275],[-123.690342,44.050198],[-123.690167,44.050117],[-123.689996,44.050033],[-123.689828,44.049945],[-123.689663,44.049853],[-123.689503,44.049758],[-123.689346,44.049659],[-123.68921,44.049568],[-123.689078,44.049473],[-123.688951,44.049376],[-123.688829,44.049274],[-123.688712,44.04917],[-123.6886,44.049063],[-123.688493,44.048953],[-123.688392,44.048841],[-123.688297,44.048726],[-123.688207,44.048608],[-123.688123,44.048489],[-123.688045,44.048367],[-123.687972,44.048243],[-123.687906,44.048118],[-123.687881,44.048023],[-123.687863,44.047927],[-123.687852,44.04783],[-123.687849,44.047733],[-123.687852,44.047636],[-123.687863,44.04754],[-123.68788,44.047444],[-123.687905,44.047349],[-123.687937,44.047254],[-123.687975,44.047162],[-123.68802,44.04707],[-123.688072,44.046981],[-123.688131,44.046894],[-123.688799,44.045751],[-123.688868,44.045632],[-123.688933,44.045522],[-123.688994,44.045411],[-123.68905,44.045298],[-123.689101,44.045184],[-123.689148,44.045069],[-123.689189,44.044938],[-123.689223,44.044805],[-123.689252,44.044672],[-123.689274,44.044538],[-123.689291,44.044404],[-123.689301,44.044269],[-123.689305,44.044134],[-123.689305,44.044115],[-123.689304,44.04404],[-123.689303,44.044021],[-123.689297,44.0439],[-123.689286,44.043779],[-123.689269,44.043659],[-123.689248,44.043539],[-123.689222,44.04342],[-123.689217,44.043401],[-123.689182,44.043271],[-123.68914,44.043141],[-123.689093,44.043012],[-123.68904,44.042884],[-123.688981,44.042758],[-123.688917,44.042633],[-123.688846,44.04251],[-123.688771,44.042388],[-123.68869,44.042269],[-123.688624,44.042186],[-123.688553,44.042105],[-123.688477,44.042026],[-123.688396,44.04195],[-123.68831,44.041877],[-123.68822,44.041806],[-123.688125,44.041739],[-123.688026,44.041675],[-123.688012,44.041666],[-123.687917,44.04161],[-123.687819,44.041558],[-123.687718,44.041508],[-123.687702,44.0415],[-123.687596,44.041453],[-123.687486,44.041409],[-123.687374,44.041369],[-123.687357,44.041363],[-123.687227,44.041322],[-123.687095,44.041286],[-123.686961,44.041255],[-123.686825,44.041228],[-123.686807,44.041225],[-123.686676,44.041204],[-123.686544,44.041188],[-123.686411,44.041176],[-123.686277,44.041169],[-123.686079,44.041164],[-123.685881,44.041163],[-123.685682,44.041167],[-123.685566,44.041171],[-123.685451,44.041177],[-123.685444,44.041178],[-123.681842,44.041341],[-123.681787,44.041344],[-123.681749,44.041347],[-123.681637,44.041353],[-123.6816,44.041355],[-123.681488,44.04136],[-123.681432,44.041362],[-123.681394,44.041363],[-123.68132,44.041366],[-123.681058,44.041372],[-123.680878,44.041372],[-123.680697,44.041369],[-123.680517,44.041364],[-123.680776,44.041541],[-123.68097,44.041543],[-123.681394,44.041518],[-123.682049,44.041465],[-123.682782,44.041442],[-123.683236,44.04145],[-123.68355,44.041479],[-123.683776,44.041548],[-123.683982,44.041656],[-123.685387,44.041592],[-123.685488,44.041588],[-123.685639,44.04158],[-123.685698,44.041578],[-123.685881,44.041575],[-123.686064,44.041575],[-123.686247,44.04158],[-123.68637,44.041587],[-123.686491,44.041598],[-123.686611,44.041614],[-123.68673,44.041635],[-123.686848,44.04166],[-123.686963,44.041689],[-123.687076,44.041723],[-123.687187,44.041761],[-123.687295,44.041803],[-123.687302,44.041806],[-123.687405,44.041852],[-123.687505,44.041901],[-123.6876,44.041954],[-123.687692,44.042011],[-123.68778,44.042071],[-123.687864,44.042134],[-123.687943,44.0422],[-123.688016,44.042269],[-123.688095,44.042361],[-123.688169,44.042455],[-123.68824,44.04255],[-123.688307,44.042646],[-123.688488,44.042763],[-123.68873,44.04305],[-123.688798,44.043347],[-123.688887,44.043778],[-123.688893,44.044171],[-123.688896,44.044392],[-123.688832,44.044626],[-123.688712,44.044852],[-123.688541,44.045097],[-123.688483,44.045221],[-123.688418,44.045344],[-123.688347,44.045466],[-123.688189,44.045736],[-123.687621,44.046705],[-123.687563,44.046791],[-123.68751,44.046879],[-123.687636,44.047032],[-123.687617,44.047165],[-123.687576,44.047287],[-123.687548,44.047478],[-123.687522,44.047656],[-123.687525,44.047859],[-123.687552,44.048051],[-123.687634,44.048293],[-123.687761,44.048489],[-123.688072,44.048895],[-123.688408,44.049294],[-123.688666,44.049516],[-123.688872,44.049663],[-123.6892,44.049893],[-123.689497,44.050053],[-123.690098,44.050389],[-123.690506,44.050512],[-123.690898,44.050646],[-123.691356,44.05082],[-123.691844,44.050972],[-123.692025,44.051037],[-123.692376,44.051163],[-123.692848,44.051271],[-123.693365,44.051413],[-123.693744,44.051542],[-123.694067,44.051618],[-123.694469,44.051694],[-123.694858,44.05178],[-123.695244,44.051894],[-123.695667,44.052056],[-123.695916,44.052188],[-123.696221,44.052398],[-123.696499,44.052605],[-123.696765,44.05289],[-123.696994,44.053141],[-123.697127,44.05329],[-123.69723,44.053527],[-123.697345,44.053817],[-123.697469,44.054204],[-123.697585,44.054503],[-123.697694,44.054768],[-123.697819,44.05502],[-123.6979,44.055158],[-123.698029,44.055332],[-123.69809,44.055384],[-123.698187,44.055461],[-123.69829,44.055535],[-123.698398,44.055605],[-123.69851,44.05567],[-123.698627,44.055732],[-123.698747,44.05579],[-123.698872,44.055843],[-123.699,44.055892],[-123.699092,44.055923],[-123.699284,44.055979],[-123.699478,44.05603],[-123.699614,44.056062],[-123.699751,44.056092],[-123.69989,44.05612],[-123.702586,44.056295]]],[[[-123.794701,44.055839],[-123.794564,44.055809],[-123.794425,44.055783],[-123.794284,44.055762],[-123.794142,44.055745],[-123.793999,44.055734],[-123.793856,44.055728],[-123.793712,44.055727],[-123.793569,44.055731],[-123.793782,44.055755],[-123.793911,44.055784],[-123.793991,44.055831],[-123.794015,44.055844],[-123.794182,44.055984],[-123.794206,44.056003],[-123.794328,44.056147],[-123.794433,44.056167],[-123.794536,44.05619],[-123.794637,44.056216],[-123.795162,44.055963],[-123.795125,44.055953],[-123.794921,44.055898],[-123.794811,44.055868],[-123.794701,44.055839]]],[[[-123.784332,44.057716],[-123.784594,44.057729],[-123.784856,44.057737],[-123.785119,44.057741],[-123.785382,44.05774],[-123.785563,44.057737],[-123.78557,44.057874],[-123.785779,44.057869],[-123.785988,44.05786],[-123.785981,44.057791],[-123.786256,44.057776],[-123.786529,44.057756],[-123.786802,44.057731],[-123.787075,44.057701],[-123.787324,44.05767],[-123.787573,44.057635],[-123.787821,44.057595],[-123.788067,44.057552],[-123.788312,44.057505],[-123.788555,44.057454],[-123.788832,44.057391],[-123.789107,44.057323],[-123.78938,44.05725],[-123.789649,44.057172],[-123.78965,44.057171],[-123.789788,44.057129],[-123.789925,44.057086],[-123.790263,44.056984],[-123.790599,44.056877],[-123.79251,44.056304],[-123.792685,44.056256],[-123.792862,44.056213],[-123.793041,44.056174],[-123.793222,44.056139],[-123.793348,44.056122],[-123.793474,44.056109],[-123.793602,44.056101],[-123.793729,44.056097],[-123.793857,44.056099],[-123.793985,44.056105],[-123.794112,44.056116],[-123.793927,44.055964],[-123.793803,44.055902],[-123.793645,44.055867],[-123.793505,44.055859],[-123.793333,44.055878],[-123.793088,44.055918],[-123.792499,44.056068],[-123.791186,44.056462],[-123.790101,44.056803],[-123.789655,44.056936],[-123.789118,44.057097],[-123.788458,44.057245],[-123.787922,44.057375],[-123.787387,44.057475],[-123.786679,44.057575],[-123.786148,44.057616],[-123.785706,44.057633],[-123.78523,44.057618],[-123.784557,44.057586],[-123.783946,44.057544],[-123.7831,44.057479],[-123.782792,44.057445],[-123.78249,44.057409],[-123.782359,44.05739],[-123.78191,44.057271],[-123.781649,44.05714],[-123.781373,44.056983],[-123.781125,44.056791],[-123.78095,44.05662],[-123.780773,44.056418],[-123.780702,44.056313],[-123.780633,44.056177],[-123.780555,44.055993],[-123.78049,44.055763],[-123.780453,44.055628],[-123.780431,44.055504],[-123.78043,44.055499],[-123.780379,44.055213],[-123.780369,44.05491],[-123.780368,44.054656],[-123.780376,44.054332],[-123.780421,44.054067],[-123.780491,44.053812],[-123.780613,44.053527],[-123.780818,44.053202],[-123.780811,44.053102],[-123.780807,44.053087],[-123.780795,44.053038],[-123.780737,44.053124],[-123.780658,44.053248],[-123.780586,44.053374],[-123.78052,44.053502],[-123.780461,44.053632],[-123.780408,44.053763],[-123.780362,44.053895],[-123.780322,44.054028],[-123.780288,44.054163],[-123.780262,44.054298],[-123.780242,44.054434],[-123.780229,44.05457],[-123.780223,44.054706],[-123.780231,44.054874],[-123.780245,44.055041],[-123.780293,44.055435],[-123.780302,44.055505],[-123.780302,44.055507],[-123.780321,44.055636],[-123.780345,44.055766],[-123.780375,44.055894],[-123.780409,44.056022],[-123.780447,44.056125],[-123.780492,44.056225],[-123.780544,44.056324],[-123.780602,44.056422],[-123.780668,44.056516],[-123.78074,44.056609],[-123.780818,44.056698],[-123.780902,44.056785],[-123.780993,44.056868],[-123.781089,44.056948],[-123.78119,44.057025],[-123.781297,44.057097],[-123.781409,44.057166],[-123.781525,44.057231],[-123.781645,44.057291],[-123.78177,44.057347],[-123.781899,44.057398],[-123.782031,44.057445],[-123.782166,44.057486],[-123.782303,44.057523],[-123.782443,44.057555],[-123.782585,44.057581],[-123.782718,44.0576],[-123.782684,44.057734],[-123.782872,44.057757],[-123.78306,44.057775],[-123.783249,44.05779],[-123.783266,44.057653],[-123.783401,44.057661],[-123.784332,44.057716]]],[[[-123.833193,44.065171],[-123.83321,44.065172],[-123.833578,44.0652],[-123.834203,44.06518],[-123.834216,44.06518],[-123.83461,44.065155],[-123.834865,44.065135],[-123.835155,44.065113],[-123.835184,44.065113],[-123.835233,44.065113],[-123.835252,44.065113],[-123.835259,44.06507],[-123.835179,44.065064],[-123.835099,44.065061],[-123.835018,44.065061],[-123.834938,44.065064],[-123.834872,44.065068],[-123.834873,44.06506],[-123.834648,44.065057],[-123.834424,44.065057],[-123.833965,44.065058],[-123.833762,44.065051],[-123.833559,44.065041],[-123.833357,44.065029],[-123.833139,44.065015],[-123.832923,44.064995],[-123.832707,44.064971],[-123.832493,44.06494],[-123.83228,44.064905],[-123.832109,44.064872],[-123.831938,44.064836],[-123.831769,44.064796],[-123.831602,44.064753],[-123.831398,44.064695],[-123.831197,44.064632],[-123.831,44.064564],[-123.830805,44.064492],[-123.830614,44.064414],[-123.830427,44.064332],[-123.830244,44.064246],[-123.830013,44.064123],[-123.829724,44.064023],[-123.829227,44.063763],[-123.828696,44.06345],[-123.828292,44.063215],[-123.828089,44.062981],[-123.827874,44.062665],[-123.827783,44.062421],[-123.82763,44.062149],[-123.827521,44.061763],[-123.827444,44.061625],[-123.827285,44.061342],[-123.827114,44.061138],[-123.826824,44.060775],[-123.826379,44.060436],[-123.825772,44.060208],[-123.825731,44.060247],[-123.82572,44.060243],[-123.825644,44.060214],[-123.825468,44.060151],[-123.825289,44.060091],[-123.823618,44.059539],[-123.823531,44.059511],[-123.823445,44.059482],[-123.823358,44.059453],[-123.823261,44.059421],[-123.82288,44.059296],[-123.822634,44.059214],[-123.822427,44.059146],[-123.822226,44.059079],[-123.821949,44.058988],[-123.821687,44.058901],[-123.821578,44.058865],[-123.821552,44.058857],[-123.820615,44.058547],[-123.818469,44.057838],[-123.818181,44.057744],[-123.81789,44.057654],[-123.817597,44.057566],[-123.817302,44.057483],[-123.8171,44.057435],[-123.816896,44.057392],[-123.816691,44.057352],[-123.816485,44.057315],[-123.816277,44.057283],[-123.816126,44.057261],[-123.815812,44.05723],[-123.815497,44.057203],[-123.815182,44.05718],[-123.814866,44.05716],[-123.813768,44.057085],[-123.813585,44.057072],[-123.811527,44.056931],[-123.811526,44.056931],[-123.811519,44.056931],[-123.809538,44.056794],[-123.807692,44.056666],[-123.806681,44.056595],[-123.806287,44.056568],[-123.804289,44.056429],[-123.80253,44.056306],[-123.800101,44.056136],[-123.799987,44.056128],[-123.799874,44.05612],[-123.799538,44.056096],[-123.799344,44.056087],[-123.79915,44.056081],[-123.798955,44.056078],[-123.798834,44.05608],[-123.798713,44.056084],[-123.798592,44.056092],[-123.798399,44.05611],[-123.798206,44.056131],[-123.798014,44.056156],[-123.797882,44.056174],[-123.797564,44.056216],[-123.797374,44.056241],[-123.797183,44.056261],[-123.796991,44.056277],[-123.796798,44.056288],[-123.796667,44.056288],[-123.796536,44.056283],[-123.796406,44.056273],[-123.796276,44.056259],[-123.796202,44.056247],[-123.796197,44.056246],[-123.796122,44.056233],[-123.796118,44.056232],[-123.796047,44.056219],[-123.796045,44.056219],[-123.795946,44.056199],[-123.795631,44.056417],[-123.795817,44.056458],[-123.796005,44.056495],[-123.796195,44.056527],[-123.796301,44.05654],[-123.796408,44.05655],[-123.796515,44.056557],[-123.796631,44.056562],[-123.796726,44.056563],[-123.796821,44.056562],[-123.797026,44.05655],[-123.797231,44.056533],[-123.797434,44.056512],[-123.797637,44.056485],[-123.798085,44.056426],[-123.798306,44.056398],[-123.798367,44.056668],[-123.798523,44.056653],[-123.79868,44.056639],[-123.798814,44.056631],[-123.798949,44.056628],[-123.799085,44.056628],[-123.799222,44.056629],[-123.799351,44.056632],[-123.79948,44.056636],[-123.79955,44.056641],[-123.799995,44.056671],[-123.800378,44.056698],[-123.800371,44.05675],[-123.800484,44.056758],[-123.800598,44.056766],[-123.801128,44.056803],[-123.801204,44.056808],[-123.801488,44.056828],[-123.801218,44.056704],[-123.801153,44.056676],[-123.801084,44.056652],[-123.801013,44.056632],[-123.80094,44.056616],[-123.800865,44.056604],[-123.80079,44.056597],[-123.80053,44.056578],[-123.800493,44.056573],[-123.800457,44.056564],[-123.800425,44.056551],[-123.800395,44.056534],[-123.80037,44.056514],[-123.80035,44.056491],[-123.800336,44.056466],[-123.800327,44.056439],[-123.800552,44.056414],[-123.800812,44.056433],[-123.800906,44.056442],[-123.800998,44.056457],[-123.801088,44.056477],[-123.801175,44.056501],[-123.80126,44.056531],[-123.801341,44.056565],[-123.801702,44.056732],[-123.80175,44.056757],[-123.801794,44.056786],[-123.801833,44.056819],[-123.801866,44.056855],[-123.801961,44.056861],[-123.802491,44.056899],[-123.802529,44.056901],[-123.802566,44.056904],[-123.803096,44.056941],[-123.80321,44.056949],[-123.803324,44.056957],[-123.803854,44.056994],[-123.803929,44.057],[-123.804459,44.057037],[-123.804687,44.057053],[-123.804694,44.057001],[-123.805861,44.057083],[-123.806291,44.057113],[-123.806293,44.056912],[-123.806527,44.056928],[-123.807639,44.057006],[-123.81151,44.057275],[-123.811933,44.057304],[-123.811935,44.057232],[-123.813763,44.057359],[-123.814834,44.057433],[-123.815131,44.057452],[-123.815427,44.057474],[-123.815723,44.057499],[-123.816018,44.057527],[-123.816052,44.057531],[-123.816058,44.057531],[-123.816071,44.057533],[-123.816097,44.057536],[-123.816288,44.057564],[-123.81651,44.057601],[-123.81673,44.057643],[-123.816949,44.057689],[-123.817166,44.057739],[-123.817455,44.057821],[-123.817742,44.057906],[-123.818027,44.057995],[-123.818311,44.058087],[-123.822537,44.059484],[-123.82329,44.059732],[-123.823429,44.059778],[-123.825136,44.060342],[-123.825317,44.060403],[-123.825496,44.060468],[-123.82566,44.060532],[-123.825821,44.060601],[-123.825926,44.060654],[-123.826027,44.060711],[-123.826124,44.060771],[-123.826217,44.060835],[-123.826305,44.060902],[-123.826388,44.060973],[-123.826466,44.061046],[-123.826539,44.061122],[-123.826607,44.061201],[-123.826668,44.061281],[-123.826725,44.061365],[-123.826781,44.061466],[-123.826833,44.061569],[-123.826881,44.061673],[-123.826914,44.061706],[-123.826951,44.061776],[-123.827006,44.061889],[-123.827157,44.062235],[-123.827338,44.062632],[-123.827408,44.062745],[-123.827519,44.062894],[-123.827632,44.063036],[-123.827758,44.063167],[-123.827969,44.063322],[-123.828356,44.063583],[-123.828855,44.063869],[-123.829252,44.06412],[-123.829807,44.064456],[-123.829967,44.064541],[-123.830143,44.064634],[-123.830444,44.06477],[-123.83058,44.064809],[-123.830945,44.064865],[-123.831913,44.064959],[-123.831941,44.064964],[-123.832282,44.06503],[-123.832794,44.065121],[-123.832957,44.065141],[-123.832988,44.065145],[-123.833193,44.065171]]],[[[-123.876858,44.042447],[-123.87777,44.043103],[-123.879249,44.044145],[-123.879898,44.044651],[-123.880315,44.044952],[-123.880462,44.045044],[-123.881063,44.045414],[-123.881319,44.045569],[-123.881709,44.045905],[-123.881928,44.046082],[-123.882235,44.046405],[-123.883569,44.047639],[-123.883973,44.047955],[-123.884357,44.048289],[-123.884702,44.048506],[-123.885491,44.049014],[-123.885842,44.049331],[-123.886909,44.050202],[-123.887498,44.050767],[-123.887693,44.051008],[-123.887772,44.051118],[-123.888191,44.051691],[-123.888567,44.052355],[-123.889019,44.05363],[-123.88906,44.053786],[-123.889125,44.05415],[-123.889163,44.054556],[-123.889201,44.054997],[-123.889206,44.055497],[-123.889191,44.055634],[-123.889179,44.055744],[-123.889148,44.056101],[-123.889088,44.056435],[-123.888861,44.057134],[-123.888725,44.057477],[-123.888546,44.057848],[-123.888339,44.058282],[-123.887995,44.058771],[-123.887662,44.059217],[-123.887217,44.059718],[-123.886883,44.060039],[-123.885945,44.060941],[-123.885854,44.061028],[-123.884817,44.061974],[-123.883303,44.063375],[-123.882756,44.063911],[-123.88225,44.064397],[-123.881923,44.064779],[-123.881573,44.065204],[-123.881253,44.065721],[-123.880763,44.066486],[-123.880732,44.066532],[-123.880769,44.066531],[-123.88082,44.066513],[-123.880886,44.066478],[-123.880955,44.066414],[-123.881011,44.066331],[-123.88119,44.066063],[-123.881202,44.066046],[-123.881211,44.066034],[-123.88122,44.066021],[-123.881228,44.066009],[-123.881234,44.066002],[-123.881238,44.065996],[-123.881248,44.065984],[-123.881257,44.065971],[-123.881267,44.065959],[-123.881276,44.065947],[-123.881287,44.065934],[-123.881297,44.065922],[-123.881307,44.06591],[-123.881317,44.065898],[-123.881327,44.065886],[-123.881337,44.065874],[-123.881348,44.065861],[-123.881359,44.065849],[-123.881371,44.065835],[-123.881381,44.065825],[-123.881391,44.065815],[-123.8814,44.065804],[-123.881412,44.065791],[-123.881422,44.06578],[-123.881432,44.065769],[-123.881444,44.065756],[-123.881455,44.065745],[-123.881466,44.065733],[-123.881476,44.065722],[-123.881487,44.06571],[-123.881498,44.065699],[-123.881509,44.065687],[-123.88152,44.065676],[-123.881531,44.065665],[-123.881543,44.065653],[-123.881555,44.065641],[-123.881566,44.065629],[-123.881578,44.065618],[-123.881589,44.065608],[-123.881602,44.065595],[-123.881612,44.065586],[-123.881623,44.065575],[-123.881634,44.065564],[-123.881646,44.065552],[-123.881659,44.06554],[-123.881669,44.065531],[-123.88168,44.06552],[-123.881692,44.065509],[-123.881702,44.065498],[-123.881715,44.065486],[-123.881727,44.065475],[-123.881737,44.065465],[-123.88175,44.065452],[-123.881762,44.065442],[-123.881772,44.065433],[-123.881783,44.065421],[-123.881794,44.065411],[-123.881803,44.065401],[-123.881814,44.06539],[-123.881825,44.065379],[-123.881834,44.065369],[-123.881842,44.065359],[-123.881853,44.065347],[-123.881863,44.065335],[-123.88187,44.065327],[-123.881879,44.065315],[-123.88189,44.065302],[-123.881898,44.065292],[-123.881906,44.065281],[-123.881915,44.065269],[-123.881924,44.065257],[-123.881933,44.065245],[-123.881941,44.065233],[-123.881945,44.065227],[-123.88195,44.065221],[-123.88196,44.065207],[-123.88197,44.065195],[-123.881978,44.065185],[-123.881987,44.065172],[-123.881996,44.06516],[-123.882004,44.065148],[-123.882013,44.065136],[-123.882023,44.065123],[-123.882033,44.065111],[-123.882041,44.0651],[-123.882049,44.065088],[-123.882058,44.065076],[-123.882067,44.065063],[-123.882076,44.065051],[-123.882085,44.065039],[-123.882095,44.065025],[-123.882105,44.065013],[-123.882112,44.065003],[-123.882121,44.064991],[-123.88213,44.064979],[-123.882139,44.064967],[-123.882148,44.064955],[-123.882157,44.064943],[-123.882166,44.064929],[-123.882176,44.064917],[-123.882184,44.064906],[-123.882193,44.064894],[-123.882203,44.06488],[-123.882215,44.064866],[-123.882224,44.064855],[-123.882234,44.064843],[-123.882244,44.064831],[-123.882254,44.064819],[-123.882264,44.064807],[-123.882275,44.064794],[-123.882286,44.064783],[-123.882294,44.064772],[-123.882306,44.064759],[-123.882316,44.064748],[-123.882326,44.064736],[-123.882339,44.064723],[-123.882348,44.064712],[-123.882358,44.064701],[-123.88237,44.064688],[-123.882381,44.064677],[-123.882392,44.064665],[-123.882435,44.06462],[-123.882446,44.064609],[-123.882457,44.064598],[-123.882468,44.064586],[-123.882478,44.064575],[-123.882484,44.064569],[-123.88249,44.064563],[-123.882502,44.064551],[-123.882512,44.064541],[-123.882522,44.06453],[-123.882555,44.064496],[-123.882566,44.064485],[-123.882577,44.064474],[-123.882587,44.064463],[-123.882598,44.064451],[-123.882609,44.06444],[-123.88262,44.064428],[-123.882631,44.064417],[-123.882641,44.064406],[-123.882664,44.064382],[-123.882676,44.064371],[-123.882686,44.064361],[-123.882696,44.06435],[-123.882707,44.064339],[-123.882718,44.064327],[-123.882729,44.064316],[-123.88274,44.064304],[-123.88275,44.064293],[-123.882761,44.064282],[-123.882783,44.06426],[-123.882794,44.064248],[-123.882804,44.064237],[-123.882815,44.064226],[-123.882826,44.064215],[-123.882838,44.064202],[-123.882849,44.064191],[-123.882859,44.064181],[-123.88287,44.06417],[-123.88288,44.064158],[-123.882891,44.064147],[-123.882902,44.064136],[-123.882913,44.064124],[-123.882924,44.064113],[-123.882955,44.06408],[-123.882965,44.06407],[-123.882975,44.064058],[-123.882986,44.064047],[-123.882995,44.064036],[-123.883007,44.064023],[-123.883017,44.064012],[-123.883027,44.064001],[-123.883031,44.063996],[-123.883039,44.063988],[-123.883048,44.063979],[-123.883057,44.063968],[-123.883068,44.063955],[-123.883078,44.063944],[-123.883088,44.063933],[-123.883099,44.06392],[-123.883108,44.06391],[-123.883118,44.063898],[-123.88313,44.063886],[-123.88314,44.063874],[-123.88315,44.063863],[-123.883159,44.063852],[-123.88317,44.063839],[-123.88318,44.063828],[-123.88319,44.063816],[-123.883201,44.063804],[-123.883211,44.063793],[-123.883222,44.063782],[-123.883232,44.06377],[-123.883244,44.063757],[-123.883255,44.063745],[-123.883266,44.063734],[-123.883277,44.063723],[-123.883288,44.063711],[-123.8833,44.063698],[-123.883312,44.063687],[-123.883322,44.063677],[-123.883333,44.063665],[-123.883345,44.063654],[-123.883357,44.063642],[-123.88337,44.06363],[-123.88338,44.06362],[-123.883391,44.063609],[-123.883404,44.063597],[-123.883416,44.063586],[-123.883429,44.063575],[-123.88344,44.063564],[-123.883452,44.063554],[-123.883463,44.063543],[-123.883475,44.063532],[-123.883487,44.063521],[-123.883499,44.06351],[-123.88351,44.0635],[-123.883522,44.063489],[-123.883534,44.063478],[-123.883546,44.063467],[-123.883558,44.063457],[-123.88357,44.063446],[-123.883581,44.063435],[-123.883593,44.063424],[-123.883605,44.063413],[-123.883617,44.063403],[-123.883628,44.063392],[-123.88364,44.063381],[-123.883652,44.063371],[-123.883664,44.063359],[-123.883676,44.063349],[-123.883687,44.063338],[-123.883699,44.063328],[-123.883711,44.063317],[-123.883722,44.063306],[-123.883735,44.063295],[-123.883746,44.063284],[-123.883758,44.063274],[-123.883769,44.063263],[-123.883781,44.063252],[-123.883793,44.063241],[-123.883805,44.06323],[-123.883816,44.06322],[-123.883828,44.063209],[-123.88384,44.063198],[-123.883851,44.063188],[-123.883861,44.063178],[-123.883874,44.063166],[-123.883886,44.063155],[-123.883898,44.063144],[-123.883908,44.063134],[-123.883919,44.063124],[-123.883932,44.063111],[-123.883944,44.0631],[-123.883954,44.063091],[-123.883965,44.063079],[-123.883978,44.063068],[-123.88399,44.063057],[-123.884002,44.063046],[-123.884011,44.063037],[-123.884023,44.063025],[-123.884036,44.063013],[-123.884048,44.063002],[-123.88406,44.062991],[-123.88407,44.062982],[-123.884081,44.062971],[-123.884094,44.062959],[-123.884105,44.062948],[-123.884116,44.062938],[-123.884127,44.062928],[-123.88414,44.062915],[-123.884152,44.062904],[-123.884163,44.062893],[-123.884174,44.062883],[-123.884184,44.062873],[-123.884199,44.062859],[-123.884214,44.062847],[-123.884228,44.062835],[-123.884244,44.062823],[-123.88426,44.062811],[-123.884278,44.0628],[-123.884294,44.062789],[-123.884312,44.062779],[-123.884331,44.062768],[-123.88435,44.062759],[-123.884365,44.062752],[-123.885824,44.061428],[-123.886207,44.061081],[-123.887054,44.060313],[-123.887229,44.060154],[-123.887398,44.059991],[-123.887562,44.059825],[-123.88772,44.059656],[-123.887872,44.059485],[-123.888017,44.05931],[-123.888157,44.059133],[-123.88829,44.058954],[-123.888416,44.058772],[-123.888537,44.058588],[-123.88865,44.058401],[-123.888757,44.058213],[-123.888858,44.058022],[-123.888951,44.05783],[-123.889038,44.057637],[-123.889118,44.057441],[-123.889191,44.057245],[-123.889257,44.057047],[-123.889316,44.056848],[-123.889367,44.056647],[-123.889412,44.056446],[-123.88945,44.056245],[-123.88948,44.056042],[-123.889503,44.055839],[-123.889519,44.055636],[-123.889527,44.05548],[-123.88953,44.055324],[-123.88953,44.055298],[-123.88953,44.055297],[-123.88953,44.05527],[-123.88953,44.055269],[-123.88953,44.055242],[-123.88953,44.055242],[-123.88953,44.055241],[-123.88953,44.055214],[-123.88953,44.055213],[-123.889529,44.055185],[-123.889529,44.055183],[-123.889529,44.055157],[-123.889529,44.055154],[-123.889528,44.055129],[-123.889521,44.05496],[-123.889509,44.054791],[-123.889509,44.05479],[-123.889491,44.054591],[-123.889468,44.054392],[-123.889468,44.054391],[-123.889468,44.054391],[-123.88944,44.054194],[-123.889407,44.053998],[-123.889368,44.053802],[-123.889323,44.053599],[-123.889272,44.053396],[-123.889216,44.053194],[-123.889155,44.052993],[-123.889115,44.052873],[-123.889074,44.052753],[-123.889064,44.052726],[-123.889063,44.052725],[-123.889053,44.052695],[-123.889009,44.052577],[-123.888963,44.05246],[-123.888962,44.052458],[-123.888895,44.052289],[-123.888822,44.052122],[-123.888803,44.052082],[-123.888803,44.052082],[-123.888789,44.052052],[-123.888786,44.052047],[-123.888782,44.052037],[-123.888772,44.052017],[-123.888754,44.051982],[-123.888737,44.051947],[-123.888649,44.051781],[-123.888555,44.051617],[-123.888455,44.051454],[-123.888348,44.051294],[-123.888236,44.051136],[-123.888117,44.050981],[-123.887992,44.050827],[-123.887862,44.050677],[-123.887726,44.050529],[-123.887637,44.050437],[-123.887634,44.050434],[-123.887607,44.050407],[-123.887607,44.050407],[-123.887605,44.050405],[-123.88758,44.05038],[-123.887578,44.050378],[-123.887577,44.050377],[-123.887495,44.050297],[-123.887412,44.050219],[-123.887392,44.0502],[-123.887391,44.050199],[-123.887391,44.050199],[-123.887391,44.050199],[-123.88737,44.05018],[-123.887285,44.050104],[-123.887199,44.050028],[-123.887052,44.049905],[-123.887051,44.049904],[-123.886902,44.049785],[-123.886074,44.049076],[-123.885922,44.048949],[-123.885921,44.048948],[-123.885767,44.048824],[-123.885682,44.04876],[-123.885667,44.048749],[-123.885667,44.048749],[-123.885666,44.048749],[-123.885666,44.048749],[-123.885666,44.048748],[-123.88565,44.048737],[-123.885649,44.048736],[-123.885632,44.048724],[-123.885528,44.048653],[-123.885527,44.048652],[-123.885485,44.048624],[-123.885483,44.048623],[-123.885442,44.048597],[-123.885289,44.048504],[-123.885287,44.048503],[-123.885284,44.048501],[-123.885268,44.048491],[-123.885265,44.04849],[-123.885264,44.048489],[-123.885263,44.048488],[-123.885082,44.048384],[-123.884829,44.04824],[-123.884683,44.048157],[-123.884508,44.048056],[-123.884337,44.047952],[-123.884241,44.047889],[-123.884148,44.047825],[-123.884132,44.047814],[-123.884132,44.047814],[-123.884132,44.047814],[-123.884132,44.047813],[-123.884116,44.047802],[-123.884115,44.047801],[-123.884114,44.0478],[-123.884112,44.047799],[-123.8841,44.04779],[-123.8841,44.04779],[-123.884019,44.047729],[-123.883942,44.047666],[-123.883798,44.047542],[-123.883659,44.047416],[-123.88313,44.046927],[-123.882452,44.046301],[-123.881767,44.045669],[-123.881657,44.045569],[-123.881543,44.045472],[-123.881446,44.045397],[-123.881344,44.045326],[-123.881247,44.045263],[-123.881229,44.045251],[-123.881228,44.04525],[-123.881208,44.045238],[-123.88111,44.045179],[-123.881076,44.045159],[-123.880836,44.045018],[-123.88074,44.044961],[-123.880645,44.044903],[-123.880623,44.044889],[-123.880622,44.044888],[-123.880622,44.044888],[-123.880599,44.044874],[-123.880507,44.044815],[-123.880416,44.044755],[-123.880383,44.044731],[-123.880383,44.044731],[-123.880382,44.044731],[-123.880377,44.044727],[-123.880376,44.044727],[-123.88035,44.044708],[-123.880216,44.044604],[-123.880085,44.044498],[-123.880083,44.044497],[-123.87998,44.044408],[-123.879796,44.044251],[-123.879616,44.044099],[-123.879432,44.04395],[-123.879244,44.043804],[-123.879052,44.04366],[-123.878857,44.043519],[-123.878703,44.043409],[-123.878291,44.043117],[-123.877694,44.042694],[-123.876802,44.04206],[-123.876172,44.041615],[-123.876174,44.041615],[-123.875904,44.041424],[-123.875764,44.041325],[-123.875742,44.04131],[-123.875741,44.041309],[-123.875739,44.041308],[-123.875737,44.041307],[-123.875735,44.041305],[-123.875721,44.041295],[-123.875718,44.041294],[-123.875717,44.041293],[-123.875695,44.041278],[-123.875694,44.041277],[-123.875694,44.041277],[-123.875693,44.041277],[-123.87567,44.041262],[-123.875575,44.041199],[-123.875478,44.041138],[-123.875477,44.041137],[-123.875348,44.041059],[-123.875215,44.040985],[-123.875077,44.040914],[-123.874936,44.040848],[-123.874791,44.040787],[-123.874643,44.040729],[-123.874491,44.040677],[-123.874337,44.040629],[-123.874179,44.040585],[-123.87402,44.040546],[-123.873858,44.040512],[-123.873695,44.040483],[-123.87353,44.040459],[-123.873364,44.04044],[-123.873197,44.040426],[-123.873029,44.040417],[-123.872861,44.040413],[-123.872692,44.040414],[-123.872659,44.040414],[-123.87252,44.04042],[-123.872381,44.040429],[-123.872242,44.040441],[-123.872104,44.040457],[-123.872104,44.040457],[-123.871882,44.040496],[-123.871879,44.040497],[-123.871853,44.040502],[-123.87185,44.040502],[-123.871819,44.040508],[-123.871789,44.040514],[-123.871787,44.040514],[-123.871785,44.040515],[-123.871761,44.04052],[-123.871758,44.04052],[-123.871537,44.040567],[-123.871201,44.040644],[-123.871201,44.040644],[-123.8712,44.040644],[-123.871082,44.040665],[-123.870962,44.040683],[-123.870944,44.040686],[-123.870942,44.040686],[-123.870923,44.040688],[-123.870922,44.040688],[-123.870903,44.040691],[-123.870902,44.040691],[-123.870902,44.040691],[-123.870901,44.040691],[-123.870901,44.040691],[-123.870901,44.040691],[-123.8709,44.040691],[-123.870881,44.040693],[-123.87088,44.040693],[-123.870862,44.040695],[-123.87086,44.040696],[-123.870842,44.040698],[-123.87072,44.040708],[-123.870597,44.040716],[-123.870597,44.040716],[-123.870596,44.040716],[-123.870595,44.040716],[-123.87045,44.040719],[-123.870306,44.040718],[-123.870161,44.040712],[-123.870018,44.0407],[-123.869875,44.040684],[-123.869733,44.040662],[-123.869594,44.040636],[-123.869456,44.040604],[-123.86932,44.040568],[-123.869187,44.040527],[-123.869057,44.040482],[-123.86893,44.040432],[-123.868806,44.040378],[-123.868687,44.040319],[-123.868571,44.040256],[-123.86846,44.04019],[-123.868353,44.040119],[-123.868252,44.040045],[-123.868123,44.039923],[-123.868001,44.039799],[-123.867937,44.039729],[-123.867875,44.039659],[-123.867257,44.039005],[-123.867193,44.038936],[-123.866934,44.038666],[-123.866671,44.038398],[-123.86667,44.038398],[-123.866616,44.038344],[-123.866614,44.038342],[-123.866613,44.038341],[-123.866562,44.038289],[-123.866562,44.038289],[-123.866559,44.038287],[-123.866558,44.038286],[-123.866506,44.038234],[-123.866502,44.03823],[-123.866497,44.038224],[-123.866495,44.038223],[-123.866432,44.03816],[-123.86643,44.038158],[-123.866363,44.038092],[-123.866362,44.038091],[-123.866357,44.038086],[-123.86631,44.03804],[-123.86631,44.03804],[-123.86631,44.03804],[-123.86631,44.03804],[-123.866309,44.038039],[-123.866299,44.03803],[-123.866294,44.038025],[-123.866293,44.038024],[-123.866223,44.037955],[-123.866211,44.037944],[-123.866201,44.037934],[-123.8662,44.037933],[-123.866146,44.037881],[-123.866143,44.037878],[-123.866086,44.037822],[-123.866084,44.037821],[-123.866083,44.03782],[-123.866044,44.037782],[-123.865991,44.037732],[-123.865989,44.03773],[-123.865951,44.037694],[-123.865947,44.03769],[-123.865932,44.037676],[-123.865913,44.037658],[-123.865911,44.037656],[-123.865907,44.037652],[-123.865906,44.037651],[-123.865858,44.037606],[-123.865857,44.037605],[-123.865857,44.037605],[-123.865805,44.037556],[-123.865803,44.037553],[-123.865788,44.03754],[-123.865787,44.037539],[-123.865776,44.037528],[-123.865775,44.037527],[-123.865724,44.03748],[-123.865722,44.037478],[-123.865671,44.03743],[-123.865135,44.036931],[-123.865388,44.036862],[-123.864905,44.036407],[-123.864598,44.036109],[-123.864295,44.035808],[-123.863998,44.035504],[-123.863706,44.035198],[-123.863514,44.034993],[-123.863325,44.034787],[-123.863083,44.034856],[-123.8629,44.034652],[-123.862735,44.034465],[-123.862537,44.034238],[-123.862341,44.034008],[-123.862102,44.033721],[-123.862269,44.033675],[-123.861852,44.033152],[-123.861659,44.03291],[-123.861906,44.032807],[-123.861085,44.031814],[-123.86064,44.031276],[-123.860398,44.031384],[-123.860132,44.031063],[-123.860079,44.031001],[-123.860078,44.031],[-123.860026,44.030938],[-123.859885,44.030764],[-123.859864,44.030738],[-123.859863,44.030736],[-123.859857,44.030729],[-123.859852,44.030723],[-123.85985,44.03072],[-123.859847,44.030716],[-123.859842,44.030709],[-123.859841,44.030708],[-123.859836,44.030702],[-123.859832,44.030697],[-123.859832,44.030697],[-123.859829,44.030693],[-123.859823,44.030685],[-123.859821,44.030682],[-123.85982,44.030681],[-123.859819,44.030681],[-123.859819,44.030681],[-123.859797,44.030652],[-123.859734,44.030569],[-123.859731,44.030565],[-123.859723,44.030555],[-123.85958,44.03036],[-123.859444,44.030163],[-123.859312,44.029964],[-123.859187,44.029763],[-123.859163,44.029723],[-123.859152,44.029703],[-123.85914,44.029684],[-123.85914,44.029683],[-123.85914,44.029683],[-123.859137,44.029678],[-123.85913,44.029667],[-123.859117,44.029644],[-123.859094,44.029604],[-123.859093,44.029603],[-123.859078,44.029576],[-123.859071,44.029564],[-123.859049,44.029524],[-123.859048,44.029522],[-123.859026,44.029483],[-123.859013,44.029459],[-123.859004,44.029442],[-123.858983,44.029403],[-123.858961,44.029362],[-123.85892,44.029281],[-123.858879,44.029199],[-123.858784,44.029],[-123.858697,44.028798],[-123.858616,44.028596],[-123.858541,44.028391],[-123.858474,44.028186],[-123.858414,44.02798],[-123.85836,44.027772],[-123.858314,44.027564],[-123.858297,44.027478],[-123.858281,44.027392],[-123.858274,44.027349],[-123.858266,44.027306],[-123.858259,44.02726],[-123.858253,44.02722],[-123.858247,44.027177],[-123.858245,44.027164],[-123.858241,44.027134],[-123.858235,44.027091],[-123.858233,44.027072],[-123.85823,44.027054],[-123.858226,44.027022],[-123.858225,44.027013],[-123.858225,44.027012],[-123.858225,44.027011],[-123.858224,44.027002],[-123.858224,44.027],[-123.858223,44.026992],[-123.85822,44.026962],[-123.858203,44.026782],[-123.858191,44.026602],[-123.858185,44.026423],[-123.858183,44.026243],[-123.858187,44.026063],[-123.858197,44.025876],[-123.858211,44.025689],[-123.858232,44.025503],[-123.858258,44.025317],[-123.85829,44.025132],[-123.858028,44.025033],[-123.85797,44.025011],[-123.857808,44.024972],[-123.857773,44.025129],[-123.857743,44.025386],[-123.857696,44.025744],[-123.857685,44.026185],[-123.857693,44.026559],[-123.857736,44.026933],[-123.857789,44.027338],[-123.857899,44.027804],[-123.858009,44.028185],[-123.858159,44.02865],[-123.858355,44.029149],[-123.858613,44.029641],[-123.85882,44.030018],[-123.859007,44.030352],[-123.859457,44.030921],[-123.85996,44.031558],[-123.860971,44.032918],[-123.861387,44.03342],[-123.861591,44.033665],[-123.862241,44.034466],[-123.862678,44.034955],[-123.862692,44.034969],[-123.863005,44.035278],[-123.863981,44.036276],[-123.864479,44.036759],[-123.864956,44.037185],[-123.865486,44.037707],[-123.86637,44.038589],[-123.866424,44.038643],[-123.866743,44.03895],[-123.867482,44.039739],[-123.867747,44.040029],[-123.867979,44.040231],[-123.868201,44.040394],[-123.868435,44.040525],[-123.868716,44.040645],[-123.869163,44.040801],[-123.869522,44.04088],[-123.869826,44.04095],[-123.870027,44.040974],[-123.870306,44.040982],[-123.87055,44.040979],[-123.870598,44.040976],[-123.870822,44.040962],[-123.870992,44.040943],[-123.871353,44.040869],[-123.871904,44.040745],[-123.872295,44.040659],[-123.872455,44.040638],[-123.872604,44.040624],[-123.872813,44.040623],[-123.872991,44.040627],[-123.873188,44.040642],[-123.873424,44.040662],[-123.873587,44.04069],[-123.873808,44.040724],[-123.874029,44.040773],[-123.874316,44.040863],[-123.87453,44.040946],[-123.874793,44.041048],[-123.875092,44.041186],[-123.875341,44.041338],[-123.875715,44.041611],[-123.876858,44.042447]]],[[[-123.835572,44.065444],[-123.835756,44.065461],[-123.835939,44.065483],[-123.836122,44.06551],[-123.836302,44.065541],[-123.836481,44.065577],[-123.836659,44.065617],[-123.836834,44.065662],[-123.837007,44.065711],[-123.837177,44.065764],[-123.837345,44.065822],[-123.837509,44.065884],[-123.837671,44.065951],[-123.837829,44.066021],[-123.837925,44.066067],[-123.83802,44.066114],[-123.83802,44.066114],[-123.838177,44.066197],[-123.83833,44.066285],[-123.83848,44.066375],[-123.838625,44.066469],[-123.838766,44.066566],[-123.838902,44.066667],[-123.839034,44.06677],[-123.839161,44.066877],[-123.839224,44.066932],[-123.839339,44.067033],[-123.839518,44.06719],[-123.839669,44.067323],[-123.839734,44.06738],[-123.83982,44.067455],[-123.83997,44.067588],[-123.840121,44.06772],[-123.840272,44.067853],[-123.840423,44.067986],[-123.840574,44.068118],[-123.840724,44.068251],[-123.840768,44.068289],[-123.840875,44.068383],[-123.840935,44.068436],[-123.840975,44.068471],[-123.841026,44.068516],[-123.841177,44.068648],[-123.841328,44.068781],[-123.841478,44.068913],[-123.841485,44.068919],[-123.841577,44.069002],[-123.841686,44.069099],[-123.841734,44.069143],[-123.841856,44.069252],[-123.841913,44.069303],[-123.842042,44.069416],[-123.842148,44.069506],[-123.84359,44.070723],[-123.84445,44.071448],[-123.84466,44.071607],[-123.844876,44.071762],[-123.845097,44.071914],[-123.845323,44.072062],[-123.845554,44.072206],[-123.845789,44.072346],[-123.846029,44.072481],[-123.846267,44.07261],[-123.846509,44.072734],[-123.846755,44.072855],[-123.847005,44.072971],[-123.847259,44.073083],[-123.847511,44.07318],[-123.847766,44.073272],[-123.848024,44.07336],[-123.848285,44.073444],[-123.848548,44.073523],[-123.848815,44.073597],[-123.849084,44.073666],[-123.849355,44.073731],[-123.849355,44.073731],[-123.849355,44.073731],[-123.849442,44.073749],[-123.849444,44.073749],[-123.849473,44.073755],[-123.849475,44.073756],[-123.849596,44.07378],[-123.849987,44.07385],[-123.850043,44.07386],[-123.850268,44.073898],[-123.850493,44.073934],[-123.851196,44.07405],[-123.851471,44.074094],[-123.851748,44.074136],[-123.852025,44.074175],[-123.852025,44.074175],[-123.852025,44.074175],[-123.85208,44.074182],[-123.85208,44.074182],[-123.85208,44.074182],[-123.852081,44.074183],[-123.852081,44.074183],[-123.852129,44.074189],[-123.852355,44.074218],[-123.852581,44.074245],[-123.852629,44.074251],[-123.852693,44.074258],[-123.852746,44.074264],[-123.852749,44.074265],[-123.852801,44.07427],[-123.852804,44.074271],[-123.852859,44.074277],[-123.852861,44.074277],[-123.852861,44.074277],[-123.852915,44.074283],[-123.852917,44.074283],[-123.85297,44.074288],[-123.852973,44.074289],[-123.853023,44.074294],[-123.853361,44.074327],[-123.853701,44.074356],[-123.853701,44.074356],[-123.853702,44.074356],[-123.853983,44.074377],[-123.854264,44.074395],[-123.854546,44.074411],[-123.857647,44.074551],[-123.857928,44.074565],[-123.858209,44.074582],[-123.85821,44.074582],[-123.85837,44.074595],[-123.858529,44.074611],[-123.858688,44.074629],[-123.858846,44.07465],[-123.859003,44.074674],[-123.859159,44.0747],[-123.859346,44.074734],[-123.859531,44.074772],[-123.859714,44.074814],[-123.859896,44.07486],[-123.859897,44.07486],[-123.860101,44.074915],[-123.860304,44.074972],[-123.860442,44.074722],[-123.859823,44.074544],[-123.859339,44.074431],[-123.858974,44.074367],[-123.858635,44.074321],[-123.858147,44.074281],[-123.857603,44.074239],[-123.856945,44.074219],[-123.856366,44.074195],[-123.855966,44.074175],[-123.855674,44.074172],[-123.855152,44.074152],[-123.854526,44.074122],[-123.854198,44.074107],[-123.853679,44.074067],[-123.853134,44.074025],[-123.852739,44.073989],[-123.852334,44.073956],[-123.851767,44.073897],[-123.851382,44.07383],[-123.851126,44.07378],[-123.850444,44.07367],[-123.849919,44.073582],[-123.849499,44.073503],[-123.849366,44.073477],[-123.84911,44.073409],[-123.848856,44.073337],[-123.848605,44.073261],[-123.848356,44.07318],[-123.84811,44.073094],[-123.847867,44.073005],[-123.847627,44.072911],[-123.84739,44.072813],[-123.847157,44.072711],[-123.846927,44.072605],[-123.846701,44.072495],[-123.846479,44.072381],[-123.84626,44.072264],[-123.846027,44.072132],[-123.845799,44.071996],[-123.845575,44.071857],[-123.845356,44.071713],[-123.845142,44.071566],[-123.844932,44.071415],[-123.844728,44.071261],[-123.844726,44.071259],[-123.843879,44.070544],[-123.843719,44.07041],[-123.843658,44.070359],[-123.842549,44.069429],[-123.842326,44.069233],[-123.842206,44.069129],[-123.842039,44.068982],[-123.841825,44.068795],[-123.841773,44.068739],[-123.841622,44.068607],[-123.841471,44.068474],[-123.84132,44.068342],[-123.84122,44.068254],[-123.841169,44.068209],[-123.841045,44.0681],[-123.841019,44.068077],[-123.840868,44.067944],[-123.840734,44.067827],[-123.840717,44.067812],[-123.840629,44.067734],[-123.840566,44.067679],[-123.840477,44.0676],[-123.840415,44.067546],[-123.840324,44.067467],[-123.840264,44.067414],[-123.840172,44.067333],[-123.840114,44.067281],[-123.84002,44.067199],[-123.839964,44.067149],[-123.839868,44.067065],[-123.839812,44.067016],[-123.83974,44.066952],[-123.839634,44.066859],[-123.839564,44.066798],[-123.83952,44.06676],[-123.839382,44.066641],[-123.839263,44.066544],[-123.839119,44.066433],[-123.838969,44.066326],[-123.838815,44.066223],[-123.838656,44.066123],[-123.838492,44.066027],[-123.838343,44.065944],[-123.838189,44.065864],[-123.837927,44.065785],[-123.837661,44.06571],[-123.837393,44.065641],[-123.837123,44.065576],[-123.83685,44.065516],[-123.836595,44.065466],[-123.836339,44.065419],[-123.836081,44.065378],[-123.835821,44.065341],[-123.835561,44.065308],[-123.835299,44.06528],[-123.835281,44.065278],[-123.83523,44.065278],[-123.835182,44.065277],[-123.835166,44.065277],[-123.834632,44.065319],[-123.834227,44.065344],[-123.834218,44.065345],[-123.833571,44.065365],[-123.833195,44.065336],[-123.833162,44.065334],[-123.833152,44.065333],[-123.832787,44.065299],[-123.831882,44.065123],[-123.831699,44.065087],[-123.831259,44.065054],[-123.831489,44.06512],[-123.831724,44.065182],[-123.831961,44.065238],[-123.832199,44.06529],[-123.83244,44.065337],[-123.832683,44.065379],[-123.832927,44.065416],[-123.833172,44.065448],[-123.833419,44.065475],[-123.833667,44.065497],[-123.833885,44.065516],[-123.834104,44.06553],[-123.834324,44.065539],[-123.834783,44.065549],[-123.834824,44.06555],[-123.835006,44.065555],[-123.835188,44.065561],[-123.835199,44.065483],[-123.835207,44.065425],[-123.835572,44.065444]]],[[[-123.868203,44.076728],[-123.868467,44.076748],[-123.868731,44.076765],[-123.868996,44.07678],[-123.869288,44.076792],[-123.86958,44.076801],[-123.869872,44.076806],[-123.870165,44.076808],[-123.870457,44.076807],[-123.870749,44.076802],[-123.87081,44.0768],[-123.87081,44.0768],[-123.87081,44.0768],[-123.871009,44.076791],[-123.871208,44.076777],[-123.871406,44.076758],[-123.871603,44.076734],[-123.871798,44.076706],[-123.871992,44.076672],[-123.872184,44.076633],[-123.872375,44.076589],[-123.872563,44.076541],[-123.872748,44.076487],[-123.872931,44.076429],[-123.87311,44.076367],[-123.873287,44.076299],[-123.87346,44.076228],[-123.87363,44.076152],[-123.873795,44.076072],[-123.873957,44.075987],[-123.874114,44.075899],[-123.874267,44.075806],[-123.874416,44.07571],[-123.874559,44.07561],[-123.874698,44.075506],[-123.874831,44.075399],[-123.874959,44.075288],[-123.874997,44.075254],[-123.874998,44.075253],[-123.87511,44.075154],[-123.875125,44.075141],[-123.875166,44.075104],[-123.875208,44.075066],[-123.875224,44.075052],[-123.875244,44.075034],[-123.875249,44.075029],[-123.87529,44.074991],[-123.875337,44.074947],[-123.875338,44.074946],[-123.875338,44.074946],[-123.875363,44.074923],[-123.875451,44.074839],[-123.87548,44.074811],[-123.875555,44.074738],[-123.875589,44.074703],[-123.875696,44.074596],[-123.875733,44.074558],[-123.875794,44.074495],[-123.875794,44.074495],[-123.875842,44.074444],[-123.875878,44.074406],[-123.876019,44.074252],[-123.876054,44.074213],[-123.8761,44.074161],[-123.876156,44.074096],[-123.876158,44.074095],[-123.87619,44.074057],[-123.876286,44.073944],[-123.876315,44.073908],[-123.87638,44.073829],[-123.876404,44.073799],[-123.876477,44.073708],[-123.876498,44.073681],[-123.876535,44.073632],[-123.876568,44.07359],[-123.876572,44.073585],[-123.876587,44.073565],[-123.8766,44.073548],[-123.876631,44.073506],[-123.876663,44.073464],[-123.876665,44.073461],[-123.876673,44.073449],[-123.876755,44.073337],[-123.876868,44.073175],[-123.876978,44.073012],[-123.876995,44.072985],[-123.876996,44.072983],[-123.877014,44.072955],[-123.877014,44.072955],[-123.877016,44.072953],[-123.877034,44.072925],[-123.877035,44.072923],[-123.877053,44.072895],[-123.877154,44.072732],[-123.877252,44.072567],[-123.877361,44.072375],[-123.877363,44.072372],[-123.877468,44.072183],[-123.877637,44.071877],[-123.877737,44.071693],[-123.877841,44.07151],[-123.87786,44.071477],[-123.877862,44.071475],[-123.877881,44.071441],[-123.877882,44.07144],[-123.877902,44.071405],[-123.877903,44.071405],[-123.877903,44.071404],[-123.877924,44.071369],[-123.877925,44.071366],[-123.877945,44.071333],[-123.877948,44.071328],[-123.877967,44.071297],[-123.878077,44.071118],[-123.878189,44.07094],[-123.879014,44.069703],[-123.879046,44.069656],[-123.879319,44.069247],[-123.879319,44.069246],[-123.879326,44.069236],[-123.879525,44.068937],[-123.880039,44.068167],[-123.88091,44.066861],[-123.880762,44.066815],[-123.880857,44.066656],[-123.880767,44.066666],[-123.880641,44.066664],[-123.880027,44.067554],[-123.879434,44.068471],[-123.879109,44.068953],[-123.878983,44.069126],[-123.878655,44.069574],[-123.87857,44.06969],[-123.878173,44.070298],[-123.877975,44.070622],[-123.877734,44.070958],[-123.877542,44.071389],[-123.877148,44.072114],[-123.876832,44.072691],[-123.876607,44.073041],[-123.876302,44.073492],[-123.876041,44.073861],[-123.875829,44.074097],[-123.875602,44.074355],[-123.87532,44.074645],[-123.875088,44.074857],[-123.874832,44.075106],[-123.874603,44.075316],[-123.874343,44.075493],[-123.874084,44.075672],[-123.873731,44.075842],[-123.873308,44.076039],[-123.872775,44.076274],[-123.872216,44.076429],[-123.871706,44.076543],[-123.871193,44.076615],[-123.870726,44.076658],[-123.870266,44.076662],[-123.869695,44.076658],[-123.869138,44.076626],[-123.869002,44.076615],[-123.868421,44.076565],[-123.867729,44.076493],[-123.867348,44.076436],[-123.86659,44.07633],[-123.866014,44.076228],[-123.864934,44.075978],[-123.864335,44.075814],[-123.862751,44.07539],[-123.861371,44.074989],[-123.860654,44.074783],[-123.860516,44.075034],[-123.860522,44.075035],[-123.863896,44.075975],[-123.864104,44.07603],[-123.864109,44.076031],[-123.864113,44.076032],[-123.86433,44.076088],[-123.864581,44.076151],[-123.864834,44.07621],[-123.865087,44.076267],[-123.86531,44.076314],[-123.865313,44.076314],[-123.865358,44.076324],[-123.865402,44.076333],[-123.865403,44.076333],[-123.865448,44.076342],[-123.865457,44.076344],[-123.865649,44.076381],[-123.865656,44.076383],[-123.865662,44.076384],[-123.865673,44.076386],[-123.865854,44.07642],[-123.865855,44.07642],[-123.866,44.076446],[-123.866002,44.076446],[-123.866004,44.076447],[-123.866145,44.076471],[-123.866152,44.076472],[-123.866154,44.076472],[-123.86629,44.076495],[-123.866302,44.076497],[-123.866354,44.076505],[-123.8664,44.076513],[-123.866405,44.076513],[-123.866449,44.07652],[-123.866455,44.076521],[-123.866501,44.076529],[-123.866548,44.076536],[-123.866606,44.076544],[-123.866649,44.076551],[-123.86674,44.076564],[-123.866757,44.076566],[-123.866801,44.076573],[-123.866802,44.076573],[-123.866807,44.076574],[-123.866853,44.07658],[-123.866857,44.076581],[-123.866904,44.076587],[-123.866908,44.076587],[-123.866949,44.076593],[-123.866958,44.076594],[-123.867009,44.076601],[-123.867052,44.076607],[-123.86711,44.076614],[-123.867143,44.076618],[-123.867409,44.07665],[-123.867414,44.076651],[-123.867611,44.076673],[-123.867612,44.076673],[-123.867668,44.076679],[-123.867764,44.076688],[-123.867821,44.076694],[-123.867864,44.076698],[-123.868203,44.076728]]]]}},{"type":"Feature","properties":{"MAPTAXLOT":"1911303000088","MAPNUMBER":"19113030","TAXLOT":"88","ACCTNO":"000None","MAPACRES":4.13682562},"geometry":{"type":"Polygon","coordinates":[[[-124.059987,43.893977],[-124.060018,43.893977],[-124.060081,43.893975],[-124.060133,43.893971],[-124.060189,43.893965],[-124.060242,43.893959],[-124.060287,43.893952],[-124.060354,43.893941],[-124.0604,43.893933],[-124.060441,43.893926],[-124.060479,43.89392],[-124.060515,43.893914],[-124.060534,43.893911],[-124.060552,43.893908],[-124.060571,43.893904],[-124.06059,43.893901],[-124.060608,43.893898],[-124.060627,43.893895],[-124.060645,43.893892],[-124.060664,43.893888],[-124.060697,43.893882],[-124.060715,43.89388],[-124.060735,43.893877],[-124.060752,43.893874],[-124.06077,43.893871],[-124.060789,43.893869],[-124.060807,43.893866],[-124.060825,43.893864],[-124.060843,43.893861],[-124.060861,43.893859],[-124.06088,43.893857],[-124.060898,43.893854],[-124.060917,43.893852],[-124.060935,43.89385],[-124.060953,43.893847],[-124.060972,43.893845],[-124.060991,43.893843],[-124.06101,43.893841],[-124.061028,43.893838],[-124.061048,43.893836],[-124.061066,43.893834],[-124.061084,43.893832],[-124.061103,43.893829],[-124.061121,43.893827],[-124.061141,43.893825],[-124.06116,43.893823],[-124.061178,43.89382],[-124.061196,43.893818],[-124.061216,43.893816],[-124.061234,43.893814],[-124.061253,43.893811],[-124.061272,43.893809],[-124.061291,43.893807],[-124.061309,43.893805],[-124.061328,43.893802],[-124.061349,43.8938],[-124.061369,43.893797],[-124.061768,43.893734],[-124.06189,43.893701],[-124.062179,43.893624],[-124.062772,43.893579],[-124.06324,43.893648],[-124.063643,43.893638],[-124.064055,43.893394],[-124.064367,43.892946],[-124.064513,43.89211],[-124.064331,43.89183],[-124.064214,43.891772],[-124.06358,43.89146],[-124.062835,43.891406],[-124.062803,43.891372],[-124.062619,43.891178],[-124.062519,43.891005],[-124.062692,43.890735],[-124.062878,43.890714],[-124.063213,43.890709],[-124.063507,43.890616],[-124.063655,43.890386],[-124.063718,43.890287],[-124.064036,43.889877],[-124.064205,43.889911],[-124.064227,43.889677],[-124.06411,43.889707],[-124.063934,43.889757],[-124.063843,43.889874],[-124.063719,43.88995],[-124.063516,43.890212],[-124.063337,43.89049],[-124.063163,43.890545],[-124.062858,43.890549],[-124.062536,43.890586],[-124.062271,43.891002],[-124.062418,43.891257],[-124.062707,43.891562],[-124.062775,43.891567],[-124.0635,43.891619],[-124.063741,43.891738],[-124.064151,43.891941],[-124.064279,43.892136],[-124.064146,43.892898],[-124.063874,43.893289],[-124.063558,43.893476],[-124.06326,43.893483],[-124.062783,43.893412],[-124.062127,43.893463],[-124.06174,43.893566],[-124.061689,43.89358],[-124.061243,43.893646],[-124.061235,43.893647],[-124.061216,43.893649],[-124.061197,43.893651],[-124.061178,43.893654],[-124.06116,43.893656],[-124.061141,43.893658],[-124.061122,43.89366],[-124.061103,43.893663],[-124.061085,43.893665],[-124.061066,43.893667],[-124.061047,43.893669],[-124.061027,43.893672],[-124.06101,43.893674],[-124.060992,43.893676],[-124.060972,43.893678],[-124.060953,43.893681],[-124.060935,43.893683],[-124.060916,43.893685],[-124.060897,43.893687],[-124.060879,43.89369],[-124.060859,43.893692],[-124.06084,43.893694],[-124.060822,43.893697],[-124.060801,43.893699],[-124.060782,43.893702],[-124.060764,43.893705],[-124.060745,43.893707],[-124.060726,43.89371],[-124.060707,43.893713],[-124.060688,43.893716],[-124.06067,43.893718],[-124.060646,43.893722],[-124.06061,43.893728],[-124.060592,43.893732],[-124.060574,43.893735],[-124.060555,43.893738],[-124.060536,43.893741],[-124.060519,43.893744],[-124.0605,43.893748],[-124.060482,43.893751],[-124.060464,43.893754],[-124.060427,43.89376],[-124.060389,43.893766],[-124.060349,43.893773],[-124.060304,43.893781],[-124.060239,43.893791],[-124.060199,43.893797],[-124.060154,43.893803],[-124.060105,43.893808],[-124.060064,43.893811],[-124.060011,43.893813],[-124.05999,43.893813],[-124.059987,43.893977]]]}},{"type":"Feature","properties":{"MAPTAXLOT":"1911303000100","MAPNUMBER":"19113030","TAXLOT":"100","ACCTNO":"0855641","MAPACRES":39.58375389},"geometry":{"type":"Polygon","coordinates":[[[-124.055925,43.893059],[-124.060006,43.893082],[-124.060056,43.890644],[-124.06008,43.88947],[-124.055037,43.889466],[-124.054999,43.892748],[-124.055279,43.892825],[-124.055307,43.892833],[-124.055342,43.892844],[-124.055367,43.892852],[-124.05539,43.89286],[-124.055412,43.892868],[-124.055433,43.892875],[-124.055454,43.892882],[-124.055473,43.892889],[-124.055483,43.892893],[-124.055495,43.892897],[-124.05551,43.892903],[-124.055867,43.893035],[-124.055925,43.893059]]]}},{"type":"Feature","properties":{"MAPTAXLOT":"1911303000200","MAPNUMBER":"19113030","TAXLOT":"200","ACCTNO":"0855658","MAPACRES":5.18266406},"geometry":{"type":"Polygon","coordinates":[[[-124.061992,43.890523],[-124.062536,43.890586],[-124.062858,43.890549],[-124.062751,43.890472],[-124.062491,43.89041],[-124.062947,43.890076],[-124.063516,43.890212],[-124.063719,43.88995],[-124.063438,43.889836],[-124.063392,43.889818],[-124.063099,43.889472],[-124.060955,43.88947],[-124.060933,43.890514],[-124.061992,43.890523]]]}},{"type":"Feature","properties":{"MAPTAXLOT":"1911303000207","MAPNUMBER":"19113030","TAXLOT":"207","ACCTNO":"0994358","MAPACRES":2.5756435},"geometry":{"type":"Polygon","coordinates":[[[-124.060056,43.890644],[-124.061885,43.890659],[-124.061992,43.890523],[-124.060933,43.890514],[-124.060955,43.88947],[-124.06008,43.88947],[-124.060056,43.890644]]]}},{"type":"Feature","properties":{"MAPTAXLOT":"1911303000400","MAPNUMBER":"19113030","TAXLOT":"400","ACCTNO":"0855732","MAPACRES":0.43545882},"geometry":{"type":"Polygon","coordinates":[[[-124.063655,43.890386],[-124.064157,43.890486],[-124.064157,43.890472],[-124.064162,43.890371],[-124.064205,43.889911],[-124.064036,43.889877],[-124.063718,43.890287],[-124.063655,43.890386]]]}},{"type":"Feature","properties":{"MAPTAXLOT":"1911303000500","MAPNUMBER":"19113030","TAXLOT":"500","ACCTNO":"0855740","MAPACRES":40.63770466},"geometry":{"type":"Polygon","coordinates":[[[-124.055037,43.889466],[-124.06008,43.88947],[-124.060156,43.885832],[-124.05508,43.885823],[-124.055037,43.889466]]]}},{"type":"Feature","properties":{"MAPTAXLOT":"1911303300077","MAPNUMBER":"19113033","TAXLOT":"77","ACCTNO":"000None","MAPACRES":3.23968784},"geometry":{"type":"MultiPolygon","coordinates":[[[[-124.063677,43.887239],[-124.063784,43.887352],[-124.063738,43.887456],[-124.063612,43.887741],[-124.063858,43.887798],[-124.063725,43.888099],[-124.063473,43.888331],[-124.063302,43.888438],[-124.063335,43.888573],[-124.063359,43.888673],[-124.063483,43.888831],[-124.063533,43.888934],[-124.063722,43.889322],[-124.063934,43.889757],[-124.06411,43.889707],[-124.063921,43.889319],[-124.063858,43.88919],[-124.063682,43.888827],[-124.063644,43.888548],[-124.063658,43.888412],[-124.063929,43.888221],[-124.064045,43.887959],[-124.063989,43.887952],[-124.064093,43.887715],[-124.06384,43.887657],[-124.06394,43.887388],[-124.063957,43.887342],[-124.063924,43.887308],[-124.063789,43.887166],[-124.063582,43.886897],[-124.063462,43.886742],[-124.063774,43.886459],[-124.063829,43.885994],[-124.064085,43.885838],[-124.063732,43.885838],[-124.06361,43.885912],[-124.063554,43.886395],[-124.063189,43.886725],[-124.063363,43.886951],[-124.063448,43.886935],[-124.063677,43.887239]]],[[[-124.062217,43.887584],[-124.06256,43.888009],[-124.062799,43.889117],[-124.063099,43.889472],[-124.063392,43.889818],[-124.063438,43.889836],[-124.063719,43.88995],[-124.063843,43.889874],[-124.063568,43.889763],[-124.063283,43.889426],[-124.063282,43.889425],[-124.06298,43.889068],[-124.06298,43.889066],[-124.062915,43.888766],[-124.062886,43.88863],[-124.062857,43.888495],[-124.06279,43.888185],[-124.062742,43.887962],[-124.062606,43.887794],[-124.062415,43.887557],[-124.06245,43.887396],[-124.06226,43.887387],[-124.062217,43.887584]]]]}},{"type":"Feature","properties":{"MAPTAXLOT":"1911303300100","MAPNUMBER":"19113033","TAXLOT":"100","ACCTNO":"0855757","MAPACRES":0.22347142},"geometry":{"type":"Polygon","coordinates":[[[-124.063921,43.889319],[-124.06411,43.889707],[-124.064227,43.889677],[-124.064269,43.889231],[-124.063921,43.889319]]]}},{"type":"Feature","properties":{"MAPTAXLOT":"1911303300101","MAPNUMBER":"19113033","TAXLOT":"101","ACCTNO":"0855765","MAPACRES":0.12384062},"geometry":{"type":"Polygon","coordinates":[[[-124.063858,43.88919],[-124.063921,43.889319],[-124.064269,43.889231],[-124.064283,43.889082],[-124.063858,43.88919]]]}},{"type":"Feature","properties":{"MAPTAXLOT":"1911303300200","MAPNUMBER":"19113033","TAXLOT":"200","ACCTNO":"0855773","MAPACRES":0.88391849},"geometry":{"type":"Polygon","coordinates":[[[-124.063682,43.888827],[-124.063858,43.88919],[-124.064283,43.889082],[-124.064346,43.888417],[-124.064076,43.888451],[-124.063644,43.888548],[-124.063682,43.888827]]]}},{"type":"Feature","properties":{"MAPTAXLOT":"1911303300300","MAPNUMBER":"19113033","TAXLOT":"300","ACCTNO":"0855781","MAPACRES":0.54068939},"geometry":{"type":"Polygon","coordinates":[[[-124.063658,43.888412],[-124.063644,43.888548],[-124.064076,43.888451],[-124.064346,43.888417],[-124.064385,43.887998],[-124.064045,43.887959],[-124.063929,43.888221],[-124.063658,43.888412]]]}},{"type":"Feature","properties":{"MAPTAXLOT":"1911303300301","MAPNUMBER":"19113033","TAXLOT":"301","ACCTNO":"0855799","MAPACRES":0.229937},"geometry":{"type":"Polygon","coordinates":[[[-124.064045,43.887959],[-124.064385,43.887998],[-124.064417,43.887653],[-124.064093,43.887715],[-124.063989,43.887952],[-124.064045,43.887959]]]}},{"type":"Feature","properties":{"MAPTAXLOT":"1911303300400","MAPNUMBER":"19113033","TAXLOT":"400","ACCTNO":"0855807","MAPACRES":0.41431972},"geometry":{"type":"Polygon","coordinates":[[[-124.06384,43.887657],[-124.064093,43.887715],[-124.064417,43.887653],[-124.064452,43.887283],[-124.06394,43.887388],[-124.06384,43.887657]]]}},{"type":"Feature","properties":{"MAPTAXLOT":"1911303300500","MAPNUMBER":"19113033","TAXLOT":"500","ACCTNO":"0855815","MAPACRES":0.06072145},"geometry":{"type":"Polygon","coordinates":[[[-124.063957,43.887342],[-124.06394,43.887388],[-124.064452,43.887283],[-124.064455,43.887257],[-124.064455,43.887256],[-124.063924,43.887308],[-124.063957,43.887342]]]}},{"type":"Feature","properties":{"MAPTAXLOT":"1911303300501","MAPNUMBER":"19113033","TAXLOT":"501","ACCTNO":"1423787","MAPACRES":0.86175154},"geometry":{"type":"Polygon","coordinates":[[[-124.063789,43.887166],[-124.063924,43.887308],[-124.064455,43.887256],[-124.064511,43.886661],[-124.063582,43.886897],[-124.063789,43.887166]]]}},{"type":"Feature","properties":{"MAPTAXLOT":"1911303300700","MAPNUMBER":"19113033","TAXLOT":"700","ACCTNO":"0855831","MAPACRES":0.67325883},"geometry":{"type":"Polygon","coordinates":[[[-124.062947,43.887419],[-124.063738,43.887456],[-124.063784,43.887352],[-124.063677,43.887239],[-124.063448,43.886935],[-124.063363,43.886951],[-124.063035,43.887013],[-124.062947,43.887419]]]}},{"type":"Feature","properties":{"MAPTAXLOT":"1911303300800","MAPNUMBER":"19113033","TAXLOT":"800","ACCTNO":"0855849","MAPACRES":1.08534686},"geometry":{"type":"Polygon","coordinates":[[[-124.062606,43.887794],[-124.062848,43.887922],[-124.063397,43.88782],[-124.063612,43.887741],[-124.063738,43.887456],[-124.062947,43.887419],[-124.06245,43.887396],[-124.062415,43.887557],[-124.062606,43.887794]]]}},{"type":"Feature","properties":{"MAPTAXLOT":"1911303301100","MAPNUMBER":"19113033","TAXLOT":"1100","ACCTNO":"0855872","MAPACRES":0.13739911},"geometry":{"type":"Polygon","coordinates":[[[-124.062857,43.888495],[-124.062886,43.88863],[-124.063335,43.888573],[-124.063302,43.888438],[-124.062857,43.888495]]]}},{"type":"Feature","properties":{"MAPTAXLOT":"1911303301200","MAPNUMBER":"19113033","TAXLOT":"1200","ACCTNO":"0855880","MAPACRES":0.12036883},"geometry":{"type":"Polygon","coordinates":[[[-124.062886,43.88863],[-124.062915,43.888766],[-124.063359,43.888673],[-124.063335,43.888573],[-124.062886,43.88863]]]}},{"type":"Feature","properties":{"MAPTAXLOT":"1911303301300","MAPNUMBER":"19113033","TAXLOT":"1300","ACCTNO":"0855898","MAPACRES":0.34425978},"geometry":{"type":"Polygon","coordinates":[[[-124.062915,43.888766],[-124.06298,43.889066],[-124.063533,43.888934],[-124.063483,43.888831],[-124.063359,43.888673],[-124.062915,43.888766]]]}},{"type":"Feature","properties":{"MAPTAXLOT":"1911303301400","MAPNUMBER":"19113033","TAXLOT":"1400","ACCTNO":"0855906","MAPACRES":0.47350839},"geometry":{"type":"Polygon","coordinates":[[[-124.063282,43.889425],[-124.063283,43.889426],[-124.063722,43.889322],[-124.063533,43.888934],[-124.06298,43.889066],[-124.06298,43.889068],[-124.063282,43.889425]]]}},{"type":"Feature","properties":{"MAPTAXLOT":"1911303301500","MAPNUMBER":"19113033","TAXLOT":"1500","ACCTNO":"0855914","MAPACRES":0.41917877},"geometry":{"type":"Polygon","coordinates":[[[-124.063568,43.889763],[-124.063843,43.889874],[-124.063934,43.889757],[-124.063722,43.889322],[-124.063283,43.889426],[-124.063568,43.889763]]]}},{"type":"Feature","properties":{"MAPTAXLOT":"1911303301600","MAPNUMBER":"19113033","TAXLOT":"1600","ACCTNO":"0855922","MAPACRES":1.64406779},"geometry":{"type":"Polygon","coordinates":[[[-124.063462,43.886742],[-124.063582,43.886897],[-124.064511,43.886661],[-124.064588,43.885836],[-124.064498,43.885835],[-124.064085,43.885838],[-124.063829,43.885994],[-124.063774,43.886459],[-124.063462,43.886742]]]}},{"type":"Feature","properties":{"MAPTAXLOT":"1911303301800","MAPNUMBER":"19113033","TAXLOT":"1800","ACCTNO":"0855948","MAPACRES":22.58332195},"geometry":{"type":"Polygon","coordinates":[[[-124.060955,43.88947],[-124.063099,43.889472],[-124.062799,43.889117],[-124.06256,43.888009],[-124.062217,43.887584],[-124.06226,43.887387],[-124.06245,43.887396],[-124.062947,43.887419],[-124.063035,43.887013],[-124.063363,43.886951],[-124.063189,43.886725],[-124.063554,43.886395],[-124.06361,43.885912],[-124.063732,43.885838],[-124.060156,43.885832],[-124.06008,43.88947],[-124.060955,43.88947]]]}},{"type":"Feature","properties":{"MAPTAXLOT":"1911303301900","MAPNUMBER":"19113033","TAXLOT":"1900","ACCTNO":"0855955","MAPACRES":1.19025198},"geometry":{"type":"Polygon","coordinates":[[[-124.06279,43.888185],[-124.062857,43.888495],[-124.063302,43.888438],[-124.063473,43.888331],[-124.063725,43.888099],[-124.063858,43.887798],[-124.063612,43.887741],[-124.063397,43.88782],[-124.062848,43.887922],[-124.062606,43.887794],[-124.062742,43.887962],[-124.06279,43.888185]]]}},{"type":"Feature","properties":{"MAPTAXLOT":"1911310000077","MAPNUMBER":"19113100","TAXLOT":"77","ACCTNO":"000None","MAPACRES":8.31122918},"geometry":{"type":"MultiPolygon","coordinates":[[[[-124.062859,43.880672],[-124.062846,43.880686],[-124.062833,43.880701],[-124.062821,43.880718],[-124.06281,43.880735],[-124.062803,43.88075],[-124.062795,43.880764],[-124.062786,43.880784],[-124.062781,43.880801],[-124.062776,43.880817],[-124.062772,43.880837],[-124.06277,43.880857],[-124.06277,43.88087],[-124.06277,43.880872],[-124.06277,43.880888],[-124.062771,43.880906],[-124.062774,43.880929],[-124.062777,43.880941],[-124.062781,43.880957],[-124.062787,43.880977],[-124.062795,43.880994],[-124.062802,43.881009],[-124.06281,43.881023],[-124.062819,43.88104],[-124.062831,43.881057],[-124.062843,43.881073],[-124.062855,43.881086],[-124.062867,43.8811],[-124.062881,43.881115],[-124.062898,43.881129],[-124.062914,43.881141],[-124.062929,43.881153],[-124.062946,43.881165],[-124.062964,43.881177],[-124.062984,43.881188],[-124.063003,43.881198],[-124.063023,43.881208],[-124.063044,43.881217],[-124.063065,43.881225],[-124.063079,43.88123],[-124.063091,43.881235],[-124.063109,43.881243],[-124.063125,43.88125],[-124.06314,43.881256],[-124.063156,43.881263],[-124.063174,43.881271],[-124.063189,43.881277],[-124.063205,43.881285],[-124.063223,43.881292],[-124.063239,43.881299],[-124.063255,43.881306],[-124.06327,43.881312],[-124.063288,43.88132],[-124.063304,43.881327],[-124.06332,43.881334],[-124.063336,43.881341],[-124.063353,43.881348],[-124.063368,43.881355],[-124.063384,43.881362],[-124.063402,43.881369],[-124.063418,43.881376],[-124.063434,43.881383],[-124.06345,43.88139],[-124.063467,43.881397],[-124.063485,43.881405],[-124.063507,43.881414],[-124.063529,43.881421],[-124.063541,43.881425],[-124.063552,43.881429],[-124.063564,43.881435],[-124.063576,43.88144],[-124.063585,43.881445],[-124.063596,43.881452],[-124.063607,43.881459],[-124.063615,43.881465],[-124.063623,43.881471],[-124.063634,43.881481],[-124.063642,43.881488],[-124.063649,43.881496],[-124.063659,43.881508],[-124.063669,43.88152],[-124.063678,43.881529],[-124.063684,43.881537],[-124.063686,43.881541],[-124.063688,43.881545],[-124.063692,43.881555],[-124.063694,43.881562],[-124.063694,43.881568],[-124.063694,43.881573],[-124.063694,43.881579],[-124.063691,43.881586],[-124.063689,43.881594],[-124.063686,43.881599],[-124.063682,43.881606],[-124.063677,43.881611],[-124.063673,43.881616],[-124.063666,43.881622],[-124.063655,43.88163],[-124.063629,43.881649],[-124.063613,43.881663],[-124.063599,43.881674],[-124.063587,43.881685],[-124.063574,43.881696],[-124.063562,43.881707],[-124.063551,43.881717],[-124.063538,43.881728],[-124.063526,43.881738],[-124.063514,43.881748],[-124.063503,43.881759],[-124.063489,43.88177],[-124.063477,43.881781],[-124.063465,43.881791],[-124.06345,43.881805],[-124.063438,43.881817],[-124.063425,43.88183],[-124.063413,43.881843],[-124.063402,43.881855],[-124.063391,43.881869],[-124.063379,43.881882],[-124.06337,43.881895],[-124.063359,43.881909],[-124.063348,43.881925],[-124.063341,43.881938],[-124.063332,43.881951],[-124.063323,43.881966],[-124.063315,43.881982],[-124.063308,43.881997],[-124.063302,43.88201],[-124.063295,43.882025],[-124.063289,43.882041],[-124.063284,43.882054],[-124.063279,43.88207],[-124.063275,43.882083],[-124.063271,43.882094],[-124.063265,43.882109],[-124.063261,43.882122],[-124.063256,43.882136],[-124.063252,43.88215],[-124.063247,43.882162],[-124.063243,43.882176],[-124.063239,43.882187],[-124.063234,43.8822],[-124.063231,43.88221],[-124.063229,43.882214],[-124.063223,43.882229],[-124.063218,43.882247],[-124.063214,43.882266],[-124.063213,43.882286],[-124.063212,43.882304],[-124.063213,43.882324],[-124.063218,43.882346],[-124.063225,43.882366],[-124.063233,43.882384],[-124.063243,43.882402],[-124.063253,43.882418],[-124.063264,43.882434],[-124.063278,43.882449],[-124.063291,43.882464],[-124.063307,43.882479],[-124.063324,43.882493],[-124.063339,43.882505],[-124.063356,43.882518],[-124.063377,43.882531],[-124.063395,43.882541],[-124.063416,43.882552],[-124.063436,43.882561],[-124.063459,43.88257],[-124.063481,43.882578],[-124.063499,43.882584],[-124.063518,43.88259],[-124.063531,43.882594],[-124.063541,43.882598],[-124.063558,43.882605],[-124.063575,43.882612],[-124.063592,43.882619],[-124.063608,43.882625],[-124.063625,43.882632],[-124.063641,43.882638],[-124.063658,43.882645],[-124.063674,43.882652],[-124.063691,43.882659],[-124.063707,43.882665],[-124.063724,43.882672],[-124.06374,43.882679],[-124.063757,43.882685],[-124.063773,43.882692],[-124.063789,43.882698],[-124.063803,43.882704],[-124.063819,43.882712],[-124.063836,43.882719],[-124.063849,43.882725],[-124.063864,43.882732],[-124.063879,43.882739],[-124.063894,43.882746],[-124.063909,43.882753],[-124.063924,43.882761],[-124.063939,43.882769],[-124.063953,43.882776],[-124.063967,43.882784],[-124.063982,43.882792],[-124.063995,43.882799],[-124.06401,43.882807],[-124.064025,43.882816],[-124.064041,43.882825],[-124.064052,43.882831],[-124.064069,43.882842],[-124.064089,43.882852],[-124.064101,43.882859],[-124.064114,43.882866],[-124.064128,43.882874],[-124.06414,43.882881],[-124.064152,43.882889],[-124.064165,43.882898],[-124.064176,43.882906],[-124.064189,43.882915],[-124.064201,43.882924],[-124.06421,43.882931],[-124.064223,43.882942],[-124.064238,43.882953],[-124.064248,43.882961],[-124.064258,43.88297],[-124.064268,43.882979],[-124.064277,43.882988],[-124.064287,43.882998],[-124.064295,43.883006],[-124.064301,43.883015],[-124.064311,43.883026],[-124.064318,43.883036],[-124.064325,43.883046],[-124.064332,43.883057],[-124.064336,43.883063],[-124.06434,43.883074],[-124.064347,43.883088],[-124.064352,43.883098],[-124.064356,43.883109],[-124.06436,43.883121],[-124.064364,43.883132],[-124.064367,43.883143],[-124.064371,43.883157],[-124.064374,43.883169],[-124.064376,43.883177],[-124.064377,43.883191],[-124.06438,43.883206],[-124.064382,43.883215],[-124.064382,43.883226],[-124.064383,43.883238],[-124.064383,43.883251],[-124.064383,43.883263],[-124.064383,43.883273],[-124.064381,43.883289],[-124.064381,43.883303],[-124.064381,43.883314],[-124.064379,43.883328],[-124.064378,43.883343],[-124.064378,43.883357],[-124.064377,43.883369],[-124.064376,43.883383],[-124.064375,43.883399],[-124.064375,43.883412],[-124.064374,43.883424],[-124.064373,43.883437],[-124.064371,43.883453],[-124.064371,43.883467],[-124.06437,43.883479],[-124.064369,43.883492],[-124.064368,43.883508],[-124.064368,43.883522],[-124.064367,43.883533],[-124.064366,43.883547],[-124.064365,43.883562],[-124.064364,43.883576],[-124.064363,43.883588],[-124.064362,43.883602],[-124.064361,43.883618],[-124.064361,43.883632],[-124.06436,43.883643],[-124.064359,43.883657],[-124.064358,43.883672],[-124.064357,43.883686],[-124.064357,43.883698],[-124.064355,43.883714],[-124.064355,43.883729],[-124.064355,43.883741],[-124.064354,43.883755],[-124.064354,43.883769],[-124.064353,43.883782],[-124.064353,43.883795],[-124.064351,43.88381],[-124.064351,43.883824],[-124.06435,43.883837],[-124.06435,43.88385],[-124.064349,43.883865],[-124.064349,43.883883],[-124.06435,43.883896],[-124.064349,43.883909],[-124.06435,43.883924],[-124.06435,43.883938],[-124.064351,43.88395],[-124.064351,43.883964],[-124.064352,43.883979],[-124.064352,43.88399],[-124.064351,43.884005],[-124.064352,43.88402],[-124.064352,43.884034],[-124.064353,43.884047],[-124.064353,43.88406],[-124.064354,43.884075],[-124.064354,43.884089],[-124.064354,43.884101],[-124.064354,43.884114],[-124.064354,43.88413],[-124.064355,43.884143],[-124.064355,43.884156],[-124.064355,43.884171],[-124.064356,43.884184],[-124.064356,43.884197],[-124.064356,43.884211],[-124.064357,43.884226],[-124.064357,43.884237],[-124.064356,43.884252],[-124.064357,43.884267],[-124.064357,43.88428],[-124.064358,43.884293],[-124.064358,43.884307],[-124.064359,43.884322],[-124.064359,43.884335],[-124.06436,43.884348],[-124.064359,43.88436],[-124.064359,43.884377],[-124.06436,43.884389],[-124.06436,43.884403],[-124.064361,43.884418],[-124.064361,43.884431],[-124.064361,43.884444],[-124.064361,43.884458],[-124.064362,43.884473],[-124.064362,43.884484],[-124.064362,43.884499],[-124.064362,43.884514],[-124.064363,43.884528],[-124.064363,43.88454],[-124.064363,43.884554],[-124.064364,43.884569],[-124.064364,43.884582],[-124.064365,43.884595],[-124.064364,43.884607],[-124.064364,43.884623],[-124.064365,43.884636],[-124.064365,43.884653],[-124.064367,43.884669],[-124.064368,43.88468],[-124.064369,43.884695],[-124.06437,43.884709],[-124.064371,43.884723],[-124.064373,43.884737],[-124.064374,43.884748],[-124.064375,43.884764],[-124.064376,43.884777],[-124.064377,43.884792],[-124.064379,43.884806],[-124.06438,43.884818],[-124.064382,43.884835],[-124.064384,43.884848],[-124.064385,43.884862],[-124.064387,43.884874],[-124.064388,43.884887],[-124.064389,43.884903],[-124.064391,43.884917],[-124.064393,43.88493],[-124.064395,43.884942],[-124.064395,43.884955],[-124.064397,43.884971],[-124.064399,43.884985],[-124.064401,43.884996],[-124.064401,43.885007],[-124.064401,43.885016],[-124.0644,43.885029],[-124.0644,43.885043],[-124.064399,43.885055],[-124.064398,43.885069],[-124.064397,43.885082],[-124.064396,43.885096],[-124.064395,43.885108],[-124.064393,43.885122],[-124.064392,43.885135],[-124.06439,43.885147],[-124.064388,43.88516],[-124.064386,43.885174],[-124.064384,43.885186],[-124.064381,43.885199],[-124.064379,43.885212],[-124.064376,43.885224],[-124.064373,43.885238],[-124.064371,43.885249],[-124.064367,43.885263],[-124.064364,43.885276],[-124.064361,43.885287],[-124.064357,43.885299],[-124.064353,43.885312],[-124.064349,43.885325],[-124.064344,43.885337],[-124.064339,43.88535],[-124.064334,43.885363],[-124.064329,43.885376],[-124.064325,43.88539],[-124.06432,43.885403],[-124.064315,43.885416],[-124.06431,43.885429],[-124.064306,43.885441],[-124.064301,43.885451],[-124.064295,43.885465],[-124.06429,43.885476],[-124.064284,43.885487],[-124.064278,43.885499],[-124.064273,43.885508],[-124.063732,43.885838],[-124.064085,43.885838],[-124.064462,43.885608],[-124.064468,43.885599],[-124.064476,43.885584],[-124.064483,43.885571],[-124.06449,43.885559],[-124.064497,43.885545],[-124.064505,43.88553],[-124.064511,43.885516],[-124.064517,43.885502],[-124.064524,43.885487],[-124.064527,43.885478],[-124.06453,43.885472],[-124.064534,43.885462],[-124.064602,43.88475],[-124.064601,43.884741],[-124.0646,43.884725],[-124.0646,43.884723],[-124.0646,43.884721],[-124.064609,43.88331],[-124.064609,43.883307],[-124.064609,43.883294],[-124.06461,43.883282],[-124.064611,43.883265],[-124.06461,43.883249],[-124.064611,43.883244],[-124.064611,43.883236],[-124.06461,43.883219],[-124.064609,43.883214],[-124.064609,43.883203],[-124.064606,43.883185],[-124.064604,43.883173],[-124.064602,43.883159],[-124.064598,43.883141],[-124.064594,43.883125],[-124.064591,43.883112],[-124.064586,43.883096],[-124.064581,43.883081],[-124.064576,43.883066],[-124.06457,43.883051],[-124.064563,43.883035],[-124.064557,43.883023],[-124.06455,43.883007],[-124.064539,43.882988],[-124.06453,43.882974],[-124.06452,43.88296],[-124.064509,43.882946],[-124.064499,43.882934],[-124.064488,43.882918],[-124.064473,43.882903],[-124.064461,43.882891],[-124.064448,43.882878],[-124.064434,43.882866],[-124.06442,43.882854],[-124.064404,43.882841],[-124.064393,43.882832],[-124.064381,43.882823],[-124.064365,43.88281],[-124.06435,43.882799],[-124.064336,43.882789],[-124.06432,43.882778],[-124.064306,43.882768],[-124.06429,43.882758],[-124.064272,43.882747],[-124.064256,43.882738],[-124.06424,43.882728],[-124.064221,43.882718],[-124.06421,43.882713],[-124.064199,43.882705],[-124.06418,43.882695],[-124.064165,43.882686],[-124.064151,43.882678],[-124.064136,43.88267],[-124.06412,43.88266],[-124.064103,43.882652],[-124.064088,43.882643],[-124.06407,43.882634],[-124.064054,43.882626],[-124.064038,43.882618],[-124.064022,43.88261],[-124.064005,43.882602],[-124.063989,43.882594],[-124.063972,43.882586],[-124.063953,43.882578],[-124.063936,43.882571],[-124.063921,43.882564],[-124.063902,43.882556],[-124.063885,43.882548],[-124.063868,43.882542],[-124.063852,43.882535],[-124.063835,43.882528],[-124.063818,43.882522],[-124.063802,43.882515],[-124.063785,43.882508],[-124.063769,43.882502],[-124.063752,43.882495],[-124.063736,43.882488],[-124.063719,43.882481],[-124.063702,43.882474],[-124.063686,43.882468],[-124.063671,43.882462],[-124.063652,43.882454],[-124.063631,43.882446],[-124.063609,43.882439],[-124.06359,43.882433],[-124.063577,43.882429],[-124.063564,43.882424],[-124.063553,43.88242],[-124.063542,43.882415],[-124.063532,43.882409],[-124.063521,43.882403],[-124.063512,43.882397],[-124.063504,43.882392],[-124.063492,43.882383],[-124.063484,43.882376],[-124.063478,43.88237],[-124.06347,43.882361],[-124.063463,43.882353],[-124.063458,43.882345],[-124.063451,43.882336],[-124.063447,43.882328],[-124.063444,43.882321],[-124.063441,43.882314],[-124.06344,43.882309],[-124.06344,43.882301],[-124.06344,43.882292],[-124.063441,43.882284],[-124.063442,43.882276],[-124.063445,43.882267],[-124.063449,43.882256],[-124.063454,43.882243],[-124.063459,43.88223],[-124.063464,43.882215],[-124.063467,43.882208],[-124.063469,43.882202],[-124.063474,43.882187],[-124.063478,43.882174],[-124.063482,43.882162],[-124.063486,43.882148],[-124.063491,43.882136],[-124.063496,43.882121],[-124.0635,43.882107],[-124.063504,43.882097],[-124.063509,43.882083],[-124.063513,43.882073],[-124.063518,43.882061],[-124.063524,43.882048],[-124.063529,43.882038],[-124.063534,43.882028],[-124.06354,43.882018],[-124.063548,43.882006],[-124.063555,43.881994],[-124.063561,43.881985],[-124.063569,43.881975],[-124.063577,43.881964],[-124.063586,43.881953],[-124.063594,43.881943],[-124.063604,43.881933],[-124.063612,43.881923],[-124.063622,43.881914],[-124.063632,43.881904],[-124.06364,43.881896],[-124.063653,43.881885],[-124.063664,43.881875],[-124.063676,43.881865],[-124.063688,43.881855],[-124.063702,43.881843],[-124.063713,43.881833],[-124.063725,43.881823],[-124.063739,43.881811],[-124.063749,43.881801],[-124.063761,43.881791],[-124.063773,43.881781],[-124.063785,43.881771],[-124.063798,43.88176],[-124.063818,43.881745],[-124.063835,43.881732],[-124.063852,43.881717],[-124.06387,43.8817],[-124.063884,43.881682],[-124.063896,43.881663],[-124.063906,43.881643],[-124.063913,43.881624],[-124.063919,43.881605],[-124.063922,43.881583],[-124.063922,43.881561],[-124.06392,43.881539],[-124.063914,43.881519],[-124.063908,43.881502],[-124.063899,43.881481],[-124.063885,43.88146],[-124.063873,43.881444],[-124.063861,43.88143],[-124.063851,43.881419],[-124.063841,43.881408],[-124.063827,43.881392],[-124.063811,43.881378],[-124.063798,43.881366],[-124.063782,43.881352],[-124.063763,43.881339],[-124.063745,43.881327],[-124.063727,43.881316],[-124.063707,43.881305],[-124.063686,43.881295],[-124.063667,43.881287],[-124.063644,43.881278],[-124.063622,43.88127],[-124.063608,43.881266],[-124.063598,43.881262],[-124.063582,43.881255],[-124.063567,43.881249],[-124.063551,43.881242],[-124.063534,43.881235],[-124.063517,43.881227],[-124.063502,43.881221],[-124.063487,43.881214],[-124.063469,43.881206],[-124.063452,43.8812],[-124.063437,43.881193],[-124.06342,43.881185],[-124.063403,43.881178],[-124.063388,43.881172],[-124.063372,43.881165],[-124.063354,43.881157],[-124.063338,43.88115],[-124.063322,43.881143],[-124.063307,43.881137],[-124.063289,43.881129],[-124.063274,43.881122],[-124.063259,43.881116],[-124.063241,43.881108],[-124.063223,43.881101],[-124.063209,43.881094],[-124.063189,43.881086],[-124.063169,43.881078],[-124.063156,43.881074],[-124.063144,43.881068],[-124.063133,43.881063],[-124.063121,43.881057],[-124.063111,43.881051],[-124.063101,43.881045],[-124.063091,43.881037],[-124.06308,43.881029],[-124.06307,43.881021],[-124.063062,43.881015],[-124.063055,43.881007],[-124.063047,43.880998],[-124.063038,43.880988],[-124.063032,43.88098],[-124.063027,43.880972],[-124.063022,43.880964],[-124.063016,43.880952],[-124.063011,43.880941],[-124.063007,43.880933],[-124.063007,43.880932],[-124.063004,43.880925],[-124.063002,43.880914],[-124.062998,43.880899],[-124.062997,43.880886],[-124.062998,43.880874],[-124.062998,43.880862],[-124.062998,43.880855],[-124.063,43.880847],[-124.063003,43.880836],[-124.063006,43.880827],[-124.063009,43.88082],[-124.063015,43.880809],[-124.063021,43.880798],[-124.063026,43.88079],[-124.063031,43.880783],[-124.063038,43.880775],[-124.063046,43.880765],[-124.063055,43.880756],[-124.063062,43.88075],[-124.063072,43.880742],[-124.063082,43.880734],[-124.063095,43.880725],[-124.063107,43.880716],[-124.063119,43.880708],[-124.063128,43.880702],[-124.06314,43.880696],[-124.063152,43.880689],[-124.063164,43.880683],[-124.063176,43.880677],[-124.063188,43.880672],[-124.063201,43.880667],[-124.063215,43.880663],[-124.063229,43.880658],[-124.063242,43.880655],[-124.063255,43.880651],[-124.063265,43.880649],[-124.063276,43.880648],[-124.063288,43.880646],[-124.063302,43.880645],[-124.063316,43.880645],[-124.063329,43.880645],[-124.063342,43.880646],[-124.063356,43.880647],[-124.063369,43.880648],[-124.063383,43.88065],[-124.063396,43.880653],[-124.063409,43.880655],[-124.063423,43.880659],[-124.063441,43.880664],[-124.06346,43.880669],[-124.063478,43.880674],[-124.063497,43.880678],[-124.063514,43.880682],[-124.063533,43.880687],[-124.063551,43.880691],[-124.063568,43.880696],[-124.063586,43.8807],[-124.063603,43.880705],[-124.063623,43.88071],[-124.06364,43.880714],[-124.063658,43.880719],[-124.063676,43.880723],[-124.063693,43.880727],[-124.063712,43.880732],[-124.06373,43.880737],[-124.063747,43.880741],[-124.063765,43.880745],[-124.063783,43.88075],[-124.063801,43.880754],[-124.063816,43.880759],[-124.063833,43.880763],[-124.063848,43.880768],[-124.063864,43.880773],[-124.06388,43.880778],[-124.063896,43.880783],[-124.063911,43.880788],[-124.063925,43.880793],[-124.063941,43.880799],[-124.063958,43.880806],[-124.063971,43.880811],[-124.063985,43.880817],[-124.064004,43.880825],[-124.064021,43.880832],[-124.064037,43.880839],[-124.064054,43.880846],[-124.06407,43.880852],[-124.064087,43.880859],[-124.064103,43.880866],[-124.06412,43.880873],[-124.064136,43.88088],[-124.064156,43.880888],[-124.064178,43.880895],[-124.064198,43.880902],[-124.064217,43.880907],[-124.064236,43.880913],[-124.064252,43.880918],[-124.064269,43.880923],[-124.064287,43.880929],[-124.064304,43.880934],[-124.064321,43.880939],[-124.064339,43.880945],[-124.064355,43.88095],[-124.064374,43.880956],[-124.064391,43.880961],[-124.064403,43.880964],[-124.064422,43.880969],[-124.064448,43.880976],[-124.064468,43.880981],[-124.064489,43.880985],[-124.064511,43.88099],[-124.064542,43.880995],[-124.064566,43.880999],[-124.064596,43.881004],[-124.064621,43.881006],[-124.064623,43.881007],[-124.064623,43.881005],[-124.064624,43.88084],[-124.064613,43.880838],[-124.064594,43.880835],[-124.06457,43.880831],[-124.064553,43.880827],[-124.064535,43.880823],[-124.064521,43.88082],[-124.064501,43.880815],[-124.064488,43.880812],[-124.064476,43.880808],[-124.06446,43.880803],[-124.064446,43.880799],[-124.064428,43.880793],[-124.064411,43.880788],[-124.064393,43.880782],[-124.064375,43.880777],[-124.064359,43.880772],[-124.064341,43.880766],[-124.064322,43.880761],[-124.064304,43.880755],[-124.064288,43.88075],[-124.064274,43.880746],[-124.064262,43.880742],[-124.064249,43.880736],[-124.064232,43.880729],[-124.064216,43.880723],[-124.064199,43.880716],[-124.064183,43.880709],[-124.064166,43.880702],[-124.064149,43.880696],[-124.064133,43.880689],[-124.064117,43.880682],[-124.064103,43.880676],[-124.064086,43.880669],[-124.064065,43.88066],[-124.064047,43.880654],[-124.064031,43.880647],[-124.064011,43.88064],[-124.063991,43.880633],[-124.063972,43.880627],[-124.063954,43.880621],[-124.063935,43.880616],[-124.063916,43.88061],[-124.063896,43.880604],[-124.063877,43.880599],[-124.063857,43.880595],[-124.063841,43.88059],[-124.063822,43.880586],[-124.063805,43.880581],[-124.063785,43.880576],[-124.063768,43.880572],[-124.063751,43.880567],[-124.063732,43.880563],[-124.063715,43.880559],[-124.063696,43.880554],[-124.063678,43.88055],[-124.063661,43.880545],[-124.063643,43.880541],[-124.063625,43.880536],[-124.063606,43.880531],[-124.063589,43.880527],[-124.063571,43.880522],[-124.063553,43.880518],[-124.063536,43.880514],[-124.063519,43.880509],[-124.063502,43.880505],[-124.06348,43.880499],[-124.063457,43.880494],[-124.063433,43.88049],[-124.06341,43.880486],[-124.063385,43.880483],[-124.063361,43.880482],[-124.063336,43.880481],[-124.063312,43.88048],[-124.063288,43.880481],[-124.063263,43.880483],[-124.063239,43.880485],[-124.063212,43.880489],[-124.063185,43.880494],[-124.063163,43.8805],[-124.06314,43.880506],[-124.06312,43.880513],[-124.0631,43.88052],[-124.063079,43.880528],[-124.063058,43.880536],[-124.063038,43.880546],[-124.063019,43.880555],[-124.063002,43.880564],[-124.062982,43.880575],[-124.062964,43.880587],[-124.062948,43.880598],[-124.062934,43.880609],[-124.062919,43.880619],[-124.062903,43.880631],[-124.062887,43.880644],[-124.062872,43.880659],[-124.062859,43.880672]]],[[[-124.046805,43.87527],[-124.046835,43.875275],[-124.046882,43.875282],[-124.046932,43.875288],[-124.046974,43.875292],[-124.047023,43.875295],[-124.047058,43.875297],[-124.047128,43.875298],[-124.047168,43.875298],[-124.047229,43.875295],[-124.047277,43.875292],[-124.04732,43.875288],[-124.047364,43.875284],[-124.047407,43.875278],[-124.047444,43.875272],[-124.047475,43.875266],[-124.047512,43.875258],[-124.047544,43.875251],[-124.04758,43.875242],[-124.048076,43.875096],[-124.04813,43.87508],[-124.048174,43.875064],[-124.048251,43.875033],[-124.048329,43.874996],[-124.048383,43.874968],[-124.048457,43.874922],[-124.048487,43.874902],[-124.048542,43.874864],[-124.048593,43.874825],[-124.048629,43.874796],[-124.048664,43.874768],[-124.048707,43.874734],[-124.048748,43.874701],[-124.048774,43.87468],[-124.048807,43.874651],[-124.048854,43.874606],[-124.048891,43.874565],[-124.048918,43.874527],[-124.048943,43.874476],[-124.04897,43.874395],[-124.048976,43.874357],[-124.048981,43.874319],[-124.048985,43.874271],[-124.048985,43.874205],[-124.048981,43.874139],[-124.048979,43.874119],[-124.048972,43.874069],[-124.048964,43.874023],[-124.048957,43.87399],[-124.04894,43.873923],[-124.048915,43.873838],[-124.04891,43.873824],[-124.048906,43.873812],[-124.048901,43.873797],[-124.048896,43.873784],[-124.048891,43.87377],[-124.048885,43.873755],[-124.048879,43.873742],[-124.048873,43.873729],[-124.048868,43.873716],[-124.048862,43.873703],[-124.048857,43.87369],[-124.048851,43.873676],[-124.048846,43.873663],[-124.04884,43.87365],[-124.048835,43.873637],[-124.04883,43.873626],[-124.048826,43.873613],[-124.048819,43.873598],[-124.048814,43.873584],[-124.048808,43.873571],[-124.048803,43.873558],[-124.048797,43.873545],[-124.048792,43.873532],[-124.048786,43.873519],[-124.048781,43.873507],[-124.048777,43.873495],[-124.048771,43.873479],[-124.048765,43.873466],[-124.04876,43.873453],[-124.048754,43.87344],[-124.048749,43.873427],[-124.048743,43.873414],[-124.048738,43.8734],[-124.048733,43.873389],[-124.048728,43.873376],[-124.048722,43.873361],[-124.048716,43.873348],[-124.048711,43.873335],[-124.048705,43.873322],[-124.0487,43.873308],[-124.048694,43.873295],[-124.04869,43.873284],[-124.048685,43.87327],[-124.048679,43.873256],[-124.048673,43.873243],[-124.048668,43.873229],[-124.048662,43.873216],[-124.048657,43.873203],[-124.048651,43.87319],[-124.048646,43.873177],[-124.048639,43.87316],[-124.04863,43.873145],[-124.048624,43.873134],[-124.048618,43.873121],[-124.048611,43.873108],[-124.048605,43.873095],[-124.048599,43.873083],[-124.048592,43.87307],[-124.048586,43.873057],[-124.048579,43.873044],[-124.048572,43.87303],[-124.048565,43.873017],[-124.048559,43.873005],[-124.048553,43.872992],[-124.048546,43.872979],[-124.04854,43.872967],[-124.048533,43.872954],[-124.048527,43.872941],[-124.04852,43.872928],[-124.048514,43.872915],[-124.048507,43.872902],[-124.048503,43.872893],[-124.0485,43.872884],[-124.048496,43.872872],[-124.048493,43.872861],[-124.04849,43.87285],[-124.048488,43.872839],[-124.048485,43.872827],[-124.048484,43.872815],[-124.048482,43.872802],[-124.04848,43.87279],[-124.04848,43.872778],[-124.048479,43.872767],[-124.048479,43.872755],[-124.048479,43.872741],[-124.04848,43.87273],[-124.048481,43.872718],[-124.048482,43.872706],[-124.048483,43.872695],[-124.048486,43.87268],[-124.048487,43.872661],[-124.048487,43.872646],[-124.048487,43.87263],[-124.048487,43.872616],[-124.048486,43.872602],[-124.048486,43.872587],[-124.048485,43.872573],[-124.048484,43.872559],[-124.048483,43.872546],[-124.048482,43.87253],[-124.04848,43.872514],[-124.048479,43.872502],[-124.048478,43.872487],[-124.048474,43.872469],[-124.048472,43.872455],[-124.048469,43.872442],[-124.048466,43.872427],[-124.048462,43.872411],[-124.048458,43.872397],[-124.048455,43.872384],[-124.04845,43.872368],[-124.048446,43.872355],[-124.048442,43.872342],[-124.048437,43.872326],[-124.048434,43.872317],[-124.048431,43.872305],[-124.048427,43.87229],[-124.048424,43.872276],[-124.04842,43.872265],[-124.048418,43.872252],[-124.048414,43.872238],[-124.048411,43.872224],[-124.048407,43.872209],[-124.048404,43.872198],[-124.048402,43.872187],[-124.048401,43.872176],[-124.048399,43.872165],[-124.048399,43.872153],[-124.048398,43.872139],[-124.048397,43.872126],[-124.048396,43.872112],[-124.048396,43.8721],[-124.048395,43.872089],[-124.048396,43.872077],[-124.048397,43.872063],[-124.048397,43.872049],[-124.048398,43.872038],[-124.048399,43.872024],[-124.0484,43.872009],[-124.0484,43.871995],[-124.048402,43.871981],[-124.048402,43.871967],[-124.048402,43.871956],[-124.048404,43.87194],[-124.048404,43.871927],[-124.048405,43.871912],[-124.048405,43.871898],[-124.048406,43.871886],[-124.048406,43.871872],[-124.048407,43.87186],[-124.048409,43.871843],[-124.048409,43.87183],[-124.04841,43.871817],[-124.04841,43.871803],[-124.048411,43.871791],[-124.048412,43.871775],[-124.048412,43.871761],[-124.048413,43.871748],[-124.048414,43.871735],[-124.048415,43.871723],[-124.048416,43.871706],[-124.048416,43.871695],[-124.048418,43.871684],[-124.048419,43.871669],[-124.04842,43.87166],[-124.048423,43.871647],[-124.048425,43.871634],[-124.048428,43.871622],[-124.04843,43.87161],[-124.048433,43.871599],[-124.048438,43.871586],[-124.048441,43.871572],[-124.048445,43.871561],[-124.048449,43.871549],[-124.048454,43.871536],[-124.048458,43.871525],[-124.048464,43.871512],[-124.048469,43.8715],[-124.048473,43.87149],[-124.04848,43.871477],[-124.048481,43.871474],[-124.048481,43.871474],[-124.048241,43.871476],[-124.04824,43.871479],[-124.048234,43.871494],[-124.048229,43.871507],[-124.048224,43.871522],[-124.048219,43.871538],[-124.048215,43.871551],[-124.048211,43.871565],[-124.048207,43.871581],[-124.048203,43.871596],[-124.0482,43.871611],[-124.048198,43.871625],[-124.048194,43.871639],[-124.048192,43.871657],[-124.048191,43.87167],[-124.048188,43.871686],[-124.048188,43.871702],[-124.048187,43.871713],[-124.048186,43.871728],[-124.048186,43.871742],[-124.048185,43.871757],[-124.048185,43.87177],[-124.048184,43.871782],[-124.048183,43.871797],[-124.048182,43.871811],[-124.048181,43.871825],[-124.048181,43.871839],[-124.04818,43.87185],[-124.048179,43.871866],[-124.048179,43.871879],[-124.048178,43.871894],[-124.048178,43.871908],[-124.048177,43.87192],[-124.048176,43.871934],[-124.048175,43.871946],[-124.048174,43.871962],[-124.048174,43.871976],[-124.048173,43.871989],[-124.048173,43.872003],[-124.048172,43.872015],[-124.048171,43.872028],[-124.048169,43.872045],[-124.048169,43.872058],[-124.048168,43.872071],[-124.048168,43.872087],[-124.048168,43.872104],[-124.048169,43.872119],[-124.04817,43.872133],[-124.048171,43.872146],[-124.048171,43.87216],[-124.048172,43.872175],[-124.048174,43.872192],[-124.048176,43.872208],[-124.04818,43.872224],[-124.048184,43.87224],[-124.048187,43.872252],[-124.04819,43.872265],[-124.048193,43.872278],[-124.048196,43.872293],[-124.0482,43.872308],[-124.048204,43.872321],[-124.048207,43.872333],[-124.04821,43.872349],[-124.048216,43.872366],[-124.04822,43.872377],[-124.048223,43.87239],[-124.048228,43.872404],[-124.048231,43.872415],[-124.048235,43.872429],[-124.048238,43.872442],[-124.048241,43.872453],[-124.048244,43.872465],[-124.048246,43.872479],[-124.048249,43.872492],[-124.048251,43.872502],[-124.048252,43.872514],[-124.048254,43.872529],[-124.048255,43.87254],[-124.048256,43.872553],[-124.048257,43.872566],[-124.048257,43.87258],[-124.048258,43.872594],[-124.048259,43.872606],[-124.048259,43.872619],[-124.04826,43.872632],[-124.048259,43.872644],[-124.048259,43.872656],[-124.048259,43.872665],[-124.048257,43.872677],[-124.048255,43.872693],[-124.048253,43.872709],[-124.048252,43.872724],[-124.048252,43.87274],[-124.048252,43.872754],[-124.048251,43.872769],[-124.048252,43.872785],[-124.048253,43.872802],[-124.048256,43.872817],[-124.048257,43.872831],[-124.048259,43.872847],[-124.048262,43.872862],[-124.048265,43.872877],[-124.048269,43.872893],[-124.048274,43.872909],[-124.048279,43.872924],[-124.048285,43.872941],[-124.048294,43.872958],[-124.0483,43.872971],[-124.048306,43.872984],[-124.048313,43.872997],[-124.048319,43.87301],[-124.048326,43.873023],[-124.048332,43.873036],[-124.048339,43.873048],[-124.048345,43.873061],[-124.048352,43.873076],[-124.04836,43.873089],[-124.048365,43.8731],[-124.048372,43.873113],[-124.048378,43.873126],[-124.048385,43.873139],[-124.048391,43.873152],[-124.048398,43.873164],[-124.048404,43.873177],[-124.04841,43.87319],[-124.048418,43.873205],[-124.048424,43.873216],[-124.048428,43.873225],[-124.048434,43.873238],[-124.048439,43.873251],[-124.048445,43.873264],[-124.04845,43.873277],[-124.048456,43.87329],[-124.048461,43.873304],[-124.048466,43.873315],[-124.04847,43.873327],[-124.048477,43.873343],[-124.048482,43.873356],[-124.048488,43.873369],[-124.048493,43.873382],[-124.048499,43.873396],[-124.048504,43.873409],[-124.048509,43.873419],[-124.048514,43.873434],[-124.04852,43.873448],[-124.048525,43.873461],[-124.048531,43.873474],[-124.048536,43.873488],[-124.048542,43.873501],[-124.048547,43.873514],[-124.048553,43.873527],[-124.048557,43.873538],[-124.048562,43.873552],[-124.048569,43.873566],[-124.048574,43.87358],[-124.04858,43.873593],[-124.048585,43.873606],[-124.048591,43.873619],[-124.048596,43.873632],[-124.048602,43.873645],[-124.048606,43.873656],[-124.048611,43.87367],[-124.048617,43.873685],[-124.048623,43.873698],[-124.048628,43.873711],[-124.048634,43.873724],[-124.048639,43.873737],[-124.048645,43.873751],[-124.04865,43.873764],[-124.048656,43.873777],[-124.048661,43.87379],[-124.048667,43.873803],[-124.048672,43.873815],[-124.048676,43.873827],[-124.048681,43.87384],[-124.048685,43.873852],[-124.048693,43.873871],[-124.048716,43.873955],[-124.048733,43.874018],[-124.048739,43.874045],[-124.048746,43.874087],[-124.048752,43.874134],[-124.048754,43.874149],[-124.048757,43.874208],[-124.048757,43.874267],[-124.048754,43.874308],[-124.04875,43.874339],[-124.048746,43.874366],[-124.048725,43.874428],[-124.048708,43.874461],[-124.048693,43.874482],[-124.048667,43.874511],[-124.048628,43.874549],[-124.048602,43.874572],[-124.048579,43.874591],[-124.048538,43.874624],[-124.048496,43.874658],[-124.048462,43.874685],[-124.048426,43.874713],[-124.04838,43.874748],[-124.048331,43.874782],[-124.048306,43.874799],[-124.048242,43.874838],[-124.048199,43.874861],[-124.048133,43.874892],[-124.048068,43.874918],[-124.048035,43.87493],[-124.047988,43.874945],[-124.047499,43.875088],[-124.047471,43.875095],[-124.047446,43.875101],[-124.047416,43.875107],[-124.047391,43.875112],[-124.047361,43.875116],[-124.047325,43.875121],[-124.047289,43.875125],[-124.047253,43.875128],[-124.047213,43.875131],[-124.04716,43.875133],[-124.04713,43.875133],[-124.047067,43.875132],[-124.047041,43.875131],[-124.046999,43.875128],[-124.046964,43.875125],[-124.046923,43.87512],[-124.046885,43.875114],[-124.04686,43.87511],[-124.046138,43.87498],[-124.046125,43.874978],[-124.046109,43.874975],[-124.046088,43.874971],[-124.046066,43.874968],[-124.046042,43.874964],[-124.046017,43.874961],[-124.045969,43.874955],[-124.045939,43.874952],[-124.045894,43.874948],[-124.045851,43.874945],[-124.045821,43.874944],[-124.045774,43.874943],[-124.045742,43.874942],[-124.045688,43.874944],[-124.045647,43.874946],[-124.045594,43.874949],[-124.045594,43.874949],[-124.045595,43.875115],[-124.045602,43.875115],[-124.045619,43.875113],[-124.045666,43.87511],[-124.045699,43.875108],[-124.045744,43.875107],[-124.04577,43.875107],[-124.04581,43.875108],[-124.045834,43.875109],[-124.045871,43.875112],[-124.045909,43.875115],[-124.045933,43.875118],[-124.045977,43.875123],[-124.045998,43.875126],[-124.046018,43.875129],[-124.046038,43.875132],[-124.046057,43.875135],[-124.046083,43.87514],[-124.046805,43.87527]]],[[[-124.045606,43.877214],[-124.045675,43.877366],[-124.045702,43.877428],[-124.045717,43.877469],[-124.045741,43.877538],[-124.04575,43.877563],[-124.045779,43.877648],[-124.045791,43.877684],[-124.045798,43.877705],[-124.045816,43.877764],[-124.045832,43.877824],[-124.045849,43.877901],[-124.045862,43.877978],[-124.04587,43.87806],[-124.045874,43.878138],[-124.045876,43.878196],[-124.045876,43.878258],[-124.045874,43.878358],[-124.04587,43.878442],[-124.045868,43.8785],[-124.045865,43.87854],[-124.04586,43.878587],[-124.045848,43.878652],[-124.045807,43.878812],[-124.045761,43.878997],[-124.045737,43.8791],[-124.04573,43.879135],[-124.045717,43.8792],[-124.045699,43.879299],[-124.045669,43.879456],[-124.045643,43.87958],[-124.045629,43.879641],[-124.045649,43.88081],[-124.04565,43.880803],[-124.045664,43.880726],[-124.04568,43.880627],[-124.045691,43.88054],[-124.045701,43.880456],[-124.045744,43.880184],[-124.045782,43.879988],[-124.045804,43.879885],[-124.045836,43.879745],[-124.045867,43.879606],[-124.045894,43.879479],[-124.045925,43.879321],[-124.045942,43.879223],[-124.045955,43.879159],[-124.045962,43.879125],[-124.045985,43.879026],[-124.046039,43.878809],[-124.046072,43.878678],[-124.046086,43.878604],[-124.046092,43.878551],[-124.046095,43.878506],[-124.046098,43.878446],[-124.046101,43.878361],[-124.046103,43.878259],[-124.046103,43.878194],[-124.046102,43.878133],[-124.046097,43.878051],[-124.046088,43.877962],[-124.046075,43.877878],[-124.046056,43.877795],[-124.046038,43.87773],[-124.046019,43.877668],[-124.046012,43.877647],[-124.046,43.877609],[-124.045971,43.877524],[-124.045962,43.877499],[-124.045937,43.877427],[-124.04592,43.877383],[-124.045892,43.877316],[-124.045795,43.877103],[-124.045767,43.877037],[-124.045745,43.876978],[-124.045723,43.876911],[-124.045702,43.876836],[-124.045686,43.876764],[-124.045673,43.876683],[-124.04566,43.876588],[-124.045651,43.876521],[-124.045646,43.876479],[-124.0456,43.876114],[-124.045606,43.877214]]]]}},{"type":"Feature","properties":{"MAPTAXLOT":"1911310000400","MAPNUMBER":"19113100","TAXLOT":"400","ACCTNO":"0855997","MAPACRES":39.82371483},"geometry":{"type":"Polygon","coordinates":[[[-124.055176,43.882281],[-124.060203,43.882237],[-124.060221,43.880893],[-124.060251,43.878617],[-124.055273,43.878684],[-124.055176,43.882281]]]}},{"type":"Feature","properties":{"MAPTAXLOT":"1911310000500","MAPNUMBER":"19113100","TAXLOT":"500","ACCTNO":"0856003","MAPACRES":22.70624801},"geometry":{"type":"MultiPolygon","coordinates":[[[[-124.063312,43.88048],[-124.063336,43.880481],[-124.063361,43.880482],[-124.063385,43.880483],[-124.06341,43.880486],[-124.063433,43.88049],[-124.063457,43.880494],[-124.06348,43.880499],[-124.063502,43.880505],[-124.063519,43.880509],[-124.063536,43.880514],[-124.063553,43.880518],[-124.063571,43.880522],[-124.063589,43.880527],[-124.063606,43.880531],[-124.063625,43.880536],[-124.063643,43.880541],[-124.063661,43.880545],[-124.063678,43.88055],[-124.063696,43.880554],[-124.063715,43.880559],[-124.063732,43.880563],[-124.063751,43.880567],[-124.063768,43.880572],[-124.063785,43.880576],[-124.063805,43.880581],[-124.063822,43.880586],[-124.063841,43.88059],[-124.063857,43.880595],[-124.063877,43.880599],[-124.063896,43.880604],[-124.063916,43.88061],[-124.063935,43.880616],[-124.063954,43.880621],[-124.063972,43.880627],[-124.063991,43.880633],[-124.064011,43.88064],[-124.064031,43.880647],[-124.064047,43.880654],[-124.064065,43.88066],[-124.064086,43.880669],[-124.064103,43.880676],[-124.064117,43.880682],[-124.064133,43.880689],[-124.064149,43.880696],[-124.064166,43.880702],[-124.064183,43.880709],[-124.064199,43.880716],[-124.064216,43.880723],[-124.064232,43.880729],[-124.064249,43.880736],[-124.064262,43.880742],[-124.064274,43.880746],[-124.064288,43.88075],[-124.064304,43.880755],[-124.064322,43.880761],[-124.064341,43.880766],[-124.064359,43.880772],[-124.064375,43.880777],[-124.064393,43.880782],[-124.064411,43.880788],[-124.064428,43.880793],[-124.064446,43.880799],[-124.06446,43.880803],[-124.064476,43.880808],[-124.064488,43.880812],[-124.064501,43.880815],[-124.064521,43.88082],[-124.064535,43.880823],[-124.064553,43.880827],[-124.06457,43.880831],[-124.064594,43.880835],[-124.064613,43.880838],[-124.064624,43.88084],[-124.064624,43.880838],[-124.064638,43.878557],[-124.060251,43.878617],[-124.060221,43.880893],[-124.06277,43.88087],[-124.06277,43.880857],[-124.062772,43.880837],[-124.062776,43.880817],[-124.062781,43.880801],[-124.062786,43.880784],[-124.062795,43.880764],[-124.062803,43.88075],[-124.06281,43.880735],[-124.062821,43.880718],[-124.062833,43.880701],[-124.062846,43.880686],[-124.062859,43.880672],[-124.062872,43.880659],[-124.062887,43.880644],[-124.062903,43.880631],[-124.062919,43.880619],[-124.062934,43.880609],[-124.062948,43.880598],[-124.062964,43.880587],[-124.062982,43.880575],[-124.063002,43.880564],[-124.063019,43.880555],[-124.063038,43.880546],[-124.063058,43.880536],[-124.063079,43.880528],[-124.0631,43.88052],[-124.06312,43.880513],[-124.06314,43.880506],[-124.063163,43.8805],[-124.063185,43.880494],[-124.063212,43.880489],[-124.063239,43.880485],[-124.063263,43.880483],[-124.063288,43.880481],[-124.063312,43.88048]]],[[[-124.063302,43.880645],[-124.063288,43.880646],[-124.063276,43.880648],[-124.063265,43.880649],[-124.063255,43.880651],[-124.063242,43.880655],[-124.063229,43.880658],[-124.063215,43.880663],[-124.063201,43.880667],[-124.063188,43.880672],[-124.063176,43.880677],[-124.063164,43.880683],[-124.063152,43.880689],[-124.06314,43.880696],[-124.063128,43.880702],[-124.063119,43.880708],[-124.063107,43.880716],[-124.063095,43.880725],[-124.063082,43.880734],[-124.063072,43.880742],[-124.063062,43.88075],[-124.063055,43.880756],[-124.063046,43.880765],[-124.063038,43.880775],[-124.063031,43.880783],[-124.063026,43.88079],[-124.063021,43.880798],[-124.063015,43.880809],[-124.063009,43.88082],[-124.063006,43.880827],[-124.063003,43.880836],[-124.063,43.880847],[-124.062998,43.880855],[-124.062998,43.880862],[-124.062998,43.880874],[-124.062997,43.880886],[-124.062998,43.880899],[-124.063002,43.880914],[-124.063004,43.880925],[-124.063007,43.880932],[-124.063007,43.880933],[-124.06462,43.881509],[-124.06462,43.881508],[-124.064623,43.881007],[-124.064621,43.881006],[-124.064596,43.881004],[-124.064566,43.880999],[-124.064542,43.880995],[-124.064511,43.88099],[-124.064489,43.880985],[-124.064468,43.880981],[-124.064448,43.880976],[-124.064422,43.880969],[-124.064403,43.880964],[-124.064391,43.880961],[-124.064374,43.880956],[-124.064355,43.88095],[-124.064339,43.880945],[-124.064321,43.880939],[-124.064304,43.880934],[-124.064287,43.880929],[-124.064269,43.880923],[-124.064252,43.880918],[-124.064236,43.880913],[-124.064217,43.880907],[-124.064198,43.880902],[-124.064178,43.880895],[-124.064156,43.880888],[-124.064136,43.88088],[-124.06412,43.880873],[-124.064103,43.880866],[-124.064087,43.880859],[-124.06407,43.880852],[-124.064054,43.880846],[-124.064037,43.880839],[-124.064021,43.880832],[-124.064004,43.880825],[-124.063985,43.880817],[-124.063971,43.880811],[-124.063958,43.880806],[-124.063941,43.880799],[-124.063925,43.880793],[-124.063911,43.880788],[-124.063896,43.880783],[-124.06388,43.880778],[-124.063864,43.880773],[-124.063848,43.880768],[-124.063833,43.880763],[-124.063816,43.880759],[-124.063801,43.880754],[-124.063783,43.88075],[-124.063765,43.880745],[-124.063747,43.880741],[-124.06373,43.880737],[-124.063712,43.880732],[-124.063693,43.880727],[-124.063676,43.880723],[-124.063658,43.880719],[-124.06364,43.880714],[-124.063623,43.88071],[-124.063603,43.880705],[-124.063586,43.8807],[-124.063568,43.880696],[-124.063551,43.880691],[-124.063533,43.880687],[-124.063514,43.880682],[-124.063497,43.880678],[-124.063478,43.880674],[-124.06346,43.880669],[-124.063441,43.880664],[-124.063423,43.880659],[-124.063409,43.880655],[-124.063396,43.880653],[-124.063383,43.88065],[-124.063369,43.880648],[-124.063356,43.880647],[-124.063342,43.880646],[-124.063329,43.880645],[-124.063316,43.880645],[-124.063302,43.880645]]]]}},{"type":"Feature","properties":{"MAPTAXLOT":"1911310000501","MAPNUMBER":"19113100","TAXLOT":"501","ACCTNO":"1233467","MAPACRES":12.08286655},"geometry":{"type":"MultiPolygon","coordinates":[[[[-124.060203,43.882237],[-124.063231,43.88221],[-124.063234,43.8822],[-124.063239,43.882187],[-124.063243,43.882176],[-124.063247,43.882162],[-124.063252,43.88215],[-124.063256,43.882136],[-124.063261,43.882122],[-124.063265,43.882109],[-124.063271,43.882094],[-124.063275,43.882083],[-124.063279,43.88207],[-124.063284,43.882054],[-124.063289,43.882041],[-124.063295,43.882025],[-124.063302,43.88201],[-124.063308,43.881997],[-124.063315,43.881982],[-124.063323,43.881966],[-124.063332,43.881951],[-124.063341,43.881938],[-124.063348,43.881925],[-124.063359,43.881909],[-124.06337,43.881895],[-124.063379,43.881882],[-124.063391,43.881869],[-124.063402,43.881855],[-124.063413,43.881843],[-124.063425,43.88183],[-124.063438,43.881817],[-124.06345,43.881805],[-124.063465,43.881791],[-124.063477,43.881781],[-124.063489,43.88177],[-124.063503,43.881759],[-124.063514,43.881748],[-124.063526,43.881738],[-124.063538,43.881728],[-124.063551,43.881717],[-124.063562,43.881707],[-124.063574,43.881696],[-124.063587,43.881685],[-124.063599,43.881674],[-124.063613,43.881663],[-124.063629,43.881649],[-124.063655,43.88163],[-124.063666,43.881622],[-124.063673,43.881616],[-124.063677,43.881611],[-124.063682,43.881606],[-124.063686,43.881599],[-124.063689,43.881594],[-124.063691,43.881586],[-124.063694,43.881579],[-124.063694,43.881573],[-124.063694,43.881568],[-124.063694,43.881562],[-124.063692,43.881555],[-124.063688,43.881545],[-124.063686,43.881541],[-124.063684,43.881537],[-124.063678,43.881529],[-124.063669,43.88152],[-124.063659,43.881508],[-124.063649,43.881496],[-124.063642,43.881488],[-124.063634,43.881481],[-124.063623,43.881471],[-124.063615,43.881465],[-124.063607,43.881459],[-124.063596,43.881452],[-124.063585,43.881445],[-124.063576,43.88144],[-124.063564,43.881435],[-124.063552,43.881429],[-124.063541,43.881425],[-124.063529,43.881421],[-124.063507,43.881414],[-124.063485,43.881405],[-124.063467,43.881397],[-124.06345,43.88139],[-124.063434,43.881383],[-124.063418,43.881376],[-124.063402,43.881369],[-124.063384,43.881362],[-124.063368,43.881355],[-124.063353,43.881348],[-124.063336,43.881341],[-124.06332,43.881334],[-124.063304,43.881327],[-124.063288,43.88132],[-124.06327,43.881312],[-124.063255,43.881306],[-124.063239,43.881299],[-124.063223,43.881292],[-124.063205,43.881285],[-124.063189,43.881277],[-124.063174,43.881271],[-124.063156,43.881263],[-124.06314,43.881256],[-124.063125,43.88125],[-124.063109,43.881243],[-124.063091,43.881235],[-124.063079,43.88123],[-124.063065,43.881225],[-124.063044,43.881217],[-124.063023,43.881208],[-124.063003,43.881198],[-124.062984,43.881188],[-124.062964,43.881177],[-124.062946,43.881165],[-124.062929,43.881153],[-124.062914,43.881141],[-124.062898,43.881129],[-124.062881,43.881115],[-124.062867,43.8811],[-124.062855,43.881086],[-124.062843,43.881073],[-124.062831,43.881057],[-124.062819,43.88104],[-124.06281,43.881023],[-124.062802,43.881009],[-124.062795,43.880994],[-124.062787,43.880977],[-124.062781,43.880957],[-124.062777,43.880941],[-124.062774,43.880929],[-124.062771,43.880906],[-124.06277,43.880888],[-124.06277,43.880872],[-124.06277,43.88087],[-124.060221,43.880893],[-124.060203,43.882237]]],[[[-124.063011,43.880941],[-124.063016,43.880952],[-124.063022,43.880964],[-124.063027,43.880972],[-124.063032,43.88098],[-124.063038,43.880988],[-124.063047,43.880998],[-124.063055,43.881007],[-124.063062,43.881015],[-124.06307,43.881021],[-124.06308,43.881029],[-124.063091,43.881037],[-124.063101,43.881045],[-124.063111,43.881051],[-124.063121,43.881057],[-124.063133,43.881063],[-124.063144,43.881068],[-124.063156,43.881074],[-124.063169,43.881078],[-124.063189,43.881086],[-124.063209,43.881094],[-124.063223,43.881101],[-124.063241,43.881108],[-124.063259,43.881116],[-124.063274,43.881122],[-124.063289,43.881129],[-124.063307,43.881137],[-124.063322,43.881143],[-124.063338,43.88115],[-124.063354,43.881157],[-124.063372,43.881165],[-124.063388,43.881172],[-124.063403,43.881178],[-124.06342,43.881185],[-124.063437,43.881193],[-124.063452,43.8812],[-124.063469,43.881206],[-124.063487,43.881214],[-124.063502,43.881221],[-124.063517,43.881227],[-124.063534,43.881235],[-124.063551,43.881242],[-124.063567,43.881249],[-124.063582,43.881255],[-124.063598,43.881262],[-124.063608,43.881266],[-124.063622,43.88127],[-124.063644,43.881278],[-124.063667,43.881287],[-124.063686,43.881295],[-124.063707,43.881305],[-124.063727,43.881316],[-124.063745,43.881327],[-124.063763,43.881339],[-124.063782,43.881352],[-124.063798,43.881366],[-124.063811,43.881378],[-124.063827,43.881392],[-124.063841,43.881408],[-124.063851,43.881419],[-124.063861,43.88143],[-124.063873,43.881444],[-124.063885,43.88146],[-124.063899,43.881481],[-124.063908,43.881502],[-124.063914,43.881519],[-124.06392,43.881539],[-124.063922,43.881561],[-124.063922,43.881583],[-124.063919,43.881605],[-124.063913,43.881624],[-124.063906,43.881643],[-124.063896,43.881663],[-124.063884,43.881682],[-124.06387,43.8817],[-124.063852,43.881717],[-124.063835,43.881732],[-124.063818,43.881745],[-124.063798,43.88176],[-124.063785,43.881771],[-124.063773,43.881781],[-124.063761,43.881791],[-124.063749,43.881801],[-124.063739,43.881811],[-124.063725,43.881823],[-124.063713,43.881833],[-124.063702,43.881843],[-124.063688,43.881855],[-124.063676,43.881865],[-124.063664,43.881875],[-124.063653,43.881885],[-124.06364,43.881896],[-124.063632,43.881904],[-124.063622,43.881914],[-124.063612,43.881923],[-124.063604,43.881933],[-124.063594,43.881943],[-124.063586,43.881953],[-124.063577,43.881964],[-124.063569,43.881975],[-124.063561,43.881985],[-124.063555,43.881994],[-124.063548,43.882006],[-124.06354,43.882018],[-124.063534,43.882028],[-124.063529,43.882038],[-124.063524,43.882048],[-124.063518,43.882061],[-124.063513,43.882073],[-124.063509,43.882083],[-124.063504,43.882097],[-124.0635,43.882107],[-124.063496,43.882121],[-124.063491,43.882136],[-124.063486,43.882148],[-124.063482,43.882162],[-124.063478,43.882174],[-124.063474,43.882187],[-124.063469,43.882202],[-124.063467,43.882208],[-124.064616,43.882198],[-124.064619,43.882198],[-124.06496,43.882198],[-124.064961,43.882196],[-124.064983,43.882141],[-124.065013,43.882072],[-124.065044,43.882003],[-124.065077,43.881935],[-124.065112,43.881867],[-124.065149,43.8818],[-124.065187,43.881733],[-124.065226,43.881667],[-124.065267,43.881601],[-124.06531,43.881536],[-124.065327,43.881512],[-124.065328,43.88151],[-124.065327,43.88151],[-124.06463,43.881509],[-124.064623,43.881509],[-124.06462,43.881509],[-124.063007,43.880933],[-124.063011,43.880941]]],[[[-124.06586,43.881512],[-124.065853,43.881521],[-124.06581,43.88158],[-124.065768,43.881638],[-124.065728,43.881698],[-124.065689,43.881758],[-124.065652,43.881818],[-124.065616,43.881879],[-124.065581,43.88194],[-124.065548,43.882002],[-124.065517,43.882064],[-124.065487,43.882127],[-124.065458,43.88219],[-124.065455,43.882196],[-124.06592,43.882197],[-124.06592,43.882197],[-124.06592,43.882196],[-124.065902,43.881694],[-124.065896,43.881512],[-124.065895,43.881511],[-124.065861,43.881511],[-124.06586,43.881512]]]]}},{"type":"Feature","properties":{"MAPTAXLOT":"1911310000600","MAPNUMBER":"19113100","TAXLOT":"600","ACCTNO":"0856011","MAPACRES":69.26982379},"geometry":{"type":"Polygon","coordinates":[[[-124.060298,43.875031],[-124.060251,43.878617],[-124.064638,43.878557],[-124.064638,43.878555],[-124.064686,43.874994],[-124.064734,43.871432],[-124.060346,43.871431],[-124.060298,43.875031]]]}},{"type":"Feature","properties":{"MAPTAXLOT":"1911310000700","MAPNUMBER":"19113100","TAXLOT":"700","ACCTNO":"0856029","MAPACRES":118.01371695},"geometry":{"type":"Polygon","coordinates":[[[-124.055273,43.878684],[-124.060251,43.878617],[-124.060298,43.875031],[-124.060346,43.871431],[-124.05547,43.87143],[-124.050522,43.871461],[-124.050493,43.875113],[-124.055371,43.875073],[-124.055273,43.878684]]]}},{"type":"Feature","properties":{"MAPTAXLOT":"1911310001100","MAPNUMBER":"19113100","TAXLOT":"1100","ACCTNO":"0856060","MAPACRES":71.59656776},"geometry":{"type":"Polygon","coordinates":[[[-124.060156,43.885832],[-124.063732,43.885838],[-124.064273,43.885508],[-124.064278,43.885499],[-124.064284,43.885487],[-124.06429,43.885476],[-124.064295,43.885465],[-124.064301,43.885451],[-124.064306,43.885441],[-124.06431,43.885429],[-124.064315,43.885416],[-124.06432,43.885403],[-124.064325,43.88539],[-124.064329,43.885376],[-124.064334,43.885363],[-124.064339,43.88535],[-124.064344,43.885337],[-124.064349,43.885325],[-124.064353,43.885312],[-124.064357,43.885299],[-124.064361,43.885287],[-124.064364,43.885276],[-124.064367,43.885263],[-124.064371,43.885249],[-124.064373,43.885238],[-124.064376,43.885224],[-124.064379,43.885212],[-124.064381,43.885199],[-124.064384,43.885186],[-124.064386,43.885174],[-124.064388,43.88516],[-124.06439,43.885147],[-124.064392,43.885135],[-124.064393,43.885122],[-124.064395,43.885108],[-124.064396,43.885096],[-124.064397,43.885082],[-124.064398,43.885069],[-124.064399,43.885055],[-124.0644,43.885043],[-124.0644,43.885029],[-124.064401,43.885016],[-124.064401,43.885007],[-124.064401,43.884996],[-124.064399,43.884985],[-124.064397,43.884971],[-124.064395,43.884955],[-124.064395,43.884942],[-124.064393,43.88493],[-124.064391,43.884917],[-124.064389,43.884903],[-124.064388,43.884887],[-124.064387,43.884874],[-124.064385,43.884862],[-124.064384,43.884848],[-124.064382,43.884835],[-124.06438,43.884818],[-124.064379,43.884806],[-124.064377,43.884792],[-124.064376,43.884777],[-124.064375,43.884764],[-124.064374,43.884748],[-124.064373,43.884737],[-124.064371,43.884723],[-124.06437,43.884709],[-124.064369,43.884695],[-124.064368,43.88468],[-124.064367,43.884669],[-124.064365,43.884653],[-124.064365,43.884636],[-124.064364,43.884623],[-124.064364,43.884607],[-124.064365,43.884595],[-124.064364,43.884582],[-124.064364,43.884569],[-124.064363,43.884554],[-124.064363,43.88454],[-124.064363,43.884528],[-124.064362,43.884514],[-124.064362,43.884499],[-124.064362,43.884484],[-124.064362,43.884473],[-124.064361,43.884458],[-124.064361,43.884444],[-124.064361,43.884431],[-124.064361,43.884418],[-124.06436,43.884403],[-124.06436,43.884389],[-124.064359,43.884377],[-124.064359,43.88436],[-124.06436,43.884348],[-124.064359,43.884335],[-124.064359,43.884322],[-124.064358,43.884307],[-124.064358,43.884293],[-124.064357,43.88428],[-124.064357,43.884267],[-124.064356,43.884252],[-124.064357,43.884237],[-124.064357,43.884226],[-124.064356,43.884211],[-124.064356,43.884197],[-124.064356,43.884184],[-124.064355,43.884171],[-124.064355,43.884156],[-124.064355,43.884143],[-124.064354,43.88413],[-124.064354,43.884114],[-124.064354,43.884101],[-124.064354,43.884089],[-124.064354,43.884075],[-124.064353,43.88406],[-124.064353,43.884047],[-124.064352,43.884034],[-124.064352,43.88402],[-124.064351,43.884005],[-124.064352,43.88399],[-124.064352,43.883979],[-124.064351,43.883964],[-124.064351,43.88395],[-124.06435,43.883938],[-124.06435,43.883924],[-124.064349,43.883909],[-124.06435,43.883896],[-124.064349,43.883883],[-124.064349,43.883865],[-124.06435,43.88385],[-124.06435,43.883837],[-124.064351,43.883824],[-124.064351,43.88381],[-124.064353,43.883795],[-124.064353,43.883782],[-124.064354,43.883769],[-124.064354,43.883755],[-124.064355,43.883741],[-124.064355,43.883729],[-124.064355,43.883714],[-124.064357,43.883698],[-124.064357,43.883686],[-124.064358,43.883672],[-124.064359,43.883657],[-124.06436,43.883643],[-124.064361,43.883632],[-124.064361,43.883618],[-124.064362,43.883602],[-124.064363,43.883588],[-124.064364,43.883576],[-124.064365,43.883562],[-124.064366,43.883547],[-124.064367,43.883533],[-124.064368,43.883522],[-124.064368,43.883508],[-124.064369,43.883492],[-124.06437,43.883479],[-124.064371,43.883467],[-124.064371,43.883453],[-124.064373,43.883437],[-124.064374,43.883424],[-124.064375,43.883412],[-124.064375,43.883399],[-124.064376,43.883383],[-124.064377,43.883369],[-124.064378,43.883357],[-124.064378,43.883343],[-124.064379,43.883328],[-124.064381,43.883314],[-124.064381,43.883303],[-124.064381,43.883289],[-124.064383,43.883273],[-124.064383,43.883263],[-124.064383,43.883251],[-124.064383,43.883238],[-124.064382,43.883226],[-124.064382,43.883215],[-124.06438,43.883206],[-124.064377,43.883191],[-124.064376,43.883177],[-124.064374,43.883169],[-124.064371,43.883157],[-124.064367,43.883143],[-124.064364,43.883132],[-124.06436,43.883121],[-124.064356,43.883109],[-124.064352,43.883098],[-124.064347,43.883088],[-124.06434,43.883074],[-124.064336,43.883063],[-124.064332,43.883057],[-124.064325,43.883046],[-124.064318,43.883036],[-124.064311,43.883026],[-124.064301,43.883015],[-124.064295,43.883006],[-124.064287,43.882998],[-124.064277,43.882988],[-124.064268,43.882979],[-124.064258,43.88297],[-124.064248,43.882961],[-124.064238,43.882953],[-124.064223,43.882942],[-124.06421,43.882931],[-124.064201,43.882924],[-124.064189,43.882915],[-124.064176,43.882906],[-124.064165,43.882898],[-124.064152,43.882889],[-124.06414,43.882881],[-124.064128,43.882874],[-124.064114,43.882866],[-124.064101,43.882859],[-124.064089,43.882852],[-124.064069,43.882842],[-124.064052,43.882831],[-124.064041,43.882825],[-124.064025,43.882816],[-124.06401,43.882807],[-124.063995,43.882799],[-124.063982,43.882792],[-124.063967,43.882784],[-124.063953,43.882776],[-124.063939,43.882769],[-124.063924,43.882761],[-124.063909,43.882753],[-124.063894,43.882746],[-124.063879,43.882739],[-124.063864,43.882732],[-124.063849,43.882725],[-124.063836,43.882719],[-124.063819,43.882712],[-124.063803,43.882704],[-124.063789,43.882698],[-124.063773,43.882692],[-124.063757,43.882685],[-124.06374,43.882679],[-124.063724,43.882672],[-124.063707,43.882665],[-124.063691,43.882659],[-124.063674,43.882652],[-124.063658,43.882645],[-124.063641,43.882638],[-124.063625,43.882632],[-124.063608,43.882625],[-124.063592,43.882619],[-124.063575,43.882612],[-124.063558,43.882605],[-124.063541,43.882598],[-124.063531,43.882594],[-124.063518,43.88259],[-124.063499,43.882584],[-124.063481,43.882578],[-124.063459,43.88257],[-124.063436,43.882561],[-124.063416,43.882552],[-124.063395,43.882541],[-124.063377,43.882531],[-124.063356,43.882518],[-124.063339,43.882505],[-124.063324,43.882493],[-124.063307,43.882479],[-124.063291,43.882464],[-124.063278,43.882449],[-124.063264,43.882434],[-124.063253,43.882418],[-124.063243,43.882402],[-124.063233,43.882384],[-124.063225,43.882366],[-124.063218,43.882346],[-124.063213,43.882324],[-124.063212,43.882304],[-124.063213,43.882286],[-124.063214,43.882266],[-124.063218,43.882247],[-124.063223,43.882229],[-124.063229,43.882214],[-124.063231,43.88221],[-124.060203,43.882237],[-124.055176,43.882281],[-124.05508,43.885823],[-124.060156,43.885832]]]}},{"type":"Feature","properties":{"MAPTAXLOT":"1911310001101","MAPNUMBER":"19113100","TAXLOT":"1101","ACCTNO":"1410198","MAPACRES":1.26992606},"geometry":{"type":"MultiPolygon","coordinates":[[[[-124.063464,43.882215],[-124.063459,43.88223],[-124.063454,43.882243],[-124.063449,43.882256],[-124.063445,43.882267],[-124.063442,43.882276],[-124.063441,43.882284],[-124.06344,43.882292],[-124.06344,43.882301],[-124.06344,43.882309],[-124.063441,43.882314],[-124.063444,43.882321],[-124.063447,43.882328],[-124.063451,43.882336],[-124.063458,43.882345],[-124.063463,43.882353],[-124.06347,43.882361],[-124.063478,43.88237],[-124.063484,43.882376],[-124.063492,43.882383],[-124.063504,43.882392],[-124.063512,43.882397],[-124.063521,43.882403],[-124.063532,43.882409],[-124.063542,43.882415],[-124.063553,43.88242],[-124.063564,43.882424],[-124.063577,43.882429],[-124.06359,43.882433],[-124.063609,43.882439],[-124.063631,43.882446],[-124.063652,43.882454],[-124.063671,43.882462],[-124.063686,43.882468],[-124.063702,43.882474],[-124.063719,43.882481],[-124.063736,43.882488],[-124.063752,43.882495],[-124.063769,43.882502],[-124.063785,43.882508],[-124.063802,43.882515],[-124.063818,43.882522],[-124.063835,43.882528],[-124.063852,43.882535],[-124.063868,43.882542],[-124.063885,43.882548],[-124.063902,43.882556],[-124.063921,43.882564],[-124.063936,43.882571],[-124.063953,43.882578],[-124.063972,43.882586],[-124.063989,43.882594],[-124.064005,43.882602],[-124.064022,43.88261],[-124.064038,43.882618],[-124.064054,43.882626],[-124.06407,43.882634],[-124.064088,43.882643],[-124.064103,43.882652],[-124.06412,43.88266],[-124.064136,43.88267],[-124.064151,43.882678],[-124.064165,43.882686],[-124.06418,43.882695],[-124.064199,43.882705],[-124.06421,43.882713],[-124.064221,43.882718],[-124.06424,43.882728],[-124.064256,43.882738],[-124.064272,43.882747],[-124.06429,43.882758],[-124.064306,43.882768],[-124.06432,43.882778],[-124.064336,43.882789],[-124.06435,43.882799],[-124.064365,43.88281],[-124.064381,43.882823],[-124.064393,43.882832],[-124.064404,43.882841],[-124.06442,43.882854],[-124.064434,43.882866],[-124.064448,43.882878],[-124.064461,43.882891],[-124.064473,43.882903],[-124.064488,43.882918],[-124.064499,43.882934],[-124.064509,43.882946],[-124.06452,43.88296],[-124.06453,43.882974],[-124.064539,43.882988],[-124.06455,43.883007],[-124.064557,43.883023],[-124.064563,43.883035],[-124.06457,43.883051],[-124.064576,43.883066],[-124.064581,43.883081],[-124.064586,43.883096],[-124.064591,43.883112],[-124.064594,43.883125],[-124.064598,43.883141],[-124.064602,43.883159],[-124.064604,43.883173],[-124.064606,43.883185],[-124.064609,43.883203],[-124.064609,43.883214],[-124.064616,43.882198],[-124.063467,43.882208],[-124.063464,43.882215]]],[[[-124.06453,43.885472],[-124.064527,43.885478],[-124.064524,43.885487],[-124.064517,43.885502],[-124.064511,43.885516],[-124.064505,43.88553],[-124.064497,43.885545],[-124.06449,43.885559],[-124.064483,43.885571],[-124.064476,43.885584],[-124.064468,43.885599],[-124.064462,43.885608],[-124.064085,43.885838],[-124.064498,43.885835],[-124.064498,43.885832],[-124.064518,43.885627],[-124.064534,43.885462],[-124.06453,43.885472]]]]}},{"type":"Feature","properties":{"MAPTAXLOT":"1912000000066","MAPNUMBER":"19120000","TAXLOT":"66","ACCTNO":"000None","MAPACRES":2413.65296081},"geometry":{"type":"Polygon","coordinates":[[[-124.090511,43.90424],[-124.090876,43.904351],[-124.091263,43.904238],[-124.091795,43.904112],[-124.092407,43.903966],[-124.092612,43.903773],[-124.092692,43.903713],[-124.092714,43.90369],[-124.092763,43.903152],[-124.092444,43.902759],[-124.092434,43.902747],[-124.092058,43.90238],[-124.092134,43.901975],[-124.092186,43.901527],[-124.092574,43.901264],[-124.092897,43.901029],[-124.093004,43.900903],[-124.09339,43.900854],[-124.093496,43.90084],[-124.093996,43.90102],[-124.094345,43.90103],[-124.094874,43.901119],[-124.094918,43.901126],[-124.094926,43.901127],[-124.094956,43.901116],[-124.094986,43.901101],[-124.095009,43.901086],[-124.095044,43.901061],[-124.095079,43.901035],[-124.095122,43.901011],[-124.09517,43.90099],[-124.095221,43.900974],[-124.095292,43.900958],[-124.095367,43.900953],[-124.095448,43.90096],[-124.095517,43.900973],[-124.095585,43.900994],[-124.095664,43.901024],[-124.095721,43.901045],[-124.095777,43.901063],[-124.095839,43.901081],[-124.095888,43.901109],[-124.095895,43.901113],[-124.095936,43.901146],[-124.095978,43.901172],[-124.096014,43.901193],[-124.096038,43.901211],[-124.096057,43.901221],[-124.096087,43.901224],[-124.096092,43.901211],[-124.096075,43.901177],[-124.096064,43.901153],[-124.096055,43.901139],[-124.096052,43.901103],[-124.096042,43.901071],[-124.09603,43.901045],[-124.095986,43.901016],[-124.095938,43.900978],[-124.095904,43.900943],[-124.095896,43.90091],[-124.095902,43.900882],[-124.095922,43.90085],[-124.095975,43.900814],[-124.096011,43.90079],[-124.096026,43.900776],[-124.096065,43.900735],[-124.096087,43.900709],[-124.096101,43.900681],[-124.096138,43.900649],[-124.096158,43.900635],[-124.096185,43.900616],[-124.096188,43.900614],[-124.096164,43.900614],[-124.096044,43.9006],[-124.095874,43.900584],[-124.095813,43.900569],[-124.095763,43.900557],[-124.095679,43.900479],[-124.095637,43.900422],[-124.095573,43.900394],[-124.095472,43.900381],[-124.095369,43.900337],[-124.09532,43.900264],[-124.095288,43.900166],[-124.095166,43.9001],[-124.095107,43.900046],[-124.09511,43.899917],[-124.095115,43.89985],[-124.094891,43.899791],[-124.094756,43.899754],[-124.094548,43.899699],[-124.094537,43.899696],[-124.094535,43.899695],[-124.094524,43.899686],[-124.094264,43.899537],[-124.094091,43.899513],[-124.094085,43.899512],[-124.093797,43.899419],[-124.093773,43.899411],[-124.093614,43.899333],[-124.09359,43.899321],[-124.093384,43.899252],[-124.093243,43.899205],[-124.093219,43.899197],[-124.093097,43.899166],[-124.092931,43.899123],[-124.092657,43.898891],[-124.092646,43.898881],[-124.092512,43.898811],[-124.092335,43.898635],[-124.092312,43.898612],[-124.091974,43.89841],[-124.091827,43.898322],[-124.091739,43.89815],[-124.091629,43.898039],[-124.091597,43.898008],[-124.091561,43.897899],[-124.091551,43.897868],[-124.091526,43.89776],[-124.091531,43.897697],[-124.091537,43.897623],[-124.091541,43.89756],[-124.091547,43.897486],[-124.091552,43.897423],[-124.091557,43.89735],[-124.091562,43.897286],[-124.091567,43.897213],[-124.091582,43.897144],[-124.091596,43.897076],[-124.091625,43.89694],[-124.091654,43.896804],[-124.091709,43.896694],[-124.091721,43.896669],[-124.091769,43.896534],[-124.09181,43.896398],[-124.091818,43.896334],[-124.091828,43.896261],[-124.091876,43.896126],[-124.09188,43.896062],[-124.091886,43.895989],[-124.091891,43.895925],[-124.091896,43.895852],[-124.091945,43.895744],[-124.091957,43.895717],[-124.091983,43.895659],[-124.092022,43.895582],[-124.092057,43.895512],[-124.092097,43.895447],[-124.092181,43.895313],[-124.092334,43.895182],[-124.092378,43.895046],[-124.092413,43.89491],[-124.092459,43.894775],[-124.092506,43.894639],[-124.092552,43.89451],[-124.092554,43.894504],[-124.092603,43.894368],[-124.092652,43.894233],[-124.092685,43.894097],[-124.092714,43.89396],[-124.092743,43.893824],[-124.092803,43.893689],[-124.092864,43.893554],[-124.092924,43.893419],[-124.092979,43.893284],[-124.092972,43.893249],[-124.092965,43.893213],[-124.092963,43.893201],[-124.092953,43.893145],[-124.092947,43.89287],[-124.092845,43.892744],[-124.092507,43.892435],[-124.092147,43.892294],[-124.091744,43.892084],[-124.091477,43.891884],[-124.091304,43.89169],[-124.091275,43.891496],[-124.091233,43.891215],[-124.09143,43.890859],[-124.091613,43.890589],[-124.091767,43.890396],[-124.091841,43.890167],[-124.091856,43.88984],[-124.091901,43.889424],[-124.09181,43.889062],[-124.091658,43.888854],[-124.09135,43.888788],[-124.091242,43.888577],[-124.09131,43.888255],[-124.091379,43.888085],[-124.091621,43.887763],[-124.091845,43.887593],[-124.092078,43.88741],[-124.092199,43.887111],[-124.092247,43.886803],[-124.09225,43.886534],[-124.092206,43.886222],[-124.092258,43.885906],[-124.092278,43.885506],[-124.092322,43.885066],[-124.092496,43.884627],[-124.092666,43.884119],[-124.092996,43.883797],[-124.093207,43.883258],[-124.093081,43.88286],[-124.093052,43.882552],[-124.092888,43.882202],[-124.092579,43.88194],[-124.092009,43.881713],[-124.091544,43.881507],[-124.09149,43.881484],[-124.091945,43.881115],[-124.092533,43.880637],[-124.093014,43.880567],[-124.093897,43.880757],[-124.094,43.880809],[-124.094596,43.88111],[-124.094643,43.881286],[-124.094733,43.881495],[-124.094791,43.88171],[-124.094758,43.881973],[-124.094756,43.881984],[-124.094784,43.882229],[-124.094898,43.882458],[-124.094991,43.882703],[-124.095156,43.88284],[-124.095291,43.882916],[-124.095316,43.883012],[-124.095357,43.883154],[-124.095401,43.883366],[-124.095643,43.883566],[-124.095777,43.883659],[-124.095935,43.883655],[-124.0961,43.883714],[-124.096216,43.883729],[-124.096306,43.883749],[-124.096386,43.883802],[-124.096381,43.883936],[-124.096483,43.884141],[-124.096668,43.884136],[-124.096972,43.884132],[-124.097136,43.884259],[-124.097307,43.884518],[-124.097248,43.88484],[-124.097004,43.885111],[-124.096753,43.885276],[-124.09635,43.885377],[-124.096201,43.885416],[-124.09596,43.885779],[-124.095779,43.885956],[-124.095775,43.886113],[-124.095868,43.886281],[-124.095849,43.886496],[-124.095812,43.886617],[-124.095863,43.886731],[-124.096006,43.886759],[-124.096317,43.886736],[-124.096421,43.886857],[-124.09637,43.88697],[-124.096383,43.88708],[-124.096504,43.887072],[-124.096665,43.886993],[-124.096803,43.886841],[-124.096989,43.886742],[-124.09718,43.886834],[-124.097368,43.886985],[-124.097447,43.887228],[-124.09761,43.887394],[-124.097824,43.887549],[-124.098261,43.887892],[-124.098572,43.888341],[-124.098655,43.888695],[-124.098646,43.889195],[-124.098584,43.889682],[-124.098468,43.890097],[-124.098332,43.890606],[-124.098271,43.891098],[-124.098086,43.891525],[-124.098065,43.891928],[-124.09792,43.892218],[-124.097807,43.892431],[-124.097854,43.892689],[-124.098022,43.892822],[-124.098446,43.893027],[-124.098967,43.893205],[-124.099328,43.893293],[-124.099644,43.893346],[-124.099906,43.893426],[-124.099998,43.893322],[-124.100306,43.893234],[-124.100806,43.893206],[-124.100987,43.89323],[-124.101261,43.893279],[-124.101528,43.893228],[-124.101706,43.893186],[-124.101957,43.893193],[-124.102268,43.89319],[-124.102577,43.893166],[-124.102697,43.893148],[-124.102946,43.893126],[-124.103376,43.893105],[-124.103628,43.893126],[-124.103821,43.893178],[-124.104005,43.893238],[-124.104349,43.893285],[-124.104662,43.893319],[-124.104814,43.893294],[-124.105,43.893265],[-124.105344,43.893326],[-124.105767,43.893373],[-124.106288,43.893404],[-124.106863,43.893449],[-124.107029,43.893463],[-124.107029,43.893319],[-124.107208,43.893334],[-124.107314,43.893334],[-124.107409,43.893334],[-124.107543,43.893338],[-124.107624,43.893343],[-124.107768,43.89335],[-124.107927,43.893338],[-124.107967,43.893337],[-124.108144,43.893332],[-124.108156,43.89333],[-124.10828,43.893313],[-124.10828,43.893397],[-124.108634,43.893432],[-124.109177,43.893336],[-124.109186,43.893334],[-124.109797,43.893225],[-124.109818,43.893222],[-124.10982,43.893219],[-124.110276,43.892631],[-124.110466,43.892745],[-124.110111,43.891424],[-124.110109,43.890784],[-124.11011,43.890195],[-124.11011,43.890193],[-124.109926,43.889353],[-124.109081,43.888285],[-124.10884,43.887734],[-124.10884,43.887732],[-124.10971,43.885995],[-124.113273,43.8854],[-124.114111,43.885398],[-124.114356,43.885838],[-124.114492,43.88603],[-124.114832,43.886033],[-124.114508,43.885656],[-124.114452,43.885035],[-124.114482,43.885035],[-124.114394,43.884849],[-124.114394,43.884848],[-124.114205,43.884847],[-124.114137,43.884846],[-124.114087,43.884709],[-124.114089,43.884544],[-124.11409,43.884407],[-124.114092,43.88427],[-124.114121,43.884148],[-124.114153,43.884016],[-124.114215,43.883879],[-124.114267,43.883748],[-124.11429,43.883689],[-124.114295,43.883678],[-124.114297,43.883671],[-124.114299,43.883664],[-124.114301,43.883657],[-124.114303,43.88365],[-124.114305,43.883643],[-124.114306,43.883636],[-124.114307,43.883629],[-124.114308,43.883622],[-124.114309,43.883615],[-124.11431,43.883607],[-124.114311,43.8836],[-124.114311,43.883593],[-124.114311,43.883586],[-124.114311,43.883579],[-124.114311,43.883572],[-124.114311,43.883564],[-124.114311,43.883557],[-124.11431,43.88355],[-124.114309,43.883543],[-124.114308,43.883536],[-124.114307,43.883529],[-124.114306,43.883521],[-124.114304,43.883514],[-124.114303,43.883507],[-124.114301,43.8835],[-124.114299,43.883493],[-124.114297,43.883486],[-124.114294,43.883479],[-124.114292,43.883472],[-124.114289,43.883465],[-124.114286,43.883458],[-124.114283,43.883452],[-124.11428,43.883445],[-124.114277,43.883438],[-124.114274,43.883431],[-124.11427,43.883425],[-124.114266,43.883418],[-124.114262,43.883411],[-124.114258,43.883405],[-124.114254,43.883398],[-124.114249,43.883392],[-124.114245,43.883386],[-124.11424,43.883379],[-124.114235,43.883373],[-124.11423,43.883367],[-124.114228,43.883364],[-124.114225,43.883361],[-124.114219,43.883355],[-124.114214,43.883349],[-124.114208,43.883343],[-124.114203,43.883337],[-124.114197,43.883331],[-124.114191,43.883325],[-124.114184,43.88332],[-124.114178,43.883314],[-124.114172,43.883309],[-124.114165,43.883303],[-124.114158,43.883298],[-124.114151,43.883293],[-124.114144,43.883288],[-124.114141,43.883285],[-124.114108,43.883262],[-124.113973,43.883166],[-124.11388,43.8831],[-124.113878,43.883098],[-124.113871,43.883093],[-124.113864,43.883088],[-124.113858,43.883082],[-124.113852,43.883077],[-124.113845,43.883071],[-124.113841,43.883067],[-124.113839,43.883065],[-124.113833,43.88306],[-124.113828,43.883054],[-124.113822,43.883048],[-124.113816,43.883042],[-124.113811,43.883036],[-124.113806,43.88303],[-124.113801,43.883024],[-124.113796,43.883017],[-124.113791,43.883011],[-124.113787,43.883005],[-124.113782,43.882998],[-124.113778,43.882992],[-124.113774,43.882985],[-124.11377,43.882979],[-124.113766,43.882972],[-124.113762,43.882965],[-124.113759,43.882959],[-124.113755,43.882952],[-124.113754,43.882949],[-124.113752,43.882945],[-124.113749,43.882938],[-124.113746,43.882931],[-124.113701,43.88283],[-124.113643,43.882702],[-124.113585,43.882573],[-124.113583,43.882569],[-124.113581,43.882564],[-124.11358,43.88256],[-124.113578,43.882555],[-124.113576,43.88255],[-124.113575,43.882546],[-124.113574,43.882541],[-124.113572,43.882536],[-124.113571,43.882532],[-124.11357,43.882527],[-124.113569,43.882522],[-124.113569,43.882517],[-124.113568,43.882513],[-124.113567,43.882508],[-124.113567,43.882503],[-124.113567,43.882498],[-124.113567,43.882493],[-124.113566,43.882489],[-124.113566,43.882484],[-124.113567,43.882479],[-124.113567,43.882474],[-124.113567,43.88247],[-124.113568,43.882465],[-124.113568,43.88246],[-124.113569,43.882455],[-124.11357,43.88245],[-124.113571,43.882446],[-124.113572,43.882441],[-124.113573,43.882436],[-124.113584,43.882397],[-124.113593,43.882362],[-124.113628,43.882228],[-124.113486,43.882208],[-124.113417,43.882198],[-124.113398,43.8823],[-124.113392,43.882333],[-124.112823,43.882256],[-124.112858,43.882122],[-124.113058,43.881778],[-124.113234,43.881663],[-124.113265,43.88167],[-124.114109,43.88187],[-124.114095,43.881924],[-124.114271,43.881918],[-124.114533,43.881956],[-124.114788,43.882067],[-124.114787,43.881857],[-124.114597,43.881657],[-124.114274,43.881598],[-124.114151,43.881523],[-124.1139,43.881484],[-124.11366,43.881474],[-124.113469,43.881371],[-124.113281,43.881331],[-124.113172,43.881319],[-124.113112,43.88131],[-124.113062,43.881305],[-124.113007,43.881305],[-124.11297,43.881309],[-124.112895,43.881303],[-124.112708,43.881225],[-124.11223,43.88117],[-124.112053,43.881138],[-124.111783,43.88109],[-124.111511,43.88106],[-124.111249,43.881013],[-124.111114,43.880882],[-124.111077,43.880847],[-124.111055,43.880652],[-124.1111,43.880543],[-124.11113,43.88047],[-124.111176,43.880336],[-124.111246,43.880151],[-124.111284,43.880069],[-124.111357,43.87993],[-124.11143,43.879794],[-124.111655,43.87945],[-124.111673,43.879398],[-124.11177,43.879107],[-124.111725,43.878998],[-124.111724,43.878997],[-124.111701,43.878977],[-124.111678,43.878956],[-124.111586,43.878874],[-124.111355,43.878782],[-124.111138,43.878675],[-124.11111,43.878661],[-124.110902,43.878489],[-124.110669,43.878361],[-124.110248,43.878101],[-124.109999,43.877962],[-124.109691,43.877732],[-124.109653,43.877462],[-124.109876,43.877166],[-124.109862,43.876813],[-124.109636,43.876566],[-124.109255,43.876235],[-124.108734,43.875832],[-124.108779,43.875725],[-124.108799,43.875545],[-124.108866,43.875393],[-124.108978,43.875384],[-124.108903,43.875131],[-124.108886,43.874712],[-124.109225,43.874087],[-124.109696,43.873777],[-124.110259,43.873648],[-124.110628,43.873625],[-124.110893,43.873416],[-124.111156,43.873442],[-124.111747,43.873512],[-124.112228,43.873564],[-124.112488,43.873366],[-124.112724,43.873359],[-124.112758,43.873359],[-124.113017,43.873361],[-124.113143,43.873128],[-124.113083,43.872869],[-124.112813,43.872644],[-124.112547,43.872473],[-124.112466,43.872252],[-124.112502,43.871963],[-124.112687,43.871794],[-124.112667,43.871654],[-124.112681,43.871452],[-124.112873,43.871318],[-124.112952,43.871088],[-124.113,43.870779],[-124.112979,43.870424],[-124.11318,43.870235],[-124.113158,43.870082],[-124.112976,43.869934],[-124.113101,43.869796],[-124.113533,43.869686],[-124.113944,43.869452],[-124.114076,43.869208],[-124.113935,43.868847],[-124.113921,43.868617],[-124.113847,43.868273],[-124.113604,43.867983],[-124.113275,43.867811],[-124.112876,43.867804],[-124.11256,43.867862],[-124.111908,43.867623],[-124.111818,43.867453],[-124.111857,43.867],[-124.11205,43.86643],[-124.112302,43.86597],[-124.112279,43.865586],[-124.111942,43.865059],[-124.11185,43.864629],[-124.111643,43.86428],[-124.111186,43.864146],[-124.110869,43.86391],[-124.11035,43.863558],[-124.110201,43.86341],[-124.105983,43.863497],[-124.104099,43.863536],[-124.104108,43.863622],[-124.104215,43.863731],[-124.10449,43.8639],[-124.104637,43.863979],[-124.104829,43.864081],[-124.104994,43.864206],[-124.104996,43.864556],[-124.105133,43.864869],[-124.105147,43.864895],[-124.105247,43.86509],[-124.105389,43.86533],[-124.105631,43.86556],[-124.105903,43.865677],[-124.105964,43.865706],[-124.106044,43.865745],[-124.106434,43.865852],[-124.106481,43.865854],[-124.106607,43.865861],[-124.106809,43.865873],[-124.107065,43.865871],[-124.107233,43.865939],[-124.107326,43.866013],[-124.107463,43.866123],[-124.107503,43.866139],[-124.10778,43.866248],[-124.108062,43.866486],[-124.108092,43.8665],[-124.108158,43.866533],[-124.108319,43.866613],[-124.108363,43.866635],[-124.108375,43.866651],[-124.108429,43.866729],[-124.108549,43.866899],[-124.10863,43.867014],[-124.108469,43.867178],[-124.108474,43.867265],[-124.108477,43.867321],[-124.108482,43.867406],[-124.108487,43.867434],[-124.108497,43.867488],[-124.108505,43.867534],[-124.108515,43.867589],[-124.108534,43.8677],[-124.108544,43.867755],[-124.108555,43.867821],[-124.108556,43.867827],[-124.108527,43.867881],[-124.10846,43.868006],[-124.108428,43.868067],[-124.108403,43.868113],[-124.108403,43.868117],[-124.108406,43.868173],[-124.108413,43.868286],[-124.108416,43.868342],[-124.108426,43.868506],[-124.108433,43.868618],[-124.108436,43.868675],[-124.108443,43.868787],[-124.108445,43.868817],[-124.108525,43.869052],[-124.108543,43.869106],[-124.108561,43.869159],[-124.10858,43.869214],[-124.108593,43.869252],[-124.108599,43.869267],[-124.108621,43.86932],[-124.108653,43.869397],[-124.10872,43.869557],[-124.108753,43.869634],[-124.108775,43.869687],[-124.10882,43.869795],[-124.108842,43.869847],[-124.108877,43.86993],[-124.109067,43.870259],[-124.108942,43.870615],[-124.108472,43.870912],[-124.108175,43.870833],[-124.108112,43.870588],[-124.10785,43.870423],[-124.10757,43.87032],[-124.107176,43.870147],[-124.107106,43.870114],[-124.106835,43.869985],[-124.106734,43.869937],[-124.106533,43.869619],[-124.106297,43.869201],[-124.106146,43.868968],[-124.106046,43.868792],[-124.106024,43.868754],[-124.105802,43.868397],[-124.105754,43.868201],[-124.105892,43.868065],[-124.10602,43.867922],[-124.106032,43.867664],[-124.105903,43.867474],[-124.105862,43.867412],[-124.105592,43.867176],[-124.105292,43.86704],[-124.105118,43.866803],[-124.10497,43.86661],[-124.104769,43.866451],[-124.104686,43.86642],[-124.104423,43.866323],[-124.104042,43.866216],[-124.103659,43.86607],[-124.10346,43.865944],[-124.103147,43.865749],[-124.103069,43.865653],[-124.102891,43.865433],[-124.102724,43.865227],[-124.102727,43.865208],[-124.10277,43.864929],[-124.102733,43.864796],[-124.1027,43.86468],[-124.102389,43.864512],[-124.102144,43.864383],[-124.102026,43.864076],[-124.101858,43.863705],[-124.101837,43.863583],[-124.088727,43.863875],[-124.082657,43.863977],[-124.082652,43.864136],[-124.082651,43.86416],[-124.082688,43.864482],[-124.082764,43.86474],[-124.082971,43.865072],[-124.083224,43.865491],[-124.083396,43.865852],[-124.083432,43.865969],[-124.083508,43.866218],[-124.083764,43.866463],[-124.083995,43.866594],[-124.08429,43.866798],[-124.084701,43.867029],[-124.08494,43.867092],[-124.085171,43.867137],[-124.085229,43.867192],[-124.085184,43.86725],[-124.084917,43.867323],[-124.08443,43.86743],[-124.084032,43.867529],[-124.083535,43.867679],[-124.083516,43.867689],[-124.082965,43.867965],[-124.082309,43.868286],[-124.081788,43.868528],[-124.081171,43.8688],[-124.08058,43.869139],[-124.080258,43.869292],[-124.080153,43.869557],[-124.080043,43.86983],[-124.07994,43.869895],[-124.079898,43.869922],[-124.079707,43.869962],[-124.079621,43.87003],[-124.07943,43.870158],[-124.079226,43.870169],[-124.078965,43.870342],[-124.078825,43.870439],[-124.077884,43.871574],[-124.076141,43.873678],[-124.075615,43.874333],[-124.075239,43.874508],[-124.074853,43.874748],[-124.074216,43.87495],[-124.073653,43.875122],[-124.072042,43.87577],[-124.071927,43.875816],[-124.071812,43.875864],[-124.071699,43.875914],[-124.071587,43.875965],[-124.071565,43.875975],[-124.071516,43.875999],[-124.071467,43.876024],[-124.071419,43.87605],[-124.071372,43.876077],[-124.071354,43.876087],[-124.071353,43.8761],[-124.071138,43.87627],[-124.070899,43.876492],[-124.070631,43.876728],[-124.070544,43.876876],[-124.070514,43.877088],[-124.070421,43.877379],[-124.07027,43.877671],[-124.069917,43.878108],[-124.069736,43.878443],[-124.069625,43.878627],[-124.069227,43.878909],[-124.068795,43.879214],[-124.068718,43.879269],[-124.068413,43.879489],[-124.067902,43.879837],[-124.06751,43.880175],[-124.067136,43.880549],[-124.066839,43.880875],[-124.066514,43.881085],[-124.066252,43.881181],[-124.066079,43.881335],[-124.065895,43.881511],[-124.065896,43.881512],[-124.065902,43.881694],[-124.06592,43.882196],[-124.06592,43.882197],[-124.06592,43.882197],[-124.065921,43.882198],[-124.066078,43.882499],[-124.066259,43.88279],[-124.066349,43.883186],[-124.066356,43.883375],[-124.066287,43.883567],[-124.066281,43.883582],[-124.066237,43.883843],[-124.06601,43.883931],[-124.065884,43.883796],[-124.065838,43.883605],[-124.065743,43.883545],[-124.065635,43.883571],[-124.065502,43.883597],[-124.065305,43.883739],[-124.065215,43.883845],[-124.065232,43.884048],[-124.065182,43.884054],[-124.065139,43.884059],[-124.06511,43.884372],[-124.065191,43.884645],[-124.065195,43.884659],[-124.065215,43.885011],[-124.065263,43.885271],[-124.065327,43.885537],[-124.065348,43.885623],[-124.065365,43.885696],[-124.065418,43.886152],[-124.065415,43.886534],[-124.06533,43.886844],[-124.065308,43.886924],[-124.065261,43.887097],[-124.065215,43.887172],[-124.06518,43.887227],[-124.065097,43.887361],[-124.065037,43.887459],[-124.065023,43.887745],[-124.065022,43.887762],[-124.065078,43.88805],[-124.065105,43.888414],[-124.065108,43.88845],[-124.06508,43.888632],[-124.065061,43.888754],[-124.064957,43.889176],[-124.06497,43.889287],[-124.06496,43.889588],[-124.064953,43.889643],[-124.064944,43.889711],[-124.064944,43.889724],[-124.064943,43.889754],[-124.064937,43.889788],[-124.064914,43.889927],[-124.064911,43.889931],[-124.06518,43.891209],[-124.064779,43.891705],[-124.064924,43.892122],[-124.064928,43.892135],[-124.064935,43.892164],[-124.064941,43.892194],[-124.064947,43.892223],[-124.064951,43.892253],[-124.064956,43.892282],[-124.064959,43.892312],[-124.064962,43.892342],[-124.064964,43.892372],[-124.064965,43.892402],[-124.064965,43.892431],[-124.064965,43.892461],[-124.064964,43.892491],[-124.064963,43.892521],[-124.06496,43.892551],[-124.064957,43.89258],[-124.064953,43.89261],[-124.064949,43.89264],[-124.064944,43.892669],[-124.064938,43.892699],[-124.064931,43.892728],[-124.064924,43.892758],[-124.064916,43.892787],[-124.064907,43.892816],[-124.064898,43.892845],[-124.064887,43.892874],[-124.064876,43.892903],[-124.064865,43.892931],[-124.064853,43.89296],[-124.06484,43.892988],[-124.064826,43.893016],[-124.064812,43.893044],[-124.064797,43.893072],[-124.064781,43.8931],[-124.064765,43.893127],[-124.064748,43.893154],[-124.06473,43.893181],[-124.064722,43.893193],[-124.064667,43.893579],[-124.064773,43.893831],[-124.064715,43.894014],[-124.064619,43.894124],[-124.064539,43.89416],[-124.064535,43.894864],[-124.064528,43.896182],[-124.064526,43.896234],[-124.064528,43.896234],[-124.064528,43.896234],[-124.064528,43.896234],[-124.064933,43.896112],[-124.065026,43.896084],[-124.065464,43.895983],[-124.065968,43.895786],[-124.066156,43.89572],[-124.066414,43.895631],[-124.066498,43.895602],[-124.066869,43.895455],[-124.06702,43.895359],[-124.067275,43.895199],[-124.067309,43.895177],[-124.06767,43.894934],[-124.067774,43.894865],[-124.068164,43.89443],[-124.068533,43.893898],[-124.068659,43.893652],[-124.06866,43.893557],[-124.068661,43.893364],[-124.068631,43.893027],[-124.068508,43.892951],[-124.068566,43.892856],[-124.068483,43.892787],[-124.068232,43.892741],[-124.067998,43.89281],[-124.067912,43.892722],[-124.067898,43.892725],[-124.067736,43.89276],[-124.067701,43.892671],[-124.067844,43.892527],[-124.067907,43.892463],[-124.06813,43.892363],[-124.068449,43.892307],[-124.068687,43.892368],[-124.068876,43.892206],[-124.068904,43.8922],[-124.068937,43.892192],[-124.069168,43.892141],[-124.069408,43.892141],[-124.069412,43.892141],[-124.069783,43.89214],[-124.070006,43.892273],[-124.070283,43.892333],[-124.070918,43.892493],[-124.071348,43.892533],[-124.071494,43.892501],[-124.071574,43.892483],[-124.072186,43.892537],[-124.072461,43.892542],[-124.072627,43.892566],[-124.072653,43.89265],[-124.072722,43.892833],[-124.073171,43.893135],[-124.073465,43.893419],[-124.073455,43.893541],[-124.073222,43.893538],[-124.072996,43.893487],[-124.072954,43.893566],[-124.073197,43.89367],[-124.073196,43.893675],[-124.073182,43.893727],[-124.073507,43.893981],[-124.073513,43.893986],[-124.073754,43.894046],[-124.074116,43.894021],[-124.074447,43.893877],[-124.074709,43.89367],[-124.074896,43.893449],[-124.074804,43.893075],[-124.074597,43.892792],[-124.074557,43.892514],[-124.074628,43.892223],[-124.074585,43.892123],[-124.074672,43.892026],[-124.074915,43.891891],[-124.075366,43.891732],[-124.075212,43.891236],[-124.074341,43.891256],[-124.074347,43.891096],[-124.074646,43.890715],[-124.075064,43.890376],[-124.075571,43.889994],[-124.076006,43.889636],[-124.076105,43.889481],[-124.076313,43.889291],[-124.076413,43.888861],[-124.076583,43.888572],[-124.076879,43.888283],[-124.077436,43.888007],[-124.077983,43.887788],[-124.078862,43.887568],[-124.079056,43.88762],[-124.079369,43.88754],[-124.079914,43.887429],[-124.080192,43.887341],[-124.080539,43.887389],[-124.08055,43.887389],[-124.080697,43.887384],[-124.080764,43.887382],[-124.081099,43.887508],[-124.081624,43.887687],[-124.081797,43.88764],[-124.081951,43.887672],[-124.081996,43.887747],[-124.082106,43.887888],[-124.082291,43.887945],[-124.082595,43.887918],[-124.082784,43.887906],[-124.083034,43.887833],[-124.08317,43.887734],[-124.083221,43.887614],[-124.083236,43.887564],[-124.083314,43.88753],[-124.083413,43.887537],[-124.083522,43.887594],[-124.083699,43.887647],[-124.083898,43.88774],[-124.084745,43.887859],[-124.084896,43.88777],[-124.085068,43.887725],[-124.085217,43.887776],[-124.085381,43.887715],[-124.085501,43.887909],[-124.085696,43.888047],[-124.086117,43.888222],[-124.086047,43.888546],[-124.086144,43.888608],[-124.086307,43.888629],[-124.085957,43.888839],[-124.085646,43.888994],[-124.085601,43.889224],[-124.085478,43.889624],[-124.085452,43.889779],[-124.085366,43.889974],[-124.085192,43.890066],[-124.085068,43.890224],[-124.084937,43.890418],[-124.084936,43.890632],[-124.085077,43.891056],[-124.084951,43.891411],[-124.084933,43.891853],[-124.085056,43.892194],[-124.085264,43.892782],[-124.085389,43.893455],[-124.085369,43.893791],[-124.085401,43.894257],[-124.085517,43.894636],[-124.085676,43.895078],[-124.085725,43.895454],[-124.085769,43.895659],[-124.085689,43.8959],[-124.08561,43.896057],[-124.085442,43.896243],[-124.085239,43.896645],[-124.085624,43.896841],[-124.085755,43.897049],[-124.085752,43.897088],[-124.085328,43.897069],[-124.08544,43.897344],[-124.085503,43.89751],[-124.085578,43.897705],[-124.085611,43.897776],[-124.085587,43.897778],[-124.085582,43.897798],[-124.085606,43.897802],[-124.085643,43.897827],[-124.085639,43.897906],[-124.085637,43.897969],[-124.085658,43.897987],[-124.085665,43.898028],[-124.085668,43.898042],[-124.08569,43.89807],[-124.085703,43.898088],[-124.085687,43.898105],[-124.085677,43.89811],[-124.08567,43.898113],[-124.085671,43.898129],[-124.085672,43.898158],[-124.085662,43.898185],[-124.085644,43.898209],[-124.085622,43.898231],[-124.085603,43.898254],[-124.085577,43.898332],[-124.085574,43.898362],[-124.085566,43.898447],[-124.085563,43.898477],[-124.085562,43.898493],[-124.085775,43.898502],[-124.085726,43.898581],[-124.085695,43.898676],[-124.085693,43.898813],[-124.08574,43.898896],[-124.085755,43.898986],[-124.085716,43.89904],[-124.0856,43.899114],[-124.085494,43.899208],[-124.085459,43.899271],[-124.085642,43.89928],[-124.085615,43.899387],[-124.085606,43.899425],[-124.08558,43.899494],[-124.085445,43.899862],[-124.085342,43.900095],[-124.085316,43.900153],[-124.085304,43.90018],[-124.085282,43.900231],[-124.085281,43.900233],[-124.085254,43.900336],[-124.08524,43.900387],[-124.085227,43.900439],[-124.085213,43.90049],[-124.08533,43.900672],[-124.085034,43.900658],[-124.084868,43.900833],[-124.084881,43.901293],[-124.084982,43.901442],[-124.084909,43.901523],[-124.084962,43.901728],[-124.084963,43.90173],[-124.085079,43.901848],[-124.085311,43.901957],[-124.085542,43.901909],[-124.085567,43.901904],[-124.085797,43.90184],[-124.085975,43.90179],[-124.086484,43.901651],[-124.087056,43.90156],[-124.087062,43.901559],[-124.087598,43.901545],[-124.087985,43.901637],[-124.08881,43.901919],[-124.089037,43.902066],[-124.089044,43.902073],[-124.089258,43.902271],[-124.089507,43.902656],[-124.08951,43.902717],[-124.08949,43.902879],[-124.089398,43.903026],[-124.089375,43.903132],[-124.089296,43.903164],[-124.089342,43.903259],[-124.089445,43.903549],[-124.089449,43.903561],[-124.089473,43.903628],[-124.089508,43.903725],[-124.089499,43.903725],[-124.089328,43.903727],[-124.089045,43.90373],[-124.088875,43.903732],[-124.088823,43.903972],[-124.088811,43.904027],[-124.088747,43.904327],[-124.088773,43.904327],[-124.088824,43.904326],[-124.088897,43.904326],[-124.0889,43.904326],[-124.08896,43.904326],[-124.089339,43.904342],[-124.089371,43.904343],[-124.089718,43.904358],[-124.08975,43.904359],[-124.090505,43.904239],[-124.090511,43.90424]],[[-124.0832,43.88408],[-124.083255,43.884494],[-124.083465,43.884843],[-124.083399,43.885018],[-124.083025,43.885044],[-124.082577,43.885476],[-124.082225,43.885956],[-124.08205,43.885948],[-124.082118,43.885517],[-124.082807,43.884022],[-124.0832,43.88408]],[[-124.084212,43.881043],[-124.083642,43.881337],[-124.083654,43.882279],[-124.083281,43.882596],[-124.083071,43.882131],[-124.083112,43.881443],[-124.082693,43.88059],[-124.081249,43.879873],[-124.081722,43.879314],[-124.081379,43.879102],[-124.081669,43.878829],[-124.08271,43.87914],[-124.083389,43.879622],[-124.084045,43.879799],[-124.084212,43.881043]],[[-124.102211,43.881345],[-124.102398,43.881271],[-124.102859,43.88128],[-124.103244,43.881324],[-124.103583,43.881455],[-124.103789,43.881535],[-124.104095,43.88163],[-124.104213,43.881701],[-124.104264,43.881954],[-124.104097,43.88209],[-124.103948,43.882289],[-124.103626,43.882437],[-124.10356,43.882551],[-124.10338,43.882561],[-124.103064,43.882735],[-124.102712,43.882978],[-124.102357,43.883097],[-124.102181,43.883016],[-124.102029,43.882883],[-124.101942,43.882639],[-124.101658,43.88239],[-124.101609,43.882178],[-124.101452,43.882064],[-124.101052,43.881949],[-124.100778,43.881946],[-124.100473,43.881948],[-124.100325,43.881893],[-124.10029,43.881823],[-124.100392,43.881719],[-124.100627,43.881581],[-124.100932,43.881493],[-124.101168,43.881463],[-124.101602,43.881449],[-124.102019,43.881511],[-124.102147,43.881477],[-124.102211,43.881345]],[[-124.096469,43.865964],[-124.092652,43.867859],[-124.090601,43.868269],[-124.091846,43.866911],[-124.095815,43.864789],[-124.096469,43.865964]]]}},{"type":"Feature","properties":{"MAPTAXLOT":"1912000000077","MAPNUMBER":"19120000","TAXLOT":"77","ACCTNO":"000None","MAPACRES":12.50447342},"geometry":{"type":"Polygon","coordinates":[[[-124.125528,43.883192],[-124.126286,43.883196],[-124.126287,43.883114],[-124.126515,43.883115],[-124.126565,43.883115],[-124.126615,43.883114],[-124.126665,43.883113],[-124.126715,43.883111],[-124.126765,43.883108],[-124.126815,43.883105],[-124.126865,43.883101],[-124.126914,43.883096],[-124.126964,43.883091],[-124.127013,43.883086],[-124.127063,43.883079],[-124.127112,43.883072],[-124.127161,43.883065],[-124.12721,43.883056],[-124.127258,43.883047],[-124.127306,43.883038],[-124.127355,43.883028],[-124.127402,43.883017],[-124.12745,43.883006],[-124.127497,43.882994],[-124.127544,43.882982],[-124.127591,43.882969],[-124.127637,43.882955],[-124.127683,43.882941],[-124.127729,43.882926],[-124.127774,43.882911],[-124.127819,43.882895],[-124.127864,43.882878],[-124.127908,43.882861],[-124.127952,43.882843],[-124.127995,43.882825],[-124.128038,43.882807],[-124.12808,43.882787],[-124.128122,43.882768],[-124.128164,43.882747],[-124.128204,43.882726],[-124.128245,43.882705],[-124.128285,43.882683],[-124.128324,43.882661],[-124.128363,43.882638],[-124.128401,43.882615],[-124.128439,43.882591],[-124.128476,43.882567],[-124.128513,43.882542],[-124.128549,43.882517],[-124.128584,43.882491],[-124.128619,43.882465],[-124.128653,43.882438],[-124.128686,43.882411],[-124.128719,43.882384],[-124.128751,43.882356],[-124.128782,43.882328],[-124.128813,43.882299],[-124.128843,43.88227],[-124.128872,43.882241],[-124.128901,43.882211],[-124.128929,43.882181],[-124.128956,43.882151],[-124.128983,43.88212],[-124.129008,43.882089],[-124.129033,43.882058],[-124.129057,43.882026],[-124.129081,43.881994],[-124.129103,43.881962],[-124.129125,43.881929],[-124.129146,43.881896],[-124.129166,43.881863],[-124.129186,43.88183],[-124.129205,43.881796],[-124.129222,43.881762],[-124.129239,43.881728],[-124.129256,43.881694],[-124.129262,43.88168],[-124.129771,43.880545],[-124.130024,43.880605],[-124.130258,43.880083],[-124.130077,43.88004],[-124.130311,43.879519],[-124.130239,43.879502],[-124.1307,43.878474],[-124.13109,43.877606],[-124.131147,43.877473],[-124.131202,43.87734],[-124.131253,43.877206],[-124.131301,43.877071],[-124.131346,43.876936],[-124.131388,43.8768],[-124.131426,43.876664],[-124.131461,43.876527],[-124.131493,43.87639],[-124.131521,43.876252],[-124.131546,43.876114],[-124.131568,43.875976],[-124.131582,43.875873],[-124.131836,43.873862],[-124.131949,43.87387],[-124.13196,43.873782],[-124.131967,43.873734],[-124.131986,43.873601],[-124.132009,43.873468],[-124.132035,43.873335],[-124.132147,43.873348],[-124.132176,43.873217],[-124.132208,43.873086],[-124.132244,43.872957],[-124.132282,43.872827],[-124.132323,43.872698],[-124.132368,43.87257],[-124.132294,43.872556],[-124.132325,43.872474],[-124.132375,43.872345],[-124.132428,43.872218],[-124.132484,43.872091],[-124.132543,43.871964],[-124.132605,43.871839],[-124.13267,43.871714],[-124.132739,43.87159],[-124.13281,43.871467],[-124.132884,43.871345],[-124.132961,43.871224],[-124.132171,43.871224],[-124.132171,43.871224],[-124.132171,43.871224],[-124.13217,43.871224],[-124.132093,43.871355],[-124.13202,43.871487],[-124.131949,43.87162],[-124.131882,43.871754],[-124.131822,43.871879],[-124.131966,43.871914],[-124.131905,43.872047],[-124.131848,43.872182],[-124.131795,43.872317],[-124.131744,43.872452],[-124.131697,43.872589],[-124.131653,43.872726],[-124.131612,43.872863],[-124.131575,43.873001],[-124.131541,43.873139],[-124.13151,43.873278],[-124.131483,43.873417],[-124.131459,43.873556],[-124.131438,43.873696],[-124.131432,43.873747],[-124.13142,43.873835],[-124.131496,43.87384],[-124.131323,43.875206],[-124.131361,43.875208],[-124.131279,43.875853],[-124.131266,43.875953],[-124.131245,43.876088],[-124.13122,43.876222],[-124.131193,43.876356],[-124.131162,43.876489],[-124.131128,43.876622],[-124.131091,43.876755],[-124.13105,43.876887],[-124.131007,43.877018],[-124.13096,43.877149],[-124.13091,43.877279],[-124.130857,43.877409],[-124.130801,43.877538],[-124.130381,43.878474],[-124.129951,43.879434],[-124.129879,43.879417],[-124.12941,43.880461],[-124.129482,43.880478],[-124.128973,43.881613],[-124.128968,43.881625],[-124.128953,43.881655],[-124.128938,43.881686],[-124.128922,43.881716],[-124.128905,43.881746],[-124.128888,43.881776],[-124.12887,43.881806],[-124.128851,43.881835],[-124.128831,43.881864],[-124.128811,43.881893],[-124.12879,43.881922],[-124.128769,43.88195],[-124.128746,43.881978],[-124.128723,43.882006],[-124.1287,43.882033],[-124.128676,43.882061],[-124.128651,43.882087],[-124.128625,43.882114],[-124.128599,43.88214],[-124.128572,43.882166],[-124.128544,43.882192],[-124.128516,43.882217],[-124.128488,43.882242],[-124.128458,43.882266],[-124.128428,43.88229],[-124.128398,43.882314],[-124.128367,43.882337],[-124.128335,43.88236],[-124.128303,43.882383],[-124.128271,43.882405],[-124.128237,43.882427],[-124.128204,43.882448],[-124.12817,43.882469],[-124.128135,43.882489],[-124.1281,43.882509],[-124.128064,43.882529],[-124.128028,43.882548],[-124.127991,43.882567],[-124.127954,43.882585],[-124.127917,43.882603],[-124.127879,43.88262],[-124.12784,43.882636],[-124.127802,43.882653],[-124.127763,43.882668],[-124.127723,43.882684],[-124.127683,43.882699],[-124.127643,43.882713],[-124.127603,43.882727],[-124.127562,43.88274],[-124.127521,43.882752],[-124.127479,43.882765],[-124.127437,43.882776],[-124.127395,43.882787],[-124.127353,43.882798],[-124.12731,43.882808],[-124.127268,43.882818],[-124.127225,43.882827],[-124.127181,43.882835],[-124.127138,43.882843],[-124.127094,43.88285],[-124.127051,43.882857],[-124.127007,43.882863],[-124.126963,43.882869],[-124.126919,43.882874],[-124.126874,43.882879],[-124.12683,43.882883],[-124.126785,43.882886],[-124.126741,43.882889],[-124.126696,43.882892],[-124.126651,43.882893],[-124.126607,43.882895],[-124.126562,43.882895],[-124.126517,43.882895],[-124.126289,43.882894],[-124.126289,43.882812],[-124.125531,43.882808],[-124.12553,43.882863],[-124.125181,43.882862],[-124.125186,43.883163],[-124.125528,43.883165],[-124.125528,43.883192]]]}},{"type":"Feature","properties":{"MAPTAXLOT":"1912000000088","MAPNUMBER":"19120000","TAXLOT":"88","ACCTNO":"000None","MAPACRES":17.32173011},"geometry":{"type":"Polygon","coordinates":[[[-124.155743,43.874475],[-124.155623,43.873937],[-124.155678,43.873809],[-124.155041,43.873594],[-124.154543,43.873628],[-124.153802,43.87376],[-124.153368,43.874008],[-124.153212,43.87432],[-124.153297,43.874951],[-124.153292,43.875048],[-124.153146,43.87532],[-124.152931,43.875462],[-124.152583,43.875581],[-124.152213,43.875633],[-124.151823,43.875652],[-124.151377,43.875524],[-124.150953,43.875315],[-124.150585,43.875077],[-124.150279,43.874959],[-124.150066,43.874831],[-124.150028,43.87467],[-124.150165,43.874612],[-124.150415,43.87459],[-124.150754,43.874485],[-124.150751,43.874438],[-124.150401,43.87451],[-124.150106,43.87456],[-124.149796,43.874522],[-124.149462,43.874411],[-124.149069,43.874228],[-124.148701,43.873997],[-124.148513,43.873828],[-124.148251,43.873661],[-124.147881,43.873558],[-124.147546,43.873568],[-124.14726,43.873618],[-124.146895,43.873712],[-124.146665,43.873908],[-124.146402,43.874199],[-124.14624,43.874447],[-124.146002,43.874826],[-124.145936,43.875131],[-124.14588,43.875443],[-124.145918,43.875759],[-124.145895,43.876144],[-124.145789,43.876397],[-124.145619,43.87653],[-124.145349,43.876694],[-124.144982,43.876793],[-124.144622,43.876858],[-124.144365,43.876927],[-124.144077,43.877098],[-124.143899,43.877245],[-124.143676,43.877322],[-124.14337,43.877365],[-124.143132,43.877426],[-124.142807,43.877457],[-124.142335,43.877519],[-124.141859,43.877514],[-124.141442,43.877412],[-124.141202,43.877298],[-124.140935,43.877051],[-124.140596,43.876832],[-124.140291,43.87672],[-124.139916,43.876705],[-124.139283,43.876718],[-124.13884,43.876793],[-124.138502,43.876911],[-124.138254,43.876987],[-124.138034,43.877041],[-124.13789,43.876984],[-124.137771,43.876853],[-124.137694,43.876674],[-124.137618,43.876481],[-124.137434,43.876339],[-124.137188,43.876293],[-124.136778,43.876299],[-124.136328,43.876407],[-124.135991,43.876553],[-124.135782,43.876795],[-124.135692,43.877156],[-124.135717,43.877418],[-124.135829,43.877576],[-124.135951,43.877754],[-124.136032,43.87786],[-124.135971,43.877929],[-124.135786,43.877955],[-124.135692,43.877931],[-124.135683,43.877797],[-124.135639,43.87767],[-124.135487,43.877627],[-124.135282,43.877634],[-124.135055,43.877742],[-124.134934,43.877894],[-124.134891,43.878111],[-124.13492,43.878441],[-124.134926,43.878472],[-124.134985,43.878749],[-124.135105,43.879035],[-124.135227,43.879224],[-124.135364,43.879341],[-124.135366,43.879523],[-124.135214,43.879629],[-124.134965,43.879678],[-124.13461,43.879682],[-124.134357,43.879656],[-124.13416,43.879642],[-124.133827,43.87968],[-124.133455,43.879698],[-124.133256,43.879806],[-124.132932,43.879856],[-124.132526,43.87993],[-124.132306,43.880046],[-124.132063,43.880202],[-124.131879,43.880559],[-124.131871,43.880721],[-124.131858,43.880977],[-124.131843,43.881201],[-124.131597,43.881296],[-124.131294,43.88138],[-124.131008,43.881436],[-124.130728,43.881579],[-124.130451,43.881777],[-124.130274,43.881938],[-124.129948,43.882258],[-124.129653,43.882483],[-124.129264,43.882742],[-124.129012,43.882898],[-124.128835,43.883045],[-124.128719,43.883291],[-124.128613,43.883389],[-124.128428,43.883577],[-124.128133,43.88364],[-124.127737,43.883727],[-124.127271,43.883735],[-124.126739,43.883731],[-124.125833,43.883712],[-124.125377,43.88372],[-124.125196,43.883722],[-124.125199,43.88384],[-124.125317,43.883837],[-124.12582,43.883821],[-124.126399,43.883836],[-124.127278,43.883876],[-124.127853,43.883811],[-124.128334,43.883742],[-124.128589,43.883646],[-124.128706,43.883407],[-124.128871,43.883206],[-124.129041,43.88303],[-124.12933,43.882873],[-124.129653,43.882661],[-124.130066,43.882391],[-124.130428,43.882036],[-124.130746,43.88175],[-124.131229,43.881559],[-124.131673,43.881491],[-124.13198,43.88141],[-124.132158,43.881251],[-124.132175,43.881236],[-124.132192,43.880891],[-124.132146,43.880603],[-124.132214,43.880324],[-124.132471,43.8801],[-124.132893,43.879993],[-124.133337,43.879925],[-124.133646,43.879794],[-124.133888,43.879778],[-124.134222,43.879755],[-124.13462,43.879851],[-124.134947,43.879861],[-124.135354,43.879764],[-124.13557,43.879629],[-124.135617,43.879486],[-124.135554,43.87936],[-124.135314,43.879091],[-124.135149,43.878833],[-124.135104,43.878544],[-124.13503,43.87825],[-124.135048,43.877933],[-124.135188,43.877773],[-124.135371,43.877707],[-124.1355,43.877682],[-124.135552,43.877768],[-124.135522,43.877891],[-124.135556,43.877997],[-124.135819,43.87803],[-124.13607,43.878008],[-124.136204,43.877916],[-124.136219,43.877813],[-124.136099,43.877668],[-124.13593,43.877498],[-124.135826,43.877164],[-124.135938,43.876864],[-124.136193,43.876593],[-124.136448,43.876504],[-124.136791,43.876453],[-124.137275,43.876438],[-124.137505,43.876552],[-124.137594,43.876778],[-124.137709,43.876984],[-124.138015,43.877122],[-124.138302,43.877086],[-124.138604,43.876976],[-124.138945,43.876918],[-124.139481,43.876889],[-124.139977,43.876907],[-124.140458,43.877],[-124.140884,43.877257],[-124.141396,43.877557],[-124.141831,43.877645],[-124.142306,43.877643],[-124.14278,43.877608],[-124.143326,43.87753],[-124.143786,43.877421],[-124.144064,43.877328],[-124.144271,43.877207],[-124.144466,43.877032],[-124.144769,43.876955],[-124.145102,43.876904],[-124.145423,43.876813],[-124.145806,43.876673],[-124.14609,43.876435],[-124.146178,43.876196],[-124.146144,43.875941],[-124.146165,43.875663],[-124.146181,43.875305],[-124.146352,43.874895],[-124.146573,43.874538],[-124.146778,43.874221],[-124.146988,43.873999],[-124.14734,43.873852],[-124.147616,43.873782],[-124.148092,43.873801],[-124.148298,43.873956],[-124.148554,43.874184],[-124.148629,43.874344],[-124.148982,43.874629],[-124.149328,43.874807],[-124.149683,43.874965],[-124.15025,43.875237],[-124.150577,43.875402],[-124.151029,43.87563],[-124.151448,43.875772],[-124.151853,43.875827],[-124.152299,43.87584],[-124.152301,43.87584],[-124.152688,43.875753],[-124.152997,43.875629],[-124.153276,43.875458],[-124.153511,43.875181],[-124.153554,43.875139],[-124.153633,43.874252],[-124.153811,43.873904],[-124.154404,43.873795],[-124.154955,43.873832],[-124.155338,43.873964],[-124.155743,43.874475]]]}},{"type":"Feature","properties":{"MAPTAXLOT":"1912000000300","MAPNUMBER":"19120000","TAXLOT":"300","ACCTNO":"0856128","MAPACRES":4269.86241699},"geometry":{"type":"MultiPolygon","coordinates":[[[[-124.124982,43.932975],[-124.125039,43.936595],[-124.125083,43.940214],[-124.12513,43.943833],[-124.124653,43.947451],[-124.124175,43.951069],[-124.123702,43.954688],[-124.123561,43.955774],[-124.128573,43.955774],[-124.128574,43.955774],[-124.133586,43.955774],[-124.138598,43.955774],[-124.142608,43.955774],[-124.142611,43.955774],[-124.142788,43.955774],[-124.142792,43.955774],[-124.14361,43.955774],[-124.144215,43.955774],[-124.144206,43.955684],[-124.144205,43.955547],[-124.144212,43.955412],[-124.144242,43.955332],[-124.14425,43.955225],[-124.144264,43.955068],[-124.144242,43.954967],[-124.144249,43.954887],[-124.144283,43.954823],[-124.144311,43.954712],[-124.144311,43.954599],[-124.144336,43.954505],[-124.144357,43.954353],[-124.144381,43.954237],[-124.144379,43.954147],[-124.144394,43.95408],[-124.144411,43.953976],[-124.144444,43.953892],[-124.144472,43.95374],[-124.144489,43.953578],[-124.144518,43.95342],[-124.144559,43.953276],[-124.144561,43.953191],[-124.144561,43.953059],[-124.144584,43.952949],[-124.144629,43.952805],[-124.144635,43.952725],[-124.144632,43.952607],[-124.144638,43.952516],[-124.144655,43.95248],[-124.144685,43.952344],[-124.144691,43.952196],[-124.144719,43.952088],[-124.144719,43.951972],[-124.144739,43.951791],[-124.144774,43.951614],[-124.144779,43.951515],[-124.144835,43.951302],[-124.144857,43.951172],[-124.144858,43.951059],[-124.144852,43.950892],[-124.144868,43.950721],[-124.144905,43.950569],[-124.144937,43.95042],[-124.144943,43.950255],[-124.14494,43.950148],[-124.144981,43.950015],[-124.144995,43.949932],[-124.14501,43.9498],[-124.145001,43.949643],[-124.145014,43.949541],[-124.145059,43.949411],[-124.145094,43.949226],[-124.145101,43.949097],[-124.14512,43.94897],[-124.145159,43.948804],[-124.145174,43.948674],[-124.145191,43.948514],[-124.145229,43.94826],[-124.145245,43.948082],[-124.145259,43.94787],[-124.145272,43.947705],[-124.145265,43.947526],[-124.145285,43.947366],[-124.145287,43.947196],[-124.145286,43.947064],[-124.1453,43.946907],[-124.145306,43.94669],[-124.145321,43.94644],[-124.145319,43.946286],[-124.14532,43.946113],[-124.145332,43.945932],[-124.145327,43.945715],[-124.145332,43.945616],[-124.145297,43.945477],[-124.145276,43.945376],[-124.145247,43.945212],[-124.145201,43.945019],[-124.145163,43.944899],[-124.145143,43.944749],[-124.145111,43.944659],[-124.145121,43.944582],[-124.14517,43.944443],[-124.145254,43.944325],[-124.145372,43.944143],[-124.145443,43.943992],[-124.14556,43.943834],[-124.145622,43.943692],[-124.145658,43.943401],[-124.145743,43.943107],[-124.145799,43.942957],[-124.145866,43.942743],[-124.145924,43.942522],[-124.145998,43.942289],[-124.146048,43.942106],[-124.146092,43.941904],[-124.146143,43.941675],[-124.146189,43.941489],[-124.146217,43.941381],[-124.146245,43.941218],[-124.146272,43.941102],[-124.146332,43.940963],[-124.146352,43.940853],[-124.146344,43.940727],[-124.146351,43.940644],[-124.14638,43.940492],[-124.146394,43.940415],[-124.146397,43.940329],[-124.146393,43.940203],[-124.146408,43.940022],[-124.146432,43.939848],[-124.146426,43.939744],[-124.146434,43.939562],[-124.146455,43.939479],[-124.146474,43.939344],[-124.146476,43.939248],[-124.146494,43.939118],[-124.146522,43.938947],[-124.146543,43.938724],[-124.146578,43.93855],[-124.146603,43.938393],[-124.146641,43.938213],[-124.146643,43.938122],[-124.146682,43.93794],[-124.146711,43.937862],[-124.146732,43.93776],[-124.146726,43.937669],[-124.146744,43.937578],[-124.146779,43.937404],[-124.146808,43.937321],[-124.146818,43.937244],[-124.146855,43.937034],[-124.14689,43.936857],[-124.146915,43.9367],[-124.146949,43.93658],[-124.146966,43.936476],[-124.147045,43.936218],[-124.147065,43.936107],[-124.147094,43.935955],[-124.147123,43.935803],[-124.147153,43.935602],[-124.147193,43.935384],[-124.147213,43.935218],[-124.147238,43.935067],[-124.147245,43.934932],[-124.147258,43.934767],[-124.147273,43.934692],[-124.147293,43.934587],[-124.147295,43.934496],[-124.147312,43.934405],[-124.14732,43.93429],[-124.147331,43.934144],[-124.147366,43.933975],[-124.147384,43.933771],[-124.147406,43.93357],[-124.147438,43.933399],[-124.147443,43.933303],[-124.147459,43.933176],[-124.147483,43.933016],[-124.147509,43.932872],[-124.14751,43.932776],[-124.147529,43.932702],[-124.147573,43.932557],[-124.147605,43.932326],[-124.147625,43.93216],[-124.147647,43.931962],[-124.147666,43.931758],[-124.147671,43.931599],[-124.147687,43.931425],[-124.147662,43.931322],[-124.14762,43.931123],[-124.147584,43.930973],[-124.147543,43.930867],[-124.147469,43.930762],[-124.147406,43.930599],[-124.147403,43.930547],[-124.147392,43.930438],[-124.147348,43.930335],[-124.147343,43.930247],[-124.147352,43.930082],[-124.14739,43.930018],[-124.147463,43.929911],[-124.14754,43.929859],[-124.147632,43.929749],[-124.147728,43.929636],[-124.147823,43.929524],[-124.147904,43.929411],[-124.147989,43.929246],[-124.148038,43.929113],[-124.148115,43.928943],[-124.148166,43.928771],[-124.148188,43.928647],[-124.148215,43.928517],[-124.148258,43.92842],[-124.148308,43.928295],[-124.148322,43.928217],[-124.148318,43.928154],[-124.148327,43.92805],[-124.148341,43.927906],[-124.148345,43.927785],[-124.148326,43.927652],[-124.148306,43.927518],[-124.148296,43.92735],[-124.148264,43.927187],[-124.148249,43.927011],[-124.148226,43.926806],[-124.148211,43.926625],[-124.148224,43.926466],[-124.148236,43.926347],[-124.148269,43.926198],[-124.148311,43.926081],[-124.1484,43.925853],[-124.148455,43.925698],[-124.148535,43.925509],[-124.14861,43.9253],[-124.14864,43.92517],[-124.148645,43.925066],[-124.148655,43.924854],[-124.148672,43.924697],[-124.148706,43.924501],[-124.148752,43.924258],[-124.148808,43.924048],[-124.148875,43.923837],[-124.148902,43.923721],[-124.14893,43.923555],[-124.148953,43.923367],[-124.148988,43.923133],[-124.14901,43.922993],[-124.149037,43.922818],[-124.149073,43.922592],[-124.149091,43.922451],[-124.149126,43.922275],[-124.149157,43.92209],[-124.149196,43.921929],[-124.149247,43.9217],[-124.149302,43.92147],[-124.149344,43.921296],[-124.149388,43.921066],[-124.149439,43.920793],[-124.149478,43.920547],[-124.149497,43.92036],[-124.149519,43.920167],[-124.149536,43.920005],[-124.149556,43.919823],[-124.149575,43.919635],[-124.149606,43.919396],[-124.149634,43.91923],[-124.149653,43.9191],[-124.149669,43.918932],[-124.149685,43.918811],[-124.149725,43.918593],[-124.149745,43.918482],[-124.149763,43.918292],[-124.149772,43.918179],[-124.149806,43.91806],[-124.149825,43.917922],[-124.149842,43.917826],[-124.149862,43.917729],[-124.149909,43.91756],[-124.149929,43.91745],[-124.149946,43.917284],[-124.149984,43.917107],[-124.15002,43.916947],[-124.150039,43.916823],[-124.150064,43.916723],[-124.150088,43.916563],[-124.150108,43.916447],[-124.150133,43.916295],[-124.150157,43.916133],[-124.150177,43.916019],[-124.150231,43.915839],[-124.150271,43.915692],[-124.150294,43.915565],[-124.150318,43.915463],[-124.150375,43.915327],[-124.150397,43.9152],[-124.150432,43.915017],[-124.15047,43.914838],[-124.1505,43.914633],[-124.150532,43.914468],[-124.150559,43.914294],[-124.150582,43.914112],[-124.150603,43.91401],[-124.150626,43.913828],[-124.150652,43.913698],[-124.150656,43.913569],[-124.150684,43.913406],[-124.150696,43.91323],[-124.150711,43.9131],[-124.150744,43.912888],[-124.150757,43.912731],[-124.150775,43.912579],[-124.150799,43.912414],[-124.150806,43.912271],[-124.150818,43.912169],[-124.150817,43.912075],[-124.15082,43.911943],[-124.150839,43.911751],[-124.150849,43.911613],[-124.15086,43.911418],[-124.150871,43.91128],[-124.150896,43.911128],[-124.150916,43.91096],[-124.150944,43.910781],[-124.150968,43.910623],[-124.150991,43.910494],[-124.150996,43.910442],[-124.151007,43.910323],[-124.151023,43.910144],[-124.151047,43.909913],[-124.151052,43.909816],[-124.151051,43.909731],[-124.151062,43.909591],[-124.151077,43.909409],[-124.151086,43.90923],[-124.151107,43.909018],[-124.151127,43.908911],[-124.151152,43.908761],[-124.151181,43.908607],[-124.15122,43.908504],[-124.151275,43.90834],[-124.151323,43.90819],[-124.151357,43.908066],[-124.151403,43.907938],[-124.151468,43.907763],[-124.151508,43.907666],[-124.151593,43.907504],[-124.151665,43.907375],[-124.151709,43.907291],[-124.151755,43.907175],[-124.151793,43.907044],[-124.151832,43.906939],[-124.151864,43.906773],[-124.151874,43.906622],[-124.151885,43.906426],[-124.151881,43.90624],[-124.151877,43.906053],[-124.151887,43.905954],[-124.151934,43.90573],[-124.151978,43.90552],[-124.152005,43.90539],[-124.152037,43.905235],[-124.152075,43.90505],[-124.152111,43.904832],[-124.152122,43.904692],[-124.152114,43.904563],[-124.152091,43.904374],[-124.152051,43.904153],[-124.152029,43.903972],[-124.152031,43.903816],[-124.152055,43.903653],[-124.152089,43.903509],[-124.152144,43.903299],[-124.152182,43.903174],[-124.15222,43.903052],[-124.152263,43.902935],[-124.152312,43.902802],[-124.152334,43.90274],[-124.15238,43.90261],[-124.152423,43.902436],[-124.152452,43.902301],[-124.152487,43.902181],[-124.15254,43.902048],[-124.152617,43.901881],[-124.152699,43.901669],[-124.152763,43.901538],[-124.152848,43.901365],[-124.152906,43.901199],[-124.152945,43.901076],[-124.15298,43.900969],[-124.153016,43.900819],[-124.15302,43.90063],[-124.15301,43.900405],[-124.152974,43.900247],[-124.152948,43.900069],[-124.152912,43.899908],[-124.152897,43.899785],[-124.152862,43.899528],[-124.152833,43.899364],[-124.152822,43.899246],[-124.152801,43.89908],[-124.152794,43.898901],[-124.152783,43.89872],[-124.152788,43.89855],[-124.152801,43.898448],[-124.152813,43.898269],[-124.152844,43.898087],[-124.152886,43.897907],[-124.152945,43.897686],[-124.152971,43.897558],[-124.152992,43.897456],[-124.153014,43.897384],[-124.153056,43.897207],[-124.153086,43.897074],[-124.153123,43.896873],[-124.153152,43.89666],[-124.153186,43.896464],[-124.153223,43.896315],[-124.153263,43.896168],[-124.153288,43.896082],[-124.153322,43.895949],[-124.153344,43.895877],[-124.153393,43.895736],[-124.15341,43.895636],[-124.153408,43.895546],[-124.153425,43.895455],[-124.153455,43.895388],[-124.153483,43.895277],[-124.153517,43.89515],[-124.153517,43.895092],[-124.153531,43.895001],[-124.153529,43.894913],[-124.15354,43.894847],[-124.153546,43.894748],[-124.153532,43.894641],[-124.153525,43.894529],[-124.153508,43.89443],[-124.153495,43.894283],[-124.153467,43.894193],[-124.153466,43.894056],[-124.153458,43.893921],[-124.153468,43.893715],[-124.153485,43.89355],[-124.153506,43.893393],[-124.153538,43.893109],[-124.153568,43.892916],[-124.153606,43.892656],[-124.153644,43.892474],[-124.153701,43.892293],[-124.153769,43.892099],[-124.153827,43.891927],[-124.153877,43.891747],[-124.153921,43.891597],[-124.15397,43.891456],[-124.154061,43.8912],[-124.154086,43.891109],[-124.154099,43.891012],[-124.154156,43.890835],[-124.154198,43.890707],[-124.154263,43.890527],[-124.154285,43.890394],[-124.154317,43.890289],[-124.154378,43.890108],[-124.154425,43.889945],[-124.15447,43.889801],[-124.154511,43.889668],[-124.154535,43.889562],[-124.154553,43.889425],[-124.154566,43.889323],[-124.154592,43.88919],[-124.15462,43.889019],[-124.154612,43.888945],[-124.154617,43.888909],[-124.154641,43.888796],[-124.154673,43.888641],[-124.154671,43.88855],[-124.154662,43.88846],[-124.154673,43.888391],[-124.154687,43.888303],[-124.154677,43.88821],[-124.154697,43.888091],[-124.154713,43.887986],[-124.154722,43.887882],[-124.154747,43.887759],[-124.154763,43.887677],[-124.154776,43.887572],[-124.154763,43.88749],[-124.154786,43.8873],[-124.154836,43.88712],[-124.154831,43.887041],[-124.154832,43.886931],[-124.154847,43.886746],[-124.154849,43.88665],[-124.154847,43.886488],[-124.154857,43.886397],[-124.154868,43.886265],[-124.154876,43.886095],[-124.154909,43.885945],[-124.154925,43.885764],[-124.154947,43.885626],[-124.154963,43.885463],[-124.15497,43.885328],[-124.15499,43.885204],[-124.155001,43.885022],[-124.155019,43.884808],[-124.155032,43.88459],[-124.15503,43.884434],[-124.155026,43.884297],[-124.155041,43.884049],[-124.155061,43.883867],[-124.155072,43.883743],[-124.155073,43.883636],[-124.155084,43.883507],[-124.155105,43.883339],[-124.155113,43.883231],[-124.155126,43.883069],[-124.155137,43.882986],[-124.15516,43.882873],[-124.155176,43.882754],[-124.155201,43.882605],[-124.155215,43.88252],[-124.155232,43.88236],[-124.155242,43.882288],[-124.155268,43.882147],[-124.155273,43.882098],[-124.153974,43.882097],[-124.150734,43.882094],[-124.151402,43.878233],[-124.152299,43.87584],[-124.151853,43.875827],[-124.151448,43.875772],[-124.151029,43.87563],[-124.150577,43.875402],[-124.15025,43.875237],[-124.149683,43.874965],[-124.149328,43.874807],[-124.148982,43.874629],[-124.148629,43.874344],[-124.148554,43.874184],[-124.148298,43.873956],[-124.148092,43.873801],[-124.147616,43.873782],[-124.14734,43.873852],[-124.146988,43.873999],[-124.146778,43.874221],[-124.146573,43.874538],[-124.146352,43.874895],[-124.146181,43.875305],[-124.146165,43.875663],[-124.146144,43.875941],[-124.146178,43.876196],[-124.14609,43.876435],[-124.145806,43.876673],[-124.145423,43.876813],[-124.145102,43.876904],[-124.144769,43.876955],[-124.144466,43.877032],[-124.144271,43.877207],[-124.144064,43.877328],[-124.143786,43.877421],[-124.143326,43.87753],[-124.14278,43.877608],[-124.142306,43.877643],[-124.141831,43.877645],[-124.141396,43.877557],[-124.140884,43.877257],[-124.140458,43.877],[-124.139977,43.876907],[-124.139481,43.876889],[-124.138945,43.876918],[-124.138604,43.876976],[-124.138302,43.877086],[-124.138015,43.877122],[-124.137709,43.876984],[-124.137594,43.876778],[-124.137505,43.876552],[-124.137275,43.876438],[-124.136791,43.876453],[-124.136448,43.876504],[-124.136193,43.876593],[-124.135938,43.876864],[-124.135826,43.877164],[-124.13593,43.877498],[-124.136099,43.877668],[-124.136219,43.877813],[-124.136204,43.877916],[-124.13607,43.878008],[-124.135819,43.87803],[-124.135556,43.877997],[-124.135522,43.877891],[-124.135552,43.877768],[-124.1355,43.877682],[-124.135371,43.877707],[-124.135188,43.877773],[-124.135048,43.877933],[-124.13503,43.87825],[-124.135104,43.878544],[-124.135149,43.878833],[-124.135314,43.879091],[-124.135554,43.87936],[-124.135617,43.879486],[-124.13557,43.879629],[-124.135354,43.879764],[-124.134947,43.879861],[-124.13462,43.879851],[-124.134222,43.879755],[-124.133888,43.879778],[-124.133879,43.881242],[-124.132158,43.881251],[-124.13198,43.88141],[-124.131673,43.881491],[-124.131229,43.881559],[-124.130746,43.88175],[-124.130428,43.882036],[-124.130066,43.882391],[-124.129653,43.882661],[-124.12933,43.882873],[-124.129041,43.88303],[-124.128871,43.883206],[-124.128706,43.883407],[-124.128589,43.883646],[-124.128334,43.883742],[-124.127853,43.883811],[-124.127278,43.883876],[-124.126399,43.883836],[-124.12582,43.883821],[-124.125317,43.883837],[-124.125199,43.88384],[-124.125208,43.884164],[-124.125202,43.885906],[-124.1252,43.889413],[-124.1252,43.889526],[-124.125198,43.893146],[-124.1252,43.896766],[-124.125202,43.900273],[-124.125202,43.900386],[-124.125147,43.904006],[-124.125091,43.907626],[-124.125035,43.911246],[-124.12498,43.914865],[-124.124966,43.918488],[-124.124959,43.920299],[-124.124953,43.92211],[-124.124939,43.925732],[-124.124925,43.929355],[-124.124982,43.932975]],[[-124.144658,43.918416],[-124.1446,43.922029],[-124.144542,43.925643],[-124.144484,43.929256],[-124.139594,43.929281],[-124.134705,43.929306],[-124.129815,43.92933],[-124.12984,43.92571],[-124.129864,43.92209],[-124.134776,43.92207],[-124.139688,43.92205],[-124.139735,43.918434],[-124.144658,43.918416]]],[[[-124.1307,43.878474],[-124.134926,43.878472],[-124.13492,43.878441],[-124.134891,43.878111],[-124.134934,43.877894],[-124.135055,43.877742],[-124.135282,43.877634],[-124.135487,43.877627],[-124.135639,43.87767],[-124.135683,43.877797],[-124.135692,43.877931],[-124.135786,43.877955],[-124.135971,43.877929],[-124.136032,43.87786],[-124.135951,43.877754],[-124.135829,43.877576],[-124.135717,43.877418],[-124.135692,43.877156],[-124.135782,43.876795],[-124.135991,43.876553],[-124.136328,43.876407],[-124.136778,43.876299],[-124.137188,43.876293],[-124.137434,43.876339],[-124.137618,43.876481],[-124.137694,43.876674],[-124.137771,43.876853],[-124.13789,43.876984],[-124.138034,43.877041],[-124.138254,43.876987],[-124.138502,43.876911],[-124.13884,43.876793],[-124.139283,43.876718],[-124.139916,43.876705],[-124.140291,43.87672],[-124.140596,43.876832],[-124.140935,43.877051],[-124.141202,43.877298],[-124.141442,43.877412],[-124.141859,43.877514],[-124.142335,43.877519],[-124.142807,43.877457],[-124.143132,43.877426],[-124.14337,43.877365],[-124.143676,43.877322],[-124.143899,43.877245],[-124.144077,43.877098],[-124.144365,43.876927],[-124.144622,43.876858],[-124.144982,43.876793],[-124.145349,43.876694],[-124.145619,43.87653],[-124.145789,43.876397],[-124.145895,43.876144],[-124.145918,43.875759],[-124.14588,43.875443],[-124.145936,43.875131],[-124.146002,43.874826],[-124.14624,43.874447],[-124.146402,43.874199],[-124.146665,43.873908],[-124.146895,43.873712],[-124.14726,43.873618],[-124.147546,43.873568],[-124.147881,43.873558],[-124.148251,43.873661],[-124.148513,43.873828],[-124.148701,43.873997],[-124.149069,43.874228],[-124.149462,43.874411],[-124.149796,43.874522],[-124.150106,43.87456],[-124.150401,43.87451],[-124.150751,43.874438],[-124.150754,43.874485],[-124.150415,43.87459],[-124.150165,43.874612],[-124.150028,43.87467],[-124.150066,43.874831],[-124.150279,43.874959],[-124.150585,43.875077],[-124.150953,43.875315],[-124.151377,43.875524],[-124.151823,43.875652],[-124.152213,43.875633],[-124.152583,43.875581],[-124.152931,43.875462],[-124.153146,43.87532],[-124.153292,43.875048],[-124.153297,43.874951],[-124.153212,43.87432],[-124.153368,43.874008],[-124.153802,43.87376],[-124.154543,43.873628],[-124.155041,43.873594],[-124.155678,43.873809],[-124.156636,43.871742],[-124.155951,43.871225],[-124.155299,43.871225],[-124.154028,43.871225],[-124.15167,43.871225],[-124.150444,43.871225],[-124.145288,43.871225],[-124.140284,43.871225],[-124.14024,43.871225],[-124.135279,43.871225],[-124.135192,43.871225],[-124.132961,43.871224],[-124.132961,43.871224],[-124.132884,43.871345],[-124.13281,43.871467],[-124.132739,43.87159],[-124.13267,43.871714],[-124.132605,43.871839],[-124.132543,43.871964],[-124.132484,43.872091],[-124.132428,43.872218],[-124.132375,43.872345],[-124.132325,43.872474],[-124.132294,43.872556],[-124.132368,43.87257],[-124.132323,43.872698],[-124.132282,43.872827],[-124.132244,43.872957],[-124.132208,43.873086],[-124.132176,43.873217],[-124.132147,43.873348],[-124.132035,43.873335],[-124.132009,43.873468],[-124.131986,43.873601],[-124.131967,43.873734],[-124.13196,43.873782],[-124.131949,43.87387],[-124.131836,43.873862],[-124.131582,43.875873],[-124.131568,43.875976],[-124.131546,43.876114],[-124.131521,43.876252],[-124.131493,43.87639],[-124.131461,43.876527],[-124.131426,43.876664],[-124.131388,43.8768],[-124.131346,43.876936],[-124.131301,43.877071],[-124.131253,43.877206],[-124.131202,43.87734],[-124.131147,43.877473],[-124.13109,43.877606],[-124.1307,43.878474]]],[[[-124.125084,43.874848],[-124.130137,43.874848],[-124.130142,43.878474],[-124.130381,43.878474],[-124.130801,43.877538],[-124.130857,43.877409],[-124.13091,43.877279],[-124.13096,43.877149],[-124.131007,43.877018],[-124.13105,43.876887],[-124.131091,43.876755],[-124.131128,43.876622],[-124.131162,43.876489],[-124.131193,43.876356],[-124.13122,43.876222],[-124.131245,43.876088],[-124.131266,43.875953],[-124.131279,43.875853],[-124.131361,43.875208],[-124.131323,43.875206],[-124.131496,43.87384],[-124.13142,43.873835],[-124.131432,43.873747],[-124.131438,43.873696],[-124.131459,43.873556],[-124.131483,43.873417],[-124.13151,43.873278],[-124.131541,43.873139],[-124.131575,43.873001],[-124.131612,43.872863],[-124.131653,43.872726],[-124.131697,43.872589],[-124.131744,43.872452],[-124.131795,43.872317],[-124.131848,43.872182],[-124.131905,43.872047],[-124.131966,43.871914],[-124.131822,43.871879],[-124.131882,43.871754],[-124.131949,43.87162],[-124.13202,43.871487],[-124.132093,43.871355],[-124.13217,43.871224],[-124.130276,43.871223],[-124.130132,43.871223],[-124.125322,43.871221],[-124.125072,43.871221],[-124.125084,43.874848]]]]}},{"type":"Feature","properties":{"MAPTAXLOT":"1912000000600","MAPNUMBER":"19120000","TAXLOT":"600","ACCTNO":"0856169","MAPACRES":29.87747213},"geometry":{"type":"Polygon","coordinates":[[[-124.125196,43.883722],[-124.125377,43.88372],[-124.125833,43.883712],[-124.126739,43.883731],[-124.127271,43.883735],[-124.127737,43.883727],[-124.128133,43.88364],[-124.128428,43.883577],[-124.128613,43.883389],[-124.128719,43.883291],[-124.128835,43.883045],[-124.129012,43.882898],[-124.129264,43.882742],[-124.129653,43.882483],[-124.129948,43.882258],[-124.130274,43.881938],[-124.130451,43.881777],[-124.130728,43.881579],[-124.131008,43.881436],[-124.131294,43.88138],[-124.131597,43.881296],[-124.131843,43.881201],[-124.131858,43.880977],[-124.131871,43.880721],[-124.131879,43.880559],[-124.132063,43.880202],[-124.132306,43.880046],[-124.132526,43.87993],[-124.132932,43.879856],[-124.133256,43.879806],[-124.133455,43.879698],[-124.133827,43.87968],[-124.13416,43.879642],[-124.134357,43.879656],[-124.13461,43.879682],[-124.134965,43.879678],[-124.135214,43.879629],[-124.135366,43.879523],[-124.135364,43.879341],[-124.135227,43.879224],[-124.135105,43.879035],[-124.134985,43.878749],[-124.134926,43.878472],[-124.1307,43.878474],[-124.130239,43.879502],[-124.130311,43.879519],[-124.130077,43.88004],[-124.130258,43.880083],[-124.130024,43.880605],[-124.129771,43.880545],[-124.129262,43.88168],[-124.129256,43.881694],[-124.129239,43.881728],[-124.129222,43.881762],[-124.129205,43.881796],[-124.129186,43.88183],[-124.129166,43.881863],[-124.129146,43.881896],[-124.129125,43.881929],[-124.129103,43.881962],[-124.129081,43.881994],[-124.129057,43.882026],[-124.129033,43.882058],[-124.129008,43.882089],[-124.128983,43.88212],[-124.128956,43.882151],[-124.128929,43.882181],[-124.128901,43.882211],[-124.128872,43.882241],[-124.128843,43.88227],[-124.128813,43.882299],[-124.128782,43.882328],[-124.128751,43.882356],[-124.128719,43.882384],[-124.128686,43.882411],[-124.128653,43.882438],[-124.128619,43.882465],[-124.128584,43.882491],[-124.128549,43.882517],[-124.128513,43.882542],[-124.128476,43.882567],[-124.128439,43.882591],[-124.128401,43.882615],[-124.128363,43.882638],[-124.128324,43.882661],[-124.128285,43.882683],[-124.128245,43.882705],[-124.128204,43.882726],[-124.128164,43.882747],[-124.128122,43.882768],[-124.12808,43.882787],[-124.128038,43.882807],[-124.127995,43.882825],[-124.127952,43.882843],[-124.127908,43.882861],[-124.127864,43.882878],[-124.127819,43.882895],[-124.127774,43.882911],[-124.127729,43.882926],[-124.127683,43.882941],[-124.127637,43.882955],[-124.127591,43.882969],[-124.127544,43.882982],[-124.127497,43.882994],[-124.12745,43.883006],[-124.127402,43.883017],[-124.127355,43.883028],[-124.127306,43.883038],[-124.127258,43.883047],[-124.12721,43.883056],[-124.127161,43.883065],[-124.127112,43.883072],[-124.127063,43.883079],[-124.127013,43.883086],[-124.126964,43.883091],[-124.126914,43.883096],[-124.126865,43.883101],[-124.126815,43.883105],[-124.126765,43.883108],[-124.126715,43.883111],[-124.126665,43.883113],[-124.126615,43.883114],[-124.126565,43.883115],[-124.126515,43.883115],[-124.126287,43.883114],[-124.126286,43.883196],[-124.125528,43.883192],[-124.125528,43.883165],[-124.125186,43.883163],[-124.125193,43.883587],[-124.125196,43.883722]]]}},{"type":"Feature","properties":{"MAPTAXLOT":"1912000000601","MAPNUMBER":"19120000","TAXLOT":"601","ACCTNO":"1402757","MAPACRES":40.06984605},"geometry":{"type":"Polygon","coordinates":[[[-124.126517,43.882895],[-124.126562,43.882895],[-124.126607,43.882895],[-124.126651,43.882893],[-124.126696,43.882892],[-124.126741,43.882889],[-124.126785,43.882886],[-124.12683,43.882883],[-124.126874,43.882879],[-124.126919,43.882874],[-124.126963,43.882869],[-124.127007,43.882863],[-124.127051,43.882857],[-124.127094,43.88285],[-124.127138,43.882843],[-124.127181,43.882835],[-124.127225,43.882827],[-124.127268,43.882818],[-124.12731,43.882808],[-124.127353,43.882798],[-124.127395,43.882787],[-124.127437,43.882776],[-124.127479,43.882765],[-124.127521,43.882752],[-124.127562,43.88274],[-124.127603,43.882727],[-124.127643,43.882713],[-124.127683,43.882699],[-124.127723,43.882684],[-124.127763,43.882668],[-124.127802,43.882653],[-124.12784,43.882636],[-124.127879,43.88262],[-124.127917,43.882603],[-124.127954,43.882585],[-124.127991,43.882567],[-124.128028,43.882548],[-124.128064,43.882529],[-124.1281,43.882509],[-124.128135,43.882489],[-124.12817,43.882469],[-124.128204,43.882448],[-124.128237,43.882427],[-124.128271,43.882405],[-124.128303,43.882383],[-124.128335,43.88236],[-124.128367,43.882337],[-124.128398,43.882314],[-124.128428,43.88229],[-124.128458,43.882266],[-124.128488,43.882242],[-124.128516,43.882217],[-124.128544,43.882192],[-124.128572,43.882166],[-124.128599,43.88214],[-124.128625,43.882114],[-124.128651,43.882087],[-124.128676,43.882061],[-124.1287,43.882033],[-124.128723,43.882006],[-124.128746,43.881978],[-124.128769,43.88195],[-124.12879,43.881922],[-124.128811,43.881893],[-124.128831,43.881864],[-124.128851,43.881835],[-124.12887,43.881806],[-124.128888,43.881776],[-124.128905,43.881746],[-124.128922,43.881716],[-124.128938,43.881686],[-124.128953,43.881655],[-124.128968,43.881625],[-124.128973,43.881613],[-124.129482,43.880478],[-124.12941,43.880461],[-124.129879,43.879417],[-124.129951,43.879434],[-124.130381,43.878474],[-124.130142,43.878474],[-124.125096,43.878476],[-124.125143,43.880887],[-124.125169,43.882192],[-124.125181,43.882862],[-124.12553,43.882863],[-124.125531,43.882808],[-124.126289,43.882812],[-124.126289,43.882894],[-124.126517,43.882895]]]}},{"type":"Feature","properties":{"MAPTAXLOT":"1912000000700","MAPNUMBER":"19120000","TAXLOT":"700","ACCTNO":"0856185","MAPACRES":40.40968267},"geometry":{"type":"Polygon","coordinates":[[[-124.125096,43.878476],[-124.130142,43.878474],[-124.130137,43.874848],[-124.125084,43.874848],[-124.125096,43.878476]]]}},{"type":"Feature","properties":{"MAPTAXLOT":"1912000000800","MAPNUMBER":"19120000","TAXLOT":"800","ACCTNO":"0856193","MAPACRES":327.61151794},"geometry":{"type":"Polygon","coordinates":[[[-124.120117,43.878565],[-124.120117,43.878565],[-124.125096,43.878476],[-124.125084,43.874848],[-124.125072,43.871221],[-124.120069,43.87125],[-124.120092,43.867017],[-124.120092,43.867017],[-124.120091,43.867017],[-124.120091,43.867017],[-124.115093,43.867043],[-124.115093,43.867043],[-124.115114,43.863393],[-124.110201,43.86341],[-124.11035,43.863558],[-124.110869,43.86391],[-124.111186,43.864146],[-124.111643,43.86428],[-124.11185,43.864629],[-124.111942,43.865059],[-124.112279,43.865586],[-124.112302,43.86597],[-124.11205,43.86643],[-124.111857,43.867],[-124.111818,43.867453],[-124.111908,43.867623],[-124.11256,43.867862],[-124.112876,43.867804],[-124.113275,43.867811],[-124.113604,43.867983],[-124.113847,43.868273],[-124.113921,43.868617],[-124.113935,43.868847],[-124.114076,43.869208],[-124.113944,43.869452],[-124.113533,43.869686],[-124.113101,43.869796],[-124.112976,43.869934],[-124.113158,43.870082],[-124.11318,43.870235],[-124.112979,43.870424],[-124.113,43.870779],[-124.112952,43.871088],[-124.112873,43.871318],[-124.112681,43.871452],[-124.112667,43.871654],[-124.112687,43.871794],[-124.112502,43.871963],[-124.112466,43.872252],[-124.112547,43.872473],[-124.112813,43.872644],[-124.113083,43.872869],[-124.113143,43.873128],[-124.113017,43.873361],[-124.112758,43.873359],[-124.112724,43.873359],[-124.112488,43.873366],[-124.112228,43.873564],[-124.111747,43.873512],[-124.111156,43.873442],[-124.110893,43.873416],[-124.110628,43.873625],[-124.110259,43.873648],[-124.109696,43.873777],[-124.109225,43.874087],[-124.108886,43.874712],[-124.108903,43.875131],[-124.108978,43.875384],[-124.108866,43.875393],[-124.108799,43.875545],[-124.108779,43.875725],[-124.108734,43.875832],[-124.109255,43.876235],[-124.109636,43.876566],[-124.109862,43.876813],[-124.109876,43.877166],[-124.109653,43.877462],[-124.109691,43.877732],[-124.109999,43.877962],[-124.110248,43.878101],[-124.110669,43.878361],[-124.110902,43.878489],[-124.11111,43.878661],[-124.113297,43.878657],[-124.115179,43.878653],[-124.115179,43.878653],[-124.11518,43.878653],[-124.118706,43.87859],[-124.120117,43.878565]]]}},{"type":"Feature","properties":{"MAPTAXLOT":"1912000000900","MAPNUMBER":"19120000","TAXLOT":"900","ACCTNO":"0856201","MAPACRES":8.45303877},"geometry":{"type":"Polygon","coordinates":[[[-124.101658,43.88239],[-124.101942,43.882639],[-124.102029,43.882883],[-124.102181,43.883016],[-124.102357,43.883097],[-124.102712,43.882978],[-124.103064,43.882735],[-124.10338,43.882561],[-124.10356,43.882551],[-124.103626,43.882437],[-124.103948,43.882289],[-124.104097,43.88209],[-124.104264,43.881954],[-124.104213,43.881701],[-124.104095,43.88163],[-124.103789,43.881535],[-124.103583,43.881455],[-124.103244,43.881324],[-124.102859,43.88128],[-124.102398,43.881271],[-124.102211,43.881345],[-124.102147,43.881477],[-124.102019,43.881511],[-124.101602,43.881449],[-124.101168,43.881463],[-124.100932,43.881493],[-124.100627,43.881581],[-124.100392,43.881719],[-124.10029,43.881823],[-124.100325,43.881893],[-124.100473,43.881948],[-124.100778,43.881946],[-124.101052,43.881949],[-124.101452,43.882064],[-124.101609,43.882178],[-124.101658,43.88239]]]}},{"type":"Feature","properties":{"MAPTAXLOT":"1912250000200","MAPNUMBER":"19122500","TAXLOT":"200","ACCTNO":"0868305","MAPACRES":164.40508497},"geometry":{"type":"Polygon","coordinates":[[[-124.069743,43.899981],[-124.074983,43.900192],[-124.074996,43.89663],[-124.074997,43.896618],[-124.077573,43.896731],[-124.079689,43.896823],[-124.079704,43.896824],[-124.079704,43.896824],[-124.080165,43.896844],[-124.080166,43.896832],[-124.080176,43.893231],[-124.080186,43.889609],[-124.076105,43.889481],[-124.076006,43.889636],[-124.075571,43.889994],[-124.075064,43.890376],[-124.074646,43.890715],[-124.074347,43.891096],[-124.074341,43.891256],[-124.075212,43.891236],[-124.075366,43.891732],[-124.074915,43.891891],[-124.074672,43.892026],[-124.074585,43.892123],[-124.074628,43.892223],[-124.074557,43.892514],[-124.074597,43.892792],[-124.074804,43.893075],[-124.074896,43.893449],[-124.074709,43.89367],[-124.074447,43.893877],[-124.074116,43.894021],[-124.073754,43.894046],[-124.073513,43.893986],[-124.073507,43.893981],[-124.073182,43.893727],[-124.073196,43.893675],[-124.073197,43.89367],[-124.072954,43.893566],[-124.072996,43.893487],[-124.073222,43.893538],[-124.073455,43.893541],[-124.073465,43.893419],[-124.073171,43.893135],[-124.072722,43.892833],[-124.072653,43.89265],[-124.072627,43.892566],[-124.072461,43.892542],[-124.072186,43.892537],[-124.071574,43.892483],[-124.071494,43.892501],[-124.071348,43.892533],[-124.070918,43.892493],[-124.070283,43.892333],[-124.070006,43.892273],[-124.069783,43.89214],[-124.069779,43.892884],[-124.069761,43.896432],[-124.069743,43.899981]]]}},{"type":"Feature","properties":{"MAPTAXLOT":"1912250000300","MAPNUMBER":"19122500","TAXLOT":"300","ACCTNO":"0868347","MAPACRES":105.33930714},"geometry":{"type":"Polygon","coordinates":[[[-124.085328,43.897069],[-124.085752,43.897088],[-124.085755,43.897049],[-124.085624,43.896841],[-124.085239,43.896645],[-124.085442,43.896243],[-124.08561,43.896057],[-124.085689,43.8959],[-124.085769,43.895659],[-124.085725,43.895454],[-124.085676,43.895078],[-124.085517,43.894636],[-124.085401,43.894257],[-124.085369,43.893791],[-124.085389,43.893455],[-124.085264,43.892782],[-124.085056,43.892194],[-124.084933,43.891853],[-124.084951,43.891411],[-124.085077,43.891056],[-124.084936,43.890632],[-124.084937,43.890418],[-124.085068,43.890224],[-124.085192,43.890066],[-124.085366,43.889974],[-124.085381,43.887715],[-124.085217,43.887776],[-124.085068,43.887725],[-124.084896,43.88777],[-124.084745,43.887859],[-124.083898,43.88774],[-124.083699,43.887647],[-124.083522,43.887594],[-124.083413,43.887537],[-124.083314,43.88753],[-124.083236,43.887564],[-124.083221,43.887614],[-124.08317,43.887734],[-124.083034,43.887833],[-124.082784,43.887906],[-124.082595,43.887918],[-124.082291,43.887945],[-124.082106,43.887888],[-124.081996,43.887747],[-124.081951,43.887672],[-124.081797,43.88764],[-124.081624,43.887687],[-124.081099,43.887508],[-124.080764,43.887382],[-124.080697,43.887384],[-124.08055,43.887389],[-124.080539,43.887389],[-124.080192,43.887341],[-124.080186,43.889609],[-124.080176,43.893231],[-124.080166,43.896832],[-124.080165,43.896844],[-124.080277,43.896849],[-124.080809,43.896872],[-124.081602,43.896907],[-124.081602,43.896907],[-124.08327,43.89698],[-124.083288,43.89698],[-124.083288,43.89698],[-124.083421,43.896986],[-124.083438,43.896987],[-124.084897,43.897051],[-124.084924,43.897052],[-124.084926,43.897052],[-124.085328,43.897069]]]}},{"type":"Feature","properties":{"MAPTAXLOT":"1912250000700","MAPNUMBER":"19122500","TAXLOT":"700","ACCTNO":"0868396","MAPACRES":14.52626687},"geometry":{"type":"Polygon","coordinates":[[[-124.076105,43.889481],[-124.080186,43.889609],[-124.080192,43.887341],[-124.079914,43.887429],[-124.079369,43.88754],[-124.079056,43.88762],[-124.078862,43.887568],[-124.077983,43.887788],[-124.077436,43.888007],[-124.076879,43.888283],[-124.076583,43.888572],[-124.076413,43.888861],[-124.076313,43.889291],[-124.076105,43.889481]]]}},{"type":"Feature","properties":{"MAPTAXLOT":"1912250001000","MAPNUMBER":"19122500","TAXLOT":"1000","ACCTNO":"0868420","MAPACRES":0.39506071},"geometry":{"type":"Polygon","coordinates":[[[-124.064863,43.886979],[-124.06483,43.887328],[-124.064819,43.887441],[-124.065097,43.887361],[-124.06518,43.887227],[-124.065215,43.887172],[-124.065261,43.887097],[-124.065308,43.886924],[-124.06533,43.886844],[-124.064863,43.886979]]]}},{"type":"Feature","properties":{"MAPTAXLOT":"1912250001001","MAPNUMBER":"19122500","TAXLOT":"1001","ACCTNO":"1412392","MAPACRES":1.81685917},"geometry":{"type":"Polygon","coordinates":[[[-124.06454,43.890391],[-124.064536,43.890487],[-124.064534,43.890583],[-124.064534,43.89068],[-124.064536,43.890776],[-124.064537,43.890794],[-124.064539,43.890837],[-124.064542,43.890881],[-124.064547,43.890924],[-124.064552,43.890967],[-124.064559,43.89101],[-124.064566,43.891053],[-124.064574,43.891096],[-124.064584,43.891139],[-124.064595,43.891181],[-124.0646,43.891202],[-124.064629,43.891296],[-124.06466,43.891389],[-124.064694,43.891482],[-124.06473,43.891574],[-124.064737,43.891591],[-124.064779,43.891705],[-124.06518,43.891209],[-124.064911,43.889931],[-124.064914,43.889927],[-124.064937,43.889788],[-124.064599,43.889775],[-124.06454,43.890391]]]}},{"type":"Feature","properties":{"MAPTAXLOT":"1912250001002","MAPNUMBER":"19122500","TAXLOT":"1002","ACCTNO":"1412400","MAPACRES":0.80799935},"geometry":{"type":"Polygon","coordinates":[[[-124.064708,43.888613],[-124.06508,43.888632],[-124.065108,43.88845],[-124.065105,43.888414],[-124.065078,43.88805],[-124.065022,43.887762],[-124.065023,43.887745],[-124.065037,43.887459],[-124.065097,43.887361],[-124.064819,43.887441],[-124.064729,43.888395],[-124.064727,43.888415],[-124.064708,43.888613]]]}},{"type":"Feature","properties":{"MAPTAXLOT":"1912250001003","MAPNUMBER":"19122500","TAXLOT":"1003","ACCTNO":"1423779","MAPACRES":1.30241087},"geometry":{"type":"Polygon","coordinates":[[[-124.064991,43.885625],[-124.064863,43.886979],[-124.06533,43.886844],[-124.065415,43.886534],[-124.065418,43.886152],[-124.065365,43.885696],[-124.065348,43.885623],[-124.065096,43.885624],[-124.064991,43.885625]]]}},{"type":"Feature","properties":{"MAPTAXLOT":"1912250001100","MAPNUMBER":"19122500","TAXLOT":"1100","ACCTNO":"0868438","MAPACRES":0.04138385},"geometry":{"type":"Polygon","coordinates":[[[-124.064613,43.889626],[-124.064953,43.889643],[-124.06496,43.889588],[-124.064952,43.889588],[-124.064618,43.889571],[-124.064618,43.889571],[-124.064613,43.889626]]]}},{"type":"Feature","properties":{"MAPTAXLOT":"1912250001200","MAPNUMBER":"19122500","TAXLOT":"1200","ACCTNO":"0868446","MAPACRES":0.11046339},"geometry":{"type":"Polygon","coordinates":[[[-124.064599,43.889775],[-124.064937,43.889788],[-124.064943,43.889754],[-124.064944,43.889724],[-124.064944,43.889711],[-124.064953,43.889643],[-124.064613,43.889626],[-124.064606,43.889695],[-124.064599,43.889775]]]}},{"type":"Feature","properties":{"MAPTAXLOT":"1912250001300","MAPNUMBER":"19122500","TAXLOT":"1300","ACCTNO":"0868453","MAPACRES":0.71105062},"geometry":{"type":"Polygon","coordinates":[[[-124.064618,43.889571],[-124.064618,43.889571],[-124.064952,43.889588],[-124.06496,43.889588],[-124.06497,43.889287],[-124.064957,43.889176],[-124.065061,43.888754],[-124.06508,43.888632],[-124.064708,43.888613],[-124.064638,43.889353],[-124.064633,43.889408],[-124.064627,43.889476],[-124.064618,43.889571]]]}},{"type":"Feature","properties":{"MAPTAXLOT":"1912250001400","MAPNUMBER":"19122500","TAXLOT":"1400","ACCTNO":"0868461","MAPACRES":1.76592445},"geometry":{"type":"Polygon","coordinates":[[[-124.085381,43.887715],[-124.085366,43.889974],[-124.085452,43.889779],[-124.085478,43.889624],[-124.085601,43.889224],[-124.085646,43.888994],[-124.085957,43.888839],[-124.086307,43.888629],[-124.086144,43.888608],[-124.086047,43.888546],[-124.086117,43.888222],[-124.085696,43.888047],[-124.085501,43.887909],[-124.085381,43.887715]]]}},{"type":"Feature","properties":{"MAPTAXLOT":"1912263000100","MAPNUMBER":"19122630","TAXLOT":"100","ACCTNO":"0870921","MAPACRES":130.28592982},"geometry":{"type":"Polygon","coordinates":[[[-124.095238,43.893298],[-124.098656,43.893392],[-124.099906,43.893426],[-124.099644,43.893346],[-124.099328,43.893293],[-124.098967,43.893205],[-124.098446,43.893027],[-124.098022,43.892822],[-124.097854,43.892689],[-124.097807,43.892431],[-124.09792,43.892218],[-124.098065,43.891928],[-124.098086,43.891525],[-124.098271,43.891098],[-124.098332,43.890606],[-124.098468,43.890097],[-124.098584,43.889682],[-124.098646,43.889195],[-124.098655,43.888695],[-124.098572,43.888341],[-124.098261,43.887892],[-124.097824,43.887549],[-124.09761,43.887394],[-124.097447,43.887228],[-124.097368,43.886985],[-124.09718,43.886834],[-124.096989,43.886742],[-124.096803,43.886841],[-124.096665,43.886993],[-124.096504,43.887072],[-124.096383,43.88708],[-124.09637,43.88697],[-124.096421,43.886857],[-124.096317,43.886736],[-124.096006,43.886759],[-124.095863,43.886731],[-124.095812,43.886617],[-124.095849,43.886496],[-124.095868,43.886281],[-124.095775,43.886113],[-124.095779,43.885956],[-124.09596,43.885779],[-124.096201,43.885416],[-124.09635,43.885377],[-124.096753,43.885276],[-124.097004,43.885111],[-124.097248,43.88484],[-124.097307,43.884518],[-124.097136,43.884259],[-124.096972,43.884132],[-124.096668,43.884136],[-124.096483,43.884141],[-124.096381,43.883936],[-124.096386,43.883802],[-124.096306,43.883749],[-124.096216,43.883729],[-124.0961,43.883714],[-124.095935,43.883655],[-124.095777,43.883659],[-124.095643,43.883566],[-124.095401,43.883366],[-124.095357,43.883154],[-124.095316,43.883012],[-124.095291,43.882916],[-124.095156,43.88284],[-124.094991,43.882703],[-124.094898,43.882458],[-124.094784,43.882229],[-124.094756,43.881984],[-124.094758,43.881973],[-124.094791,43.88171],[-124.094733,43.881495],[-124.093206,43.881501],[-124.092554,43.881503],[-124.092496,43.881503],[-124.091544,43.881507],[-124.092009,43.881713],[-124.092579,43.88194],[-124.092888,43.882202],[-124.093052,43.882552],[-124.093081,43.88286],[-124.093207,43.883258],[-124.092996,43.883797],[-124.092666,43.884119],[-124.092496,43.884627],[-124.092322,43.885066],[-124.092278,43.885506],[-124.092258,43.885906],[-124.092206,43.886222],[-124.09225,43.886534],[-124.092247,43.886803],[-124.092199,43.887111],[-124.092078,43.88741],[-124.091845,43.887593],[-124.091621,43.887763],[-124.091379,43.888085],[-124.09131,43.888255],[-124.091242,43.888577],[-124.09135,43.888788],[-124.091658,43.888854],[-124.09181,43.889062],[-124.091901,43.889424],[-124.091856,43.88984],[-124.091841,43.890167],[-124.091767,43.890396],[-124.091613,43.890589],[-124.09143,43.890859],[-124.091233,43.891215],[-124.091275,43.891496],[-124.091304,43.89169],[-124.091477,43.891884],[-124.091744,43.892084],[-124.092147,43.892294],[-124.092507,43.892435],[-124.092845,43.892744],[-124.092947,43.89287],[-124.093256,43.892882],[-124.09351,43.892892],[-124.093489,43.893166],[-124.092953,43.893145],[-124.092963,43.893201],[-124.09298,43.893201],[-124.093011,43.893203],[-124.094254,43.893251],[-124.094253,43.893269],[-124.094248,43.893333],[-124.095006,43.893362],[-124.095011,43.893292],[-124.095238,43.893298]]]}},{"type":"Feature","properties":{"MAPTAXLOT":"1912272000200","MAPNUMBER":"19122720","TAXLOT":"200","ACCTNO":"0871820","MAPACRES":120.37845706},"geometry":{"type":"Polygon","coordinates":[[[-124.120195,43.900482],[-124.125125,43.900387],[-124.125202,43.900386],[-124.125202,43.900273],[-124.1252,43.896766],[-124.125198,43.893146],[-124.1252,43.889526],[-124.125123,43.889527],[-124.120265,43.889567],[-124.120187,43.889568],[-124.120187,43.889681],[-124.120183,43.893062],[-124.120183,43.893176],[-124.120189,43.896841],[-124.120195,43.900369],[-124.120195,43.900482]]]}},{"type":"Feature","properties":{"MAPTAXLOT":"1912273000077","MAPNUMBER":"19122730","TAXLOT":"77","ACCTNO":"000None","MAPACRES":7.64793333},"geometry":{"type":"Polygon","coordinates":[[[-124.118277,43.893188],[-124.118858,43.893184],[-124.118889,43.893184],[-124.1189,43.893184],[-124.119051,43.892696],[-124.118977,43.892684],[-124.119236,43.891846],[-124.119198,43.89184],[-124.121009,43.885986],[-124.120967,43.885987],[-124.120923,43.885991],[-124.120647,43.88602],[-124.120609,43.88602],[-124.120103,43.88602],[-124.120047,43.886021],[-124.119554,43.886022],[-124.119061,43.886023],[-124.116842,43.886028],[-124.116152,43.88603],[-124.116033,43.88603],[-124.115915,43.88603],[-124.115052,43.886032],[-124.115052,43.886034],[-124.115052,43.886115],[-124.115052,43.886115],[-124.115167,43.886114],[-124.115949,43.886113],[-124.11605,43.886463],[-124.116166,43.886462],[-124.116251,43.886461],[-124.116157,43.886109],[-124.116636,43.886106],[-124.117095,43.886105],[-124.117474,43.886105],[-124.11784,43.886105],[-124.117854,43.886105],[-124.118233,43.886104],[-124.118612,43.886104],[-124.118992,43.886104],[-124.119371,43.886103],[-124.11975,43.886103],[-124.120167,43.886102],[-124.120585,43.886102],[-124.120384,43.886751],[-124.120163,43.887465],[-124.119984,43.888044],[-124.119921,43.888247],[-124.119921,43.888247],[-124.119871,43.888408],[-124.119076,43.890978],[-124.118828,43.891779],[-124.118707,43.89217],[-124.118569,43.892618],[-124.118458,43.8926],[-124.118277,43.893188]]]}},{"type":"Feature","properties":{"MAPTAXLOT":"1912273000700","MAPNUMBER":"19122730","TAXLOT":"700","ACCTNO":"0871945","MAPACRES":0.73869941},"geometry":{"type":"Polygon","coordinates":[[[-124.115052,43.886116],[-124.115053,43.886471],[-124.11605,43.886463],[-124.115949,43.886113],[-124.115167,43.886114],[-124.115052,43.886115],[-124.115052,43.886115],[-124.115052,43.886115],[-124.115052,43.886116]]]}},{"type":"Feature","properties":{"MAPTAXLOT":"1912273003800","MAPNUMBER":"19122730","TAXLOT":"3800","ACCTNO":"1026176","MAPACRES":44.1544492},"geometry":{"type":"Polygon","coordinates":[[[-124.1189,43.893184],[-124.1189,43.893184],[-124.118973,43.893183],[-124.120105,43.893177],[-124.120183,43.893176],[-124.120183,43.893062],[-124.120187,43.889681],[-124.120187,43.889568],[-124.120265,43.889567],[-124.125123,43.889527],[-124.1252,43.889526],[-124.1252,43.889413],[-124.125202,43.885906],[-124.121058,43.885985],[-124.121056,43.885985],[-124.121009,43.885986],[-124.119198,43.89184],[-124.119236,43.891846],[-124.118977,43.892684],[-124.119051,43.892696],[-124.1189,43.893184]]]}},{"type":"Feature","properties":{"MAPTAXLOT":"1912273003900","MAPNUMBER":"19122730","TAXLOT":"3900","ACCTNO":"1881620","MAPACRES":10.52872515},"geometry":{"type":"Polygon","coordinates":[[[-124.11784,43.886105],[-124.117842,43.887575],[-124.117895,43.887711],[-124.117823,43.887872],[-124.117718,43.888068],[-124.119984,43.888044],[-124.120163,43.887465],[-124.120384,43.886751],[-124.120585,43.886102],[-124.120167,43.886102],[-124.11975,43.886103],[-124.119371,43.886103],[-124.118992,43.886104],[-124.118612,43.886104],[-124.118233,43.886104],[-124.117854,43.886105],[-124.11784,43.886105]]]}},{"type":"Feature","properties":{"MAPTAXLOT":"1912273004000","MAPNUMBER":"19122730","TAXLOT":"4000","ACCTNO":"1881638","MAPACRES":10.05351717},"geometry":{"type":"Polygon","coordinates":[[[-124.115053,43.886747],[-124.115054,43.887021],[-124.115054,43.887296],[-124.115054,43.88757],[-124.115055,43.887844],[-124.115055,43.887902],[-124.117823,43.887872],[-124.117895,43.887711],[-124.117842,43.887575],[-124.11784,43.886105],[-124.117474,43.886105],[-124.117095,43.886105],[-124.116636,43.886106],[-124.116157,43.886109],[-124.116251,43.886461],[-124.116166,43.886462],[-124.11605,43.886463],[-124.115053,43.886471],[-124.115053,43.886747]]]}},{"type":"Feature","properties":{"MAPTAXLOT":"1912273004100","MAPNUMBER":"19122730","TAXLOT":"4100","ACCTNO":"1881646","MAPACRES":10.00936727},"geometry":{"type":"Polygon","coordinates":[[[-124.115057,43.889446],[-124.117337,43.889421],[-124.117317,43.888435],[-124.119871,43.888408],[-124.119921,43.888247],[-124.119921,43.888247],[-124.119984,43.888044],[-124.117718,43.888068],[-124.117823,43.887872],[-124.115055,43.887902],[-124.115055,43.888101],[-124.115055,43.888263],[-124.115056,43.888661],[-124.115056,43.888829],[-124.115056,43.888851],[-124.115057,43.889446]]]}},{"type":"Feature","properties":{"MAPTAXLOT":"1912273004200","MAPNUMBER":"19122730","TAXLOT":"4200","ACCTNO":"1881653","MAPACRES":10.00984022},"geometry":{"type":"Polygon","coordinates":[[[-124.117337,43.889421],[-124.117639,43.89018],[-124.119076,43.890978],[-124.119871,43.888408],[-124.117317,43.888435],[-124.117337,43.889421]]]}},{"type":"Feature","properties":{"MAPTAXLOT":"1912273004300","MAPNUMBER":"19122730","TAXLOT":"4300","ACCTNO":"1881661","MAPACRES":10.00852482},"geometry":{"type":"Polygon","coordinates":[[[-124.115059,43.891021],[-124.119076,43.890978],[-124.117639,43.89018],[-124.117337,43.889421],[-124.115057,43.889446],[-124.115057,43.88991],[-124.115058,43.8904],[-124.115059,43.890807],[-124.115059,43.890898],[-124.115059,43.891021]]]}},{"type":"Feature","properties":{"MAPTAXLOT":"1912274002000","MAPNUMBER":"19122740","TAXLOT":"2000","ACCTNO":"0872505","MAPACRES":37.36288854},"geometry":{"type":"Polygon","coordinates":[[[-124.10884,43.887732],[-124.10884,43.887734],[-124.109081,43.888285],[-124.109926,43.889353],[-124.11011,43.890193],[-124.11011,43.890195],[-124.110109,43.890784],[-124.110109,43.890784],[-124.110183,43.890784],[-124.111185,43.890781],[-124.111506,43.889903],[-124.111781,43.889152],[-124.113348,43.88739],[-124.114095,43.887382],[-124.114487,43.886116],[-124.115052,43.886115],[-124.115052,43.886034],[-124.115052,43.886032],[-124.114832,43.886033],[-124.114492,43.88603],[-124.114356,43.885838],[-124.114111,43.885398],[-124.113273,43.8854],[-124.10971,43.885995],[-124.10884,43.887732]]]}},{"type":"Feature","properties":{"MAPTAXLOT":"1912274002001","MAPNUMBER":"19122740","TAXLOT":"2001","ACCTNO":"1818374","MAPACRES":7.67229609},"geometry":{"type":"Polygon","coordinates":[[[-124.111781,43.889152],[-124.111506,43.889903],[-124.111507,43.889903],[-124.111589,43.88987],[-124.113622,43.889049],[-124.114231,43.889039],[-124.114591,43.888913],[-124.115056,43.888851],[-124.115056,43.888829],[-124.115056,43.888661],[-124.114559,43.888728],[-124.114534,43.88873],[-124.114508,43.888731],[-124.114506,43.888731],[-124.114465,43.888728],[-124.114425,43.888721],[-124.114387,43.888709],[-124.114352,43.888693],[-124.114321,43.888673],[-124.114294,43.88865],[-124.114273,43.888624],[-124.114257,43.888597],[-124.114248,43.888568],[-124.114245,43.888538],[-124.114249,43.888094],[-124.114046,43.888092],[-124.113874,43.888091],[-124.114094,43.887384],[-124.114095,43.887382],[-124.113348,43.88739],[-124.111781,43.889152]]]}},{"type":"Feature","properties":{"MAPTAXLOT":"1912274002100","MAPNUMBER":"19122740","TAXLOT":"2100","ACCTNO":"0872513","MAPACRES":4.50893759},"geometry":{"type":"Polygon","coordinates":[[[-124.112922,43.890793],[-124.113099,43.890794],[-124.113355,43.890388],[-124.115058,43.8904],[-124.115057,43.88991],[-124.113561,43.8899],[-124.112669,43.889894],[-124.112629,43.889953],[-124.112507,43.890044],[-124.112173,43.890182],[-124.111939,43.890319],[-124.111582,43.890521],[-124.111471,43.890621],[-124.11134,43.890782],[-124.112922,43.890793]]]}},{"type":"Feature","properties":{"MAPTAXLOT":"1912274002200","MAPNUMBER":"19122740","TAXLOT":"2200","ACCTNO":"0872521","MAPACRES":6.07797736},"geometry":{"type":"Polygon","coordinates":[[[-124.111185,43.890781],[-124.111186,43.890781],[-124.11134,43.890782],[-124.111471,43.890621],[-124.111582,43.890521],[-124.111939,43.890319],[-124.112173,43.890182],[-124.112507,43.890044],[-124.112629,43.889953],[-124.112669,43.889894],[-124.113561,43.8899],[-124.115057,43.88991],[-124.115057,43.889446],[-124.115056,43.888851],[-124.114591,43.888913],[-124.114231,43.889039],[-124.113622,43.889049],[-124.111589,43.88987],[-124.111507,43.889903],[-124.111506,43.889903],[-124.111185,43.890781]]]}},{"type":"Feature","properties":{"MAPTAXLOT":"1912274002300","MAPNUMBER":"19122740","TAXLOT":"2300","ACCTNO":"0872539","MAPACRES":3.81739437},"geometry":{"type":"Polygon","coordinates":[[[-124.114095,43.887382],[-124.114094,43.887384],[-124.113874,43.888091],[-124.114046,43.888092],[-124.114249,43.888094],[-124.115055,43.888101],[-124.115055,43.887902],[-124.115055,43.887844],[-124.115054,43.88757],[-124.115054,43.887296],[-124.115054,43.887021],[-124.115053,43.886747],[-124.115053,43.886471],[-124.115052,43.886116],[-124.115052,43.886115],[-124.114487,43.886116],[-124.114095,43.887382]]]}},{"type":"Feature","properties":{"MAPTAXLOT":"1912274002301","MAPNUMBER":"19122740","TAXLOT":"2301","ACCTNO":"1818382","MAPACRES":1.06553168},"geometry":{"type":"Polygon","coordinates":[[[-124.114245,43.888538],[-124.114248,43.888568],[-124.114257,43.888597],[-124.114273,43.888624],[-124.114294,43.88865],[-124.114321,43.888673],[-124.114352,43.888693],[-124.114387,43.888709],[-124.114425,43.888721],[-124.114465,43.888728],[-124.114506,43.888731],[-124.114508,43.888731],[-124.114534,43.88873],[-124.114559,43.888728],[-124.115056,43.888661],[-124.115055,43.888263],[-124.115055,43.888101],[-124.114249,43.888094],[-124.114245,43.888538]]]}},{"type":"Feature","properties":{"MAPTAXLOT":"1912342000077","MAPNUMBER":"19123420","TAXLOT":"77","ACCTNO":"000None","MAPACRES":4.93786548},"geometry":{"type":"Polygon","coordinates":[[[-124.120653,43.886],[-124.120647,43.88602],[-124.120923,43.885991],[-124.120967,43.885987],[-124.121132,43.885421],[-124.121181,43.88543],[-124.121432,43.884627],[-124.121517,43.884641],[-124.121547,43.884584],[-124.121642,43.8844],[-124.121775,43.884193],[-124.121882,43.884054],[-124.122029,43.883906],[-124.122226,43.883744],[-124.122321,43.883669],[-124.122434,43.883597],[-124.122507,43.88366],[-124.122539,43.883641],[-124.122571,43.883623],[-124.122603,43.883605],[-124.122636,43.883588],[-124.122669,43.883571],[-124.122703,43.883554],[-124.122737,43.883538],[-124.122771,43.883522],[-124.122806,43.883507],[-124.122841,43.883492],[-124.122877,43.883477],[-124.122913,43.883463],[-124.122949,43.88345],[-124.122986,43.883437],[-124.123023,43.883424],[-124.12306,43.883412],[-124.123097,43.8834],[-124.123135,43.883389],[-124.123173,43.883378],[-124.123211,43.883368],[-124.12325,43.883358],[-124.123288,43.883349],[-124.123327,43.88334],[-124.123366,43.883332],[-124.123325,43.883226],[-124.123332,43.883225],[-124.123374,43.883217],[-124.123417,43.883209],[-124.123459,43.883202],[-124.123501,43.883195],[-124.123544,43.883189],[-124.123587,43.883184],[-124.12363,43.883179],[-124.123673,43.883174],[-124.123716,43.88317],[-124.123759,43.883167],[-124.123802,43.883164],[-124.123845,43.883162],[-124.123889,43.88316],[-124.123932,43.883159],[-124.123976,43.883158],[-124.124019,43.883158],[-124.124454,43.88316],[-124.124625,43.883161],[-124.125186,43.883163],[-124.125181,43.882862],[-124.124782,43.88286],[-124.124617,43.882859],[-124.124022,43.882856],[-124.123971,43.882856],[-124.12392,43.882857],[-124.12387,43.882859],[-124.123852,43.882859],[-124.123819,43.882861],[-124.123768,43.882863],[-124.123718,43.882867],[-124.123667,43.88287],[-124.123617,43.882875],[-124.123567,43.88288],[-124.123517,43.882886],[-124.123467,43.882893],[-124.123417,43.8829],[-124.123367,43.882907],[-124.123318,43.882916],[-124.123269,43.882925],[-124.12322,43.882934],[-124.123171,43.882944],[-124.123123,43.882955],[-124.12308,43.882965],[-124.123075,43.882967],[-124.123027,43.882979],[-124.122979,43.882991],[-124.122932,43.883005],[-124.122885,43.883018],[-124.122838,43.883033],[-124.122792,43.883048],[-124.122746,43.883063],[-124.1227,43.88308],[-124.122655,43.883096],[-124.122611,43.883114],[-124.122566,43.883132],[-124.122522,43.88315],[-124.122479,43.883169],[-124.122436,43.883188],[-124.122394,43.883208],[-124.122352,43.883229],[-124.12231,43.88325],[-124.122269,43.883272],[-124.122229,43.883294],[-124.122189,43.883317],[-124.122149,43.88334],[-124.122143,43.883344],[-124.122167,43.883365],[-124.121931,43.883529],[-124.121702,43.883718],[-124.121529,43.883892],[-124.121403,43.884056],[-124.121257,43.884283],[-124.12114,43.884508],[-124.12114,43.884509],[-124.12114,43.884509],[-124.12114,43.88451],[-124.12114,43.884511],[-124.121139,43.884512],[-124.121139,43.884513],[-124.121138,43.884514],[-124.121138,43.884515],[-124.121137,43.884516],[-124.121137,43.884516],[-124.121136,43.884517],[-124.121136,43.884518],[-124.121135,43.884519],[-124.121135,43.88452],[-124.121134,43.884521],[-124.121134,43.884522],[-124.121133,43.884523],[-124.121132,43.884523],[-124.121132,43.884524],[-124.121131,43.884525],[-124.12113,43.884526],[-124.12113,43.884527],[-124.121129,43.884527],[-124.121128,43.884528],[-124.121127,43.884529],[-124.121126,43.88453],[-124.121126,43.88453],[-124.121125,43.884531],[-124.121124,43.884532],[-124.121123,43.884533],[-124.121122,43.884533],[-124.121121,43.884534],[-124.12112,43.884535],[-124.121119,43.884535],[-124.121118,43.884536],[-124.121117,43.884537],[-124.121116,43.884537],[-124.121115,43.884538],[-124.121114,43.884539],[-124.121113,43.884539],[-124.121112,43.88454],[-124.121111,43.88454],[-124.12111,43.884541],[-124.121109,43.884541],[-124.121108,43.884542],[-124.121107,43.884543],[-124.121106,43.884543],[-124.121105,43.884544],[-124.121104,43.884544],[-124.121102,43.884544],[-124.121101,43.884545],[-124.1211,43.884545],[-124.121099,43.884546],[-124.121098,43.884546],[-124.121096,43.884547],[-124.121095,43.884547],[-124.121094,43.884547],[-124.121093,43.884548],[-124.121091,43.884548],[-124.12109,43.884548],[-124.121089,43.884548],[-124.121088,43.884549],[-124.121086,43.884549],[-124.121085,43.884549],[-124.121084,43.884549],[-124.121083,43.88455],[-124.121081,43.88455],[-124.12108,43.88455],[-124.121079,43.88455],[-124.121077,43.88455],[-124.121076,43.884551],[-124.121075,43.884551],[-124.121073,43.884551],[-124.121072,43.884551],[-124.121071,43.884551],[-124.121069,43.884551],[-124.121068,43.884551],[-124.121067,43.884551],[-124.120178,43.884553],[-124.120118,43.884553],[-124.120119,43.884718],[-124.120186,43.884717],[-124.120933,43.884716],[-124.120934,43.884716],[-124.120936,43.884716],[-124.120937,43.884716],[-124.120938,43.884716],[-124.12094,43.884716],[-124.120941,43.884716],[-124.120942,43.884716],[-124.120944,43.884716],[-124.120945,43.884717],[-124.120946,43.884717],[-124.120948,43.884717],[-124.120949,43.884717],[-124.12095,43.884717],[-124.120951,43.884718],[-124.120953,43.884718],[-124.120954,43.884718],[-124.120955,43.884718],[-124.120957,43.884719],[-124.120958,43.884719],[-124.120959,43.884719],[-124.12096,43.88472],[-124.120962,43.88472],[-124.120963,43.88472],[-124.120964,43.884721],[-124.120965,43.884721],[-124.120966,43.884721],[-124.120968,43.884722],[-124.120969,43.884722],[-124.12097,43.884723],[-124.120971,43.884723],[-124.120972,43.884724],[-124.120973,43.884724],[-124.120974,43.884725],[-124.120976,43.884725],[-124.120977,43.884726],[-124.120978,43.884726],[-124.120979,43.884727],[-124.12098,43.884727],[-124.120981,43.884728],[-124.120982,43.884729],[-124.120983,43.884729],[-124.120984,43.88473],[-124.120985,43.884731],[-124.120986,43.884731],[-124.120987,43.884732],[-124.120988,43.884733],[-124.120989,43.884733],[-124.12099,43.884734],[-124.12099,43.884735],[-124.120991,43.884735],[-124.120992,43.884736],[-124.120993,43.884737],[-124.120994,43.884738],[-124.120995,43.884738],[-124.120995,43.884739],[-124.120996,43.88474],[-124.120997,43.884741],[-124.120998,43.884742],[-124.120998,43.884742],[-124.120999,43.884743],[-124.121,43.884744],[-124.121,43.884745],[-124.121001,43.884746],[-124.121002,43.884747],[-124.121002,43.884747],[-124.121003,43.884748],[-124.121003,43.884749],[-124.121004,43.88475],[-124.121004,43.884751],[-124.121005,43.884752],[-124.121005,43.884753],[-124.121006,43.884754],[-124.121006,43.884755],[-124.121006,43.884755],[-124.121007,43.884756],[-124.121007,43.884757],[-124.121007,43.884758],[-124.121008,43.884759],[-124.121008,43.88476],[-124.121008,43.884761],[-124.121008,43.884762],[-124.121009,43.884763],[-124.121009,43.884764],[-124.121009,43.884765],[-124.121009,43.884766],[-124.121009,43.884767],[-124.121009,43.884768],[-124.121009,43.884769],[-124.121009,43.88477],[-124.121009,43.884771],[-124.121009,43.884771],[-124.121009,43.884772],[-124.121009,43.884773],[-124.121009,43.884774],[-124.121009,43.884775],[-124.121009,43.884776],[-124.121009,43.884777],[-124.121009,43.884778],[-124.121009,43.884779],[-124.121008,43.88478],[-124.121008,43.884781],[-124.121008,43.884782],[-124.121008,43.884783],[-124.120653,43.886]]]}},{"type":"Feature","properties":{"MAPTAXLOT":"1912342000088","MAPNUMBER":"19123420","TAXLOT":"88","ACCTNO":"000None","MAPACRES":0.38525763},"geometry":{"type":"Polygon","coordinates":[[[-124.124454,43.88316],[-124.124404,43.883238],[-124.124335,43.883496],[-124.124394,43.883697],[-124.124559,43.8838],[-124.124907,43.883849],[-124.125199,43.88384],[-124.125196,43.883722],[-124.125004,43.883725],[-124.124742,43.88372],[-124.124561,43.883658],[-124.124498,43.883545],[-124.124533,43.883335],[-124.124625,43.883161],[-124.124454,43.88316]]]}},{"type":"Feature","properties":{"MAPTAXLOT":"1912342000100","MAPNUMBER":"19123420","TAXLOT":"100","ACCTNO":"0872547","MAPACRES":29.78073841},"geometry":{"type":"MultiPolygon","coordinates":[[[[-124.121009,43.885986],[-124.121056,43.885985],[-124.121058,43.885985],[-124.125202,43.885906],[-124.125208,43.884164],[-124.125199,43.88384],[-124.124907,43.883849],[-124.124559,43.8838],[-124.124394,43.883697],[-124.124335,43.883496],[-124.124404,43.883238],[-124.124454,43.88316],[-124.124019,43.883158],[-124.123976,43.883158],[-124.123932,43.883159],[-124.123889,43.88316],[-124.123845,43.883162],[-124.123802,43.883164],[-124.123759,43.883167],[-124.123716,43.88317],[-124.123673,43.883174],[-124.12363,43.883179],[-124.123587,43.883184],[-124.123544,43.883189],[-124.123501,43.883195],[-124.123459,43.883202],[-124.123417,43.883209],[-124.123374,43.883217],[-124.123332,43.883225],[-124.123325,43.883226],[-124.123366,43.883332],[-124.123327,43.88334],[-124.123288,43.883349],[-124.12325,43.883358],[-124.123211,43.883368],[-124.123173,43.883378],[-124.123135,43.883389],[-124.123097,43.8834],[-124.12306,43.883412],[-124.123023,43.883424],[-124.122986,43.883437],[-124.122949,43.88345],[-124.122913,43.883463],[-124.122877,43.883477],[-124.122841,43.883492],[-124.122806,43.883507],[-124.122771,43.883522],[-124.122737,43.883538],[-124.122703,43.883554],[-124.122669,43.883571],[-124.122636,43.883588],[-124.122603,43.883605],[-124.122571,43.883623],[-124.122539,43.883641],[-124.122507,43.88366],[-124.122434,43.883597],[-124.122321,43.883669],[-124.122226,43.883744],[-124.122029,43.883906],[-124.121882,43.884054],[-124.121775,43.884193],[-124.121642,43.8844],[-124.121547,43.884584],[-124.121517,43.884641],[-124.121432,43.884627],[-124.121181,43.88543],[-124.121132,43.885421],[-124.120967,43.885987],[-124.121009,43.885986]]],[[[-124.121208,43.882974],[-124.121192,43.88317],[-124.121044,43.883336],[-124.120624,43.883491],[-124.120289,43.88367],[-124.120115,43.883773],[-124.120117,43.884251],[-124.120118,43.884534],[-124.120118,43.884553],[-124.120178,43.884553],[-124.121067,43.884551],[-124.121068,43.884551],[-124.121069,43.884551],[-124.121071,43.884551],[-124.121072,43.884551],[-124.121073,43.884551],[-124.121075,43.884551],[-124.121076,43.884551],[-124.121077,43.88455],[-124.121079,43.88455],[-124.12108,43.88455],[-124.121081,43.88455],[-124.121083,43.88455],[-124.121084,43.884549],[-124.121085,43.884549],[-124.121086,43.884549],[-124.121088,43.884549],[-124.121089,43.884548],[-124.12109,43.884548],[-124.121091,43.884548],[-124.121093,43.884548],[-124.121094,43.884547],[-124.121095,43.884547],[-124.121096,43.884547],[-124.121098,43.884546],[-124.121099,43.884546],[-124.1211,43.884545],[-124.121101,43.884545],[-124.121102,43.884544],[-124.121104,43.884544],[-124.121105,43.884544],[-124.121106,43.884543],[-124.121107,43.884543],[-124.121108,43.884542],[-124.121109,43.884541],[-124.12111,43.884541],[-124.121111,43.88454],[-124.121112,43.88454],[-124.121113,43.884539],[-124.121114,43.884539],[-124.121115,43.884538],[-124.121116,43.884537],[-124.121117,43.884537],[-124.121118,43.884536],[-124.121119,43.884535],[-124.12112,43.884535],[-124.121121,43.884534],[-124.121122,43.884533],[-124.121123,43.884533],[-124.121124,43.884532],[-124.121125,43.884531],[-124.121126,43.88453],[-124.121126,43.88453],[-124.121127,43.884529],[-124.121128,43.884528],[-124.121129,43.884527],[-124.12113,43.884527],[-124.12113,43.884526],[-124.121131,43.884525],[-124.121132,43.884524],[-124.121132,43.884523],[-124.121133,43.884523],[-124.121134,43.884522],[-124.121134,43.884521],[-124.121135,43.88452],[-124.121135,43.884519],[-124.121136,43.884518],[-124.121136,43.884517],[-124.121137,43.884516],[-124.121137,43.884516],[-124.121138,43.884515],[-124.121138,43.884514],[-124.121139,43.884513],[-124.121139,43.884512],[-124.12114,43.884511],[-124.12114,43.88451],[-124.12114,43.884509],[-124.12114,43.884509],[-124.12114,43.884508],[-124.121257,43.884283],[-124.121403,43.884056],[-124.121529,43.883892],[-124.121702,43.883718],[-124.121931,43.883529],[-124.122167,43.883365],[-124.122143,43.883344],[-124.122149,43.88334],[-124.122189,43.883317],[-124.122229,43.883294],[-124.122269,43.883272],[-124.12231,43.88325],[-124.122352,43.883229],[-124.122394,43.883208],[-124.122436,43.883188],[-124.122479,43.883169],[-124.122522,43.88315],[-124.122566,43.883132],[-124.122611,43.883114],[-124.122655,43.883096],[-124.1227,43.88308],[-124.122746,43.883063],[-124.122792,43.883048],[-124.122838,43.883033],[-124.122885,43.883018],[-124.122932,43.883005],[-124.122979,43.882991],[-124.123027,43.882979],[-124.123075,43.882967],[-124.12308,43.882965],[-124.123123,43.882955],[-124.123171,43.882944],[-124.12322,43.882934],[-124.123269,43.882925],[-124.123318,43.882916],[-124.123367,43.882907],[-124.123417,43.8829],[-124.123467,43.882893],[-124.123517,43.882886],[-124.123567,43.88288],[-124.123617,43.882875],[-124.123667,43.88287],[-124.123718,43.882867],[-124.123768,43.882863],[-124.123819,43.882861],[-124.123852,43.882859],[-124.12387,43.882859],[-124.12392,43.882857],[-124.123971,43.882856],[-124.124022,43.882856],[-124.124617,43.882859],[-124.124664,43.882751],[-124.124715,43.88252],[-124.124645,43.88228],[-124.124421,43.882125],[-124.124037,43.88209],[-124.123658,43.882155],[-124.123454,43.882337],[-124.123345,43.882529],[-124.123045,43.88266],[-124.122554,43.882729],[-124.122025,43.882746],[-124.121679,43.882736],[-124.121384,43.882786],[-124.121208,43.882974]]],[[[-124.120103,43.886001],[-124.120103,43.88602],[-124.120609,43.88602],[-124.120647,43.88602],[-124.120653,43.886],[-124.121008,43.884783],[-124.121008,43.884782],[-124.121008,43.884781],[-124.121008,43.88478],[-124.121009,43.884779],[-124.121009,43.884778],[-124.121009,43.884777],[-124.121009,43.884776],[-124.121009,43.884775],[-124.121009,43.884774],[-124.121009,43.884773],[-124.121009,43.884772],[-124.121009,43.884771],[-124.121009,43.884771],[-124.121009,43.88477],[-124.121009,43.884769],[-124.121009,43.884768],[-124.121009,43.884767],[-124.121009,43.884766],[-124.121009,43.884765],[-124.121009,43.884764],[-124.121009,43.884763],[-124.121008,43.884762],[-124.121008,43.884761],[-124.121008,43.88476],[-124.121008,43.884759],[-124.121007,43.884758],[-124.121007,43.884757],[-124.121007,43.884756],[-124.121006,43.884755],[-124.121006,43.884755],[-124.121006,43.884754],[-124.121005,43.884753],[-124.121005,43.884752],[-124.121004,43.884751],[-124.121004,43.88475],[-124.121003,43.884749],[-124.121003,43.884748],[-124.121002,43.884747],[-124.121002,43.884747],[-124.121001,43.884746],[-124.121,43.884745],[-124.121,43.884744],[-124.120999,43.884743],[-124.120998,43.884742],[-124.120998,43.884742],[-124.120997,43.884741],[-124.120996,43.88474],[-124.120995,43.884739],[-124.120995,43.884738],[-124.120994,43.884738],[-124.120993,43.884737],[-124.120992,43.884736],[-124.120991,43.884735],[-124.12099,43.884735],[-124.12099,43.884734],[-124.120989,43.884733],[-124.120988,43.884733],[-124.120987,43.884732],[-124.120986,43.884731],[-124.120985,43.884731],[-124.120984,43.88473],[-124.120983,43.884729],[-124.120982,43.884729],[-124.120981,43.884728],[-124.12098,43.884727],[-124.120979,43.884727],[-124.120978,43.884726],[-124.120977,43.884726],[-124.120976,43.884725],[-124.120974,43.884725],[-124.120973,43.884724],[-124.120972,43.884724],[-124.120971,43.884723],[-124.12097,43.884723],[-124.120969,43.884722],[-124.120968,43.884722],[-124.120966,43.884721],[-124.120965,43.884721],[-124.120964,43.884721],[-124.120963,43.88472],[-124.120962,43.88472],[-124.12096,43.88472],[-124.120959,43.884719],[-124.120958,43.884719],[-124.120957,43.884719],[-124.120955,43.884718],[-124.120954,43.884718],[-124.120953,43.884718],[-124.120951,43.884718],[-124.12095,43.884717],[-124.120949,43.884717],[-124.120948,43.884717],[-124.120946,43.884717],[-124.120945,43.884717],[-124.120944,43.884716],[-124.120942,43.884716],[-124.120941,43.884716],[-124.12094,43.884716],[-124.120938,43.884716],[-124.120937,43.884716],[-124.120936,43.884716],[-124.120934,43.884716],[-124.120933,43.884716],[-124.120186,43.884717],[-124.120119,43.884718],[-124.120103,43.886001]]]]}},{"type":"Feature","properties":{"MAPTAXLOT":"1912342000200","MAPNUMBER":"19123420","TAXLOT":"200","ACCTNO":"0872562","MAPACRES":2.06175097},"geometry":{"type":"Polygon","coordinates":[[[-124.12108,43.882674],[-124.121285,43.882681],[-124.121858,43.882596],[-124.121975,43.882598],[-124.122279,43.882603],[-124.122407,43.882601],[-124.122603,43.882599],[-124.122642,43.882598],[-124.12264,43.882049],[-124.122146,43.881952],[-124.121487,43.881847],[-124.12108,43.882674]]]}},{"type":"Feature","properties":{"MAPTAXLOT":"1912342000300","MAPNUMBER":"19123420","TAXLOT":"300","ACCTNO":"0872588","MAPACRES":8.93564593},"geometry":{"type":"Polygon","coordinates":[[[-124.124782,43.88286],[-124.125181,43.882862],[-124.125169,43.882192],[-124.125143,43.880887],[-124.12116,43.880928],[-124.123218,43.882375],[-124.123267,43.882302],[-124.123351,43.882174],[-124.123361,43.882158],[-124.123568,43.88205],[-124.12363,43.882018],[-124.123651,43.882007],[-124.123907,43.881972],[-124.12393,43.881969],[-124.123975,43.881963],[-124.124126,43.881972],[-124.124405,43.881988],[-124.124433,43.881989],[-124.124655,43.882111],[-124.124818,43.882341],[-124.124819,43.88236],[-124.124823,43.882415],[-124.124831,43.882557],[-124.12481,43.88269],[-124.124782,43.88286]]]}},{"type":"Feature","properties":{"MAPTAXLOT":"1912342000400","MAPNUMBER":"19123420","TAXLOT":"400","ACCTNO":"0872596","MAPACRES":33.57312547},"geometry":{"type":"Polygon","coordinates":[[[-124.120177,43.882865],[-124.120179,43.882945],[-124.120186,43.883463],[-124.120212,43.883458],[-124.120339,43.88343],[-124.120453,43.883396],[-124.120689,43.883327],[-124.120842,43.883221],[-124.120913,43.883172],[-124.121017,43.883051],[-124.121061,43.882999],[-124.121061,43.882999],[-124.121062,43.882999],[-124.121027,43.882885],[-124.120906,43.882852],[-124.120894,43.882849],[-124.120912,43.882804],[-124.120913,43.882801],[-124.120926,43.882767],[-124.121001,43.882722],[-124.121051,43.882691],[-124.121079,43.882674],[-124.12108,43.882674],[-124.12108,43.882674],[-124.121487,43.881847],[-124.122146,43.881952],[-124.12264,43.882049],[-124.122642,43.882598],[-124.122661,43.882598],[-124.122882,43.882571],[-124.122993,43.882537],[-124.123102,43.882503],[-124.123207,43.882392],[-124.123218,43.882375],[-124.12116,43.880928],[-124.125143,43.880887],[-124.125096,43.878476],[-124.120117,43.878565],[-124.120118,43.878589],[-124.120177,43.882865]]]}},{"type":"Feature","properties":{"MAPTAXLOT":"1912342000401","MAPNUMBER":"19123420","TAXLOT":"401","ACCTNO":"0872612","MAPACRES":0.78729264},"geometry":{"type":"Polygon","coordinates":[[[-124.124625,43.883161],[-124.124533,43.883335],[-124.124498,43.883545],[-124.124561,43.883658],[-124.124742,43.88372],[-124.125004,43.883725],[-124.125196,43.883722],[-124.125193,43.883587],[-124.125186,43.883163],[-124.124625,43.883161]]]}},{"type":"Feature","properties":{"MAPTAXLOT":"1912342000501","MAPNUMBER":"19123420","TAXLOT":"501","ACCTNO":"1461712","MAPACRES":40.94101041},"geometry":{"type":"Polygon","coordinates":[[[-124.114787,43.881857],[-124.11489,43.881829],[-124.115014,43.881839],[-124.115068,43.881885],[-124.115183,43.881931],[-124.115183,43.882094],[-124.115187,43.882256],[-124.11533,43.882478],[-124.115517,43.882676],[-124.115681,43.882876],[-124.115725,43.88293],[-124.115777,43.882996],[-124.115852,43.883058],[-124.115933,43.883075],[-124.11594,43.883075],[-124.115984,43.883077],[-124.115997,43.883077],[-124.116003,43.883072],[-124.116032,43.883049],[-124.116044,43.88304],[-124.116074,43.882983],[-124.1161,43.882962],[-124.116139,43.882945],[-124.116193,43.882935],[-124.116202,43.882927],[-124.116207,43.882923],[-124.116245,43.88289],[-124.116253,43.882841],[-124.116273,43.882812],[-124.116284,43.882797],[-124.116314,43.882804],[-124.116347,43.882812],[-124.116429,43.88282],[-124.116556,43.882858],[-124.116616,43.88288],[-124.116783,43.88294],[-124.116973,43.883007],[-124.117163,43.883082],[-124.117247,43.883117],[-124.117353,43.883162],[-124.117388,43.883164],[-124.117543,43.883172],[-124.117618,43.883173],[-124.117648,43.883173],[-124.117704,43.883166],[-124.11773,43.883163],[-124.117823,43.883156],[-124.117899,43.883145],[-124.117988,43.883143],[-124.118093,43.883139],[-124.118187,43.88314],[-124.118281,43.883149],[-124.118296,43.883152],[-124.118365,43.883163],[-124.11837,43.883163],[-124.118487,43.883179],[-124.118605,43.883207],[-124.118701,43.883244],[-124.118757,43.883269],[-124.118757,43.883154],[-124.118889,43.883193],[-124.118899,43.883195],[-124.118909,43.883198],[-124.118919,43.883201],[-124.118929,43.883203],[-124.118939,43.883205],[-124.118949,43.883208],[-124.118959,43.88321],[-124.118969,43.883211],[-124.118979,43.883213],[-124.11899,43.883215],[-124.119,43.883216],[-124.11901,43.883218],[-124.119021,43.883219],[-124.119031,43.88322],[-124.119042,43.883221],[-124.119052,43.883222],[-124.119062,43.883223],[-124.119073,43.883223],[-124.119083,43.883224],[-124.119094,43.883224],[-124.119104,43.883224],[-124.119115,43.883224],[-124.119125,43.883224],[-124.119136,43.883224],[-124.119146,43.883224],[-124.119157,43.883223],[-124.119167,43.883223],[-124.119178,43.883222],[-124.119188,43.883221],[-124.119199,43.88322],[-124.119209,43.883219],[-124.11922,43.883218],[-124.11923,43.883216],[-124.11924,43.883215],[-124.11925,43.883213],[-124.119261,43.883211],[-124.119271,43.883209],[-124.119281,43.883207],[-124.119291,43.883205],[-124.119301,43.883203],[-124.119311,43.883201],[-124.119321,43.883198],[-124.119331,43.883195],[-124.119341,43.883193],[-124.11935,43.88319],[-124.11936,43.883187],[-124.119369,43.883183],[-124.119379,43.88318],[-124.119387,43.883177],[-124.119629,43.883082],[-124.1198,43.883014],[-124.119758,43.879984],[-124.119102,43.879415],[-124.118714,43.879296],[-124.118706,43.87859],[-124.11518,43.878653],[-124.115181,43.879099],[-124.115553,43.879099],[-124.11688,43.879096],[-124.116883,43.879781],[-124.115556,43.879784],[-124.115555,43.87951],[-124.115554,43.879373],[-124.115345,43.879373],[-124.115182,43.879374],[-124.115182,43.879741],[-124.115182,43.880129],[-124.11446,43.880128],[-124.114442,43.880127],[-124.114424,43.880127],[-124.114406,43.880127],[-124.114388,43.880126],[-124.11437,43.880125],[-124.114353,43.880123],[-124.114335,43.880122],[-124.114317,43.88012],[-124.1143,43.880118],[-124.114282,43.880116],[-124.114264,43.880114],[-124.114247,43.880111],[-124.114229,43.880108],[-124.114212,43.880105],[-124.114195,43.880102],[-124.114178,43.880098],[-124.114157,43.880094],[-124.114135,43.88009],[-124.114114,43.880086],[-124.114093,43.880083],[-124.114071,43.88008],[-124.11405,43.880077],[-124.114028,43.880074],[-124.114007,43.880072],[-124.113985,43.88007],[-124.113963,43.880068],[-124.113942,43.880066],[-124.11392,43.880065],[-124.113898,43.880064],[-124.113876,43.880063],[-124.113855,43.880063],[-124.113833,43.880063],[-124.113831,43.880063],[-124.113832,43.880227],[-124.11385,43.880227],[-124.113868,43.880228],[-124.113886,43.880228],[-124.113904,43.880229],[-124.113921,43.88023],[-124.113939,43.880232],[-124.113957,43.880233],[-124.113975,43.880235],[-124.113992,43.880237],[-124.11401,43.880239],[-124.114027,43.880241],[-124.114045,43.880244],[-124.114062,43.880247],[-124.11408,43.88025],[-124.114097,43.880253],[-124.114114,43.880257],[-124.114135,43.880261],[-124.114156,43.880265],[-124.114178,43.880269],[-124.114199,43.880272],[-124.11422,43.880275],[-124.114242,43.880278],[-124.114263,43.880281],[-124.114285,43.880283],[-124.114307,43.880285],[-124.114328,43.880287],[-124.11435,43.880289],[-124.114372,43.88029],[-124.114394,43.880291],[-124.114415,43.880292],[-124.114437,43.880292],[-124.114459,43.880292],[-124.115182,43.880294],[-124.115182,43.880645],[-124.115182,43.880648],[-124.115182,43.880923],[-124.115183,43.881643],[-124.115126,43.881634],[-124.114786,43.881583],[-124.114787,43.881857]]]}},{"type":"Feature","properties":{"MAPTAXLOT":"1912342000502","MAPNUMBER":"19123420","TAXLOT":"502","ACCTNO":"1862810","MAPACRES":5.91675718},"geometry":{"type":"Polygon","coordinates":[[[-124.118714,43.879296],[-124.119102,43.879415],[-124.119758,43.879984],[-124.1198,43.883014],[-124.120177,43.882865],[-124.120118,43.878589],[-124.120117,43.878565],[-124.120117,43.878565],[-124.118706,43.87859],[-124.118714,43.879296]]]}},{"type":"Feature","properties":{"MAPTAXLOT":"1912342000700","MAPNUMBER":"19123420","TAXLOT":"700","ACCTNO":"0872646","MAPACRES":1.04456905},"geometry":{"type":"Polygon","coordinates":[[[-124.115345,43.879373],[-124.115554,43.879373],[-124.115553,43.879099],[-124.115181,43.879099],[-124.113827,43.879103],[-124.113828,43.879377],[-124.114018,43.879376],[-124.114208,43.879376],[-124.114397,43.879376],[-124.114587,43.879375],[-124.114777,43.879375],[-124.114966,43.879374],[-124.115156,43.879374],[-124.115182,43.879374],[-124.115345,43.879373]]]}},{"type":"Feature","properties":{"MAPTAXLOT":"1912342000701","MAPNUMBER":"19123420","TAXLOT":"701","ACCTNO":"1056884","MAPACRES":2.00879153},"geometry":{"type":"Polygon","coordinates":[[[-124.115556,43.879784],[-124.116883,43.879781],[-124.11688,43.879096],[-124.115553,43.879099],[-124.115554,43.879373],[-124.115555,43.87951],[-124.115556,43.879784]]]}},{"type":"Feature","properties":{"MAPTAXLOT":"1912342000800","MAPNUMBER":"19123420","TAXLOT":"800","ACCTNO":"1004066","MAPACRES":0.09157305},"geometry":{"type":"Polygon","coordinates":[[[-124.11177,43.879107],[-124.112113,43.879106],[-124.112008,43.878976],[-124.111701,43.878977],[-124.111724,43.878997],[-124.111725,43.878998],[-124.11177,43.879107]]]}},{"type":"Feature","properties":{"MAPTAXLOT":"1912342000801","MAPNUMBER":"19123420","TAXLOT":"801","ACCTNO":"1422482","MAPACRES":3.51287879},"geometry":{"type":"Polygon","coordinates":[[[-124.111138,43.878675],[-124.111355,43.878782],[-124.111586,43.878874],[-124.111678,43.878956],[-124.111701,43.878977],[-124.112008,43.878976],[-124.112113,43.879106],[-124.1125,43.879106],[-124.112689,43.879105],[-124.112879,43.879105],[-124.113258,43.879104],[-124.113259,43.879104],[-124.113638,43.879103],[-124.113827,43.879103],[-124.115181,43.879099],[-124.11518,43.878653],[-124.115179,43.878653],[-124.115179,43.878653],[-124.113297,43.878657],[-124.11111,43.878661],[-124.111138,43.878675]]]}},{"type":"Feature","properties":{"MAPTAXLOT":"1912342100077","MAPNUMBER":"19123421","TAXLOT":"77","ACCTNO":"000None","MAPACRES":7.30696497},"geometry":{"type":"Polygon","coordinates":[[[-124.120047,43.886021],[-124.120103,43.88602],[-124.120103,43.886001],[-124.120119,43.884718],[-124.120118,43.884553],[-124.120118,43.884534],[-124.120117,43.884251],[-124.12006,43.884251],[-124.12006,43.884395],[-124.120061,43.884553],[-124.119833,43.884554],[-124.119682,43.884554],[-124.119454,43.884555],[-124.119075,43.884556],[-124.118696,43.884556],[-124.118695,43.884437],[-124.118695,43.884324],[-124.118694,43.884212],[-124.118692,43.883607],[-124.118684,43.883604],[-124.11857,43.883555],[-124.118452,43.883515],[-124.118312,43.883488],[-124.11815,43.883457],[-124.117962,43.883443],[-124.11779,43.883432],[-124.117477,43.883414],[-124.117479,43.883873],[-124.117479,43.88401],[-124.11748,43.884148],[-124.117481,43.884285],[-124.117481,43.884422],[-124.117482,43.884559],[-124.117103,43.88456],[-124.116723,43.884492],[-124.11661,43.884492],[-124.116496,43.884493],[-124.116116,43.884555],[-124.115745,43.884554],[-124.115675,43.884419],[-124.115616,43.884312],[-124.1156,43.884282],[-124.115526,43.884145],[-124.115451,43.884004],[-124.115451,43.883971],[-124.115451,43.883938],[-124.11545,43.883871],[-124.115449,43.883734],[-124.115448,43.882993],[-124.115412,43.882951],[-124.11518,43.882677],[-124.115068,43.882431],[-124.114957,43.882201],[-124.114832,43.882087],[-124.114788,43.882067],[-124.114533,43.881956],[-124.114271,43.881918],[-124.114095,43.881924],[-124.113823,43.881889],[-124.113727,43.8819],[-124.11353,43.882024],[-124.113417,43.882198],[-124.113486,43.882208],[-124.113628,43.882228],[-124.113629,43.882227],[-124.113629,43.882224],[-124.11363,43.882222],[-124.113631,43.88222],[-124.113632,43.882217],[-124.113633,43.882215],[-124.113634,43.882213],[-124.113635,43.882211],[-124.113636,43.882208],[-124.113637,43.882206],[-124.113638,43.882204],[-124.113639,43.882202],[-124.11364,43.882199],[-124.113642,43.882197],[-124.113643,43.882196],[-124.113643,43.882195],[-124.113645,43.882193],[-124.113646,43.882191],[-124.113648,43.882189],[-124.113649,43.882187],[-124.113651,43.882184],[-124.113652,43.882182],[-124.113654,43.88218],[-124.113656,43.882178],[-124.113658,43.882176],[-124.11366,43.882174],[-124.113662,43.882172],[-124.113664,43.882171],[-124.113666,43.882169],[-124.113668,43.882167],[-124.11367,43.882165],[-124.113672,43.882163],[-124.113674,43.882161],[-124.113676,43.88216],[-124.113679,43.882158],[-124.113681,43.882156],[-124.113683,43.882154],[-124.113686,43.882153],[-124.113688,43.882151],[-124.113691,43.88215],[-124.113693,43.882148],[-124.113696,43.882147],[-124.113698,43.882145],[-124.113701,43.882144],[-124.113704,43.882142],[-124.113706,43.882141],[-124.113709,43.882139],[-124.113712,43.882138],[-124.113715,43.882137],[-124.113718,43.882136],[-124.11372,43.882134],[-124.113723,43.882133],[-124.113726,43.882132],[-124.113729,43.882131],[-124.113732,43.88213],[-124.113735,43.882129],[-124.113738,43.882128],[-124.113741,43.882127],[-124.113744,43.882126],[-124.113747,43.882125],[-124.11375,43.882124],[-124.113754,43.882124],[-124.113757,43.882123],[-124.11376,43.882122],[-124.113763,43.882121],[-124.113766,43.882121],[-124.113769,43.88212],[-124.113773,43.88212],[-124.113776,43.882119],[-124.113779,43.882119],[-124.113782,43.882118],[-124.113786,43.882118],[-124.113789,43.882118],[-124.113792,43.882117],[-124.113796,43.882117],[-124.113799,43.882117],[-124.113802,43.882117],[-124.113805,43.882116],[-124.113809,43.882116],[-124.113812,43.882116],[-124.113815,43.882116],[-124.113819,43.882116],[-124.113822,43.882116],[-124.113825,43.882116],[-124.113829,43.882117],[-124.113832,43.882117],[-124.113835,43.882117],[-124.113838,43.882117],[-124.113842,43.882118],[-124.113845,43.882118],[-124.113848,43.882118],[-124.113852,43.882119],[-124.114037,43.882144],[-124.114223,43.88217],[-124.114409,43.882196],[-124.114432,43.882199],[-124.114432,43.8822],[-124.114436,43.8822],[-124.114439,43.8822],[-124.114442,43.882201],[-124.114445,43.882202],[-124.114448,43.882202],[-124.114452,43.882203],[-124.114455,43.882204],[-124.114458,43.882204],[-124.114461,43.882205],[-124.114464,43.882206],[-124.114467,43.882207],[-124.11447,43.882208],[-124.114473,43.882209],[-124.114476,43.88221],[-124.114479,43.882211],[-124.114482,43.882212],[-124.114485,43.882213],[-124.114488,43.882214],[-124.114491,43.882215],[-124.114494,43.882217],[-124.114497,43.882218],[-124.1145,43.882219],[-124.114502,43.88222],[-124.114505,43.882222],[-124.114508,43.882223],[-124.11451,43.882225],[-124.114513,43.882226],[-124.114516,43.882227],[-124.114518,43.882229],[-124.114521,43.882231],[-124.114523,43.882232],[-124.114526,43.882234],[-124.114528,43.882235],[-124.11453,43.882237],[-124.114533,43.882239],[-124.114535,43.882241],[-124.114537,43.882242],[-124.114539,43.882244],[-124.114542,43.882246],[-124.114544,43.882248],[-124.114546,43.88225],[-124.114548,43.882252],[-124.11455,43.882253],[-124.114552,43.882255],[-124.114554,43.882257],[-124.114555,43.882259],[-124.114557,43.882261],[-124.114559,43.882263],[-124.114561,43.882265],[-124.114562,43.882268],[-124.114564,43.88227],[-124.114565,43.882272],[-124.114567,43.882274],[-124.114568,43.882276],[-124.11457,43.882278],[-124.114571,43.88228],[-124.114572,43.882283],[-124.114573,43.882285],[-124.114575,43.882287],[-124.114576,43.882289],[-124.114577,43.882292],[-124.114635,43.882422],[-124.114694,43.882552],[-124.114753,43.882683],[-124.114812,43.882813],[-124.114856,43.882912],[-124.114861,43.882921],[-124.114865,43.88293],[-124.11487,43.882939],[-124.114872,43.882943],[-124.114875,43.882948],[-124.11488,43.882957],[-124.114885,43.882966],[-124.11489,43.882975],[-124.114896,43.882983],[-124.114902,43.882992],[-124.114908,43.883],[-124.114915,43.883009],[-124.114921,43.883017],[-124.114928,43.883025],[-124.114935,43.883034],[-124.114942,43.883042],[-124.114949,43.88305],[-124.114957,43.883057],[-124.114964,43.883065],[-124.114964,43.883065],[-124.114972,43.883073],[-124.11498,43.883081],[-124.114989,43.883088],[-124.114997,43.883095],[-124.115006,43.883103],[-124.115014,43.88311],[-124.1151,43.883178],[-124.115221,43.883277],[-124.115221,43.883301],[-124.115221,43.883466],[-124.115222,43.883603],[-124.115223,43.883877],[-124.115033,43.883878],[-124.114843,43.883878],[-124.114749,43.883878],[-124.114654,43.883878],[-124.114275,43.883879],[-124.114215,43.883879],[-124.114153,43.884016],[-124.114223,43.884016],[-124.114548,43.884016],[-124.114738,43.884015],[-124.114928,43.884015],[-124.115118,43.884015],[-124.115213,43.884015],[-124.115353,43.884277],[-124.115425,43.884411],[-124.1155,43.884553],[-124.115119,43.88455],[-124.11493,43.884549],[-124.11474,43.884548],[-124.11455,43.884547],[-124.114144,43.884545],[-124.114089,43.884544],[-124.114087,43.884709],[-124.114154,43.884709],[-124.114562,43.884712],[-124.114741,43.884713],[-124.114941,43.884714],[-124.115131,43.884715],[-124.11551,43.884717],[-124.115509,43.884865],[-124.115507,43.884992],[-124.115644,43.884994],[-124.115823,43.885153],[-124.115846,43.885177],[-124.115864,43.885203],[-124.115876,43.885231],[-124.115882,43.88526],[-124.115882,43.885289],[-124.115876,43.885318],[-124.11582,43.885496],[-124.115797,43.885568],[-124.115788,43.885603],[-124.115784,43.885639],[-124.115786,43.885675],[-124.115792,43.885711],[-124.115803,43.885746],[-124.115908,43.886012],[-124.115915,43.88603],[-124.116033,43.88603],[-124.116152,43.88603],[-124.116144,43.88601],[-124.116022,43.8857],[-124.116013,43.885669],[-124.116012,43.885637],[-124.116019,43.885605],[-124.11606,43.885475],[-124.116098,43.885355],[-124.116108,43.885315],[-124.116111,43.885274],[-124.116108,43.885234],[-124.116098,43.885194],[-124.116082,43.885155],[-124.11606,43.885118],[-124.116033,43.885082],[-124.116,43.885049],[-124.115798,43.88487],[-124.115777,43.884848],[-124.11576,43.884825],[-124.115748,43.8848],[-124.11574,43.884774],[-124.115738,43.884748],[-124.115738,43.884719],[-124.115917,43.88472],[-124.116106,43.884721],[-124.116296,43.884722],[-124.116486,43.884723],[-124.116713,43.884724],[-124.116857,43.884725],[-124.116903,43.884725],[-124.117093,43.884725],[-124.117236,43.884724],[-124.117282,43.884724],[-124.117331,43.884724],[-124.117472,43.884724],[-124.11771,43.884723],[-124.118089,43.884722],[-124.118458,43.884721],[-124.118696,43.884721],[-124.119076,43.88472],[-124.119436,43.884719],[-124.119569,43.884719],[-124.119672,43.884719],[-124.120062,43.884718],[-124.12006,43.884855],[-124.120059,43.884992],[-124.120057,43.885129],[-124.120056,43.885266],[-124.120054,43.885404],[-124.120053,43.885541],[-124.120051,43.885678],[-124.12005,43.885815],[-124.120048,43.885952],[-124.120048,43.886001],[-124.120047,43.886021],[-124.120047,43.886021]],[[-124.118467,43.884228],[-124.118543,43.884227],[-124.118544,43.884557],[-124.118468,43.884557],[-124.118278,43.884557],[-124.118089,43.884558],[-124.117709,43.884559],[-124.117709,43.884415],[-124.117709,43.88438],[-124.117708,43.884277],[-124.117708,43.88414],[-124.117707,43.88401],[-124.117707,43.883969],[-124.117706,43.883677],[-124.117706,43.883672],[-124.117708,43.883668],[-124.11771,43.883664],[-124.117714,43.88366],[-124.117718,43.883657],[-124.117723,43.883654],[-124.117729,43.883652],[-124.117735,43.88365],[-124.117741,43.883649],[-124.117747,43.88365],[-124.117895,43.883659],[-124.118085,43.883672],[-124.118098,43.883673],[-124.118114,43.883674],[-124.11813,43.883676],[-124.118146,43.883678],[-124.118162,43.88368],[-124.118178,43.883682],[-124.118194,43.883684],[-124.11821,43.883687],[-124.118225,43.88369],[-124.118241,43.883692],[-124.118257,43.883696],[-124.118272,43.883699],[-124.118275,43.8837],[-124.118288,43.883702],[-124.118303,43.883706],[-124.118318,43.88371],[-124.118333,43.883714],[-124.118348,43.883719],[-124.118363,43.883723],[-124.118378,43.883728],[-124.118393,43.883733],[-124.118408,43.883738],[-124.118422,43.883743],[-124.118436,43.883748],[-124.118442,43.883751],[-124.118451,43.883754],[-124.118465,43.88376],[-124.118466,43.884008],[-124.118466,43.884139],[-124.118467,43.884228]]]}},{"type":"Feature","properties":{"MAPTAXLOT":"1912342100088","MAPNUMBER":"19123421","TAXLOT":"88","ACCTNO":"000None","MAPACRES":5.64451796},"geometry":{"type":"Polygon","coordinates":[[[-124.118877,43.883694],[-124.118985,43.883742],[-124.119072,43.883784],[-124.119205,43.883823],[-124.119377,43.883842],[-124.119451,43.883849],[-124.119587,43.883851],[-124.119714,43.883847],[-124.11983,43.883837],[-124.119982,43.883807],[-124.120047,43.883785],[-124.120115,43.883773],[-124.120289,43.88367],[-124.120624,43.883491],[-124.121044,43.883336],[-124.121192,43.88317],[-124.121208,43.882974],[-124.121384,43.882786],[-124.121679,43.882736],[-124.122025,43.882746],[-124.122554,43.882729],[-124.123045,43.88266],[-124.123345,43.882529],[-124.123454,43.882337],[-124.123658,43.882155],[-124.124037,43.88209],[-124.124421,43.882125],[-124.124645,43.88228],[-124.124715,43.88252],[-124.124664,43.882751],[-124.124617,43.882859],[-124.124782,43.88286],[-124.12481,43.88269],[-124.124831,43.882557],[-124.124823,43.882415],[-124.124819,43.88236],[-124.124818,43.882341],[-124.124655,43.882111],[-124.124433,43.881989],[-124.124405,43.881988],[-124.124126,43.881972],[-124.123975,43.881963],[-124.12393,43.881969],[-124.123907,43.881972],[-124.123651,43.882007],[-124.12363,43.882018],[-124.123568,43.88205],[-124.123361,43.882158],[-124.123351,43.882174],[-124.123267,43.882302],[-124.123218,43.882375],[-124.123207,43.882392],[-124.123102,43.882503],[-124.122993,43.882537],[-124.122882,43.882571],[-124.122661,43.882598],[-124.122642,43.882598],[-124.122603,43.882599],[-124.122407,43.882601],[-124.122279,43.882603],[-124.121975,43.882598],[-124.121858,43.882596],[-124.121285,43.882681],[-124.12108,43.882674],[-124.12108,43.882674],[-124.121079,43.882674],[-124.121051,43.882691],[-124.121001,43.882722],[-124.120926,43.882767],[-124.120913,43.882801],[-124.120912,43.882804],[-124.120894,43.882849],[-124.120906,43.882852],[-124.121027,43.882885],[-124.121062,43.882999],[-124.121061,43.882999],[-124.121061,43.882999],[-124.121017,43.883051],[-124.120913,43.883172],[-124.120842,43.883221],[-124.120689,43.883327],[-124.120453,43.883396],[-124.120339,43.88343],[-124.120212,43.883458],[-124.120186,43.883463],[-124.12018,43.883465],[-124.120176,43.883467],[-124.120124,43.883494],[-124.119947,43.883551],[-124.119934,43.883555],[-124.119745,43.883622],[-124.119706,43.883629],[-124.119631,43.883642],[-124.11963,43.883642],[-124.119518,43.883653],[-124.119405,43.883669],[-124.119383,43.883662],[-124.119366,43.883656],[-124.119338,43.883647],[-124.119274,43.883601],[-124.119233,43.883577],[-124.119165,43.883521],[-124.119078,43.88346],[-124.119072,43.883456],[-124.118992,43.883403],[-124.118883,43.883338],[-124.118777,43.883278],[-124.118757,43.883269],[-124.118701,43.883244],[-124.118605,43.883207],[-124.118487,43.883179],[-124.11837,43.883163],[-124.118365,43.883163],[-124.118296,43.883152],[-124.118281,43.883149],[-124.118187,43.88314],[-124.118093,43.883139],[-124.117988,43.883143],[-124.117899,43.883145],[-124.117823,43.883156],[-124.11773,43.883163],[-124.117704,43.883166],[-124.117648,43.883173],[-124.117618,43.883173],[-124.117543,43.883172],[-124.117388,43.883164],[-124.117353,43.883162],[-124.117247,43.883117],[-124.117163,43.883082],[-124.116973,43.883007],[-124.116783,43.88294],[-124.116616,43.88288],[-124.116556,43.882858],[-124.116429,43.88282],[-124.116347,43.882812],[-124.116314,43.882804],[-124.116284,43.882797],[-124.116273,43.882812],[-124.116253,43.882841],[-124.116245,43.88289],[-124.116207,43.882923],[-124.116202,43.882927],[-124.116193,43.882935],[-124.116139,43.882945],[-124.1161,43.882962],[-124.116074,43.882983],[-124.116044,43.88304],[-124.116032,43.883049],[-124.116003,43.883072],[-124.115997,43.883077],[-124.115984,43.883077],[-124.11594,43.883075],[-124.115933,43.883075],[-124.115852,43.883058],[-124.115777,43.882996],[-124.115725,43.88293],[-124.115681,43.882876],[-124.115517,43.882676],[-124.11533,43.882478],[-124.115187,43.882256],[-124.115183,43.882094],[-124.115183,43.881931],[-124.115068,43.881885],[-124.115014,43.881839],[-124.11489,43.881829],[-124.114787,43.881857],[-124.114788,43.882067],[-124.114832,43.882087],[-124.114957,43.882201],[-124.115068,43.882431],[-124.11518,43.882677],[-124.115412,43.882951],[-124.115448,43.882993],[-124.11561,43.883187],[-124.115939,43.883278],[-124.11608,43.883289],[-124.116112,43.883284],[-124.11638,43.883241],[-124.116563,43.883235],[-124.11668,43.883235],[-124.116832,43.883235],[-124.116952,43.883246],[-124.117052,43.88328],[-124.117097,43.883294],[-124.117232,43.883338],[-124.117385,43.883393],[-124.117477,43.883414],[-124.11779,43.883432],[-124.117962,43.883443],[-124.11815,43.883457],[-124.118312,43.883488],[-124.118452,43.883515],[-124.11857,43.883555],[-124.118684,43.883604],[-124.118692,43.883607],[-124.118802,43.883648],[-124.118877,43.883694]]]}},{"type":"Feature","properties":{"MAPTAXLOT":"1912342100100","MAPNUMBER":"19123421","TAXLOT":"100","ACCTNO":"1664059","MAPACRES":0.3358866},"geometry":{"type":"Polygon","coordinates":[[[-124.116842,43.886008],[-124.116842,43.886028],[-124.119061,43.886023],[-124.119061,43.886004],[-124.119062,43.885955],[-124.118683,43.885955],[-124.118463,43.885956],[-124.118076,43.885957],[-124.117696,43.885958],[-124.117477,43.885958],[-124.117317,43.885959],[-124.117222,43.885959],[-124.117098,43.885959],[-124.116843,43.88596],[-124.116842,43.886008]]]}},{"type":"Feature","properties":{"MAPTAXLOT":"1912342100101","MAPNUMBER":"19123421","TAXLOT":"101","ACCTNO":"0872661","MAPACRES":1.0304884},"geometry":{"type":"Polygon","coordinates":[[[-124.117709,43.88486],[-124.117707,43.884998],[-124.117706,43.885135],[-124.117702,43.885272],[-124.117702,43.885409],[-124.117701,43.885546],[-124.117699,43.885683],[-124.117698,43.885821],[-124.117696,43.885958],[-124.118076,43.885957],[-124.118079,43.885683],[-124.118082,43.885408],[-124.118081,43.885134],[-124.118089,43.884722],[-124.11771,43.884723],[-124.117709,43.88486]]]}},{"type":"Feature","properties":{"MAPTAXLOT":"1912342100102","MAPNUMBER":"19123421","TAXLOT":"102","ACCTNO":"0872679","MAPACRES":0.63134627},"geometry":{"type":"Polygon","coordinates":[[[-124.11685,43.885315],[-124.116848,43.88548],[-124.117228,43.885479],[-124.117236,43.884724],[-124.117093,43.884725],[-124.116903,43.884725],[-124.116857,43.884725],[-124.11685,43.885315]]]}},{"type":"Feature","properties":{"MAPTAXLOT":"1912342100103","MAPNUMBER":"19123421","TAXLOT":"103","ACCTNO":"0998920","MAPACRES":0.40180812},"geometry":{"type":"Polygon","coordinates":[[[-124.116843,43.88596],[-124.117098,43.885959],[-124.117222,43.885959],[-124.117228,43.885479],[-124.116848,43.88548],[-124.116843,43.88596]]]}},{"type":"Feature","properties":{"MAPTAXLOT":"1912342100104","MAPNUMBER":"19123421","TAXLOT":"104","ACCTNO":"1531571","MAPACRES":1.32052635},"geometry":{"type":"Polygon","coordinates":[[[-124.115738,43.884748],[-124.11574,43.884774],[-124.115748,43.8848],[-124.11576,43.884825],[-124.115777,43.884848],[-124.115798,43.88487],[-124.116,43.885049],[-124.116033,43.885082],[-124.11606,43.885118],[-124.116082,43.885155],[-124.116098,43.885194],[-124.116108,43.885234],[-124.116111,43.885274],[-124.116108,43.885315],[-124.116098,43.885355],[-124.11606,43.885475],[-124.11685,43.885315],[-124.116857,43.884725],[-124.116713,43.884724],[-124.116486,43.884723],[-124.116296,43.884722],[-124.116106,43.884721],[-124.115917,43.88472],[-124.115738,43.884719],[-124.115738,43.884748]]]}},{"type":"Feature","properties":{"MAPTAXLOT":"1912342100105","MAPNUMBER":"19123421","TAXLOT":"105","ACCTNO":"1531589","MAPACRES":1.09475409},"geometry":{"type":"Polygon","coordinates":[[[-124.116152,43.88603],[-124.116842,43.886028],[-124.116842,43.886008],[-124.116843,43.88596],[-124.116848,43.88548],[-124.11685,43.885315],[-124.11606,43.885475],[-124.116019,43.885605],[-124.116012,43.885637],[-124.116013,43.885669],[-124.116022,43.8857],[-124.116144,43.88601],[-124.116152,43.88603]]]}},{"type":"Feature","properties":{"MAPTAXLOT":"1912342100106","MAPNUMBER":"19123421","TAXLOT":"106","ACCTNO":"1531597","MAPACRES":1.33267171},"geometry":{"type":"Polygon","coordinates":[[[-124.115052,43.886032],[-124.115915,43.88603],[-124.115908,43.886012],[-124.115803,43.885746],[-124.115792,43.885711],[-124.115786,43.885675],[-124.115784,43.885639],[-124.115788,43.885603],[-124.115797,43.885568],[-124.11582,43.885496],[-124.11527,43.885468],[-124.114588,43.885636],[-124.114508,43.885656],[-124.114832,43.886033],[-124.115052,43.886032]]]}},{"type":"Feature","properties":{"MAPTAXLOT":"1912342100107","MAPNUMBER":"19123421","TAXLOT":"107","ACCTNO":"1531605","MAPACRES":1.59135468},"geometry":{"type":"Polygon","coordinates":[[[-124.114452,43.885035],[-124.114508,43.885656],[-124.114588,43.885636],[-124.11527,43.885468],[-124.11582,43.885496],[-124.115876,43.885318],[-124.115882,43.885289],[-124.115882,43.88526],[-124.115876,43.885231],[-124.115864,43.885203],[-124.115846,43.885177],[-124.115823,43.885153],[-124.115644,43.884994],[-124.115507,43.884992],[-124.115128,43.884989],[-124.114938,43.884988],[-124.114749,43.884987],[-124.114559,43.884986],[-124.114558,43.885035],[-124.114524,43.885035],[-124.114482,43.885035],[-124.114452,43.885035]]]}},{"type":"Feature","properties":{"MAPTAXLOT":"1912342100108","MAPNUMBER":"19123421","TAXLOT":"108","ACCTNO":"1664067","MAPACRES":0.25829117},"geometry":{"type":"Polygon","coordinates":[[[-124.117228,43.885479],[-124.117222,43.885959],[-124.117317,43.885959],[-124.117331,43.884724],[-124.117282,43.884724],[-124.117236,43.884724],[-124.117228,43.885479]]]}},{"type":"Feature","properties":{"MAPTAXLOT":"1912342100200","MAPNUMBER":"19123421","TAXLOT":"200","ACCTNO":"0872687","MAPACRES":1.03247329},"geometry":{"type":"Polygon","coordinates":[[[-124.117317,43.885959],[-124.117477,43.885958],[-124.117696,43.885958],[-124.117698,43.885821],[-124.117699,43.885683],[-124.117701,43.885546],[-124.117702,43.885409],[-124.117702,43.885272],[-124.117706,43.885135],[-124.117707,43.884998],[-124.117709,43.88486],[-124.11771,43.884723],[-124.117472,43.884724],[-124.117331,43.884724],[-124.117317,43.885959]]]}},{"type":"Feature","properties":{"MAPTAXLOT":"1912342100300","MAPNUMBER":"19123421","TAXLOT":"300","ACCTNO":"0872695","MAPACRES":0.3673794},"geometry":{"type":"Polygon","coordinates":[[[-124.118079,43.885683],[-124.118686,43.885681],[-124.118687,43.885544],[-124.118689,43.885407],[-124.118461,43.885407],[-124.118082,43.885408],[-124.118079,43.885683]]]}},{"type":"Feature","properties":{"MAPTAXLOT":"1912342100301","MAPNUMBER":"19123421","TAXLOT":"301","ACCTNO":"0872703","MAPACRES":0.36866128},"geometry":{"type":"Polygon","coordinates":[[[-124.118082,43.885408],[-124.118461,43.885407],[-124.118689,43.885407],[-124.11869,43.88527],[-124.118692,43.885132],[-124.11846,43.885133],[-124.118081,43.885134],[-124.118082,43.885408]]]}},{"type":"Feature","properties":{"MAPTAXLOT":"1912342100302","MAPNUMBER":"19123421","TAXLOT":"302","ACCTNO":"0872711","MAPACRES":0.36797144},"geometry":{"type":"Polygon","coordinates":[[[-124.118076,43.885957],[-124.118463,43.885956],[-124.118683,43.885955],[-124.118686,43.885818],[-124.118686,43.885681],[-124.118079,43.885683],[-124.118076,43.885957]]]}},{"type":"Feature","properties":{"MAPTAXLOT":"1912342100400","MAPNUMBER":"19123421","TAXLOT":"400","ACCTNO":"0872737","MAPACRES":1.03247416},"geometry":{"type":"Polygon","coordinates":[[[-124.118695,43.884858],[-124.118693,43.884995],[-124.118692,43.885132],[-124.11869,43.88527],[-124.118689,43.885407],[-124.118687,43.885544],[-124.118686,43.885681],[-124.118686,43.885818],[-124.118683,43.885955],[-124.119062,43.885955],[-124.119076,43.88472],[-124.118696,43.884721],[-124.118695,43.884858]]]}},{"type":"Feature","properties":{"MAPTAXLOT":"1912342100500","MAPNUMBER":"19123421","TAXLOT":"500","ACCTNO":"0872745","MAPACRES":1.41784161},"geometry":{"type":"Polygon","coordinates":[[[-124.119062,43.885955],[-124.119061,43.886004],[-124.119061,43.886023],[-124.119554,43.886022],[-124.119554,43.886002],[-124.119555,43.885953],[-124.119558,43.885679],[-124.11956,43.885542],[-124.119569,43.884719],[-124.119436,43.884719],[-124.119076,43.88472],[-124.119062,43.885955]]]}},{"type":"Feature","properties":{"MAPTAXLOT":"1912342100600","MAPNUMBER":"19123421","TAXLOT":"600","ACCTNO":"0872752","MAPACRES":0.07480543},"geometry":{"type":"Polygon","coordinates":[[[-124.119554,43.886002],[-124.119554,43.886022],[-124.120047,43.886021],[-124.120047,43.886021],[-124.120048,43.886001],[-124.120048,43.885952],[-124.119677,43.885953],[-124.119555,43.885953],[-124.119554,43.886002]]]}},{"type":"Feature","properties":{"MAPTAXLOT":"1912342100700","MAPNUMBER":"19123421","TAXLOT":"700","ACCTNO":"0872760","MAPACRES":0.29846194},"geometry":{"type":"Polygon","coordinates":[[[-124.119555,43.885953],[-124.119677,43.885953],[-124.120048,43.885952],[-124.12005,43.885815],[-124.120051,43.885678],[-124.119676,43.885679],[-124.119558,43.885679],[-124.119555,43.885953]]]}},{"type":"Feature","properties":{"MAPTAXLOT":"1912342100800","MAPNUMBER":"19123421","TAXLOT":"800","ACCTNO":"0872778","MAPACRES":0.14923127},"geometry":{"type":"Polygon","coordinates":[[[-124.119558,43.885679],[-124.119676,43.885679],[-124.120051,43.885678],[-124.120053,43.885541],[-124.119675,43.885542],[-124.11956,43.885542],[-124.119558,43.885679]]]}},{"type":"Feature","properties":{"MAPTAXLOT":"1912342100900","MAPNUMBER":"19123421","TAXLOT":"900","ACCTNO":"0872786","MAPACRES":0.89538472},"geometry":{"type":"Polygon","coordinates":[[[-124.11956,43.885542],[-124.119675,43.885542],[-124.120053,43.885541],[-124.120054,43.885404],[-124.120056,43.885266],[-124.120057,43.885129],[-124.120059,43.884992],[-124.12006,43.884855],[-124.120062,43.884718],[-124.119672,43.884719],[-124.119569,43.884719],[-124.11956,43.885542]]]}},{"type":"Feature","properties":{"MAPTAXLOT":"1912342101000","MAPNUMBER":"19123421","TAXLOT":"1000","ACCTNO":"0872794","MAPACRES":0.55295082},"geometry":{"type":"Polygon","coordinates":[[[-124.118081,43.885134],[-124.11846,43.885133],[-124.118692,43.885132],[-124.118693,43.884995],[-124.118695,43.884858],[-124.118696,43.884721],[-124.118458,43.884721],[-124.118089,43.884722],[-124.118081,43.885134]]]}},{"type":"Feature","properties":{"MAPTAXLOT":"1912342101100","MAPNUMBER":"19123421","TAXLOT":"1100","ACCTNO":"0872802","MAPACRES":0.22956776},"geometry":{"type":"Polygon","coordinates":[[[-124.115129,43.884866],[-124.115128,43.884989],[-124.115507,43.884992],[-124.115509,43.884865],[-124.11551,43.884717],[-124.115131,43.884715],[-124.115129,43.884866]]]}},{"type":"Feature","properties":{"MAPTAXLOT":"1912342101200","MAPNUMBER":"19123421","TAXLOT":"1200","ACCTNO":"0872810","MAPACRES":0.22956815},"geometry":{"type":"Polygon","coordinates":[[[-124.11456,43.884849],[-124.114559,43.884986],[-124.114749,43.884987],[-124.114938,43.884988],[-124.114941,43.884714],[-124.114741,43.884713],[-124.114562,43.884712],[-124.11456,43.884849]]]}},{"type":"Feature","properties":{"MAPTAXLOT":"1912342101201","MAPNUMBER":"19123421","TAXLOT":"1201","ACCTNO":"0872828","MAPACRES":0.11478434},"geometry":{"type":"Polygon","coordinates":[[[-124.114938,43.884988],[-124.115128,43.884989],[-124.115129,43.884866],[-124.115131,43.884715],[-124.114941,43.884714],[-124.114938,43.884988]]]}},{"type":"Feature","properties":{"MAPTAXLOT":"1912342101300","MAPNUMBER":"19123421","TAXLOT":"1300","ACCTNO":"0872844","MAPACRES":0.04995445},"geometry":{"type":"Polygon","coordinates":[[[-124.114394,43.884849],[-124.114482,43.885035],[-124.114524,43.885035],[-124.114558,43.885035],[-124.114559,43.884986],[-124.11456,43.884849],[-124.114394,43.884848],[-124.114394,43.884849]]]}},{"type":"Feature","properties":{"MAPTAXLOT":"1912342101400","MAPNUMBER":"19123421","TAXLOT":"1400","ACCTNO":"0872851","MAPACRES":0.13597314},"geometry":{"type":"Polygon","coordinates":[[[-124.114137,43.884846],[-124.114205,43.884847],[-124.114394,43.884848],[-124.11456,43.884849],[-124.114562,43.884712],[-124.114154,43.884709],[-124.114087,43.884709],[-124.114137,43.884846]]]}},{"type":"Feature","properties":{"MAPTAXLOT":"1912342101500","MAPNUMBER":"19123421","TAXLOT":"1500","ACCTNO":"0872869","MAPACRES":0.18632899},"geometry":{"type":"Polygon","coordinates":[[[-124.115119,43.88455],[-124.1155,43.884553],[-124.115425,43.884411],[-124.115353,43.884277],[-124.115119,43.884276],[-124.115119,43.88455]]]}},{"type":"Feature","properties":{"MAPTAXLOT":"1912342101600","MAPNUMBER":"19123421","TAXLOT":"1600","ACCTNO":"0872877","MAPACRES":0.09515584},"geometry":{"type":"Polygon","coordinates":[[[-124.115119,43.884276],[-124.115353,43.884277],[-124.115213,43.884015],[-124.115118,43.884015],[-124.115119,43.884276]]]}},{"type":"Feature","properties":{"MAPTAXLOT":"1912342101601","MAPNUMBER":"19123421","TAXLOT":"1601","ACCTNO":"1523099","MAPACRES":0.10903858},"geometry":{"type":"Polygon","coordinates":[[[-124.114929,43.884275],[-124.115119,43.884276],[-124.115118,43.884015],[-124.114928,43.884015],[-124.114929,43.884275]]]}},{"type":"Feature","properties":{"MAPTAXLOT":"1912342101700","MAPNUMBER":"19123421","TAXLOT":"1700","ACCTNO":"0872885","MAPACRES":0.10844386},"geometry":{"type":"Polygon","coordinates":[[[-124.114739,43.884274],[-124.114929,43.884275],[-124.114928,43.884015],[-124.114738,43.884015],[-124.114739,43.884274]]]}},{"type":"Feature","properties":{"MAPTAXLOT":"1912342101800","MAPNUMBER":"19123421","TAXLOT":"1800","ACCTNO":"0872893","MAPACRES":0.34846751},"geometry":{"type":"Polygon","coordinates":[[[-124.114121,43.884148],[-124.114092,43.88427],[-124.114128,43.88427],[-124.11455,43.884273],[-124.114739,43.884274],[-124.114738,43.884015],[-124.114548,43.884016],[-124.114223,43.884016],[-124.114153,43.884016],[-124.114121,43.884148]]]}},{"type":"Feature","properties":{"MAPTAXLOT":"1912342101900","MAPNUMBER":"19123421","TAXLOT":"1900","ACCTNO":"0872901","MAPACRES":0.13873851},"geometry":{"type":"Polygon","coordinates":[[[-124.11409,43.884407],[-124.114135,43.884407],[-124.11455,43.88441],[-124.11455,43.884273],[-124.114128,43.88427],[-124.114092,43.88427],[-124.11409,43.884407]]]}},{"type":"Feature","properties":{"MAPTAXLOT":"1912342102000","MAPNUMBER":"19123421","TAXLOT":"2000","ACCTNO":"0872919","MAPACRES":0.13937275},"geometry":{"type":"Polygon","coordinates":[[[-124.114089,43.884544],[-124.114144,43.884545],[-124.11455,43.884547],[-124.11455,43.88441],[-124.114135,43.884407],[-124.11409,43.884407],[-124.114089,43.884544]]]}},{"type":"Feature","properties":{"MAPTAXLOT":"1912342102100","MAPNUMBER":"19123421","TAXLOT":"2100","ACCTNO":"0872927","MAPACRES":0.34436762},"geometry":{"type":"Polygon","coordinates":[[[-124.11455,43.88441],[-124.11455,43.884547],[-124.11474,43.884548],[-124.11493,43.884549],[-124.115119,43.88455],[-124.115119,43.884276],[-124.114929,43.884275],[-124.114739,43.884274],[-124.11455,43.884273],[-124.11455,43.88441]]]}},{"type":"Feature","properties":{"MAPTAXLOT":"1912342102200","MAPNUMBER":"19123421","TAXLOT":"2200","ACCTNO":"0872935","MAPACRES":0.28696073},"geometry":{"type":"Polygon","coordinates":[[[-124.114749,43.883878],[-124.114843,43.883878],[-124.115033,43.883878],[-124.115223,43.883877],[-124.115222,43.883603],[-124.115032,43.883603],[-124.114843,43.883604],[-124.114748,43.883604],[-124.114749,43.883878]]]}},{"type":"Feature","properties":{"MAPTAXLOT":"1912342102300","MAPNUMBER":"19123421","TAXLOT":"2300","ACCTNO":"0872943","MAPACRES":0.14354131},"geometry":{"type":"Polygon","coordinates":[[[-124.114748,43.883604],[-124.114843,43.883604],[-124.115032,43.883603],[-124.115222,43.883603],[-124.115221,43.883466],[-124.114747,43.883467],[-124.114748,43.883604]]]}},{"type":"Feature","properties":{"MAPTAXLOT":"1912342102400","MAPNUMBER":"19123421","TAXLOT":"2400","ACCTNO":"0872950","MAPACRES":0.12911207},"geometry":{"type":"Polygon","coordinates":[[[-124.114747,43.883384],[-124.114747,43.883467],[-124.115221,43.883466],[-124.115221,43.883301],[-124.114747,43.883384]]]}},{"type":"Feature","properties":{"MAPTAXLOT":"1912342102500","MAPNUMBER":"19123421","TAXLOT":"2500","ACCTNO":"0872968","MAPACRES":0.14529444},"geometry":{"type":"Polygon","coordinates":[[[-124.11464,43.883276],[-124.11467,43.883306],[-124.114747,43.883384],[-124.115221,43.883301],[-124.115221,43.883277],[-124.1151,43.883178],[-124.11464,43.883276]]]}},{"type":"Feature","properties":{"MAPTAXLOT":"1912342102600","MAPNUMBER":"19123421","TAXLOT":"2600","ACCTNO":"0872976","MAPACRES":0.13525359},"geometry":{"type":"Polygon","coordinates":[[[-124.114533,43.883168],[-124.11464,43.883276],[-124.1151,43.883178],[-124.115014,43.88311],[-124.115006,43.883103],[-124.114997,43.883095],[-124.114989,43.883088],[-124.11498,43.883081],[-124.114972,43.883073],[-124.114964,43.883065],[-124.114964,43.883065],[-124.114533,43.883168]]]}},{"type":"Feature","properties":{"MAPTAXLOT":"1912342102700","MAPNUMBER":"19123421","TAXLOT":"2700","ACCTNO":"0872984","MAPACRES":0.13962442},"geometry":{"type":"Polygon","coordinates":[[[-124.114417,43.883051],[-124.114533,43.883168],[-124.114964,43.883065],[-124.114957,43.883057],[-124.114949,43.88305],[-124.114942,43.883042],[-124.114935,43.883034],[-124.114928,43.883025],[-124.114921,43.883017],[-124.114915,43.883009],[-124.114908,43.883],[-124.114902,43.882992],[-124.114896,43.882983],[-124.11489,43.882975],[-124.114885,43.882966],[-124.11488,43.882957],[-124.114875,43.882948],[-124.114872,43.882943],[-124.114417,43.883051]]]}},{"type":"Feature","properties":{"MAPTAXLOT":"1912342102800","MAPNUMBER":"19123421","TAXLOT":"2800","ACCTNO":"0872992","MAPACRES":0.1538193},"geometry":{"type":"Polygon","coordinates":[[[-124.1143,43.882934],[-124.114417,43.883051],[-124.114872,43.882943],[-124.11487,43.882939],[-124.114865,43.88293],[-124.114861,43.882921],[-124.114856,43.882912],[-124.114812,43.882813],[-124.1143,43.882934]]]}},{"type":"Feature","properties":{"MAPTAXLOT":"1912342102900","MAPNUMBER":"19123421","TAXLOT":"2900","ACCTNO":"0873008","MAPACRES":0.16276335},"geometry":{"type":"Polygon","coordinates":[[[-124.114242,43.882803],[-124.11425,43.882822],[-124.1143,43.882934],[-124.114812,43.882813],[-124.114753,43.882683],[-124.114242,43.882803]]]}},{"type":"Feature","properties":{"MAPTAXLOT":"1912342103000","MAPNUMBER":"19123421","TAXLOT":"3000","ACCTNO":"0873016","MAPACRES":0.16276465},"geometry":{"type":"Polygon","coordinates":[[[-124.114183,43.882673],[-124.1142,43.882711],[-124.114242,43.882803],[-124.114753,43.882683],[-124.114694,43.882552],[-124.114183,43.882673]]]}},{"type":"Feature","properties":{"MAPTAXLOT":"1912342103100","MAPNUMBER":"19123421","TAXLOT":"3100","ACCTNO":"0873024","MAPACRES":0.1627642},"geometry":{"type":"Polygon","coordinates":[[[-124.114635,43.882422],[-124.114124,43.882543],[-124.114142,43.882582],[-124.114183,43.882673],[-124.114694,43.882552],[-124.114635,43.882422]]]}},{"type":"Feature","properties":{"MAPTAXLOT":"1912342103200","MAPNUMBER":"19123421","TAXLOT":"3200","ACCTNO":"0873032","MAPACRES":0.26206619},"geometry":{"type":"Polygon","coordinates":[[[-124.114124,43.882543],[-124.114635,43.882422],[-124.114577,43.882292],[-124.114576,43.882289],[-124.114575,43.882287],[-124.114573,43.882285],[-124.114572,43.882283],[-124.114571,43.88228],[-124.11457,43.882278],[-124.114568,43.882276],[-124.114567,43.882274],[-124.114565,43.882272],[-124.114564,43.88227],[-124.114562,43.882268],[-124.114561,43.882265],[-124.114559,43.882263],[-124.114557,43.882261],[-124.114555,43.882259],[-124.114554,43.882257],[-124.114552,43.882255],[-124.11455,43.882253],[-124.114548,43.882252],[-124.114546,43.88225],[-124.114544,43.882248],[-124.114542,43.882246],[-124.114539,43.882244],[-124.114537,43.882242],[-124.114535,43.882241],[-124.114533,43.882239],[-124.11453,43.882237],[-124.114528,43.882235],[-124.114526,43.882234],[-124.114523,43.882232],[-124.114521,43.882231],[-124.114518,43.882229],[-124.114516,43.882227],[-124.114513,43.882226],[-124.11451,43.882225],[-124.114508,43.882223],[-124.114505,43.882222],[-124.114502,43.88222],[-124.1145,43.882219],[-124.114497,43.882218],[-124.114494,43.882217],[-124.114491,43.882215],[-124.114488,43.882214],[-124.114485,43.882213],[-124.114482,43.882212],[-124.114479,43.882211],[-124.114476,43.88221],[-124.114473,43.882209],[-124.11447,43.882208],[-124.114467,43.882207],[-124.114464,43.882206],[-124.114461,43.882205],[-124.114458,43.882204],[-124.114455,43.882204],[-124.114452,43.882203],[-124.114448,43.882202],[-124.114445,43.882202],[-124.114442,43.882201],[-124.114439,43.8822],[-124.114436,43.8822],[-124.114432,43.8822],[-124.114432,43.882199],[-124.114409,43.882196],[-124.114223,43.88217],[-124.114124,43.882543]]]}},{"type":"Feature","properties":{"MAPTAXLOT":"1912342103400","MAPNUMBER":"19123421","TAXLOT":"3400","ACCTNO":"0873057","MAPACRES":0.13670273},"geometry":{"type":"Polygon","coordinates":[[[-124.114001,43.882279],[-124.113965,43.882414],[-124.114032,43.882468],[-124.114124,43.882543],[-124.114223,43.88217],[-124.114037,43.882144],[-124.114001,43.882279]]]}},{"type":"Feature","properties":{"MAPTAXLOT":"1912342103500","MAPNUMBER":"19123421","TAXLOT":"3500","ACCTNO":"0873065","MAPACRES":0.10245309},"geometry":{"type":"Polygon","coordinates":[[[-124.113802,43.882117],[-124.113799,43.882117],[-124.113796,43.882117],[-124.113792,43.882117],[-124.113789,43.882118],[-124.113786,43.882118],[-124.113782,43.882118],[-124.113779,43.882119],[-124.113776,43.882119],[-124.113773,43.88212],[-124.113769,43.88212],[-124.113766,43.882121],[-124.113763,43.882121],[-124.11376,43.882122],[-124.113757,43.882123],[-124.113754,43.882124],[-124.11375,43.882124],[-124.113747,43.882125],[-124.113744,43.882126],[-124.113741,43.882127],[-124.113738,43.882128],[-124.113735,43.882129],[-124.113732,43.88213],[-124.113729,43.882131],[-124.113726,43.882132],[-124.113723,43.882133],[-124.11372,43.882134],[-124.113718,43.882136],[-124.113715,43.882137],[-124.113712,43.882138],[-124.113709,43.882139],[-124.113706,43.882141],[-124.113704,43.882142],[-124.113701,43.882144],[-124.113698,43.882145],[-124.113696,43.882147],[-124.113693,43.882148],[-124.113691,43.88215],[-124.113688,43.882151],[-124.113686,43.882153],[-124.113683,43.882154],[-124.113681,43.882156],[-124.113679,43.882158],[-124.113676,43.88216],[-124.113674,43.882161],[-124.113672,43.882163],[-124.11367,43.882165],[-124.113668,43.882167],[-124.113666,43.882169],[-124.113664,43.882171],[-124.113662,43.882172],[-124.11366,43.882174],[-124.113658,43.882176],[-124.113656,43.882178],[-124.113654,43.88218],[-124.113652,43.882182],[-124.113651,43.882184],[-124.113649,43.882187],[-124.113648,43.882189],[-124.113646,43.882191],[-124.113645,43.882193],[-124.113643,43.882195],[-124.113643,43.882196],[-124.113642,43.882197],[-124.11364,43.882199],[-124.113639,43.882202],[-124.113638,43.882204],[-124.113637,43.882206],[-124.113636,43.882208],[-124.113635,43.882211],[-124.113634,43.882213],[-124.113633,43.882215],[-124.113632,43.882217],[-124.113631,43.88222],[-124.11363,43.882222],[-124.113629,43.882224],[-124.113629,43.882227],[-124.113628,43.882228],[-124.113695,43.882237],[-124.114001,43.882279],[-124.114037,43.882144],[-124.113852,43.882119],[-124.113848,43.882118],[-124.113845,43.882118],[-124.113842,43.882118],[-124.113838,43.882117],[-124.113835,43.882117],[-124.113832,43.882117],[-124.113829,43.882117],[-124.113825,43.882116],[-124.113822,43.882116],[-124.113819,43.882116],[-124.113815,43.882116],[-124.113812,43.882116],[-124.113809,43.882116],[-124.113805,43.882116],[-124.113802,43.882117]]]}},{"type":"Feature","properties":{"MAPTAXLOT":"1912342103600","MAPNUMBER":"19123421","TAXLOT":"3600","ACCTNO":"0873073","MAPACRES":0.11475059},"geometry":{"type":"Polygon","coordinates":[[[-124.113593,43.882362],[-124.113658,43.882371],[-124.113965,43.882414],[-124.114001,43.882279],[-124.113695,43.882237],[-124.113628,43.882228],[-124.113593,43.882362]]]}},{"type":"Feature","properties":{"MAPTAXLOT":"1912342103700","MAPNUMBER":"19123421","TAXLOT":"3700","ACCTNO":"0873081","MAPACRES":0.12736018},"geometry":{"type":"Polygon","coordinates":[[[-124.113573,43.882436],[-124.113572,43.882441],[-124.113571,43.882446],[-124.11357,43.88245],[-124.113569,43.882455],[-124.113568,43.88246],[-124.113568,43.882465],[-124.113567,43.88247],[-124.113567,43.882474],[-124.113567,43.882479],[-124.113566,43.882484],[-124.113566,43.882489],[-124.113567,43.882493],[-124.113567,43.882498],[-124.113567,43.882503],[-124.113567,43.882508],[-124.113568,43.882513],[-124.113569,43.882517],[-124.113569,43.882522],[-124.11357,43.882527],[-124.113571,43.882532],[-124.113572,43.882536],[-124.113574,43.882541],[-124.113575,43.882546],[-124.113576,43.88255],[-124.113578,43.882555],[-124.11358,43.88256],[-124.113581,43.882564],[-124.113583,43.882569],[-124.113585,43.882573],[-124.11366,43.882555],[-124.114032,43.882468],[-124.113965,43.882414],[-124.113658,43.882371],[-124.113593,43.882362],[-124.113584,43.882397],[-124.113573,43.882436]]]}},{"type":"Feature","properties":{"MAPTAXLOT":"1912342103800","MAPNUMBER":"19123421","TAXLOT":"3800","ACCTNO":"0873099","MAPACRES":0.15004707},"geometry":{"type":"Polygon","coordinates":[[[-124.11366,43.882555],[-124.113585,43.882573],[-124.113643,43.882702],[-124.113717,43.882684],[-124.114142,43.882582],[-124.114124,43.882543],[-124.114032,43.882468],[-124.11366,43.882555]]]}},{"type":"Feature","properties":{"MAPTAXLOT":"1912342103900","MAPNUMBER":"19123421","TAXLOT":"3900","ACCTNO":"0873107","MAPACRES":0.15710592},"geometry":{"type":"Polygon","coordinates":[[[-124.113717,43.882684],[-124.113643,43.882702],[-124.113701,43.88283],[-124.113774,43.882813],[-124.1142,43.882711],[-124.114183,43.882673],[-124.114142,43.882582],[-124.113717,43.882684]]]}},{"type":"Feature","properties":{"MAPTAXLOT":"1912342104000","MAPNUMBER":"19123421","TAXLOT":"4000","ACCTNO":"0873115","MAPACRES":0.14027026},"geometry":{"type":"Polygon","coordinates":[[[-124.113774,43.882813],[-124.113701,43.88283],[-124.113746,43.882931],[-124.113749,43.882938],[-124.113752,43.882945],[-124.113754,43.882949],[-124.11425,43.882822],[-124.114242,43.882803],[-124.1142,43.882711],[-124.113774,43.882813]]]}},{"type":"Feature","properties":{"MAPTAXLOT":"1912342104100","MAPNUMBER":"19123421","TAXLOT":"4100","ACCTNO":"0873123","MAPACRES":0.14220763},"geometry":{"type":"Polygon","coordinates":[[[-124.113754,43.882949],[-124.113755,43.882952],[-124.113759,43.882959],[-124.113762,43.882965],[-124.113766,43.882972],[-124.11377,43.882979],[-124.113774,43.882985],[-124.113778,43.882992],[-124.113782,43.882998],[-124.113787,43.883005],[-124.113791,43.883011],[-124.113796,43.883017],[-124.113801,43.883024],[-124.113806,43.88303],[-124.113811,43.883036],[-124.113816,43.883042],[-124.113822,43.883048],[-124.113828,43.883054],[-124.113833,43.88306],[-124.113839,43.883065],[-124.113841,43.883067],[-124.113911,43.883046],[-124.1143,43.882934],[-124.11425,43.882822],[-124.113754,43.882949]]]}},{"type":"Feature","properties":{"MAPTAXLOT":"1912342104200","MAPNUMBER":"19123421","TAXLOT":"4200","ACCTNO":"0873131","MAPACRES":0.14224046},"geometry":{"type":"Polygon","coordinates":[[[-124.113911,43.883046],[-124.113841,43.883067],[-124.113845,43.883071],[-124.113852,43.883077],[-124.113858,43.883082],[-124.113864,43.883088],[-124.113871,43.883093],[-124.113878,43.883098],[-124.11388,43.8831],[-124.113973,43.883166],[-124.114044,43.883147],[-124.114417,43.883051],[-124.1143,43.882934],[-124.113911,43.883046]]]}},{"type":"Feature","properties":{"MAPTAXLOT":"1912342104300","MAPNUMBER":"19123421","TAXLOT":"4300","ACCTNO":"0873149","MAPACRES":0.13109148},"geometry":{"type":"Polygon","coordinates":[[[-124.114044,43.883147],[-124.113973,43.883166],[-124.114108,43.883262],[-124.114181,43.883246],[-124.114533,43.883168],[-124.114417,43.883051],[-124.114044,43.883147]]]}},{"type":"Feature","properties":{"MAPTAXLOT":"1912342104400","MAPNUMBER":"19123421","TAXLOT":"4400","ACCTNO":"0873156","MAPACRES":0.13517267},"geometry":{"type":"Polygon","coordinates":[[[-124.114181,43.883246],[-124.114108,43.883262],[-124.114141,43.883285],[-124.114144,43.883288],[-124.114151,43.883293],[-124.114158,43.883298],[-124.114165,43.883303],[-124.114172,43.883309],[-124.114178,43.883314],[-124.114184,43.88332],[-124.114191,43.883325],[-124.114197,43.883331],[-124.114203,43.883337],[-124.114208,43.883343],[-124.114214,43.883349],[-124.114219,43.883355],[-124.114225,43.883361],[-124.114228,43.883364],[-124.114302,43.883354],[-124.11467,43.883306],[-124.11464,43.883276],[-124.114533,43.883168],[-124.114181,43.883246]]]}},{"type":"Feature","properties":{"MAPTAXLOT":"1912342104500","MAPNUMBER":"19123421","TAXLOT":"4500","ACCTNO":"0873164","MAPACRES":0.38869577},"geometry":{"type":"Polygon","coordinates":[[[-124.114308,43.883622],[-124.114307,43.883629],[-124.114306,43.883636],[-124.114305,43.883643],[-124.114303,43.88365],[-124.114301,43.883657],[-124.114299,43.883664],[-124.114297,43.883671],[-124.114295,43.883678],[-124.11429,43.883689],[-124.114267,43.883748],[-124.114325,43.883747],[-124.114653,43.883747],[-124.114653,43.883604],[-124.114748,43.883604],[-124.114747,43.883467],[-124.114747,43.883384],[-124.11467,43.883306],[-124.114302,43.883354],[-124.114228,43.883364],[-124.11423,43.883367],[-124.114235,43.883373],[-124.11424,43.883379],[-124.114245,43.883386],[-124.114249,43.883392],[-124.114254,43.883398],[-124.114258,43.883405],[-124.114262,43.883411],[-124.114266,43.883418],[-124.11427,43.883425],[-124.114274,43.883431],[-124.114277,43.883438],[-124.11428,43.883445],[-124.114283,43.883452],[-124.114286,43.883458],[-124.114289,43.883465],[-124.114292,43.883472],[-124.114294,43.883479],[-124.114297,43.883486],[-124.114299,43.883493],[-124.114301,43.8835],[-124.114303,43.883507],[-124.114304,43.883514],[-124.114306,43.883521],[-124.114307,43.883529],[-124.114308,43.883536],[-124.114309,43.883543],[-124.11431,43.88355],[-124.114311,43.883557],[-124.114311,43.883564],[-124.114311,43.883572],[-124.114311,43.883579],[-124.114311,43.883586],[-124.114311,43.883593],[-124.114311,43.8836],[-124.11431,43.883607],[-124.114309,43.883615],[-124.114308,43.883622]]]}},{"type":"Feature","properties":{"MAPTAXLOT":"1912342104600","MAPNUMBER":"19123421","TAXLOT":"4600","ACCTNO":"0873172","MAPACRES":0.11966859},"geometry":{"type":"Polygon","coordinates":[[[-124.114215,43.883879],[-124.114275,43.883879],[-124.114654,43.883878],[-124.114653,43.883747],[-124.114325,43.883747],[-124.114267,43.883748],[-124.114215,43.883879]]]}},{"type":"Feature","properties":{"MAPTAXLOT":"1912342104700","MAPNUMBER":"19123421","TAXLOT":"4700","ACCTNO":"0873180","MAPACRES":0.05739209},"geometry":{"type":"Polygon","coordinates":[[[-124.114653,43.883747],[-124.114654,43.883878],[-124.114749,43.883878],[-124.114748,43.883604],[-124.114653,43.883604],[-124.114653,43.883747]]]}},{"type":"Feature","properties":{"MAPTAXLOT":"1912342105100","MAPNUMBER":"19123421","TAXLOT":"5100","ACCTNO":"0873222","MAPACRES":0.25540723},"geometry":{"type":"Polygon","coordinates":[[[-124.115451,43.883938],[-124.115451,43.883971],[-124.115451,43.884004],[-124.115526,43.884145],[-124.1156,43.884282],[-124.115616,43.884312],[-124.115898,43.884288],[-124.115897,43.884144],[-124.115896,43.884006],[-124.115694,43.884007],[-124.115451,43.883938]]]}},{"type":"Feature","properties":{"MAPTAXLOT":"1912342105102","MAPNUMBER":"19123421","TAXLOT":"5102","ACCTNO":"1095668","MAPACRES":0.32063642},"geometry":{"type":"Polygon","coordinates":[[[-124.115616,43.884312],[-124.115675,43.884419],[-124.115745,43.884554],[-124.116116,43.884555],[-124.116115,43.884281],[-124.116115,43.884144],[-124.115972,43.884144],[-124.115897,43.884144],[-124.115898,43.884288],[-124.115616,43.884312]]]}},{"type":"Feature","properties":{"MAPTAXLOT":"1912342105103","MAPNUMBER":"19123421","TAXLOT":"5103","ACCTNO":"1483344","MAPACRES":0.02305597},"geometry":{"type":"Polygon","coordinates":[[[-124.115897,43.884144],[-124.115972,43.884144],[-124.115972,43.884007],[-124.115896,43.884006],[-124.115897,43.884144]]]}},{"type":"Feature","properties":{"MAPTAXLOT":"1912342105200","MAPNUMBER":"19123421","TAXLOT":"5200","ACCTNO":"0873248","MAPACRES":1.18979122},"geometry":{"type":"Polygon","coordinates":[[[-124.115449,43.883734],[-124.11545,43.883871],[-124.115451,43.883938],[-124.115694,43.884007],[-124.115896,43.884006],[-124.115972,43.884007],[-124.115972,43.884144],[-124.116115,43.884144],[-124.116113,43.883657],[-124.116112,43.883284],[-124.11608,43.883289],[-124.115939,43.883278],[-124.11561,43.883187],[-124.115448,43.882993],[-124.115449,43.883734]]]}},{"type":"Feature","properties":{"MAPTAXLOT":"1912342105300","MAPNUMBER":"19123421","TAXLOT":"5300","ACCTNO":"0873255","MAPACRES":0.51102272},"geometry":{"type":"Polygon","coordinates":[[[-124.11638,43.883241],[-124.116112,43.883284],[-124.116113,43.883657],[-124.116606,43.883656],[-124.116682,43.883656],[-124.11668,43.883235],[-124.116563,43.883235],[-124.11638,43.883241]]]}},{"type":"Feature","properties":{"MAPTAXLOT":"1912342105400","MAPNUMBER":"19123421","TAXLOT":"5400","ACCTNO":"0873263","MAPACRES":0.93693304},"geometry":{"type":"Polygon","coordinates":[[[-124.116116,43.884555],[-124.116496,43.884493],[-124.11661,43.884492],[-124.116609,43.884287],[-124.116608,43.88415],[-124.116608,43.884012],[-124.116607,43.88393],[-124.116607,43.883875],[-124.116606,43.883656],[-124.116113,43.883657],[-124.116115,43.884144],[-124.116115,43.884281],[-124.116116,43.884555]]]}},{"type":"Feature","properties":{"MAPTAXLOT":"1912342105600","MAPNUMBER":"19123421","TAXLOT":"5600","ACCTNO":"0873289","MAPACRES":0.11469179},"geometry":{"type":"Polygon","coordinates":[[[-124.117103,43.88456],[-124.117482,43.884559],[-124.117481,43.884422],[-124.117102,43.884423],[-124.117103,43.88456]]]}},{"type":"Feature","properties":{"MAPTAXLOT":"1912342105700","MAPNUMBER":"19123421","TAXLOT":"5700","ACCTNO":"0873297","MAPACRES":0.11475765},"geometry":{"type":"Polygon","coordinates":[[[-124.117102,43.884423],[-124.117481,43.884422],[-124.117481,43.884285],[-124.117102,43.884286],[-124.117102,43.884423]]]}},{"type":"Feature","properties":{"MAPTAXLOT":"1912342105800","MAPNUMBER":"19123421","TAXLOT":"5800","ACCTNO":"0873305","MAPACRES":0.23556088},"geometry":{"type":"Polygon","coordinates":[[[-124.117081,43.884148],[-124.117101,43.884148],[-124.117102,43.884286],[-124.117481,43.884285],[-124.11748,43.884148],[-124.117479,43.88401],[-124.1171,43.884011],[-124.11708,43.884011],[-124.117081,43.884148]]]}},{"type":"Feature","properties":{"MAPTAXLOT":"1912342105900","MAPNUMBER":"19123421","TAXLOT":"5900","ACCTNO":"0873313","MAPACRES":0.60613158},"geometry":{"type":"Polygon","coordinates":[[[-124.116607,43.88393],[-124.1171,43.883929],[-124.1171,43.884011],[-124.117479,43.88401],[-124.117479,43.883873],[-124.117477,43.883414],[-124.117385,43.883393],[-124.117232,43.883338],[-124.117097,43.883294],[-124.117098,43.883509],[-124.1171,43.883874],[-124.116788,43.883876],[-124.116607,43.883875],[-124.116607,43.88393]]]}},{"type":"Feature","properties":{"MAPTAXLOT":"1912342106000","MAPNUMBER":"19123421","TAXLOT":"6000","ACCTNO":"0873321","MAPACRES":0.61274819},"geometry":{"type":"Polygon","coordinates":[[[-124.116607,43.883875],[-124.116788,43.883876],[-124.1171,43.883874],[-124.117098,43.883509],[-124.117097,43.883294],[-124.117052,43.88328],[-124.116952,43.883246],[-124.116832,43.883235],[-124.11668,43.883235],[-124.116682,43.883656],[-124.116606,43.883656],[-124.116607,43.883875]]]}},{"type":"Feature","properties":{"MAPTAXLOT":"1912342106200","MAPNUMBER":"19123421","TAXLOT":"6200","ACCTNO":"0873339","MAPACRES":0.08947617},"geometry":{"type":"Polygon","coordinates":[[[-124.116608,43.884012],[-124.116793,43.884012],[-124.11708,43.884011],[-124.1171,43.884011],[-124.1171,43.883929],[-124.116607,43.88393],[-124.116608,43.884012]]]}},{"type":"Feature","properties":{"MAPTAXLOT":"1912342106201","MAPNUMBER":"19123421","TAXLOT":"6201","ACCTNO":"0873347","MAPACRES":0.14343908},"geometry":{"type":"Polygon","coordinates":[[[-124.11708,43.884011],[-124.116793,43.884012],[-124.116608,43.884012],[-124.116608,43.88415],[-124.116789,43.88415],[-124.117081,43.884148],[-124.11708,43.884011]]]}},{"type":"Feature","properties":{"MAPTAXLOT":"1912342106300","MAPNUMBER":"19123421","TAXLOT":"6300","ACCTNO":"0873354","MAPACRES":0.14873231},"geometry":{"type":"Polygon","coordinates":[[[-124.116609,43.884287],[-124.11679,43.884286],[-124.117102,43.884286],[-124.117101,43.884148],[-124.117081,43.884148],[-124.116789,43.88415],[-124.116608,43.88415],[-124.116609,43.884287]]]}},{"type":"Feature","properties":{"MAPTAXLOT":"1912342106400","MAPNUMBER":"19123421","TAXLOT":"6400","ACCTNO":"0873362","MAPACRES":0.2524101},"geometry":{"type":"Polygon","coordinates":[[[-124.11661,43.884492],[-124.116723,43.884492],[-124.117103,43.88456],[-124.117102,43.884423],[-124.117102,43.884286],[-124.11679,43.884286],[-124.116609,43.884287],[-124.11661,43.884492]]]}},{"type":"Feature","properties":{"MAPTAXLOT":"1912342106500","MAPNUMBER":"19123421","TAXLOT":"6500","ACCTNO":"0873370","MAPACRES":0.20924697},"geometry":{"type":"Polygon","coordinates":[[[-124.118278,43.884557],[-124.118468,43.884557],[-124.118544,43.884557],[-124.118543,43.884227],[-124.118467,43.884228],[-124.11836,43.884228],[-124.11836,43.884139],[-124.118277,43.884139],[-124.118278,43.884557]]]}},{"type":"Feature","properties":{"MAPTAXLOT":"1912342106501","MAPNUMBER":"19123421","TAXLOT":"6501","ACCTNO":"0873388","MAPACRES":0.0208909},"geometry":{"type":"Polygon","coordinates":[[[-124.11836,43.884228],[-124.118467,43.884228],[-124.118466,43.884139],[-124.11836,43.884139],[-124.11836,43.884228]]]}},{"type":"Feature","properties":{"MAPTAXLOT":"1912342106600","MAPNUMBER":"19123421","TAXLOT":"6600","ACCTNO":"0873396","MAPACRES":0.1750792},"geometry":{"type":"Polygon","coordinates":[[[-124.118088,43.884379],[-124.118089,43.884558],[-124.118278,43.884557],[-124.118277,43.884139],[-124.118087,43.884139],[-124.118088,43.884379]]]}},{"type":"Feature","properties":{"MAPTAXLOT":"1912342106700","MAPNUMBER":"19123421","TAXLOT":"6700","ACCTNO":"0873404","MAPACRES":0.10896849},"geometry":{"type":"Polygon","coordinates":[[[-124.118087,43.884139],[-124.118277,43.884139],[-124.11836,43.884139],[-124.118466,43.884139],[-124.118466,43.884008],[-124.118276,43.884009],[-124.118086,43.884009],[-124.118087,43.884139]]]}},{"type":"Feature","properties":{"MAPTAXLOT":"1912342106800","MAPNUMBER":"19123421","TAXLOT":"6800","ACCTNO":"0873420","MAPACRES":0.13620538},"geometry":{"type":"Polygon","coordinates":[[[-124.118086,43.884009],[-124.118276,43.884009],[-124.118275,43.8837],[-124.118272,43.883699],[-124.118257,43.883696],[-124.118241,43.883692],[-124.118225,43.88369],[-124.11821,43.883687],[-124.118194,43.883684],[-124.118178,43.883682],[-124.118162,43.88368],[-124.118146,43.883678],[-124.11813,43.883676],[-124.118114,43.883674],[-124.118098,43.883673],[-124.118085,43.883672],[-124.118086,43.884009]]]}},{"type":"Feature","properties":{"MAPTAXLOT":"1912342106801","MAPNUMBER":"19123421","TAXLOT":"6801","ACCTNO":"1423068","MAPACRES":0.11798292},"geometry":{"type":"Polygon","coordinates":[[[-124.118276,43.884009],[-124.118466,43.884008],[-124.118465,43.88376],[-124.118451,43.883754],[-124.118442,43.883751],[-124.118436,43.883748],[-124.118422,43.883743],[-124.118408,43.883738],[-124.118393,43.883733],[-124.118378,43.883728],[-124.118363,43.883723],[-124.118348,43.883719],[-124.118333,43.883714],[-124.118318,43.88371],[-124.118303,43.883706],[-124.118288,43.883702],[-124.118275,43.8837],[-124.118276,43.884009]]]}},{"type":"Feature","properties":{"MAPTAXLOT":"1912342106900","MAPNUMBER":"19123421","TAXLOT":"6900","ACCTNO":"0873438","MAPACRES":0.16107512},"geometry":{"type":"Polygon","coordinates":[[[-124.117707,43.88401],[-124.118086,43.884009],[-124.118085,43.883672],[-124.117895,43.883659],[-124.117896,43.883968],[-124.117707,43.883969],[-124.117707,43.88401]]]}},{"type":"Feature","properties":{"MAPTAXLOT":"1912342107000","MAPNUMBER":"19123421","TAXLOT":"7000","ACCTNO":"0873446","MAPACRES":0.13133554},"geometry":{"type":"Polygon","coordinates":[[[-124.117707,43.883969],[-124.117896,43.883968],[-124.117895,43.883659],[-124.117747,43.88365],[-124.117741,43.883649],[-124.117735,43.88365],[-124.117729,43.883652],[-124.117723,43.883654],[-124.117718,43.883657],[-124.117714,43.88366],[-124.11771,43.883664],[-124.117708,43.883668],[-124.117706,43.883672],[-124.117706,43.883677],[-124.117707,43.883969]]]}},{"type":"Feature","properties":{"MAPTAXLOT":"1912342107100","MAPNUMBER":"19123421","TAXLOT":"7100","ACCTNO":"0873453","MAPACRES":0.30992545},"geometry":{"type":"Polygon","coordinates":[[[-124.117708,43.88414],[-124.117708,43.884277],[-124.117709,43.88438],[-124.118088,43.884379],[-124.118087,43.884139],[-124.118086,43.884009],[-124.117707,43.88401],[-124.117708,43.88414]]]}},{"type":"Feature","properties":{"MAPTAXLOT":"1912342107200","MAPNUMBER":"19123421","TAXLOT":"7200","ACCTNO":"0873461","MAPACRES":0.14921398},"geometry":{"type":"Polygon","coordinates":[[[-124.117709,43.884415],[-124.117709,43.884559],[-124.118089,43.884558],[-124.118088,43.884379],[-124.117709,43.88438],[-124.117709,43.884415]]]}},{"type":"Feature","properties":{"MAPTAXLOT":"1912342107300","MAPNUMBER":"19123421","TAXLOT":"7300","ACCTNO":"0873479","MAPACRES":0.61124878},"geometry":{"type":"Polygon","coordinates":[[[-124.119072,43.883976],[-124.119073,43.884211],[-124.119074,43.884274],[-124.119075,43.884556],[-124.119454,43.884555],[-124.119454,43.88441],[-124.119453,43.884273],[-124.119452,43.884018],[-124.119451,43.883849],[-124.119377,43.883842],[-124.119205,43.883823],[-124.119072,43.883784],[-124.119072,43.883976]]]}},{"type":"Feature","properties":{"MAPTAXLOT":"1912342107500","MAPNUMBER":"19123421","TAXLOT":"7500","ACCTNO":"0873495","MAPACRES":0.72253836},"geometry":{"type":"Polygon","coordinates":[[[-124.118694,43.884212],[-124.118695,43.884324],[-124.118695,43.884437],[-124.118696,43.884556],[-124.119075,43.884556],[-124.119074,43.884274],[-124.119073,43.884211],[-124.119072,43.883976],[-124.119072,43.883784],[-124.118985,43.883742],[-124.118877,43.883694],[-124.118802,43.883648],[-124.118692,43.883607],[-124.118694,43.884212]]]}},{"type":"Feature","properties":{"MAPTAXLOT":"1912342107700","MAPNUMBER":"19123421","TAXLOT":"7700","ACCTNO":"0873511","MAPACRES":0.42239306},"geometry":{"type":"Polygon","coordinates":[[[-124.119833,43.884554],[-124.120061,43.884553],[-124.12006,43.884395],[-124.12006,43.884251],[-124.120117,43.884251],[-124.120115,43.883773],[-124.120047,43.883785],[-124.119982,43.883807],[-124.11983,43.883837],[-124.119832,43.884252],[-124.11987,43.884252],[-124.119871,43.884362],[-124.119833,43.884362],[-124.119833,43.884554]]]}},{"type":"Feature","properties":{"MAPTAXLOT":"1912342107800","MAPNUMBER":"19123421","TAXLOT":"7800","ACCTNO":"0873529","MAPACRES":0.60078244},"geometry":{"type":"Polygon","coordinates":[[[-124.119454,43.88441],[-124.119454,43.884555],[-124.119682,43.884554],[-124.119833,43.884554],[-124.119833,43.884362],[-124.119871,43.884362],[-124.11987,43.884252],[-124.119832,43.884252],[-124.11983,43.883837],[-124.119714,43.883847],[-124.119587,43.883851],[-124.119451,43.883849],[-124.119452,43.884018],[-124.119453,43.884273],[-124.119454,43.88441]]]}},{"type":"Feature","properties":{"MAPTAXLOT":"1912342108000","MAPNUMBER":"19123421","TAXLOT":"8000","ACCTNO":"0873537","MAPACRES":0.72060133},"geometry":{"type":"Polygon","coordinates":[[[-124.1198,43.883014],[-124.119629,43.883082],[-124.119631,43.883642],[-124.119706,43.883629],[-124.119745,43.883622],[-124.119934,43.883555],[-124.119947,43.883551],[-124.120124,43.883494],[-124.120176,43.883467],[-124.12018,43.883465],[-124.120186,43.883463],[-124.120179,43.882945],[-124.120177,43.882865],[-124.1198,43.883014]]]}},{"type":"Feature","properties":{"MAPTAXLOT":"1912342108200","MAPNUMBER":"19123421","TAXLOT":"8200","ACCTNO":"0999688","MAPACRES":0.70869354},"geometry":{"type":"Polygon","coordinates":[[[-124.112858,43.882122],[-124.112924,43.882131],[-124.113417,43.882198],[-124.11353,43.882024],[-124.113727,43.8819],[-124.113823,43.881889],[-124.114095,43.881924],[-124.114109,43.88187],[-124.113265,43.88167],[-124.113234,43.881663],[-124.113058,43.881778],[-124.112858,43.882122]]]}},{"type":"Feature","properties":{"MAPTAXLOT":"1912342108300","MAPNUMBER":"19123421","TAXLOT":"8300","ACCTNO":"0872620","MAPACRES":0.64305485},"geometry":{"type":"Polygon","coordinates":[[[-124.118757,43.883269],[-124.118777,43.883278],[-124.118883,43.883338],[-124.118992,43.883403],[-124.119072,43.883456],[-124.119078,43.88346],[-124.119165,43.883521],[-124.119233,43.883577],[-124.119274,43.883601],[-124.119338,43.883647],[-124.119366,43.883656],[-124.119383,43.883662],[-124.119405,43.883669],[-124.119518,43.883653],[-124.11963,43.883642],[-124.119631,43.883642],[-124.119629,43.883082],[-124.119387,43.883177],[-124.119379,43.88318],[-124.119369,43.883183],[-124.11936,43.883187],[-124.11935,43.88319],[-124.119341,43.883193],[-124.119331,43.883195],[-124.119321,43.883198],[-124.119311,43.883201],[-124.119301,43.883203],[-124.119291,43.883205],[-124.119281,43.883207],[-124.119271,43.883209],[-124.119261,43.883211],[-124.11925,43.883213],[-124.11924,43.883215],[-124.11923,43.883216],[-124.11922,43.883218],[-124.119209,43.883219],[-124.119199,43.88322],[-124.119188,43.883221],[-124.119178,43.883222],[-124.119167,43.883223],[-124.119157,43.883223],[-124.119146,43.883224],[-124.119136,43.883224],[-124.119125,43.883224],[-124.119115,43.883224],[-124.119104,43.883224],[-124.119094,43.883224],[-124.119083,43.883224],[-124.119073,43.883223],[-124.119062,43.883223],[-124.119052,43.883222],[-124.119042,43.883221],[-124.119031,43.88322],[-124.119021,43.883219],[-124.11901,43.883218],[-124.119,43.883216],[-124.11899,43.883215],[-124.118979,43.883213],[-124.118969,43.883211],[-124.118959,43.88321],[-124.118949,43.883208],[-124.118939,43.883205],[-124.118929,43.883203],[-124.118919,43.883201],[-124.118909,43.883198],[-124.118899,43.883195],[-124.118889,43.883193],[-124.118757,43.883154],[-124.118757,43.883269]]]}},{"type":"Feature","properties":{"MAPTAXLOT":"1912342108400","MAPNUMBER":"19123421","TAXLOT":"8400","ACCTNO":"1805108","MAPACRES":0.17288021},"geometry":{"type":"Polygon","coordinates":[[[-124.112823,43.882256],[-124.113392,43.882333],[-124.113398,43.8823],[-124.113417,43.882198],[-124.112924,43.882131],[-124.112858,43.882122],[-124.112823,43.882256]]]}},{"type":"Feature","properties":{"MAPTAXLOT":"1912342400077","MAPNUMBER":"19123424","TAXLOT":"77","ACCTNO":"000None","MAPACRES":3.37063067},"geometry":{"type":"Polygon","coordinates":[[[-124.114597,43.881657],[-124.114787,43.881857],[-124.114786,43.881583],[-124.114597,43.881557],[-124.114457,43.881537],[-124.11441,43.88153],[-124.114402,43.881529],[-124.114395,43.881528],[-124.114382,43.881526],[-124.114369,43.881524],[-124.114356,43.881522],[-124.114344,43.881519],[-124.114331,43.881516],[-124.114318,43.881513],[-124.114306,43.88151],[-124.114293,43.881507],[-124.114281,43.881504],[-124.114268,43.8815],[-124.114256,43.881497],[-124.114244,43.881493],[-124.114232,43.881489],[-124.11422,43.881485],[-124.114208,43.881481],[-124.114196,43.881476],[-124.114184,43.881472],[-124.114173,43.881467],[-124.114161,43.881462],[-124.11415,43.881457],[-124.114139,43.881452],[-124.114127,43.881447],[-124.114116,43.881441],[-124.114106,43.881436],[-124.114095,43.88143],[-124.114084,43.881424],[-124.114074,43.881418],[-124.114064,43.881412],[-124.113834,43.881273],[-124.113834,43.881273],[-124.113834,43.880648],[-124.113834,43.880639],[-124.113833,43.880502],[-124.113832,43.880227],[-124.113831,43.880063],[-124.11383,43.879788],[-124.11383,43.879745],[-124.113829,43.879514],[-124.113828,43.879377],[-124.113827,43.879103],[-124.113638,43.879103],[-124.113639,43.879377],[-124.113449,43.879378],[-124.11326,43.879378],[-124.11307,43.879379],[-124.11288,43.879379],[-124.112691,43.879379],[-124.112501,43.87938],[-124.112311,43.87938],[-124.112312,43.879449],[-124.112312,43.879518],[-124.112502,43.879517],[-124.112691,43.879517],[-124.112881,43.879516],[-124.11307,43.879516],[-124.11326,43.879515],[-124.11345,43.879515],[-124.113639,43.879515],[-124.113641,43.879789],[-124.113642,43.880063],[-124.113452,43.880064],[-124.113263,43.880064],[-124.113073,43.880064],[-124.112883,43.880065],[-124.112694,43.880065],[-124.112504,43.880066],[-124.112314,43.880066],[-124.112125,43.880067],[-124.112049,43.880067],[-124.112049,43.880149],[-124.11205,43.880231],[-124.112051,43.880574],[-124.112053,43.880967],[-124.112053,43.881138],[-124.11223,43.88117],[-124.112708,43.881225],[-124.112895,43.881303],[-124.112895,43.881248],[-124.113281,43.881276],[-124.113469,43.881316],[-124.11366,43.88142],[-124.11366,43.881474],[-124.1139,43.881484],[-124.114151,43.881523],[-124.114274,43.881598],[-124.114597,43.881657]],[[-124.113646,43.881129],[-124.113647,43.881161],[-124.113449,43.881116],[-124.113424,43.881111],[-124.113398,43.881106],[-124.113372,43.881101],[-124.113345,43.881096],[-124.113319,43.881092],[-124.113293,43.881088],[-124.113266,43.881084],[-124.11324,43.881081],[-124.113213,43.881078],[-124.113187,43.881076],[-124.11316,43.881073],[-124.113133,43.881071],[-124.113106,43.88107],[-124.113079,43.881069],[-124.113077,43.881069],[-124.112888,43.881061],[-124.112887,43.881017],[-124.112886,43.880778],[-124.112886,43.880641],[-124.112885,43.880504],[-124.112884,43.88023],[-124.113074,43.880229],[-124.113263,43.880229],[-124.113453,43.880228],[-124.113643,43.880228],[-124.113644,43.880502],[-124.113644,43.880639],[-124.113645,43.880776],[-124.113646,43.881129]],[[-124.112697,43.880779],[-124.112698,43.881053],[-124.112508,43.881026],[-124.112326,43.881],[-124.112318,43.880999],[-124.112129,43.880972],[-124.112128,43.88078],[-124.112127,43.880643],[-124.112127,43.880506],[-124.112125,43.880231],[-124.112315,43.880231],[-124.112505,43.88023],[-124.112694,43.88023],[-124.112696,43.880504],[-124.112696,43.880641],[-124.112697,43.880779]]]}},{"type":"Feature","properties":{"MAPTAXLOT":"1912342400100","MAPNUMBER":"19123424","TAXLOT":"100","ACCTNO":"0873545","MAPACRES":1.10118486},"geometry":{"type":"Polygon","coordinates":[[[-124.11446,43.880128],[-124.115182,43.880129],[-124.115182,43.879741],[-124.11383,43.879745],[-124.11383,43.879788],[-124.113831,43.880063],[-124.113833,43.880063],[-124.113855,43.880063],[-124.113876,43.880063],[-124.113898,43.880064],[-124.11392,43.880065],[-124.113942,43.880066],[-124.113963,43.880068],[-124.113985,43.88007],[-124.114007,43.880072],[-124.114028,43.880074],[-124.11405,43.880077],[-124.114071,43.88008],[-124.114093,43.880083],[-124.114114,43.880086],[-124.114135,43.88009],[-124.114157,43.880094],[-124.114178,43.880098],[-124.114195,43.880102],[-124.114212,43.880105],[-124.114229,43.880108],[-124.114247,43.880111],[-124.114264,43.880114],[-124.114282,43.880116],[-124.1143,43.880118],[-124.114317,43.88012],[-124.114335,43.880122],[-124.114353,43.880123],[-124.11437,43.880125],[-124.114388,43.880126],[-124.114406,43.880127],[-124.114424,43.880127],[-124.114442,43.880127],[-124.11446,43.880128]]]}},{"type":"Feature","properties":{"MAPTAXLOT":"1912342400101","MAPNUMBER":"19123424","TAXLOT":"101","ACCTNO":"1422490","MAPACRES":0.99904739},"geometry":{"type":"Polygon","coordinates":[[[-124.114402,43.881529],[-124.11441,43.88153],[-124.114414,43.881336],[-124.114415,43.880648],[-124.113834,43.880648],[-124.113834,43.881273],[-124.113834,43.881273],[-124.114064,43.881412],[-124.114074,43.881418],[-124.114084,43.881424],[-124.114095,43.88143],[-124.114106,43.881436],[-124.114116,43.881441],[-124.114127,43.881447],[-124.114139,43.881452],[-124.11415,43.881457],[-124.114161,43.881462],[-124.114173,43.881467],[-124.114184,43.881472],[-124.114196,43.881476],[-124.114208,43.881481],[-124.11422,43.881485],[-124.114232,43.881489],[-124.114244,43.881493],[-124.114256,43.881497],[-124.114268,43.8815],[-124.114281,43.881504],[-124.114293,43.881507],[-124.114306,43.88151],[-124.114318,43.881513],[-124.114331,43.881516],[-124.114344,43.881519],[-124.114356,43.881522],[-124.114369,43.881524],[-124.114382,43.881526],[-124.114395,43.881528],[-124.114402,43.881529]]]}},{"type":"Feature","properties":{"MAPTAXLOT":"1912342400102","MAPNUMBER":"19123424","TAXLOT":"102","ACCTNO":"1422508","MAPACRES":1.10116039},"geometry":{"type":"Polygon","coordinates":[[[-124.115123,43.880648],[-124.115182,43.880648],[-124.115182,43.880645],[-124.115182,43.880294],[-124.114459,43.880292],[-124.114437,43.880292],[-124.114415,43.880292],[-124.114394,43.880291],[-124.114372,43.88029],[-124.11435,43.880289],[-124.114328,43.880287],[-124.114307,43.880285],[-124.114285,43.880283],[-124.114263,43.880281],[-124.114242,43.880278],[-124.11422,43.880275],[-124.114199,43.880272],[-124.114178,43.880269],[-124.114156,43.880265],[-124.114135,43.880261],[-124.114114,43.880257],[-124.114097,43.880253],[-124.11408,43.88025],[-124.114062,43.880247],[-124.114045,43.880244],[-124.114027,43.880241],[-124.11401,43.880239],[-124.113992,43.880237],[-124.113975,43.880235],[-124.113957,43.880233],[-124.113939,43.880232],[-124.113921,43.88023],[-124.113904,43.880229],[-124.113886,43.880228],[-124.113868,43.880228],[-124.11385,43.880227],[-124.113832,43.880227],[-124.113833,43.880502],[-124.113834,43.880639],[-124.113834,43.880648],[-124.114415,43.880648],[-124.115123,43.880648]]]}},{"type":"Feature","properties":{"MAPTAXLOT":"1912342400200","MAPNUMBER":"19123424","TAXLOT":"200","ACCTNO":"0873552","MAPACRES":1.59102926},"geometry":{"type":"Polygon","coordinates":[[[-124.115126,43.881634],[-124.115183,43.881643],[-124.115182,43.880923],[-124.115182,43.880648],[-124.115123,43.880648],[-124.114415,43.880648],[-124.114414,43.881336],[-124.11441,43.88153],[-124.114457,43.881537],[-124.114597,43.881557],[-124.114786,43.881583],[-124.115126,43.881634]]]}},{"type":"Feature","properties":{"MAPTAXLOT":"1912342400400","MAPNUMBER":"19123424","TAXLOT":"400","ACCTNO":"0873560","MAPACRES":0.10456205},"geometry":{"type":"Polygon","coordinates":[[[-124.112887,43.881017],[-124.113077,43.881038],[-124.113076,43.880778],[-124.112886,43.880778],[-124.112887,43.881017]]]}},{"type":"Feature","properties":{"MAPTAXLOT":"1912342400401","MAPNUMBER":"19123424","TAXLOT":"401","ACCTNO":"1629854","MAPACRES":0.04338175},"geometry":{"type":"Polygon","coordinates":[[[-124.113172,43.881319],[-124.113281,43.881331],[-124.113281,43.881276],[-124.112895,43.881248],[-124.112895,43.881303],[-124.11297,43.881309],[-124.113007,43.881305],[-124.113062,43.881305],[-124.113112,43.88131],[-124.113172,43.881319]]]}},{"type":"Feature","properties":{"MAPTAXLOT":"1912342400500","MAPNUMBER":"19123424","TAXLOT":"500","ACCTNO":"0873578","MAPACRES":0.11353246},"geometry":{"type":"Polygon","coordinates":[[[-124.113086,43.881039],[-124.113267,43.881059],[-124.113266,43.880777],[-124.113076,43.880778],[-124.113077,43.881038],[-124.113086,43.881039]]]}},{"type":"Feature","properties":{"MAPTAXLOT":"1912342400600","MAPNUMBER":"19123424","TAXLOT":"600","ACCTNO":"0873586","MAPACRES":0.12250083},"geometry":{"type":"Polygon","coordinates":[[[-124.113275,43.88106],[-124.113457,43.88108],[-124.113455,43.880777],[-124.113266,43.880777],[-124.113267,43.881059],[-124.113275,43.88106]]]}},{"type":"Feature","properties":{"MAPTAXLOT":"1912342400601","MAPNUMBER":"19123424","TAXLOT":"601","ACCTNO":"0873594","MAPACRES":0.0552637},"geometry":{"type":"Polygon","coordinates":[[[-124.113449,43.881116],[-124.113647,43.881161],[-124.113646,43.881129],[-124.113521,43.881088],[-124.113457,43.88108],[-124.113275,43.88106],[-124.113267,43.881059],[-124.113086,43.881039],[-124.113077,43.881038],[-124.112887,43.881017],[-124.112888,43.881061],[-124.113077,43.881069],[-124.113079,43.881069],[-124.113106,43.88107],[-124.113133,43.881071],[-124.11316,43.881073],[-124.113187,43.881076],[-124.113213,43.881078],[-124.11324,43.881081],[-124.113266,43.881084],[-124.113293,43.881088],[-124.113319,43.881092],[-124.113345,43.881096],[-124.113372,43.881101],[-124.113398,43.881106],[-124.113424,43.881111],[-124.113449,43.881116]]]}},{"type":"Feature","properties":{"MAPTAXLOT":"1912342400602","MAPNUMBER":"19123424","TAXLOT":"602","ACCTNO":"1681947","MAPACRES":0.04590218},"geometry":{"type":"Polygon","coordinates":[[[-124.113469,43.881371],[-124.11366,43.881474],[-124.11366,43.88142],[-124.113469,43.881316],[-124.113281,43.881276],[-124.113281,43.881331],[-124.113469,43.881371]]]}},{"type":"Feature","properties":{"MAPTAXLOT":"1912342400700","MAPNUMBER":"19123424","TAXLOT":"700","ACCTNO":"0873602","MAPACRES":0.19269752},"geometry":{"type":"Polygon","coordinates":[[[-124.113521,43.881088],[-124.113646,43.881129],[-124.113645,43.880776],[-124.113644,43.880639],[-124.113455,43.88064],[-124.113455,43.880777],[-124.113457,43.88108],[-124.113521,43.881088]]]}},{"type":"Feature","properties":{"MAPTAXLOT":"1912342400800","MAPNUMBER":"19123424","TAXLOT":"800","ACCTNO":"0873610","MAPACRES":0.74612329},"geometry":{"type":"Polygon","coordinates":[[[-124.113266,43.880777],[-124.113455,43.880777],[-124.113455,43.88064],[-124.113644,43.880639],[-124.113644,43.880502],[-124.113643,43.880228],[-124.113453,43.880228],[-124.113263,43.880229],[-124.113074,43.880229],[-124.112884,43.88023],[-124.112885,43.880504],[-124.112886,43.880641],[-124.113265,43.88064],[-124.113266,43.880777]]]}},{"type":"Feature","properties":{"MAPTAXLOT":"1912342400900","MAPNUMBER":"19123424","TAXLOT":"900","ACCTNO":"0873628","MAPACRES":0.11478906},"geometry":{"type":"Polygon","coordinates":[[[-124.113076,43.880778],[-124.113266,43.880777],[-124.113265,43.88064],[-124.112886,43.880641],[-124.112886,43.880778],[-124.113076,43.880778]]]}},{"type":"Feature","properties":{"MAPTAXLOT":"1912342401000","MAPNUMBER":"19123424","TAXLOT":"1000","ACCTNO":"0873636","MAPACRES":0.10904885},"geometry":{"type":"Polygon","coordinates":[[[-124.112508,43.881026],[-124.112698,43.881053],[-124.112697,43.880779],[-124.112507,43.880779],[-124.112508,43.881026]]]}},{"type":"Feature","properties":{"MAPTAXLOT":"1912342401100","MAPNUMBER":"19123424","TAXLOT":"1100","ACCTNO":"0873644","MAPACRES":0.20637967},"geometry":{"type":"Polygon","coordinates":[[[-124.112326,43.881],[-124.112508,43.881026],[-124.112507,43.880779],[-124.112697,43.880779],[-124.112696,43.880641],[-124.112412,43.880642],[-124.112324,43.880642],[-124.112325,43.880779],[-124.112326,43.881]]]}},{"type":"Feature","properties":{"MAPTAXLOT":"1912342401200","MAPNUMBER":"19123424","TAXLOT":"1200","ACCTNO":"0873651","MAPACRES":0.1494623},"geometry":{"type":"Polygon","coordinates":[[[-124.112128,43.88078],[-124.112129,43.880972],[-124.112318,43.880999],[-124.112326,43.881],[-124.112325,43.880779],[-124.112324,43.880642],[-124.112317,43.880642],[-124.112316,43.880642],[-124.112127,43.880643],[-124.112128,43.88078]]]}},{"type":"Feature","properties":{"MAPTAXLOT":"1912342401300","MAPNUMBER":"19123424","TAXLOT":"1300","ACCTNO":"0873669","MAPACRES":1.85455548},"geometry":{"type":"Polygon","coordinates":[[[-124.111246,43.880151],[-124.111176,43.880336],[-124.11113,43.88047],[-124.1111,43.880543],[-124.111055,43.880652],[-124.111077,43.880847],[-124.111114,43.880882],[-124.111249,43.881013],[-124.111511,43.88106],[-124.111783,43.88109],[-124.112053,43.881138],[-124.112053,43.880967],[-124.112051,43.880574],[-124.11205,43.880231],[-124.112049,43.880149],[-124.111246,43.880151]]]}},{"type":"Feature","properties":{"MAPTAXLOT":"1912342401500","MAPNUMBER":"19123424","TAXLOT":"1500","ACCTNO":"0873677","MAPACRES":0.34436111},"geometry":{"type":"Polygon","coordinates":[[[-124.112506,43.880505],[-124.112696,43.880504],[-124.112694,43.88023],[-124.112505,43.88023],[-124.112315,43.880231],[-124.112125,43.880231],[-124.112127,43.880506],[-124.112316,43.880505],[-124.112411,43.880505],[-124.112413,43.880505],[-124.112506,43.880505]]]}},{"type":"Feature","properties":{"MAPTAXLOT":"1912342401900","MAPNUMBER":"19123424","TAXLOT":"1900","ACCTNO":"0873719","MAPACRES":0.08609135},"geometry":{"type":"Polygon","coordinates":[[[-124.112412,43.880642],[-124.112696,43.880641],[-124.112696,43.880504],[-124.112506,43.880505],[-124.112413,43.880505],[-124.112411,43.880505],[-124.112412,43.880642]]]}},{"type":"Feature","properties":{"MAPTAXLOT":"1912342402000","MAPNUMBER":"19123424","TAXLOT":"2000","ACCTNO":"0873727","MAPACRES":0.08609156},"geometry":{"type":"Polygon","coordinates":[[[-124.112317,43.880642],[-124.112324,43.880642],[-124.112412,43.880642],[-124.112411,43.880505],[-124.112316,43.880505],[-124.112127,43.880506],[-124.112127,43.880643],[-124.112316,43.880642],[-124.112317,43.880642]]]}},{"type":"Feature","properties":{"MAPTAXLOT":"1912342402300","MAPNUMBER":"19123424","TAXLOT":"2300","ACCTNO":"0873768","MAPACRES":0.22957763},"geometry":{"type":"Polygon","coordinates":[[[-124.113452,43.880064],[-124.113642,43.880063],[-124.113641,43.879789],[-124.113451,43.879789],[-124.113261,43.87979],[-124.113263,43.880064],[-124.113452,43.880064]]]}},{"type":"Feature","properties":{"MAPTAXLOT":"1912342402400","MAPNUMBER":"19123424","TAXLOT":"2400","ACCTNO":"0873776","MAPACRES":0.22957552},"geometry":{"type":"Polygon","coordinates":[[[-124.113073,43.880064],[-124.113263,43.880064],[-124.113261,43.87979],[-124.113072,43.87979],[-124.112882,43.879791],[-124.112883,43.880065],[-124.113073,43.880064]]]}},{"type":"Feature","properties":{"MAPTAXLOT":"1912342402401","MAPNUMBER":"19123424","TAXLOT":"2401","ACCTNO":"1058609","MAPACRES":0.11478922},"geometry":{"type":"Polygon","coordinates":[[[-124.112694,43.880065],[-124.112883,43.880065],[-124.112882,43.879791],[-124.112692,43.879791],[-124.112694,43.880065]]]}},{"type":"Feature","properties":{"MAPTAXLOT":"1912342402500","MAPNUMBER":"19123424","TAXLOT":"2500","ACCTNO":"0873784","MAPACRES":0.22957602},"geometry":{"type":"Polygon","coordinates":[[[-124.112504,43.880066],[-124.112694,43.880065],[-124.112692,43.879791],[-124.112503,43.879791],[-124.112313,43.879792],[-124.112314,43.880066],[-124.112504,43.880066]]]}},{"type":"Feature","properties":{"MAPTAXLOT":"1912342402601","MAPNUMBER":"19123424","TAXLOT":"2601","ACCTNO":"0994366","MAPACRES":0.58271771},"geometry":{"type":"Polygon","coordinates":[[[-124.112124,43.879792],[-124.112313,43.879792],[-124.112312,43.879518],[-124.112312,43.879449],[-124.111655,43.87945],[-124.11143,43.879794],[-124.112124,43.879792]]]}},{"type":"Feature","properties":{"MAPTAXLOT":"1912342402800","MAPNUMBER":"19123424","TAXLOT":"2800","ACCTNO":"0873800","MAPACRES":0.7214623},"geometry":{"type":"Polygon","coordinates":[[[-124.111246,43.880151],[-124.112049,43.880149],[-124.112049,43.880067],[-124.112125,43.880067],[-124.112314,43.880066],[-124.112313,43.879792],[-124.112124,43.879792],[-124.11143,43.879794],[-124.111357,43.87993],[-124.111284,43.880069],[-124.111246,43.880151]]]}},{"type":"Feature","properties":{"MAPTAXLOT":"1912342403100","MAPNUMBER":"19123424","TAXLOT":"3100","ACCTNO":"0873834","MAPACRES":0.34436417},"geometry":{"type":"Polygon","coordinates":[[[-124.112692,43.879791],[-124.112882,43.879791],[-124.112881,43.879516],[-124.112691,43.879517],[-124.112502,43.879517],[-124.112312,43.879518],[-124.112313,43.879792],[-124.112503,43.879791],[-124.112692,43.879791]]]}},{"type":"Feature","properties":{"MAPTAXLOT":"1912342403200","MAPNUMBER":"19123424","TAXLOT":"3200","ACCTNO":"0873842","MAPACRES":0.22957611},"geometry":{"type":"Polygon","coordinates":[[[-124.113072,43.87979],[-124.113261,43.87979],[-124.11326,43.879515],[-124.11307,43.879516],[-124.112881,43.879516],[-124.112882,43.879791],[-124.113072,43.87979]]]}},{"type":"Feature","properties":{"MAPTAXLOT":"1912342403300","MAPNUMBER":"19123424","TAXLOT":"3300","ACCTNO":"0873859","MAPACRES":0.229575},"geometry":{"type":"Polygon","coordinates":[[[-124.113451,43.879789],[-124.113641,43.879789],[-124.113639,43.879515],[-124.11345,43.879515],[-124.11326,43.879515],[-124.113261,43.87979],[-124.113451,43.879789]]]}},{"type":"Feature","properties":{"MAPTAXLOT":"1912342403400","MAPNUMBER":"19123424","TAXLOT":"3400","ACCTNO":"0873867","MAPACRES":0.22957719},"geometry":{"type":"Polygon","coordinates":[[[-124.11307,43.879379],[-124.11326,43.879378],[-124.113258,43.879104],[-124.112879,43.879105],[-124.11288,43.879379],[-124.11307,43.879379]]]}},{"type":"Feature","properties":{"MAPTAXLOT":"1912342403401","MAPNUMBER":"19123424","TAXLOT":"3401","ACCTNO":"0873875","MAPACRES":0.22957603},"geometry":{"type":"Polygon","coordinates":[[[-124.113449,43.879378],[-124.113639,43.879377],[-124.113638,43.879103],[-124.113259,43.879104],[-124.113258,43.879104],[-124.11326,43.879378],[-124.113449,43.879378]]]}},{"type":"Feature","properties":{"MAPTAXLOT":"1912342403600","MAPNUMBER":"19123424","TAXLOT":"3600","ACCTNO":"0873883","MAPACRES":0.11478745},"geometry":{"type":"Polygon","coordinates":[[[-124.112691,43.879379],[-124.11288,43.879379],[-124.112879,43.879105],[-124.112689,43.879105],[-124.112691,43.879379]]]}},{"type":"Feature","properties":{"MAPTAXLOT":"1912342403700","MAPNUMBER":"19123424","TAXLOT":"3700","ACCTNO":"0873891","MAPACRES":0.11478861},"geometry":{"type":"Polygon","coordinates":[[[-124.112501,43.87938],[-124.112691,43.879379],[-124.112689,43.879105],[-124.1125,43.879106],[-124.112501,43.87938]]]}},{"type":"Feature","properties":{"MAPTAXLOT":"1912342403900","MAPNUMBER":"19123424","TAXLOT":"3900","ACCTNO":"0873909","MAPACRES":0.56749184},"geometry":{"type":"Polygon","coordinates":[[[-124.111655,43.87945],[-124.112312,43.879449],[-124.112311,43.87938],[-124.112501,43.87938],[-124.1125,43.879106],[-124.112113,43.879106],[-124.11177,43.879107],[-124.111673,43.879398],[-124.111655,43.87945]]]}},{"type":"Feature","properties":{"MAPTAXLOT":"1912342404000","MAPNUMBER":"19123424","TAXLOT":"4000","ACCTNO":"0872638","MAPACRES":1.09707233},"geometry":{"type":"Polygon","coordinates":[[[-124.11383,43.879745],[-124.115182,43.879741],[-124.115182,43.879374],[-124.115156,43.879374],[-124.114966,43.879374],[-124.114777,43.879375],[-124.114587,43.879375],[-124.114397,43.879376],[-124.114208,43.879376],[-124.114018,43.879376],[-124.113828,43.879377],[-124.113829,43.879514],[-124.11383,43.879745]]]}},{"type":"Feature","properties":{"MAPTAXLOT":"1912351000400","MAPNUMBER":"19123510","TAXLOT":"400","ACCTNO":"0873917","MAPACRES":0.27609463},"geometry":{"type":"Polygon","coordinates":[[[-124.092554,43.881503],[-124.093206,43.881501],[-124.093208,43.881264],[-124.092781,43.881266],[-124.092772,43.881294],[-124.092554,43.881503]]]}},{"type":"Feature","properties":{"MAPTAXLOT":"1912351000401","MAPNUMBER":"19123510","TAXLOT":"401","ACCTNO":"0873925","MAPACRES":2.63105223},"geometry":{"type":"Polygon","coordinates":[[[-124.092781,43.881266],[-124.093208,43.881264],[-124.093206,43.881501],[-124.094733,43.881495],[-124.094643,43.881286],[-124.094596,43.88111],[-124.094,43.880809],[-124.093897,43.880757],[-124.093014,43.880567],[-124.092781,43.881266]]]}},{"type":"Feature","properties":{"MAPTAXLOT":"1912351000601","MAPNUMBER":"19123510","TAXLOT":"601","ACCTNO":"0873933","MAPACRES":1.62133968},"geometry":{"type":"Polygon","coordinates":[[[-124.092533,43.880637],[-124.091945,43.881115],[-124.09149,43.881484],[-124.091544,43.881507],[-124.092496,43.881503],[-124.092554,43.881503],[-124.092772,43.881294],[-124.092781,43.881266],[-124.093014,43.880567],[-124.092533,43.880637]]]}},{"type":"Feature","properties":{"MAPTAXLOT":"1912360000066","MAPNUMBER":"19123600","TAXLOT":"66","ACCTNO":"000None","MAPACRES":10.27913978},"geometry":{"type":"Polygon","coordinates":[[[-124.075302,43.871593],[-124.075068,43.871823],[-124.075019,43.872003],[-124.075137,43.872232],[-124.075362,43.87235],[-124.075425,43.872436],[-124.075451,43.872471],[-124.075711,43.872696],[-124.07597,43.872888],[-124.076255,43.873043],[-124.07836,43.870468],[-124.078316,43.870416],[-124.078375,43.870292],[-124.076455,43.870239],[-124.076361,43.870357],[-124.076207,43.870715],[-124.075966,43.871119],[-124.075734,43.871378],[-124.075515,43.87147],[-124.075418,43.871511],[-124.075352,43.871538],[-124.075302,43.871593]]]}},{"type":"Feature","properties":{"MAPTAXLOT":"1912360000077","MAPNUMBER":"19123600","TAXLOT":"77","ACCTNO":"000None","MAPACRES":10.5225287},"geometry":{"type":"Polygon","coordinates":[[[-124.064623,43.881005],[-124.064634,43.881006],[-124.064669,43.881008],[-124.064691,43.88101],[-124.064726,43.881011],[-124.064744,43.881011],[-124.064768,43.88101],[-124.064795,43.881009],[-124.064817,43.881008],[-124.06484,43.881007],[-124.064867,43.881005],[-124.064892,43.881002],[-124.06491,43.881001],[-124.064941,43.880998],[-124.064972,43.880995],[-124.065001,43.880992],[-124.065025,43.880989],[-124.065048,43.880986],[-124.065084,43.88098],[-124.065592,43.880891],[-124.065614,43.880886],[-124.065637,43.880879],[-124.065668,43.880869],[-124.065695,43.880858],[-124.065723,43.880845],[-124.065753,43.880829],[-124.065773,43.880816],[-124.065789,43.880804],[-124.06581,43.880788],[-124.065828,43.880772],[-124.066093,43.880517],[-124.066105,43.880505],[-124.066114,43.880494],[-124.066126,43.88048],[-124.066135,43.880466],[-124.066145,43.880449],[-124.066153,43.880435],[-124.066163,43.880419],[-124.066173,43.880403],[-124.06618,43.880392],[-124.066182,43.88039],[-124.066185,43.880386],[-124.066191,43.880378],[-124.0662,43.880369],[-124.066212,43.880359],[-124.066225,43.880347],[-124.066236,43.88034],[-124.066247,43.880332],[-124.066261,43.880323],[-124.066272,43.880318],[-124.066284,43.880312],[-124.066302,43.880304],[-124.066316,43.880299],[-124.066334,43.880293],[-124.066355,43.880287],[-124.066368,43.880283],[-124.066388,43.880278],[-124.066404,43.880274],[-124.066428,43.880268],[-124.06645,43.880262],[-124.066465,43.880258],[-124.06649,43.880251],[-124.066503,43.880248],[-124.066529,43.88024],[-124.06655,43.880232],[-124.066569,43.880225],[-124.066591,43.880216],[-124.066615,43.880205],[-124.066639,43.880193],[-124.066651,43.880187],[-124.066679,43.880169],[-124.066707,43.88015],[-124.066725,43.880133],[-124.066748,43.88011],[-124.066765,43.880087],[-124.06678,43.88006],[-124.066792,43.880032],[-124.0668,43.880005],[-124.066803,43.879982],[-124.066805,43.879964],[-124.066806,43.87994],[-124.066803,43.879913],[-124.066801,43.879894],[-124.066796,43.879872],[-124.066791,43.879857],[-124.066788,43.879845],[-124.066779,43.879823],[-124.066774,43.879812],[-124.066767,43.879797],[-124.066756,43.879778],[-124.066744,43.879759],[-124.066734,43.879743],[-124.066724,43.879731],[-124.06671,43.879712],[-124.066699,43.8797],[-124.066684,43.879685],[-124.066662,43.879663],[-124.066646,43.879647],[-124.066632,43.879636],[-124.066615,43.879621],[-124.066591,43.879602],[-124.066565,43.879584],[-124.066546,43.879572],[-124.06653,43.879563],[-124.066509,43.87955],[-124.066493,43.879541],[-124.066476,43.879533],[-124.065972,43.879281],[-124.065963,43.879275],[-124.065951,43.879269],[-124.065936,43.87926],[-124.065918,43.879247],[-124.065908,43.879239],[-124.065891,43.879224],[-124.065881,43.879212],[-124.065874,43.879202],[-124.065868,43.879193],[-124.065864,43.879184],[-124.065863,43.87918],[-124.06586,43.87917],[-124.06586,43.879164],[-124.06586,43.879159],[-124.065861,43.879151],[-124.065866,43.879141],[-124.06587,43.879132],[-124.065879,43.879121],[-124.065891,43.879107],[-124.065901,43.879097],[-124.065916,43.879085],[-124.065931,43.879074],[-124.065949,43.879062],[-124.065966,43.879051],[-124.065977,43.879044],[-124.065996,43.879034],[-124.06602,43.879023],[-124.066037,43.879015],[-124.06605,43.879009],[-124.066064,43.879003],[-124.066098,43.878989],[-124.066123,43.878979],[-124.066148,43.878969],[-124.066175,43.878958],[-124.066204,43.878946],[-124.06624,43.878931],[-124.06627,43.878917],[-124.066294,43.878907],[-124.066329,43.878893],[-124.066351,43.878885],[-124.066381,43.878876],[-124.066389,43.878874],[-124.066401,43.878871],[-124.066416,43.878869],[-124.066439,43.878865],[-124.066455,43.878864],[-124.066465,43.878864],[-124.066483,43.878863],[-124.066503,43.878863],[-124.066514,43.878864],[-124.066532,43.878865],[-124.066545,43.878866],[-124.066559,43.878868],[-124.06658,43.878871],[-124.066589,43.878872],[-124.066605,43.878875],[-124.066615,43.878876],[-124.066633,43.878879],[-124.066649,43.878882],[-124.066666,43.878886],[-124.066687,43.87889],[-124.066702,43.878893],[-124.066719,43.878897],[-124.066728,43.878899],[-124.066744,43.878903],[-124.067207,43.879005],[-124.067224,43.879008],[-124.067246,43.879012],[-124.067281,43.879017],[-124.067305,43.879019],[-124.067346,43.879021],[-124.067375,43.879021],[-124.067407,43.87902],[-124.067444,43.879016],[-124.067485,43.879011],[-124.067513,43.879006],[-124.067556,43.878996],[-124.067582,43.878988],[-124.067609,43.87898],[-124.067635,43.87897],[-124.067662,43.87896],[-124.067682,43.87895],[-124.067706,43.878939],[-124.067736,43.878922],[-124.067759,43.878907],[-124.067781,43.878893],[-124.067804,43.878875],[-124.067814,43.878868],[-124.067835,43.878851],[-124.06785,43.878837],[-124.067863,43.878825],[-124.06788,43.878809],[-124.067903,43.878787],[-124.06792,43.878768],[-124.067939,43.878749],[-124.067959,43.878728],[-124.067972,43.878717],[-124.067983,43.878707],[-124.067991,43.878701],[-124.067995,43.878698],[-124.068,43.878695],[-124.068009,43.87869],[-124.068012,43.878689],[-124.06802,43.878687],[-124.068023,43.878686],[-124.068032,43.878684],[-124.06804,43.878683],[-124.068042,43.878683],[-124.068057,43.878683],[-124.068063,43.878683],[-124.068073,43.878685],[-124.068076,43.878686],[-124.068084,43.878688],[-124.068092,43.878691],[-124.068097,43.878693],[-124.068112,43.878698],[-124.068131,43.878707],[-124.068142,43.878711],[-124.068155,43.878716],[-124.068173,43.878724],[-124.068185,43.878729],[-124.06821,43.878737],[-124.068231,43.878743],[-124.068248,43.878748],[-124.068273,43.878753],[-124.068293,43.878757],[-124.068311,43.878759],[-124.06834,43.878762],[-124.068352,43.878763],[-124.068365,43.878763],[-124.068381,43.878763],[-124.068413,43.878761],[-124.068447,43.878755],[-124.068471,43.87875],[-124.06849,43.878744],[-124.068513,43.878735],[-124.068538,43.878723],[-124.068557,43.878712],[-124.06858,43.878697],[-124.068597,43.878684],[-124.068614,43.878668],[-124.068633,43.878649],[-124.068648,43.87863],[-124.068658,43.878616],[-124.06866,43.878613],[-124.068989,43.878128],[-124.069001,43.878111],[-124.069011,43.878096],[-124.069028,43.878073],[-124.069041,43.878056],[-124.069054,43.878041],[-124.069069,43.878023],[-124.069086,43.878005],[-124.069098,43.877991],[-124.06912,43.877969],[-124.069131,43.877957],[-124.069145,43.877943],[-124.069158,43.877929],[-124.06918,43.877906],[-124.069199,43.877886],[-124.069221,43.87786],[-124.069236,43.877842],[-124.069254,43.877818],[-124.069267,43.877798],[-124.069285,43.877767],[-124.069295,43.877745],[-124.069306,43.877718],[-124.069313,43.877693],[-124.069316,43.877671],[-124.06932,43.877651],[-124.069318,43.877628],[-124.069301,43.877335],[-124.069299,43.877324],[-124.069297,43.87731],[-124.069294,43.877289],[-124.069288,43.877265],[-124.06928,43.877242],[-124.069269,43.877216],[-124.069259,43.877195],[-124.069247,43.877174],[-124.069235,43.877156],[-124.069223,43.877137],[-124.069209,43.877117],[-124.069025,43.87686],[-124.069022,43.876855],[-124.069019,43.876849],[-124.069018,43.876845],[-124.069017,43.876837],[-124.069015,43.876812],[-124.069014,43.876796],[-124.069012,43.876773],[-124.06901,43.876753],[-124.069006,43.876722],[-124.069003,43.876701],[-124.069,43.876688],[-124.068992,43.876662],[-124.068988,43.876651],[-124.068966,43.876605],[-124.068937,43.876562],[-124.068916,43.876538],[-124.068866,43.876497],[-124.068846,43.876485],[-124.068814,43.876469],[-124.068763,43.87645],[-124.068719,43.876439],[-124.068692,43.876433],[-124.068646,43.876426],[-124.068615,43.876421],[-124.068565,43.876413],[-124.068511,43.876403],[-124.068481,43.876395],[-124.068443,43.876382],[-124.068411,43.876368],[-124.068394,43.876359],[-124.068369,43.876341],[-124.068344,43.87632],[-124.068326,43.8763],[-124.068302,43.876264],[-124.068287,43.876237],[-124.068277,43.876212],[-124.06827,43.876193],[-124.068174,43.875895],[-124.068162,43.875863],[-124.068149,43.875837],[-124.06813,43.875808],[-124.068105,43.875777],[-124.068073,43.875747],[-124.068023,43.875709],[-124.067953,43.875673],[-124.067902,43.875653],[-124.06783,43.875633],[-124.067294,43.87551],[-124.067239,43.8755],[-124.067228,43.875498],[-124.067187,43.875493],[-124.067135,43.875488],[-124.067078,43.875484],[-124.067027,43.875482],[-124.066957,43.875481],[-124.066891,43.875481],[-124.066849,43.875482],[-124.066765,43.875487],[-124.066706,43.875493],[-124.066619,43.875506],[-124.066599,43.87551],[-124.066555,43.875518],[-124.066511,43.875525],[-124.066484,43.875528],[-124.066453,43.875529],[-124.066417,43.875527],[-124.066417,43.875527],[-124.066388,43.875522],[-124.066361,43.875514],[-124.066351,43.87551],[-124.066331,43.875499],[-124.06631,43.875484],[-124.066294,43.87547],[-124.06627,43.875446],[-124.066248,43.87542],[-124.066042,43.875162],[-124.066033,43.875149],[-124.06602,43.875134],[-124.066012,43.875123],[-124.066005,43.875114],[-124.065996,43.875099],[-124.065989,43.875089],[-124.065982,43.875076],[-124.065976,43.875062],[-124.065972,43.87505],[-124.065968,43.875037],[-124.065964,43.875023],[-124.065961,43.875012],[-124.065959,43.875003],[-124.065956,43.874983],[-124.065951,43.874948],[-124.065947,43.874924],[-124.065944,43.874901],[-124.065942,43.874879],[-124.06594,43.874861],[-124.06594,43.874853],[-124.065938,43.874831],[-124.065937,43.874811],[-124.065937,43.87479],[-124.065937,43.874776],[-124.065937,43.874759],[-124.065939,43.874741],[-124.065941,43.874724],[-124.065944,43.874708],[-124.065946,43.874698],[-124.065947,43.874695],[-124.065949,43.874689],[-124.065954,43.874678],[-124.065957,43.874668],[-124.065964,43.874656],[-124.06597,43.874646],[-124.065979,43.874633],[-124.065989,43.874623],[-124.065997,43.874615],[-124.066008,43.874606],[-124.066017,43.874599],[-124.06603,43.874591],[-124.066042,43.874586],[-124.066051,43.874582],[-124.066062,43.874578],[-124.066071,43.874575],[-124.066078,43.874572],[-124.06609,43.874569],[-124.066104,43.874566],[-124.066127,43.874561],[-124.06616,43.874556],[-124.066193,43.874551],[-124.066212,43.874549],[-124.066255,43.874544],[-124.066278,43.874542],[-124.066308,43.87454],[-124.066323,43.874539],[-124.066353,43.874537],[-124.066383,43.874535],[-124.066407,43.874534],[-124.066429,43.874534],[-124.066446,43.874534],[-124.06646,43.874533],[-124.066484,43.874533],[-124.066496,43.874534],[-124.066513,43.874534],[-124.066525,43.874534],[-124.066545,43.874535],[-124.066564,43.874536],[-124.06658,43.874537],[-124.066595,43.874538],[-124.066616,43.87454],[-124.066634,43.874541],[-124.066653,43.874543],[-124.066667,43.874544],[-124.066694,43.874547],[-124.066711,43.874549],[-124.06673,43.874551],[-124.066748,43.874554],[-124.066771,43.874557],[-124.066802,43.874562],[-124.066819,43.874564],[-124.066838,43.874567],[-124.06686,43.87457],[-124.066876,43.874573],[-124.066898,43.874576],[-124.066916,43.874579],[-124.066937,43.874583],[-124.066952,43.874585],[-124.066967,43.874588],[-124.066986,43.87459],[-124.067001,43.874593],[-124.067022,43.874596],[-124.067042,43.874599],[-124.067071,43.874603],[-124.067088,43.874605],[-124.067104,43.874607],[-124.067127,43.87461],[-124.067144,43.874611],[-124.067162,43.874613],[-124.067183,43.874614],[-124.067213,43.874615],[-124.067235,43.874615],[-124.067261,43.874614],[-124.067285,43.874612],[-124.067309,43.874609],[-124.06734,43.874603],[-124.06736,43.874597],[-124.067385,43.874589],[-124.067411,43.874579],[-124.067428,43.874571],[-124.067448,43.87456],[-124.067469,43.874548],[-124.067487,43.874536],[-124.067506,43.874521],[-124.067524,43.874505],[-124.067537,43.874491],[-124.06755,43.874476],[-124.067561,43.874462],[-124.067573,43.874445],[-124.06758,43.874431],[-124.067587,43.874416],[-124.067593,43.874403],[-124.067597,43.874391],[-124.0676,43.874382],[-124.067603,43.874369],[-124.067606,43.874349],[-124.067608,43.874333],[-124.067609,43.874319],[-124.06761,43.874304],[-124.067609,43.874287],[-124.067608,43.874267],[-124.067607,43.87425],[-124.067605,43.874235],[-124.067604,43.87422],[-124.067602,43.874203],[-124.0676,43.874194],[-124.0676,43.874186],[-124.067598,43.874171],[-124.067596,43.874155],[-124.067593,43.874143],[-124.067592,43.874129],[-124.067589,43.874112],[-124.067587,43.874096],[-124.067584,43.874079],[-124.067582,43.874063],[-124.06758,43.874053],[-124.06758,43.874038],[-124.067578,43.874029],[-124.067578,43.874025],[-124.067577,43.874014],[-124.067577,43.874007],[-124.067578,43.873998],[-124.067578,43.873994],[-124.067579,43.873992],[-124.06758,43.873989],[-124.067582,43.873983],[-124.067586,43.87398],[-124.067588,43.873977],[-124.067592,43.873975],[-124.067593,43.873974],[-124.0676,43.873971],[-124.067607,43.873968],[-124.067613,43.873965],[-124.06762,43.873963],[-124.067626,43.873962],[-124.067636,43.87396],[-124.067638,43.87396],[-124.067644,43.873959],[-124.067647,43.873959],[-124.067653,43.873959],[-124.067655,43.873959],[-124.067659,43.87396],[-124.067665,43.87396],[-124.067674,43.873962],[-124.067685,43.873964],[-124.067693,43.873966],[-124.067707,43.87397],[-124.067719,43.873973],[-124.067729,43.873976],[-124.067742,43.87398],[-124.067763,43.873986],[-124.067784,43.873992],[-124.067803,43.873997],[-124.06782,43.874001],[-124.067842,43.874006],[-124.067861,43.874009],[-124.067875,43.874011],[-124.067892,43.874013],[-124.067909,43.874015],[-124.067924,43.874016],[-124.067938,43.874016],[-124.067955,43.874015],[-124.067981,43.874013],[-124.068003,43.87401],[-124.068024,43.874006],[-124.06804,43.874001],[-124.068056,43.873995],[-124.068073,43.873988],[-124.068089,43.87398],[-124.068104,43.873972],[-124.068115,43.873965],[-124.068125,43.873957],[-124.068138,43.873947],[-124.06815,43.873937],[-124.068161,43.873926],[-124.068175,43.873912],[-124.068183,43.8739],[-124.068194,43.873887],[-124.068203,43.873871],[-124.068213,43.873855],[-124.068219,43.873839],[-124.068224,43.873826],[-124.06823,43.873808],[-124.06831,43.873507],[-124.068312,43.873498],[-124.068314,43.873491],[-124.068317,43.873484],[-124.068321,43.873474],[-124.068323,43.873469],[-124.068326,43.873464],[-124.06833,43.873456],[-124.068333,43.873452],[-124.068336,43.873447],[-124.068342,43.873439],[-124.068346,43.873436],[-124.068349,43.873433],[-124.068353,43.873429],[-124.068359,43.873424],[-124.068362,43.873422],[-124.068365,43.873421],[-124.068366,43.87342],[-124.068369,43.873419],[-124.068373,43.873417],[-124.068376,43.873417],[-124.068381,43.873415],[-124.068386,43.873414],[-124.068388,43.873414],[-124.068391,43.873413],[-124.068398,43.873413],[-124.068404,43.873412],[-124.068408,43.873412],[-124.068413,43.873412],[-124.06842,43.873412],[-124.068425,43.873412],[-124.068439,43.873414],[-124.068442,43.873414],[-124.068453,43.873416],[-124.068454,43.873417],[-124.068469,43.873421],[-124.068471,43.873421],[-124.068478,43.873424],[-124.068482,43.873425],[-124.068483,43.873426],[-124.068492,43.87343],[-124.068496,43.873433],[-124.068499,43.873435],[-124.068502,43.873437],[-124.068507,43.87344],[-124.068508,43.873442],[-124.068518,43.873449],[-124.068523,43.873454],[-124.068525,43.873456],[-124.068528,43.873459],[-124.068537,43.873468],[-124.068543,43.873476],[-124.068548,43.873482],[-124.068552,43.873486],[-124.068559,43.873497],[-124.068567,43.873507],[-124.06857,43.873513],[-124.068577,43.873523],[-124.06858,43.873528],[-124.068587,43.87354],[-124.06859,43.873545],[-124.068595,43.873553],[-124.068602,43.873564],[-124.068606,43.873573],[-124.068612,43.873583],[-124.068623,43.873599],[-124.068633,43.873613],[-124.068638,43.873623],[-124.068647,43.873636],[-124.068655,43.873646],[-124.068664,43.873658],[-124.068675,43.873671],[-124.068686,43.873683],[-124.068696,43.873693],[-124.068705,43.873702],[-124.068713,43.87371],[-124.068722,43.873718],[-124.068736,43.87373],[-124.068755,43.873744],[-124.068777,43.873759],[-124.068796,43.87377],[-124.068812,43.873778],[-124.068821,43.873782],[-124.068839,43.873789],[-124.068849,43.873793],[-124.068865,43.873798],[-124.068891,43.873805],[-124.06892,43.87381],[-124.068945,43.873812],[-124.068967,43.873813],[-124.068992,43.873812],[-124.069005,43.873811],[-124.069021,43.873809],[-124.069042,43.873806],[-124.069063,43.873802],[-124.069083,43.873797],[-124.069096,43.873794],[-124.069114,43.873789],[-124.069131,43.873784],[-124.069149,43.873779],[-124.069157,43.873776],[-124.069174,43.873771],[-124.069189,43.873766],[-124.069201,43.873762],[-124.069213,43.873758],[-124.069227,43.873754],[-124.069243,43.873749],[-124.069254,43.873746],[-124.06927,43.873741],[-124.069285,43.873737],[-124.069299,43.873734],[-124.069311,43.873731],[-124.069316,43.87373],[-124.069325,43.873729],[-124.069334,43.873728],[-124.069341,43.873727],[-124.069349,43.873726],[-124.06936,43.873725],[-124.069364,43.873725],[-124.069375,43.873725],[-124.069378,43.873726],[-124.069386,43.873726],[-124.069396,43.873728],[-124.069406,43.87373],[-124.069414,43.873732],[-124.06942,43.873734],[-124.069431,43.873737],[-124.069439,43.87374],[-124.06946,43.873749],[-124.069472,43.873754],[-124.069485,43.873761],[-124.069502,43.87377],[-124.069515,43.873778],[-124.069527,43.873785],[-124.069541,43.873794],[-124.069554,43.873804],[-124.06957,43.873816],[-124.069584,43.873826],[-124.069592,43.873833],[-124.069617,43.873853],[-124.069638,43.873869],[-124.069662,43.873888],[-124.069682,43.873903],[-124.069709,43.87392],[-124.069758,43.87395],[-124.069795,43.873968],[-124.069816,43.873978],[-124.069844,43.873989],[-124.069872,43.873999],[-124.069902,43.874008],[-124.069931,43.874015],[-124.069964,43.874022],[-124.070002,43.874027],[-124.07003,43.874029],[-124.070063,43.87403],[-124.070101,43.874029],[-124.070134,43.874026],[-124.070171,43.874021],[-124.070203,43.874014],[-124.070234,43.874005],[-124.070267,43.873994],[-124.070305,43.873977],[-124.070333,43.873962],[-124.07036,43.873946],[-124.070389,43.873926],[-124.070409,43.873912],[-124.070443,43.873883],[-124.070461,43.873867],[-124.070484,43.873845],[-124.070502,43.873827],[-124.070511,43.873819],[-124.070527,43.873802],[-124.070533,43.873796],[-124.070543,43.873787],[-124.070561,43.87377],[-124.070577,43.873757],[-124.070584,43.87375],[-124.070596,43.873741],[-124.07061,43.873732],[-124.070627,43.873721],[-124.070644,43.873712],[-124.070658,43.873705],[-124.070662,43.873704],[-124.070672,43.8737],[-124.070676,43.873699],[-124.07069,43.8737],[-124.070694,43.8737],[-124.07071,43.873707],[-124.070719,43.873712],[-124.070729,43.873717],[-124.070741,43.873726],[-124.070754,43.873737],[-124.070767,43.873747],[-124.070778,43.873759],[-124.070791,43.873774],[-124.070943,43.873961],[-124.070946,43.873965],[-124.070963,43.873984],[-124.070988,43.874007],[-124.071016,43.874029],[-124.071044,43.874048],[-124.071074,43.874065],[-124.07111,43.874082],[-124.07116,43.874098],[-124.071217,43.87411],[-124.071305,43.874116],[-124.071363,43.874114],[-124.071442,43.874108],[-124.071493,43.874103],[-124.071541,43.874098],[-124.071569,43.874096],[-124.071618,43.874094],[-124.071649,43.874094],[-124.071693,43.874095],[-124.071744,43.874098],[-124.071773,43.8741],[-124.07181,43.874104],[-124.071856,43.874109],[-124.071897,43.874115],[-124.071954,43.874122],[-124.071992,43.874127],[-124.072041,43.874132],[-124.072096,43.874137],[-124.072122,43.874139],[-124.072167,43.874141],[-124.072221,43.874142],[-124.072267,43.874142],[-124.072338,43.874138],[-124.072422,43.87413],[-124.072493,43.87412],[-124.072594,43.874101],[-124.072657,43.874085],[-124.072723,43.874066],[-124.072772,43.87405],[-124.072846,43.874022],[-124.072916,43.873992],[-124.072966,43.873969],[-124.073019,43.87394],[-124.073101,43.87389],[-124.073185,43.873823],[-124.073245,43.873759],[-124.073303,43.873678],[-124.073337,43.873614],[-124.073363,43.873553],[-124.073381,43.873494],[-124.073391,43.873453],[-124.0734,43.873391],[-124.073399,43.873345],[-124.073399,43.873311],[-124.073394,43.873236],[-124.073389,43.873172],[-124.073383,43.873107],[-124.07338,43.873048],[-124.073376,43.872987],[-124.073363,43.872928],[-124.073339,43.87287],[-124.073294,43.872797],[-124.073274,43.872773],[-124.073246,43.872745],[-124.073224,43.872725],[-124.073188,43.872692],[-124.073145,43.872652],[-124.073089,43.872601],[-124.073037,43.872552],[-124.072985,43.872504],[-124.072942,43.87246],[-124.07289,43.872395],[-124.072871,43.872367],[-124.07285,43.872336],[-124.072817,43.872284],[-124.072784,43.872237],[-124.072738,43.872181],[-124.072687,43.872131],[-124.072631,43.872085],[-124.072562,43.872037],[-124.072496,43.872],[-124.072415,43.871959],[-124.072345,43.871925],[-124.072297,43.871904],[-124.072222,43.871874],[-124.072125,43.871839],[-124.072023,43.871807],[-124.071917,43.871778],[-124.071849,43.87176],[-124.071792,43.871745],[-124.071732,43.871731],[-124.0717,43.871721],[-124.071641,43.871699],[-124.071593,43.871676],[-124.071546,43.871649],[-124.071515,43.871628],[-124.071473,43.871594],[-124.071447,43.871567],[-124.071424,43.871538],[-124.071175,43.871534],[-124.071184,43.871554],[-124.071211,43.871599],[-124.071255,43.871655],[-124.071295,43.871697],[-124.071351,43.871743],[-124.071397,43.871774],[-124.07146,43.87181],[-124.071526,43.871841],[-124.071603,43.87187],[-124.071652,43.871885],[-124.071717,43.871901],[-124.071771,43.871915],[-124.071838,43.871933],[-124.071938,43.87196],[-124.072029,43.871988],[-124.072115,43.872019],[-124.072182,43.872046],[-124.072222,43.872064],[-124.072287,43.872095],[-124.07236,43.872132],[-124.072412,43.872161],[-124.072466,43.872199],[-124.07251,43.872235],[-124.072549,43.872273],[-124.072585,43.872316],[-124.072612,43.872355],[-124.072645,43.872407],[-124.072666,43.872438],[-124.072688,43.872471],[-124.07275,43.872549],[-124.072802,43.872602],[-124.072858,43.872654],[-124.07291,43.872702],[-124.072965,43.872753],[-124.073009,43.872793],[-124.073044,43.872826],[-124.073063,43.872843],[-124.073083,43.872864],[-124.073092,43.872874],[-124.073126,43.872927],[-124.073141,43.872964],[-124.07315,43.873004],[-124.073153,43.873055],[-124.073156,43.873116],[-124.073162,43.873182],[-124.073167,43.873245],[-124.073172,43.873319],[-124.073172,43.873341],[-124.073172,43.873382],[-124.073165,43.873431],[-124.073158,43.873462],[-124.073143,43.873511],[-124.073122,43.87356],[-124.073095,43.87361],[-124.073049,43.873675],[-124.073006,43.873721],[-124.072942,43.873771],[-124.072878,43.873811],[-124.072836,43.873833],[-124.072796,43.873852],[-124.072736,43.873878],[-124.072672,43.873902],[-124.072632,43.873915],[-124.072578,43.873931],[-124.072527,43.873943],[-124.072442,43.87396],[-124.072386,43.873968],[-124.072316,43.873974],[-124.072257,43.873977],[-124.072221,43.873978],[-124.072177,43.873977],[-124.07214,43.873975],[-124.072122,43.873974],[-124.072073,43.873969],[-124.072029,43.873964],[-124.071993,43.87396],[-124.071937,43.873953],[-124.071894,43.873947],[-124.071844,43.873941],[-124.071801,43.873937],[-124.071766,43.873934],[-124.071706,43.87393],[-124.071653,43.873929],[-124.07161,43.873929],[-124.071549,43.873932],[-124.071513,43.873935],[-124.071461,43.87394],[-124.071414,43.873945],[-124.071347,43.87395],[-124.071312,43.873951],[-124.071259,43.873947],[-124.071238,43.873943],[-124.071219,43.873937],[-124.071205,43.87393],[-124.071192,43.873923],[-124.071179,43.873914],[-124.071163,43.873901],[-124.071149,43.873888],[-124.071142,43.87388],[-124.071141,43.873879],[-124.070985,43.873687],[-124.070967,43.873668],[-124.070948,43.873648],[-124.070926,43.873629],[-124.070905,43.873612],[-124.07088,43.873594],[-124.070856,43.87358],[-124.070832,43.873568],[-124.07079,43.873551],[-124.070757,43.873542],[-124.070723,43.873535],[-124.070652,43.873535],[-124.070626,43.873538],[-124.070593,43.873546],[-124.070561,43.873556],[-124.070542,43.873564],[-124.070514,43.873576],[-124.070483,43.873594],[-124.070456,43.87361],[-124.070437,43.873623],[-124.070414,43.873641],[-124.070402,43.873652],[-124.070385,43.873666],[-124.070364,43.873685],[-124.07035,43.873698],[-124.070342,43.873707],[-124.070326,43.873723],[-124.070319,43.87373],[-124.070302,43.873746],[-124.070281,43.873766],[-124.070268,43.873778],[-124.070242,43.8738],[-124.070231,43.873808],[-124.070209,43.873823],[-124.070194,43.873832],[-124.07018,43.873839],[-124.070157,43.873849],[-124.070142,43.873855],[-124.070129,43.873858],[-124.070115,43.873861],[-124.070099,43.873864],[-124.070084,43.873865],[-124.070064,43.873865],[-124.070047,43.873865],[-124.070035,43.873864],[-124.070014,43.873861],[-124.069997,43.873858],[-124.069984,43.873854],[-124.069965,43.873849],[-124.069949,43.873843],[-124.069932,43.873837],[-124.069921,43.873831],[-124.069895,43.873818],[-124.069859,43.873797],[-124.069842,43.873785],[-124.069803,43.873756],[-124.069786,43.873743],[-124.069759,43.873721],[-124.069749,43.873713],[-124.069735,43.873702],[-124.069716,43.873688],[-124.069699,43.873676],[-124.069678,43.873662],[-124.069672,43.873658],[-124.069662,43.873652],[-124.069643,43.873641],[-124.069617,43.873627],[-124.069597,43.873616],[-124.069576,43.873607],[-124.069547,43.873595],[-124.069529,43.873589],[-124.069511,43.873583],[-124.069494,43.873578],[-124.069472,43.873572],[-124.069451,43.873568],[-124.069426,43.873564],[-124.069405,43.873562],[-124.069389,43.873561],[-124.069365,43.873561],[-124.069351,43.873561],[-124.069325,43.873562],[-124.069304,43.873564],[-124.06929,43.873566],[-124.069278,43.873568],[-124.069262,43.87357],[-124.069247,43.873573],[-124.06923,43.873577],[-124.069212,43.873581],[-124.069191,43.873587],[-124.069168,43.873593],[-124.069154,43.873597],[-124.069138,43.873602],[-124.069121,43.873607],[-124.069107,43.873612],[-124.069097,43.873615],[-124.069082,43.87362],[-124.069062,43.873627],[-124.069056,43.873629],[-124.069047,43.873631],[-124.069032,43.873636],[-124.06902,43.873639],[-124.069013,43.873641],[-124.068999,43.873644],[-124.068991,43.873645],[-124.068982,43.873647],[-124.068976,43.873647],[-124.068974,43.873647],[-124.068965,43.873648],[-124.068962,43.873648],[-124.068957,43.873647],[-124.068955,43.873647],[-124.068952,43.873646],[-124.068948,43.873645],[-124.068947,43.873644],[-124.06894,43.873641],[-124.068935,43.873639],[-124.068931,43.873637],[-124.068927,43.873635],[-124.068915,43.873627],[-124.068903,43.873618],[-124.068899,43.873614],[-124.068895,43.873611],[-124.068887,43.873603],[-124.06888,43.873596],[-124.068874,43.87359],[-124.068867,43.873583],[-124.068862,43.873576],[-124.068854,43.873566],[-124.068847,43.873557],[-124.068844,43.873553],[-124.06884,43.873545],[-124.068829,43.873529],[-124.06882,43.873514],[-124.068817,43.873511],[-124.068812,43.873499],[-124.068804,43.873488],[-124.0688,43.87348],[-124.068793,43.873469],[-124.068789,43.873465],[-124.068786,43.873459],[-124.068778,43.873446],[-124.068771,43.873434],[-124.06876,43.87342],[-124.068753,43.87341],[-124.068744,43.873398],[-124.068739,43.873393],[-124.068731,43.873381],[-124.068713,43.873363],[-124.068706,43.873357],[-124.068701,43.873352],[-124.068691,43.873343],[-124.068685,43.873338],[-124.068681,43.873334],[-124.068662,43.87332],[-124.068649,43.87331],[-124.068637,43.873304],[-124.068629,43.873299],[-124.068614,43.873291],[-124.068601,43.873285],[-124.068585,43.873279],[-124.068573,43.873274],[-124.06856,43.87327],[-124.068532,43.873262],[-124.068517,43.873258],[-124.068494,43.873254],[-124.068476,43.873251],[-124.068449,43.873249],[-124.068431,43.873248],[-124.068413,43.873247],[-124.068402,43.873247],[-124.068388,43.873248],[-124.068367,43.873249],[-124.068351,43.873251],[-124.068341,43.873253],[-124.068328,43.873255],[-124.068311,43.873259],[-124.068303,43.873261],[-124.068292,43.873264],[-124.068281,43.873267],[-124.068261,43.873274],[-124.068242,43.873282],[-124.068232,43.873287],[-124.068219,43.873294],[-124.068204,43.873304],[-124.068193,43.873312],[-124.06818,43.873322],[-124.06817,43.873331],[-124.068159,43.873342],[-124.068148,43.873354],[-124.068138,43.873367],[-124.06813,43.873376],[-124.068122,43.87339],[-124.068113,43.873405],[-124.068108,43.873415],[-124.068104,43.873425],[-124.068098,43.873439],[-124.068092,43.873455],[-124.068089,43.873466],[-124.068087,43.873474],[-124.068007,43.873775],[-124.068004,43.873784],[-124.068002,43.873791],[-124.067998,43.873799],[-124.067994,43.873806],[-124.067989,43.873814],[-124.067984,43.873821],[-124.06798,43.873826],[-124.067977,43.873829],[-124.067969,43.873836],[-124.067967,43.873839],[-124.067962,43.873843],[-124.067958,43.873845],[-124.067957,43.873846],[-124.067955,43.873847],[-124.067951,43.873849],[-124.067949,43.87385],[-124.067949,43.87385],[-124.067948,43.87385],[-124.067947,43.87385],[-124.067946,43.873851],[-124.067939,43.873851],[-124.067936,43.873851],[-124.067936,43.873851],[-124.067931,43.873851],[-124.067925,43.87385],[-124.067917,43.873849],[-124.06791,43.873848],[-124.067902,43.873847],[-124.067886,43.873844],[-124.067876,43.873841],[-124.067864,43.873838],[-124.067848,43.873834],[-124.06783,43.873828],[-124.067815,43.873824],[-124.067802,43.87382],[-124.067787,43.873816],[-124.067768,43.873811],[-124.067753,43.873807],[-124.067731,43.873802],[-124.067707,43.873798],[-124.067688,43.873796],[-124.067674,43.873795],[-124.067662,43.873795],[-124.067641,43.873794],[-124.067623,43.873795],[-124.067604,43.873797],[-124.067587,43.873799],[-124.06756,43.873804],[-124.06754,43.873809],[-124.067517,43.873816],[-124.067496,43.873824],[-124.067478,43.873832],[-124.067456,43.873843],[-124.067441,43.873852],[-124.067424,43.873863],[-124.067411,43.873874],[-124.067397,43.873887],[-124.067385,43.8739],[-124.067372,43.873918],[-124.067367,43.87393],[-124.067359,43.873947],[-124.067355,43.873961],[-124.067351,43.873976],[-124.067351,43.87399],[-124.067349,43.874004],[-124.06735,43.874021],[-124.067351,43.874032],[-124.067351,43.874041],[-124.067353,43.87405],[-124.067353,43.874066],[-124.067355,43.874078],[-124.067357,43.874095],[-124.06736,43.874114],[-124.067362,43.87413],[-124.067365,43.874146],[-124.067367,43.874161],[-124.06737,43.874176],[-124.067371,43.874186],[-124.067373,43.874196],[-124.067373,43.874208],[-124.067375,43.874219],[-124.067377,43.874235],[-124.067379,43.87425],[-124.06738,43.874261],[-124.067381,43.874274],[-124.067382,43.874291],[-124.067382,43.874302],[-124.067382,43.874311],[-124.067381,43.874322],[-124.06738,43.874333],[-124.067378,43.874344],[-124.067377,43.874349],[-124.067374,43.874357],[-124.067373,43.87436],[-124.067372,43.874362],[-124.067366,43.874375],[-124.067363,43.87438],[-124.067361,43.874384],[-124.067356,43.87439],[-124.067346,43.874401],[-124.067341,43.874406],[-124.067334,43.874413],[-124.067324,43.87442],[-124.067318,43.874425],[-124.067309,43.87443],[-124.067299,43.874435],[-124.067294,43.874438],[-124.067284,43.874442],[-124.067275,43.874444],[-124.067271,43.874446],[-124.067259,43.874448],[-124.067251,43.874449],[-124.067241,43.87445],[-124.067227,43.87445],[-124.067217,43.874451],[-124.067198,43.87445],[-124.067186,43.874449],[-124.067172,43.874448],[-124.06716,43.874447],[-124.067141,43.874445],[-124.067127,43.874443],[-124.067113,43.874441],[-124.067086,43.874437],[-124.067068,43.874435],[-124.067048,43.874432],[-124.067032,43.874429],[-124.067014,43.874427],[-124.067002,43.874425],[-124.066985,43.874422],[-124.066965,43.874419],[-124.066949,43.874416],[-124.066924,43.874412],[-124.066907,43.874409],[-124.066886,43.874406],[-124.066867,43.874403],[-124.066847,43.8744],[-124.066815,43.874396],[-124.06679,43.874392],[-124.066769,43.874389],[-124.066749,43.874387],[-124.06673,43.874385],[-124.066699,43.874381],[-124.066684,43.87438],[-124.066662,43.874378],[-124.066641,43.874376],[-124.066619,43.874374],[-124.066599,43.874373],[-124.06658,43.874372],[-124.066559,43.874371],[-124.066534,43.87437],[-124.066519,43.87437],[-124.066503,43.874369],[-124.066488,43.874369],[-124.066459,43.874369],[-124.066441,43.874369],[-124.066422,43.874369],[-124.066397,43.87437],[-124.066369,43.874371],[-124.066335,43.874373],[-124.066303,43.874375],[-124.066285,43.874376],[-124.066251,43.874379],[-124.066224,43.874381],[-124.066176,43.874386],[-124.066154,43.874389],[-124.066115,43.874394],[-124.06607,43.874402],[-124.066037,43.874409],[-124.066014,43.874414],[-124.065996,43.874419],[-124.065981,43.874423],[-124.065962,43.87443],[-124.065941,43.874437],[-124.065919,43.874447],[-124.065894,43.87446],[-124.065864,43.874477],[-124.065841,43.874494],[-124.065818,43.874513],[-124.065801,43.87453],[-124.065783,43.87455],[-124.065765,43.874575],[-124.065753,43.874594],[-124.065741,43.874616],[-124.065735,43.874632],[-124.06573,43.874646],[-124.065725,43.87466],[-124.065723,43.874668],[-124.065719,43.874682],[-124.065715,43.874705],[-124.065712,43.874729],[-124.06571,43.874752],[-124.065709,43.874772],[-124.065709,43.874791],[-124.06571,43.874816],[-124.065711,43.874838],[-124.065712,43.87486],[-124.065713,43.874871],[-124.065715,43.874892],[-124.065718,43.874915],[-124.065721,43.87494],[-124.065724,43.874965],[-124.06573,43.875001],[-124.065731,43.875009],[-124.065734,43.875024],[-124.06574,43.875053],[-124.065745,43.875072],[-124.065751,43.875088],[-124.065757,43.875107],[-124.065767,43.875129],[-124.065779,43.875154],[-124.065792,43.875172],[-124.065803,43.875188],[-124.065812,43.875201],[-124.065822,43.875215],[-124.065835,43.87523],[-124.065844,43.875242],[-124.066053,43.875505],[-124.066081,43.875537],[-124.066113,43.875571],[-124.066143,43.875596],[-124.066183,43.875625],[-124.066224,43.875647],[-124.066258,43.875661],[-124.066317,43.875679],[-124.066369,43.875688],[-124.066388,43.875691],[-124.066451,43.875694],[-124.066507,43.875692],[-124.066554,43.875687],[-124.066608,43.875678],[-124.066655,43.875669],[-124.066669,43.875667],[-124.066744,43.875656],[-124.066791,43.875651],[-124.066864,43.875646],[-124.066896,43.875645],[-124.066953,43.875645],[-124.067016,43.875647],[-124.067061,43.875649],[-124.067111,43.875652],[-124.067153,43.875656],[-124.067181,43.875659],[-124.067183,43.87566],[-124.067232,43.875669],[-124.067754,43.875788],[-124.067806,43.875803],[-124.067832,43.875813],[-124.067874,43.875835],[-124.067893,43.875847],[-124.067916,43.875869],[-124.067928,43.875884],[-124.067938,43.8759],[-124.067944,43.875912],[-124.067953,43.875936],[-124.068049,43.876234],[-124.068058,43.876257],[-124.068072,43.87629],[-124.068094,43.876331],[-124.068128,43.876381],[-124.06816,43.876417],[-124.068202,43.876454],[-124.068247,43.876485],[-124.068284,43.876505],[-124.068337,43.876528],[-124.068396,43.876547],[-124.068443,43.87656],[-124.06851,43.876573],[-124.068569,43.876582],[-124.068598,43.876587],[-124.068634,43.876593],[-124.06865,43.876596],[-124.068674,43.876602],[-124.068697,43.87661],[-124.068708,43.876616],[-124.068732,43.876636],[-124.068738,43.876642],[-124.068756,43.876668],[-124.068769,43.876697],[-124.06877,43.8767],[-124.068776,43.87672],[-124.068778,43.876726],[-124.06878,43.876739],[-124.068783,43.876764],[-124.068784,43.876782],[-124.068786,43.876805],[-124.068788,43.876822],[-124.06879,43.87685],[-124.068793,43.876871],[-124.068801,43.876895],[-124.068809,43.876913],[-124.068819,43.87693],[-124.069007,43.877192],[-124.069018,43.877208],[-124.069028,43.877224],[-124.069038,43.87724],[-124.069047,43.877256],[-124.069054,43.877268],[-124.06906,43.877285],[-124.069065,43.877299],[-124.069069,43.877314],[-124.069071,43.877327],[-124.069073,43.877342],[-124.069074,43.877349],[-124.069091,43.877635],[-124.069091,43.877645],[-124.06909,43.877653],[-124.069088,43.877667],[-124.069085,43.877678],[-124.069077,43.877698],[-124.069072,43.87771],[-124.06906,43.87773],[-124.069051,43.877743],[-124.069038,43.877762],[-124.069027,43.877774],[-124.069009,43.877796],[-124.068992,43.877813],[-124.068971,43.877836],[-124.068959,43.877848],[-124.068944,43.877862],[-124.068932,43.877875],[-124.068909,43.877899],[-124.068895,43.877915],[-124.068878,43.877934],[-124.068859,43.877956],[-124.068844,43.877975],[-124.068829,43.877994],[-124.06881,43.878019],[-124.068798,43.878036],[-124.068785,43.878055],[-124.068454,43.878543],[-124.068448,43.878551],[-124.068441,43.87856],[-124.068432,43.878569],[-124.068427,43.878575],[-124.06842,43.87858],[-124.068408,43.878588],[-124.068405,43.878589],[-124.068399,43.878592],[-124.068392,43.878595],[-124.068388,43.878596],[-124.068387,43.878596],[-124.068379,43.878598],[-124.068371,43.878598],[-124.068367,43.878598],[-124.068363,43.878598],[-124.068346,43.878597],[-124.068342,43.878596],[-124.068335,43.878595],[-124.068319,43.878591],[-124.068313,43.87859],[-124.068303,43.878587],[-124.068291,43.878583],[-124.068284,43.87858],[-124.068267,43.878573],[-124.068254,43.878568],[-124.068244,43.878564],[-124.068224,43.878555],[-124.068201,43.878546],[-124.06819,43.878542],[-124.068172,43.878536],[-124.06815,43.87853],[-124.068133,43.878526],[-124.0681,43.878521],[-124.068067,43.878518],[-124.06803,43.878519],[-124.068008,43.87852],[-124.067982,43.878524],[-124.067958,43.878528],[-124.06794,43.878533],[-124.067913,43.878541],[-124.067891,43.87855],[-124.067864,43.878563],[-124.067842,43.878576],[-124.067827,43.878586],[-124.067811,43.878599],[-124.067809,43.8786],[-124.067795,43.878613],[-124.067777,43.878629],[-124.067753,43.878654],[-124.067734,43.878674],[-124.067718,43.878691],[-124.067698,43.87871],[-124.067682,43.878725],[-124.067672,43.878735],[-124.06766,43.878745],[-124.067644,43.878758],[-124.06764,43.878762],[-124.067623,43.878774],[-124.067606,43.878785],[-124.067591,43.878795],[-124.067573,43.878805],[-124.067558,43.878812],[-124.067545,43.878818],[-124.067529,43.878825],[-124.067512,43.878831],[-124.067495,43.878836],[-124.06748,43.878841],[-124.06745,43.878848],[-124.067437,43.87885],[-124.06741,43.878854],[-124.067387,43.878856],[-124.067369,43.878856],[-124.067353,43.878856],[-124.067326,43.878855],[-124.067315,43.878854],[-124.067293,43.878851],[-124.067281,43.878849],[-124.06727,43.878847],[-124.066811,43.878745],[-124.066792,43.878741],[-124.066781,43.878739],[-124.066768,43.878736],[-124.066752,43.878732],[-124.066728,43.878727],[-124.066707,43.878723],[-124.066687,43.87872],[-124.06667,43.878717],[-124.066657,43.878714],[-124.066635,43.878711],[-124.066622,43.878709],[-124.066596,43.878706],[-124.066576,43.878703],[-124.066558,43.878702],[-124.066532,43.8787],[-124.066511,43.878699],[-124.066482,43.878699],[-124.066454,43.878699],[-124.066432,43.8787],[-124.066404,43.878703],[-124.066367,43.878708],[-124.066337,43.878713],[-124.066315,43.878719],[-124.066299,43.878723],[-124.066258,43.878735],[-124.066223,43.878747],[-124.06618,43.878765],[-124.066153,43.878776],[-124.066123,43.878789],[-124.066089,43.878804],[-124.066062,43.878815],[-124.066037,43.878825],[-124.066013,43.878835],[-124.065987,43.878846],[-124.06595,43.878861],[-124.065931,43.878869],[-124.065915,43.878876],[-124.065894,43.878886],[-124.065866,43.878899],[-124.065839,43.878914],[-124.065821,43.878924],[-124.065796,43.878939],[-124.065771,43.878957],[-124.065749,43.878973],[-124.065725,43.878993],[-124.065706,43.879011],[-124.065682,43.879037],[-124.065663,43.879064],[-124.06565,43.879088],[-124.065638,43.879118],[-124.065633,43.879144],[-124.065632,43.879166],[-124.065634,43.87919],[-124.06564,43.879216],[-124.065647,43.879234],[-124.065656,43.879253],[-124.065669,43.879274],[-124.065685,43.879295],[-124.065703,43.879316],[-124.065733,43.879345],[-124.065757,43.879364],[-124.065783,43.879381],[-124.065809,43.879398],[-124.065828,43.879408],[-124.06584,43.879414],[-124.066347,43.879669],[-124.066358,43.879674],[-124.066368,43.87968],[-124.066386,43.87969],[-124.066397,43.879697],[-124.06641,43.879705],[-124.066428,43.879717],[-124.066445,43.879731],[-124.06646,43.879743],[-124.06647,43.879752],[-124.06648,43.879761],[-124.066498,43.879779],[-124.06651,43.879791],[-124.066514,43.879796],[-124.066526,43.879812],[-124.066532,43.87982],[-124.066537,43.879828],[-124.066548,43.879844],[-124.066554,43.879855],[-124.066558,43.879864],[-124.066562,43.879872],[-124.066566,43.879883],[-124.066568,43.87989],[-124.066572,43.879904],[-124.066575,43.879914],[-124.066576,43.879926],[-124.066578,43.879943],[-124.066577,43.879957],[-124.066577,43.879968],[-124.066575,43.879979],[-124.066572,43.879991],[-124.066565,43.880005],[-124.066558,43.880018],[-124.066554,43.880023],[-124.066545,43.880033],[-124.066538,43.880039],[-124.066525,43.880048],[-124.06651,43.880058],[-124.066504,43.88006],[-124.06649,43.880068],[-124.066475,43.880074],[-124.066462,43.88008],[-124.066449,43.880085],[-124.066433,43.88009],[-124.066417,43.880095],[-124.066409,43.880098],[-124.066385,43.880104],[-124.066374,43.880107],[-124.066354,43.880112],[-124.06633,43.880118],[-124.066313,43.880122],[-124.066288,43.880129],[-124.06627,43.880134],[-124.066243,43.880142],[-124.066216,43.880151],[-124.066191,43.88016],[-124.06616,43.880174],[-124.066141,43.880183],[-124.066122,43.880193],[-124.066096,43.880209],[-124.066078,43.880221],[-124.066059,43.880235],[-124.066037,43.880253],[-124.066017,43.880271],[-124.066001,43.880288],[-124.065988,43.880303],[-124.065977,43.880317],[-124.065975,43.880321],[-124.065967,43.880332],[-124.065954,43.880354],[-124.065945,43.88037],[-124.065937,43.880382],[-124.065927,43.880398],[-124.065923,43.880404],[-124.065919,43.880409],[-124.065915,43.880414],[-124.065909,43.880421],[-124.065647,43.880672],[-124.065638,43.880681],[-124.065628,43.880688],[-124.065618,43.880695],[-124.065608,43.880702],[-124.065593,43.88071],[-124.065579,43.880716],[-124.065564,43.880722],[-124.065546,43.880728],[-124.065536,43.880731],[-124.065529,43.880733],[-124.065033,43.88082],[-124.065002,43.880824],[-124.064984,43.880827],[-124.064965,43.880829],[-124.064939,43.880832],[-124.064912,43.880835],[-124.064882,43.880837],[-124.064864,43.880839],[-124.064842,43.880841],[-124.064818,43.880843],[-124.064798,43.880844],[-124.064782,43.880845],[-124.06476,43.880846],[-124.064742,43.880846],[-124.064731,43.880846],[-124.064704,43.880845],[-124.064688,43.880844],[-124.064663,43.880843],[-124.064652,43.880841],[-124.064631,43.880839],[-124.064627,43.880838],[-124.064624,43.880838],[-124.064624,43.88084],[-124.064623,43.881005]]]}},{"type":"Feature","properties":{"MAPTAXLOT":"1912360000100","MAPNUMBER":"19123600","TAXLOT":"100","ACCTNO":"0873941","MAPACRES":1.21254512},"geometry":{"type":"MultiPolygon","coordinates":[[[[-124.064609,43.883214],[-124.06461,43.883219],[-124.064611,43.883236],[-124.064611,43.883244],[-124.06461,43.883249],[-124.064611,43.883265],[-124.06461,43.883282],[-124.064609,43.883294],[-124.064609,43.883307],[-124.064609,43.88331],[-124.0646,43.884721],[-124.06471,43.883579],[-124.06471,43.883577],[-124.064714,43.883521],[-124.06473,43.883349],[-124.06475,43.883178],[-124.064774,43.883007],[-124.064802,43.882837],[-124.064835,43.882667],[-124.064871,43.882497],[-124.064913,43.882322],[-124.064929,43.882279],[-124.064955,43.88221],[-124.06496,43.882198],[-124.064619,43.882198],[-124.064616,43.882198],[-124.064609,43.883214]]],[[[-124.064991,43.885625],[-124.065096,43.885624],[-124.065348,43.885623],[-124.065327,43.885537],[-124.065263,43.885271],[-124.065215,43.885011],[-124.065195,43.884659],[-124.065191,43.884645],[-124.06511,43.884372],[-124.064991,43.885625]]]]}},{"type":"Feature","properties":{"MAPTAXLOT":"1912360000200","MAPNUMBER":"19123600","TAXLOT":"200","ACCTNO":"0873958","MAPACRES":3.23922477},"geometry":{"type":"Polygon","coordinates":[[[-124.065455,43.882196],[-124.065455,43.882198],[-124.065431,43.882253],[-124.065406,43.882316],[-124.065382,43.88238],[-124.065377,43.882393],[-124.065339,43.882553],[-124.065304,43.882717],[-124.065273,43.882881],[-124.065245,43.883045],[-124.065222,43.88321],[-124.065203,43.883375],[-124.065187,43.88354],[-124.065183,43.883597],[-124.065139,43.884059],[-124.065182,43.884054],[-124.065232,43.884048],[-124.065215,43.883845],[-124.065305,43.883739],[-124.065502,43.883597],[-124.065635,43.883571],[-124.065743,43.883545],[-124.065838,43.883605],[-124.065884,43.883796],[-124.06601,43.883931],[-124.066237,43.883843],[-124.066281,43.883582],[-124.066287,43.883567],[-124.066356,43.883375],[-124.066349,43.883186],[-124.066259,43.88279],[-124.066078,43.882499],[-124.065921,43.882198],[-124.06592,43.882197],[-124.065455,43.882196]]]}},{"type":"Feature","properties":{"MAPTAXLOT":"1912360000300","MAPNUMBER":"19123600","TAXLOT":"300","ACCTNO":"0873966","MAPACRES":13.38390168},"geometry":{"type":"MultiPolygon","coordinates":[[[[-124.064624,43.880838],[-124.064627,43.880838],[-124.064631,43.880839],[-124.064652,43.880841],[-124.064663,43.880843],[-124.064688,43.880844],[-124.064704,43.880845],[-124.064731,43.880846],[-124.064742,43.880846],[-124.06476,43.880846],[-124.064782,43.880845],[-124.064798,43.880844],[-124.064818,43.880843],[-124.064842,43.880841],[-124.064864,43.880839],[-124.064882,43.880837],[-124.064912,43.880835],[-124.064939,43.880832],[-124.064965,43.880829],[-124.064984,43.880827],[-124.065002,43.880824],[-124.065033,43.88082],[-124.065529,43.880733],[-124.065536,43.880731],[-124.065546,43.880728],[-124.065564,43.880722],[-124.065579,43.880716],[-124.065593,43.88071],[-124.065608,43.880702],[-124.065618,43.880695],[-124.065628,43.880688],[-124.065638,43.880681],[-124.065647,43.880672],[-124.065909,43.880421],[-124.065915,43.880414],[-124.065919,43.880409],[-124.065923,43.880404],[-124.065927,43.880398],[-124.065937,43.880382],[-124.065945,43.88037],[-124.065954,43.880354],[-124.065967,43.880332],[-124.065975,43.880321],[-124.065977,43.880317],[-124.065988,43.880303],[-124.066001,43.880288],[-124.066017,43.880271],[-124.066037,43.880253],[-124.066059,43.880235],[-124.066078,43.880221],[-124.066096,43.880209],[-124.066122,43.880193],[-124.066141,43.880183],[-124.06616,43.880174],[-124.066191,43.88016],[-124.066216,43.880151],[-124.066243,43.880142],[-124.06627,43.880134],[-124.066288,43.880129],[-124.066313,43.880122],[-124.06633,43.880118],[-124.066354,43.880112],[-124.066374,43.880107],[-124.066385,43.880104],[-124.066409,43.880098],[-124.066417,43.880095],[-124.066433,43.88009],[-124.066449,43.880085],[-124.066462,43.88008],[-124.066475,43.880074],[-124.06649,43.880068],[-124.066504,43.88006],[-124.06651,43.880058],[-124.066525,43.880048],[-124.066538,43.880039],[-124.066545,43.880033],[-124.066554,43.880023],[-124.066558,43.880018],[-124.066565,43.880005],[-124.066572,43.879991],[-124.066575,43.879979],[-124.066577,43.879968],[-124.066577,43.879957],[-124.066578,43.879943],[-124.066576,43.879926],[-124.066575,43.879914],[-124.066572,43.879904],[-124.066568,43.87989],[-124.066566,43.879883],[-124.066562,43.879872],[-124.066558,43.879864],[-124.066554,43.879855],[-124.066548,43.879844],[-124.066537,43.879828],[-124.066532,43.87982],[-124.066526,43.879812],[-124.066514,43.879796],[-124.06651,43.879791],[-124.066498,43.879779],[-124.06648,43.879761],[-124.06647,43.879752],[-124.06646,43.879743],[-124.066445,43.879731],[-124.066428,43.879717],[-124.06641,43.879705],[-124.066397,43.879697],[-124.066386,43.87969],[-124.066368,43.87968],[-124.066358,43.879674],[-124.066347,43.879669],[-124.06584,43.879414],[-124.065828,43.879408],[-124.065809,43.879398],[-124.065783,43.879381],[-124.065757,43.879364],[-124.065733,43.879345],[-124.065703,43.879316],[-124.065685,43.879295],[-124.065669,43.879274],[-124.065656,43.879253],[-124.065647,43.879234],[-124.06564,43.879216],[-124.065634,43.87919],[-124.065632,43.879166],[-124.065633,43.879144],[-124.065638,43.879118],[-124.06565,43.879088],[-124.065663,43.879064],[-124.065682,43.879037],[-124.065706,43.879011],[-124.065725,43.878993],[-124.065749,43.878973],[-124.065771,43.878957],[-124.065796,43.878939],[-124.065821,43.878924],[-124.065839,43.878914],[-124.065866,43.878899],[-124.065894,43.878886],[-124.065915,43.878876],[-124.065931,43.878869],[-124.06595,43.878861],[-124.065987,43.878846],[-124.066013,43.878835],[-124.066037,43.878825],[-124.066062,43.878815],[-124.066089,43.878804],[-124.066123,43.878789],[-124.066153,43.878776],[-124.06618,43.878765],[-124.066223,43.878747],[-124.066258,43.878735],[-124.066299,43.878723],[-124.066315,43.878719],[-124.066337,43.878713],[-124.066367,43.878708],[-124.066404,43.878703],[-124.066432,43.8787],[-124.066454,43.878699],[-124.066482,43.878699],[-124.066511,43.878699],[-124.066532,43.8787],[-124.066558,43.878702],[-124.066576,43.878703],[-124.066596,43.878706],[-124.066622,43.878709],[-124.066635,43.878711],[-124.066657,43.878714],[-124.06667,43.878717],[-124.066687,43.87872],[-124.066707,43.878723],[-124.066728,43.878727],[-124.066752,43.878732],[-124.066768,43.878736],[-124.066781,43.878739],[-124.066792,43.878741],[-124.066811,43.878745],[-124.06727,43.878847],[-124.067281,43.878849],[-124.067293,43.878851],[-124.067315,43.878854],[-124.067326,43.878855],[-124.067353,43.878856],[-124.067369,43.878856],[-124.067387,43.878856],[-124.06741,43.878854],[-124.067437,43.87885],[-124.06745,43.878848],[-124.06748,43.878841],[-124.067495,43.878836],[-124.067512,43.878831],[-124.067529,43.878825],[-124.067545,43.878818],[-124.067558,43.878812],[-124.067573,43.878805],[-124.067591,43.878795],[-124.067606,43.878785],[-124.067623,43.878774],[-124.06764,43.878762],[-124.067644,43.878758],[-124.06766,43.878745],[-124.067672,43.878735],[-124.067682,43.878725],[-124.067698,43.87871],[-124.067718,43.878691],[-124.067734,43.878674],[-124.067753,43.878654],[-124.067777,43.878629],[-124.067795,43.878613],[-124.067809,43.8786],[-124.06464,43.878555],[-124.064638,43.878555],[-124.064638,43.878557],[-124.064624,43.880838]]],[[[-124.06462,43.881508],[-124.06462,43.881509],[-124.064623,43.881509],[-124.06463,43.881509],[-124.065327,43.88151],[-124.065328,43.88151],[-124.065354,43.881472],[-124.0654,43.881407],[-124.065448,43.881344],[-124.065496,43.881281],[-124.065547,43.881219],[-124.065599,43.881157],[-124.065652,43.881096],[-124.065707,43.881036],[-124.065763,43.880976],[-124.065813,43.88093],[-124.065959,43.880794],[-124.066108,43.880661],[-124.06626,43.880529],[-124.066416,43.8804],[-124.066574,43.880272],[-124.066736,43.880146],[-124.0669,43.880024],[-124.066901,43.880023],[-124.068567,43.878754],[-124.068657,43.878686],[-124.068745,43.878616],[-124.068748,43.878614],[-124.06866,43.878613],[-124.068658,43.878616],[-124.068648,43.87863],[-124.068633,43.878649],[-124.068614,43.878668],[-124.068597,43.878684],[-124.06858,43.878697],[-124.068557,43.878712],[-124.068538,43.878723],[-124.068513,43.878735],[-124.06849,43.878744],[-124.068471,43.87875],[-124.068447,43.878755],[-124.068413,43.878761],[-124.068381,43.878763],[-124.068365,43.878763],[-124.068352,43.878763],[-124.06834,43.878762],[-124.068311,43.878759],[-124.068293,43.878757],[-124.068273,43.878753],[-124.068248,43.878748],[-124.068231,43.878743],[-124.06821,43.878737],[-124.068185,43.878729],[-124.068173,43.878724],[-124.068155,43.878716],[-124.068142,43.878711],[-124.068131,43.878707],[-124.068112,43.878698],[-124.068097,43.878693],[-124.068092,43.878691],[-124.068084,43.878688],[-124.068076,43.878686],[-124.068073,43.878685],[-124.068063,43.878683],[-124.068057,43.878683],[-124.068042,43.878683],[-124.06804,43.878683],[-124.068032,43.878684],[-124.068023,43.878686],[-124.06802,43.878687],[-124.068012,43.878689],[-124.068009,43.87869],[-124.068,43.878695],[-124.067995,43.878698],[-124.067991,43.878701],[-124.067983,43.878707],[-124.067972,43.878717],[-124.067959,43.878728],[-124.067939,43.878749],[-124.06792,43.878768],[-124.067903,43.878787],[-124.06788,43.878809],[-124.067863,43.878825],[-124.06785,43.878837],[-124.067835,43.878851],[-124.067814,43.878868],[-124.067804,43.878875],[-124.067781,43.878893],[-124.067759,43.878907],[-124.067736,43.878922],[-124.067706,43.878939],[-124.067682,43.87895],[-124.067662,43.87896],[-124.067635,43.87897],[-124.067609,43.87898],[-124.067582,43.878988],[-124.067556,43.878996],[-124.067513,43.879006],[-124.067485,43.879011],[-124.067444,43.879016],[-124.067407,43.87902],[-124.067375,43.879021],[-124.067346,43.879021],[-124.067305,43.879019],[-124.067281,43.879017],[-124.067246,43.879012],[-124.067224,43.879008],[-124.067207,43.879005],[-124.066744,43.878903],[-124.066728,43.878899],[-124.066719,43.878897],[-124.066702,43.878893],[-124.066687,43.87889],[-124.066666,43.878886],[-124.066649,43.878882],[-124.066633,43.878879],[-124.066615,43.878876],[-124.066605,43.878875],[-124.066589,43.878872],[-124.06658,43.878871],[-124.066559,43.878868],[-124.066545,43.878866],[-124.066532,43.878865],[-124.066514,43.878864],[-124.066503,43.878863],[-124.066483,43.878863],[-124.066465,43.878864],[-124.066455,43.878864],[-124.066439,43.878865],[-124.066416,43.878869],[-124.066401,43.878871],[-124.066389,43.878874],[-124.066381,43.878876],[-124.066351,43.878885],[-124.066329,43.878893],[-124.066294,43.878907],[-124.06627,43.878917],[-124.06624,43.878931],[-124.066204,43.878946],[-124.066175,43.878958],[-124.066148,43.878969],[-124.066123,43.878979],[-124.066098,43.878989],[-124.066064,43.879003],[-124.06605,43.879009],[-124.066037,43.879015],[-124.06602,43.879023],[-124.065996,43.879034],[-124.065977,43.879044],[-124.065966,43.879051],[-124.065949,43.879062],[-124.065931,43.879074],[-124.065916,43.879085],[-124.065901,43.879097],[-124.065891,43.879107],[-124.065879,43.879121],[-124.06587,43.879132],[-124.065866,43.879141],[-124.065861,43.879151],[-124.06586,43.879159],[-124.06586,43.879164],[-124.06586,43.87917],[-124.065863,43.87918],[-124.065864,43.879184],[-124.065868,43.879193],[-124.065874,43.879202],[-124.065881,43.879212],[-124.065891,43.879224],[-124.065908,43.879239],[-124.065918,43.879247],[-124.065936,43.87926],[-124.065951,43.879269],[-124.065963,43.879275],[-124.065972,43.879281],[-124.066476,43.879533],[-124.066493,43.879541],[-124.066509,43.87955],[-124.06653,43.879563],[-124.066546,43.879572],[-124.066565,43.879584],[-124.066591,43.879602],[-124.066615,43.879621],[-124.066632,43.879636],[-124.066646,43.879647],[-124.066662,43.879663],[-124.066684,43.879685],[-124.066699,43.8797],[-124.06671,43.879712],[-124.066724,43.879731],[-124.066734,43.879743],[-124.066744,43.879759],[-124.066756,43.879778],[-124.066767,43.879797],[-124.066774,43.879812],[-124.066779,43.879823],[-124.066788,43.879845],[-124.066791,43.879857],[-124.066796,43.879872],[-124.066801,43.879894],[-124.066803,43.879913],[-124.066806,43.87994],[-124.066805,43.879964],[-124.066803,43.879982],[-124.0668,43.880005],[-124.066792,43.880032],[-124.06678,43.88006],[-124.066765,43.880087],[-124.066748,43.88011],[-124.066725,43.880133],[-124.066707,43.88015],[-124.066679,43.880169],[-124.066651,43.880187],[-124.066639,43.880193],[-124.066615,43.880205],[-124.066591,43.880216],[-124.066569,43.880225],[-124.06655,43.880232],[-124.066529,43.88024],[-124.066503,43.880248],[-124.06649,43.880251],[-124.066465,43.880258],[-124.06645,43.880262],[-124.066428,43.880268],[-124.066404,43.880274],[-124.066388,43.880278],[-124.066368,43.880283],[-124.066355,43.880287],[-124.066334,43.880293],[-124.066316,43.880299],[-124.066302,43.880304],[-124.066284,43.880312],[-124.066272,43.880318],[-124.066261,43.880323],[-124.066247,43.880332],[-124.066236,43.88034],[-124.066225,43.880347],[-124.066212,43.880359],[-124.0662,43.880369],[-124.066191,43.880378],[-124.066185,43.880386],[-124.066182,43.88039],[-124.06618,43.880392],[-124.066173,43.880403],[-124.066163,43.880419],[-124.066153,43.880435],[-124.066145,43.880449],[-124.066135,43.880466],[-124.066126,43.88048],[-124.066114,43.880494],[-124.066105,43.880505],[-124.066093,43.880517],[-124.065828,43.880772],[-124.06581,43.880788],[-124.065789,43.880804],[-124.065773,43.880816],[-124.065753,43.880829],[-124.065723,43.880845],[-124.065695,43.880858],[-124.065668,43.880869],[-124.065637,43.880879],[-124.065614,43.880886],[-124.065592,43.880891],[-124.065084,43.88098],[-124.065048,43.880986],[-124.065025,43.880989],[-124.065001,43.880992],[-124.064972,43.880995],[-124.064941,43.880998],[-124.06491,43.881001],[-124.064892,43.881002],[-124.064867,43.881005],[-124.06484,43.881007],[-124.064817,43.881008],[-124.064795,43.881009],[-124.064768,43.88101],[-124.064744,43.881011],[-124.064726,43.881011],[-124.064691,43.88101],[-124.064669,43.881008],[-124.064634,43.881006],[-124.064623,43.881005],[-124.064623,43.881007],[-124.06462,43.881508]]],[[[-124.069338,43.878641],[-124.069297,43.878679],[-124.06928,43.878694],[-124.06919,43.87877],[-124.069098,43.878845],[-124.069004,43.878919],[-124.068908,43.878992],[-124.067241,43.880262],[-124.06724,43.880262],[-124.067239,43.880263],[-124.06708,43.880382],[-124.066924,43.880503],[-124.066771,43.880627],[-124.066621,43.880752],[-124.066474,43.880879],[-124.06633,43.881008],[-124.066189,43.881138],[-124.066141,43.881183],[-124.06609,43.881238],[-124.06604,43.881293],[-124.065991,43.88135],[-124.065944,43.881406],[-124.065898,43.881463],[-124.065861,43.881511],[-124.065895,43.881511],[-124.066079,43.881335],[-124.066252,43.881181],[-124.066514,43.881085],[-124.066839,43.880875],[-124.067136,43.880549],[-124.06751,43.880175],[-124.067902,43.879837],[-124.068413,43.879489],[-124.068718,43.879269],[-124.068795,43.879214],[-124.069227,43.878909],[-124.069625,43.878627],[-124.069358,43.878623],[-124.069358,43.878623],[-124.069338,43.878641]]]]}},{"type":"Feature","properties":{"MAPTAXLOT":"1912360000400","MAPNUMBER":"19123600","TAXLOT":"400","ACCTNO":"0873974","MAPACRES":15.32205897},"geometry":{"type":"MultiPolygon","coordinates":[[[[-124.068326,43.8763],[-124.068344,43.87632],[-124.068369,43.876341],[-124.068394,43.876359],[-124.068411,43.876368],[-124.068443,43.876382],[-124.068481,43.876395],[-124.068511,43.876403],[-124.068565,43.876413],[-124.068615,43.876421],[-124.068646,43.876426],[-124.068692,43.876433],[-124.068719,43.876439],[-124.068763,43.87645],[-124.068814,43.876469],[-124.068846,43.876485],[-124.068866,43.876497],[-124.068916,43.876538],[-124.068937,43.876562],[-124.068966,43.876605],[-124.068988,43.876651],[-124.068992,43.876662],[-124.069,43.876688],[-124.069003,43.876701],[-124.069006,43.876722],[-124.06901,43.876753],[-124.069012,43.876773],[-124.069014,43.876796],[-124.069015,43.876812],[-124.069017,43.876837],[-124.069018,43.876845],[-124.069019,43.876849],[-124.069022,43.876855],[-124.069025,43.87686],[-124.069209,43.877117],[-124.069223,43.877137],[-124.069235,43.877156],[-124.069247,43.877174],[-124.069259,43.877195],[-124.069269,43.877216],[-124.06928,43.877242],[-124.069288,43.877265],[-124.069294,43.877289],[-124.069297,43.87731],[-124.069299,43.877324],[-124.069301,43.877335],[-124.069318,43.877628],[-124.06932,43.877651],[-124.069316,43.877671],[-124.069313,43.877693],[-124.069306,43.877718],[-124.069295,43.877745],[-124.069285,43.877767],[-124.069267,43.877798],[-124.069254,43.877818],[-124.069236,43.877842],[-124.069221,43.87786],[-124.069199,43.877886],[-124.06918,43.877906],[-124.069158,43.877929],[-124.069145,43.877943],[-124.069131,43.877957],[-124.06912,43.877969],[-124.069098,43.877991],[-124.069086,43.878005],[-124.069069,43.878023],[-124.069054,43.878041],[-124.069041,43.878056],[-124.069028,43.878073],[-124.069011,43.878096],[-124.069001,43.878111],[-124.068989,43.878128],[-124.06866,43.878613],[-124.068748,43.878614],[-124.068832,43.878545],[-124.068917,43.878473],[-124.068933,43.878459],[-124.068969,43.878426],[-124.069004,43.878393],[-124.069039,43.878359],[-124.069073,43.878324],[-124.069105,43.87829],[-124.069137,43.878254],[-124.069169,43.878219],[-124.069199,43.878183],[-124.069228,43.878147],[-124.069257,43.87811],[-124.069285,43.878073],[-124.069311,43.878035],[-124.069337,43.877998],[-124.069362,43.87796],[-124.069386,43.877921],[-124.069389,43.877916],[-124.069439,43.877829],[-124.069486,43.877741],[-124.069532,43.877652],[-124.069575,43.877563],[-124.069583,43.877545],[-124.069707,43.877286],[-124.069716,43.877268],[-124.069762,43.877172],[-124.069811,43.877076],[-124.069862,43.876981],[-124.069916,43.876887],[-124.069933,43.876859],[-124.069962,43.876814],[-124.069992,43.87677],[-124.070023,43.876726],[-124.070055,43.876683],[-124.070088,43.87664],[-124.070122,43.876597],[-124.070157,43.876555],[-124.070193,43.876513],[-124.07023,43.876471],[-124.070268,43.876431],[-124.070308,43.87639],[-124.070348,43.87635],[-124.070389,43.876311],[-124.070431,43.876272],[-124.070474,43.876234],[-124.070517,43.876196],[-124.070523,43.876298],[-124.070528,43.876294],[-124.07057,43.876257],[-124.070614,43.87622],[-124.070658,43.876184],[-124.070703,43.876149],[-124.070749,43.876114],[-124.070795,43.87608],[-124.070843,43.876046],[-124.070891,43.876013],[-124.07094,43.875981],[-124.07099,43.875949],[-124.071041,43.875918],[-124.071092,43.875887],[-124.071144,43.875857],[-124.071197,43.875828],[-124.071251,43.875799],[-124.071305,43.875771],[-124.07136,43.875744],[-124.071382,43.875734],[-124.0715,43.87568],[-124.071619,43.875628],[-124.071739,43.875578],[-124.071861,43.875529],[-124.072899,43.875111],[-124.070315,43.875074],[-124.069612,43.875064],[-124.065961,43.875012],[-124.065964,43.875023],[-124.065968,43.875037],[-124.065972,43.87505],[-124.065976,43.875062],[-124.065982,43.875076],[-124.065989,43.875089],[-124.065996,43.875099],[-124.066005,43.875114],[-124.066012,43.875123],[-124.06602,43.875134],[-124.066033,43.875149],[-124.066042,43.875162],[-124.066248,43.87542],[-124.06627,43.875446],[-124.066294,43.87547],[-124.06631,43.875484],[-124.066331,43.875499],[-124.066351,43.87551],[-124.066361,43.875514],[-124.066388,43.875522],[-124.066417,43.875527],[-124.066417,43.875527],[-124.066453,43.875529],[-124.066484,43.875528],[-124.066511,43.875525],[-124.066555,43.875518],[-124.066599,43.87551],[-124.066619,43.875506],[-124.066706,43.875493],[-124.066765,43.875487],[-124.066849,43.875482],[-124.066891,43.875481],[-124.066957,43.875481],[-124.067027,43.875482],[-124.067078,43.875484],[-124.067135,43.875488],[-124.067187,43.875493],[-124.067228,43.875498],[-124.067239,43.8755],[-124.067294,43.87551],[-124.06783,43.875633],[-124.067902,43.875653],[-124.067953,43.875673],[-124.068023,43.875709],[-124.068073,43.875747],[-124.068105,43.875777],[-124.06813,43.875808],[-124.068149,43.875837],[-124.068162,43.875863],[-124.068174,43.875895],[-124.06827,43.876193],[-124.068277,43.876212],[-124.068287,43.876237],[-124.068302,43.876264],[-124.068326,43.8763]]],[[[-124.071325,43.876104],[-124.071279,43.876131],[-124.071233,43.876159],[-124.071188,43.876188],[-124.071144,43.876217],[-124.071101,43.876247],[-124.071058,43.876278],[-124.071016,43.876309],[-124.070975,43.87634],[-124.070934,43.876372],[-124.070895,43.876405],[-124.070856,43.876438],[-124.070818,43.876471],[-124.070781,43.876505],[-124.070744,43.876539],[-124.070709,43.876574],[-124.070674,43.876609],[-124.07064,43.876645],[-124.070607,43.876681],[-124.070575,43.876718],[-124.070543,43.876755],[-124.070513,43.876792],[-124.070484,43.87683],[-124.070455,43.876868],[-124.070428,43.876906],[-124.070401,43.876945],[-124.070375,43.876984],[-124.070353,43.87702],[-124.070302,43.877109],[-124.070254,43.877198],[-124.070208,43.877288],[-124.070164,43.877378],[-124.070156,43.877396],[-124.070032,43.877655],[-124.070024,43.877673],[-124.069978,43.877768],[-124.06993,43.877862],[-124.069879,43.877956],[-124.069826,43.878049],[-124.069817,43.878065],[-124.069789,43.878109],[-124.06976,43.878152],[-124.069731,43.878195],[-124.0697,43.878238],[-124.069668,43.87828],[-124.069636,43.878322],[-124.069602,43.878364],[-124.069567,43.878405],[-124.069531,43.878445],[-124.069495,43.878485],[-124.069457,43.878525],[-124.069418,43.878564],[-124.069379,43.878603],[-124.069358,43.878623],[-124.069358,43.878623],[-124.069625,43.878627],[-124.069736,43.878443],[-124.069917,43.878108],[-124.07027,43.877671],[-124.070421,43.877379],[-124.070514,43.877088],[-124.070544,43.876876],[-124.070631,43.876728],[-124.070899,43.876492],[-124.071138,43.87627],[-124.071353,43.8761],[-124.071354,43.876087],[-124.071325,43.876104]]]]}},{"type":"Feature","properties":{"MAPTAXLOT":"1912360000401","MAPNUMBER":"19123600","TAXLOT":"401","ACCTNO":"1410495","MAPACRES":26.99978999},"geometry":{"type":"Polygon","coordinates":[[[-124.068067,43.878518],[-124.0681,43.878521],[-124.068133,43.878526],[-124.06815,43.87853],[-124.068172,43.878536],[-124.06819,43.878542],[-124.068201,43.878546],[-124.068224,43.878555],[-124.068244,43.878564],[-124.068254,43.878568],[-124.068267,43.878573],[-124.068284,43.87858],[-124.068291,43.878583],[-124.068303,43.878587],[-124.068313,43.87859],[-124.068319,43.878591],[-124.068335,43.878595],[-124.068342,43.878596],[-124.068346,43.878597],[-124.068363,43.878598],[-124.068367,43.878598],[-124.068371,43.878598],[-124.068379,43.878598],[-124.068387,43.878596],[-124.068388,43.878596],[-124.068392,43.878595],[-124.068399,43.878592],[-124.068405,43.878589],[-124.068408,43.878588],[-124.06842,43.87858],[-124.068427,43.878575],[-124.068432,43.878569],[-124.068441,43.87856],[-124.068448,43.878551],[-124.068454,43.878543],[-124.068785,43.878055],[-124.068798,43.878036],[-124.06881,43.878019],[-124.068829,43.877994],[-124.068844,43.877975],[-124.068859,43.877956],[-124.068878,43.877934],[-124.068895,43.877915],[-124.068909,43.877899],[-124.068932,43.877875],[-124.068944,43.877862],[-124.068959,43.877848],[-124.068971,43.877836],[-124.068992,43.877813],[-124.069009,43.877796],[-124.069027,43.877774],[-124.069038,43.877762],[-124.069051,43.877743],[-124.06906,43.87773],[-124.069072,43.87771],[-124.069077,43.877698],[-124.069085,43.877678],[-124.069088,43.877667],[-124.06909,43.877653],[-124.069091,43.877645],[-124.069091,43.877635],[-124.069074,43.877349],[-124.069073,43.877342],[-124.069071,43.877327],[-124.069069,43.877314],[-124.069065,43.877299],[-124.06906,43.877285],[-124.069054,43.877268],[-124.069047,43.877256],[-124.069038,43.87724],[-124.069028,43.877224],[-124.069018,43.877208],[-124.069007,43.877192],[-124.068819,43.87693],[-124.068809,43.876913],[-124.068801,43.876895],[-124.068793,43.876871],[-124.06879,43.87685],[-124.068788,43.876822],[-124.068786,43.876805],[-124.068784,43.876782],[-124.068783,43.876764],[-124.06878,43.876739],[-124.068778,43.876726],[-124.068776,43.87672],[-124.06877,43.8767],[-124.068769,43.876697],[-124.068756,43.876668],[-124.068738,43.876642],[-124.068732,43.876636],[-124.068708,43.876616],[-124.068697,43.87661],[-124.068674,43.876602],[-124.06865,43.876596],[-124.068634,43.876593],[-124.068598,43.876587],[-124.068569,43.876582],[-124.06851,43.876573],[-124.068443,43.87656],[-124.068396,43.876547],[-124.068337,43.876528],[-124.068284,43.876505],[-124.068247,43.876485],[-124.068202,43.876454],[-124.06816,43.876417],[-124.068128,43.876381],[-124.068094,43.876331],[-124.068072,43.87629],[-124.068058,43.876257],[-124.068049,43.876234],[-124.067953,43.875936],[-124.067944,43.875912],[-124.067938,43.8759],[-124.067928,43.875884],[-124.067916,43.875869],[-124.067893,43.875847],[-124.067874,43.875835],[-124.067832,43.875813],[-124.067806,43.875803],[-124.067754,43.875788],[-124.067232,43.875669],[-124.067183,43.87566],[-124.067181,43.875659],[-124.067153,43.875656],[-124.067111,43.875652],[-124.067061,43.875649],[-124.067016,43.875647],[-124.066953,43.875645],[-124.066896,43.875645],[-124.066864,43.875646],[-124.066791,43.875651],[-124.066744,43.875656],[-124.066669,43.875667],[-124.066655,43.875669],[-124.066608,43.875678],[-124.066554,43.875687],[-124.066507,43.875692],[-124.066451,43.875694],[-124.066388,43.875691],[-124.066369,43.875688],[-124.066317,43.875679],[-124.066258,43.875661],[-124.066224,43.875647],[-124.066183,43.875625],[-124.066143,43.875596],[-124.066113,43.875571],[-124.066081,43.875537],[-124.066053,43.875505],[-124.065844,43.875242],[-124.065835,43.87523],[-124.065822,43.875215],[-124.065812,43.875201],[-124.065803,43.875188],[-124.065792,43.875172],[-124.065779,43.875154],[-124.065767,43.875129],[-124.065757,43.875107],[-124.065751,43.875088],[-124.065745,43.875072],[-124.06574,43.875053],[-124.065734,43.875024],[-124.065731,43.875009],[-124.064687,43.874994],[-124.064686,43.874994],[-124.064638,43.878555],[-124.06464,43.878555],[-124.067809,43.8786],[-124.067811,43.878599],[-124.067827,43.878586],[-124.067842,43.878576],[-124.067864,43.878563],[-124.067891,43.87855],[-124.067913,43.878541],[-124.06794,43.878533],[-124.067958,43.878528],[-124.067982,43.878524],[-124.068008,43.87852],[-124.06803,43.878519],[-124.068067,43.878518]]]}},{"type":"Feature","properties":{"MAPTAXLOT":"1912360000500","MAPNUMBER":"19123600","TAXLOT":"500","ACCTNO":"1608486","MAPACRES":10.81274744},"geometry":{"type":"Polygon","coordinates":[[[-124.069688,43.873287],[-124.073172,43.873341],[-124.073172,43.873319],[-124.073167,43.873245],[-124.073162,43.873182],[-124.073156,43.873116],[-124.073153,43.873055],[-124.07315,43.873004],[-124.073141,43.872964],[-124.073126,43.872927],[-124.073092,43.872874],[-124.073083,43.872864],[-124.073063,43.872843],[-124.073044,43.872826],[-124.073009,43.872793],[-124.072965,43.872753],[-124.07291,43.872702],[-124.072858,43.872654],[-124.072802,43.872602],[-124.07275,43.872549],[-124.072688,43.872471],[-124.072666,43.872438],[-124.072645,43.872407],[-124.072612,43.872355],[-124.072585,43.872316],[-124.072549,43.872273],[-124.07251,43.872235],[-124.072466,43.872199],[-124.072412,43.872161],[-124.07236,43.872132],[-124.072287,43.872095],[-124.072222,43.872064],[-124.072182,43.872046],[-124.072115,43.872019],[-124.072029,43.871988],[-124.071938,43.87196],[-124.071838,43.871933],[-124.071771,43.871915],[-124.071717,43.871901],[-124.071652,43.871885],[-124.071603,43.87187],[-124.071526,43.871841],[-124.07146,43.87181],[-124.071397,43.871774],[-124.071351,43.871743],[-124.071295,43.871697],[-124.071255,43.871655],[-124.071211,43.871599],[-124.071184,43.871554],[-124.071175,43.871534],[-124.071106,43.871533],[-124.069764,43.871512],[-124.069764,43.871511],[-124.069688,43.873287]]]}},{"type":"Feature","properties":{"MAPTAXLOT":"1912360000501","MAPNUMBER":"19123600","TAXLOT":"501","ACCTNO":"0873990","MAPACRES":3.87789237},"geometry":{"type":"Polygon","coordinates":[[[-124.069672,43.873658],[-124.069678,43.873662],[-124.069699,43.873676],[-124.069716,43.873688],[-124.069735,43.873702],[-124.069749,43.873713],[-124.069759,43.873721],[-124.069786,43.873743],[-124.069803,43.873756],[-124.069842,43.873785],[-124.069859,43.873797],[-124.069895,43.873818],[-124.069921,43.873831],[-124.069932,43.873837],[-124.069949,43.873843],[-124.069965,43.873849],[-124.069984,43.873854],[-124.069997,43.873858],[-124.070014,43.873861],[-124.070035,43.873864],[-124.070047,43.873865],[-124.070064,43.873865],[-124.070084,43.873865],[-124.070099,43.873864],[-124.070115,43.873861],[-124.070129,43.873858],[-124.070142,43.873855],[-124.070157,43.873849],[-124.07018,43.873839],[-124.070194,43.873832],[-124.070209,43.873823],[-124.070231,43.873808],[-124.070242,43.8738],[-124.070268,43.873778],[-124.070281,43.873766],[-124.070302,43.873746],[-124.070319,43.87373],[-124.070326,43.873723],[-124.070342,43.873707],[-124.07035,43.873698],[-124.070364,43.873685],[-124.070385,43.873666],[-124.070402,43.873652],[-124.070414,43.873641],[-124.070437,43.873623],[-124.070456,43.87361],[-124.070483,43.873594],[-124.070514,43.873576],[-124.070542,43.873564],[-124.070561,43.873556],[-124.070593,43.873546],[-124.070626,43.873538],[-124.070652,43.873535],[-124.070723,43.873535],[-124.070757,43.873542],[-124.07079,43.873551],[-124.070832,43.873568],[-124.070856,43.87358],[-124.07088,43.873594],[-124.070905,43.873612],[-124.070926,43.873629],[-124.070948,43.873648],[-124.070967,43.873668],[-124.070985,43.873687],[-124.071141,43.873879],[-124.071142,43.87388],[-124.071149,43.873888],[-124.071163,43.873901],[-124.071179,43.873914],[-124.071192,43.873923],[-124.071205,43.87393],[-124.071219,43.873937],[-124.071238,43.873943],[-124.071259,43.873947],[-124.071312,43.873951],[-124.071347,43.87395],[-124.071414,43.873945],[-124.071461,43.87394],[-124.071513,43.873935],[-124.071549,43.873932],[-124.07161,43.873929],[-124.071653,43.873929],[-124.071706,43.87393],[-124.071766,43.873934],[-124.071801,43.873937],[-124.071844,43.873941],[-124.071894,43.873947],[-124.071937,43.873953],[-124.071993,43.87396],[-124.072029,43.873964],[-124.072073,43.873969],[-124.072122,43.873974],[-124.07214,43.873975],[-124.072177,43.873977],[-124.072221,43.873978],[-124.072257,43.873977],[-124.072316,43.873974],[-124.072386,43.873968],[-124.072442,43.87396],[-124.072527,43.873943],[-124.072578,43.873931],[-124.072632,43.873915],[-124.072672,43.873902],[-124.072736,43.873878],[-124.072796,43.873852],[-124.072836,43.873833],[-124.072878,43.873811],[-124.072942,43.873771],[-124.073006,43.873721],[-124.073049,43.873675],[-124.073095,43.87361],[-124.073122,43.87356],[-124.073143,43.873511],[-124.073158,43.873462],[-124.073165,43.873431],[-124.073172,43.873382],[-124.073172,43.873341],[-124.069688,43.873287],[-124.069672,43.873658]]]}},{"type":"Feature","properties":{"MAPTAXLOT":"1912360000502","MAPNUMBER":"19123600","TAXLOT":"502","ACCTNO":"1307279","MAPACRES":14.2539383},"geometry":{"type":"Polygon","coordinates":[[[-124.073399,43.873345],[-124.075958,43.873384],[-124.07606,43.873271],[-124.07617,43.873145],[-124.076255,43.873043],[-124.07597,43.872888],[-124.075711,43.872696],[-124.075451,43.872471],[-124.075425,43.872436],[-124.075362,43.87235],[-124.075137,43.872232],[-124.075019,43.872003],[-124.075068,43.871823],[-124.075302,43.871593],[-124.075352,43.871538],[-124.075418,43.871511],[-124.075515,43.87147],[-124.075734,43.871378],[-124.075966,43.871119],[-124.076207,43.870715],[-124.076361,43.870357],[-124.076455,43.870239],[-124.075963,43.870226],[-124.075963,43.870226],[-124.075945,43.870493],[-124.075783,43.870953],[-124.075583,43.871142],[-124.07435,43.871568],[-124.072784,43.871164],[-124.071743,43.871008],[-124.071406,43.871393],[-124.071424,43.871538],[-124.071447,43.871567],[-124.071473,43.871594],[-124.071515,43.871628],[-124.071546,43.871649],[-124.071593,43.871676],[-124.071641,43.871699],[-124.0717,43.871721],[-124.071732,43.871731],[-124.071792,43.871745],[-124.071849,43.87176],[-124.071917,43.871778],[-124.072023,43.871807],[-124.072125,43.871839],[-124.072222,43.871874],[-124.072297,43.871904],[-124.072345,43.871925],[-124.072415,43.871959],[-124.072496,43.872],[-124.072562,43.872037],[-124.072631,43.872085],[-124.072687,43.872131],[-124.072738,43.872181],[-124.072784,43.872237],[-124.072817,43.872284],[-124.07285,43.872336],[-124.072871,43.872367],[-124.07289,43.872395],[-124.072942,43.87246],[-124.072985,43.872504],[-124.073037,43.872552],[-124.073089,43.872601],[-124.073145,43.872652],[-124.073188,43.872692],[-124.073224,43.872725],[-124.073246,43.872745],[-124.073274,43.872773],[-124.073294,43.872797],[-124.073339,43.87287],[-124.073363,43.872928],[-124.073376,43.872987],[-124.07338,43.873048],[-124.073383,43.873107],[-124.073389,43.873172],[-124.073394,43.873236],[-124.073399,43.873311],[-124.073399,43.873345]]]}},{"type":"Feature","properties":{"MAPTAXLOT":"1912360000503","MAPNUMBER":"19123600","TAXLOT":"503","ACCTNO":"1522950","MAPACRES":14.31013117},"geometry":{"type":"MultiPolygon","coordinates":[[[[-124.069612,43.875064],[-124.070315,43.875074],[-124.072899,43.875111],[-124.073812,43.874744],[-124.073768,43.874684],[-124.073946,43.874611],[-124.074124,43.874537],[-124.074299,43.87446],[-124.074437,43.874398],[-124.074511,43.874361],[-124.074584,43.874324],[-124.074657,43.874285],[-124.074728,43.874246],[-124.074799,43.874206],[-124.074868,43.874165],[-124.074937,43.874123],[-124.075004,43.874081],[-124.075071,43.874037],[-124.075136,43.873993],[-124.0752,43.873947],[-124.075264,43.873901],[-124.075326,43.873855],[-124.075387,43.873807],[-124.075447,43.873759],[-124.075505,43.87371],[-124.075563,43.87366],[-124.075619,43.873609],[-124.075674,43.873558],[-124.075728,43.873506],[-124.075756,43.873477],[-124.075831,43.87352],[-124.075947,43.873396],[-124.075958,43.873384],[-124.073399,43.873345],[-124.0734,43.873391],[-124.073391,43.873453],[-124.073381,43.873494],[-124.073363,43.873553],[-124.073337,43.873614],[-124.073303,43.873678],[-124.073245,43.873759],[-124.073185,43.873823],[-124.073101,43.87389],[-124.073019,43.87394],[-124.072966,43.873969],[-124.072916,43.873992],[-124.072846,43.874022],[-124.072772,43.87405],[-124.072723,43.874066],[-124.072657,43.874085],[-124.072594,43.874101],[-124.072493,43.87412],[-124.072422,43.87413],[-124.072338,43.874138],[-124.072267,43.874142],[-124.072221,43.874142],[-124.072167,43.874141],[-124.072122,43.874139],[-124.072096,43.874137],[-124.072041,43.874132],[-124.071992,43.874127],[-124.071954,43.874122],[-124.071897,43.874115],[-124.071856,43.874109],[-124.07181,43.874104],[-124.071773,43.8741],[-124.071744,43.874098],[-124.071693,43.874095],[-124.071649,43.874094],[-124.071618,43.874094],[-124.071569,43.874096],[-124.071541,43.874098],[-124.071493,43.874103],[-124.071442,43.874108],[-124.071363,43.874114],[-124.071305,43.874116],[-124.071217,43.87411],[-124.07116,43.874098],[-124.07111,43.874082],[-124.071074,43.874065],[-124.071044,43.874048],[-124.071016,43.874029],[-124.070988,43.874007],[-124.070963,43.873984],[-124.070946,43.873965],[-124.070943,43.873961],[-124.070791,43.873774],[-124.070778,43.873759],[-124.070767,43.873747],[-124.070754,43.873737],[-124.070741,43.873726],[-124.070729,43.873717],[-124.070719,43.873712],[-124.07071,43.873707],[-124.070694,43.8737],[-124.07069,43.8737],[-124.070676,43.873699],[-124.070672,43.8737],[-124.070662,43.873704],[-124.070658,43.873705],[-124.070644,43.873712],[-124.070627,43.873721],[-124.07061,43.873732],[-124.070596,43.873741],[-124.070584,43.87375],[-124.070577,43.873757],[-124.070561,43.87377],[-124.070543,43.873787],[-124.070533,43.873796],[-124.070527,43.873802],[-124.070511,43.873819],[-124.070502,43.873827],[-124.070484,43.873845],[-124.070461,43.873867],[-124.070443,43.873883],[-124.070409,43.873912],[-124.070389,43.873926],[-124.07036,43.873946],[-124.070333,43.873962],[-124.070305,43.873977],[-124.070267,43.873994],[-124.070234,43.874005],[-124.070203,43.874014],[-124.070171,43.874021],[-124.070134,43.874026],[-124.070101,43.874029],[-124.070063,43.87403],[-124.07003,43.874029],[-124.070002,43.874027],[-124.069964,43.874022],[-124.069931,43.874015],[-124.069902,43.874008],[-124.069872,43.873999],[-124.069844,43.873989],[-124.069816,43.873978],[-124.069795,43.873968],[-124.069758,43.87395],[-124.069709,43.87392],[-124.069682,43.873903],[-124.069662,43.873888],[-124.069657,43.87401],[-124.069612,43.875064]]],[[[-124.076109,43.873709],[-124.07605,43.873766],[-124.07599,43.873822],[-124.075928,43.873878],[-124.075865,43.873932],[-124.075801,43.873986],[-124.075736,43.874039],[-124.075669,43.874091],[-124.075601,43.874142],[-124.075531,43.874193],[-124.075461,43.874242],[-124.075389,43.874291],[-124.075316,43.874338],[-124.075242,43.874385],[-124.075167,43.874431],[-124.075091,43.874476],[-124.075014,43.87452],[-124.074936,43.874563],[-124.074856,43.874605],[-124.074776,43.874645],[-124.074695,43.874685],[-124.074549,43.874751],[-124.074366,43.874831],[-124.074182,43.874909],[-124.073996,43.874984],[-124.073653,43.875122],[-124.074216,43.87495],[-124.074853,43.874748],[-124.075239,43.874508],[-124.075615,43.874333],[-124.076141,43.873678],[-124.076109,43.873709]]]]}},{"type":"Feature","properties":{"MAPTAXLOT":"1912360000600","MAPNUMBER":"19123600","TAXLOT":"600","ACCTNO":"0874006","MAPACRES":7.39170141},"geometry":{"type":"Polygon","coordinates":[[[-124.065961,43.875012],[-124.069612,43.875064],[-124.069657,43.87401],[-124.069662,43.873888],[-124.069638,43.873869],[-124.069617,43.873853],[-124.069592,43.873833],[-124.069584,43.873826],[-124.06957,43.873816],[-124.069554,43.873804],[-124.069541,43.873794],[-124.069527,43.873785],[-124.069515,43.873778],[-124.069502,43.87377],[-124.069485,43.873761],[-124.069472,43.873754],[-124.06946,43.873749],[-124.069439,43.87374],[-124.069431,43.873737],[-124.06942,43.873734],[-124.069414,43.873732],[-124.069406,43.87373],[-124.069396,43.873728],[-124.069386,43.873726],[-124.069378,43.873726],[-124.069375,43.873725],[-124.069364,43.873725],[-124.06936,43.873725],[-124.069349,43.873726],[-124.069341,43.873727],[-124.069334,43.873728],[-124.069325,43.873729],[-124.069316,43.87373],[-124.069311,43.873731],[-124.069299,43.873734],[-124.069285,43.873737],[-124.06927,43.873741],[-124.069254,43.873746],[-124.069243,43.873749],[-124.069227,43.873754],[-124.069213,43.873758],[-124.069201,43.873762],[-124.069189,43.873766],[-124.069174,43.873771],[-124.069157,43.873776],[-124.069149,43.873779],[-124.069131,43.873784],[-124.069114,43.873789],[-124.069096,43.873794],[-124.069083,43.873797],[-124.069063,43.873802],[-124.069042,43.873806],[-124.069021,43.873809],[-124.069005,43.873811],[-124.068992,43.873812],[-124.068967,43.873813],[-124.068945,43.873812],[-124.06892,43.87381],[-124.068891,43.873805],[-124.068865,43.873798],[-124.068849,43.873793],[-124.068839,43.873789],[-124.068821,43.873782],[-124.068812,43.873778],[-124.068796,43.87377],[-124.068777,43.873759],[-124.068755,43.873744],[-124.068736,43.87373],[-124.068722,43.873718],[-124.068713,43.87371],[-124.068705,43.873702],[-124.068696,43.873693],[-124.068686,43.873683],[-124.068675,43.873671],[-124.068664,43.873658],[-124.068655,43.873646],[-124.068647,43.873636],[-124.068638,43.873623],[-124.068633,43.873613],[-124.068623,43.873599],[-124.068612,43.873583],[-124.068606,43.873573],[-124.068602,43.873564],[-124.068595,43.873553],[-124.06859,43.873545],[-124.068587,43.87354],[-124.06858,43.873528],[-124.068577,43.873523],[-124.06857,43.873513],[-124.068567,43.873507],[-124.068559,43.873497],[-124.068552,43.873486],[-124.068548,43.873482],[-124.068543,43.873476],[-124.068537,43.873468],[-124.068528,43.873459],[-124.068525,43.873456],[-124.068523,43.873454],[-124.068518,43.873449],[-124.068508,43.873442],[-124.068507,43.87344],[-124.068502,43.873437],[-124.068499,43.873435],[-124.068496,43.873433],[-124.068492,43.87343],[-124.068483,43.873426],[-124.068482,43.873425],[-124.068478,43.873424],[-124.068471,43.873421],[-124.068469,43.873421],[-124.068454,43.873417],[-124.068453,43.873416],[-124.068442,43.873414],[-124.068439,43.873414],[-124.068425,43.873412],[-124.06842,43.873412],[-124.068413,43.873412],[-124.068408,43.873412],[-124.068404,43.873412],[-124.068398,43.873413],[-124.068391,43.873413],[-124.068388,43.873414],[-124.068386,43.873414],[-124.068381,43.873415],[-124.068376,43.873417],[-124.068373,43.873417],[-124.068369,43.873419],[-124.068366,43.87342],[-124.068365,43.873421],[-124.068362,43.873422],[-124.068359,43.873424],[-124.068353,43.873429],[-124.068349,43.873433],[-124.068346,43.873436],[-124.068342,43.873439],[-124.068336,43.873447],[-124.068333,43.873452],[-124.06833,43.873456],[-124.068326,43.873464],[-124.068323,43.873469],[-124.068321,43.873474],[-124.068317,43.873484],[-124.068314,43.873491],[-124.068312,43.873498],[-124.06831,43.873507],[-124.06823,43.873808],[-124.068224,43.873826],[-124.068219,43.873839],[-124.068213,43.873855],[-124.068203,43.873871],[-124.068194,43.873887],[-124.068183,43.8739],[-124.068175,43.873912],[-124.068161,43.873926],[-124.06815,43.873937],[-124.068138,43.873947],[-124.068125,43.873957],[-124.068115,43.873965],[-124.068104,43.873972],[-124.068089,43.87398],[-124.068073,43.873988],[-124.068056,43.873995],[-124.06804,43.874001],[-124.068024,43.874006],[-124.068003,43.87401],[-124.067981,43.874013],[-124.067955,43.874015],[-124.067938,43.874016],[-124.067924,43.874016],[-124.067909,43.874015],[-124.067892,43.874013],[-124.067875,43.874011],[-124.067861,43.874009],[-124.067842,43.874006],[-124.06782,43.874001],[-124.067803,43.873997],[-124.067784,43.873992],[-124.067763,43.873986],[-124.067742,43.87398],[-124.067729,43.873976],[-124.067719,43.873973],[-124.067707,43.87397],[-124.067693,43.873966],[-124.067685,43.873964],[-124.067674,43.873962],[-124.067665,43.87396],[-124.067659,43.87396],[-124.067655,43.873959],[-124.067653,43.873959],[-124.067647,43.873959],[-124.067644,43.873959],[-124.067638,43.87396],[-124.067636,43.87396],[-124.067626,43.873962],[-124.06762,43.873963],[-124.067613,43.873965],[-124.067607,43.873968],[-124.0676,43.873971],[-124.067593,43.873974],[-124.067592,43.873975],[-124.067588,43.873977],[-124.067586,43.87398],[-124.067582,43.873983],[-124.06758,43.873989],[-124.067579,43.873992],[-124.067578,43.873994],[-124.067578,43.873998],[-124.067577,43.874007],[-124.067577,43.874014],[-124.067578,43.874025],[-124.067578,43.874029],[-124.06758,43.874038],[-124.06758,43.874053],[-124.067582,43.874063],[-124.067584,43.874079],[-124.067587,43.874096],[-124.067589,43.874112],[-124.067592,43.874129],[-124.067593,43.874143],[-124.067596,43.874155],[-124.067598,43.874171],[-124.0676,43.874186],[-124.0676,43.874194],[-124.067602,43.874203],[-124.067604,43.87422],[-124.067605,43.874235],[-124.067607,43.87425],[-124.067608,43.874267],[-124.067609,43.874287],[-124.06761,43.874304],[-124.067609,43.874319],[-124.067608,43.874333],[-124.067606,43.874349],[-124.067603,43.874369],[-124.0676,43.874382],[-124.067597,43.874391],[-124.067593,43.874403],[-124.067587,43.874416],[-124.06758,43.874431],[-124.067573,43.874445],[-124.067561,43.874462],[-124.06755,43.874476],[-124.067537,43.874491],[-124.067524,43.874505],[-124.067506,43.874521],[-124.067487,43.874536],[-124.067469,43.874548],[-124.067448,43.87456],[-124.067428,43.874571],[-124.067411,43.874579],[-124.067385,43.874589],[-124.06736,43.874597],[-124.06734,43.874603],[-124.067309,43.874609],[-124.067285,43.874612],[-124.067261,43.874614],[-124.067235,43.874615],[-124.067213,43.874615],[-124.067183,43.874614],[-124.067162,43.874613],[-124.067144,43.874611],[-124.067127,43.87461],[-124.067104,43.874607],[-124.067088,43.874605],[-124.067071,43.874603],[-124.067042,43.874599],[-124.067022,43.874596],[-124.067001,43.874593],[-124.066986,43.87459],[-124.066967,43.874588],[-124.066952,43.874585],[-124.066937,43.874583],[-124.066916,43.874579],[-124.066898,43.874576],[-124.066876,43.874573],[-124.06686,43.87457],[-124.066838,43.874567],[-124.066819,43.874564],[-124.066802,43.874562],[-124.066771,43.874557],[-124.066748,43.874554],[-124.06673,43.874551],[-124.066711,43.874549],[-124.066694,43.874547],[-124.066667,43.874544],[-124.066653,43.874543],[-124.066634,43.874541],[-124.066616,43.87454],[-124.066595,43.874538],[-124.06658,43.874537],[-124.066564,43.874536],[-124.066545,43.874535],[-124.066525,43.874534],[-124.066513,43.874534],[-124.066496,43.874534],[-124.066484,43.874533],[-124.06646,43.874533],[-124.066446,43.874534],[-124.066429,43.874534],[-124.066407,43.874534],[-124.066383,43.874535],[-124.066353,43.874537],[-124.066323,43.874539],[-124.066308,43.87454],[-124.066278,43.874542],[-124.066255,43.874544],[-124.066212,43.874549],[-124.066193,43.874551],[-124.06616,43.874556],[-124.066127,43.874561],[-124.066104,43.874566],[-124.06609,43.874569],[-124.066078,43.874572],[-124.066071,43.874575],[-124.066062,43.874578],[-124.066051,43.874582],[-124.066042,43.874586],[-124.06603,43.874591],[-124.066017,43.874599],[-124.066008,43.874606],[-124.065997,43.874615],[-124.065989,43.874623],[-124.065979,43.874633],[-124.06597,43.874646],[-124.065964,43.874656],[-124.065957,43.874668],[-124.065954,43.874678],[-124.065949,43.874689],[-124.065947,43.874695],[-124.065946,43.874698],[-124.065944,43.874708],[-124.065941,43.874724],[-124.065939,43.874741],[-124.065937,43.874759],[-124.065937,43.874776],[-124.065937,43.87479],[-124.065937,43.874811],[-124.065938,43.874831],[-124.06594,43.874853],[-124.06594,43.874861],[-124.065942,43.874879],[-124.065944,43.874901],[-124.065947,43.874924],[-124.065951,43.874948],[-124.065956,43.874983],[-124.065959,43.875003],[-124.065961,43.875012]]]}},{"type":"Feature","properties":{"MAPTAXLOT":"1912360000601","MAPNUMBER":"19123600","TAXLOT":"601","ACCTNO":"1409794","MAPACRES":29.46792827},"geometry":{"type":"Polygon","coordinates":[[[-124.064686,43.874994],[-124.064687,43.874994],[-124.065731,43.875009],[-124.06573,43.875001],[-124.065724,43.874965],[-124.065721,43.87494],[-124.065718,43.874915],[-124.065715,43.874892],[-124.065713,43.874871],[-124.065712,43.87486],[-124.065711,43.874838],[-124.06571,43.874816],[-124.065709,43.874791],[-124.065709,43.874772],[-124.06571,43.874752],[-124.065712,43.874729],[-124.065715,43.874705],[-124.065719,43.874682],[-124.065723,43.874668],[-124.065725,43.87466],[-124.06573,43.874646],[-124.065735,43.874632],[-124.065741,43.874616],[-124.065753,43.874594],[-124.065765,43.874575],[-124.065783,43.87455],[-124.065801,43.87453],[-124.065818,43.874513],[-124.065841,43.874494],[-124.065864,43.874477],[-124.065894,43.87446],[-124.065919,43.874447],[-124.065941,43.874437],[-124.065962,43.87443],[-124.065981,43.874423],[-124.065996,43.874419],[-124.066014,43.874414],[-124.066037,43.874409],[-124.06607,43.874402],[-124.066115,43.874394],[-124.066154,43.874389],[-124.066176,43.874386],[-124.066224,43.874381],[-124.066251,43.874379],[-124.066285,43.874376],[-124.066303,43.874375],[-124.066335,43.874373],[-124.066369,43.874371],[-124.066397,43.87437],[-124.066422,43.874369],[-124.066441,43.874369],[-124.066459,43.874369],[-124.066488,43.874369],[-124.066503,43.874369],[-124.066519,43.87437],[-124.066534,43.87437],[-124.066559,43.874371],[-124.06658,43.874372],[-124.066599,43.874373],[-124.066619,43.874374],[-124.066641,43.874376],[-124.066662,43.874378],[-124.066684,43.87438],[-124.066699,43.874381],[-124.06673,43.874385],[-124.066749,43.874387],[-124.066769,43.874389],[-124.06679,43.874392],[-124.066815,43.874396],[-124.066847,43.8744],[-124.066867,43.874403],[-124.066886,43.874406],[-124.066907,43.874409],[-124.066924,43.874412],[-124.066949,43.874416],[-124.066965,43.874419],[-124.066985,43.874422],[-124.067002,43.874425],[-124.067014,43.874427],[-124.067032,43.874429],[-124.067048,43.874432],[-124.067068,43.874435],[-124.067086,43.874437],[-124.067113,43.874441],[-124.067127,43.874443],[-124.067141,43.874445],[-124.06716,43.874447],[-124.067172,43.874448],[-124.067186,43.874449],[-124.067198,43.87445],[-124.067217,43.874451],[-124.067227,43.87445],[-124.067241,43.87445],[-124.067251,43.874449],[-124.067259,43.874448],[-124.067271,43.874446],[-124.067275,43.874444],[-124.067284,43.874442],[-124.067294,43.874438],[-124.067299,43.874435],[-124.067309,43.87443],[-124.067318,43.874425],[-124.067324,43.87442],[-124.067334,43.874413],[-124.067341,43.874406],[-124.067346,43.874401],[-124.067356,43.87439],[-124.067361,43.874384],[-124.067363,43.87438],[-124.067366,43.874375],[-124.067372,43.874362],[-124.067373,43.87436],[-124.067374,43.874357],[-124.067377,43.874349],[-124.067378,43.874344],[-124.06738,43.874333],[-124.067381,43.874322],[-124.067382,43.874311],[-124.067382,43.874302],[-124.067382,43.874291],[-124.067381,43.874274],[-124.06738,43.874261],[-124.067379,43.87425],[-124.067377,43.874235],[-124.067375,43.874219],[-124.067373,43.874208],[-124.067373,43.874196],[-124.067371,43.874186],[-124.06737,43.874176],[-124.067367,43.874161],[-124.067365,43.874146],[-124.067362,43.87413],[-124.06736,43.874114],[-124.067357,43.874095],[-124.067355,43.874078],[-124.067353,43.874066],[-124.067353,43.87405],[-124.067351,43.874041],[-124.067351,43.874032],[-124.06735,43.874021],[-124.067349,43.874004],[-124.067351,43.87399],[-124.067351,43.873976],[-124.067355,43.873961],[-124.067359,43.873947],[-124.067367,43.87393],[-124.067372,43.873918],[-124.067385,43.8739],[-124.067397,43.873887],[-124.067411,43.873874],[-124.067424,43.873863],[-124.067441,43.873852],[-124.067456,43.873843],[-124.067478,43.873832],[-124.067496,43.873824],[-124.067517,43.873816],[-124.06754,43.873809],[-124.06756,43.873804],[-124.067587,43.873799],[-124.067604,43.873797],[-124.067623,43.873795],[-124.067641,43.873794],[-124.067662,43.873795],[-124.067674,43.873795],[-124.067688,43.873796],[-124.067707,43.873798],[-124.067731,43.873802],[-124.067753,43.873807],[-124.067768,43.873811],[-124.067787,43.873816],[-124.067802,43.87382],[-124.067815,43.873824],[-124.06783,43.873828],[-124.067848,43.873834],[-124.067864,43.873838],[-124.067876,43.873841],[-124.067886,43.873844],[-124.067902,43.873847],[-124.06791,43.873848],[-124.067917,43.873849],[-124.067925,43.87385],[-124.067931,43.873851],[-124.067936,43.873851],[-124.067936,43.873851],[-124.067939,43.873851],[-124.067946,43.873851],[-124.067947,43.87385],[-124.067948,43.87385],[-124.067949,43.87385],[-124.067949,43.87385],[-124.067951,43.873849],[-124.067955,43.873847],[-124.067957,43.873846],[-124.067958,43.873845],[-124.067962,43.873843],[-124.067967,43.873839],[-124.067969,43.873836],[-124.067977,43.873829],[-124.06798,43.873826],[-124.067984,43.873821],[-124.067989,43.873814],[-124.067994,43.873806],[-124.067998,43.873799],[-124.068002,43.873791],[-124.068004,43.873784],[-124.068007,43.873775],[-124.068087,43.873474],[-124.068089,43.873466],[-124.068092,43.873455],[-124.068098,43.873439],[-124.068104,43.873425],[-124.068108,43.873415],[-124.068113,43.873405],[-124.068122,43.87339],[-124.06813,43.873376],[-124.068138,43.873367],[-124.068148,43.873354],[-124.068159,43.873342],[-124.06817,43.873331],[-124.06818,43.873322],[-124.068193,43.873312],[-124.068204,43.873304],[-124.068219,43.873294],[-124.068232,43.873287],[-124.068242,43.873282],[-124.068261,43.873274],[-124.068281,43.873267],[-124.068292,43.873264],[-124.068303,43.873261],[-124.068311,43.873259],[-124.068328,43.873255],[-124.068341,43.873253],[-124.068351,43.873251],[-124.068367,43.873249],[-124.068388,43.873248],[-124.068402,43.873247],[-124.068413,43.873247],[-124.068431,43.873248],[-124.068449,43.873249],[-124.068476,43.873251],[-124.068494,43.873254],[-124.068517,43.873258],[-124.068532,43.873262],[-124.06856,43.87327],[-124.068573,43.873274],[-124.068585,43.873279],[-124.068601,43.873285],[-124.068614,43.873291],[-124.068629,43.873299],[-124.068637,43.873304],[-124.068649,43.87331],[-124.068662,43.87332],[-124.068681,43.873334],[-124.068685,43.873338],[-124.068691,43.873343],[-124.068701,43.873352],[-124.068706,43.873357],[-124.068713,43.873363],[-124.068731,43.873381],[-124.068739,43.873393],[-124.068744,43.873398],[-124.068753,43.87341],[-124.06876,43.87342],[-124.068771,43.873434],[-124.068778,43.873446],[-124.068786,43.873459],[-124.068789,43.873465],[-124.068793,43.873469],[-124.0688,43.87348],[-124.068804,43.873488],[-124.068812,43.873499],[-124.068817,43.873511],[-124.06882,43.873514],[-124.068829,43.873529],[-124.06884,43.873545],[-124.068844,43.873553],[-124.068847,43.873557],[-124.068854,43.873566],[-124.068862,43.873576],[-124.068867,43.873583],[-124.068874,43.87359],[-124.06888,43.873596],[-124.068887,43.873603],[-124.068895,43.873611],[-124.068899,43.873614],[-124.068903,43.873618],[-124.068915,43.873627],[-124.068927,43.873635],[-124.068931,43.873637],[-124.068935,43.873639],[-124.06894,43.873641],[-124.068947,43.873644],[-124.068948,43.873645],[-124.068952,43.873646],[-124.068955,43.873647],[-124.068957,43.873647],[-124.068962,43.873648],[-124.068965,43.873648],[-124.068974,43.873647],[-124.068976,43.873647],[-124.068982,43.873647],[-124.068991,43.873645],[-124.068999,43.873644],[-124.069013,43.873641],[-124.06902,43.873639],[-124.069032,43.873636],[-124.069047,43.873631],[-124.069056,43.873629],[-124.069062,43.873627],[-124.069082,43.87362],[-124.069097,43.873615],[-124.069107,43.873612],[-124.069121,43.873607],[-124.069138,43.873602],[-124.069154,43.873597],[-124.069168,43.873593],[-124.069191,43.873587],[-124.069212,43.873581],[-124.06923,43.873577],[-124.069247,43.873573],[-124.069262,43.87357],[-124.069278,43.873568],[-124.06929,43.873566],[-124.069304,43.873564],[-124.069325,43.873562],[-124.069351,43.873561],[-124.069365,43.873561],[-124.069389,43.873561],[-124.069405,43.873562],[-124.069426,43.873564],[-124.069451,43.873568],[-124.069472,43.873572],[-124.069494,43.873578],[-124.069511,43.873583],[-124.069529,43.873589],[-124.069547,43.873595],[-124.069576,43.873607],[-124.069597,43.873616],[-124.069617,43.873627],[-124.069643,43.873641],[-124.069662,43.873652],[-124.069672,43.873658],[-124.069688,43.873287],[-124.069764,43.871511],[-124.064734,43.871432],[-124.064686,43.874994]]]}},{"type":"Feature","properties":{"MAPTAXLOT":"1912360000700","MAPNUMBER":"19123600","TAXLOT":"700","ACCTNO":"0874014","MAPACRES":2.49973539},"geometry":{"type":"Polygon","coordinates":[[[-124.08205,43.885948],[-124.082225,43.885956],[-124.082577,43.885476],[-124.083025,43.885044],[-124.083399,43.885018],[-124.083465,43.884843],[-124.083255,43.884494],[-124.0832,43.88408],[-124.082807,43.884022],[-124.082118,43.885517],[-124.08205,43.885948]]]}},{"type":"Feature","properties":{"MAPTAXLOT":"1912360000800","MAPNUMBER":"19123600","TAXLOT":"800","ACCTNO":"0874022","MAPACRES":10.07621084},"geometry":{"type":"Polygon","coordinates":[[[-124.083071,43.882131],[-124.083281,43.882596],[-124.083654,43.882279],[-124.083642,43.881337],[-124.084212,43.881043],[-124.084045,43.879799],[-124.083389,43.879622],[-124.08271,43.87914],[-124.081669,43.878829],[-124.081379,43.879102],[-124.081722,43.879314],[-124.081249,43.879873],[-124.082693,43.88059],[-124.083112,43.881443],[-124.083071,43.882131]]]}},{"type":"Feature","properties":{"MAPTAXLOT":"2011060000077","MAPNUMBER":"20110600","TAXLOT":"77","ACCTNO":"000None","MAPACRES":14.93218744},"geometry":{"type":"Polygon","coordinates":[[[-124.048241,43.871476],[-124.048481,43.871474],[-124.048486,43.871464],[-124.04849,43.871455],[-124.048498,43.871443],[-124.048505,43.87143],[-124.048511,43.871419],[-124.048519,43.871407],[-124.048527,43.871395],[-124.048533,43.871385],[-124.048541,43.871374],[-124.048548,43.871363],[-124.048556,43.871354],[-124.048566,43.871342],[-124.048575,43.871331],[-124.048585,43.871319],[-124.048593,43.871309],[-124.048602,43.8713],[-124.048612,43.871289],[-124.048621,43.87128],[-124.048631,43.87127],[-124.048642,43.87126],[-124.048654,43.87125],[-124.048664,43.87124],[-124.048676,43.871231],[-124.048687,43.87122],[-124.048699,43.871211],[-124.048711,43.871201],[-124.048723,43.871192],[-124.048734,43.871183],[-124.048747,43.871173],[-124.048758,43.871164],[-124.048771,43.871156],[-124.048783,43.871147],[-124.048795,43.871139],[-124.04881,43.87113],[-124.048825,43.871119],[-124.048839,43.87111],[-124.048851,43.871102],[-124.048865,43.871093],[-124.048879,43.871084],[-124.048893,43.871075],[-124.048907,43.871066],[-124.048919,43.871058],[-124.048932,43.87105],[-124.048947,43.871042],[-124.048961,43.871034],[-124.048973,43.871026],[-124.048989,43.871018],[-124.049003,43.87101],[-124.049016,43.871004],[-124.049031,43.870996],[-124.049046,43.870989],[-124.049061,43.870981],[-124.049077,43.870974],[-124.049092,43.870966],[-124.049105,43.87096],[-124.049121,43.870953],[-124.049137,43.870946],[-124.049159,43.870936],[-124.049183,43.870923],[-124.049199,43.870911],[-124.049215,43.870901],[-124.049231,43.870889],[-124.049247,43.870877],[-124.04926,43.870866],[-124.049275,43.870854],[-124.049291,43.870839],[-124.049304,43.870826],[-124.049317,43.870812],[-124.049331,43.870795],[-124.049342,43.870778],[-124.049351,43.870762],[-124.04936,43.870746],[-124.049368,43.870729],[-124.049374,43.870711],[-124.049379,43.870693],[-124.049383,43.870678],[-124.049387,43.87066],[-124.049388,43.870643],[-124.049389,43.870627],[-124.04939,43.870609],[-124.049389,43.870591],[-124.049386,43.870573],[-124.049383,43.870556],[-124.049379,43.870543],[-124.049377,43.870528],[-124.049372,43.870511],[-124.049366,43.870496],[-124.049361,43.870481],[-124.049354,43.870464],[-124.049347,43.870448],[-124.049339,43.870433],[-124.049329,43.870416],[-124.04932,43.870402],[-124.04931,43.870388],[-124.049298,43.870373],[-124.049286,43.870358],[-124.049273,43.870344],[-124.049257,43.870328],[-124.049238,43.870312],[-124.049219,43.8703],[-124.049202,43.870288],[-124.049183,43.870277],[-124.049164,43.870266],[-124.049142,43.870257],[-124.049124,43.870248],[-124.049101,43.870239],[-124.049078,43.870232],[-124.049056,43.870225],[-124.049032,43.870219],[-124.049009,43.870214],[-124.048992,43.870211],[-124.048984,43.870208],[-124.04897,43.870204],[-124.048951,43.870198],[-124.048932,43.870193],[-124.048914,43.870188],[-124.048894,43.870182],[-124.048873,43.870177],[-124.048854,43.870172],[-124.048835,43.870168],[-124.048815,43.870164],[-124.048796,43.870159],[-124.048783,43.870157],[-124.048771,43.870153],[-124.048753,43.870148],[-124.048737,43.870143],[-124.04872,43.870138],[-124.048703,43.870133],[-124.048686,43.870128],[-124.048669,43.870122],[-124.048652,43.870117],[-124.048635,43.870112],[-124.04862,43.870107],[-124.048602,43.870101],[-124.048585,43.870095],[-124.048568,43.870089],[-124.048552,43.870084],[-124.048537,43.870078],[-124.048521,43.870073],[-124.048508,43.870067],[-124.048492,43.870061],[-124.048476,43.870054],[-124.048462,43.870048],[-124.048446,43.870041],[-124.048431,43.870035],[-124.048417,43.870028],[-124.048401,43.87002],[-124.048386,43.870013],[-124.048371,43.870006],[-124.048357,43.869999],[-124.048343,43.869992],[-124.048327,43.869983],[-124.048314,43.869976],[-124.048301,43.869969],[-124.048288,43.869962],[-124.048277,43.869955],[-124.048267,43.869948],[-124.048255,43.869939],[-124.048242,43.86993],[-124.048231,43.869922],[-124.048218,43.869912],[-124.048208,43.869904],[-124.048198,43.869895],[-124.048186,43.869885],[-124.048176,43.869875],[-124.048169,43.869868],[-124.048162,43.869861],[-124.048156,43.869853],[-124.048149,43.869843],[-124.048141,43.869831],[-124.048134,43.86982],[-124.048129,43.869811],[-124.048125,43.869803],[-124.04812,43.869791],[-124.048114,43.869779],[-124.048111,43.869769],[-124.048107,43.869758],[-124.048103,43.869747],[-124.048102,43.869737],[-124.048099,43.869722],[-124.048095,43.869708],[-124.048093,43.869698],[-124.048091,43.869687],[-124.04809,43.869673],[-124.048088,43.869661],[-124.048088,43.86965],[-124.048087,43.869639],[-124.048087,43.869627],[-124.048087,43.869615],[-124.048088,43.869599],[-124.048087,43.86958],[-124.048085,43.869562],[-124.048082,43.869548],[-124.048081,43.869537],[-124.048079,43.869521],[-124.048076,43.869505],[-124.048073,43.869491],[-124.04807,43.869478],[-124.048068,43.869464],[-124.048065,43.869448],[-124.04806,43.869431],[-124.048054,43.869414],[-124.048047,43.869397],[-124.048039,43.869382],[-124.048033,43.869369],[-124.048025,43.869354],[-124.048017,43.869339],[-124.048008,43.869325],[-124.047998,43.86931],[-124.047989,43.869296],[-124.047978,43.869282],[-124.047969,43.86927],[-124.047957,43.869255],[-124.047946,43.869243],[-124.047936,43.869231],[-124.047924,43.869218],[-124.047911,43.869204],[-124.0479,43.869193],[-124.047888,43.869181],[-124.047875,43.869168],[-124.047861,43.869156],[-124.047848,43.869144],[-124.047832,43.869132],[-124.047819,43.869121],[-124.047805,43.869111],[-124.04779,43.869099],[-124.047774,43.869088],[-124.047759,43.869078],[-124.047751,43.869072],[-124.047741,43.869065],[-124.047727,43.869053],[-124.047714,43.869043],[-124.047701,43.869032],[-124.047688,43.869022],[-124.047675,43.869012],[-124.047662,43.869002],[-124.047648,43.868992],[-124.047635,43.868982],[-124.047623,43.868972],[-124.047608,43.868961],[-124.047594,43.868951],[-124.047581,43.868941],[-124.047564,43.86893],[-124.04755,43.86892],[-124.047536,43.868911],[-124.047522,43.868901],[-124.047506,43.86889],[-124.047491,43.868881],[-124.047477,43.868872],[-124.047463,43.868863],[-124.047448,43.868854],[-124.047431,43.868844],[-124.047416,43.868835],[-124.047401,43.868826],[-124.047386,43.868817],[-124.047371,43.868809],[-124.047355,43.868799],[-124.047338,43.86879],[-124.047324,43.868782],[-124.047308,43.868774],[-124.04729,43.868764],[-124.047273,43.868756],[-124.047258,43.868748],[-124.047242,43.86874],[-124.047223,43.868731],[-124.047206,43.868724],[-124.047191,43.868716],[-124.047173,43.868709],[-124.047157,43.868701],[-124.047138,43.868693],[-124.047121,43.868686],[-124.047104,43.868679],[-124.047087,43.868672],[-124.04707,43.868665],[-124.047053,43.868659],[-124.047034,43.868651],[-124.047016,43.868645],[-124.046999,43.868638],[-124.046979,43.868632],[-124.04696,43.868625],[-124.046941,43.868619],[-124.046923,43.868614],[-124.046905,43.868608],[-124.046887,43.868603],[-124.046867,43.868597],[-124.046848,43.868592],[-124.046831,43.868587],[-124.046811,43.868582],[-124.046791,43.868577],[-124.046773,43.868573],[-124.046755,43.868568],[-124.046735,43.868564],[-124.046715,43.868559],[-124.046696,43.868555],[-124.046679,43.868552],[-124.046661,43.868548],[-124.046643,43.868544],[-124.046626,43.86854],[-124.046608,43.868536],[-124.046589,43.868532],[-124.046571,43.868528],[-124.046553,43.868524],[-124.046534,43.868519],[-124.046516,43.868516],[-124.046499,43.868512],[-124.046482,43.868508],[-124.046462,43.868503],[-124.046444,43.868499],[-124.046426,43.868495],[-124.046408,43.868491],[-124.046389,43.868487],[-124.046372,43.868484],[-124.046355,43.868479],[-124.046335,43.868475],[-124.046317,43.868471],[-124.046299,43.868467],[-124.046281,43.868463],[-124.046263,43.868459],[-124.046246,43.868455],[-124.046227,43.868451],[-124.046209,43.868447],[-124.04619,43.868443],[-124.046172,43.868439],[-124.046154,43.868435],[-124.046136,43.868431],[-124.046119,43.868427],[-124.0461,43.868423],[-124.046082,43.868419],[-124.046064,43.868415],[-124.046045,43.868411],[-124.046025,43.868406],[-124.046006,43.868403],[-124.045991,43.868399],[-124.045977,43.868396],[-124.045963,43.868392],[-124.045951,43.868388],[-124.045938,43.868384],[-124.045926,43.868379],[-124.045913,43.868374],[-124.045902,43.868369],[-124.045891,43.868363],[-124.045879,43.868356],[-124.045868,43.86835],[-124.045859,43.868344],[-124.045849,43.868336],[-124.045837,43.868327],[-124.045829,43.86832],[-124.045821,43.868313],[-124.045813,43.868304],[-124.045805,43.868296],[-124.045799,43.868288],[-124.045794,43.868281],[-124.04579,43.868273],[-124.045787,43.868266],[-124.045783,43.868255],[-124.04578,43.868246],[-124.045779,43.868239],[-124.045778,43.868229],[-124.045777,43.868219],[-124.045777,43.868209],[-124.045778,43.868198],[-124.045779,43.868184],[-124.04578,43.868173],[-124.045781,43.868164],[-124.045784,43.868152],[-124.045787,43.86814],[-124.045789,43.868131],[-124.045792,43.868122],[-124.045797,43.868114],[-124.045802,43.868102],[-124.045808,43.868091],[-124.045818,43.868075],[-124.045825,43.868056],[-124.04583,43.868042],[-124.045835,43.868029],[-124.04584,43.868016],[-124.045844,43.868005],[-124.04585,43.867992],[-124.045856,43.867976],[-124.045861,43.867965],[-124.045866,43.867952],[-124.045871,43.867939],[-124.045879,43.867922],[-124.045884,43.867899],[-124.045886,43.867886],[-124.045888,43.867873],[-124.045891,43.867855],[-124.045893,43.867841],[-124.045895,43.867825],[-124.045895,43.86781],[-124.045896,43.867796],[-124.045896,43.86778],[-124.045896,43.867765],[-124.045896,43.867749],[-124.045895,43.867735],[-124.045894,43.867719],[-124.045892,43.867703],[-124.04589,43.867688],[-124.045887,43.867672],[-124.045884,43.867659],[-124.045882,43.867647],[-124.04588,43.867633],[-124.045877,43.867618],[-124.045874,43.867604],[-124.045871,43.86759],[-124.045868,43.867575],[-124.045865,43.867562],[-124.045862,43.867547],[-124.045858,43.867532],[-124.045854,43.867517],[-124.045848,43.867501],[-124.045844,43.86749],[-124.045841,43.867476],[-124.045835,43.867462],[-124.045831,43.867448],[-124.045826,43.867433],[-124.04582,43.86742],[-124.045816,43.867406],[-124.045809,43.867391],[-124.045804,43.867378],[-124.045798,43.867365],[-124.045793,43.867352],[-124.045787,43.867339],[-124.045781,43.867324],[-124.045773,43.867309],[-124.045767,43.867296],[-124.04576,43.867283],[-124.045754,43.86727],[-124.045747,43.867255],[-124.045739,43.867242],[-124.045734,43.867231],[-124.045726,43.867217],[-124.045719,43.867204],[-124.045713,43.867193],[-124.045707,43.86718],[-124.0457,43.867165],[-124.045692,43.867152],[-124.045687,43.867141],[-124.04568,43.867129],[-124.045674,43.867116],[-124.045666,43.867101],[-124.045659,43.867089],[-124.045654,43.867077],[-124.045647,43.867064],[-124.04564,43.867049],[-124.045632,43.867037],[-124.045627,43.867026],[-124.04562,43.867013],[-124.045613,43.866999],[-124.045609,43.866992],[-124.045606,43.866986],[-124.0456,43.866975],[-124.045594,43.866962],[-124.045586,43.866947],[-124.045579,43.866934],[-124.045573,43.866923],[-124.045567,43.86691],[-124.04556,43.866896],[-124.045552,43.866883],[-124.045545,43.86687],[-124.045537,43.866855],[-124.04553,43.866843],[-124.045521,43.866828],[-124.045513,43.866816],[-124.045507,43.866805],[-124.045498,43.86679],[-124.045488,43.866776],[-124.04548,43.866764],[-124.045472,43.866751],[-124.045463,43.866739],[-124.045454,43.866725],[-124.045445,43.866713],[-124.045436,43.8667],[-124.045427,43.866688],[-124.045419,43.866676],[-124.045408,43.866662],[-124.045397,43.866648],[-124.045387,43.866637],[-124.045379,43.866626],[-124.045368,43.866612],[-124.045357,43.866599],[-124.045346,43.866587],[-124.045336,43.866576],[-124.045326,43.866564],[-124.045315,43.866552],[-124.045305,43.866541],[-124.045294,43.866528],[-124.045283,43.866516],[-124.045272,43.866505],[-124.04526,43.866492],[-124.045249,43.86648],[-124.045237,43.866469],[-124.045226,43.866458],[-124.045215,43.866447],[-124.045204,43.866436],[-124.045191,43.866423],[-124.045179,43.866412],[-124.045168,43.866401],[-124.045154,43.866389],[-124.045142,43.866378],[-124.045131,43.866368],[-124.04512,43.866358],[-124.045107,43.866346],[-124.045095,43.866335],[-124.045083,43.866325],[-124.045072,43.866315],[-124.045061,43.866305],[-124.045048,43.866292],[-124.045036,43.866281],[-124.045024,43.866271],[-124.045013,43.866261],[-124.045002,43.86625],[-124.044988,43.866239],[-124.044976,43.866228],[-124.044966,43.866219],[-124.044955,43.866208],[-124.044941,43.866196],[-124.044929,43.866185],[-124.044918,43.866174],[-124.044907,43.866164],[-124.044895,43.866154],[-124.044882,43.866142],[-124.04487,43.866131],[-124.044858,43.866121],[-124.044848,43.866111],[-124.044837,43.866101],[-124.044823,43.866089],[-124.044811,43.866078],[-124.0448,43.866068],[-124.044789,43.866057],[-124.044776,43.866045],[-124.044762,43.866033],[-124.044746,43.86602],[-124.044735,43.866012],[-124.04473,43.866008],[-124.044725,43.866002],[-124.04472,43.865995],[-124.044716,43.865989],[-124.044713,43.865983],[-124.044711,43.865976],[-124.044709,43.865969],[-124.044708,43.865961],[-124.044708,43.865955],[-124.044708,43.865948],[-124.04471,43.865941],[-124.044712,43.865934],[-124.044714,43.865929],[-124.044718,43.865923],[-124.044724,43.865915],[-124.044726,43.865912],[-124.044728,43.86591],[-124.044735,43.865906],[-124.044741,43.865902],[-124.044748,43.865899],[-124.044756,43.865896],[-124.044763,43.865894],[-124.04477,43.865893],[-124.044785,43.865891],[-124.044812,43.865886],[-124.044832,43.865882],[-124.044846,43.865879],[-124.044861,43.865876],[-124.044875,43.865874],[-124.044889,43.865873],[-124.044904,43.865871],[-124.044919,43.86587],[-124.044933,43.86587],[-124.044948,43.86587],[-124.044962,43.86587],[-124.044976,43.865871],[-124.044993,43.865872],[-124.04502,43.865874],[-124.045046,43.865874],[-124.045064,43.865874],[-124.045081,43.865874],[-124.0451,43.865874],[-124.045117,43.865874],[-124.045135,43.865874],[-124.045154,43.865875],[-124.045171,43.865875],[-124.045189,43.865876],[-124.045206,43.865877],[-124.045225,43.865878],[-124.045242,43.865878],[-124.045451,43.865889],[-124.045617,43.8659],[-124.045861,43.865915],[-124.0459,43.865918],[-124.045949,43.865921],[-124.045997,43.865926],[-124.046045,43.865931],[-124.046093,43.865937],[-124.046141,43.865943],[-124.046188,43.86595],[-124.046236,43.865957],[-124.046283,43.865965],[-124.04633,43.865974],[-124.046377,43.865983],[-124.046424,43.865993],[-124.04645,43.865999],[-124.04647,43.866004],[-124.046516,43.866015],[-124.046901,43.86611],[-124.047237,43.866192],[-124.047537,43.866237],[-124.047583,43.866245],[-124.047668,43.866257],[-124.047746,43.866268],[-124.047852,43.866281],[-124.047903,43.866286],[-124.04799,43.866294],[-124.048084,43.8663],[-124.048142,43.866303],[-124.04824,43.86631],[-124.048311,43.866313],[-124.048375,43.866315],[-124.048452,43.866315],[-124.048548,43.866311],[-124.048629,43.866305],[-124.049368,43.866248],[-124.049407,43.866245],[-124.049469,43.866241],[-124.049509,43.866238],[-124.049603,43.866232],[-124.049671,43.866228],[-124.049712,43.866226],[-124.049769,43.866223],[-124.049853,43.866219],[-124.04992,43.866216],[-124.049967,43.866215],[-124.050001,43.866215],[-124.05003,43.866215],[-124.050078,43.866216],[-124.050097,43.866218],[-124.050127,43.866222],[-124.050135,43.866223],[-124.050166,43.866233],[-124.050184,43.86624],[-124.050198,43.866247],[-124.050229,43.866264],[-124.050247,43.866275],[-124.050266,43.866288],[-124.05029,43.866305],[-124.050311,43.866321],[-124.050328,43.866336],[-124.050345,43.866351],[-124.050358,43.866365],[-124.050375,43.866384],[-124.050398,43.866409],[-124.050417,43.866431],[-124.050437,43.866453],[-124.050469,43.866486],[-124.050494,43.866509],[-124.050526,43.866534],[-124.05055,43.866552],[-124.050587,43.866575],[-124.05062,43.866591],[-124.050654,43.866606],[-124.050685,43.866616],[-124.050707,43.866622],[-124.050724,43.866626],[-124.050767,43.866633],[-124.050796,43.866636],[-124.050842,43.866636],[-124.050864,43.866636],[-124.050892,43.866633],[-124.050929,43.866628],[-124.050965,43.866621],[-124.051032,43.866603],[-124.051062,43.866592],[-124.051103,43.866576],[-124.051143,43.866555],[-124.051171,43.866539],[-124.051198,43.866519],[-124.051221,43.8665],[-124.051241,43.866482],[-124.051271,43.866444],[-124.051293,43.866405],[-124.051305,43.866379],[-124.051313,43.866361],[-124.051322,43.866344],[-124.051328,43.866334],[-124.051333,43.866327],[-124.051339,43.86632],[-124.051349,43.866312],[-124.051382,43.866287],[-124.051403,43.866272],[-124.051425,43.866256],[-124.051445,43.866241],[-124.051452,43.866235],[-124.051461,43.86623],[-124.051467,43.866229],[-124.051671,43.866204],[-124.051731,43.866197],[-124.051752,43.866194],[-124.051802,43.866189],[-124.051837,43.866186],[-124.051862,43.866184],[-124.051896,43.866181],[-124.051913,43.86618],[-124.051947,43.866178],[-124.051981,43.866175],[-124.052,43.866174],[-124.052019,43.866172],[-124.052037,43.866171],[-124.052056,43.86617],[-124.052076,43.866168],[-124.052095,43.866167],[-124.052113,43.866166],[-124.052132,43.866164],[-124.052152,43.866163],[-124.05217,43.866161],[-124.052193,43.86616],[-124.052214,43.866157],[-124.052234,43.866155],[-124.052254,43.866152],[-124.052274,43.866149],[-124.052294,43.866146],[-124.052313,43.866143],[-124.052333,43.86614],[-124.052353,43.866136],[-124.052371,43.866133],[-124.052391,43.866129],[-124.052411,43.866126],[-124.05243,43.866122],[-124.05245,43.866118],[-124.052468,43.866113],[-124.052489,43.866109],[-124.052508,43.866104],[-124.052527,43.866099],[-124.052546,43.866094],[-124.052565,43.866089],[-124.052584,43.866084],[-124.052602,43.866079],[-124.052621,43.866073],[-124.052639,43.866068],[-124.052657,43.866062],[-124.052673,43.866057],[-124.052692,43.866052],[-124.052711,43.866046],[-124.052728,43.866041],[-124.052746,43.866035],[-124.052764,43.866029],[-124.052782,43.866023],[-124.052795,43.866019],[-124.052807,43.866016],[-124.052824,43.866012],[-124.05284,43.866008],[-124.052856,43.866004],[-124.052874,43.866],[-124.05289,43.865997],[-124.052906,43.865994],[-124.052924,43.865991],[-124.05294,43.865988],[-124.052954,43.865986],[-124.05297,43.865984],[-124.052986,43.865983],[-124.053002,43.865981],[-124.053018,43.86598],[-124.053035,43.865979],[-124.053052,43.865979],[-124.053069,43.865978],[-124.053085,43.865978],[-124.053101,43.865978],[-124.053117,43.865979],[-124.053134,43.865979],[-124.053152,43.86598],[-124.053175,43.865981],[-124.053195,43.865982],[-124.053213,43.865982],[-124.05323,43.865983],[-124.053248,43.865983],[-124.053266,43.865984],[-124.053284,43.865985],[-124.053302,43.865986],[-124.053321,43.865987],[-124.053338,43.865989],[-124.053364,43.86599],[-124.053395,43.86599],[-124.053421,43.865988],[-124.053444,43.865986],[-124.053465,43.865983],[-124.053486,43.865979],[-124.053508,43.865976],[-124.053529,43.865972],[-124.053552,43.865967],[-124.053572,43.865962],[-124.053594,43.865956],[-124.053618,43.865949],[-124.053641,43.865941],[-124.053662,43.865932],[-124.053682,43.865923],[-124.0537,43.865914],[-124.05372,43.865904],[-124.053738,43.865893],[-124.053757,43.865882],[-124.053773,43.865871],[-124.05379,43.865859],[-124.053807,43.865845],[-124.053816,43.865837],[-124.053829,43.865828],[-124.053846,43.865814],[-124.053859,43.865802],[-124.053872,43.86579],[-124.053885,43.865777],[-124.053898,43.865764],[-124.053905,43.865757],[-124.053913,43.86575],[-124.053924,43.865741],[-124.053935,43.865733],[-124.053948,43.865724],[-124.053961,43.865714],[-124.053972,43.865706],[-124.053985,43.865697],[-124.053997,43.865688],[-124.054008,43.865682],[-124.054017,43.865676],[-124.054029,43.86567],[-124.054043,43.865664],[-124.054056,43.865658],[-124.054069,43.865652],[-124.054083,43.865647],[-124.054097,43.865642],[-124.054112,43.865637],[-124.05413,43.865631],[-124.05415,43.865624],[-124.054168,43.865617],[-124.054184,43.865611],[-124.054199,43.865606],[-124.054216,43.8656],[-124.054232,43.865594],[-124.054248,43.865589],[-124.054264,43.865584],[-124.054282,43.865578],[-124.054302,43.865571],[-124.05432,43.865565],[-124.054338,43.865559],[-124.054355,43.865552],[-124.054373,43.865546],[-124.05439,43.865539],[-124.054406,43.865533],[-124.054423,43.865527],[-124.054441,43.86552],[-124.054459,43.865513],[-124.054479,43.865505],[-124.054499,43.865496],[-124.054516,43.865488],[-124.054533,43.86548],[-124.054549,43.865471],[-124.054567,43.865463],[-124.054583,43.865453],[-124.054599,43.865445],[-124.054616,43.865435],[-124.054632,43.865426],[-124.054647,43.865417],[-124.054664,43.865407],[-124.054678,43.865397],[-124.054691,43.86539],[-124.054708,43.865379],[-124.054723,43.865369],[-124.054737,43.865359],[-124.054751,43.865349],[-124.054766,43.86534],[-124.054779,43.86533],[-124.054794,43.86532],[-124.054806,43.865311],[-124.054816,43.865304],[-124.054829,43.865296],[-124.054844,43.865288],[-124.054858,43.865279],[-124.054872,43.865271],[-124.054887,43.865262],[-124.054901,43.865253],[-124.054915,43.865245],[-124.054928,43.865238],[-124.054944,43.865229],[-124.054959,43.865221],[-124.054971,43.865214],[-124.054985,43.865207],[-124.054997,43.8652],[-124.055009,43.865195],[-124.055024,43.865189],[-124.055039,43.865183],[-124.055054,43.865177],[-124.055069,43.865171],[-124.055084,43.865166],[-124.0551,43.865161],[-124.055115,43.865156],[-124.055133,43.86515],[-124.05515,43.865144],[-124.055165,43.865139],[-124.055182,43.865135],[-124.0552,43.865129],[-124.055215,43.865125],[-124.055231,43.86512],[-124.055247,43.865116],[-124.055264,43.865111],[-124.055284,43.865106],[-124.055307,43.8651],[-124.055325,43.865094],[-124.055344,43.865088],[-124.055361,43.865082],[-124.055379,43.865076],[-124.055396,43.865071],[-124.055415,43.865064],[-124.055433,43.865058],[-124.05545,43.865052],[-124.055468,43.865046],[-124.055486,43.865039],[-124.055503,43.865032],[-124.055521,43.865026],[-124.055538,43.865019],[-124.055556,43.865012],[-124.055574,43.865004],[-124.055591,43.864997],[-124.055607,43.86499],[-124.055626,43.864982],[-124.055643,43.864974],[-124.055658,43.864967],[-124.055676,43.864959],[-124.055693,43.864951],[-124.055709,43.864944],[-124.055726,43.864935],[-124.055742,43.864927],[-124.055756,43.86492],[-124.055768,43.864915],[-124.055786,43.864907],[-124.055801,43.8649],[-124.055817,43.864893],[-124.055835,43.864885],[-124.055849,43.864878],[-124.055865,43.864871],[-124.055883,43.864863],[-124.055897,43.864856],[-124.05591,43.864851],[-124.055925,43.864845],[-124.05594,43.864839],[-124.055956,43.864832],[-124.055973,43.864826],[-124.055989,43.86482],[-124.056004,43.864815],[-124.05602,43.864809],[-124.056036,43.864804],[-124.056053,43.864798],[-124.056069,43.864793],[-124.056085,43.864788],[-124.056102,43.864783],[-124.056117,43.864778],[-124.056132,43.864774],[-124.056148,43.86477],[-124.056166,43.864765],[-124.056183,43.864761],[-124.0562,43.864757],[-124.056215,43.864753],[-124.056233,43.86475],[-124.05625,43.864746],[-124.056267,43.864743],[-124.056284,43.86474],[-124.056303,43.864736],[-124.05632,43.864733],[-124.056337,43.86473],[-124.056355,43.864727],[-124.056372,43.864724],[-124.056389,43.864721],[-124.056408,43.864719],[-124.056426,43.864716],[-124.056447,43.864713],[-124.056471,43.864709],[-124.05649,43.864705],[-124.056509,43.864701],[-124.056528,43.864697],[-124.056546,43.864693],[-124.056567,43.864688],[-124.056585,43.864683],[-124.056604,43.864679],[-124.056624,43.864674],[-124.056644,43.864668],[-124.056663,43.864663],[-124.056682,43.864657],[-124.056701,43.864651],[-124.056719,43.864645],[-124.056738,43.864639],[-124.056756,43.864633],[-124.056775,43.864626],[-124.056794,43.864619],[-124.05681,43.864613],[-124.056827,43.864607],[-124.056845,43.8646],[-124.056862,43.864593],[-124.056879,43.864587],[-124.056897,43.864579],[-124.056915,43.864572],[-124.056931,43.864565],[-124.056947,43.864559],[-124.056963,43.864552],[-124.056979,43.864546],[-124.056995,43.864539],[-124.057013,43.864532],[-124.057029,43.864525],[-124.057044,43.86452],[-124.057061,43.864513],[-124.057078,43.864506],[-124.057094,43.8645],[-124.057109,43.864494],[-124.057122,43.864489],[-124.057139,43.864483],[-124.057156,43.864477],[-124.057173,43.864472],[-124.057188,43.864467],[-124.057205,43.864462],[-124.057223,43.864456],[-124.057238,43.864451],[-124.057254,43.864447],[-124.057271,43.864442],[-124.057288,43.864437],[-124.057305,43.864432],[-124.057324,43.864427],[-124.057343,43.864422],[-124.057361,43.864416],[-124.05738,43.864411],[-124.057396,43.864406],[-124.057413,43.864401],[-124.057431,43.864396],[-124.057449,43.864391],[-124.057466,43.864385],[-124.057484,43.86438],[-124.057501,43.864375],[-124.057519,43.86437],[-124.057536,43.864365],[-124.057554,43.86436],[-124.057572,43.864355],[-124.057591,43.864349],[-124.057607,43.864344],[-124.057624,43.864339],[-124.057641,43.864334],[-124.057659,43.864329],[-124.057677,43.864324],[-124.057696,43.864318],[-124.057713,43.864313],[-124.057729,43.864308],[-124.057747,43.864303],[-124.057765,43.864298],[-124.057783,43.864293],[-124.057801,43.864287],[-124.057817,43.864282],[-124.057835,43.864277],[-124.057852,43.864272],[-124.05787,43.864267],[-124.057888,43.864262],[-124.057907,43.864256],[-124.057924,43.864251],[-124.05794,43.864246],[-124.057957,43.864241],[-124.057975,43.864236],[-124.057993,43.864231],[-124.058012,43.864225],[-124.058029,43.86422],[-124.058046,43.864215],[-124.058063,43.86421],[-124.058081,43.864205],[-124.058099,43.8642],[-124.058117,43.864195],[-124.058134,43.86419],[-124.058151,43.864185],[-124.058169,43.864179],[-124.058186,43.864174],[-124.058204,43.864169],[-124.058224,43.864163],[-124.058242,43.864157],[-124.058259,43.864152],[-124.058278,43.864146],[-124.058294,43.86414],[-124.058314,43.864134],[-124.058331,43.864128],[-124.058348,43.864123],[-124.058364,43.864117],[-124.058383,43.864111],[-124.0584,43.864105],[-124.058418,43.864099],[-124.058435,43.864093],[-124.058451,43.864088],[-124.058469,43.864082],[-124.058487,43.864075],[-124.058504,43.864069],[-124.058521,43.864063],[-124.058539,43.864057],[-124.058555,43.864051],[-124.058573,43.864045],[-124.058591,43.864038],[-124.058608,43.864032],[-124.058625,43.864026],[-124.058641,43.86402],[-124.058658,43.864013],[-124.058677,43.864006],[-124.058694,43.864],[-124.05871,43.863993],[-124.058728,43.863987],[-124.058744,43.86398],[-124.058761,43.863974],[-124.058778,43.863967],[-124.058795,43.86396],[-124.058813,43.863953],[-124.058829,43.863946],[-124.058844,43.863941],[-124.058858,43.863935],[-124.058874,43.863929],[-124.058891,43.863923],[-124.058907,43.863918],[-124.058924,43.863912],[-124.058941,43.863906],[-124.058958,43.8639],[-124.058976,43.863894],[-124.058991,43.863889],[-124.059008,43.863883],[-124.059025,43.863878],[-124.05904,43.863873],[-124.059053,43.863869],[-124.059066,43.863866],[-124.059081,43.863862],[-124.059098,43.863859],[-124.059115,43.863855],[-124.059131,43.863852],[-124.059147,43.86385],[-124.059164,43.863847],[-124.059181,43.863844],[-124.059198,43.863842],[-124.059215,43.86384],[-124.059229,43.863838],[-124.059243,43.863837],[-124.059259,43.863837],[-124.059275,43.863836],[-124.059291,43.863836],[-124.059307,43.863836],[-124.059323,43.863836],[-124.05934,43.863837],[-124.059357,43.863838],[-124.059373,43.863839],[-124.059388,43.863841],[-124.059404,43.863843],[-124.059423,43.863845],[-124.05944,43.863847],[-124.059461,43.86385],[-124.059479,43.863852],[-124.059498,43.863854],[-124.059516,43.863856],[-124.059536,43.863859],[-124.059554,43.863861],[-124.059572,43.863863],[-124.059591,43.863865],[-124.059609,43.863868],[-124.059629,43.86387],[-124.059647,43.863872],[-124.059667,43.863874],[-124.059685,43.863876],[-124.059703,43.863879],[-124.059722,43.863881],[-124.059741,43.863883],[-124.05976,43.863885],[-124.059777,43.863888],[-124.059797,43.86389],[-124.059816,43.863892],[-124.059834,43.863894],[-124.059853,43.863897],[-124.059871,43.863899],[-124.059891,43.863901],[-124.05991,43.863904],[-124.059928,43.863906],[-124.059947,43.863908],[-124.059965,43.86391],[-124.059984,43.863913],[-124.060002,43.863915],[-124.06002,43.863917],[-124.060036,43.863919],[-124.060052,43.863921],[-124.060066,43.863924],[-124.060082,43.863927],[-124.060097,43.863931],[-124.060111,43.863934],[-124.060126,43.863938],[-124.06014,43.863942],[-124.060155,43.863947],[-124.060169,43.863952],[-124.060183,43.863957],[-124.060197,43.863963],[-124.06021,43.863969],[-124.060222,43.863974],[-124.060236,43.863981],[-124.060249,43.863987],[-124.06026,43.863994],[-124.060274,43.864002],[-124.060285,43.864009],[-124.060297,43.864017],[-124.060308,43.864024],[-124.060318,43.864032],[-124.060328,43.86404],[-124.060338,43.864049],[-124.06035,43.864059],[-124.060362,43.864069],[-124.060372,43.864079],[-124.060382,43.864088],[-124.060392,43.864099],[-124.060402,43.864108],[-124.06041,43.864118],[-124.06042,43.864129],[-124.060428,43.864138],[-124.060436,43.864149],[-124.060444,43.864159],[-124.060451,43.864169],[-124.060459,43.864181],[-124.060466,43.864191],[-124.060473,43.864204],[-124.060483,43.864219],[-124.060491,43.864231],[-124.060501,43.864245],[-124.06051,43.864257],[-124.060517,43.864268],[-124.060526,43.86428],[-124.060534,43.864292],[-124.060542,43.864305],[-124.060551,43.864317],[-124.060559,43.864329],[-124.060567,43.864341],[-124.060576,43.864354],[-124.060585,43.864368],[-124.060596,43.864382],[-124.060607,43.864396],[-124.060619,43.86441],[-124.06063,43.864423],[-124.060643,43.864436],[-124.060655,43.864448],[-124.060667,43.86446],[-124.060682,43.864473],[-124.060695,43.864485],[-124.060709,43.864497],[-124.060724,43.864508],[-124.060739,43.86452],[-124.060754,43.864531],[-124.060769,43.864542],[-124.060786,43.864552],[-124.060801,43.864563],[-124.060822,43.864575],[-124.060842,43.864585],[-124.060861,43.864594],[-124.060881,43.864602],[-124.060902,43.86461],[-124.060924,43.864618],[-124.060943,43.864624],[-124.060964,43.864631],[-124.060986,43.864637],[-124.061009,43.864642],[-124.061031,43.864647],[-124.061053,43.864651],[-124.061076,43.864654],[-124.061099,43.864657],[-124.061123,43.864659],[-124.061145,43.864661],[-124.061168,43.864662],[-124.061191,43.864662],[-124.061214,43.864662],[-124.061237,43.864661],[-124.06126,43.864659],[-124.061283,43.864657],[-124.061307,43.864654],[-124.06133,43.864651],[-124.061351,43.864647],[-124.061374,43.864642],[-124.061396,43.864637],[-124.061417,43.864632],[-124.061439,43.864625],[-124.06146,43.864618],[-124.061481,43.864611],[-124.061501,43.864604],[-124.061522,43.864595],[-124.061541,43.864586],[-124.061559,43.864577],[-124.061578,43.864567],[-124.061597,43.864556],[-124.061613,43.864545],[-124.061632,43.864533],[-124.061649,43.86452],[-124.061663,43.864509],[-124.061679,43.864495],[-124.061693,43.864481],[-124.061706,43.864468],[-124.061718,43.864455],[-124.061731,43.864441],[-124.061743,43.864425],[-124.061753,43.86441],[-124.061763,43.864394],[-124.061771,43.864379],[-124.061779,43.864364],[-124.061787,43.864347],[-124.061794,43.864329],[-124.061799,43.86431],[-124.061802,43.864292],[-124.061804,43.864274],[-124.061805,43.864256],[-124.061805,43.86424],[-124.061804,43.864223],[-124.061802,43.864205],[-124.061798,43.864187],[-124.061793,43.864169],[-124.061788,43.864154],[-124.061782,43.864137],[-124.061774,43.86412],[-124.061767,43.864107],[-124.061764,43.864101],[-124.061762,43.864093],[-124.061758,43.86408],[-124.061754,43.864065],[-124.061749,43.86405],[-124.061745,43.864037],[-124.06174,43.864022],[-124.061735,43.864007],[-124.06173,43.863994],[-124.061725,43.86398],[-124.061719,43.863966],[-124.061716,43.863956],[-124.061712,43.863945],[-124.061709,43.863933],[-124.061705,43.86392],[-124.061701,43.863905],[-124.061696,43.86389],[-124.061693,43.863879],[-124.06169,43.863866],[-124.061686,43.863852],[-124.061683,43.863841],[-124.06168,43.863827],[-124.061676,43.863812],[-124.061673,43.863801],[-124.061671,43.863789],[-124.061668,43.863775],[-124.061665,43.863762],[-124.061663,43.86375],[-124.061661,43.863736],[-124.061658,43.863724],[-124.061657,43.86371],[-124.061654,43.863695],[-124.061652,43.863684],[-124.061651,43.863671],[-124.061649,43.863657],[-124.061648,43.863647],[-124.061648,43.863638],[-124.061648,43.863624],[-124.061648,43.86361],[-124.061648,43.863599],[-124.061649,43.863587],[-124.06165,43.863573],[-124.061651,43.863561],[-124.061653,43.86355],[-124.061655,43.863536],[-124.061657,43.863525],[-124.061659,43.863514],[-124.061661,43.863504],[-124.061664,43.863497],[-124.061669,43.863486],[-124.061675,43.863473],[-124.06168,43.863463],[-124.061685,43.863453],[-124.061691,43.863443],[-124.061697,43.863433],[-124.061705,43.863422],[-124.061713,43.863411],[-124.061721,43.863401],[-124.061727,43.863392],[-124.061736,43.863383],[-124.061746,43.863372],[-124.061755,43.863363],[-124.061765,43.863354],[-124.061775,43.863344],[-124.061785,43.863336],[-124.061794,43.863328],[-124.061807,43.863319],[-124.061821,43.863308],[-124.061832,43.863299],[-124.061843,43.863291],[-124.061856,43.863282],[-124.061869,43.863273],[-124.061881,43.863265],[-124.061894,43.863257],[-124.061907,43.863249],[-124.06192,43.863241],[-124.061933,43.863234],[-124.061946,43.863226],[-124.06196,43.863219],[-124.061974,43.863211],[-124.06199,43.863203],[-124.062006,43.863195],[-124.062021,43.863187],[-124.062036,43.86318],[-124.062052,43.863171],[-124.062069,43.863163],[-124.062082,43.863155],[-124.062097,43.863148],[-124.062113,43.86314],[-124.06213,43.863131],[-124.062145,43.863123],[-124.062159,43.863116],[-124.062176,43.863107],[-124.062191,43.863099],[-124.062205,43.863092],[-124.062221,43.863084],[-124.062238,43.863075],[-124.062252,43.863067],[-124.062264,43.863061],[-124.062278,43.863055],[-124.062291,43.863049],[-124.062304,43.863044],[-124.062319,43.863038],[-124.062331,43.863034],[-124.062346,43.863029],[-124.062361,43.863025],[-124.062376,43.863021],[-124.06239,43.863017],[-124.062404,43.863014],[-124.06242,43.863011],[-124.062435,43.863008],[-124.06245,43.863006],[-124.062465,43.863004],[-124.062481,43.863002],[-124.062497,43.863001],[-124.062511,43.863],[-124.062527,43.862999],[-124.062543,43.862999],[-124.062558,43.862999],[-124.062574,43.862999],[-124.062588,43.863],[-124.062602,43.863001],[-124.062617,43.863002],[-124.062632,43.863004],[-124.062647,43.863006],[-124.062661,43.863009],[-124.062677,43.863012],[-124.062696,43.863016],[-124.062714,43.86302],[-124.062732,43.863024],[-124.06275,43.863028],[-124.062769,43.863032],[-124.062787,43.863035],[-124.062805,43.863039],[-124.062823,43.863043],[-124.062841,43.863047],[-124.062858,43.86305],[-124.062877,43.863054],[-124.062896,43.863059],[-124.062914,43.863062],[-124.062932,43.863066],[-124.062947,43.863069],[-124.062963,43.863073],[-124.062979,43.863077],[-124.062996,43.863082],[-124.063013,43.863087],[-124.063031,43.863091],[-124.063046,43.863096],[-124.063063,43.863101],[-124.06308,43.863106],[-124.063096,43.863111],[-124.063112,43.863116],[-124.063129,43.863122],[-124.063147,43.863127],[-124.063163,43.863133],[-124.063179,43.863138],[-124.063197,43.863144],[-124.063215,43.86315],[-124.063233,43.863156],[-124.06325,43.863161],[-124.063266,43.863167],[-124.063283,43.863172],[-124.063302,43.863179],[-124.063319,43.863184],[-124.063336,43.86319],[-124.063353,43.863195],[-124.063372,43.863202],[-124.063394,43.863208],[-124.063417,43.863214],[-124.063443,43.86322],[-124.063469,43.863224],[-124.063493,43.863227],[-124.063519,43.863229],[-124.063544,43.863229],[-124.063569,43.863229],[-124.063595,43.863228],[-124.06362,43.863226],[-124.063648,43.863222],[-124.063677,43.863216],[-124.063704,43.863208],[-124.063729,43.863199],[-124.063753,43.863189],[-124.063774,43.863178],[-124.063794,43.863166],[-124.063816,43.863152],[-124.063835,43.863137],[-124.063851,43.863122],[-124.063865,43.863106],[-124.063881,43.863088],[-124.063892,43.86307],[-124.0639,43.863055],[-124.063906,43.863044],[-124.063914,43.863032],[-124.063922,43.863017],[-124.063931,43.863],[-124.063937,43.862982],[-124.063943,43.862966],[-124.063948,43.862949],[-124.063952,43.862932],[-124.063954,43.862916],[-124.063956,43.862902],[-124.063959,43.862887],[-124.06396,43.862871],[-124.063961,43.862855],[-124.063961,43.862837],[-124.06396,43.86282],[-124.063959,43.862804],[-124.063956,43.862787],[-124.063953,43.862772],[-124.06395,43.862755],[-124.063942,43.862733],[-124.063933,43.862715],[-124.063923,43.862698],[-124.063912,43.862681],[-124.0639,43.862665],[-124.063887,43.86265],[-124.063873,43.862636],[-124.063858,43.862621],[-124.063841,43.862608],[-124.063827,43.862597],[-124.063812,43.862585],[-124.063794,43.862573],[-124.063777,43.862562],[-124.063757,43.86255],[-124.063738,43.86254],[-124.063718,43.862531],[-124.063697,43.862522],[-124.063677,43.862514],[-124.063657,43.862506],[-124.063638,43.8625],[-124.063624,43.862495],[-124.063608,43.862489],[-124.063591,43.862483],[-124.063575,43.862477],[-124.063557,43.862471],[-124.06354,43.862464],[-124.063523,43.862458],[-124.063503,43.862451],[-124.063486,43.862445],[-124.063471,43.86244],[-124.063456,43.862434],[-124.063441,43.862429],[-124.063427,43.862423],[-124.063414,43.862417],[-124.0634,43.862411],[-124.063384,43.862403],[-124.06337,43.862397],[-124.063359,43.862391],[-124.063345,43.862384],[-124.063333,43.862377],[-124.063321,43.86237],[-124.06331,43.862362],[-124.063298,43.862354],[-124.063288,43.862346],[-124.063276,43.862337],[-124.06326,43.862325],[-124.063247,43.862316],[-124.063236,43.862307],[-124.063221,43.862296],[-124.062897,43.862294],[-124.062915,43.862306],[-124.062928,43.862315],[-124.06294,43.862323],[-124.062951,43.862332],[-124.062965,43.862342],[-124.06298,43.862353],[-124.062991,43.862361],[-124.063005,43.862372],[-124.063019,43.862382],[-124.063031,43.862391],[-124.063045,43.862402],[-124.063059,43.862412],[-124.06307,43.86242],[-124.063084,43.862431],[-124.063098,43.862441],[-124.06311,43.862449],[-124.063123,43.86246],[-124.063138,43.862471],[-124.063155,43.862482],[-124.063171,43.862493],[-124.063189,43.862504],[-124.063206,43.862514],[-124.063223,43.862523],[-124.063241,43.862533],[-124.063261,43.862542],[-124.063276,43.862549],[-124.063294,43.862557],[-124.063313,43.862566],[-124.063332,43.862573],[-124.063351,43.862581],[-124.06337,43.862588],[-124.063389,43.862594],[-124.063406,43.8626],[-124.063421,43.862605],[-124.063436,43.862611],[-124.063454,43.862617],[-124.06347,43.862623],[-124.063487,43.86263],[-124.063505,43.862636],[-124.063522,43.862643],[-124.063543,43.86265],[-124.063559,43.862655],[-124.063571,43.862659],[-124.063584,43.862665],[-124.063596,43.86267],[-124.063608,43.862676],[-124.06362,43.862682],[-124.06363,43.862687],[-124.06364,43.862694],[-124.06365,43.862701],[-124.063661,43.862709],[-124.063673,43.862719],[-124.063681,43.862726],[-124.063689,43.862733],[-124.063697,43.862741],[-124.063704,43.86275],[-124.063711,43.862758],[-124.063716,43.862765],[-124.063721,43.862774],[-124.063724,43.862781],[-124.063726,43.862786],[-124.063728,43.862796],[-124.06373,43.862808],[-124.063732,43.862819],[-124.063733,43.86283],[-124.063734,43.86284],[-124.063734,43.86285],[-124.063733,43.862861],[-124.063732,43.862872],[-124.06373,43.862885],[-124.063728,43.862898],[-124.063726,43.862909],[-124.063724,43.862919],[-124.063722,43.862929],[-124.063718,43.86294],[-124.063714,43.862949],[-124.06371,43.862957],[-124.063704,43.862968],[-124.063696,43.86298],[-124.063688,43.862995],[-124.063682,43.863006],[-124.063679,43.863012],[-124.063674,43.863018],[-124.063667,43.863025],[-124.06366,43.863031],[-124.063654,43.863036],[-124.063647,43.863041],[-124.063637,43.863046],[-124.063628,43.863051],[-124.063619,43.863055],[-124.06361,43.863058],[-124.063602,43.86306],[-124.063595,43.863062],[-124.063586,43.863063],[-124.063574,43.863064],[-124.063561,43.863065],[-124.063548,43.863065],[-124.063536,43.863064],[-124.063523,43.863063],[-124.063511,43.863062],[-124.063498,43.86306],[-124.063488,43.863058],[-124.063477,43.863055],[-124.063463,43.863051],[-124.063447,43.863046],[-124.06343,43.86304],[-124.063412,43.863034],[-124.063395,43.863028],[-124.063379,43.863023],[-124.063362,43.863017],[-124.063343,43.863011],[-124.063326,43.863006],[-124.063309,43.863],[-124.063292,43.862994],[-124.063275,43.862989],[-124.063259,43.862983],[-124.06324,43.862977],[-124.063222,43.862972],[-124.063205,43.862966],[-124.063187,43.86296],[-124.063168,43.862954],[-124.06315,43.862949],[-124.063132,43.862943],[-124.063113,43.862938],[-124.063093,43.862932],[-124.063075,43.862928],[-124.063056,43.862923],[-124.063038,43.862918],[-124.063017,43.862913],[-124.062996,43.862908],[-124.062977,43.862904],[-124.062959,43.8629],[-124.062941,43.862897],[-124.062923,43.862893],[-124.062906,43.862889],[-124.062887,43.862885],[-124.062869,43.862881],[-124.06285,43.862877],[-124.062832,43.862873],[-124.062814,43.86287],[-124.062796,43.862866],[-124.062777,43.862862],[-124.062759,43.862858],[-124.062741,43.862854],[-124.062721,43.86285],[-124.062698,43.862846],[-124.062675,43.862843],[-124.062654,43.86284],[-124.062631,43.862837],[-124.062608,43.862836],[-124.062584,43.862835],[-124.062562,43.862834],[-124.062539,43.862834],[-124.062517,43.862835],[-124.062495,43.862835],[-124.062472,43.862837],[-124.06245,43.862839],[-124.062428,43.862841],[-124.062405,43.862844],[-124.062383,43.862848],[-124.062362,43.862852],[-124.062341,43.862856],[-124.062319,43.862861],[-124.062298,43.862866],[-124.062277,43.862872],[-124.062257,43.862878],[-124.062236,43.862884],[-124.062215,43.862892],[-124.062196,43.862899],[-124.062176,43.862907],[-124.062158,43.862915],[-124.062139,43.862924],[-124.062119,43.862934],[-124.062104,43.862942],[-124.06209,43.862949],[-124.062074,43.862957],[-124.062057,43.862966],[-124.062043,43.862974],[-124.062028,43.862981],[-124.062011,43.86299],[-124.061996,43.862998],[-124.061982,43.863005],[-124.061967,43.863013],[-124.06195,43.863021],[-124.061934,43.86303],[-124.06192,43.863037],[-124.061904,43.863045],[-124.061888,43.863054],[-124.061873,43.863061],[-124.061858,43.863069],[-124.061843,43.863077],[-124.061826,43.863086],[-124.06181,43.863095],[-124.061792,43.863104],[-124.061776,43.863114],[-124.06176,43.863123],[-124.061744,43.863133],[-124.061728,43.863143],[-124.061713,43.863153],[-124.061698,43.863164],[-124.061684,43.863174],[-124.061668,43.863185],[-124.061653,43.863197],[-124.061642,43.863206],[-124.061628,43.863216],[-124.061612,43.863229],[-124.061598,43.863241],[-124.061585,43.863253],[-124.061572,43.863266],[-124.061559,43.863279],[-124.061547,43.863291],[-124.061534,43.863305],[-124.061522,43.86332],[-124.061512,43.863334],[-124.061503,43.863347],[-124.061493,43.863361],[-124.061483,43.863375],[-124.061474,43.86339],[-124.061466,43.863406],[-124.061458,43.863422],[-124.061453,43.863435],[-124.061446,43.86345],[-124.061439,43.86347],[-124.061435,43.863487],[-124.061431,43.863503],[-124.061429,43.863519],[-124.061427,43.863532],[-124.061425,43.863549],[-124.061423,43.863564],[-124.061422,43.863578],[-124.061421,43.863593],[-124.061421,43.863609],[-124.061421,43.863623],[-124.06142,43.863637],[-124.06142,43.863654],[-124.061422,43.863672],[-124.061424,43.863686],[-124.061426,43.863699],[-124.061428,43.863715],[-124.061431,43.863728],[-124.061432,43.863742],[-124.061435,43.863756],[-124.061437,43.86377],[-124.06144,43.863785],[-124.061443,43.863799],[-124.061446,43.863812],[-124.061449,43.863828],[-124.061453,43.863844],[-124.061456,43.863855],[-124.061459,43.863868],[-124.061463,43.863884],[-124.061466,43.863898],[-124.06147,43.863911],[-124.061474,43.863927],[-124.061479,43.863939],[-124.061482,43.863951],[-124.061486,43.863965],[-124.061489,43.86398],[-124.061495,43.863996],[-124.0615,43.864011],[-124.061506,43.864024],[-124.06151,43.864037],[-124.061516,43.86405],[-124.06152,43.864062],[-124.061524,43.864073],[-124.061527,43.864087],[-124.061532,43.864099],[-124.061535,43.864111],[-124.061539,43.864125],[-124.061544,43.864144],[-124.061553,43.864163],[-124.06156,43.864176],[-124.061564,43.864185],[-124.061567,43.864194],[-124.061571,43.864206],[-124.061574,43.864215],[-124.061576,43.864224],[-124.061577,43.864233],[-124.061577,43.864244],[-124.061577,43.864255],[-124.061577,43.864265],[-124.061576,43.864274],[-124.061574,43.864283],[-124.061572,43.864291],[-124.061569,43.864299],[-124.061565,43.864309],[-124.061559,43.86432],[-124.061553,43.86433],[-124.061548,43.864339],[-124.061541,43.864348],[-124.061535,43.864357],[-124.061527,43.864366],[-124.061519,43.864375],[-124.061509,43.864385],[-124.061501,43.864393],[-124.061492,43.8644],[-124.061481,43.864409],[-124.061473,43.864415],[-124.061462,43.864422],[-124.06145,43.86443],[-124.06144,43.864436],[-124.061428,43.864442],[-124.061415,43.864449],[-124.061402,43.864454],[-124.06139,43.86446],[-124.061377,43.864465],[-124.061364,43.864469],[-124.06135,43.864474],[-124.061336,43.864478],[-124.061322,43.864482],[-124.061309,43.864485],[-124.061294,43.864488],[-124.061279,43.86449],[-124.061265,43.864492],[-124.06125,43.864494],[-124.061235,43.864496],[-124.06122,43.864497],[-124.061206,43.864497],[-124.061191,43.864497],[-124.061176,43.864497],[-124.061161,43.864497],[-124.061148,43.864496],[-124.061133,43.864494],[-124.061118,43.864492],[-124.061104,43.86449],[-124.06109,43.864488],[-124.061076,43.864485],[-124.061062,43.864482],[-124.061049,43.864478],[-124.061035,43.864474],[-124.06102,43.864469],[-124.061006,43.864464],[-124.060994,43.864459],[-124.060981,43.864454],[-124.060969,43.864448],[-124.060958,43.864442],[-124.060949,43.864437],[-124.060937,43.864429],[-124.060925,43.864422],[-124.060914,43.864414],[-124.060901,43.864405],[-124.06089,43.864397],[-124.060879,43.864388],[-124.060869,43.864379],[-124.060858,43.86437],[-124.060848,43.864361],[-124.060839,43.864351],[-124.060828,43.864341],[-124.060819,43.864331],[-124.060811,43.864322],[-124.060802,43.864311],[-124.060794,43.864302],[-124.060787,43.864292],[-124.06078,43.864282],[-124.060772,43.864269],[-124.060763,43.864257],[-124.060755,43.864245],[-124.060747,43.864233],[-124.060738,43.86422],[-124.06073,43.864208],[-124.060722,43.864195],[-124.060712,43.864181],[-124.060703,43.864169],[-124.060696,43.864158],[-124.060687,43.864146],[-124.06068,43.864136],[-124.060673,43.864124],[-124.060664,43.864109],[-124.060655,43.864097],[-124.060645,43.864082],[-124.060635,43.864068],[-124.060624,43.864055],[-124.060612,43.864041],[-124.060602,43.864029],[-124.06059,43.864015],[-124.060577,43.864003],[-124.060565,43.863991],[-124.060552,43.863978],[-124.060539,43.863966],[-124.060526,43.863955],[-124.060514,43.863944],[-124.0605,43.863932],[-124.060484,43.86392],[-124.060469,43.863908],[-124.060452,43.863896],[-124.060436,43.863886],[-124.060419,43.863875],[-124.060402,43.863865],[-124.060385,43.863855],[-124.060366,43.863846],[-124.060349,43.863837],[-124.060329,43.863828],[-124.060309,43.86382],[-124.06029,43.863812],[-124.060269,43.863805],[-124.060251,43.863798],[-124.060231,43.863791],[-124.060209,43.863785],[-124.060188,43.863779],[-124.060168,43.863774],[-124.060146,43.863769],[-124.060125,43.863765],[-124.060103,43.863761],[-124.06008,43.863758],[-124.06006,43.863755],[-124.06004,43.863752],[-124.060022,43.86375],[-124.060003,43.863748],[-124.059985,43.863746],[-124.059965,43.863743],[-124.059945,43.863741],[-124.059928,43.863739],[-124.059909,43.863737],[-124.059891,43.863734],[-124.059872,43.863732],[-124.059853,43.86373],[-124.059834,43.863728],[-124.059815,43.863725],[-124.059797,43.863723],[-124.059778,43.863721],[-124.05976,43.863719],[-124.059741,43.863716],[-124.059723,43.863714],[-124.059702,43.863712],[-124.059684,43.86371],[-124.059666,43.863707],[-124.059647,43.863705],[-124.059629,43.863703],[-124.05961,43.863701],[-124.059591,43.863698],[-124.059572,43.863696],[-124.059553,43.863694],[-124.059536,43.863692],[-124.059516,43.863689],[-124.059498,43.863687],[-124.05948,43.863685],[-124.059462,43.863683],[-124.059442,43.86368],[-124.059421,43.863678],[-124.059398,43.863676],[-124.059376,43.863674],[-124.059355,43.863673],[-124.059334,43.863672],[-124.059312,43.863671],[-124.05929,43.863671],[-124.059268,43.863672],[-124.059246,43.863672],[-124.059224,43.863673],[-124.0592,43.863675],[-124.059179,43.863677],[-124.059158,43.86368],[-124.059138,43.863683],[-124.059117,43.863686],[-124.059096,43.863689],[-124.059076,43.863693],[-124.059055,43.863697],[-124.059036,43.8637],[-124.059016,43.863705],[-124.058995,43.863709],[-124.058973,43.863715],[-124.058951,43.863721],[-124.05893,43.863728],[-124.058914,43.863734],[-124.058895,43.863739],[-124.058877,43.863746],[-124.058861,43.863751],[-124.058843,43.863757],[-124.058826,43.863763],[-124.058808,43.863769],[-124.05879,43.863776],[-124.058774,43.863782],[-124.058755,43.863788],[-124.058736,43.863796],[-124.058717,43.863803],[-124.058701,43.86381],[-124.058686,43.863816],[-124.05867,43.863822],[-124.058653,43.863829],[-124.058636,43.863835],[-124.05862,43.863842],[-124.058604,43.863848],[-124.058587,43.863854],[-124.05857,43.863861],[-124.058555,43.863867],[-124.058538,43.863873],[-124.05852,43.863879],[-124.058504,43.863885],[-124.058488,43.863892],[-124.058473,43.863897],[-124.058455,43.863903],[-124.058437,43.86391],[-124.058422,43.863915],[-124.058404,43.863921],[-124.058387,43.863927],[-124.058372,43.863933],[-124.058354,43.863939],[-124.058336,43.863945],[-124.05832,43.86395],[-124.058303,43.863956],[-124.058287,43.863962],[-124.058269,43.863968],[-124.058253,43.863973],[-124.058235,43.863979],[-124.058218,43.863985],[-124.058202,43.86399],[-124.058184,43.863996],[-124.058168,43.864001],[-124.05815,43.864007],[-124.058134,43.864012],[-124.058119,43.864016],[-124.058101,43.864022],[-124.058084,43.864027],[-124.058066,43.864032],[-124.058048,43.864037],[-124.058031,43.864042],[-124.058013,43.864047],[-124.057996,43.864052],[-124.057978,43.864058],[-124.05796,43.864063],[-124.057942,43.864068],[-124.057925,43.864073],[-124.057908,43.864078],[-124.057891,43.864083],[-124.057873,43.864088],[-124.057855,43.864094],[-124.057836,43.864099],[-124.05782,43.864104],[-124.057803,43.864109],[-124.057785,43.864114],[-124.057767,43.864119],[-124.05775,43.864125],[-124.057732,43.86413],[-124.057715,43.864135],[-124.057697,43.86414],[-124.057679,43.864145],[-124.057662,43.86415],[-124.057644,43.864156],[-124.057625,43.864161],[-124.057609,43.864166],[-124.057592,43.864171],[-124.057575,43.864176],[-124.057557,43.864181],[-124.057539,43.864186],[-124.05752,43.864192],[-124.057503,43.864197],[-124.057487,43.864202],[-124.057469,43.864207],[-124.057451,43.864212],[-124.057433,43.864217],[-124.057415,43.864223],[-124.057399,43.864228],[-124.057381,43.864233],[-124.057363,43.864238],[-124.057346,43.864243],[-124.057328,43.864248],[-124.057309,43.864254],[-124.057292,43.864259],[-124.057276,43.864264],[-124.057258,43.864269],[-124.057242,43.864274],[-124.057225,43.864278],[-124.057207,43.864283],[-124.057188,43.864289],[-124.05717,43.864294],[-124.05715,43.864299],[-124.057132,43.864305],[-124.057115,43.864311],[-124.057096,43.864316],[-124.057078,43.864322],[-124.057059,43.864329],[-124.057043,43.864334],[-124.057024,43.86434],[-124.057003,43.864348],[-124.056985,43.864355],[-124.056968,43.864362],[-124.056952,43.864368],[-124.056936,43.864375],[-124.056917,43.864382],[-124.056901,43.864389],[-124.056886,43.864395],[-124.056869,43.864402],[-124.056852,43.864409],[-124.056834,43.864416],[-124.056817,43.864423],[-124.056801,43.86443],[-124.056786,43.864436],[-124.05677,43.864442],[-124.056754,43.864449],[-124.056738,43.864455],[-124.056722,43.864461],[-124.056706,43.864467],[-124.056688,43.864473],[-124.056673,43.864479],[-124.056658,43.864484],[-124.056642,43.86449],[-124.056625,43.864495],[-124.05661,43.8645],[-124.056594,43.864505],[-124.056578,43.86451],[-124.056561,43.864515],[-124.056545,43.864519],[-124.05653,43.864523],[-124.056513,43.864527],[-124.056497,43.864531],[-124.056479,43.864535],[-124.056462,43.864539],[-124.056445,43.864543],[-124.056427,43.864546],[-124.05641,43.86455],[-124.056396,43.864553],[-124.056382,43.864555],[-124.056363,43.864557],[-124.056344,43.86456],[-124.056324,43.864563],[-124.056304,43.864566],[-124.056284,43.86457],[-124.056264,43.864573],[-124.056246,43.864577],[-124.056227,43.86458],[-124.056208,43.864584],[-124.056188,43.864588],[-124.05617,43.864592],[-124.05615,43.864596],[-124.056129,43.864601],[-124.056111,43.864605],[-124.056092,43.86461],[-124.056072,43.864615],[-124.056053,43.86462],[-124.056033,43.864625],[-124.056014,43.864631],[-124.055996,43.864636],[-124.055976,43.864643],[-124.055958,43.864649],[-124.05594,43.864654],[-124.055923,43.86466],[-124.055904,43.864667],[-124.055885,43.864674],[-124.055868,43.86468],[-124.055851,43.864687],[-124.055833,43.864693],[-124.055816,43.8647],[-124.055797,43.864708],[-124.055777,43.864716],[-124.05576,43.864724],[-124.055746,43.864731],[-124.055728,43.864738],[-124.055711,43.864746],[-124.055698,43.864753],[-124.05568,43.86476],[-124.055665,43.864768],[-124.055649,43.864775],[-124.05563,43.864783],[-124.055613,43.864792],[-124.055597,43.8648],[-124.055583,43.864807],[-124.055567,43.864814],[-124.055553,43.864821],[-124.055537,43.864828],[-124.055521,43.864836],[-124.055507,43.864842],[-124.055492,43.864848],[-124.055475,43.864855],[-124.05546,43.864862],[-124.055445,43.864868],[-124.055429,43.864874],[-124.055414,43.86488],[-124.055398,43.864887],[-124.055381,43.864893],[-124.055366,43.864898],[-124.055349,43.864904],[-124.055332,43.86491],[-124.055317,43.864916],[-124.0553,43.864921],[-124.055283,43.864927],[-124.055267,43.864933],[-124.055251,43.864938],[-124.055234,43.864943],[-124.055218,43.864948],[-124.055206,43.864952],[-124.05519,43.864956],[-124.055169,43.864961],[-124.055151,43.864966],[-124.055131,43.864972],[-124.055112,43.864977],[-124.055095,43.864982],[-124.055076,43.864988],[-124.055056,43.864994],[-124.05504,43.865],[-124.055022,43.865005],[-124.055004,43.865011],[-124.054985,43.865018],[-124.054966,43.865025],[-124.054948,43.865031],[-124.05493,43.865039],[-124.054911,43.865046],[-124.054893,43.865054],[-124.054873,43.865063],[-124.054854,43.865072],[-124.054836,43.865082],[-124.054819,43.865091],[-124.054805,43.865099],[-124.054789,43.865108],[-124.054775,43.865116],[-124.054773,43.865117],[-124.054758,43.865126],[-124.054743,43.865135],[-124.054728,43.865143],[-124.054713,43.865152],[-124.054698,43.865161],[-124.054683,43.86517],[-124.054667,43.86518],[-124.054649,43.865191],[-124.054634,43.865202],[-124.054621,43.865212],[-124.054608,43.865221],[-124.054594,43.86523],[-124.054581,43.865239],[-124.054568,43.865248],[-124.054556,43.865256],[-124.054544,43.865264],[-124.054528,43.865274],[-124.054514,43.865283],[-124.054501,43.86529],[-124.054487,43.865299],[-124.054474,43.865307],[-124.054461,43.865314],[-124.054446,43.865322],[-124.054433,43.865329],[-124.054419,43.865336],[-124.054404,43.865344],[-124.054389,43.865351],[-124.054375,43.865358],[-124.054364,43.865363],[-124.054351,43.865368],[-124.054335,43.865374],[-124.054319,43.86538],[-124.054302,43.865387],[-124.054284,43.865393],[-124.054268,43.865399],[-124.054252,43.865405],[-124.054236,43.865411],[-124.054219,43.865417],[-124.054202,43.865423],[-124.054189,43.865428],[-124.054172,43.865433],[-124.054154,43.865439],[-124.054135,43.865445],[-124.054118,43.865451],[-124.054099,43.865458],[-124.054081,43.865464],[-124.054064,43.865471],[-124.054048,43.865476],[-124.054033,43.865482],[-124.054017,43.865487],[-124.053997,43.865494],[-124.053977,43.865501],[-124.053958,43.865508],[-124.053938,43.865517],[-124.053919,43.865526],[-124.053902,43.865534],[-124.053882,43.865544],[-124.053862,43.865555],[-124.053843,43.865567],[-124.053829,43.865577],[-124.053814,43.865587],[-124.053798,43.865599],[-124.053795,43.865601],[-124.053786,43.865608],[-124.053771,43.865618],[-124.053756,43.86563],[-124.053742,43.865641],[-124.053725,43.865656],[-124.053711,43.865671],[-124.053701,43.86568],[-124.053692,43.865689],[-124.053681,43.865699],[-124.053671,43.865708],[-124.053663,43.865715],[-124.053648,43.865726],[-124.053634,43.865738],[-124.053626,43.865745],[-124.053615,43.865752],[-124.053604,43.86576],[-124.053593,43.865766],[-124.053582,43.865773],[-124.05357,43.865779],[-124.053557,43.865785],[-124.053546,43.865791],[-124.053534,43.865795],[-124.053523,43.865799],[-124.053512,43.865803],[-124.053498,43.865806],[-124.053483,43.86581],[-124.053468,43.865813],[-124.053453,43.865816],[-124.053438,43.865819],[-124.053421,43.865821],[-124.053407,43.865823],[-124.053392,43.865825],[-124.05338,43.865826],[-124.053374,43.865826],[-124.053361,43.865825],[-124.053341,43.865823],[-124.053321,43.865822],[-124.053302,43.865821],[-124.053282,43.86582],[-124.053262,43.865819],[-124.053242,43.865818],[-124.053221,43.865817],[-124.053201,43.865817],[-124.053184,43.865817],[-124.053168,43.865816],[-124.053148,43.865815],[-124.053127,43.865814],[-124.053107,43.865814],[-124.053085,43.865813],[-124.053063,43.865814],[-124.053042,43.865814],[-124.053021,43.865815],[-124.053,43.865816],[-124.052979,43.865817],[-124.052957,43.865819],[-124.052936,43.865821],[-124.052914,43.865824],[-124.05289,43.865827],[-124.05287,43.865831],[-124.052851,43.865834],[-124.052829,43.865838],[-124.05281,43.865843],[-124.052792,43.865846],[-124.052771,43.865851],[-124.052751,43.865856],[-124.052733,43.86586],[-124.05271,43.865866],[-124.052687,43.865874],[-124.052671,43.865879],[-124.052654,43.865884],[-124.052636,43.86589],[-124.05262,43.865895],[-124.052604,43.8659],[-124.052587,43.865905],[-124.052568,43.865911],[-124.052552,43.865916],[-124.052534,43.865921],[-124.052518,43.865926],[-124.052501,43.865931],[-124.052484,43.865935],[-124.052467,43.86594],[-124.052451,43.865944],[-124.052434,43.865948],[-124.052419,43.865952],[-124.052401,43.865956],[-124.052384,43.86596],[-124.052368,43.865963],[-124.05235,43.865967],[-124.052334,43.86597],[-124.052316,43.865973],[-124.052299,43.865977],[-124.052282,43.865979],[-124.052264,43.865982],[-124.052247,43.865985],[-124.052229,43.865988],[-124.052211,43.86599],[-124.052194,43.865993],[-124.052176,43.865995],[-124.052162,43.865997],[-124.052147,43.865998],[-124.052128,43.865999],[-124.05211,43.866],[-124.052091,43.866002],[-124.052071,43.866003],[-124.052052,43.866005],[-124.052034,43.866006],[-124.052015,43.866007],[-124.051996,43.866009],[-124.051977,43.86601],[-124.051958,43.866011],[-124.051924,43.866014],[-124.05189,43.866016],[-124.051873,43.866018],[-124.051839,43.86602],[-124.051811,43.866022],[-124.051772,43.866026],[-124.051719,43.866031],[-124.051694,43.866034],[-124.051677,43.866036],[-124.051413,43.866069],[-124.051364,43.86608],[-124.051337,43.866092],[-124.051306,43.866109],[-124.051283,43.866125],[-124.051261,43.866141],[-124.051241,43.866156],[-124.05122,43.866172],[-124.051179,43.866202],[-124.051157,43.866222],[-124.051139,43.866241],[-124.051123,43.866262],[-124.05111,43.866284],[-124.051098,43.866307],[-124.051089,43.866327],[-124.051079,43.866348],[-124.051067,43.866371],[-124.051051,43.86639],[-124.051044,43.866397],[-124.051032,43.866407],[-124.051019,43.866416],[-124.051007,43.866423],[-124.050981,43.866436],[-124.050955,43.866447],[-124.050941,43.866452],[-124.050896,43.866464],[-124.050878,43.866468],[-124.050858,43.86647],[-124.050844,43.866472],[-124.050838,43.866472],[-124.050812,43.866471],[-124.050805,43.866471],[-124.050787,43.866468],[-124.050772,43.866464],[-124.050761,43.86646],[-124.050743,43.866453],[-124.050726,43.866444],[-124.050714,43.866436],[-124.050705,43.866431],[-124.050691,43.866421],[-124.050668,43.866402],[-124.050651,43.866387],[-124.050625,43.86636],[-124.050609,43.866343],[-124.05059,43.866321],[-124.050566,43.866294],[-124.050546,43.866272],[-124.050526,43.866251],[-124.050504,43.866232],[-124.050483,43.866213],[-124.050452,43.866189],[-124.050422,43.866168],[-124.050398,43.866152],[-124.050372,43.866136],[-124.050332,43.866114],[-124.050304,43.8661],[-124.050266,43.866085],[-124.05021,43.866068],[-124.050179,43.866061],[-124.050128,43.866055],[-124.050094,43.866052],[-124.050035,43.86605],[-124.049999,43.86605],[-124.049963,43.866051],[-124.049911,43.866052],[-124.04984,43.866054],[-124.049752,43.866059],[-124.049694,43.866062],[-124.049653,43.866064],[-124.049584,43.866068],[-124.049489,43.866074],[-124.049447,43.866077],[-124.049384,43.866082],[-124.049344,43.866084],[-124.048606,43.866141],[-124.04853,43.866147],[-124.048444,43.86615],[-124.048379,43.866151],[-124.048324,43.866149],[-124.048258,43.866146],[-124.048161,43.866139],[-124.048104,43.866136],[-124.048013,43.86613],[-124.047932,43.866123],[-124.047887,43.866119],[-124.047787,43.866106],[-124.047713,43.866096],[-124.04763,43.866084],[-124.047584,43.866076],[-124.047284,43.866031],[-124.046974,43.865954],[-124.046589,43.865859],[-124.046539,43.865847],[-124.046489,43.865836],[-124.046439,43.865825],[-124.046388,43.865815],[-124.046363,43.86581],[-124.046706,43.865103],[-124.046856,43.864795],[-124.047044,43.864407],[-124.047047,43.864402],[-124.047049,43.864396],[-124.047051,43.864391],[-124.047053,43.864385],[-124.047055,43.86438],[-124.047057,43.864374],[-124.047058,43.864371],[-124.047059,43.864369],[-124.047061,43.864363],[-124.047062,43.864358],[-124.047064,43.864352],[-124.047065,43.864347],[-124.047066,43.864341],[-124.047067,43.864335],[-124.047068,43.86433],[-124.047068,43.864324],[-124.047069,43.864318],[-124.047069,43.864313],[-124.047069,43.864307],[-124.047069,43.864301],[-124.047069,43.864296],[-124.047069,43.86429],[-124.047069,43.864284],[-124.047069,43.864279],[-124.047068,43.864273],[-124.047067,43.864268],[-124.047066,43.864262],[-124.047066,43.864256],[-124.047064,43.864251],[-124.047063,43.864245],[-124.047062,43.86424],[-124.04706,43.864234],[-124.047059,43.864228],[-124.047057,43.864223],[-124.047055,43.864217],[-124.047053,43.864212],[-124.047051,43.864207],[-124.047048,43.864201],[-124.047046,43.864196],[-124.047043,43.86419],[-124.047041,43.864185],[-124.047038,43.86418],[-124.047035,43.864175],[-124.047032,43.864169],[-124.047029,43.864164],[-124.047025,43.864159],[-124.047022,43.864154],[-124.047018,43.864149],[-124.047015,43.864144],[-124.047011,43.864139],[-124.047007,43.864134],[-124.047003,43.864129],[-124.046999,43.864125],[-124.046994,43.86412],[-124.04699,43.864115],[-124.046986,43.864111],[-124.046981,43.864106],[-124.046976,43.864101],[-124.046971,43.864097],[-124.046966,43.864093],[-124.046961,43.864088],[-124.046956,43.864084],[-124.046951,43.86408],[-124.046946,43.864076],[-124.04694,43.864072],[-124.046935,43.864068],[-124.046929,43.864064],[-124.046923,43.86406],[-124.046918,43.864056],[-124.046912,43.864052],[-124.046906,43.864049],[-124.0469,43.864045],[-124.046893,43.864042],[-124.046887,43.864038],[-124.046881,43.864035],[-124.046874,43.864032],[-124.046868,43.864029],[-124.046866,43.864028],[-124.046861,43.864026],[-124.046855,43.864023],[-124.046848,43.86402],[-124.046841,43.864017],[-124.046834,43.864014],[-124.046827,43.864012],[-124.04682,43.864009],[-124.046813,43.864007],[-124.046806,43.864004],[-124.046799,43.864002],[-124.046792,43.864],[-124.046785,43.863998],[-124.046777,43.863996],[-124.046774,43.863995],[-124.046463,43.863913],[-124.04646,43.863913],[-124.046456,43.863912],[-124.046452,43.863911],[-124.046449,43.86391],[-124.046445,43.863909],[-124.046441,43.863908],[-124.046437,43.863907],[-124.046434,43.863906],[-124.04643,43.863905],[-124.046426,43.863904],[-124.046423,43.863903],[-124.046419,43.863901],[-124.046416,43.8639],[-124.046412,43.863899],[-124.046409,43.863897],[-124.046405,43.863896],[-124.046402,43.863894],[-124.046399,43.863893],[-124.046395,43.863891],[-124.046392,43.86389],[-124.046389,43.863888],[-124.046385,43.863886],[-124.046382,43.863885],[-124.046379,43.863883],[-124.046376,43.863881],[-124.046373,43.863879],[-124.04637,43.863877],[-124.046367,43.863875],[-124.046364,43.863874],[-124.046361,43.863872],[-124.046358,43.86387],[-124.046356,43.863867],[-124.046353,43.863865],[-124.04635,43.863863],[-124.046348,43.863861],[-124.046345,43.863859],[-124.046343,43.863857],[-124.04634,43.863854],[-124.046338,43.863852],[-124.046335,43.86385],[-124.046333,43.863847],[-124.046331,43.863845],[-124.046329,43.863843],[-124.046327,43.86384],[-124.046325,43.863838],[-124.046323,43.863835],[-124.04632,43.863825],[-124.046319,43.863817],[-124.046318,43.863806],[-124.046318,43.863796],[-124.046318,43.863789],[-124.04632,43.863777],[-124.046321,43.863768],[-124.046326,43.863754],[-124.046328,43.863738],[-124.04633,43.863727],[-124.046333,43.863716],[-124.046336,43.863704],[-124.04634,43.863693],[-124.046344,43.863682],[-124.046348,43.863669],[-124.046352,43.86366],[-124.046357,43.863649],[-124.046363,43.863637],[-124.046368,43.863627],[-124.046369,43.863626],[-124.046372,43.863623],[-124.04638,43.863616],[-124.046388,43.86361],[-124.046399,43.863602],[-124.046407,43.863597],[-124.046417,43.863592],[-124.046429,43.863586],[-124.046439,43.863581],[-124.046449,43.863578],[-124.04646,43.863574],[-124.046472,43.863571],[-124.046487,43.863568],[-124.046504,43.863564],[-124.046517,43.863561],[-124.046531,43.863559],[-124.046546,43.863557],[-124.046559,43.863555],[-124.046573,43.863554],[-124.046587,43.863554],[-124.046603,43.863553],[-124.046625,43.863553],[-124.046648,43.863552],[-124.046667,43.863551],[-124.046686,43.86355],[-124.046705,43.863549],[-124.046724,43.863548],[-124.046743,43.863547],[-124.046762,43.863546],[-124.04678,43.863544],[-124.046799,43.863544],[-124.046819,43.863542],[-124.046837,43.863541],[-124.046856,43.86354],[-124.04687,43.863539],[-124.046886,43.86354],[-124.046911,43.863539],[-124.046937,43.863537],[-124.046964,43.863534],[-124.046991,43.86353],[-124.047016,43.863524],[-124.047042,43.863516],[-124.047066,43.863508],[-124.04709,43.863498],[-124.047112,43.863488],[-124.047132,43.863476],[-124.047154,43.863463],[-124.047171,43.863449],[-124.047189,43.863434],[-124.047205,43.863418],[-124.047219,43.863402],[-124.047232,43.863385],[-124.047244,43.863366],[-124.047257,43.863338],[-124.047259,43.86331],[-124.047257,43.863288],[-124.047253,43.863266],[-124.047245,43.863243],[-124.047232,43.86322],[-124.047218,43.863201],[-124.047201,43.863182],[-124.047175,43.863162],[-124.047146,43.863146],[-124.047117,43.863133],[-124.047086,43.863124],[-124.047054,43.863117],[-124.047022,43.863114],[-124.046988,43.863113],[-124.046969,43.863115],[-124.046956,43.863115],[-124.046932,43.863115],[-124.046906,43.863116],[-124.046881,43.863119],[-124.046855,43.863122],[-124.046832,43.863126],[-124.046814,43.86313],[-124.046813,43.86313],[-124.046795,43.863134],[-124.046777,43.863137],[-124.046758,43.863141],[-124.046739,43.863145],[-124.046722,43.863148],[-124.046703,43.863152],[-124.046685,43.863156],[-124.046667,43.863159],[-124.046653,43.863162],[-124.046638,43.863164],[-124.046621,43.863167],[-124.046603,43.863169],[-124.046587,43.863171],[-124.046571,43.863173],[-124.046554,43.863174],[-124.046537,43.863175],[-124.046521,43.863176],[-124.046503,43.863177],[-124.046487,43.863178],[-124.04647,43.863178],[-124.046453,43.863178],[-124.046437,43.863178],[-124.04642,43.863178],[-124.046402,43.863177],[-124.046385,43.863176],[-124.046364,43.863175],[-124.046341,43.863175],[-124.046322,43.863175],[-124.046303,43.863174],[-124.046283,43.863174],[-124.046264,43.863174],[-124.046245,43.863174],[-124.046226,43.863174],[-124.046207,43.863174],[-124.046188,43.863174],[-124.046169,43.863174],[-124.046152,43.863173],[-124.046132,43.863173],[-124.046113,43.863173],[-124.046094,43.863173],[-124.046075,43.863173],[-124.046056,43.863173],[-124.046037,43.863173],[-124.046019,43.863173],[-124.046,43.863172],[-124.045981,43.863172],[-124.045962,43.863172],[-124.045943,43.863172],[-124.045924,43.863172],[-124.045905,43.863172],[-124.045886,43.863172],[-124.045867,43.863172],[-124.045848,43.863172],[-124.045829,43.863172],[-124.04581,43.863171],[-124.045791,43.863171],[-124.045772,43.863171],[-124.045753,43.863171],[-124.045734,43.863171],[-124.045715,43.863171],[-124.045695,43.863171],[-124.045677,43.863171],[-124.045662,43.86317],[-124.045647,43.86317],[-124.045639,43.863169],[-124.045637,43.863334],[-124.045652,43.863335],[-124.045674,43.863335],[-124.045695,43.863335],[-124.045713,43.863335],[-124.045732,43.863336],[-124.045751,43.863336],[-124.04577,43.863336],[-124.045789,43.863336],[-124.045808,43.863336],[-124.045827,43.863336],[-124.045846,43.863336],[-124.045865,43.863336],[-124.045884,43.863336],[-124.045903,43.863337],[-124.045922,43.863337],[-124.045941,43.863337],[-124.04596,43.863337],[-124.045979,43.863337],[-124.045997,43.863337],[-124.046016,43.863337],[-124.046036,43.863337],[-124.046055,43.863338],[-124.046074,43.863338],[-124.046093,43.863338],[-124.046112,43.863338],[-124.046131,43.863338],[-124.046149,43.863338],[-124.046167,43.863338],[-124.046186,43.863338],[-124.046205,43.863338],[-124.046224,43.863339],[-124.046243,43.863339],[-124.046262,43.863339],[-124.046281,43.863339],[-124.0463,43.863339],[-124.046319,43.863339],[-124.046338,43.863339],[-124.046352,43.86334],[-124.046369,43.863341],[-124.04639,43.863341],[-124.046411,43.863342],[-124.046432,43.863343],[-124.046454,43.863343],[-124.046474,43.863342],[-124.046495,43.863342],[-124.046517,43.863341],[-124.046537,43.86334],[-124.046558,43.863339],[-124.046579,43.863338],[-124.0466,43.863336],[-124.046622,43.863334],[-124.046642,43.863331],[-124.046662,43.863329],[-124.046683,43.863326],[-124.046706,43.863322],[-124.046726,43.863318],[-124.046746,43.863314],[-124.046764,43.863311],[-124.046783,43.863307],[-124.0468,43.863303],[-124.046819,43.8633],[-124.046837,43.863296],[-124.046856,43.863292],[-124.046873,43.863289],[-124.046891,43.863285],[-124.046905,43.863283],[-124.046916,43.863281],[-124.046929,43.86328],[-124.046941,43.863279],[-124.046955,43.863279],[-124.04698,43.86328],[-124.046999,43.863278],[-124.047002,43.863278],[-124.047006,43.863279],[-124.047011,43.86328],[-124.047015,43.863281],[-124.047018,43.863282],[-124.047019,43.863283],[-124.047019,43.863283],[-124.047023,43.863287],[-124.047027,43.863292],[-124.047028,43.863294],[-124.04703,43.863298],[-124.047031,43.863303],[-124.047031,43.863307],[-124.047028,43.863312],[-124.047023,43.863318],[-124.047017,43.863326],[-124.04701,43.863332],[-124.047003,43.863338],[-124.046995,43.863344],[-124.046987,43.863349],[-124.046978,43.863354],[-124.04697,43.863358],[-124.04696,43.863362],[-124.04695,43.863366],[-124.04694,43.863369],[-124.04693,43.863371],[-124.04692,43.863373],[-124.046909,43.863374],[-124.046897,43.863375],[-124.046885,43.863375],[-124.046863,43.863375],[-124.046838,43.863376],[-124.046819,43.863377],[-124.0468,43.863378],[-124.046782,43.863379],[-124.046763,43.86338],[-124.046744,43.863381],[-124.046725,43.863383],[-124.046706,43.863384],[-124.046687,43.863385],[-124.046669,43.863386],[-124.04665,43.863387],[-124.04663,43.863388],[-124.046616,43.863389],[-124.0466,43.863389],[-124.046578,43.863389],[-124.046554,43.86339],[-124.04653,43.863392],[-124.046507,43.863394],[-124.046485,43.863398],[-124.046461,43.863401],[-124.046439,43.863406],[-124.046419,43.86341],[-124.046397,43.863415],[-124.046374,43.863422],[-124.04635,43.86343],[-124.046326,43.863439],[-124.046305,43.863448],[-124.046285,43.863458],[-124.046264,43.863469],[-124.046244,43.863481],[-124.046228,43.863493],[-124.046209,43.863507],[-124.046193,43.863521],[-124.046173,43.86354],[-124.046158,43.863564],[-124.04615,43.86358],[-124.046143,43.863593],[-124.046135,43.863609],[-124.046129,43.863626],[-124.046124,43.863639],[-124.046118,43.863655],[-124.046114,43.86367],[-124.046109,43.863685],[-124.046106,43.863701],[-124.046102,43.863717],[-124.046101,43.863728],[-124.046096,43.863742],[-124.046094,43.863759],[-124.046091,43.863775],[-124.04609,43.863795],[-124.046091,43.863813],[-124.046092,43.863829],[-124.046095,43.863849],[-124.046099,43.863865],[-124.046102,43.863871],[-124.046104,43.863876],[-124.046107,43.863881],[-124.046111,43.863887],[-124.046114,43.863892],[-124.046117,43.863897],[-124.046121,43.863902],[-124.046124,43.863907],[-124.046128,43.863912],[-124.046132,43.863917],[-124.046136,43.863922],[-124.04614,43.863927],[-124.046144,43.863932],[-124.046148,43.863937],[-124.046153,43.863942],[-124.046157,43.863946],[-124.046162,43.863951],[-124.046167,43.863956],[-124.046172,43.86396],[-124.046177,43.863965],[-124.046182,43.863969],[-124.046187,43.863973],[-124.046192,43.863978],[-124.046198,43.863982],[-124.046203,43.863986],[-124.046209,43.86399],[-124.046215,43.863994],[-124.04622,43.863998],[-124.046226,43.864002],[-124.046232,43.864006],[-124.046238,43.864009],[-124.046245,43.864013],[-124.046251,43.864016],[-124.046257,43.86402],[-124.046264,43.864023],[-124.04627,43.864027],[-124.046277,43.86403],[-124.046283,43.864033],[-124.04629,43.864036],[-124.046297,43.864039],[-124.046304,43.864042],[-124.046311,43.864044],[-124.046318,43.864047],[-124.046325,43.86405],[-124.046332,43.864052],[-124.046339,43.864055],[-124.046346,43.864057],[-124.046354,43.864059],[-124.046361,43.864061],[-124.046368,43.864064],[-124.046376,43.864065],[-124.046383,43.864067],[-124.046385,43.864068],[-124.046697,43.864149],[-124.046698,43.86415],[-124.046702,43.864151],[-124.046705,43.864152],[-124.046709,43.864153],[-124.046712,43.864154],[-124.046716,43.864155],[-124.046719,43.864156],[-124.046723,43.864158],[-124.046726,43.864159],[-124.04673,43.86416],[-124.046733,43.864162],[-124.046736,43.864163],[-124.04674,43.864165],[-124.046743,43.864166],[-124.046746,43.864168],[-124.046749,43.864169],[-124.046752,43.864171],[-124.046755,43.864173],[-124.046758,43.864174],[-124.046761,43.864176],[-124.046764,43.864178],[-124.046767,43.86418],[-124.04677,43.864182],[-124.046773,43.864183],[-124.046776,43.864185],[-124.046778,43.864187],[-124.046781,43.864189],[-124.046784,43.864191],[-124.046786,43.864193],[-124.046789,43.864196],[-124.046791,43.864198],[-124.046794,43.8642],[-124.046796,43.864202],[-124.046798,43.864204],[-124.046801,43.864206],[-124.046803,43.864209],[-124.046805,43.864211],[-124.046807,43.864213],[-124.046809,43.864216],[-124.046811,43.864218],[-124.046813,43.864221],[-124.046815,43.864223],[-124.046817,43.864225],[-124.046819,43.864228],[-124.04682,43.86423],[-124.046822,43.864233],[-124.046823,43.864235],[-124.046825,43.864238],[-124.046826,43.864241],[-124.046828,43.864243],[-124.046829,43.864246],[-124.04683,43.864248],[-124.046832,43.864251],[-124.046833,43.864254],[-124.046834,43.864256],[-124.046835,43.864259],[-124.046836,43.864262],[-124.046837,43.864265],[-124.046837,43.864267],[-124.046838,43.86427],[-124.046839,43.864273],[-124.046839,43.864275],[-124.04684,43.864278],[-124.04684,43.864281],[-124.046841,43.864284],[-124.046841,43.864287],[-124.046842,43.864289],[-124.046842,43.864292],[-124.046842,43.864295],[-124.046842,43.864298],[-124.046842,43.8643],[-124.046842,43.864303],[-124.046842,43.864306],[-124.046842,43.864309],[-124.046841,43.864312],[-124.046841,43.864314],[-124.046841,43.864317],[-124.04684,43.86432],[-124.04684,43.864323],[-124.046839,43.864325],[-124.046838,43.864328],[-124.046838,43.864331],[-124.046837,43.864334],[-124.046836,43.864336],[-124.046835,43.864339],[-124.046834,43.864342],[-124.046833,43.864344],[-124.046832,43.864347],[-124.046831,43.86435],[-124.04683,43.864352],[-124.04663,43.864764],[-124.046483,43.865065],[-124.046138,43.865775],[-124.046087,43.865769],[-124.046035,43.865764],[-124.045982,43.865759],[-124.04593,43.865754],[-124.04588,43.865751],[-124.04547,43.865725],[-124.045262,43.865714],[-124.045262,43.865714],[-124.045261,43.865714],[-124.045241,43.865713],[-124.045221,43.865712],[-124.045202,43.865712],[-124.045181,43.865711],[-124.045161,43.86571],[-124.045142,43.86571],[-124.045122,43.865709],[-124.045101,43.865709],[-124.045082,43.865709],[-124.045061,43.865709],[-124.045041,43.865709],[-124.045029,43.86571],[-124.045018,43.865709],[-124.044997,43.865707],[-124.044975,43.865706],[-124.044951,43.865705],[-124.044928,43.865705],[-124.044905,43.865706],[-124.044882,43.865707],[-124.044858,43.865709],[-124.044835,43.865712],[-124.044812,43.865716],[-124.044789,43.865719],[-124.044766,43.865724],[-124.044752,43.865727],[-124.044741,43.865729],[-124.044719,43.865732],[-124.044689,43.865738],[-124.044661,43.865746],[-124.044636,43.865755],[-124.04461,43.865767],[-124.044586,43.865781],[-124.044565,43.865795],[-124.044542,43.865814],[-124.044525,43.865834],[-124.044513,43.865851],[-124.044501,43.86587],[-124.044492,43.865891],[-124.044486,43.86591],[-124.044482,43.86593],[-124.04448,43.865951],[-124.04448,43.865973],[-124.044484,43.865992],[-124.044488,43.866011],[-124.044496,43.866031],[-124.044504,43.86605],[-124.044517,43.86607],[-124.04453,43.866086],[-124.044545,43.866104],[-124.044564,43.866121],[-124.04458,43.866133],[-124.044589,43.86614],[-124.044599,43.866149],[-124.04461,43.866159],[-124.044621,43.86617],[-124.044635,43.866181],[-124.044646,43.866192],[-124.044657,43.866201],[-124.044668,43.866212],[-124.044682,43.866224],[-124.044694,43.866235],[-124.044705,43.866245],[-124.044716,43.866255],[-124.044728,43.866266],[-124.044741,43.866278],[-124.044753,43.866289],[-124.044765,43.866299],[-124.044775,43.866308],[-124.044786,43.866319],[-124.0448,43.866332],[-124.044812,43.866342],[-124.044823,43.866352],[-124.044834,43.866362],[-124.044847,43.866375],[-124.044859,43.866385],[-124.044871,43.866396],[-124.044881,43.866405],[-124.044892,43.866416],[-124.044906,43.866428],[-124.044918,43.866439],[-124.04493,43.86645],[-124.044941,43.866459],[-124.044952,43.86647],[-124.044965,43.866482],[-124.044977,43.866492],[-124.044987,43.866502],[-124.044998,43.866512],[-124.045011,43.866523],[-124.04502,43.866533],[-124.045031,43.866543],[-124.045042,43.866554],[-124.045052,43.866565],[-124.045064,43.866577],[-124.045074,43.866587],[-124.045084,43.866597],[-124.045094,43.866608],[-124.045105,43.866619],[-124.045114,43.86663],[-124.045124,43.866641],[-124.045134,43.866652],[-124.045144,43.866664],[-124.045154,43.866675],[-124.045164,43.866687],[-124.045173,43.866697],[-124.045181,43.866707],[-124.045191,43.86672],[-124.045201,43.866732],[-124.045209,43.866743],[-124.045217,43.866752],[-124.045225,43.866765],[-124.045235,43.866777],[-124.045242,43.866788],[-124.045252,43.866801],[-124.045259,43.866811],[-124.045267,43.866823],[-124.045275,43.866836],[-124.045284,43.866848],[-124.045291,43.866859],[-124.045297,43.866869],[-124.045305,43.866883],[-124.045314,43.866896],[-124.04532,43.866907],[-124.045327,43.866919],[-124.045334,43.866931],[-124.04534,43.866942],[-124.045347,43.866955],[-124.045353,43.866967],[-124.045359,43.866979],[-124.045367,43.866994],[-124.045374,43.867007],[-124.04538,43.867018],[-124.045386,43.867031],[-124.045393,43.867045],[-124.045401,43.867058],[-124.045406,43.867069],[-124.045413,43.867082],[-124.04542,43.867097],[-124.045428,43.86711],[-124.045433,43.867121],[-124.04544,43.867133],[-124.045447,43.867148],[-124.045454,43.867161],[-124.04546,43.867172],[-124.045466,43.867185],[-124.045473,43.867198],[-124.04548,43.867213],[-124.045488,43.867225],[-124.045493,43.867236],[-124.0455,43.867249],[-124.045507,43.867263],[-124.045514,43.867276],[-124.04552,43.867287],[-124.045527,43.867303],[-124.045535,43.867315],[-124.04554,43.867326],[-124.045547,43.867339],[-124.045553,43.867352],[-124.045559,43.867365],[-124.045565,43.867375],[-124.045569,43.867386],[-124.045575,43.8674],[-124.04558,43.867413],[-124.045586,43.867426],[-124.045591,43.867439],[-124.045596,43.86745],[-124.045601,43.867463],[-124.045606,43.867476],[-124.04561,43.867488],[-124.045615,43.867501],[-124.045619,43.867513],[-124.045622,43.867526],[-124.045628,43.867541],[-124.045631,43.867552],[-124.045634,43.867564],[-124.045638,43.867576],[-124.04564,43.867588],[-124.045644,43.867602],[-124.045646,43.867614],[-124.045649,43.867627],[-124.045651,43.867641],[-124.045654,43.867653],[-124.045656,43.867667],[-124.045659,43.867682],[-124.045661,43.867695],[-124.045664,43.867707],[-124.045665,43.867719],[-124.045667,43.867731],[-124.045667,43.867742],[-124.045668,43.867756],[-124.045669,43.867767],[-124.045669,43.867779],[-124.045669,43.867791],[-124.045668,43.867804],[-124.045667,43.867816],[-124.045666,43.867828],[-124.045665,43.867841],[-124.045663,43.86785],[-124.04566,43.867865],[-124.045658,43.867878],[-124.045657,43.867883],[-124.045653,43.867892],[-124.045648,43.867906],[-124.045642,43.867919],[-124.045636,43.867934],[-124.045632,43.867945],[-124.045626,43.867958],[-124.045621,43.867973],[-124.045616,43.867987],[-124.045611,43.868],[-124.045606,43.868013],[-124.045603,43.86802],[-124.045598,43.868029],[-124.04559,43.868043],[-124.045582,43.868058],[-124.045574,43.868075],[-124.045568,43.868093],[-124.045563,43.868111],[-124.045559,43.868126],[-124.045556,43.868141],[-124.045553,43.868159],[-124.045552,43.868175],[-124.045551,43.868189],[-124.045549,43.868205],[-124.045549,43.868223],[-124.04555,43.86824],[-124.045552,43.868257],[-124.045556,43.868277],[-124.045562,43.868295],[-124.045568,43.868311],[-124.045576,43.868329],[-124.045586,43.868348],[-124.045598,43.868365],[-124.045611,43.868381],[-124.045624,43.868396],[-124.045637,43.86841],[-124.045652,43.868424],[-124.045669,43.868438],[-124.045684,43.868449],[-124.045699,43.868461],[-124.045718,43.868474],[-124.045736,43.868484],[-124.045754,43.868495],[-124.045774,43.868505],[-124.045794,43.868515],[-124.045815,43.868523],[-124.045835,43.868531],[-124.045857,43.868539],[-124.04588,43.868546],[-124.045902,43.868551],[-124.045923,43.868557],[-124.045944,43.868561],[-124.045962,43.868565],[-124.045979,43.868568],[-124.045997,43.868572],[-124.046015,43.868576],[-124.046034,43.86858],[-124.046051,43.868584],[-124.046068,43.868588],[-124.046087,43.868592],[-124.046106,43.868597],[-124.046124,43.8686],[-124.046142,43.868604],[-124.04616,43.868608],[-124.046178,43.868612],[-124.046195,43.868616],[-124.046214,43.868621],[-124.046232,43.868625],[-124.046251,43.868629],[-124.046269,43.868633],[-124.046286,43.868636],[-124.046304,43.868641],[-124.046323,43.868645],[-124.046341,43.868649],[-124.046359,43.868653],[-124.046378,43.868657],[-124.046396,43.868661],[-124.046413,43.868665],[-124.04643,43.868669],[-124.04645,43.868673],[-124.046468,43.868677],[-124.046486,43.868681],[-124.046504,43.868685],[-124.046523,43.868689],[-124.046541,43.868693],[-124.046557,43.868697],[-124.046576,43.868701],[-124.046595,43.868705],[-124.046614,43.868709],[-124.046633,43.868714],[-124.046651,43.868717],[-124.046668,43.868721],[-124.046684,43.868725],[-124.046701,43.868729],[-124.046719,43.868733],[-124.046735,43.868737],[-124.04675,43.868741],[-124.046768,43.868746],[-124.046786,43.868751],[-124.0468,43.868755],[-124.046817,43.86876],[-124.046834,43.868765],[-124.046851,43.86877],[-124.046867,43.868776],[-124.046883,43.868781],[-124.046898,43.868786],[-124.046913,43.868792],[-124.04693,43.868798],[-124.046945,43.868803],[-124.04696,43.86881],[-124.046976,43.868816],[-124.046992,43.868822],[-124.047008,43.868829],[-124.047024,43.868836],[-124.047039,43.868842],[-124.047054,43.868849],[-124.047069,43.868855],[-124.047085,43.868863],[-124.047101,43.86887],[-124.047114,43.868876],[-124.047129,43.868884],[-124.047145,43.868892],[-124.047159,43.868899],[-124.047172,43.868906],[-124.047185,43.868913],[-124.047202,43.868922],[-124.047216,43.86893],[-124.047229,43.868937],[-124.047244,43.868946],[-124.047258,43.868954],[-124.047272,43.868962],[-124.047287,43.868971],[-124.0473,43.868979],[-124.047313,43.868987],[-124.047327,43.868996],[-124.047341,43.869005],[-124.047356,43.869014],[-124.047367,43.869022],[-124.047381,43.869031],[-124.047395,43.86904],[-124.047408,43.869049],[-124.04742,43.869057],[-124.047432,43.869066],[-124.047446,43.869076],[-124.047457,43.869085],[-124.04747,43.869095],[-124.047483,43.869105],[-124.047495,43.869114],[-124.047508,43.869124],[-124.047521,43.869134],[-124.047534,43.869144],[-124.047546,43.869154],[-124.04756,43.869165],[-124.047571,43.869173],[-124.047585,43.869186],[-124.047604,43.869199],[-124.047617,43.869207],[-124.047629,43.869216],[-124.04764,43.869224],[-124.047652,43.869233],[-124.047664,43.869243],[-124.047675,43.869251],[-124.047685,43.86926],[-124.047696,43.86927],[-124.047705,43.869278],[-124.047715,43.869289],[-124.047726,43.8693],[-124.047735,43.869309],[-124.047744,43.869319],[-124.047754,43.869331],[-124.047763,43.869341],[-124.04777,43.86935],[-124.047779,43.869362],[-124.047787,43.869373],[-124.047794,43.869383],[-124.047801,43.869392],[-124.047807,43.869403],[-124.047814,43.869414],[-124.047819,43.869425],[-124.047825,43.869438],[-124.04783,43.869448],[-124.047834,43.869457],[-124.047838,43.869467],[-124.04784,43.869477],[-124.047843,43.869488],[-124.047845,43.869501],[-124.047848,43.869515],[-124.047851,43.869528],[-124.047853,43.86954],[-124.047854,43.869552],[-124.047856,43.869568],[-124.047859,43.869581],[-124.04786,43.86959],[-124.047861,43.869598],[-124.04786,43.86961],[-124.04786,43.869626],[-124.047859,43.869641],[-124.04786,43.869657],[-124.047861,43.869673],[-124.047863,43.869688],[-124.047865,43.869702],[-124.047867,43.869718],[-124.047871,43.869735],[-124.047874,43.869749],[-124.047876,43.869761],[-124.04788,43.869778],[-124.047885,43.869794],[-124.04789,43.869809],[-124.047897,43.869826],[-124.047902,43.86984],[-124.047908,43.869854],[-124.047917,43.869872],[-124.047927,43.869888],[-124.047936,43.869903],[-124.047945,43.869915],[-124.047955,43.869929],[-124.047966,43.869945],[-124.047981,43.869961],[-124.047996,43.869976],[-124.04801,43.869988],[-124.048022,43.869999],[-124.048036,43.870011],[-124.048051,43.870023],[-124.048065,43.870034],[-124.048079,43.870045],[-124.048094,43.870056],[-124.048108,43.870066],[-124.048125,43.870078],[-124.048144,43.870089],[-124.048161,43.870099],[-124.048177,43.870108],[-124.048195,43.870117],[-124.04821,43.870125],[-124.048226,43.870133],[-124.048243,43.870142],[-124.04826,43.870151],[-124.048277,43.870159],[-124.048292,43.870166],[-124.04831,43.870174],[-124.048328,43.870182],[-124.048343,43.870189],[-124.048362,43.870197],[-124.04838,43.870204],[-124.048396,43.870211],[-124.048417,43.870219],[-124.048436,43.870226],[-124.048453,43.870232],[-124.048472,43.870238],[-124.04849,43.870244],[-124.048507,43.87025],[-124.048523,43.870256],[-124.048543,43.870262],[-124.048561,43.870268],[-124.048578,43.870273],[-124.048596,43.870279],[-124.048614,43.870284],[-124.048632,43.87029],[-124.04865,43.870295],[-124.048669,43.870301],[-124.048687,43.870306],[-124.048709,43.870313],[-124.048733,43.870317],[-124.04875,43.870321],[-124.048767,43.870325],[-124.048783,43.870329],[-124.0488,43.870333],[-124.048816,43.870337],[-124.048831,43.870341],[-124.048848,43.870346],[-124.048865,43.870351],[-124.048881,43.870355],[-124.048902,43.870362],[-124.048928,43.870368],[-124.048948,43.870372],[-124.048961,43.870375],[-124.048974,43.870378],[-124.048986,43.870382],[-124.048998,43.870386],[-124.049008,43.87039],[-124.049021,43.870396],[-124.049033,43.870402],[-124.049043,43.870407],[-124.049054,43.870413],[-124.049064,43.87042],[-124.049074,43.870427],[-124.04908,43.870432],[-124.049086,43.870438],[-124.049094,43.870447],[-124.049102,43.870456],[-124.049108,43.870464],[-124.049115,43.870475],[-124.049122,43.870485],[-124.049127,43.870494],[-124.049133,43.870504],[-124.049138,43.870515],[-124.049142,43.870524],[-124.049146,43.870535],[-124.04915,43.870547],[-124.049152,43.870557],[-124.049155,43.870569],[-124.049158,43.870583],[-124.04916,43.870593],[-124.049162,43.870603],[-124.049162,43.870611],[-124.049162,43.870621],[-124.049161,43.870633],[-124.04916,43.870643],[-124.049158,43.870652],[-124.049156,43.870664],[-124.049153,43.870673],[-124.04915,43.870681],[-124.049146,43.87069],[-124.049141,43.8707],[-124.049135,43.87071],[-124.04913,43.870718],[-124.049125,43.870723],[-124.049116,43.870732],[-124.049108,43.870741],[-124.0491,43.870749],[-124.049089,43.870757],[-124.049078,43.870767],[-124.049067,43.870775],[-124.049057,43.870782],[-124.049045,43.870791],[-124.049034,43.870798],[-124.049028,43.870801],[-124.049017,43.870806],[-124.049002,43.870813],[-124.048984,43.870821],[-124.048966,43.870829],[-124.04895,43.870837],[-124.048934,43.870845],[-124.048918,43.870852],[-124.048901,43.870861],[-124.048885,43.870869],[-124.048867,43.870878],[-124.048852,43.870887],[-124.048836,43.870895],[-124.048819,43.870905],[-124.048803,43.870914],[-124.048788,43.870923],[-124.048773,43.870932],[-124.048756,43.870942],[-124.048742,43.870952],[-124.048727,43.870961],[-124.048713,43.87097],[-124.048698,43.87098],[-124.048683,43.87099],[-124.048669,43.871],[-124.048657,43.871008],[-124.048643,43.871017],[-124.048627,43.871028],[-124.048612,43.871038],[-124.048597,43.871048],[-124.048583,43.871059],[-124.048569,43.87107],[-124.048555,43.87108],[-124.048542,43.871091],[-124.048528,43.871102],[-124.048514,43.871113],[-124.048502,43.871124],[-124.048488,43.871135],[-124.048476,43.871147],[-124.048463,43.871158],[-124.048451,43.87117],[-124.048438,43.871182],[-124.048425,43.871196],[-124.048414,43.871207],[-124.048401,43.871221],[-124.04839,43.871234],[-124.04838,43.871246],[-124.04837,43.871258],[-124.04836,43.87127],[-124.048349,43.871284],[-124.048339,43.871298],[-124.048329,43.871312],[-124.04832,43.871326],[-124.048312,43.871339],[-124.048304,43.871352],[-124.048295,43.871366],[-124.048288,43.871378],[-124.04828,43.871392],[-124.048271,43.871409],[-124.048265,43.871422],[-124.048259,43.871434],[-124.048239,43.871476],[-124.048241,43.871476]]]}},{"type":"Feature","properties":{"MAPTAXLOT":"2011060000088","MAPNUMBER":"20110600","TAXLOT":"88","ACCTNO":"000None","MAPACRES":14.78210254},"geometry":{"type":"MultiPolygon","coordinates":[[[[-124.048778,43.865896],[-124.049388,43.865991],[-124.050731,43.865994],[-124.051249,43.865995],[-124.051681,43.865917],[-124.052815,43.865714],[-124.053427,43.865628],[-124.053795,43.865601],[-124.053798,43.865599],[-124.053814,43.865587],[-124.053829,43.865577],[-124.053843,43.865567],[-124.053862,43.865555],[-124.053882,43.865544],[-124.053902,43.865534],[-124.053919,43.865526],[-124.053938,43.865517],[-124.053958,43.865508],[-124.053977,43.865501],[-124.053997,43.865494],[-124.054017,43.865487],[-124.054033,43.865482],[-124.054048,43.865476],[-124.054064,43.865471],[-124.054081,43.865464],[-124.054099,43.865458],[-124.054118,43.865451],[-124.054135,43.865445],[-124.054154,43.865439],[-124.054172,43.865433],[-124.054189,43.865428],[-124.054202,43.865423],[-124.054219,43.865417],[-124.054236,43.865411],[-124.054252,43.865405],[-124.054268,43.865399],[-124.054284,43.865393],[-124.054302,43.865387],[-124.054319,43.86538],[-124.054335,43.865374],[-124.054351,43.865368],[-124.054364,43.865363],[-124.054375,43.865358],[-124.054389,43.865351],[-124.054404,43.865344],[-124.054419,43.865336],[-124.054433,43.865329],[-124.054446,43.865322],[-124.054461,43.865314],[-124.054474,43.865307],[-124.054487,43.865299],[-124.054501,43.86529],[-124.054514,43.865283],[-124.054528,43.865274],[-124.054544,43.865264],[-124.054556,43.865256],[-124.054568,43.865248],[-124.054581,43.865239],[-124.054594,43.86523],[-124.054608,43.865221],[-124.054621,43.865212],[-124.054634,43.865202],[-124.054649,43.865191],[-124.054667,43.86518],[-124.054683,43.86517],[-124.054698,43.865161],[-124.054713,43.865152],[-124.054728,43.865143],[-124.054743,43.865135],[-124.054758,43.865126],[-124.054773,43.865117],[-124.054775,43.865116],[-124.054798,43.865101],[-124.055621,43.864574],[-124.057084,43.863747],[-124.058871,43.863379],[-124.060082,43.863178],[-124.061068,43.862631],[-124.061292,43.862282],[-124.061129,43.862281],[-124.058933,43.863191],[-124.057061,43.863479],[-124.054598,43.864981],[-124.054064,43.865222],[-124.051582,43.865703],[-124.050954,43.865735],[-124.050325,43.865759],[-124.049695,43.865759],[-124.047454,43.864877],[-124.047066,43.864824],[-124.046856,43.864795],[-124.046706,43.865103],[-124.047188,43.865184],[-124.048778,43.865896]]],[[[-124.043951,43.865014],[-124.043505,43.865329],[-124.043372,43.865774],[-124.043528,43.866217],[-124.043914,43.86658],[-124.044379,43.866892],[-124.044752,43.867262],[-124.04462,43.867707],[-124.044764,43.868152],[-124.044943,43.86859],[-124.045151,43.869022],[-124.045592,43.869298],[-124.045969,43.869662],[-124.046103,43.870092],[-124.046419,43.87049],[-124.046738,43.870908],[-124.047249,43.871482],[-124.04741,43.871481],[-124.047042,43.870999],[-124.046707,43.870605],[-124.046352,43.870218],[-124.046172,43.869782],[-124.04577,43.869417],[-124.045593,43.86917],[-124.045269,43.868892],[-124.045098,43.868548],[-124.044936,43.868105],[-124.044899,43.867649],[-124.044993,43.867199],[-124.044645,43.866814],[-124.044099,43.866577],[-124.043848,43.866155],[-124.043801,43.865792],[-124.043937,43.865442],[-124.044982,43.864975],[-124.045625,43.86492],[-124.046483,43.865065],[-124.04663,43.864764],[-124.045628,43.864626],[-124.044449,43.864744],[-124.043951,43.865014]]]]}},{"type":"Feature","properties":{"MAPTAXLOT":"2011060000203","MAPNUMBER":"20110600","TAXLOT":"203","ACCTNO":"0925758","MAPACRES":331.58383749},"geometry":{"type":"MultiPolygon","coordinates":[[[[-124.045793,43.867352],[-124.045798,43.867365],[-124.045804,43.867378],[-124.045809,43.867391],[-124.045816,43.867406],[-124.04582,43.86742],[-124.045826,43.867433],[-124.045831,43.867448],[-124.045835,43.867462],[-124.045841,43.867476],[-124.045844,43.86749],[-124.045848,43.867501],[-124.045854,43.867517],[-124.045858,43.867532],[-124.045862,43.867547],[-124.045865,43.867562],[-124.045868,43.867575],[-124.045871,43.86759],[-124.045874,43.867604],[-124.045877,43.867618],[-124.04588,43.867633],[-124.045882,43.867647],[-124.045884,43.867659],[-124.045887,43.867672],[-124.04589,43.867688],[-124.045892,43.867703],[-124.045894,43.867719],[-124.045895,43.867735],[-124.045896,43.867749],[-124.045896,43.867765],[-124.045896,43.86778],[-124.045896,43.867796],[-124.045895,43.86781],[-124.045895,43.867825],[-124.045893,43.867841],[-124.045891,43.867855],[-124.045888,43.867873],[-124.045886,43.867886],[-124.045884,43.867899],[-124.045879,43.867922],[-124.045871,43.867939],[-124.045866,43.867952],[-124.045861,43.867965],[-124.045856,43.867976],[-124.04585,43.867992],[-124.045844,43.868005],[-124.04584,43.868016],[-124.045835,43.868029],[-124.04583,43.868042],[-124.045825,43.868056],[-124.045818,43.868075],[-124.045808,43.868091],[-124.045802,43.868102],[-124.045797,43.868114],[-124.045792,43.868122],[-124.045789,43.868131],[-124.045787,43.86814],[-124.045784,43.868152],[-124.045781,43.868164],[-124.04578,43.868173],[-124.045779,43.868184],[-124.045778,43.868198],[-124.045777,43.868209],[-124.045777,43.868219],[-124.045778,43.868229],[-124.045779,43.868239],[-124.04578,43.868246],[-124.045783,43.868255],[-124.045787,43.868266],[-124.04579,43.868273],[-124.045794,43.868281],[-124.045799,43.868288],[-124.045805,43.868296],[-124.045813,43.868304],[-124.045821,43.868313],[-124.045829,43.86832],[-124.045837,43.868327],[-124.045849,43.868336],[-124.045859,43.868344],[-124.045868,43.86835],[-124.045879,43.868356],[-124.045891,43.868363],[-124.045902,43.868369],[-124.045913,43.868374],[-124.045926,43.868379],[-124.045938,43.868384],[-124.045951,43.868388],[-124.045963,43.868392],[-124.045977,43.868396],[-124.045991,43.868399],[-124.046006,43.868403],[-124.046025,43.868406],[-124.046045,43.868411],[-124.046064,43.868415],[-124.046082,43.868419],[-124.0461,43.868423],[-124.046119,43.868427],[-124.046136,43.868431],[-124.046154,43.868435],[-124.046172,43.868439],[-124.04619,43.868443],[-124.046209,43.868447],[-124.046227,43.868451],[-124.046246,43.868455],[-124.046263,43.868459],[-124.046281,43.868463],[-124.046299,43.868467],[-124.046317,43.868471],[-124.046335,43.868475],[-124.046355,43.868479],[-124.046372,43.868484],[-124.046389,43.868487],[-124.046408,43.868491],[-124.046426,43.868495],[-124.046444,43.868499],[-124.046462,43.868503],[-124.046482,43.868508],[-124.046499,43.868512],[-124.046516,43.868516],[-124.046534,43.868519],[-124.046553,43.868524],[-124.046571,43.868528],[-124.046589,43.868532],[-124.046608,43.868536],[-124.046626,43.86854],[-124.046643,43.868544],[-124.046661,43.868548],[-124.046679,43.868552],[-124.046696,43.868555],[-124.046715,43.868559],[-124.046735,43.868564],[-124.046755,43.868568],[-124.046773,43.868573],[-124.046791,43.868577],[-124.046811,43.868582],[-124.046831,43.868587],[-124.046848,43.868592],[-124.046867,43.868597],[-124.046887,43.868603],[-124.046905,43.868608],[-124.046923,43.868614],[-124.046941,43.868619],[-124.04696,43.868625],[-124.046979,43.868632],[-124.046999,43.868638],[-124.047016,43.868645],[-124.047034,43.868651],[-124.047053,43.868659],[-124.04707,43.868665],[-124.047087,43.868672],[-124.047104,43.868679],[-124.047121,43.868686],[-124.047138,43.868693],[-124.047157,43.868701],[-124.047173,43.868709],[-124.047191,43.868716],[-124.047206,43.868724],[-124.047223,43.868731],[-124.047242,43.86874],[-124.047258,43.868748],[-124.047273,43.868756],[-124.04729,43.868764],[-124.047308,43.868774],[-124.047324,43.868782],[-124.047338,43.86879],[-124.047355,43.868799],[-124.047371,43.868809],[-124.047386,43.868817],[-124.047401,43.868826],[-124.047416,43.868835],[-124.047431,43.868844],[-124.047448,43.868854],[-124.047463,43.868863],[-124.047477,43.868872],[-124.047491,43.868881],[-124.047506,43.86889],[-124.047522,43.868901],[-124.047536,43.868911],[-124.04755,43.86892],[-124.047564,43.86893],[-124.047581,43.868941],[-124.047594,43.868951],[-124.047608,43.868961],[-124.047623,43.868972],[-124.047635,43.868982],[-124.047648,43.868992],[-124.047662,43.869002],[-124.047675,43.869012],[-124.047688,43.869022],[-124.047701,43.869032],[-124.047714,43.869043],[-124.047727,43.869053],[-124.047741,43.869065],[-124.047751,43.869072],[-124.047759,43.869078],[-124.047774,43.869088],[-124.04779,43.869099],[-124.047805,43.869111],[-124.047819,43.869121],[-124.047832,43.869132],[-124.047848,43.869144],[-124.047861,43.869156],[-124.047875,43.869168],[-124.047888,43.869181],[-124.0479,43.869193],[-124.047911,43.869204],[-124.047924,43.869218],[-124.047936,43.869231],[-124.047946,43.869243],[-124.047957,43.869255],[-124.047969,43.86927],[-124.047978,43.869282],[-124.047989,43.869296],[-124.047998,43.86931],[-124.048008,43.869325],[-124.048017,43.869339],[-124.048025,43.869354],[-124.048033,43.869369],[-124.048039,43.869382],[-124.048047,43.869397],[-124.048054,43.869414],[-124.04806,43.869431],[-124.048065,43.869448],[-124.048068,43.869464],[-124.04807,43.869478],[-124.048073,43.869491],[-124.048076,43.869505],[-124.048079,43.869521],[-124.048081,43.869537],[-124.048082,43.869548],[-124.048085,43.869562],[-124.048087,43.86958],[-124.048088,43.869599],[-124.048087,43.869615],[-124.048087,43.869627],[-124.048087,43.869639],[-124.048088,43.86965],[-124.048088,43.869661],[-124.04809,43.869673],[-124.048091,43.869687],[-124.048093,43.869698],[-124.048095,43.869708],[-124.048099,43.869722],[-124.048102,43.869737],[-124.048103,43.869747],[-124.048107,43.869758],[-124.048111,43.869769],[-124.048114,43.869779],[-124.04812,43.869791],[-124.048125,43.869803],[-124.048129,43.869811],[-124.048134,43.86982],[-124.048141,43.869831],[-124.048149,43.869843],[-124.048156,43.869853],[-124.048162,43.869861],[-124.048169,43.869868],[-124.048176,43.869875],[-124.048186,43.869885],[-124.048198,43.869895],[-124.048208,43.869904],[-124.048218,43.869912],[-124.048231,43.869922],[-124.048242,43.86993],[-124.048255,43.869939],[-124.048267,43.869948],[-124.048277,43.869955],[-124.048288,43.869962],[-124.048301,43.869969],[-124.048314,43.869976],[-124.048327,43.869983],[-124.048343,43.869992],[-124.048357,43.869999],[-124.048371,43.870006],[-124.048386,43.870013],[-124.048401,43.87002],[-124.048417,43.870028],[-124.048431,43.870035],[-124.048446,43.870041],[-124.048462,43.870048],[-124.048476,43.870054],[-124.048492,43.870061],[-124.048508,43.870067],[-124.048521,43.870073],[-124.048537,43.870078],[-124.048552,43.870084],[-124.048568,43.870089],[-124.048585,43.870095],[-124.048602,43.870101],[-124.04862,43.870107],[-124.048635,43.870112],[-124.048652,43.870117],[-124.048669,43.870122],[-124.048686,43.870128],[-124.048703,43.870133],[-124.04872,43.870138],[-124.048737,43.870143],[-124.048753,43.870148],[-124.048771,43.870153],[-124.048783,43.870157],[-124.048796,43.870159],[-124.048815,43.870164],[-124.048835,43.870168],[-124.048854,43.870172],[-124.048873,43.870177],[-124.048894,43.870182],[-124.048914,43.870188],[-124.048932,43.870193],[-124.048951,43.870198],[-124.04897,43.870204],[-124.048984,43.870208],[-124.048992,43.870211],[-124.049009,43.870214],[-124.049032,43.870219],[-124.049056,43.870225],[-124.049078,43.870232],[-124.049101,43.870239],[-124.049124,43.870248],[-124.049142,43.870257],[-124.049164,43.870266],[-124.049183,43.870277],[-124.049202,43.870288],[-124.049219,43.8703],[-124.049238,43.870312],[-124.049257,43.870328],[-124.049273,43.870344],[-124.049286,43.870358],[-124.049298,43.870373],[-124.04931,43.870388],[-124.04932,43.870402],[-124.049329,43.870416],[-124.049339,43.870433],[-124.049347,43.870448],[-124.049354,43.870464],[-124.049361,43.870481],[-124.049366,43.870496],[-124.049372,43.870511],[-124.049377,43.870528],[-124.049379,43.870543],[-124.049383,43.870556],[-124.049386,43.870573],[-124.049389,43.870591],[-124.04939,43.870609],[-124.049389,43.870627],[-124.049388,43.870643],[-124.049387,43.87066],[-124.049383,43.870678],[-124.049379,43.870693],[-124.049374,43.870711],[-124.049368,43.870729],[-124.04936,43.870746],[-124.049351,43.870762],[-124.049342,43.870778],[-124.049331,43.870795],[-124.049317,43.870812],[-124.049304,43.870826],[-124.049291,43.870839],[-124.049275,43.870854],[-124.04926,43.870866],[-124.049247,43.870877],[-124.049231,43.870889],[-124.049215,43.870901],[-124.049199,43.870911],[-124.049183,43.870923],[-124.049159,43.870936],[-124.049137,43.870946],[-124.049121,43.870953],[-124.049105,43.87096],[-124.049092,43.870966],[-124.049077,43.870974],[-124.049061,43.870981],[-124.049046,43.870989],[-124.049031,43.870996],[-124.049016,43.871004],[-124.049003,43.87101],[-124.048989,43.871018],[-124.048973,43.871026],[-124.048961,43.871034],[-124.048947,43.871042],[-124.048932,43.87105],[-124.048919,43.871058],[-124.048907,43.871066],[-124.048893,43.871075],[-124.048879,43.871084],[-124.048865,43.871093],[-124.048851,43.871102],[-124.048839,43.87111],[-124.048825,43.871119],[-124.04881,43.87113],[-124.048795,43.871139],[-124.048783,43.871147],[-124.048771,43.871156],[-124.048758,43.871164],[-124.048747,43.871173],[-124.048734,43.871183],[-124.048723,43.871192],[-124.048711,43.871201],[-124.048699,43.871211],[-124.048687,43.87122],[-124.048676,43.871231],[-124.048664,43.87124],[-124.048654,43.87125],[-124.048642,43.87126],[-124.048631,43.87127],[-124.048621,43.87128],[-124.048612,43.871289],[-124.048602,43.8713],[-124.048593,43.871309],[-124.048585,43.871319],[-124.048575,43.871331],[-124.048566,43.871342],[-124.048556,43.871354],[-124.048548,43.871363],[-124.048541,43.871374],[-124.048533,43.871385],[-124.048527,43.871395],[-124.048519,43.871407],[-124.048511,43.871419],[-124.048505,43.87143],[-124.048498,43.871443],[-124.04849,43.871455],[-124.048486,43.871464],[-124.048481,43.871474],[-124.048481,43.871474],[-124.050522,43.871461],[-124.05547,43.87143],[-124.060346,43.871431],[-124.064734,43.871432],[-124.064671,43.867831],[-124.064671,43.86783],[-124.064641,43.865904],[-124.064641,43.865903],[-124.064615,43.864238],[-124.064615,43.864237],[-124.064586,43.862306],[-124.064565,43.862306],[-124.063221,43.862296],[-124.063236,43.862307],[-124.063247,43.862316],[-124.06326,43.862325],[-124.063276,43.862337],[-124.063288,43.862346],[-124.063298,43.862354],[-124.06331,43.862362],[-124.063321,43.86237],[-124.063333,43.862377],[-124.063345,43.862384],[-124.063359,43.862391],[-124.06337,43.862397],[-124.063384,43.862403],[-124.0634,43.862411],[-124.063414,43.862417],[-124.063427,43.862423],[-124.063441,43.862429],[-124.063456,43.862434],[-124.063471,43.86244],[-124.063486,43.862445],[-124.063503,43.862451],[-124.063523,43.862458],[-124.06354,43.862464],[-124.063557,43.862471],[-124.063575,43.862477],[-124.063591,43.862483],[-124.063608,43.862489],[-124.063624,43.862495],[-124.063638,43.8625],[-124.063657,43.862506],[-124.063677,43.862514],[-124.063697,43.862522],[-124.063718,43.862531],[-124.063738,43.86254],[-124.063757,43.86255],[-124.063777,43.862562],[-124.063794,43.862573],[-124.063812,43.862585],[-124.063827,43.862597],[-124.063841,43.862608],[-124.063858,43.862621],[-124.063873,43.862636],[-124.063887,43.86265],[-124.0639,43.862665],[-124.063912,43.862681],[-124.063923,43.862698],[-124.063933,43.862715],[-124.063942,43.862733],[-124.06395,43.862755],[-124.063953,43.862772],[-124.063956,43.862787],[-124.063959,43.862804],[-124.06396,43.86282],[-124.063961,43.862837],[-124.063961,43.862855],[-124.06396,43.862871],[-124.063959,43.862887],[-124.063956,43.862902],[-124.063954,43.862916],[-124.063952,43.862932],[-124.063948,43.862949],[-124.063943,43.862966],[-124.063937,43.862982],[-124.063931,43.863],[-124.063922,43.863017],[-124.063914,43.863032],[-124.063906,43.863044],[-124.0639,43.863055],[-124.063892,43.86307],[-124.063881,43.863088],[-124.063865,43.863106],[-124.063851,43.863122],[-124.063835,43.863137],[-124.063816,43.863152],[-124.063794,43.863166],[-124.063774,43.863178],[-124.063753,43.863189],[-124.063729,43.863199],[-124.063704,43.863208],[-124.063677,43.863216],[-124.063648,43.863222],[-124.06362,43.863226],[-124.063595,43.863228],[-124.063569,43.863229],[-124.063544,43.863229],[-124.063519,43.863229],[-124.063493,43.863227],[-124.063469,43.863224],[-124.063443,43.86322],[-124.063417,43.863214],[-124.063394,43.863208],[-124.063372,43.863202],[-124.063353,43.863195],[-124.063336,43.86319],[-124.063319,43.863184],[-124.063302,43.863179],[-124.063283,43.863172],[-124.063266,43.863167],[-124.06325,43.863161],[-124.063233,43.863156],[-124.063215,43.86315],[-124.063197,43.863144],[-124.063179,43.863138],[-124.063163,43.863133],[-124.063147,43.863127],[-124.063129,43.863122],[-124.063112,43.863116],[-124.063096,43.863111],[-124.06308,43.863106],[-124.063063,43.863101],[-124.063046,43.863096],[-124.063031,43.863091],[-124.063013,43.863087],[-124.062996,43.863082],[-124.062979,43.863077],[-124.062963,43.863073],[-124.062947,43.863069],[-124.062932,43.863066],[-124.062914,43.863062],[-124.062896,43.863059],[-124.062877,43.863054],[-124.062858,43.86305],[-124.062841,43.863047],[-124.062823,43.863043],[-124.062805,43.863039],[-124.062787,43.863035],[-124.062769,43.863032],[-124.06275,43.863028],[-124.062732,43.863024],[-124.062714,43.86302],[-124.062696,43.863016],[-124.062677,43.863012],[-124.062661,43.863009],[-124.062647,43.863006],[-124.062632,43.863004],[-124.062617,43.863002],[-124.062602,43.863001],[-124.062588,43.863],[-124.062574,43.862999],[-124.062558,43.862999],[-124.062543,43.862999],[-124.062527,43.862999],[-124.062511,43.863],[-124.062497,43.863001],[-124.062481,43.863002],[-124.062465,43.863004],[-124.06245,43.863006],[-124.062435,43.863008],[-124.06242,43.863011],[-124.062404,43.863014],[-124.06239,43.863017],[-124.062376,43.863021],[-124.062361,43.863025],[-124.062346,43.863029],[-124.062331,43.863034],[-124.062319,43.863038],[-124.062304,43.863044],[-124.062291,43.863049],[-124.062278,43.863055],[-124.062264,43.863061],[-124.062252,43.863067],[-124.062238,43.863075],[-124.062221,43.863084],[-124.062205,43.863092],[-124.062191,43.863099],[-124.062176,43.863107],[-124.062159,43.863116],[-124.062145,43.863123],[-124.06213,43.863131],[-124.062113,43.86314],[-124.062097,43.863148],[-124.062082,43.863155],[-124.062069,43.863163],[-124.062052,43.863171],[-124.062036,43.86318],[-124.062021,43.863187],[-124.062006,43.863195],[-124.06199,43.863203],[-124.061974,43.863211],[-124.06196,43.863219],[-124.061946,43.863226],[-124.061933,43.863234],[-124.06192,43.863241],[-124.061907,43.863249],[-124.061894,43.863257],[-124.061881,43.863265],[-124.061869,43.863273],[-124.061856,43.863282],[-124.061843,43.863291],[-124.061832,43.863299],[-124.061821,43.863308],[-124.061807,43.863319],[-124.061794,43.863328],[-124.061785,43.863336],[-124.061775,43.863344],[-124.061765,43.863354],[-124.061755,43.863363],[-124.061746,43.863372],[-124.061736,43.863383],[-124.061727,43.863392],[-124.061721,43.863401],[-124.061713,43.863411],[-124.061705,43.863422],[-124.061697,43.863433],[-124.061691,43.863443],[-124.061685,43.863453],[-124.06168,43.863463],[-124.061675,43.863473],[-124.061669,43.863486],[-124.061664,43.863497],[-124.061661,43.863504],[-124.061659,43.863514],[-124.061657,43.863525],[-124.061655,43.863536],[-124.061653,43.86355],[-124.061651,43.863561],[-124.06165,43.863573],[-124.061649,43.863587],[-124.061648,43.863599],[-124.061648,43.86361],[-124.061648,43.863624],[-124.061648,43.863638],[-124.061648,43.863647],[-124.061649,43.863657],[-124.061651,43.863671],[-124.061652,43.863684],[-124.061654,43.863695],[-124.061657,43.86371],[-124.061658,43.863724],[-124.061661,43.863736],[-124.061663,43.86375],[-124.061665,43.863762],[-124.061668,43.863775],[-124.061671,43.863789],[-124.061673,43.863801],[-124.061676,43.863812],[-124.06168,43.863827],[-124.061683,43.863841],[-124.061686,43.863852],[-124.06169,43.863866],[-124.061693,43.863879],[-124.061696,43.86389],[-124.061701,43.863905],[-124.061705,43.86392],[-124.061709,43.863933],[-124.061712,43.863945],[-124.061716,43.863956],[-124.061719,43.863966],[-124.061725,43.86398],[-124.06173,43.863994],[-124.061735,43.864007],[-124.06174,43.864022],[-124.061745,43.864037],[-124.061749,43.86405],[-124.061754,43.864065],[-124.061758,43.86408],[-124.061762,43.864093],[-124.061764,43.864101],[-124.061767,43.864107],[-124.061774,43.86412],[-124.061782,43.864137],[-124.061788,43.864154],[-124.061793,43.864169],[-124.061798,43.864187],[-124.061802,43.864205],[-124.061804,43.864223],[-124.061805,43.86424],[-124.061805,43.864256],[-124.061804,43.864274],[-124.061802,43.864292],[-124.061799,43.86431],[-124.061794,43.864329],[-124.061787,43.864347],[-124.061779,43.864364],[-124.061771,43.864379],[-124.061763,43.864394],[-124.061753,43.86441],[-124.061743,43.864425],[-124.061731,43.864441],[-124.061718,43.864455],[-124.061706,43.864468],[-124.061693,43.864481],[-124.061679,43.864495],[-124.061663,43.864509],[-124.061649,43.86452],[-124.061632,43.864533],[-124.061613,43.864545],[-124.061597,43.864556],[-124.061578,43.864567],[-124.061559,43.864577],[-124.061541,43.864586],[-124.061522,43.864595],[-124.061501,43.864604],[-124.061481,43.864611],[-124.06146,43.864618],[-124.061439,43.864625],[-124.061417,43.864632],[-124.061396,43.864637],[-124.061374,43.864642],[-124.061351,43.864647],[-124.06133,43.864651],[-124.061307,43.864654],[-124.061283,43.864657],[-124.06126,43.864659],[-124.061237,43.864661],[-124.061214,43.864662],[-124.061191,43.864662],[-124.061168,43.864662],[-124.061145,43.864661],[-124.061123,43.864659],[-124.061099,43.864657],[-124.061076,43.864654],[-124.061053,43.864651],[-124.061031,43.864647],[-124.061009,43.864642],[-124.060986,43.864637],[-124.060964,43.864631],[-124.060943,43.864624],[-124.060924,43.864618],[-124.060902,43.86461],[-124.060881,43.864602],[-124.060861,43.864594],[-124.060842,43.864585],[-124.060822,43.864575],[-124.060801,43.864563],[-124.060786,43.864552],[-124.060769,43.864542],[-124.060754,43.864531],[-124.060739,43.86452],[-124.060724,43.864508],[-124.060709,43.864497],[-124.060695,43.864485],[-124.060682,43.864473],[-124.060667,43.86446],[-124.060655,43.864448],[-124.060643,43.864436],[-124.06063,43.864423],[-124.060619,43.86441],[-124.060607,43.864396],[-124.060596,43.864382],[-124.060585,43.864368],[-124.060576,43.864354],[-124.060567,43.864341],[-124.060559,43.864329],[-124.060551,43.864317],[-124.060542,43.864305],[-124.060534,43.864292],[-124.060526,43.86428],[-124.060517,43.864268],[-124.06051,43.864257],[-124.060501,43.864245],[-124.060491,43.864231],[-124.060483,43.864219],[-124.060473,43.864204],[-124.060466,43.864191],[-124.060459,43.864181],[-124.060451,43.864169],[-124.060444,43.864159],[-124.060436,43.864149],[-124.060428,43.864138],[-124.06042,43.864129],[-124.06041,43.864118],[-124.060402,43.864108],[-124.060392,43.864099],[-124.060382,43.864088],[-124.060372,43.864079],[-124.060362,43.864069],[-124.06035,43.864059],[-124.060338,43.864049],[-124.060328,43.86404],[-124.060318,43.864032],[-124.060308,43.864024],[-124.060297,43.864017],[-124.060285,43.864009],[-124.060274,43.864002],[-124.06026,43.863994],[-124.060249,43.863987],[-124.060236,43.863981],[-124.060222,43.863974],[-124.06021,43.863969],[-124.060197,43.863963],[-124.060183,43.863957],[-124.060169,43.863952],[-124.060155,43.863947],[-124.06014,43.863942],[-124.060126,43.863938],[-124.060111,43.863934],[-124.060097,43.863931],[-124.060082,43.863927],[-124.060066,43.863924],[-124.060052,43.863921],[-124.060036,43.863919],[-124.06002,43.863917],[-124.060002,43.863915],[-124.059984,43.863913],[-124.059965,43.86391],[-124.059947,43.863908],[-124.059928,43.863906],[-124.05991,43.863904],[-124.059891,43.863901],[-124.059871,43.863899],[-124.059853,43.863897],[-124.059834,43.863894],[-124.059816,43.863892],[-124.059797,43.86389],[-124.059777,43.863888],[-124.05976,43.863885],[-124.059741,43.863883],[-124.059722,43.863881],[-124.059703,43.863879],[-124.059685,43.863876],[-124.059667,43.863874],[-124.059647,43.863872],[-124.059629,43.86387],[-124.059609,43.863868],[-124.059591,43.863865],[-124.059572,43.863863],[-124.059554,43.863861],[-124.059536,43.863859],[-124.059516,43.863856],[-124.059498,43.863854],[-124.059479,43.863852],[-124.059461,43.86385],[-124.05944,43.863847],[-124.059423,43.863845],[-124.059404,43.863843],[-124.059388,43.863841],[-124.059373,43.863839],[-124.059357,43.863838],[-124.05934,43.863837],[-124.059323,43.863836],[-124.059307,43.863836],[-124.059291,43.863836],[-124.059275,43.863836],[-124.059259,43.863837],[-124.059243,43.863837],[-124.059229,43.863838],[-124.059215,43.86384],[-124.059198,43.863842],[-124.059181,43.863844],[-124.059164,43.863847],[-124.059147,43.86385],[-124.059131,43.863852],[-124.059115,43.863855],[-124.059098,43.863859],[-124.059081,43.863862],[-124.059066,43.863866],[-124.059053,43.863869],[-124.05904,43.863873],[-124.059025,43.863878],[-124.059008,43.863883],[-124.058991,43.863889],[-124.058976,43.863894],[-124.058958,43.8639],[-124.058941,43.863906],[-124.058924,43.863912],[-124.058907,43.863918],[-124.058891,43.863923],[-124.058874,43.863929],[-124.058858,43.863935],[-124.058844,43.863941],[-124.058829,43.863946],[-124.058813,43.863953],[-124.058795,43.86396],[-124.058778,43.863967],[-124.058761,43.863974],[-124.058744,43.86398],[-124.058728,43.863987],[-124.05871,43.863993],[-124.058694,43.864],[-124.058677,43.864006],[-124.058658,43.864013],[-124.058641,43.86402],[-124.058625,43.864026],[-124.058608,43.864032],[-124.058591,43.864038],[-124.058573,43.864045],[-124.058555,43.864051],[-124.058539,43.864057],[-124.058521,43.864063],[-124.058504,43.864069],[-124.058487,43.864075],[-124.058469,43.864082],[-124.058451,43.864088],[-124.058435,43.864093],[-124.058418,43.864099],[-124.0584,43.864105],[-124.058383,43.864111],[-124.058364,43.864117],[-124.058348,43.864123],[-124.058331,43.864128],[-124.058314,43.864134],[-124.058294,43.86414],[-124.058278,43.864146],[-124.058259,43.864152],[-124.058242,43.864157],[-124.058224,43.864163],[-124.058204,43.864169],[-124.058186,43.864174],[-124.058169,43.864179],[-124.058151,43.864185],[-124.058134,43.86419],[-124.058117,43.864195],[-124.058099,43.8642],[-124.058081,43.864205],[-124.058063,43.86421],[-124.058046,43.864215],[-124.058029,43.86422],[-124.058012,43.864225],[-124.057993,43.864231],[-124.057975,43.864236],[-124.057957,43.864241],[-124.05794,43.864246],[-124.057924,43.864251],[-124.057907,43.864256],[-124.057888,43.864262],[-124.05787,43.864267],[-124.057852,43.864272],[-124.057835,43.864277],[-124.057817,43.864282],[-124.057801,43.864287],[-124.057783,43.864293],[-124.057765,43.864298],[-124.057747,43.864303],[-124.057729,43.864308],[-124.057713,43.864313],[-124.057696,43.864318],[-124.057677,43.864324],[-124.057659,43.864329],[-124.057641,43.864334],[-124.057624,43.864339],[-124.057607,43.864344],[-124.057591,43.864349],[-124.057572,43.864355],[-124.057554,43.86436],[-124.057536,43.864365],[-124.057519,43.86437],[-124.057501,43.864375],[-124.057484,43.86438],[-124.057466,43.864385],[-124.057449,43.864391],[-124.057431,43.864396],[-124.057413,43.864401],[-124.057396,43.864406],[-124.05738,43.864411],[-124.057361,43.864416],[-124.057343,43.864422],[-124.057324,43.864427],[-124.057305,43.864432],[-124.057288,43.864437],[-124.057271,43.864442],[-124.057254,43.864447],[-124.057238,43.864451],[-124.057223,43.864456],[-124.057205,43.864462],[-124.057188,43.864467],[-124.057173,43.864472],[-124.057156,43.864477],[-124.057139,43.864483],[-124.057122,43.864489],[-124.057109,43.864494],[-124.057094,43.8645],[-124.057078,43.864506],[-124.057061,43.864513],[-124.057044,43.86452],[-124.057029,43.864525],[-124.057013,43.864532],[-124.056995,43.864539],[-124.056979,43.864546],[-124.056963,43.864552],[-124.056947,43.864559],[-124.056931,43.864565],[-124.056915,43.864572],[-124.056897,43.864579],[-124.056879,43.864587],[-124.056862,43.864593],[-124.056845,43.8646],[-124.056827,43.864607],[-124.05681,43.864613],[-124.056794,43.864619],[-124.056775,43.864626],[-124.056756,43.864633],[-124.056738,43.864639],[-124.056719,43.864645],[-124.056701,43.864651],[-124.056682,43.864657],[-124.056663,43.864663],[-124.056644,43.864668],[-124.056624,43.864674],[-124.056604,43.864679],[-124.056585,43.864683],[-124.056567,43.864688],[-124.056546,43.864693],[-124.056528,43.864697],[-124.056509,43.864701],[-124.05649,43.864705],[-124.056471,43.864709],[-124.056447,43.864713],[-124.056426,43.864716],[-124.056408,43.864719],[-124.056389,43.864721],[-124.056372,43.864724],[-124.056355,43.864727],[-124.056337,43.86473],[-124.05632,43.864733],[-124.056303,43.864736],[-124.056284,43.86474],[-124.056267,43.864743],[-124.05625,43.864746],[-124.056233,43.86475],[-124.056215,43.864753],[-124.0562,43.864757],[-124.056183,43.864761],[-124.056166,43.864765],[-124.056148,43.86477],[-124.056132,43.864774],[-124.056117,43.864778],[-124.056102,43.864783],[-124.056085,43.864788],[-124.056069,43.864793],[-124.056053,43.864798],[-124.056036,43.864804],[-124.05602,43.864809],[-124.056004,43.864815],[-124.055989,43.86482],[-124.055973,43.864826],[-124.055956,43.864832],[-124.05594,43.864839],[-124.055925,43.864845],[-124.05591,43.864851],[-124.055897,43.864856],[-124.055883,43.864863],[-124.055865,43.864871],[-124.055849,43.864878],[-124.055835,43.864885],[-124.055817,43.864893],[-124.055801,43.8649],[-124.055786,43.864907],[-124.055768,43.864915],[-124.055756,43.86492],[-124.055742,43.864927],[-124.055726,43.864935],[-124.055709,43.864944],[-124.055693,43.864951],[-124.055676,43.864959],[-124.055658,43.864967],[-124.055643,43.864974],[-124.055626,43.864982],[-124.055607,43.86499],[-124.055591,43.864997],[-124.055574,43.865004],[-124.055556,43.865012],[-124.055538,43.865019],[-124.055521,43.865026],[-124.055503,43.865032],[-124.055486,43.865039],[-124.055468,43.865046],[-124.05545,43.865052],[-124.055433,43.865058],[-124.055415,43.865064],[-124.055396,43.865071],[-124.055379,43.865076],[-124.055361,43.865082],[-124.055344,43.865088],[-124.055325,43.865094],[-124.055307,43.8651],[-124.055284,43.865106],[-124.055264,43.865111],[-124.055247,43.865116],[-124.055231,43.86512],[-124.055215,43.865125],[-124.0552,43.865129],[-124.055182,43.865135],[-124.055165,43.865139],[-124.05515,43.865144],[-124.055133,43.86515],[-124.055115,43.865156],[-124.0551,43.865161],[-124.055084,43.865166],[-124.055069,43.865171],[-124.055054,43.865177],[-124.055039,43.865183],[-124.055024,43.865189],[-124.055009,43.865195],[-124.054997,43.8652],[-124.054985,43.865207],[-124.054971,43.865214],[-124.054959,43.865221],[-124.054944,43.865229],[-124.054928,43.865238],[-124.054915,43.865245],[-124.054901,43.865253],[-124.054887,43.865262],[-124.054872,43.865271],[-124.054858,43.865279],[-124.054844,43.865288],[-124.054829,43.865296],[-124.054816,43.865304],[-124.054806,43.865311],[-124.054794,43.86532],[-124.054779,43.86533],[-124.054766,43.86534],[-124.054751,43.865349],[-124.054737,43.865359],[-124.054723,43.865369],[-124.054708,43.865379],[-124.054691,43.86539],[-124.054678,43.865397],[-124.054664,43.865407],[-124.054647,43.865417],[-124.054632,43.865426],[-124.054616,43.865435],[-124.054599,43.865445],[-124.054583,43.865453],[-124.054567,43.865463],[-124.054549,43.865471],[-124.054533,43.86548],[-124.054516,43.865488],[-124.054499,43.865496],[-124.054479,43.865505],[-124.054459,43.865513],[-124.054441,43.86552],[-124.054423,43.865527],[-124.054406,43.865533],[-124.05439,43.865539],[-124.054373,43.865546],[-124.054355,43.865552],[-124.054338,43.865559],[-124.05432,43.865565],[-124.054302,43.865571],[-124.054282,43.865578],[-124.054264,43.865584],[-124.054248,43.865589],[-124.054232,43.865594],[-124.054216,43.8656],[-124.054199,43.865606],[-124.054184,43.865611],[-124.054168,43.865617],[-124.05415,43.865624],[-124.05413,43.865631],[-124.054112,43.865637],[-124.054097,43.865642],[-124.054083,43.865647],[-124.054069,43.865652],[-124.054056,43.865658],[-124.054043,43.865664],[-124.054029,43.86567],[-124.054017,43.865676],[-124.054008,43.865682],[-124.053997,43.865688],[-124.053985,43.865697],[-124.053972,43.865706],[-124.053961,43.865714],[-124.053948,43.865724],[-124.053935,43.865733],[-124.053924,43.865741],[-124.053913,43.86575],[-124.053905,43.865757],[-124.053898,43.865764],[-124.053885,43.865777],[-124.053872,43.86579],[-124.053859,43.865802],[-124.053846,43.865814],[-124.053829,43.865828],[-124.053816,43.865837],[-124.053807,43.865845],[-124.05379,43.865859],[-124.053773,43.865871],[-124.053757,43.865882],[-124.053738,43.865893],[-124.05372,43.865904],[-124.0537,43.865914],[-124.053682,43.865923],[-124.053662,43.865932],[-124.053641,43.865941],[-124.053618,43.865949],[-124.053594,43.865956],[-124.053572,43.865962],[-124.053552,43.865967],[-124.053529,43.865972],[-124.053508,43.865976],[-124.053486,43.865979],[-124.053465,43.865983],[-124.053444,43.865986],[-124.053421,43.865988],[-124.053395,43.86599],[-124.053364,43.86599],[-124.053338,43.865989],[-124.053321,43.865987],[-124.053302,43.865986],[-124.053284,43.865985],[-124.053266,43.865984],[-124.053248,43.865983],[-124.05323,43.865983],[-124.053213,43.865982],[-124.053195,43.865982],[-124.053175,43.865981],[-124.053152,43.86598],[-124.053134,43.865979],[-124.053117,43.865979],[-124.053101,43.865978],[-124.053085,43.865978],[-124.053069,43.865978],[-124.053052,43.865979],[-124.053035,43.865979],[-124.053018,43.86598],[-124.053002,43.865981],[-124.052986,43.865983],[-124.05297,43.865984],[-124.052954,43.865986],[-124.05294,43.865988],[-124.052924,43.865991],[-124.052906,43.865994],[-124.05289,43.865997],[-124.052874,43.866],[-124.052856,43.866004],[-124.05284,43.866008],[-124.052824,43.866012],[-124.052807,43.866016],[-124.052795,43.866019],[-124.052782,43.866023],[-124.052764,43.866029],[-124.052746,43.866035],[-124.052728,43.866041],[-124.052711,43.866046],[-124.052692,43.866052],[-124.052673,43.866057],[-124.052657,43.866062],[-124.052639,43.866068],[-124.052621,43.866073],[-124.052602,43.866079],[-124.052584,43.866084],[-124.052565,43.866089],[-124.052546,43.866094],[-124.052527,43.866099],[-124.052508,43.866104],[-124.052489,43.866109],[-124.052468,43.866113],[-124.05245,43.866118],[-124.05243,43.866122],[-124.052411,43.866126],[-124.052391,43.866129],[-124.052371,43.866133],[-124.052353,43.866136],[-124.052333,43.86614],[-124.052313,43.866143],[-124.052294,43.866146],[-124.052274,43.866149],[-124.052254,43.866152],[-124.052234,43.866155],[-124.052214,43.866157],[-124.052193,43.86616],[-124.05217,43.866161],[-124.052152,43.866163],[-124.052132,43.866164],[-124.052113,43.866166],[-124.052095,43.866167],[-124.052076,43.866168],[-124.052056,43.86617],[-124.052037,43.866171],[-124.052019,43.866172],[-124.052,43.866174],[-124.051981,43.866175],[-124.051947,43.866178],[-124.051913,43.86618],[-124.051896,43.866181],[-124.051862,43.866184],[-124.051837,43.866186],[-124.051802,43.866189],[-124.051752,43.866194],[-124.051731,43.866197],[-124.051671,43.866204],[-124.051634,43.867171],[-124.050686,43.86717],[-124.050707,43.866622],[-124.050685,43.866616],[-124.050654,43.866606],[-124.05062,43.866591],[-124.050587,43.866575],[-124.05055,43.866552],[-124.050526,43.866534],[-124.050494,43.866509],[-124.050469,43.866486],[-124.050437,43.866453],[-124.050417,43.866431],[-124.050398,43.866409],[-124.050375,43.866384],[-124.050358,43.866365],[-124.050345,43.866351],[-124.050328,43.866336],[-124.050311,43.866321],[-124.05029,43.866305],[-124.050266,43.866288],[-124.050247,43.866275],[-124.050229,43.866264],[-124.050198,43.866247],[-124.050184,43.86624],[-124.050166,43.866233],[-124.050135,43.866223],[-124.050127,43.866222],[-124.050097,43.866218],[-124.050078,43.866216],[-124.05003,43.866215],[-124.050001,43.866215],[-124.049967,43.866215],[-124.04992,43.866216],[-124.049853,43.866219],[-124.049769,43.866223],[-124.049712,43.866226],[-124.049671,43.866228],[-124.049603,43.866232],[-124.049509,43.866238],[-124.049469,43.866241],[-124.049407,43.866245],[-124.049368,43.866248],[-124.048629,43.866305],[-124.048548,43.866311],[-124.048452,43.866315],[-124.048375,43.866315],[-124.048311,43.866313],[-124.04824,43.86631],[-124.048142,43.866303],[-124.048084,43.8663],[-124.04799,43.866294],[-124.047903,43.866286],[-124.047852,43.866281],[-124.047746,43.866268],[-124.047668,43.866257],[-124.047583,43.866245],[-124.047537,43.866237],[-124.047237,43.866192],[-124.046901,43.86611],[-124.046516,43.866015],[-124.04647,43.866004],[-124.04645,43.865999],[-124.046275,43.866724],[-124.045611,43.866722],[-124.045609,43.866992],[-124.045613,43.866999],[-124.04562,43.867013],[-124.045627,43.867026],[-124.045632,43.867037],[-124.04564,43.867049],[-124.045647,43.867064],[-124.045654,43.867077],[-124.045659,43.867089],[-124.045666,43.867101],[-124.045674,43.867116],[-124.04568,43.867129],[-124.045687,43.867141],[-124.045692,43.867152],[-124.0457,43.867165],[-124.045707,43.86718],[-124.045713,43.867193],[-124.045719,43.867204],[-124.045726,43.867217],[-124.045734,43.867231],[-124.045739,43.867242],[-124.045747,43.867255],[-124.045754,43.86727],[-124.04576,43.867283],[-124.045767,43.867296],[-124.045773,43.867309],[-124.045781,43.867324],[-124.045787,43.867339],[-124.045793,43.867352]],[[-124.058085,43.865598],[-124.057929,43.865915],[-124.057665,43.866051],[-124.057377,43.865968],[-124.056644,43.865224],[-124.057357,43.864859],[-124.058085,43.865598]]],[[[-124.047143,43.864626],[-124.047066,43.864824],[-124.047454,43.864877],[-124.049695,43.865759],[-124.050325,43.865759],[-124.050954,43.865735],[-124.051582,43.865703],[-124.054064,43.865222],[-124.054598,43.864981],[-124.057061,43.863479],[-124.058933,43.863191],[-124.061129,43.862281],[-124.056104,43.862245],[-124.05349,43.862225],[-124.052464,43.862217],[-124.052502,43.863582],[-124.052271,43.863761],[-124.051892,43.863867],[-124.051114,43.863818],[-124.050747,43.863854],[-124.050604,43.863728],[-124.050383,43.86373],[-124.050316,43.863984],[-124.050163,43.864128],[-124.049759,43.864038],[-124.04948,43.864274],[-124.048889,43.864338],[-124.048563,43.864085],[-124.048281,43.864096],[-124.047741,43.864334],[-124.047416,43.864368],[-124.047263,43.864317],[-124.047143,43.864626]]],[[[-124.043801,43.865792],[-124.043848,43.866155],[-124.044099,43.866577],[-124.044645,43.866814],[-124.044993,43.867199],[-124.044899,43.867649],[-124.044936,43.868105],[-124.045098,43.868548],[-124.045269,43.868892],[-124.045593,43.86917],[-124.04577,43.869417],[-124.046172,43.869782],[-124.046352,43.870218],[-124.046707,43.870605],[-124.047042,43.870999],[-124.04741,43.871481],[-124.048239,43.871476],[-124.048259,43.871434],[-124.048265,43.871422],[-124.048271,43.871409],[-124.04828,43.871392],[-124.048288,43.871378],[-124.048295,43.871366],[-124.048304,43.871352],[-124.048312,43.871339],[-124.04832,43.871326],[-124.048329,43.871312],[-124.048339,43.871298],[-124.048349,43.871284],[-124.04836,43.87127],[-124.04837,43.871258],[-124.04838,43.871246],[-124.04839,43.871234],[-124.048401,43.871221],[-124.048414,43.871207],[-124.048425,43.871196],[-124.048438,43.871182],[-124.048451,43.87117],[-124.048463,43.871158],[-124.048476,43.871147],[-124.048488,43.871135],[-124.048502,43.871124],[-124.048514,43.871113],[-124.048528,43.871102],[-124.048542,43.871091],[-124.048555,43.87108],[-124.048569,43.87107],[-124.048583,43.871059],[-124.048597,43.871048],[-124.048612,43.871038],[-124.048627,43.871028],[-124.048643,43.871017],[-124.048657,43.871008],[-124.048669,43.871],[-124.048683,43.87099],[-124.048698,43.87098],[-124.048713,43.87097],[-124.048727,43.870961],[-124.048742,43.870952],[-124.048756,43.870942],[-124.048773,43.870932],[-124.048788,43.870923],[-124.048803,43.870914],[-124.048819,43.870905],[-124.048836,43.870895],[-124.048852,43.870887],[-124.048867,43.870878],[-124.048885,43.870869],[-124.048901,43.870861],[-124.048918,43.870852],[-124.048934,43.870845],[-124.04895,43.870837],[-124.048966,43.870829],[-124.048984,43.870821],[-124.049002,43.870813],[-124.049017,43.870806],[-124.049028,43.870801],[-124.049034,43.870798],[-124.049045,43.870791],[-124.049057,43.870782],[-124.049067,43.870775],[-124.049078,43.870767],[-124.049089,43.870757],[-124.0491,43.870749],[-124.049108,43.870741],[-124.049116,43.870732],[-124.049125,43.870723],[-124.04913,43.870718],[-124.049135,43.87071],[-124.049141,43.8707],[-124.049146,43.87069],[-124.04915,43.870681],[-124.049153,43.870673],[-124.049156,43.870664],[-124.049158,43.870652],[-124.04916,43.870643],[-124.049161,43.870633],[-124.049162,43.870621],[-124.049162,43.870611],[-124.049162,43.870603],[-124.04916,43.870593],[-124.049158,43.870583],[-124.049155,43.870569],[-124.049152,43.870557],[-124.04915,43.870547],[-124.049146,43.870535],[-124.049142,43.870524],[-124.049138,43.870515],[-124.049133,43.870504],[-124.049127,43.870494],[-124.049122,43.870485],[-124.049115,43.870475],[-124.049108,43.870464],[-124.049102,43.870456],[-124.049094,43.870447],[-124.049086,43.870438],[-124.04908,43.870432],[-124.049074,43.870427],[-124.049064,43.87042],[-124.049054,43.870413],[-124.049043,43.870407],[-124.049033,43.870402],[-124.049021,43.870396],[-124.049008,43.87039],[-124.048998,43.870386],[-124.048986,43.870382],[-124.048974,43.870378],[-124.048961,43.870375],[-124.048948,43.870372],[-124.048928,43.870368],[-124.048902,43.870362],[-124.048881,43.870355],[-124.048865,43.870351],[-124.048848,43.870346],[-124.048831,43.870341],[-124.048816,43.870337],[-124.0488,43.870333],[-124.048783,43.870329],[-124.048767,43.870325],[-124.04875,43.870321],[-124.048733,43.870317],[-124.048709,43.870313],[-124.048687,43.870306],[-124.048669,43.870301],[-124.04865,43.870295],[-124.048632,43.87029],[-124.048614,43.870284],[-124.048596,43.870279],[-124.048578,43.870273],[-124.048561,43.870268],[-124.048543,43.870262],[-124.048523,43.870256],[-124.048507,43.87025],[-124.04849,43.870244],[-124.048472,43.870238],[-124.048453,43.870232],[-124.048436,43.870226],[-124.048417,43.870219],[-124.048396,43.870211],[-124.04838,43.870204],[-124.048362,43.870197],[-124.048343,43.870189],[-124.048328,43.870182],[-124.04831,43.870174],[-124.048292,43.870166],[-124.048277,43.870159],[-124.04826,43.870151],[-124.048243,43.870142],[-124.048226,43.870133],[-124.04821,43.870125],[-124.048195,43.870117],[-124.048177,43.870108],[-124.048161,43.870099],[-124.048144,43.870089],[-124.048125,43.870078],[-124.048108,43.870066],[-124.048094,43.870056],[-124.048079,43.870045],[-124.048065,43.870034],[-124.048051,43.870023],[-124.048036,43.870011],[-124.048022,43.869999],[-124.04801,43.869988],[-124.047996,43.869976],[-124.047981,43.869961],[-124.047966,43.869945],[-124.047955,43.869929],[-124.047945,43.869915],[-124.047936,43.869903],[-124.047927,43.869888],[-124.047917,43.869872],[-124.047908,43.869854],[-124.047902,43.86984],[-124.047897,43.869826],[-124.04789,43.869809],[-124.047885,43.869794],[-124.04788,43.869778],[-124.047876,43.869761],[-124.047874,43.869749],[-124.047871,43.869735],[-124.047867,43.869718],[-124.047865,43.869702],[-124.047863,43.869688],[-124.047861,43.869673],[-124.04786,43.869657],[-124.047859,43.869641],[-124.04786,43.869626],[-124.04786,43.86961],[-124.047861,43.869598],[-124.04786,43.86959],[-124.047859,43.869581],[-124.047856,43.869568],[-124.047854,43.869552],[-124.047853,43.86954],[-124.047851,43.869528],[-124.047848,43.869515],[-124.047845,43.869501],[-124.047843,43.869488],[-124.04784,43.869477],[-124.047838,43.869467],[-124.047834,43.869457],[-124.04783,43.869448],[-124.047825,43.869438],[-124.047819,43.869425],[-124.047814,43.869414],[-124.047807,43.869403],[-124.047801,43.869392],[-124.047794,43.869383],[-124.047787,43.869373],[-124.047779,43.869362],[-124.04777,43.86935],[-124.047763,43.869341],[-124.047754,43.869331],[-124.047744,43.869319],[-124.047735,43.869309],[-124.047726,43.8693],[-124.047715,43.869289],[-124.047705,43.869278],[-124.047696,43.86927],[-124.047685,43.86926],[-124.047675,43.869251],[-124.047664,43.869243],[-124.047652,43.869233],[-124.04764,43.869224],[-124.047629,43.869216],[-124.047617,43.869207],[-124.047604,43.869199],[-124.047585,43.869186],[-124.047571,43.869173],[-124.04756,43.869165],[-124.047546,43.869154],[-124.047534,43.869144],[-124.047521,43.869134],[-124.047508,43.869124],[-124.047495,43.869114],[-124.047483,43.869105],[-124.04747,43.869095],[-124.047457,43.869085],[-124.047446,43.869076],[-124.047432,43.869066],[-124.04742,43.869057],[-124.047408,43.869049],[-124.047395,43.86904],[-124.047381,43.869031],[-124.047367,43.869022],[-124.047356,43.869014],[-124.047341,43.869005],[-124.047327,43.868996],[-124.047313,43.868987],[-124.0473,43.868979],[-124.047287,43.868971],[-124.047272,43.868962],[-124.047258,43.868954],[-124.047244,43.868946],[-124.047229,43.868937],[-124.047216,43.86893],[-124.047202,43.868922],[-124.047185,43.868913],[-124.047172,43.868906],[-124.047159,43.868899],[-124.047145,43.868892],[-124.047129,43.868884],[-124.047114,43.868876],[-124.047101,43.86887],[-124.047085,43.868863],[-124.047069,43.868855],[-124.047054,43.868849],[-124.047039,43.868842],[-124.047024,43.868836],[-124.047008,43.868829],[-124.046992,43.868822],[-124.046976,43.868816],[-124.04696,43.86881],[-124.046945,43.868803],[-124.04693,43.868798],[-124.046913,43.868792],[-124.046898,43.868786],[-124.046883,43.868781],[-124.046867,43.868776],[-124.046851,43.86877],[-124.046834,43.868765],[-124.046817,43.86876],[-124.0468,43.868755],[-124.046786,43.868751],[-124.046768,43.868746],[-124.04675,43.868741],[-124.046735,43.868737],[-124.046719,43.868733],[-124.046701,43.868729],[-124.046684,43.868725],[-124.046668,43.868721],[-124.046651,43.868717],[-124.046633,43.868714],[-124.046614,43.868709],[-124.046595,43.868705],[-124.046576,43.868701],[-124.046557,43.868697],[-124.046541,43.868693],[-124.046523,43.868689],[-124.046504,43.868685],[-124.046486,43.868681],[-124.046468,43.868677],[-124.04645,43.868673],[-124.04643,43.868669],[-124.046413,43.868665],[-124.046396,43.868661],[-124.046378,43.868657],[-124.046359,43.868653],[-124.046341,43.868649],[-124.046323,43.868645],[-124.046304,43.868641],[-124.046286,43.868636],[-124.046269,43.868633],[-124.046251,43.868629],[-124.046232,43.868625],[-124.046214,43.868621],[-124.046195,43.868616],[-124.046178,43.868612],[-124.04616,43.868608],[-124.046142,43.868604],[-124.046124,43.8686],[-124.046106,43.868597],[-124.046087,43.868592],[-124.046068,43.868588],[-124.046051,43.868584],[-124.046034,43.86858],[-124.046015,43.868576],[-124.045997,43.868572],[-124.045979,43.868568],[-124.045962,43.868565],[-124.045944,43.868561],[-124.045923,43.868557],[-124.045902,43.868551],[-124.04588,43.868546],[-124.045857,43.868539],[-124.045835,43.868531],[-124.045815,43.868523],[-124.045794,43.868515],[-124.045774,43.868505],[-124.045754,43.868495],[-124.045736,43.868484],[-124.045718,43.868474],[-124.045699,43.868461],[-124.045684,43.868449],[-124.045669,43.868438],[-124.045652,43.868424],[-124.045637,43.86841],[-124.045624,43.868396],[-124.045611,43.868381],[-124.045598,43.868365],[-124.045586,43.868348],[-124.045576,43.868329],[-124.045568,43.868311],[-124.045562,43.868295],[-124.045556,43.868277],[-124.045552,43.868257],[-124.04555,43.86824],[-124.045549,43.868223],[-124.045549,43.868205],[-124.045551,43.868189],[-124.045552,43.868175],[-124.045553,43.868159],[-124.045556,43.868141],[-124.045559,43.868126],[-124.045563,43.868111],[-124.045568,43.868093],[-124.045574,43.868075],[-124.045582,43.868058],[-124.04559,43.868043],[-124.045598,43.868029],[-124.045603,43.86802],[-124.045606,43.868013],[-124.045611,43.868],[-124.045616,43.867987],[-124.045621,43.867973],[-124.045626,43.867958],[-124.045632,43.867945],[-124.045636,43.867934],[-124.045642,43.867919],[-124.045648,43.867906],[-124.045653,43.867892],[-124.045657,43.867883],[-124.045658,43.867878],[-124.04566,43.867865],[-124.045663,43.86785],[-124.045665,43.867841],[-124.045666,43.867828],[-124.045667,43.867816],[-124.045668,43.867804],[-124.045669,43.867791],[-124.045669,43.867779],[-124.045669,43.867767],[-124.045668,43.867756],[-124.045667,43.867742],[-124.045667,43.867731],[-124.045665,43.867719],[-124.045664,43.867707],[-124.045661,43.867695],[-124.045659,43.867682],[-124.045656,43.867667],[-124.045654,43.867653],[-124.045651,43.867641],[-124.045649,43.867627],[-124.045646,43.867614],[-124.045644,43.867602],[-124.04564,43.867588],[-124.045638,43.867576],[-124.045634,43.867564],[-124.045631,43.867552],[-124.045628,43.867541],[-124.045622,43.867526],[-124.045619,43.867513],[-124.045615,43.867501],[-124.04561,43.867488],[-124.045606,43.867476],[-124.045601,43.867463],[-124.045596,43.86745],[-124.045591,43.867439],[-124.045586,43.867426],[-124.04558,43.867413],[-124.045575,43.8674],[-124.045569,43.867386],[-124.045565,43.867375],[-124.045559,43.867365],[-124.045553,43.867352],[-124.045547,43.867339],[-124.04554,43.867326],[-124.045535,43.867315],[-124.045527,43.867303],[-124.04552,43.867287],[-124.045514,43.867276],[-124.045507,43.867263],[-124.0455,43.867249],[-124.045493,43.867236],[-124.045488,43.867225],[-124.04548,43.867213],[-124.045473,43.867198],[-124.045466,43.867185],[-124.04546,43.867172],[-124.045454,43.867161],[-124.045447,43.867148],[-124.04544,43.867133],[-124.045433,43.867121],[-124.045428,43.86711],[-124.04542,43.867097],[-124.045413,43.867082],[-124.045406,43.867069],[-124.045401,43.867058],[-124.045393,43.867045],[-124.045386,43.867031],[-124.04538,43.867018],[-124.045374,43.867007],[-124.045367,43.866994],[-124.045359,43.866979],[-124.045353,43.866967],[-124.045347,43.866955],[-124.04534,43.866942],[-124.045334,43.866931],[-124.045327,43.866919],[-124.04532,43.866907],[-124.045314,43.866896],[-124.045305,43.866883],[-124.045297,43.866869],[-124.045291,43.866859],[-124.045284,43.866848],[-124.045275,43.866836],[-124.045267,43.866823],[-124.045259,43.866811],[-124.045252,43.866801],[-124.045242,43.866788],[-124.045235,43.866777],[-124.045225,43.866765],[-124.045217,43.866752],[-124.045209,43.866743],[-124.045201,43.866732],[-124.045191,43.86672],[-124.045181,43.866707],[-124.045173,43.866697],[-124.045164,43.866687],[-124.045154,43.866675],[-124.045144,43.866664],[-124.045134,43.866652],[-124.045124,43.866641],[-124.045114,43.86663],[-124.045105,43.866619],[-124.045094,43.866608],[-124.045084,43.866597],[-124.045074,43.866587],[-124.045064,43.866577],[-124.045052,43.866565],[-124.045042,43.866554],[-124.045031,43.866543],[-124.04502,43.866533],[-124.045011,43.866523],[-124.044998,43.866512],[-124.044987,43.866502],[-124.044977,43.866492],[-124.044965,43.866482],[-124.044952,43.86647],[-124.044941,43.866459],[-124.04493,43.86645],[-124.044918,43.866439],[-124.044906,43.866428],[-124.044892,43.866416],[-124.044881,43.866405],[-124.044871,43.866396],[-124.044859,43.866385],[-124.044847,43.866375],[-124.044834,43.866362],[-124.044823,43.866352],[-124.044812,43.866342],[-124.0448,43.866332],[-124.044786,43.866319],[-124.044775,43.866308],[-124.044765,43.866299],[-124.044753,43.866289],[-124.044741,43.866278],[-124.044728,43.866266],[-124.044716,43.866255],[-124.044705,43.866245],[-124.044694,43.866235],[-124.044682,43.866224],[-124.044668,43.866212],[-124.044657,43.866201],[-124.044646,43.866192],[-124.044635,43.866181],[-124.044621,43.86617],[-124.04461,43.866159],[-124.044599,43.866149],[-124.044589,43.86614],[-124.04458,43.866133],[-124.044564,43.866121],[-124.044545,43.866104],[-124.04453,43.866086],[-124.044517,43.86607],[-124.044504,43.86605],[-124.044496,43.866031],[-124.044488,43.866011],[-124.044484,43.865992],[-124.04448,43.865973],[-124.04448,43.865951],[-124.044482,43.86593],[-124.044486,43.86591],[-124.044492,43.865891],[-124.044501,43.86587],[-124.044513,43.865851],[-124.044525,43.865834],[-124.044542,43.865814],[-124.044565,43.865795],[-124.044586,43.865781],[-124.04461,43.865767],[-124.044636,43.865755],[-124.044661,43.865746],[-124.044689,43.865738],[-124.044719,43.865732],[-124.044741,43.865729],[-124.044752,43.865727],[-124.044766,43.865724],[-124.044789,43.865719],[-124.044812,43.865716],[-124.044835,43.865712],[-124.044858,43.865709],[-124.044882,43.865707],[-124.044905,43.865706],[-124.044928,43.865705],[-124.044951,43.865705],[-124.044975,43.865706],[-124.044997,43.865707],[-124.045018,43.865709],[-124.045029,43.86571],[-124.045041,43.865709],[-124.045061,43.865709],[-124.045082,43.865709],[-124.045101,43.865709],[-124.045122,43.865709],[-124.045142,43.86571],[-124.045161,43.86571],[-124.045181,43.865711],[-124.045202,43.865712],[-124.045221,43.865712],[-124.045241,43.865713],[-124.045261,43.865714],[-124.045262,43.865714],[-124.045262,43.865714],[-124.04547,43.865725],[-124.04588,43.865751],[-124.04593,43.865754],[-124.045982,43.865759],[-124.046035,43.865764],[-124.046087,43.865769],[-124.046138,43.865775],[-124.046483,43.865065],[-124.045625,43.86492],[-124.044982,43.864975],[-124.043937,43.865442],[-124.043801,43.865792]]],[[[-124.057084,43.863747],[-124.055621,43.864574],[-124.054798,43.865101],[-124.054775,43.865116],[-124.054789,43.865108],[-124.054805,43.865099],[-124.054819,43.865091],[-124.054836,43.865082],[-124.054854,43.865072],[-124.054873,43.865063],[-124.054893,43.865054],[-124.054911,43.865046],[-124.05493,43.865039],[-124.054948,43.865031],[-124.054966,43.865025],[-124.054985,43.865018],[-124.055004,43.865011],[-124.055022,43.865005],[-124.05504,43.865],[-124.055056,43.864994],[-124.055076,43.864988],[-124.055095,43.864982],[-124.055112,43.864977],[-124.055131,43.864972],[-124.055151,43.864966],[-124.055169,43.864961],[-124.05519,43.864956],[-124.055206,43.864952],[-124.055218,43.864948],[-124.055234,43.864943],[-124.055251,43.864938],[-124.055267,43.864933],[-124.055283,43.864927],[-124.0553,43.864921],[-124.055317,43.864916],[-124.055332,43.86491],[-124.055349,43.864904],[-124.055366,43.864898],[-124.055381,43.864893],[-124.055398,43.864887],[-124.055414,43.86488],[-124.055429,43.864874],[-124.055445,43.864868],[-124.05546,43.864862],[-124.055475,43.864855],[-124.055492,43.864848],[-124.055507,43.864842],[-124.055521,43.864836],[-124.055537,43.864828],[-124.055553,43.864821],[-124.055567,43.864814],[-124.055583,43.864807],[-124.055597,43.8648],[-124.055613,43.864792],[-124.05563,43.864783],[-124.055649,43.864775],[-124.055665,43.864768],[-124.05568,43.86476],[-124.055698,43.864753],[-124.055711,43.864746],[-124.055728,43.864738],[-124.055746,43.864731],[-124.05576,43.864724],[-124.055777,43.864716],[-124.055797,43.864708],[-124.055816,43.8647],[-124.055833,43.864693],[-124.055851,43.864687],[-124.055868,43.86468],[-124.055885,43.864674],[-124.055904,43.864667],[-124.055923,43.86466],[-124.05594,43.864654],[-124.055958,43.864649],[-124.055976,43.864643],[-124.055996,43.864636],[-124.056014,43.864631],[-124.056033,43.864625],[-124.056053,43.86462],[-124.056072,43.864615],[-124.056092,43.86461],[-124.056111,43.864605],[-124.056129,43.864601],[-124.05615,43.864596],[-124.05617,43.864592],[-124.056188,43.864588],[-124.056208,43.864584],[-124.056227,43.86458],[-124.056246,43.864577],[-124.056264,43.864573],[-124.056284,43.86457],[-124.056304,43.864566],[-124.056324,43.864563],[-124.056344,43.86456],[-124.056363,43.864557],[-124.056382,43.864555],[-124.056396,43.864553],[-124.05641,43.86455],[-124.056427,43.864546],[-124.056445,43.864543],[-124.056462,43.864539],[-124.056479,43.864535],[-124.056497,43.864531],[-124.056513,43.864527],[-124.05653,43.864523],[-124.056545,43.864519],[-124.056561,43.864515],[-124.056578,43.86451],[-124.056594,43.864505],[-124.05661,43.8645],[-124.056625,43.864495],[-124.056642,43.86449],[-124.056658,43.864484],[-124.056673,43.864479],[-124.056688,43.864473],[-124.056706,43.864467],[-124.056722,43.864461],[-124.056738,43.864455],[-124.056754,43.864449],[-124.05677,43.864442],[-124.056786,43.864436],[-124.056801,43.86443],[-124.056817,43.864423],[-124.056834,43.864416],[-124.056852,43.864409],[-124.056869,43.864402],[-124.056886,43.864395],[-124.056901,43.864389],[-124.056917,43.864382],[-124.056936,43.864375],[-124.056952,43.864368],[-124.056968,43.864362],[-124.056985,43.864355],[-124.057003,43.864348],[-124.057024,43.86434],[-124.057043,43.864334],[-124.057059,43.864329],[-124.057078,43.864322],[-124.057096,43.864316],[-124.057115,43.864311],[-124.057132,43.864305],[-124.05715,43.864299],[-124.05717,43.864294],[-124.057188,43.864289],[-124.057207,43.864283],[-124.057225,43.864278],[-124.057242,43.864274],[-124.057258,43.864269],[-124.057276,43.864264],[-124.057292,43.864259],[-124.057309,43.864254],[-124.057328,43.864248],[-124.057346,43.864243],[-124.057363,43.864238],[-124.057381,43.864233],[-124.057399,43.864228],[-124.057415,43.864223],[-124.057433,43.864217],[-124.057451,43.864212],[-124.057469,43.864207],[-124.057487,43.864202],[-124.057503,43.864197],[-124.05752,43.864192],[-124.057539,43.864186],[-124.057557,43.864181],[-124.057575,43.864176],[-124.057592,43.864171],[-124.057609,43.864166],[-124.057625,43.864161],[-124.057644,43.864156],[-124.057662,43.86415],[-124.057679,43.864145],[-124.057697,43.86414],[-124.057715,43.864135],[-124.057732,43.86413],[-124.05775,43.864125],[-124.057767,43.864119],[-124.057785,43.864114],[-124.057803,43.864109],[-124.05782,43.864104],[-124.057836,43.864099],[-124.057855,43.864094],[-124.057873,43.864088],[-124.057891,43.864083],[-124.057908,43.864078],[-124.057925,43.864073],[-124.057942,43.864068],[-124.05796,43.864063],[-124.057978,43.864058],[-124.057996,43.864052],[-124.058013,43.864047],[-124.058031,43.864042],[-124.058048,43.864037],[-124.058066,43.864032],[-124.058084,43.864027],[-124.058101,43.864022],[-124.058119,43.864016],[-124.058134,43.864012],[-124.05815,43.864007],[-124.058168,43.864001],[-124.058184,43.863996],[-124.058202,43.86399],[-124.058218,43.863985],[-124.058235,43.863979],[-124.058253,43.863973],[-124.058269,43.863968],[-124.058287,43.863962],[-124.058303,43.863956],[-124.05832,43.86395],[-124.058336,43.863945],[-124.058354,43.863939],[-124.058372,43.863933],[-124.058387,43.863927],[-124.058404,43.863921],[-124.058422,43.863915],[-124.058437,43.86391],[-124.058455,43.863903],[-124.058473,43.863897],[-124.058488,43.863892],[-124.058504,43.863885],[-124.05852,43.863879],[-124.058538,43.863873],[-124.058555,43.863867],[-124.05857,43.863861],[-124.058587,43.863854],[-124.058604,43.863848],[-124.05862,43.863842],[-124.058636,43.863835],[-124.058653,43.863829],[-124.05867,43.863822],[-124.058686,43.863816],[-124.058701,43.86381],[-124.058717,43.863803],[-124.058736,43.863796],[-124.058755,43.863788],[-124.058774,43.863782],[-124.05879,43.863776],[-124.058808,43.863769],[-124.058826,43.863763],[-124.058843,43.863757],[-124.058861,43.863751],[-124.058877,43.863746],[-124.058895,43.863739],[-124.058914,43.863734],[-124.05893,43.863728],[-124.058951,43.863721],[-124.058973,43.863715],[-124.058995,43.863709],[-124.059016,43.863705],[-124.059036,43.8637],[-124.059055,43.863697],[-124.059076,43.863693],[-124.059096,43.863689],[-124.059117,43.863686],[-124.059138,43.863683],[-124.059158,43.86368],[-124.059179,43.863677],[-124.0592,43.863675],[-124.059224,43.863673],[-124.059246,43.863672],[-124.059268,43.863672],[-124.05929,43.863671],[-124.059312,43.863671],[-124.059334,43.863672],[-124.059355,43.863673],[-124.059376,43.863674],[-124.059398,43.863676],[-124.059421,43.863678],[-124.059442,43.86368],[-124.059462,43.863683],[-124.05948,43.863685],[-124.059498,43.863687],[-124.059516,43.863689],[-124.059536,43.863692],[-124.059553,43.863694],[-124.059572,43.863696],[-124.059591,43.863698],[-124.05961,43.863701],[-124.059629,43.863703],[-124.059647,43.863705],[-124.059666,43.863707],[-124.059684,43.86371],[-124.059702,43.863712],[-124.059723,43.863714],[-124.059741,43.863716],[-124.05976,43.863719],[-124.059778,43.863721],[-124.059797,43.863723],[-124.059815,43.863725],[-124.059834,43.863728],[-124.059853,43.86373],[-124.059872,43.863732],[-124.059891,43.863734],[-124.059909,43.863737],[-124.059928,43.863739],[-124.059945,43.863741],[-124.059965,43.863743],[-124.059985,43.863746],[-124.060003,43.863748],[-124.060022,43.86375],[-124.06004,43.863752],[-124.06006,43.863755],[-124.06008,43.863758],[-124.060103,43.863761],[-124.060125,43.863765],[-124.060146,43.863769],[-124.060168,43.863774],[-124.060188,43.863779],[-124.060209,43.863785],[-124.060231,43.863791],[-124.060251,43.863798],[-124.060269,43.863805],[-124.06029,43.863812],[-124.060309,43.86382],[-124.060329,43.863828],[-124.060349,43.863837],[-124.060366,43.863846],[-124.060385,43.863855],[-124.060402,43.863865],[-124.060419,43.863875],[-124.060436,43.863886],[-124.060452,43.863896],[-124.060469,43.863908],[-124.060484,43.86392],[-124.0605,43.863932],[-124.060514,43.863944],[-124.060526,43.863955],[-124.060539,43.863966],[-124.060552,43.863978],[-124.060565,43.863991],[-124.060577,43.864003],[-124.06059,43.864015],[-124.060602,43.864029],[-124.060612,43.864041],[-124.060624,43.864055],[-124.060635,43.864068],[-124.060645,43.864082],[-124.060655,43.864097],[-124.060664,43.864109],[-124.060673,43.864124],[-124.06068,43.864136],[-124.060687,43.864146],[-124.060696,43.864158],[-124.060703,43.864169],[-124.060712,43.864181],[-124.060722,43.864195],[-124.06073,43.864208],[-124.060738,43.86422],[-124.060747,43.864233],[-124.060755,43.864245],[-124.060763,43.864257],[-124.060772,43.864269],[-124.06078,43.864282],[-124.060787,43.864292],[-124.060794,43.864302],[-124.060802,43.864311],[-124.060811,43.864322],[-124.060819,43.864331],[-124.060828,43.864341],[-124.060839,43.864351],[-124.060848,43.864361],[-124.060858,43.86437],[-124.060869,43.864379],[-124.060879,43.864388],[-124.06089,43.864397],[-124.060901,43.864405],[-124.060914,43.864414],[-124.060925,43.864422],[-124.060937,43.864429],[-124.060949,43.864437],[-124.060958,43.864442],[-124.060969,43.864448],[-124.060981,43.864454],[-124.060994,43.864459],[-124.061006,43.864464],[-124.06102,43.864469],[-124.061035,43.864474],[-124.061049,43.864478],[-124.061062,43.864482],[-124.061076,43.864485],[-124.06109,43.864488],[-124.061104,43.86449],[-124.061118,43.864492],[-124.061133,43.864494],[-124.061148,43.864496],[-124.061161,43.864497],[-124.061176,43.864497],[-124.061191,43.864497],[-124.061206,43.864497],[-124.06122,43.864497],[-124.061235,43.864496],[-124.06125,43.864494],[-124.061265,43.864492],[-124.061279,43.86449],[-124.061294,43.864488],[-124.061309,43.864485],[-124.061322,43.864482],[-124.061336,43.864478],[-124.06135,43.864474],[-124.061364,43.864469],[-124.061377,43.864465],[-124.06139,43.86446],[-124.061402,43.864454],[-124.061415,43.864449],[-124.061428,43.864442],[-124.06144,43.864436],[-124.06145,43.86443],[-124.061462,43.864422],[-124.061473,43.864415],[-124.061481,43.864409],[-124.061492,43.8644],[-124.061501,43.864393],[-124.061509,43.864385],[-124.061519,43.864375],[-124.061527,43.864366],[-124.061535,43.864357],[-124.061541,43.864348],[-124.061548,43.864339],[-124.061553,43.86433],[-124.061559,43.86432],[-124.061565,43.864309],[-124.061569,43.864299],[-124.061572,43.864291],[-124.061574,43.864283],[-124.061576,43.864274],[-124.061577,43.864265],[-124.061577,43.864255],[-124.061577,43.864244],[-124.061577,43.864233],[-124.061576,43.864224],[-124.061574,43.864215],[-124.061571,43.864206],[-124.061567,43.864194],[-124.061564,43.864185],[-124.06156,43.864176],[-124.061553,43.864163],[-124.061544,43.864144],[-124.061539,43.864125],[-124.061535,43.864111],[-124.061532,43.864099],[-124.061527,43.864087],[-124.061524,43.864073],[-124.06152,43.864062],[-124.061516,43.86405],[-124.06151,43.864037],[-124.061506,43.864024],[-124.0615,43.864011],[-124.061495,43.863996],[-124.061489,43.86398],[-124.061486,43.863965],[-124.061482,43.863951],[-124.061479,43.863939],[-124.061474,43.863927],[-124.06147,43.863911],[-124.061466,43.863898],[-124.061463,43.863884],[-124.061459,43.863868],[-124.061456,43.863855],[-124.061453,43.863844],[-124.061449,43.863828],[-124.061446,43.863812],[-124.061443,43.863799],[-124.06144,43.863785],[-124.061437,43.86377],[-124.061435,43.863756],[-124.061432,43.863742],[-124.061431,43.863728],[-124.061428,43.863715],[-124.061426,43.863699],[-124.061424,43.863686],[-124.061422,43.863672],[-124.06142,43.863654],[-124.06142,43.863637],[-124.061421,43.863623],[-124.061421,43.863609],[-124.061421,43.863593],[-124.061422,43.863578],[-124.061423,43.863564],[-124.061425,43.863549],[-124.061427,43.863532],[-124.061429,43.863519],[-124.061431,43.863503],[-124.061435,43.863487],[-124.061439,43.86347],[-124.061446,43.86345],[-124.061453,43.863435],[-124.061458,43.863422],[-124.061466,43.863406],[-124.061474,43.86339],[-124.061483,43.863375],[-124.061493,43.863361],[-124.061503,43.863347],[-124.061512,43.863334],[-124.061522,43.86332],[-124.061534,43.863305],[-124.061547,43.863291],[-124.061559,43.863279],[-124.061572,43.863266],[-124.061585,43.863253],[-124.061598,43.863241],[-124.061612,43.863229],[-124.061628,43.863216],[-124.061642,43.863206],[-124.061653,43.863197],[-124.061668,43.863185],[-124.061684,43.863174],[-124.061698,43.863164],[-124.061713,43.863153],[-124.061728,43.863143],[-124.061744,43.863133],[-124.06176,43.863123],[-124.061776,43.863114],[-124.061792,43.863104],[-124.06181,43.863095],[-124.061826,43.863086],[-124.061843,43.863077],[-124.061858,43.863069],[-124.061873,43.863061],[-124.061888,43.863054],[-124.061904,43.863045],[-124.06192,43.863037],[-124.061934,43.86303],[-124.06195,43.863021],[-124.061967,43.863013],[-124.061982,43.863005],[-124.061996,43.862998],[-124.062011,43.86299],[-124.062028,43.862981],[-124.062043,43.862974],[-124.062057,43.862966],[-124.062074,43.862957],[-124.06209,43.862949],[-124.062104,43.862942],[-124.062119,43.862934],[-124.062139,43.862924],[-124.062158,43.862915],[-124.062176,43.862907],[-124.062196,43.862899],[-124.062215,43.862892],[-124.062236,43.862884],[-124.062257,43.862878],[-124.062277,43.862872],[-124.062298,43.862866],[-124.062319,43.862861],[-124.062341,43.862856],[-124.062362,43.862852],[-124.062383,43.862848],[-124.062405,43.862844],[-124.062428,43.862841],[-124.06245,43.862839],[-124.062472,43.862837],[-124.062495,43.862835],[-124.062517,43.862835],[-124.062539,43.862834],[-124.062562,43.862834],[-124.062584,43.862835],[-124.062608,43.862836],[-124.062631,43.862837],[-124.062654,43.86284],[-124.062675,43.862843],[-124.062698,43.862846],[-124.062721,43.86285],[-124.062741,43.862854],[-124.062759,43.862858],[-124.062777,43.862862],[-124.062796,43.862866],[-124.062814,43.86287],[-124.062832,43.862873],[-124.06285,43.862877],[-124.062869,43.862881],[-124.062887,43.862885],[-124.062906,43.862889],[-124.062923,43.862893],[-124.062941,43.862897],[-124.062959,43.8629],[-124.062977,43.862904],[-124.062996,43.862908],[-124.063017,43.862913],[-124.063038,43.862918],[-124.063056,43.862923],[-124.063075,43.862928],[-124.063093,43.862932],[-124.063113,43.862938],[-124.063132,43.862943],[-124.06315,43.862949],[-124.063168,43.862954],[-124.063187,43.86296],[-124.063205,43.862966],[-124.063222,43.862972],[-124.06324,43.862977],[-124.063259,43.862983],[-124.063275,43.862989],[-124.063292,43.862994],[-124.063309,43.863],[-124.063326,43.863006],[-124.063343,43.863011],[-124.063362,43.863017],[-124.063379,43.863023],[-124.063395,43.863028],[-124.063412,43.863034],[-124.06343,43.86304],[-124.063447,43.863046],[-124.063463,43.863051],[-124.063477,43.863055],[-124.063488,43.863058],[-124.063498,43.86306],[-124.063511,43.863062],[-124.063523,43.863063],[-124.063536,43.863064],[-124.063548,43.863065],[-124.063561,43.863065],[-124.063574,43.863064],[-124.063586,43.863063],[-124.063595,43.863062],[-124.063602,43.86306],[-124.06361,43.863058],[-124.063619,43.863055],[-124.063628,43.863051],[-124.063637,43.863046],[-124.063647,43.863041],[-124.063654,43.863036],[-124.06366,43.863031],[-124.063667,43.863025],[-124.063674,43.863018],[-124.063679,43.863012],[-124.063682,43.863006],[-124.063688,43.862995],[-124.063696,43.86298],[-124.063704,43.862968],[-124.06371,43.862957],[-124.063714,43.862949],[-124.063718,43.86294],[-124.063722,43.862929],[-124.063724,43.862919],[-124.063726,43.862909],[-124.063728,43.862898],[-124.06373,43.862885],[-124.063732,43.862872],[-124.063733,43.862861],[-124.063734,43.86285],[-124.063734,43.86284],[-124.063733,43.86283],[-124.063732,43.862819],[-124.06373,43.862808],[-124.063728,43.862796],[-124.063726,43.862786],[-124.063724,43.862781],[-124.063721,43.862774],[-124.063716,43.862765],[-124.063711,43.862758],[-124.063704,43.86275],[-124.063697,43.862741],[-124.063689,43.862733],[-124.063681,43.862726],[-124.063673,43.862719],[-124.063661,43.862709],[-124.06365,43.862701],[-124.06364,43.862694],[-124.06363,43.862687],[-124.06362,43.862682],[-124.063608,43.862676],[-124.063596,43.86267],[-124.063584,43.862665],[-124.063571,43.862659],[-124.063559,43.862655],[-124.063543,43.86265],[-124.063522,43.862643],[-124.063505,43.862636],[-124.063487,43.86263],[-124.06347,43.862623],[-124.063454,43.862617],[-124.063436,43.862611],[-124.063421,43.862605],[-124.063406,43.8626],[-124.063389,43.862594],[-124.06337,43.862588],[-124.063351,43.862581],[-124.063332,43.862573],[-124.063313,43.862566],[-124.063294,43.862557],[-124.063276,43.862549],[-124.063261,43.862542],[-124.063241,43.862533],[-124.063223,43.862523],[-124.063206,43.862514],[-124.063189,43.862504],[-124.063171,43.862493],[-124.063155,43.862482],[-124.063138,43.862471],[-124.063123,43.86246],[-124.06311,43.862449],[-124.063098,43.862441],[-124.063084,43.862431],[-124.06307,43.86242],[-124.063059,43.862412],[-124.063045,43.862402],[-124.063031,43.862391],[-124.063019,43.862382],[-124.063005,43.862372],[-124.062991,43.862361],[-124.06298,43.862353],[-124.062965,43.862342],[-124.062951,43.862332],[-124.06294,43.862323],[-124.062928,43.862315],[-124.062915,43.862306],[-124.062897,43.862294],[-124.061292,43.862282],[-124.061068,43.862631],[-124.060082,43.863178],[-124.058871,43.863379],[-124.057084,43.863747]]],[[[-124.049963,43.866051],[-124.049999,43.86605],[-124.050035,43.86605],[-124.050094,43.866052],[-124.050128,43.866055],[-124.050179,43.866061],[-124.05021,43.866068],[-124.050266,43.866085],[-124.050304,43.8661],[-124.050332,43.866114],[-124.050372,43.866136],[-124.050398,43.866152],[-124.050422,43.866168],[-124.050452,43.866189],[-124.050483,43.866213],[-124.050504,43.866232],[-124.050526,43.866251],[-124.050546,43.866272],[-124.050566,43.866294],[-124.05059,43.866321],[-124.050609,43.866343],[-124.050625,43.86636],[-124.050651,43.866387],[-124.050668,43.866402],[-124.050691,43.866421],[-124.050705,43.866431],[-124.050714,43.866436],[-124.050731,43.865994],[-124.049388,43.865991],[-124.048778,43.865896],[-124.047188,43.865184],[-124.046706,43.865103],[-124.046363,43.86581],[-124.046388,43.865815],[-124.046439,43.865825],[-124.046489,43.865836],[-124.046539,43.865847],[-124.046589,43.865859],[-124.046974,43.865954],[-124.047284,43.866031],[-124.047584,43.866076],[-124.04763,43.866084],[-124.047713,43.866096],[-124.047787,43.866106],[-124.047887,43.866119],[-124.047932,43.866123],[-124.048013,43.86613],[-124.048104,43.866136],[-124.048161,43.866139],[-124.048258,43.866146],[-124.048324,43.866149],[-124.048379,43.866151],[-124.048444,43.86615],[-124.04853,43.866147],[-124.048606,43.866141],[-124.049344,43.866084],[-124.049384,43.866082],[-124.049447,43.866077],[-124.049489,43.866074],[-124.049584,43.866068],[-124.049653,43.866064],[-124.049694,43.866062],[-124.049752,43.866059],[-124.04984,43.866054],[-124.049911,43.866052],[-124.049963,43.866051]]],[[[-124.051681,43.865917],[-124.051677,43.866036],[-124.051694,43.866034],[-124.051719,43.866031],[-124.051772,43.866026],[-124.051811,43.866022],[-124.051839,43.86602],[-124.051873,43.866018],[-124.05189,43.866016],[-124.051924,43.866014],[-124.051958,43.866011],[-124.051977,43.86601],[-124.051996,43.866009],[-124.052015,43.866007],[-124.052034,43.866006],[-124.052052,43.866005],[-124.052071,43.866003],[-124.052091,43.866002],[-124.05211,43.866],[-124.052128,43.865999],[-124.052147,43.865998],[-124.052162,43.865997],[-124.052176,43.865995],[-124.052194,43.865993],[-124.052211,43.86599],[-124.052229,43.865988],[-124.052247,43.865985],[-124.052264,43.865982],[-124.052282,43.865979],[-124.052299,43.865977],[-124.052316,43.865973],[-124.052334,43.86597],[-124.05235,43.865967],[-124.052368,43.865963],[-124.052384,43.86596],[-124.052401,43.865956],[-124.052419,43.865952],[-124.052434,43.865948],[-124.052451,43.865944],[-124.052467,43.86594],[-124.052484,43.865935],[-124.052501,43.865931],[-124.052518,43.865926],[-124.052534,43.865921],[-124.052552,43.865916],[-124.052568,43.865911],[-124.052587,43.865905],[-124.052604,43.8659],[-124.05262,43.865895],[-124.052636,43.86589],[-124.052654,43.865884],[-124.052671,43.865879],[-124.052687,43.865874],[-124.05271,43.865866],[-124.052733,43.86586],[-124.052751,43.865856],[-124.052771,43.865851],[-124.052792,43.865846],[-124.05281,43.865843],[-124.052829,43.865838],[-124.052851,43.865834],[-124.05287,43.865831],[-124.05289,43.865827],[-124.052914,43.865824],[-124.052936,43.865821],[-124.052957,43.865819],[-124.052979,43.865817],[-124.053,43.865816],[-124.053021,43.865815],[-124.053042,43.865814],[-124.053063,43.865814],[-124.053085,43.865813],[-124.053107,43.865814],[-124.053127,43.865814],[-124.053148,43.865815],[-124.053168,43.865816],[-124.053184,43.865817],[-124.053201,43.865817],[-124.053221,43.865817],[-124.053242,43.865818],[-124.053262,43.865819],[-124.053282,43.86582],[-124.053302,43.865821],[-124.053321,43.865822],[-124.053341,43.865823],[-124.053361,43.865825],[-124.053374,43.865826],[-124.05338,43.865826],[-124.053392,43.865825],[-124.053407,43.865823],[-124.053421,43.865821],[-124.053438,43.865819],[-124.053453,43.865816],[-124.053468,43.865813],[-124.053483,43.86581],[-124.053498,43.865806],[-124.053512,43.865803],[-124.053523,43.865799],[-124.053534,43.865795],[-124.053546,43.865791],[-124.053557,43.865785],[-124.05357,43.865779],[-124.053582,43.865773],[-124.053593,43.865766],[-124.053604,43.86576],[-124.053615,43.865752],[-124.053626,43.865745],[-124.053634,43.865738],[-124.053648,43.865726],[-124.053663,43.865715],[-124.053671,43.865708],[-124.053681,43.865699],[-124.053692,43.865689],[-124.053701,43.86568],[-124.053711,43.865671],[-124.053725,43.865656],[-124.053742,43.865641],[-124.053756,43.86563],[-124.053771,43.865618],[-124.053786,43.865608],[-124.053795,43.865601],[-124.053427,43.865628],[-124.052815,43.865714],[-124.051681,43.865917]]]]}},{"type":"Feature","properties":{"MAPTAXLOT":"2012000000100","MAPNUMBER":"20120000","TAXLOT":"100","ACCTNO":"0925857","MAPACRES":14.8629838},"geometry":{"type":"Polygon","coordinates":[[[-124.091846,43.866911],[-124.090601,43.868269],[-124.092652,43.867859],[-124.096469,43.865964],[-124.095815,43.864789],[-124.091846,43.866911]]]}},{"type":"Feature","properties":{"MAPTAXLOT":"2012000000201","MAPNUMBER":"20120000","TAXLOT":"201","ACCTNO":"0925873","MAPACRES":2.72648327},"geometry":{"type":"Polygon","coordinates":[[[-124.101858,43.863705],[-124.102026,43.864076],[-124.102144,43.864383],[-124.102389,43.864512],[-124.1027,43.86468],[-124.102733,43.864796],[-124.10333,43.864508],[-124.103079,43.863557],[-124.101837,43.863583],[-124.101858,43.863705]]]}},{"type":"Feature","properties":{"MAPTAXLOT":"2012000000202","MAPNUMBER":"20120000","TAXLOT":"202","ACCTNO":"1815933","MAPACRES":7.09388479},"geometry":{"type":"Polygon","coordinates":[[[-124.10333,43.864508],[-124.102733,43.864796],[-124.10277,43.864929],[-124.102727,43.865208],[-124.102724,43.865227],[-124.102891,43.865433],[-124.103069,43.865653],[-124.103406,43.86555],[-124.10386,43.865411],[-124.104881,43.865001],[-124.105147,43.864895],[-124.105133,43.864869],[-124.104996,43.864556],[-124.104994,43.864206],[-124.104829,43.864081],[-124.104637,43.863979],[-124.10449,43.8639],[-124.104215,43.863731],[-124.104108,43.863622],[-124.104099,43.863536],[-124.103799,43.863542],[-124.103079,43.863557],[-124.10333,43.864508]]]}},{"type":"Feature","properties":{"MAPTAXLOT":"2012000000203","MAPNUMBER":"20120000","TAXLOT":"203","ACCTNO":"1815941","MAPACRES":1.91446766},"geometry":{"type":"Polygon","coordinates":[[[-124.103069,43.865653],[-124.103147,43.865749],[-124.10346,43.865944],[-124.103659,43.86607],[-124.104042,43.866216],[-124.104423,43.866323],[-124.104686,43.86642],[-124.104847,43.86633],[-124.105016,43.866236],[-124.10386,43.865411],[-124.103406,43.86555],[-124.103069,43.865653]]]}},{"type":"Feature","properties":{"MAPTAXLOT":"2012000000204","MAPNUMBER":"20120000","TAXLOT":"204","ACCTNO":"1815958","MAPACRES":2.93345849},"geometry":{"type":"Polygon","coordinates":[[[-124.10386,43.865411],[-124.105016,43.866236],[-124.105603,43.865908],[-124.105964,43.865706],[-124.105903,43.865677],[-124.105631,43.86556],[-124.105389,43.86533],[-124.105247,43.86509],[-124.105147,43.864895],[-124.104881,43.865001],[-124.10386,43.865411]]]}},{"type":"Feature","properties":{"MAPTAXLOT":"2012000000400","MAPNUMBER":"20120000","TAXLOT":"400","ACCTNO":"0925881","MAPACRES":130.99096189},"geometry":{"type":"Polygon","coordinates":[[[-124.125072,43.871221],[-124.125322,43.871221],[-124.125317,43.86699],[-124.125313,43.863357],[-124.115114,43.863393],[-124.115093,43.867043],[-124.115093,43.867043],[-124.120091,43.867017],[-124.120091,43.867017],[-124.120092,43.867017],[-124.120092,43.867017],[-124.120069,43.87125],[-124.125072,43.871221]]]}},{"type":"Feature","properties":{"MAPTAXLOT":"2012000000600","MAPNUMBER":"20120000","TAXLOT":"600","ACCTNO":"0925907","MAPACRES":354.29389358},"geometry":{"type":"MultiPolygon","coordinates":[[[[-124.134848,43.868653],[-124.13488,43.868667],[-124.13335,43.870521],[-124.133349,43.870523],[-124.133347,43.870525],[-124.133342,43.870531],[-124.13334,43.870533],[-124.133334,43.87054],[-124.133334,43.870541],[-124.133332,43.870543],[-124.133328,43.870547],[-124.133326,43.870551],[-124.133423,43.870593],[-124.1333,43.870748],[-124.133182,43.870905],[-124.133069,43.871063],[-124.132961,43.871224],[-124.135192,43.871225],[-124.135279,43.871225],[-124.14024,43.871225],[-124.140284,43.871225],[-124.145288,43.871225],[-124.150444,43.871225],[-124.15167,43.871225],[-124.152969,43.867419],[-124.152969,43.867419],[-124.150358,43.86743],[-124.150274,43.863722],[-124.144898,43.863721],[-124.140114,43.863632],[-124.140117,43.86377],[-124.140197,43.867337],[-124.136057,43.867241],[-124.135658,43.867725],[-124.135625,43.867711],[-124.134848,43.868653]]],[[[-124.130132,43.871223],[-124.130276,43.871223],[-124.13217,43.871224],[-124.132171,43.871224],[-124.132171,43.871224],[-124.132256,43.871085],[-124.132463,43.871153],[-124.132566,43.870995],[-124.132674,43.870839],[-124.132786,43.870684],[-124.132903,43.870531],[-124.133025,43.87038],[-124.134555,43.868527],[-124.134587,43.868541],[-124.135667,43.867232],[-124.135306,43.867223],[-124.130261,43.867106],[-124.130248,43.863449],[-124.125313,43.863357],[-124.125317,43.86699],[-124.125322,43.871221],[-124.130132,43.871223]]]]}},{"type":"Feature","properties":{"MAPTAXLOT":"2012010000066","MAPNUMBER":"20120100","TAXLOT":"66","ACCTNO":"000None","MAPACRES":1.18830166},"geometry":{"type":"Polygon","coordinates":[[[-124.076455,43.870239],[-124.078375,43.870292],[-124.078429,43.87009],[-124.078264,43.869942],[-124.077777,43.869958],[-124.077259,43.869965],[-124.076619,43.870037],[-124.076456,43.870238],[-124.076455,43.870239]]]}},{"type":"Feature","properties":{"MAPTAXLOT":"2012010000077","MAPNUMBER":"20120100","TAXLOT":"77","ACCTNO":"000None","MAPACRES":5.00081438},"geometry":{"type":"Polygon","coordinates":[[[-124.072784,43.871164],[-124.07435,43.871568],[-124.075583,43.871142],[-124.075783,43.870953],[-124.075945,43.870493],[-124.075963,43.870226],[-124.075992,43.869787],[-124.076021,43.869351],[-124.076431,43.868681],[-124.076354,43.867989],[-124.076413,43.867753],[-124.076503,43.867399],[-124.07751,43.867331],[-124.077727,43.867742],[-124.077941,43.868147],[-124.079697,43.868091],[-124.080097,43.86772],[-124.08128,43.866624],[-124.081553,43.86597],[-124.081732,43.865542],[-124.08176,43.864151],[-124.081764,43.863986],[-124.081612,43.863989],[-124.081609,43.864153],[-124.081591,43.865013],[-124.081581,43.865525],[-124.081395,43.86597],[-124.081143,43.866572],[-124.080192,43.867453],[-124.079903,43.867722],[-124.07962,43.867983],[-124.078044,43.868034],[-124.077888,43.86774],[-124.07761,43.867214],[-124.076375,43.867297],[-124.076259,43.867755],[-124.076201,43.867983],[-124.076277,43.868662],[-124.075871,43.869325],[-124.075841,43.869783],[-124.075812,43.870221],[-124.075795,43.870477],[-124.075644,43.870905],[-124.075485,43.871055],[-124.074342,43.871451],[-124.072826,43.871059],[-124.071671,43.870886],[-124.071352,43.871251],[-124.071106,43.871533],[-124.071175,43.871534],[-124.071424,43.871538],[-124.071406,43.871393],[-124.071743,43.871008],[-124.072784,43.871164]]]}},{"type":"Feature","properties":{"MAPTAXLOT":"2012010000100","MAPNUMBER":"20120100","TAXLOT":"100","ACCTNO":"0925931","MAPACRES":41.02244944},"geometry":{"type":"Polygon","coordinates":[[[-124.064734,43.871432],[-124.069764,43.871511],[-124.069764,43.871512],[-124.069774,43.870695],[-124.069782,43.870056],[-124.069787,43.869617],[-124.069809,43.867799],[-124.064671,43.867831],[-124.064734,43.871432]]]}},{"type":"Feature","properties":{"MAPTAXLOT":"2012010000200","MAPNUMBER":"20120100","TAXLOT":"200","ACCTNO":"0925949","MAPACRES":12.75258766},"geometry":{"type":"Polygon","coordinates":[[[-124.072826,43.871059],[-124.074342,43.871451],[-124.075485,43.871055],[-124.075644,43.870905],[-124.075795,43.870477],[-124.075812,43.870221],[-124.069782,43.870056],[-124.069774,43.870695],[-124.069902,43.87073],[-124.070135,43.870815],[-124.07047,43.871004],[-124.07082,43.871078],[-124.07123,43.871188],[-124.071352,43.871251],[-124.071671,43.870886],[-124.072826,43.871059]]]}},{"type":"Feature","properties":{"MAPTAXLOT":"2012010000201","MAPNUMBER":"20120100","TAXLOT":"201","ACCTNO":"1372745","MAPACRES":1.81129522},"geometry":{"type":"Polygon","coordinates":[[[-124.069764,43.871512],[-124.071106,43.871533],[-124.071352,43.871251],[-124.07123,43.871188],[-124.07082,43.871078],[-124.07047,43.871004],[-124.070135,43.870815],[-124.069902,43.87073],[-124.069774,43.870695],[-124.069764,43.871512]]]}},{"type":"Feature","properties":{"MAPTAXLOT":"2012010000300","MAPNUMBER":"20120100","TAXLOT":"300","ACCTNO":"0925956","MAPACRES":7.66882285},"geometry":{"type":"MultiPolygon","coordinates":[[[[-124.069782,43.870056],[-124.075812,43.870221],[-124.075841,43.869783],[-124.069787,43.869617],[-124.069782,43.870056]]],[[[-124.079321,43.869878],[-124.079247,43.869952],[-124.079088,43.870129],[-124.078934,43.870307],[-124.078829,43.870434],[-124.078825,43.870439],[-124.078965,43.870342],[-124.079226,43.870169],[-124.07943,43.870158],[-124.079621,43.87003],[-124.079707,43.869962],[-124.079898,43.869922],[-124.07994,43.869895],[-124.079321,43.869878]]],[[[-124.078429,43.87009],[-124.078375,43.870292],[-124.078316,43.870416],[-124.07836,43.870468],[-124.078502,43.870295],[-124.078502,43.870295],[-124.078622,43.87015],[-124.078745,43.870007],[-124.078871,43.869866],[-124.075992,43.869787],[-124.075963,43.870226],[-124.075963,43.870226],[-124.076455,43.870239],[-124.076456,43.870238],[-124.076619,43.870037],[-124.077259,43.869965],[-124.077777,43.869958],[-124.078264,43.869942],[-124.078429,43.87009]]]]}},{"type":"Feature","properties":{"MAPTAXLOT":"2012010000400","MAPNUMBER":"20120100","TAXLOT":"400","ACCTNO":"0925964","MAPACRES":47.31171281},"geometry":{"type":"MultiPolygon","coordinates":[[[[-124.069787,43.869617],[-124.075841,43.869783],[-124.075871,43.869325],[-124.076277,43.868662],[-124.076201,43.867983],[-124.076259,43.867755],[-124.074945,43.867767],[-124.069809,43.867799],[-124.069787,43.869617]]],[[[-124.078044,43.868034],[-124.07962,43.867983],[-124.079903,43.867722],[-124.077888,43.86774],[-124.078044,43.868034]]],[[[-124.076431,43.868681],[-124.076021,43.869351],[-124.075992,43.869787],[-124.078871,43.869866],[-124.078931,43.8698],[-124.07905,43.869682],[-124.079174,43.869568],[-124.079305,43.869456],[-124.07944,43.869348],[-124.079581,43.869244],[-124.079727,43.869143],[-124.079878,43.869046],[-124.080034,43.868953],[-124.080194,43.868864],[-124.080358,43.86878],[-124.080585,43.868675],[-124.080815,43.868573],[-124.081049,43.868475],[-124.081378,43.868338],[-124.081545,43.868268],[-124.081709,43.868194],[-124.081869,43.868117],[-124.082025,43.868035],[-124.082124,43.867975],[-124.082218,43.867911],[-124.082308,43.867843],[-124.082393,43.867772],[-124.082473,43.867698],[-124.080182,43.867719],[-124.080097,43.86772],[-124.079697,43.868091],[-124.077941,43.868147],[-124.077727,43.867742],[-124.076413,43.867753],[-124.076354,43.867989],[-124.076431,43.868681]]],[[[-124.082932,43.867694],[-124.082852,43.867785],[-124.082767,43.867872],[-124.082675,43.867956],[-124.082577,43.868036],[-124.082474,43.868113],[-124.082365,43.868186],[-124.082252,43.868255],[-124.082085,43.868342],[-124.081915,43.868425],[-124.081741,43.868503],[-124.081563,43.868578],[-124.081235,43.868714],[-124.081009,43.868809],[-124.080786,43.868907],[-124.080566,43.869009],[-124.080409,43.86909],[-124.080256,43.869176],[-124.080108,43.869265],[-124.079964,43.869358],[-124.079825,43.869455],[-124.079691,43.869556],[-124.079562,43.86966],[-124.079439,43.869767],[-124.079321,43.869878],[-124.07994,43.869895],[-124.080043,43.86983],[-124.080153,43.869557],[-124.080258,43.869292],[-124.08058,43.869139],[-124.081171,43.8688],[-124.081788,43.868528],[-124.082309,43.868286],[-124.082965,43.867965],[-124.083516,43.867689],[-124.082932,43.867694]]]]}},{"type":"Feature","properties":{"MAPTAXLOT":"2012010000500","MAPNUMBER":"20120100","TAXLOT":"500","ACCTNO":"0925972","MAPACRES":83.35617056},"geometry":{"type":"Polygon","coordinates":[[[-124.069809,43.867799],[-124.074945,43.867767],[-124.075094,43.864097],[-124.072982,43.864107],[-124.069855,43.864158],[-124.064615,43.864237],[-124.064615,43.864237],[-124.064615,43.864238],[-124.064641,43.865903],[-124.064641,43.865904],[-124.064671,43.86783],[-124.064671,43.867831],[-124.069809,43.867799]]]}},{"type":"Feature","properties":{"MAPTAXLOT":"2012010000600","MAPNUMBER":"20120100","TAXLOT":"600","ACCTNO":"0925980","MAPACRES":31.27494382},"geometry":{"type":"MultiPolygon","coordinates":[[[[-124.077888,43.86774],[-124.079903,43.867722],[-124.080192,43.867453],[-124.080252,43.865971],[-124.080257,43.865865],[-124.077638,43.865899],[-124.077675,43.864977],[-124.077713,43.864053],[-124.075094,43.864097],[-124.074945,43.867767],[-124.076259,43.867755],[-124.076375,43.867297],[-124.07761,43.867214],[-124.077888,43.86774]]],[[[-124.076503,43.867399],[-124.076413,43.867753],[-124.077727,43.867742],[-124.07751,43.867331],[-124.076503,43.867399]]]]}},{"type":"Feature","properties":{"MAPTAXLOT":"2012010000700","MAPNUMBER":"20120100","TAXLOT":"700","ACCTNO":"0925998","MAPACRES":5.15565165},"geometry":{"type":"Polygon","coordinates":[[[-124.077638,43.865899],[-124.080257,43.865865],[-124.080292,43.865001],[-124.080291,43.865001],[-124.077675,43.864977],[-124.077638,43.865899]]]}},{"type":"Feature","properties":{"MAPTAXLOT":"2012010000701","MAPNUMBER":"20120100","TAXLOT":"701","ACCTNO":"1570454","MAPACRES":5.5290549},"geometry":{"type":"Polygon","coordinates":[[[-124.080291,43.865001],[-124.080292,43.865001],[-124.080325,43.864175],[-124.080332,43.86401],[-124.080331,43.86401],[-124.077713,43.864053],[-124.077675,43.864977],[-124.080291,43.865001]]]}},{"type":"Feature","properties":{"MAPTAXLOT":"2012010000800","MAPNUMBER":"20120100","TAXLOT":"800","ACCTNO":"0926004","MAPACRES":12.94642057},"geometry":{"type":"MultiPolygon","coordinates":[[[[-124.08128,43.866624],[-124.080097,43.86772],[-124.080182,43.867719],[-124.082473,43.867698],[-124.082548,43.867621],[-124.082617,43.867541],[-124.082681,43.867458],[-124.082739,43.867373],[-124.082791,43.867286],[-124.082836,43.867197],[-124.082875,43.867107],[-124.082908,43.867015],[-124.082934,43.866922],[-124.082953,43.866829],[-124.082966,43.866734],[-124.082972,43.86664],[-124.082971,43.866545],[-124.082963,43.866451],[-124.082949,43.866357],[-124.082928,43.866263],[-124.0829,43.866171],[-124.082859,43.86607],[-124.082814,43.86597],[-124.081553,43.86597],[-124.08128,43.866624]]],[[[-124.080192,43.867453],[-124.081143,43.866572],[-124.081395,43.86597],[-124.080252,43.865971],[-124.080192,43.867453]]],[[[-124.083213,43.86597],[-124.083265,43.866096],[-124.083296,43.866197],[-124.08332,43.866299],[-124.083337,43.866402],[-124.083348,43.866505],[-124.083351,43.866609],[-124.083347,43.866713],[-124.083336,43.866816],[-124.083318,43.866919],[-124.083294,43.867021],[-124.083262,43.867122],[-124.083223,43.867222],[-124.083178,43.86732],[-124.083126,43.867417],[-124.083068,43.867512],[-124.083003,43.867604],[-124.082932,43.867694],[-124.083516,43.867689],[-124.083535,43.867679],[-124.084032,43.867529],[-124.08443,43.86743],[-124.084917,43.867323],[-124.085184,43.86725],[-124.085229,43.867192],[-124.085171,43.867137],[-124.08494,43.867092],[-124.084701,43.867029],[-124.08429,43.866798],[-124.083995,43.866594],[-124.083764,43.866463],[-124.083508,43.866218],[-124.083432,43.865969],[-124.083213,43.86597]]]]}},{"type":"Feature","properties":{"MAPTAXLOT":"2012010000900","MAPNUMBER":"20120100","TAXLOT":"900","ACCTNO":"0926012","MAPACRES":3.49226547},"geometry":{"type":"MultiPolygon","coordinates":[[[[-124.081732,43.865542],[-124.081553,43.86597],[-124.082814,43.86597],[-124.082761,43.86586],[-124.082703,43.865752],[-124.082642,43.865645],[-124.082495,43.865391],[-124.082421,43.865261],[-124.082352,43.86513],[-124.082287,43.864998],[-124.082242,43.864891],[-124.082204,43.864783],[-124.082171,43.864674],[-124.082145,43.864564],[-124.082124,43.864454],[-124.082107,43.8643],[-124.082095,43.864145],[-124.08176,43.864151],[-124.081732,43.865542]]],[[[-124.082474,43.864139],[-124.082485,43.864283],[-124.082502,43.864427],[-124.08252,43.864525],[-124.082544,43.864622],[-124.082572,43.864719],[-124.082606,43.864815],[-124.082646,43.864909],[-124.082708,43.865035],[-124.082774,43.86516],[-124.082844,43.865284],[-124.08299,43.865536],[-124.08299,43.865537],[-124.083071,43.865679],[-124.083145,43.865823],[-124.083213,43.86597],[-124.083432,43.865969],[-124.083396,43.865852],[-124.083224,43.865491],[-124.082971,43.865072],[-124.082764,43.86474],[-124.082688,43.864482],[-124.082651,43.86416],[-124.082652,43.864136],[-124.082474,43.864139]]]]}},{"type":"Feature","properties":{"MAPTAXLOT":"2012010000901","MAPNUMBER":"20120100","TAXLOT":"901","ACCTNO":"1561784","MAPACRES":2.40190941},"geometry":{"type":"Polygon","coordinates":[[[-124.080292,43.865001],[-124.081591,43.865013],[-124.081609,43.864153],[-124.080325,43.864175],[-124.080292,43.865001]]]}},{"type":"Feature","properties":{"MAPTAXLOT":"2012010000902","MAPNUMBER":"20120100","TAXLOT":"902","ACCTNO":"1570611","MAPACRES":2.6988591},"geometry":{"type":"Polygon","coordinates":[[[-124.080252,43.865971],[-124.081395,43.86597],[-124.081581,43.865525],[-124.081591,43.865013],[-124.080292,43.865001],[-124.080257,43.865865],[-124.080252,43.865971]]]}},{"type":"Feature","properties":{"MAPTAXLOT":"2012010001000","MAPNUMBER":"20120100","TAXLOT":"1000","ACCTNO":"0926020","MAPACRES":0.64989565},"geometry":{"type":"MultiPolygon","coordinates":[[[[-124.080325,43.864175],[-124.081609,43.864153],[-124.081612,43.863989],[-124.080332,43.86401],[-124.080325,43.864175]]],[[[-124.08176,43.864151],[-124.082095,43.864145],[-124.08209,43.864033],[-124.082088,43.863981],[-124.081764,43.863986],[-124.08176,43.864151]]],[[[-124.082469,43.864027],[-124.082474,43.864139],[-124.082652,43.864136],[-124.082657,43.863977],[-124.082467,43.863978],[-124.082469,43.864027]]]]}},{"type":"Feature","properties":{"MAPTAXLOT":"2012031000077","MAPNUMBER":"20120310","TAXLOT":"77","ACCTNO":"000None","MAPACRES":0.55382915},"geometry":{"type":"Polygon","coordinates":[[[-124.108225,43.869942],[-124.108225,43.869942],[-124.1083,43.86993],[-124.1083,43.86993],[-124.108288,43.869876],[-124.108236,43.869632],[-124.108184,43.869387],[-124.108172,43.869333],[-124.10816,43.869279],[-124.108068,43.868844],[-124.108044,43.868736],[-124.107975,43.86841],[-124.107963,43.868355],[-124.107918,43.868145],[-124.107906,43.868091],[-124.107857,43.86786],[-124.107846,43.867806],[-124.107801,43.867595],[-124.107789,43.867541],[-124.107763,43.867422],[-124.1077,43.867361],[-124.107472,43.867142],[-124.107427,43.867098],[-124.107427,43.867098],[-124.107366,43.867131],[-124.107366,43.867131],[-124.107691,43.867444],[-124.107749,43.867715],[-124.107805,43.867973],[-124.107251,43.868058],[-124.107259,43.868085],[-124.10781,43.868],[-124.107866,43.868258],[-124.107924,43.86853],[-124.108037,43.869059],[-124.107566,43.869132],[-124.107574,43.869158],[-124.108043,43.869087],[-124.108098,43.869344],[-124.108156,43.869616],[-124.108225,43.869942]]]}},{"type":"Feature","properties":{"MAPTAXLOT":"2012031000100","MAPNUMBER":"20120310","TAXLOT":"100","ACCTNO":"0926038","MAPACRES":0.30917105},"geometry":{"type":"Polygon","coordinates":[[[-124.108225,43.869942],[-124.108156,43.869616],[-124.107727,43.869682],[-124.107822,43.870004],[-124.108225,43.869942],[-124.108225,43.869942]]]}},{"type":"Feature","properties":{"MAPTAXLOT":"2012031000200","MAPNUMBER":"20120310","TAXLOT":"200","ACCTNO":"0926046","MAPACRES":0.27166921},"geometry":{"type":"Polygon","coordinates":[[[-124.107648,43.869413],[-124.107727,43.869682],[-124.108156,43.869616],[-124.108098,43.869344],[-124.107648,43.869413]]]}},{"type":"Feature","properties":{"MAPTAXLOT":"2012031000300","MAPNUMBER":"20120310","TAXLOT":"300","ACCTNO":"0926053","MAPACRES":0.26989357},"geometry":{"type":"Polygon","coordinates":[[[-124.107574,43.869158],[-124.107648,43.869413],[-124.108098,43.869344],[-124.108043,43.869087],[-124.107574,43.869158]]]}},{"type":"Feature","properties":{"MAPTAXLOT":"2012031000400","MAPNUMBER":"20120310","TAXLOT":"400","ACCTNO":"0926061","MAPACRES":0.59253242},"geometry":{"type":"Polygon","coordinates":[[[-124.107413,43.868609],[-124.107566,43.869132],[-124.108037,43.869059],[-124.107924,43.86853],[-124.107413,43.868608],[-124.107413,43.868609]]]}},{"type":"Feature","properties":{"MAPTAXLOT":"2012031000600","MAPNUMBER":"20120310","TAXLOT":"600","ACCTNO":"0926087","MAPACRES":0.32266914},"geometry":{"type":"Polygon","coordinates":[[[-124.107334,43.86834],[-124.107413,43.868608],[-124.107924,43.86853],[-124.107866,43.868258],[-124.107334,43.86834]]]}},{"type":"Feature","properties":{"MAPTAXLOT":"2012031000700","MAPNUMBER":"20120310","TAXLOT":"700","ACCTNO":"0926095","MAPACRES":0.31834452},"geometry":{"type":"Polygon","coordinates":[[[-124.107259,43.868085],[-124.107334,43.86834],[-124.107866,43.868258],[-124.10781,43.868],[-124.107259,43.868085]]]}},{"type":"Feature","properties":{"MAPTAXLOT":"2012031000800","MAPNUMBER":"20120310","TAXLOT":"800","ACCTNO":"0926103","MAPACRES":0.3310624},"geometry":{"type":"Polygon","coordinates":[[[-124.107177,43.867803],[-124.107251,43.868058],[-124.107805,43.867973],[-124.107749,43.867715],[-124.107177,43.867803]]]}},{"type":"Feature","properties":{"MAPTAXLOT":"2012031000900","MAPNUMBER":"20120310","TAXLOT":"900","ACCTNO":"0926111","MAPACRES":0.36092184},"geometry":{"type":"Polygon","coordinates":[[[-124.107098,43.867535],[-124.107177,43.867803],[-124.107749,43.867715],[-124.107691,43.867444],[-124.107098,43.867535]]]}},{"type":"Feature","properties":{"MAPTAXLOT":"2012031001000","MAPNUMBER":"20120310","TAXLOT":"1000","ACCTNO":"0926129","MAPACRES":0.33209787},"geometry":{"type":"Polygon","coordinates":[[[-124.107033,43.867314],[-124.107098,43.867535],[-124.107691,43.867444],[-124.107366,43.867131],[-124.107366,43.867131],[-124.107033,43.867313],[-124.107033,43.867313],[-124.107033,43.867314]]]}},{"type":"Feature","properties":{"MAPTAXLOT":"2012031001100","MAPNUMBER":"20120310","TAXLOT":"1100","ACCTNO":"0926137","MAPACRES":0.66340615},"geometry":{"type":"Polygon","coordinates":[[[-124.107472,43.867142],[-124.1077,43.867361],[-124.108261,43.867056],[-124.108549,43.866899],[-124.108429,43.866729],[-124.108375,43.866651],[-124.108325,43.866678],[-124.107933,43.866891],[-124.107933,43.866891],[-124.107472,43.867142]]]}},{"type":"Feature","properties":{"MAPTAXLOT":"2012031001200","MAPNUMBER":"20120310","TAXLOT":"1200","ACCTNO":"0926145","MAPACRES":0.61721712},"geometry":{"type":"Polygon","coordinates":[[[-124.1077,43.867361],[-124.107763,43.867422],[-124.107789,43.867541],[-124.108214,43.867476],[-124.108214,43.867476],[-124.108487,43.867434],[-124.108482,43.867406],[-124.108477,43.867321],[-124.108474,43.867265],[-124.108469,43.867178],[-124.10863,43.867014],[-124.108549,43.866899],[-124.108261,43.867056],[-124.1077,43.867361]]]}},{"type":"Feature","properties":{"MAPTAXLOT":"2012031001300","MAPNUMBER":"20120310","TAXLOT":"1300","ACCTNO":"0926152","MAPACRES":0.33212706},"geometry":{"type":"Polygon","coordinates":[[[-124.107801,43.867595],[-124.107846,43.867806],[-124.108334,43.867731],[-124.108534,43.8677],[-124.108515,43.867589],[-124.108505,43.867534],[-124.108497,43.867488],[-124.108226,43.86753],[-124.107801,43.867595]]]}},{"type":"Feature","properties":{"MAPTAXLOT":"2012031001400","MAPNUMBER":"20120310","TAXLOT":"1400","ACCTNO":"0926160","MAPACRES":0.33637176},"geometry":{"type":"Polygon","coordinates":[[[-124.107857,43.86786],[-124.107906,43.868091],[-124.108274,43.868034],[-124.108274,43.868034],[-124.10846,43.868006],[-124.108527,43.867881],[-124.108556,43.867827],[-124.108555,43.867821],[-124.108544,43.867755],[-124.108345,43.867785],[-124.108345,43.867785],[-124.107857,43.86786]]]}},{"type":"Feature","properties":{"MAPTAXLOT":"2012031001500","MAPNUMBER":"20120310","TAXLOT":"1500","ACCTNO":"0926178","MAPACRES":0.22486323},"geometry":{"type":"Polygon","coordinates":[[[-124.107918,43.868145],[-124.107963,43.868355],[-124.108276,43.868307],[-124.108277,43.868307],[-124.108413,43.868286],[-124.108406,43.868173],[-124.108403,43.868117],[-124.108403,43.868113],[-124.108428,43.868067],[-124.108285,43.868089],[-124.107918,43.868145]]]}},{"type":"Feature","properties":{"MAPTAXLOT":"2012031001600","MAPNUMBER":"20120310","TAXLOT":"1600","ACCTNO":"0926186","MAPACRES":0.30958218},"geometry":{"type":"Polygon","coordinates":[[[-124.107975,43.86841],[-124.108044,43.868736],[-124.108276,43.8687],[-124.108276,43.8687],[-124.108436,43.868675],[-124.108433,43.868618],[-124.108426,43.868506],[-124.108416,43.868342],[-124.108288,43.868362],[-124.108288,43.868362],[-124.107975,43.86841]]]}},{"type":"Feature","properties":{"MAPTAXLOT":"2012031001700","MAPNUMBER":"20120310","TAXLOT":"1700","ACCTNO":"0926194","MAPACRES":0.3897044},"geometry":{"type":"Polygon","coordinates":[[[-124.1084,43.869242],[-124.10858,43.869214],[-124.108561,43.869159],[-124.108543,43.869106],[-124.108525,43.869052],[-124.108445,43.868817],[-124.108443,43.868787],[-124.1083,43.868809],[-124.108299,43.868809],[-124.108068,43.868844],[-124.10816,43.869279],[-124.1084,43.869242],[-124.1084,43.869242]]]}},{"type":"Feature","properties":{"MAPTAXLOT":"2012031001800","MAPNUMBER":"20120310","TAXLOT":"1800","ACCTNO":"0926202","MAPACRES":0.25678535},"geometry":{"type":"Polygon","coordinates":[[[-124.108184,43.869387],[-124.108236,43.869632],[-124.108533,43.869586],[-124.108533,43.869586],[-124.10872,43.869557],[-124.108653,43.869397],[-124.108621,43.86932],[-124.108424,43.86935],[-124.108423,43.86935],[-124.108184,43.869387]]]}},{"type":"Feature","properties":{"MAPTAXLOT":"2012031001900","MAPNUMBER":"20120310","TAXLOT":"1900","ACCTNO":"0926210","MAPACRES":0.28303502},"geometry":{"type":"Polygon","coordinates":[[[-124.108236,43.869632],[-124.108288,43.869876],[-124.108627,43.869824],[-124.10882,43.869795],[-124.108775,43.869687],[-124.108753,43.869634],[-124.10872,43.869557],[-124.108533,43.869586],[-124.108533,43.869586],[-124.108236,43.869632]]]}},{"type":"Feature","properties":{"MAPTAXLOT":"2012031002000","MAPNUMBER":"20120310","TAXLOT":"2000","ACCTNO":"0926228","MAPACRES":0.06643084},"geometry":{"type":"Polygon","coordinates":[[[-124.1083,43.86993],[-124.1083,43.86993],[-124.108639,43.869878],[-124.108842,43.869847],[-124.10882,43.869795],[-124.108627,43.869824],[-124.108288,43.869876],[-124.1083,43.86993]]]}},{"type":"Feature","properties":{"MAPTAXLOT":"2012031002100","MAPNUMBER":"20120310","TAXLOT":"2100","ACCTNO":"0926236","MAPACRES":0.05347311},"geometry":{"type":"Polygon","coordinates":[[[-124.108172,43.869333],[-124.108184,43.869387],[-124.108423,43.86935],[-124.108424,43.86935],[-124.108621,43.86932],[-124.108599,43.869267],[-124.108412,43.869296],[-124.108411,43.869296],[-124.108172,43.869333]]]}},{"type":"Feature","properties":{"MAPTAXLOT":"2012031002200","MAPNUMBER":"20120310","TAXLOT":"2200","ACCTNO":"0926244","MAPACRES":0.05230281},"geometry":{"type":"Polygon","coordinates":[[[-124.108412,43.869296],[-124.108599,43.869267],[-124.108593,43.869252],[-124.10858,43.869214],[-124.1084,43.869242],[-124.1084,43.869242],[-124.10816,43.869279],[-124.108172,43.869333],[-124.108411,43.869296],[-124.108412,43.869296]]]}},{"type":"Feature","properties":{"MAPTAXLOT":"2012031002300","MAPNUMBER":"20120310","TAXLOT":"2300","ACCTNO":"0926251","MAPACRES":0.09497645},"geometry":{"type":"Polygon","coordinates":[[[-124.1083,43.868809],[-124.108443,43.868787],[-124.108436,43.868675],[-124.108276,43.8687],[-124.108276,43.8687],[-124.108044,43.868736],[-124.108068,43.868844],[-124.108299,43.868809],[-124.1083,43.868809]]]}},{"type":"Feature","properties":{"MAPTAXLOT":"2012031002500","MAPNUMBER":"20120310","TAXLOT":"2500","ACCTNO":"0926277","MAPACRES":0.0551932},"geometry":{"type":"Polygon","coordinates":[[[-124.107963,43.868355],[-124.107975,43.86841],[-124.108288,43.868362],[-124.108288,43.868362],[-124.108416,43.868342],[-124.108413,43.868286],[-124.108277,43.868307],[-124.108276,43.868307],[-124.107963,43.868355]]]}},{"type":"Feature","properties":{"MAPTAXLOT":"2012031002600","MAPNUMBER":"20120310","TAXLOT":"2600","ACCTNO":"0926285","MAPACRES":0.06581208},"geometry":{"type":"Polygon","coordinates":[[[-124.107906,43.868091],[-124.107918,43.868145],[-124.108285,43.868089],[-124.108428,43.868067],[-124.10846,43.868006],[-124.108274,43.868034],[-124.108274,43.868034],[-124.107906,43.868091]]]}},{"type":"Feature","properties":{"MAPTAXLOT":"2012031002700","MAPNUMBER":"20120310","TAXLOT":"2700","ACCTNO":"0926293","MAPACRES":0.08509395},"geometry":{"type":"Polygon","coordinates":[[[-124.107846,43.867806],[-124.107857,43.86786],[-124.108345,43.867785],[-124.108345,43.867785],[-124.108544,43.867755],[-124.108534,43.8677],[-124.108334,43.867731],[-124.107846,43.867806]]]}},{"type":"Feature","properties":{"MAPTAXLOT":"2012031002800","MAPNUMBER":"20120310","TAXLOT":"2800","ACCTNO":"0926301","MAPACRES":0.08631685},"geometry":{"type":"Polygon","coordinates":[[[-124.107789,43.867541],[-124.107801,43.867595],[-124.108226,43.86753],[-124.108497,43.867488],[-124.108487,43.867434],[-124.108214,43.867476],[-124.108214,43.867476],[-124.107789,43.867541]]]}},{"type":"Feature","properties":{"MAPTAXLOT":"2012031002900","MAPNUMBER":"20120310","TAXLOT":"2900","ACCTNO":"0926319","MAPACRES":0.13641151},"geometry":{"type":"Polygon","coordinates":[[[-124.107427,43.867098],[-124.107427,43.867098],[-124.107472,43.867142],[-124.107933,43.866891],[-124.107933,43.866891],[-124.108325,43.866678],[-124.108375,43.866651],[-124.108363,43.866635],[-124.108319,43.866613],[-124.108259,43.866645],[-124.107887,43.866848],[-124.107887,43.866848],[-124.10775,43.866922],[-124.107427,43.867098]]]}},{"type":"Feature","properties":{"MAPTAXLOT":"2012031003001","MAPNUMBER":"20120310","TAXLOT":"3001","ACCTNO":"1209442","MAPACRES":1.51333782},"geometry":{"type":"Polygon","coordinates":[[[-124.10697,43.867099],[-124.107033,43.867313],[-124.107366,43.867131],[-124.107427,43.867098],[-124.10775,43.866922],[-124.107887,43.866848],[-124.107887,43.866848],[-124.108259,43.866645],[-124.108319,43.866613],[-124.108158,43.866533],[-124.108092,43.8665],[-124.108062,43.866486],[-124.10778,43.866248],[-124.107503,43.866139],[-124.107492,43.866158],[-124.10697,43.867099]]]}},{"type":"Feature","properties":{"MAPTAXLOT":"2012031003002","MAPNUMBER":"20120310","TAXLOT":"3002","ACCTNO":"1815446","MAPACRES":3.70074447},"geometry":{"type":"Polygon","coordinates":[[[-124.106046,43.868792],[-124.106146,43.868968],[-124.106297,43.869201],[-124.106533,43.869619],[-124.106734,43.869937],[-124.106835,43.869985],[-124.107106,43.870114],[-124.107822,43.870004],[-124.107727,43.869682],[-124.107648,43.869413],[-124.107574,43.869158],[-124.107566,43.869132],[-124.107413,43.868609],[-124.107051,43.868658],[-124.106238,43.868766],[-124.106046,43.868792]]]}},{"type":"Feature","properties":{"MAPTAXLOT":"2012031003003","MAPNUMBER":"20120310","TAXLOT":"3003","ACCTNO":"1815453","MAPACRES":3.84619118},"geometry":{"type":"Polygon","coordinates":[[[-124.105903,43.867474],[-124.106032,43.867664],[-124.10602,43.867922],[-124.105892,43.868065],[-124.105754,43.868201],[-124.105802,43.868397],[-124.106024,43.868754],[-124.106046,43.868792],[-124.106238,43.868766],[-124.107051,43.868658],[-124.107413,43.868609],[-124.107413,43.868608],[-124.107334,43.86834],[-124.107259,43.868085],[-124.107251,43.868058],[-124.107177,43.867803],[-124.107098,43.867535],[-124.107033,43.867314],[-124.10663,43.867376],[-124.10596,43.867466],[-124.105903,43.867474]]]}},{"type":"Feature","properties":{"MAPTAXLOT":"2012031003004","MAPNUMBER":"20120310","TAXLOT":"3004","ACCTNO":"1815461","MAPACRES":6.8157077},"geometry":{"type":"Polygon","coordinates":[[[-124.105603,43.865908],[-124.105016,43.866236],[-124.104847,43.86633],[-124.104686,43.86642],[-124.104769,43.866451],[-124.10497,43.86661],[-124.105118,43.866803],[-124.105292,43.86704],[-124.105592,43.867176],[-124.105862,43.867412],[-124.105903,43.867474],[-124.10596,43.867466],[-124.10663,43.867376],[-124.107033,43.867314],[-124.107033,43.867313],[-124.107033,43.867313],[-124.10697,43.867099],[-124.107492,43.866158],[-124.107503,43.866139],[-124.107463,43.866123],[-124.107326,43.866013],[-124.107233,43.865939],[-124.107065,43.865871],[-124.106809,43.865873],[-124.106607,43.865861],[-124.106481,43.865854],[-124.106434,43.865852],[-124.106044,43.865745],[-124.105964,43.865706],[-124.105603,43.865908]]]}},{"type":"Feature","properties":{"MAPTAXLOT":"2012031003100","MAPNUMBER":"20120310","TAXLOT":"3100","ACCTNO":"1003415","MAPACRES":2.37195566},"geometry":{"type":"Polygon","coordinates":[[[-124.108112,43.870588],[-124.108175,43.870833],[-124.108472,43.870912],[-124.108942,43.870615],[-124.109067,43.870259],[-124.108877,43.86993],[-124.108842,43.869847],[-124.108639,43.869878],[-124.1083,43.86993],[-124.108225,43.869942],[-124.107822,43.870004],[-124.107106,43.870114],[-124.107176,43.870147],[-124.10757,43.87032],[-124.10785,43.870423],[-124.108112,43.870588]]]}}]}