{"type":"FeatureCollection","features":[{"type":"Feature","properties":{"MAPTAXLOT":"2215000000077","MAPNUMBER":"22150000","TAXLOT":"77","ACCTNO":"000None","MAPACRES":75.56908558},"geometry":{"type":"Polygon","coordinates":[[[-122.730648,43.675141],[-122.730875,43.67514],[-122.731084,43.675142],[-122.731296,43.675144],[-122.731461,43.675149],[-122.731592,43.67515],[-122.731741,43.67516],[-122.731874,43.675174],[-122.732007,43.675191],[-122.732109,43.675204],[-122.732134,43.675208],[-122.73227,43.675232],[-122.732397,43.67526],[-122.732609,43.675307],[-122.732819,43.675353],[-122.733045,43.675401],[-122.733252,43.675444],[-122.733443,43.675486],[-122.733654,43.67553],[-122.733837,43.675575],[-122.734004,43.675607],[-122.734189,43.675649],[-122.734395,43.675685],[-122.734597,43.67573],[-122.734809,43.675775],[-122.735012,43.675814],[-122.735195,43.675854],[-122.735392,43.675895],[-122.735599,43.675934],[-122.735724,43.675957],[-122.735832,43.675978],[-122.73595,43.675995],[-122.736113,43.676022],[-122.736269,43.676046],[-122.736485,43.676069],[-122.736708,43.676095],[-122.736927,43.676115],[-122.737143,43.676138],[-122.737354,43.676158],[-122.737583,43.676182],[-122.737793,43.676203],[-122.738013,43.676228],[-122.738214,43.676249],[-122.738447,43.676271],[-122.738659,43.676294],[-122.738862,43.676315],[-122.739073,43.676337],[-122.739274,43.676358],[-122.739484,43.676375],[-122.739698,43.676396],[-122.73994,43.676418],[-122.74015,43.676438],[-122.740349,43.676456],[-122.74055,43.67648],[-122.740759,43.676495],[-122.740979,43.676516],[-122.74118,43.676533],[-122.741386,43.676555],[-122.7416,43.676574],[-122.741812,43.676594],[-122.742016,43.676612],[-122.742225,43.676635],[-122.742411,43.676654],[-122.742621,43.676674],[-122.742808,43.676694],[-122.744292,43.676858],[-122.744291,43.676691],[-122.742841,43.676531],[-122.742652,43.676511],[-122.742442,43.676491],[-122.742258,43.676472],[-122.742047,43.676449],[-122.741841,43.67643],[-122.741628,43.676411],[-122.741416,43.676391],[-122.741209,43.67637],[-122.741008,43.676352],[-122.740784,43.676331],[-122.74058,43.676316],[-122.740382,43.676293],[-122.740179,43.676275],[-122.739968,43.676255],[-122.739728,43.676233],[-122.739513,43.676211],[-122.739302,43.676194],[-122.739105,43.676174],[-122.738894,43.676152],[-122.738691,43.676131],[-122.738478,43.676108],[-122.738245,43.676086],[-122.738047,43.676065],[-122.737826,43.67604],[-122.737614,43.676019],[-122.737385,43.675995],[-122.737174,43.675975],[-122.736958,43.675952],[-122.73674,43.675932],[-122.736519,43.675907],[-122.736309,43.675883],[-122.736161,43.675861],[-122.735998,43.675834],[-122.735883,43.675817],[-122.735782,43.675798],[-122.735656,43.675774],[-122.735452,43.675736],[-122.735259,43.675696],[-122.735073,43.675655],[-122.734869,43.675616],[-122.734662,43.675573],[-122.734455,43.675526],[-122.73425,43.67549],[-122.734066,43.675448],[-122.733902,43.675417],[-122.733722,43.675373],[-122.733507,43.675328],[-122.733316,43.675286],[-122.733108,43.675243],[-122.732884,43.675195],[-122.732675,43.67515],[-122.732463,43.675103],[-122.732331,43.675074],[-122.732182,43.675047],[-122.73215,43.675042],[-122.732047,43.675029],[-122.73191,43.675011],[-122.731766,43.674997],[-122.731604,43.674986],[-122.731467,43.674984],[-122.731302,43.67498],[-122.731087,43.674978],[-122.730876,43.674975],[-122.730646,43.674977],[-122.730427,43.674978],[-122.730241,43.674983],[-122.730036,43.674986],[-122.729821,43.67499],[-122.72963,43.674992],[-122.729452,43.674996],[-122.729255,43.674993],[-122.729069,43.674992],[-122.728782,43.674992],[-122.728564,43.674988],[-122.728408,43.674985],[-122.728255,43.674971],[-122.728097,43.674962],[-122.727945,43.674938],[-122.727791,43.674917],[-122.727651,43.674879],[-122.72749,43.674824],[-122.727365,43.67475],[-122.727263,43.674678],[-122.727155,43.674582],[-122.727046,43.674472],[-122.726944,43.674369],[-122.726841,43.674262],[-122.726735,43.674158],[-122.726625,43.674062],[-122.726509,43.673959],[-122.726385,43.673857],[-122.726264,43.673757],[-122.726136,43.673655],[-122.726021,43.673554],[-122.725884,43.673442],[-122.725762,43.673359],[-122.725582,43.673284],[-122.725401,43.673245],[-122.725229,43.673213],[-122.725055,43.673201],[-122.724861,43.673202],[-122.724699,43.673209],[-122.724509,43.673217],[-122.724326,43.673225],[-122.724148,43.673236],[-122.723957,43.67325],[-122.723764,43.67327],[-122.72359,43.67328],[-122.723423,43.673277],[-122.723245,43.673268],[-122.723073,43.67325],[-122.722868,43.67323],[-122.722678,43.673216],[-122.722485,43.673203],[-122.722292,43.673196],[-122.722093,43.673191],[-122.721922,43.673194],[-122.721728,43.673202],[-122.721534,43.673219],[-122.721353,43.673242],[-122.721188,43.673276],[-122.721013,43.673315],[-122.720837,43.673354],[-122.720661,43.673386],[-122.720482,43.673415],[-122.720299,43.673437],[-122.720108,43.673458],[-122.719921,43.673479],[-122.719744,43.673496],[-122.719562,43.673506],[-122.71937,43.673512],[-122.719202,43.673512],[-122.719033,43.673505],[-122.718854,43.673496],[-122.718658,43.673483],[-122.718472,43.673471],[-122.718276,43.673458],[-122.718049,43.673447],[-122.717834,43.673437],[-122.71767,43.673427],[-122.717471,43.673409],[-122.717316,43.673388],[-122.717159,43.673346],[-122.717079,43.673315],[-122.716993,43.673277],[-122.716892,43.673216],[-122.716798,43.673156],[-122.716706,43.673078],[-122.716633,43.673002],[-122.716542,43.672906],[-122.716449,43.672802],[-122.716355,43.672704],[-122.716269,43.672627],[-122.716185,43.672563],[-122.716075,43.672485],[-122.715984,43.672431],[-122.715891,43.672382],[-122.715864,43.672368],[-122.715735,43.672316],[-122.715611,43.672269],[-122.715458,43.672223],[-122.71528,43.672162],[-122.71513,43.672112],[-122.714979,43.672053],[-122.714861,43.672011],[-122.714728,43.67197],[-122.714584,43.671941],[-122.714436,43.671922],[-122.714241,43.671908],[-122.714072,43.671901],[-122.713892,43.671889],[-122.713716,43.671873],[-122.713573,43.671859],[-122.713414,43.671838],[-122.713212,43.671808],[-122.713086,43.671789],[-122.712925,43.671767],[-122.712781,43.671762],[-122.712633,43.671766],[-122.71248,43.671779],[-122.712304,43.671783],[-122.71217,43.671785],[-122.711995,43.671783],[-122.711835,43.671781],[-122.711647,43.671787],[-122.711494,43.671797],[-122.711313,43.671809],[-122.711162,43.671822],[-122.71099,43.671855],[-122.710847,43.671901],[-122.710714,43.671964],[-122.710565,43.672043],[-122.710422,43.672131],[-122.710315,43.67219],[-122.710174,43.672275],[-122.710026,43.672353],[-122.709879,43.672437],[-122.709784,43.672485],[-122.709666,43.672528],[-122.709561,43.67256],[-122.709417,43.672581],[-122.709405,43.672581],[-122.709329,43.672579],[-122.709309,43.672579],[-122.709261,43.672568],[-122.709195,43.672554],[-122.709132,43.672532],[-122.709065,43.672503],[-122.709033,43.672487],[-122.708972,43.672452],[-122.708932,43.672424],[-122.708892,43.672393],[-122.708826,43.672338],[-122.70879,43.672294],[-122.708743,43.672228],[-122.708713,43.67218],[-122.708703,43.672144],[-122.70869,43.672089],[-122.708679,43.672048],[-122.708639,43.671911],[-122.708629,43.67178],[-122.708624,43.671637],[-122.70863,43.671493],[-122.708621,43.671346],[-122.708617,43.671191],[-122.708596,43.67104],[-122.708579,43.670908],[-122.708538,43.670807],[-122.708478,43.670693],[-122.708373,43.670587],[-122.70825,43.670499],[-122.708071,43.670406],[-122.707908,43.67032],[-122.707739,43.670239],[-122.707585,43.670155],[-122.707412,43.670069],[-122.707268,43.669976],[-122.707146,43.669902],[-122.707029,43.669817],[-122.706893,43.669737],[-122.706761,43.669659],[-122.706637,43.669594],[-122.706527,43.669531],[-122.706512,43.669522],[-122.706381,43.669459],[-122.706234,43.669394],[-122.706066,43.669337],[-122.705923,43.669293],[-122.70578,43.669263],[-122.70562,43.669233],[-122.70546,43.669213],[-122.705295,43.669191],[-122.705117,43.669173],[-122.704977,43.669145],[-122.704868,43.669125],[-122.704735,43.669086],[-122.704633,43.669046],[-122.704565,43.668999],[-122.704511,43.668939],[-122.704477,43.668864],[-122.704434,43.668769],[-122.704406,43.668657],[-122.704366,43.668542],[-122.704335,43.668429],[-122.704296,43.668313],[-122.704258,43.668191],[-122.704213,43.668077],[-122.704166,43.667951],[-122.704112,43.667833],[-122.704072,43.667713],[-122.70403,43.667598],[-122.704019,43.667473],[-122.703994,43.667248],[-122.703985,43.667127],[-122.703966,43.667004],[-122.70395,43.666895],[-122.703922,43.66679],[-122.703885,43.666686],[-122.70382,43.666581],[-122.703747,43.666474],[-122.703654,43.666379],[-122.703564,43.666286],[-122.703466,43.666204],[-122.703369,43.666128],[-122.703256,43.666057],[-122.703139,43.665983],[-122.703,43.665924],[-122.702839,43.665873],[-122.70271,43.665843],[-122.702548,43.665795],[-122.702411,43.665746],[-122.702276,43.665686],[-122.702214,43.665657],[-122.702147,43.665625],[-122.702016,43.665556],[-122.70185,43.665487],[-122.70168,43.665419],[-122.701502,43.665368],[-122.701301,43.665321],[-122.701169,43.6653],[-122.70099,43.665272],[-122.700799,43.665248],[-122.700643,43.665231],[-122.700452,43.665222],[-122.700269,43.665211],[-122.700096,43.665205],[-122.699785,43.665182],[-122.699662,43.66516],[-122.699526,43.665121],[-122.699416,43.665076],[-122.699301,43.66502],[-122.699207,43.664949],[-122.699119,43.664871],[-122.699046,43.664774],[-122.698963,43.664655],[-122.698873,43.664544],[-122.698766,43.664426],[-122.698651,43.66431],[-122.698523,43.664206],[-122.698401,43.664104],[-122.698269,43.664005],[-122.698135,43.663887],[-122.697996,43.66378],[-122.697866,43.663662],[-122.697754,43.663572],[-122.697645,43.663487],[-122.697518,43.663411],[-122.697372,43.66333],[-122.697214,43.663269],[-122.696836,43.66315],[-122.696666,43.663095],[-122.696478,43.663039],[-122.696285,43.662991],[-122.696099,43.662957],[-122.695925,43.662926],[-122.695737,43.662905],[-122.695541,43.662891],[-122.695323,43.662896],[-122.695129,43.662912],[-122.694936,43.662945],[-122.694749,43.662968],[-122.694589,43.662989],[-122.694438,43.663012],[-122.694309,43.663024],[-122.694194,43.663022],[-122.694052,43.663001],[-122.693947,43.662964],[-122.69384,43.662909],[-122.693686,43.662811],[-122.69353,43.66272],[-122.693364,43.66263],[-122.693205,43.662539],[-122.693058,43.662453],[-122.692722,43.662249],[-122.692527,43.662133],[-122.692389,43.662056],[-122.69225,43.66199],[-122.692121,43.661926],[-122.691967,43.661858],[-122.691827,43.661785],[-122.691683,43.661711],[-122.691548,43.661628],[-122.691416,43.661563],[-122.691273,43.661494],[-122.691122,43.66144],[-122.690981,43.661388],[-122.690814,43.661342],[-122.69065,43.661299],[-122.690466,43.661264],[-122.690283,43.661234],[-122.690083,43.661212],[-122.68987,43.661179],[-122.689723,43.661156],[-122.689593,43.66113],[-122.689444,43.661095],[-122.68931,43.661059],[-122.68917,43.661035],[-122.689001,43.661018],[-122.688838,43.661011],[-122.688677,43.661004],[-122.688493,43.661009],[-122.688317,43.661012],[-122.68814,43.661017],[-122.68797,43.661014],[-122.687792,43.661007],[-122.687621,43.660996],[-122.687433,43.660984],[-122.687247,43.660975],[-122.687068,43.660975],[-122.686955,43.660975],[-122.686895,43.660975],[-122.686731,43.660981],[-122.686598,43.660975],[-122.686441,43.660968],[-122.686306,43.660952],[-122.686132,43.660928],[-122.685984,43.660906],[-122.685787,43.660894],[-122.685593,43.660888],[-122.685405,43.660892],[-122.685224,43.660886],[-122.685056,43.660891],[-122.684909,43.660887],[-122.684786,43.660884],[-122.684685,43.660867],[-122.684571,43.660829],[-122.684476,43.660777],[-122.684403,43.660708],[-122.684337,43.660625],[-122.684269,43.660514],[-122.684213,43.660394],[-122.684145,43.660267],[-122.684085,43.660147],[-122.684035,43.660042],[-122.683976,43.659945],[-122.683905,43.659859],[-122.683869,43.65982],[-122.683829,43.659776],[-122.683747,43.659701],[-122.68365,43.659614],[-122.683533,43.659513],[-122.683421,43.659417],[-122.683305,43.659323],[-122.683189,43.659226],[-122.683069,43.659133],[-122.682951,43.659044],[-122.682851,43.658965],[-122.682761,43.658881],[-122.682662,43.658775],[-122.682575,43.658661],[-122.682492,43.658552],[-122.682409,43.658434],[-122.682325,43.658321],[-122.682243,43.658209],[-122.682146,43.658082],[-122.682059,43.657962],[-122.681978,43.657851],[-122.681892,43.657727],[-122.681808,43.657618],[-122.681738,43.657503],[-122.68167,43.657385],[-122.681617,43.657268],[-122.681554,43.657145],[-122.681498,43.657022],[-122.681426,43.656901],[-122.681357,43.656776],[-122.681283,43.656658],[-122.681203,43.656541],[-122.681104,43.656432],[-122.681007,43.656329],[-122.680887,43.656222],[-122.680785,43.656122],[-122.680655,43.65602],[-122.680537,43.65593],[-122.68042,43.655847],[-122.68031,43.655764],[-122.680174,43.655653],[-122.680081,43.655574],[-122.679991,43.655491],[-122.679928,43.655417],[-122.679882,43.655347],[-122.679851,43.655278],[-122.67983,43.655205],[-122.679822,43.655118],[-122.679828,43.655042],[-122.679846,43.65497],[-122.679878,43.654902],[-122.679923,43.654836],[-122.680007,43.654723],[-122.680104,43.654583],[-122.680189,43.654455],[-122.680254,43.654352],[-122.680333,43.654215],[-122.680387,43.654099],[-122.680438,43.653999],[-122.680475,43.653889],[-122.680496,43.653765],[-122.680521,43.653635],[-122.680547,43.653508],[-122.680564,43.653409],[-122.680587,43.653303],[-122.680634,43.653191],[-122.680674,43.653073],[-122.680717,43.65296],[-122.680747,43.652874],[-122.680776,43.652771],[-122.680783,43.652663],[-122.680782,43.652653],[-122.680771,43.652564],[-122.680736,43.652465],[-122.680689,43.652372],[-122.68061,43.652257],[-122.68054,43.652155],[-122.680468,43.652055],[-122.680404,43.651944],[-122.680344,43.651829],[-122.680248,43.651651],[-122.680187,43.65154],[-122.680119,43.651425],[-122.680058,43.651309],[-122.67999,43.65119],[-122.679923,43.651088],[-122.679845,43.650991],[-122.679757,43.650899],[-122.679657,43.650804],[-122.67955,43.650712],[-122.679437,43.650626],[-122.679309,43.650538],[-122.679179,43.65045],[-122.679053,43.650369],[-122.678922,43.650284],[-122.678796,43.6502],[-122.678664,43.650113],[-122.678534,43.650031],[-122.678412,43.64995],[-122.678282,43.649869],[-122.678151,43.649782],[-122.678026,43.649704],[-122.67789,43.649621],[-122.677749,43.649533],[-122.677616,43.649452],[-122.67749,43.649371],[-122.677366,43.649291],[-122.677238,43.64921],[-122.677112,43.649128],[-122.67699,43.649052],[-122.676868,43.648975],[-122.676749,43.648895],[-122.676626,43.648812],[-122.676502,43.648732],[-122.676375,43.648654],[-122.676244,43.648576],[-122.676115,43.648501],[-122.675985,43.648425],[-122.675846,43.648345],[-122.675703,43.648268],[-122.675573,43.648196],[-122.67543,43.648116],[-122.675294,43.648042],[-122.675194,43.647989],[-122.675067,43.647929],[-122.674937,43.647868],[-122.674793,43.647808],[-122.674649,43.647752],[-122.674498,43.647699],[-122.67435,43.647652],[-122.674197,43.647601],[-122.67406,43.647553],[-122.673928,43.647501],[-122.673807,43.647446],[-122.673671,43.647382],[-122.67357,43.647322],[-122.673435,43.64724],[-122.673302,43.647159],[-122.673168,43.647083],[-122.673033,43.647007],[-122.67289,43.646933],[-122.67275,43.646862],[-122.672613,43.646794],[-122.672452,43.646714],[-122.672306,43.646653],[-122.67215,43.646595],[-122.671976,43.646542],[-122.671823,43.646508],[-122.671638,43.64647],[-122.671463,43.646437],[-122.671263,43.646411],[-122.67105,43.64639],[-122.670848,43.646386],[-122.670654,43.64638],[-122.670464,43.646373],[-122.670299,43.646362],[-122.670161,43.646348],[-122.670008,43.646325],[-122.669834,43.646292],[-122.669643,43.646238],[-122.669482,43.646179],[-122.669314,43.646105],[-122.669132,43.646012],[-122.668935,43.645904],[-122.66877,43.645816],[-122.668616,43.645725],[-122.668458,43.645634],[-122.668339,43.645556],[-122.668181,43.645468],[-122.668009,43.645389],[-122.667827,43.645323],[-122.667608,43.645266],[-122.667452,43.645228],[-122.667282,43.645187],[-122.667088,43.645141],[-122.666933,43.645102],[-122.666904,43.645095],[-122.666711,43.645046],[-122.666542,43.645007],[-122.666381,43.644969],[-122.666218,43.644928],[-122.666063,43.644895],[-122.665898,43.644859],[-122.665703,43.644826],[-122.66551,43.644804],[-122.665314,43.644789],[-122.665128,43.644778],[-122.66494,43.644774],[-122.664722,43.644769],[-122.664471,43.644772],[-122.664308,43.644767],[-122.664136,43.644756],[-122.663956,43.644737],[-122.663754,43.644704],[-122.663577,43.644664],[-122.663387,43.644611],[-122.663195,43.644566],[-122.662994,43.644513],[-122.66283,43.644455],[-122.662687,43.644399],[-122.662555,43.644336],[-122.662412,43.644271],[-122.662243,43.644181],[-122.662088,43.644099],[-122.661941,43.644012],[-122.661793,43.643933],[-122.661626,43.643845],[-122.661477,43.643774],[-122.66135,43.643704],[-122.661205,43.643627],[-122.661068,43.643542],[-122.660916,43.643444],[-122.660779,43.643349],[-122.660642,43.643257],[-122.660479,43.643159],[-122.660331,43.643079],[-122.660137,43.642998],[-122.659971,43.642929],[-122.659841,43.642863],[-122.659689,43.642776],[-122.659578,43.642694],[-122.659496,43.642619],[-122.659433,43.642552],[-122.659373,43.642457],[-122.659322,43.642384],[-122.659258,43.642263],[-122.659201,43.64218],[-122.659093,43.642059],[-122.658955,43.641969],[-122.658906,43.641952],[-122.658903,43.641772],[-122.65887,43.641642],[-122.658862,43.64142],[-122.6587,43.641199],[-122.65849,43.641002],[-122.658089,43.640746],[-122.657996,43.640681],[-122.657956,43.640648],[-122.657954,43.640592],[-122.657973,43.640418],[-122.657997,43.640265],[-122.658004,43.640073],[-122.657846,43.639499],[-122.657856,43.639418],[-122.657903,43.639285],[-122.658025,43.638992],[-122.658232,43.638682],[-122.658545,43.638141],[-122.658563,43.638109],[-122.658954,43.637357],[-122.659078,43.636993],[-122.659163,43.63679],[-122.659368,43.636494],[-122.659506,43.636312],[-122.659574,43.636037],[-122.659604,43.635959],[-122.659672,43.635907],[-122.659712,43.635896],[-122.659912,43.635893],[-122.660192,43.635842],[-122.660407,43.635724],[-122.660586,43.635587],[-122.660686,43.635432],[-122.660795,43.635251],[-122.660837,43.63509],[-122.660797,43.63482],[-122.66072,43.634645],[-122.660694,43.634582],[-122.66066,43.634398],[-122.660632,43.634282],[-122.660738,43.634099],[-122.660867,43.633826],[-122.661057,43.63347],[-122.661096,43.633219],[-122.660997,43.633034],[-122.660833,43.632685],[-122.660708,43.632496],[-122.660674,43.63228],[-122.660603,43.631863],[-122.66049,43.631637],[-122.660311,43.631441],[-122.658915,43.629993],[-122.658812,43.62986],[-122.658744,43.629614],[-122.65869,43.629228],[-122.658734,43.628885],[-122.658776,43.628562],[-122.658852,43.628356],[-122.658841,43.628048],[-122.65884,43.627854],[-122.658464,43.627486],[-122.657659,43.626985],[-122.657446,43.626753],[-122.656978,43.625479],[-122.656606,43.625299],[-122.656119,43.624946],[-122.655995,43.624946],[-122.655533,43.624692],[-122.655311,43.624691],[-122.65508,43.624524],[-122.654944,43.624524],[-122.654747,43.624454],[-122.653644,43.62381],[-122.653645,43.623664],[-122.653645,43.623564],[-122.653407,43.623391],[-122.653175,43.622297],[-122.652418,43.621837],[-122.652183,43.621837],[-122.651451,43.62146],[-122.651451,43.621297],[-122.65099,43.620962],[-122.650989,43.620803],[-122.650587,43.620414],[-122.65045,43.620413],[-122.649767,43.620079],[-122.648283,43.619834],[-122.647736,43.619355],[-122.647253,43.618742],[-122.647007,43.618706],[-122.646615,43.61865],[-122.64642,43.618649],[-122.646318,43.618574],[-122.645638,43.618408],[-122.645394,43.61814],[-122.645252,43.618145],[-122.644523,43.617765],[-122.644525,43.617432],[-122.643541,43.616806],[-122.642022,43.616551],[-122.640547,43.616055],[-122.639674,43.615503],[-122.639675,43.6149],[-122.639798,43.614813],[-122.639552,43.613821],[-122.639314,43.613649],[-122.639213,43.613428],[-122.639213,43.613248],[-122.638867,43.612909],[-122.638867,43.612735],[-122.638636,43.612568],[-122.638638,43.612395],[-122.638175,43.612141],[-122.638174,43.61189],[-122.63756,43.611534],[-122.636503,43.610765],[-122.63542,43.610588],[-122.635106,43.610587],[-122.635044,43.610543],[-122.634925,43.610285],[-122.634481,43.610041],[-122.634481,43.609881],[-122.634251,43.609713],[-122.63425,43.609277],[-122.634254,43.609209],[-122.634072,43.609209],[-122.634023,43.609243],[-122.634024,43.609782],[-122.634255,43.609949],[-122.634255,43.610122],[-122.634732,43.610385],[-122.634846,43.610633],[-122.635013,43.610751],[-122.635394,43.610752],[-122.636389,43.610915],[-122.637409,43.611657],[-122.637948,43.61197],[-122.637949,43.612223],[-122.638411,43.612477],[-122.638409,43.612636],[-122.63864,43.612804],[-122.63864,43.612964],[-122.638987,43.613302],[-122.638987,43.613455],[-122.639116,43.613739],[-122.639342,43.613902],[-122.639554,43.614756],[-122.639449,43.614831],[-122.639448,43.615578],[-122.640422,43.616194],[-122.641948,43.616707],[-122.643434,43.616957],[-122.644298,43.617507],[-122.644296,43.617849],[-122.645184,43.618312],[-122.645276,43.618309],[-122.645492,43.618546],[-122.646195,43.618718],[-122.646325,43.618814],[-122.646592,43.618815],[-122.647006,43.618874],[-122.647108,43.618889],[-122.64755,43.619449],[-122.648157,43.619982],[-122.649675,43.620233],[-122.65038,43.620578],[-122.650473,43.620578],[-122.650763,43.620858],[-122.650763,43.621031],[-122.651225,43.621365],[-122.651225,43.621545],[-122.65211,43.622001],[-122.652335,43.622002],[-122.652964,43.622384],[-122.653195,43.62347],[-122.653418,43.623632],[-122.653418,43.623664],[-122.653418,43.623889],[-122.654625,43.624594],[-122.654892,43.624688],[-122.654986,43.624688],[-122.655217,43.624856],[-122.655456,43.624857],[-122.655919,43.62511],[-122.656025,43.62511],[-122.656461,43.625427],[-122.656781,43.625582],[-122.657237,43.626822],[-122.657488,43.627096],[-122.658297,43.627599],[-122.658614,43.627909],[-122.658614,43.628048],[-122.658624,43.628337],[-122.658552,43.628533],[-122.658508,43.62887],[-122.658463,43.629228],[-122.65852,43.629638],[-122.658596,43.629918],[-122.658723,43.630081],[-122.660124,43.631534],[-122.660286,43.631712],[-122.660381,43.631901],[-122.660449,43.6323],[-122.660487,43.632542],[-122.660622,43.632747],[-122.660784,43.63309],[-122.660864,43.633241],[-122.660835,43.633431],[-122.660654,43.63377],[-122.660526,43.634041],[-122.660397,43.634262],[-122.660436,43.634424],[-122.660472,43.634617],[-122.660504,43.634694],[-122.660574,43.634855],[-122.660608,43.635083],[-122.660577,43.635202],[-122.66048,43.635364],[-122.660397,43.635493],[-122.660256,43.635601],[-122.660093,43.63569],[-122.659881,43.635728],[-122.65967,43.635732],[-122.659545,43.635765],[-122.6594,43.635876],[-122.659353,43.636],[-122.659289,43.636256],[-122.659167,43.636418],[-122.658952,43.636729],[-122.658859,43.636949],[-122.658737,43.637308],[-122.658353,43.638048],[-122.658299,43.63814],[-122.658025,43.638614],[-122.657813,43.638932],[-122.657684,43.639241],[-122.657632,43.63939],[-122.657618,43.639509],[-122.657777,43.640087],[-122.65777,43.640254],[-122.657748,43.640402],[-122.657727,43.640588],[-122.657731,43.640711],[-122.657832,43.640795],[-122.657936,43.640867],[-122.658324,43.641115],[-122.658509,43.641289],[-122.658637,43.641463],[-122.658644,43.641659],[-122.658677,43.641788],[-122.65868,43.641976],[-122.658638,43.642013],[-122.658516,43.642019],[-122.658408,43.64197],[-122.658301,43.64185],[-122.657909,43.641418],[-122.656993,43.640756],[-122.656439,43.640225],[-122.656258,43.640082],[-122.656044,43.639917],[-122.655563,43.639669],[-122.654988,43.639544],[-122.654423,43.639515],[-122.653139,43.639366],[-122.652178,43.639409],[-122.651618,43.639481],[-122.651057,43.639609],[-122.650865,43.639678],[-122.650379,43.639949],[-122.650033,43.64],[-122.64762,43.640786],[-122.647108,43.640879],[-122.646939,43.640883],[-122.646764,43.640886],[-122.646435,43.640827],[-122.645975,43.640637],[-122.64541,43.640295],[-122.645245,43.640215],[-122.645043,43.640161],[-122.644449,43.640141],[-122.644077,43.640158],[-122.643133,43.640283],[-122.642248,43.640479],[-122.641697,43.640578],[-122.640848,43.640834],[-122.64051,43.640857],[-122.640371,43.640835],[-122.640061,43.640709],[-122.639642,43.640454],[-122.638366,43.639447],[-122.638021,43.639291],[-122.637649,43.639193],[-122.636332,43.639117],[-122.635274,43.638881],[-122.634564,43.638777],[-122.634175,43.638776],[-122.633062,43.638852],[-122.632734,43.638785],[-122.632236,43.638603],[-122.632035,43.638571],[-122.631627,43.638579],[-122.631087,43.638657],[-122.630743,43.63864],[-122.630221,43.638526],[-122.630058,43.638461],[-122.629671,43.638392],[-122.629458,43.638391],[-122.628931,43.638581],[-122.628469,43.638799],[-122.627961,43.63889],[-122.627454,43.638846],[-122.62719,43.638759],[-122.627098,43.638728],[-122.627099,43.63891],[-122.627241,43.638957],[-122.627392,43.639007],[-122.627975,43.639057],[-122.62856,43.638953],[-122.629043,43.638724],[-122.62951,43.638556],[-122.629643,43.638557],[-122.629975,43.638616],[-122.630133,43.638679],[-122.630702,43.638802],[-122.631101,43.638823],[-122.631653,43.638743],[-122.632014,43.638736],[-122.632159,43.638759],[-122.632651,43.63894],[-122.633041,43.639019],[-122.634185,43.638941],[-122.634541,43.638942],[-122.635218,43.639041],[-122.636289,43.63928],[-122.6376,43.639356],[-122.637921,43.63944],[-122.63822,43.639575],[-122.639485,43.640574],[-122.639931,43.640845],[-122.640289,43.640991],[-122.640496,43.641023],[-122.640903,43.640995],[-122.641768,43.640734],[-122.642309,43.640638],[-122.643187,43.640443],[-122.644104,43.640322],[-122.644451,43.640306],[-122.644998,43.640325],[-122.645142,43.640363],[-122.645274,43.640427],[-122.645846,43.640773],[-122.64635,43.640982],[-122.64674,43.641051],[-122.64694,43.641047],[-122.64714,43.641043],[-122.647695,43.640942],[-122.650102,43.640157],[-122.650476,43.640103],[-122.650985,43.639818],[-122.651141,43.639762],[-122.651672,43.639641],[-122.652204,43.639573],[-122.653128,43.639531],[-122.654397,43.639678],[-122.654947,43.639707],[-122.655462,43.639819],[-122.655895,43.640042],[-122.656092,43.640194],[-122.656265,43.640331],[-122.656822,43.640865],[-122.657733,43.641523],[-122.658111,43.64194],[-122.658245,43.642091],[-122.658458,43.642187],[-122.658752,43.642173],[-122.658826,43.642106],[-122.658828,43.642107],[-122.658919,43.642167],[-122.659003,43.642261],[-122.65905,43.64233],[-122.659115,43.642451],[-122.659168,43.642529],[-122.659236,43.642634],[-122.659314,43.642717],[-122.659408,43.642803],[-122.659537,43.642898],[-122.659706,43.642996],[-122.659849,43.643068],[-122.660024,43.643141],[-122.660206,43.643217],[-122.660339,43.643289],[-122.660493,43.643381],[-122.660623,43.643469],[-122.660762,43.643565],[-122.660919,43.643666],[-122.661064,43.643757],[-122.661215,43.643836],[-122.661347,43.643908],[-122.661497,43.64398],[-122.661659,43.644065],[-122.661803,43.644143],[-122.66195,43.644229],[-122.66211,43.644314],[-122.662284,43.644407],[-122.662433,43.644475],[-122.66257,43.64454],[-122.662726,43.644601],[-122.662906,43.644665],[-122.663121,43.644722],[-122.663311,43.644766],[-122.663502,43.64482],[-122.663695,43.644864],[-122.663915,43.644899],[-122.66411,43.64492],[-122.664294,43.644931],[-122.664468,43.644936],[-122.66472,43.644934],[-122.664933,43.644939],[-122.665116,43.644943],[-122.665293,43.644952],[-122.66548,43.644967],[-122.665659,43.644987],[-122.66584,43.645019],[-122.665999,43.645052],[-122.666148,43.645085],[-122.666309,43.645125],[-122.666472,43.645163],[-122.666639,43.645202],[-122.66683,43.645251],[-122.666933,43.645277],[-122.667016,43.645297],[-122.667211,43.645343],[-122.66738,43.645384],[-122.667534,43.645422],[-122.667738,43.645475],[-122.667897,43.645533],[-122.668051,43.645603],[-122.668194,43.645683],[-122.668311,43.64576],[-122.668474,43.645854],[-122.668632,43.645946],[-122.668799,43.646036],[-122.668999,43.646146],[-122.66919,43.646243],[-122.669371,43.646323],[-122.669551,43.646389],[-122.669764,43.646449],[-122.669956,43.646485],[-122.670122,43.64651],[-122.670272,43.646526],[-122.670448,43.646537],[-122.670644,43.646544],[-122.67084,43.64655],[-122.671032,43.646555],[-122.671228,43.646573],[-122.671415,43.646598],[-122.671579,43.646629],[-122.671759,43.646666],[-122.671899,43.646697],[-122.672054,43.646744],[-122.672197,43.646798],[-122.672331,43.646854],[-122.672486,43.64693],[-122.672621,43.646997],[-122.672759,43.647067],[-122.672897,43.647139],[-122.673029,43.647213],[-122.67316,43.647287],[-122.67329,43.647366],[-122.673425,43.647449],[-122.673537,43.647515],[-122.673685,43.647585],[-122.673814,43.647644],[-122.673958,43.647699],[-122.6741,43.64775],[-122.674257,43.647802],[-122.674403,43.647849],[-122.674547,43.647899],[-122.674683,43.647952],[-122.674819,43.648008],[-122.674943,43.648067],[-122.675065,43.648125],[-122.675159,43.648174],[-122.675293,43.648247],[-122.675435,43.648327],[-122.675567,43.6484],[-122.675709,43.648476],[-122.675844,43.648553],[-122.675973,43.648629],[-122.676102,43.648704],[-122.67623,43.648781],[-122.676354,43.648856],[-122.676474,43.648934],[-122.676595,43.649016],[-122.676716,43.649097],[-122.676842,43.649177],[-122.676963,43.649252],[-122.677088,43.649333],[-122.677216,43.649415],[-122.67734,43.649494],[-122.677468,43.649577],[-122.677602,43.649658],[-122.677743,43.649746],[-122.677878,43.649829],[-122.678001,43.649905],[-122.678132,43.649992],[-122.678262,43.650073],[-122.678383,43.650154],[-122.678513,43.650236],[-122.678644,43.650322],[-122.67877,43.650406],[-122.678902,43.650492],[-122.679027,43.650572],[-122.679153,43.650658],[-122.679277,43.650743],[-122.679381,43.650822],[-122.679481,43.650907],[-122.679573,43.650996],[-122.679654,43.651079],[-122.679722,43.651165],[-122.679783,43.651257],[-122.679848,43.65137],[-122.679909,43.651487],[-122.679978,43.651603],[-122.680037,43.651712],[-122.680132,43.651888],[-122.680194,43.652005],[-122.680263,43.652125],[-122.680338,43.65223],[-122.680407,43.65233],[-122.68048,43.652437],[-122.680519,43.652514],[-122.680547,43.652592],[-122.680554,43.652652],[-122.680556,43.652667],[-122.680551,43.65275],[-122.680526,43.652837],[-122.680498,43.652918],[-122.680455,43.653031],[-122.680416,43.653147],[-122.680366,43.653266],[-122.68034,43.653386],[-122.680322,43.653486],[-122.680297,43.653612],[-122.680271,43.653743],[-122.680252,43.653859],[-122.680221,43.653951],[-122.680173,43.654044],[-122.680121,43.654157],[-122.680047,43.654285],[-122.679984,43.654385],[-122.6799,43.654511],[-122.679806,43.654646],[-122.679721,43.65476],[-122.679668,43.654839],[-122.679627,43.654928],[-122.679602,43.655023],[-122.679595,43.655119],[-122.679605,43.655227],[-122.679632,43.65532],[-122.679671,43.655408],[-122.679729,43.655496],[-122.679804,43.655586],[-122.679906,43.655679],[-122.680003,43.655762],[-122.680144,43.655876],[-122.680259,43.655962],[-122.680375,43.656045],[-122.68049,43.656133],[-122.68061,43.656227],[-122.680707,43.656323],[-122.680825,43.656428],[-122.680916,43.656524],[-122.681006,43.656623],[-122.681078,43.656729],[-122.681149,43.656841],[-122.681217,43.656964],[-122.681286,43.657081],[-122.68134,43.6572],[-122.681403,43.657322],[-122.681457,43.657443],[-122.68153,43.657568],[-122.681605,43.657692],[-122.681692,43.657804],[-122.681777,43.657927],[-122.681859,43.658039],[-122.681947,43.65816],[-122.682044,43.658287],[-122.682125,43.658399],[-122.682208,43.658511],[-122.682292,43.658629],[-122.682376,43.65874],[-122.682468,43.658861],[-122.682577,43.658978],[-122.682678,43.659071],[-122.682785,43.659156],[-122.682904,43.659246],[-122.683021,43.659337],[-122.683135,43.659431],[-122.683249,43.659525],[-122.683359,43.65962],[-122.683476,43.65972],[-122.68357,43.659804],[-122.683645,43.659872],[-122.68368,43.659911],[-122.683714,43.659947],[-122.683774,43.660021],[-122.683824,43.660102],[-122.683871,43.660202],[-122.683933,43.660325],[-122.684,43.66045],[-122.684058,43.660574],[-122.684135,43.6607],[-122.684215,43.6608],[-122.684314,43.660895],[-122.684455,43.660972],[-122.684612,43.661023],[-122.684755,43.661048],[-122.684901,43.661052],[-122.685056,43.661055],[-122.685224,43.661051],[-122.685403,43.661057],[-122.685592,43.661053],[-122.685773,43.661058],[-122.685951,43.661069],[-122.686088,43.66109],[-122.686267,43.661114],[-122.686417,43.661132],[-122.686585,43.661139],[-122.686729,43.661146],[-122.686901,43.66114],[-122.686956,43.66114],[-122.687068,43.66114],[-122.68724,43.661139],[-122.687415,43.661148],[-122.687601,43.66116],[-122.687776,43.661171],[-122.687961,43.661179],[-122.688142,43.661181],[-122.688324,43.661176],[-122.6885,43.661173],[-122.688674,43.661169],[-122.688824,43.661176],[-122.688979,43.661182],[-122.689129,43.661197],[-122.689244,43.661217],[-122.68937,43.661251],[-122.689528,43.661288],[-122.689669,43.661316],[-122.689823,43.66134],[-122.690043,43.661374],[-122.690241,43.661396],[-122.690412,43.661424],[-122.690582,43.661456],[-122.690735,43.661496],[-122.690889,43.661539],[-122.69102,43.661587],[-122.691159,43.661637],[-122.69129,43.6617],[-122.691411,43.66176],[-122.691544,43.661841],[-122.691696,43.661919],[-122.691842,43.661995],[-122.691998,43.662064],[-122.692123,43.662127],[-122.692258,43.66219],[-122.692386,43.662262],[-122.692577,43.662376],[-122.692914,43.66258],[-122.693064,43.662668],[-122.693226,43.66276],[-122.693391,43.66285],[-122.69354,43.662937],[-122.693699,43.663038],[-122.693831,43.663107],[-122.693979,43.663158],[-122.694168,43.663187],[-122.694321,43.663189],[-122.694475,43.663174],[-122.694632,43.663151],[-122.694788,43.663131],[-122.694981,43.663106],[-122.695168,43.663075],[-122.695339,43.66306],[-122.695533,43.663056],[-122.695709,43.663069],[-122.695881,43.663088],[-122.696045,43.663117],[-122.696221,43.663149],[-122.696398,43.663194],[-122.696577,43.663246],[-122.696744,43.663301],[-122.697115,43.663418],[-122.697249,43.663469],[-122.697377,43.66354],[-122.697489,43.663607],[-122.697587,43.663683],[-122.697693,43.663768],[-122.697824,43.663888],[-122.697965,43.663997],[-122.6981,43.664115],[-122.698233,43.664215],[-122.698353,43.664315],[-122.698474,43.664413],[-122.698579,43.664519],[-122.69868,43.664631],[-122.698764,43.664734],[-122.698845,43.664851],[-122.698931,43.664964],[-122.699037,43.665058],[-122.699154,43.665147],[-122.699297,43.665217],[-122.699429,43.665271],[-122.699594,43.665317],[-122.699746,43.665345],[-122.700079,43.665369],[-122.700254,43.665375],[-122.700435,43.665386],[-122.700619,43.665395],[-122.700762,43.66541],[-122.700947,43.665434],[-122.701122,43.66546],[-122.701241,43.66548],[-122.701425,43.665523],[-122.701583,43.665568],[-122.701739,43.665631],[-122.701795,43.665654],[-122.701892,43.665695],[-122.702019,43.665761],[-122.702155,43.665826],[-122.702301,43.66589],[-122.702455,43.665945],[-122.702633,43.665998],[-122.702759,43.666027],[-122.702897,43.666071],[-122.703007,43.666117],[-122.703107,43.666181],[-122.703211,43.666246],[-122.703297,43.666314],[-122.703385,43.666388],[-122.703469,43.666474],[-122.703552,43.666558],[-122.703615,43.666651],[-122.70367,43.66674],[-122.703701,43.666826],[-122.703725,43.666919],[-122.70374,43.667022],[-122.703759,43.66714],[-122.703767,43.667258],[-122.703793,43.667485],[-122.703806,43.667624],[-122.703852,43.667753],[-122.703893,43.667878],[-122.703949,43.667999],[-122.703995,43.668121],[-122.704038,43.668232],[-122.704076,43.668351],[-122.704114,43.668465],[-122.704144,43.668578],[-122.704184,43.668692],[-122.704214,43.66881],[-122.704261,43.668916],[-122.704305,43.669011],[-122.704389,43.669105],[-122.704499,43.669181],[-122.704638,43.669235],[-122.704796,43.669282],[-122.70492,43.669305],[-122.705072,43.669334],[-122.705259,43.669353],[-122.70542,43.669375],[-122.705572,43.669394],[-122.70572,43.669422],[-122.705848,43.669448],[-122.705973,43.669487],[-122.706126,43.669539],[-122.70626,43.669598],[-122.706379,43.669655],[-122.7065,43.669725],[-122.70653,43.669741],[-122.706623,43.66979],[-122.70675,43.669865],[-122.706877,43.66994],[-122.706993,43.670023],[-122.707119,43.6701],[-122.707272,43.670199],[-122.707453,43.670289],[-122.707608,43.670373],[-122.707778,43.670456],[-122.707939,43.67054],[-122.708103,43.670626],[-122.708201,43.670695],[-122.708277,43.670771],[-122.708323,43.670859],[-122.708356,43.67094],[-122.70837,43.671056],[-122.708391,43.671201],[-122.708394,43.671351],[-122.708403,43.671494],[-122.708397,43.671637],[-122.708402,43.671787],[-122.708414,43.671933],[-122.708456,43.672081],[-122.708467,43.672119],[-122.70848,43.672175],[-122.708496,43.672231],[-122.708539,43.672299],[-122.708592,43.672374],[-122.708642,43.672435],[-122.708724,43.672504],[-122.708771,43.67254],[-122.708823,43.672576],[-122.708897,43.672619],[-122.708943,43.672642],[-122.709025,43.672677],[-122.709112,43.672708],[-122.709195,43.672726],[-122.709272,43.672743],[-122.709324,43.672744],[-122.709399,43.672745],[-122.709436,43.672746],[-122.709627,43.672718],[-122.709761,43.672678],[-122.709901,43.672626],[-122.710014,43.67257],[-122.710163,43.672484],[-122.710312,43.672405],[-122.710456,43.672319],[-122.710564,43.67226],[-122.710706,43.672173],[-122.710843,43.6721],[-122.710955,43.672046],[-122.711066,43.672011],[-122.711205,43.671984],[-122.711337,43.671973],[-122.711514,43.671961],[-122.711663,43.671952],[-122.711838,43.671945],[-122.711991,43.671948],[-122.712172,43.67195],[-122.71231,43.671947],[-122.712497,43.671943],[-122.71265,43.67193],[-122.71278,43.671927],[-122.712898,43.671931],[-122.713041,43.67195],[-122.713166,43.671969],[-122.713371,43.671999],[-122.713538,43.672022],[-122.713687,43.672036],[-122.713868,43.672053],[-122.714056,43.672065],[-122.714223,43.672072],[-122.714405,43.672085],[-122.714533,43.672102],[-122.714653,43.672126],[-122.714767,43.672161],[-122.714876,43.6722],[-122.715028,43.672259],[-122.715184,43.672312],[-122.715366,43.672373],[-122.715515,43.672419],[-122.715628,43.672461],[-122.715742,43.672507],[-122.715757,43.672515],[-122.715845,43.672561],[-122.715924,43.672608],[-122.716024,43.672679],[-122.716099,43.672736],[-122.716173,43.672802],[-122.71626,43.672894],[-122.716353,43.672998],[-122.716447,43.673097],[-122.716527,43.673179],[-122.716637,43.673272],[-122.716745,43.673341],[-122.71686,43.673411],[-122.716966,43.673458],[-122.717067,43.673497],[-122.717257,43.673547],[-122.717436,43.673571],[-122.717647,43.673591],[-122.717817,43.673601],[-122.718034,43.673611],[-122.718257,43.673622],[-122.718452,43.673635],[-122.718637,43.673647],[-122.718836,43.67366],[-122.719019,43.673669],[-122.719195,43.673677],[-122.719375,43.673677],[-122.719576,43.67367],[-122.719768,43.67366],[-122.719953,43.673642],[-122.720142,43.673621],[-122.720335,43.6736],[-122.720525,43.673577],[-122.720714,43.673547],[-122.720898,43.673512],[-122.721079,43.673472],[-122.721253,43.673433],[-122.721403,43.673402],[-122.721568,43.673382],[-122.721748,43.673366],[-122.721931,43.673359],[-122.722092,43.673356],[-122.722283,43.673361],[-122.722469,43.673367],[-122.722655,43.673379],[-122.722841,43.673394],[-122.723042,43.673413],[-122.723222,43.673432],[-122.723412,43.673441],[-122.723596,43.673445],[-122.723789,43.673433],[-122.723984,43.673414],[-122.724169,43.6734],[-122.724342,43.673389],[-122.724522,43.673381],[-122.724713,43.673373],[-122.724868,43.673366],[-122.725045,43.673366],[-122.725189,43.673376],[-122.725341,43.673404],[-122.725492,43.673436],[-122.725626,43.673493],[-122.725721,43.673557],[-122.725849,43.673661],[-122.725965,43.673762],[-122.726094,43.673867],[-122.726215,43.673966],[-122.726336,43.674065],[-122.72645,43.674166],[-122.726556,43.674259],[-122.726657,43.674359],[-122.726759,43.674464],[-122.726862,43.674568],[-122.726975,43.674682],[-122.727095,43.67479],[-122.727214,43.674873],[-122.727368,43.674964],[-122.727563,43.675031],[-122.727731,43.675076],[-122.7279,43.675099],[-122.728064,43.675125],[-122.728232,43.675135],[-122.72839,43.67515],[-122.728559,43.675153],[-122.72878,43.675156],[-122.729068,43.675156],[-122.729252,43.675157],[-122.729453,43.67516],[-122.729634,43.675157],[-122.729825,43.675155],[-122.730041,43.67515],[-122.730247,43.675147],[-122.730432,43.675142],[-122.730648,43.675141]]]}},{"type":"Feature","properties":{"MAPTAXLOT":"2215000002100","MAPNUMBER":"22150000","TAXLOT":"2100","ACCTNO":"0971851","MAPACRES":564.43650692},"geometry":{"type":"Polygon","coordinates":[[[-122.72653,43.609251],[-122.726567,43.62372],[-122.726567,43.623723],[-122.726624,43.623723],[-122.736528,43.623711],[-122.741509,43.623718],[-122.74404,43.623725],[-122.74404,43.623717],[-122.744043,43.62329],[-122.744121,43.620276],[-122.744126,43.620132],[-122.744137,43.619854],[-122.744245,43.617065],[-122.744266,43.61654],[-122.744267,43.616418],[-122.744267,43.616417],[-122.744177,43.612871],[-122.744176,43.612807],[-122.744133,43.609385],[-122.744131,43.609267],[-122.74413,43.609267],[-122.736448,43.609256],[-122.735079,43.609255],[-122.733543,43.609254],[-122.732263,43.609253],[-122.72653,43.609247],[-122.72653,43.609251]]]}},{"type":"Feature","properties":{"MAPTAXLOT":"2215000002200","MAPNUMBER":"22150000","TAXLOT":"2200","ACCTNO":"0971869","MAPACRES":635.59802162},"geometry":{"type":"Polygon","coordinates":[[[-122.706753,43.623698],[-122.706794,43.623698],[-122.726567,43.623723],[-122.726567,43.62372],[-122.72653,43.609251],[-122.72653,43.609247],[-122.722388,43.609249],[-122.722341,43.609249],[-122.716607,43.60924],[-122.712403,43.609236],[-122.706698,43.609227],[-122.706698,43.609232],[-122.706753,43.623696],[-122.706753,43.623698]]]}},{"type":"Feature","properties":{"MAPTAXLOT":"2215000002300","MAPNUMBER":"22150000","TAXLOT":"2300","ACCTNO":"0971877","MAPACRES":637.52457447},"geometry":{"type":"Polygon","coordinates":[[[-122.686878,43.623732],[-122.686908,43.623732],[-122.706753,43.623698],[-122.706753,43.623696],[-122.706698,43.609232],[-122.706698,43.609227],[-122.702557,43.609232],[-122.702499,43.609232],[-122.702469,43.609232],[-122.699432,43.609235],[-122.696764,43.609237],[-122.692482,43.609239],[-122.686832,43.609243],[-122.686848,43.614262],[-122.686878,43.623717],[-122.686878,43.623732]]]}},{"type":"Feature","properties":{"MAPTAXLOT":"2215000002400","MAPNUMBER":"22150000","TAXLOT":"2400","ACCTNO":"0971885","MAPACRES":639.12571657},"geometry":{"type":"Polygon","coordinates":[[[-122.666926,43.623683],[-122.666951,43.623683],[-122.686878,43.623732],[-122.686878,43.623717],[-122.686848,43.614262],[-122.686832,43.609243],[-122.686816,43.609243],[-122.682489,43.609242],[-122.676885,43.609229],[-122.67249,43.609222],[-122.666939,43.60921],[-122.666934,43.61534],[-122.666926,43.62366],[-122.666926,43.623683]]]}},{"type":"Feature","properties":{"MAPTAXLOT":"2215000002500","MAPNUMBER":"22150000","TAXLOT":"2500","ACCTNO":"0971893","MAPACRES":634.74397145},"geometry":{"type":"MultiPolygon","coordinates":[[[[-122.647015,43.616254],[-122.647007,43.618706],[-122.647253,43.618742],[-122.647736,43.619355],[-122.648283,43.619834],[-122.649767,43.620079],[-122.65045,43.620413],[-122.650587,43.620414],[-122.650989,43.620803],[-122.65099,43.620962],[-122.651451,43.621297],[-122.651451,43.62146],[-122.652183,43.621837],[-122.652418,43.621837],[-122.653175,43.622297],[-122.653407,43.623391],[-122.653645,43.623564],[-122.653645,43.623664],[-122.666926,43.623683],[-122.666926,43.62366],[-122.666934,43.61534],[-122.666939,43.60921],[-122.666921,43.60921],[-122.66249,43.609212],[-122.65699,43.609203],[-122.652563,43.609197],[-122.647039,43.609188],[-122.647015,43.616254]]],[[[-122.64699,43.623611],[-122.64699,43.623654],[-122.647012,43.623654],[-122.653418,43.623664],[-122.653418,43.623632],[-122.653195,43.62347],[-122.652964,43.622384],[-122.652335,43.622002],[-122.65211,43.622001],[-122.651225,43.621545],[-122.651225,43.621365],[-122.650763,43.621031],[-122.650763,43.620858],[-122.650473,43.620578],[-122.65038,43.620578],[-122.649675,43.620233],[-122.648157,43.619982],[-122.64755,43.619449],[-122.647108,43.618889],[-122.647006,43.618874],[-122.64699,43.623611]]]]}},{"type":"Feature","properties":{"MAPTAXLOT":"2315000000077","MAPNUMBER":"23150000","TAXLOT":"77","ACCTNO":"000None","MAPACRES":35.82374163},"geometry":{"type":"MultiPolygon","coordinates":[[[[-122.731849,43.582984],[-122.733833,43.583034],[-122.734224,43.583098],[-122.734259,43.583111],[-122.734285,43.58312],[-122.73453,43.583208],[-122.734871,43.58334],[-122.735318,43.583492],[-122.735645,43.583524],[-122.735962,43.583586],[-122.736461,43.583694],[-122.736752,43.583775],[-122.737146,43.583918],[-122.737465,43.583989],[-122.737758,43.584058],[-122.738164,43.58416],[-122.738515,43.584342],[-122.738756,43.584479],[-122.738984,43.584643],[-122.739361,43.584872],[-122.739666,43.585001],[-122.740424,43.585292],[-122.740867,43.585502],[-122.741417,43.58577],[-122.741844,43.58588],[-122.741955,43.585889],[-122.741955,43.585889],[-122.741945,43.585777],[-122.741945,43.585777],[-122.741878,43.585772],[-122.741486,43.585672],[-122.740951,43.58541],[-122.740501,43.585198],[-122.73974,43.584905],[-122.739448,43.584782],[-122.739086,43.584562],[-122.738857,43.584396],[-122.738606,43.584254],[-122.738234,43.584061],[-122.737807,43.583954],[-122.73751,43.583884],[-122.737202,43.583816],[-122.736813,43.583674],[-122.736509,43.58359],[-122.736004,43.58348],[-122.735675,43.583417],[-122.735362,43.583386],[-122.734939,43.583242],[-122.734626,43.583121],[-122.734599,43.58311],[-122.734275,43.582994],[-122.733853,43.582924],[-122.731851,43.582875],[-122.731145,43.582876],[-122.730699,43.582934],[-122.730206,43.582926],[-122.72991,43.582864],[-122.729572,43.582814],[-122.729108,43.582699],[-122.728731,43.582609],[-122.728316,43.582605],[-122.727785,43.582498],[-122.726886,43.582321],[-122.725383,43.581893],[-122.72483,43.581755],[-122.72454,43.581644],[-122.724183,43.58148],[-122.723967,43.581326],[-122.723396,43.580889],[-122.723018,43.580698],[-122.722627,43.580639],[-122.722439,43.580653],[-122.722426,43.580654],[-122.722322,43.580712],[-122.722295,43.580727],[-122.722154,43.580806],[-122.721787,43.581093],[-122.721408,43.581273],[-122.721403,43.581276],[-122.720539,43.58151],[-122.719915,43.581686],[-122.71954,43.5818],[-122.718729,43.582013],[-122.718715,43.582017],[-122.71858,43.58207],[-122.718563,43.582076],[-122.717281,43.582396],[-122.716447,43.582651],[-122.716436,43.582654],[-122.716079,43.582783],[-122.71576,43.582941],[-122.715529,43.583049],[-122.715521,43.583052],[-122.715507,43.583059],[-122.715504,43.58306],[-122.715207,43.583111],[-122.714684,43.583085],[-122.714321,43.583111],[-122.713992,43.583153],[-122.713683,43.583177],[-122.713356,43.583195],[-122.713028,43.583202],[-122.712706,43.583162],[-122.712329,43.583096],[-122.711997,43.583084],[-122.711686,43.583084],[-122.711322,43.583056],[-122.711207,43.58304],[-122.71047,43.582935],[-122.7099,43.582875],[-122.709225,43.582752],[-122.708876,43.582641],[-122.708551,43.58254],[-122.708078,43.582394],[-122.707804,43.582399],[-122.707668,43.582452],[-122.707579,43.582465],[-122.707474,43.582484],[-122.707458,43.582471],[-122.707263,43.582343],[-122.707154,43.582299],[-122.70704,43.582261],[-122.706923,43.58225],[-122.706876,43.582244],[-122.706847,43.582209],[-122.706794,43.582162],[-122.70669,43.582145],[-122.706608,43.582152],[-122.706584,43.582144],[-122.706466,43.582073],[-122.70585,43.581731],[-122.705185,43.581356],[-122.705064,43.581322],[-122.704934,43.581317],[-122.704784,43.58132],[-122.704641,43.581317],[-122.704547,43.581309],[-122.704487,43.581293],[-122.704418,43.581241],[-122.704361,43.581181],[-122.704266,43.581141],[-122.704143,43.581131],[-122.703954,43.581083],[-122.703543,43.580941],[-122.703418,43.580916],[-122.703296,43.580918],[-122.703177,43.580949],[-122.703171,43.580951],[-122.702895,43.581138],[-122.702882,43.581147],[-122.702563,43.581307],[-122.702447,43.581368],[-122.70242,43.581382],[-122.702333,43.581397],[-122.702223,43.581386],[-122.702168,43.581348],[-122.702075,43.581269],[-122.702011,43.581156],[-122.701864,43.580771],[-122.701812,43.580709],[-122.701744,43.580647],[-122.701655,43.580601],[-122.701538,43.580583],[-122.701409,43.580567],[-122.701224,43.580558],[-122.700839,43.580541],[-122.700742,43.580559],[-122.700673,43.580592],[-122.700657,43.580599],[-122.700578,43.580667],[-122.700526,43.580763],[-122.700458,43.580937],[-122.700306,43.581179],[-122.700217,43.581288],[-122.700095,43.581394],[-122.700005,43.581463],[-122.69999,43.581475],[-122.699821,43.581558],[-122.699578,43.581657],[-122.699288,43.581776],[-122.699245,43.58179],[-122.699189,43.581796],[-122.698839,43.581779],[-122.698618,43.581778],[-122.69853,43.581787],[-122.698446,43.581811],[-122.698441,43.581813],[-122.698377,43.58186],[-122.698255,43.581974],[-122.698204,43.582082],[-122.698065,43.58253],[-122.698004,43.582614],[-122.697993,43.582623],[-122.697972,43.582639],[-122.697935,43.582653],[-122.697904,43.582664],[-122.69787,43.582658],[-122.697682,43.582594],[-122.697248,43.582395],[-122.697148,43.582354],[-122.697038,43.582347],[-122.69696,43.582373],[-122.696892,43.582399],[-122.696879,43.582404],[-122.696809,43.582467],[-122.696784,43.582591],[-122.696793,43.582662],[-122.696742,43.582721],[-122.696684,43.582793],[-122.696641,43.582886],[-122.69662,43.582953],[-122.696614,43.582974],[-122.696613,43.582976],[-122.696551,43.583051],[-122.69641,43.583182],[-122.696401,43.58319],[-122.696159,43.583323],[-122.696144,43.583331],[-122.695994,43.583446],[-122.695811,43.583593],[-122.695473,43.583844],[-122.695105,43.58412],[-122.694922,43.584243],[-122.694842,43.584298],[-122.694752,43.584407],[-122.694728,43.584465],[-122.694697,43.584519],[-122.694693,43.584526],[-122.694652,43.584546],[-122.694639,43.584552],[-122.694591,43.584589],[-122.694566,43.584608],[-122.694471,43.584631],[-122.694331,43.584685],[-122.694144,43.584779],[-122.694137,43.584783],[-122.69402,43.584864],[-122.694023,43.584939],[-122.69409,43.584994],[-122.694451,43.585174],[-122.694463,43.58519],[-122.694467,43.585206],[-122.694462,43.585221],[-122.694422,43.585247],[-122.694365,43.585286],[-122.69434,43.585304],[-122.694284,43.585326],[-122.694269,43.585332],[-122.694215,43.585321],[-122.69408,43.585239],[-122.693494,43.584966],[-122.693415,43.584939],[-122.693307,43.58492],[-122.693177,43.584923],[-122.693036,43.58496],[-122.692909,43.585018],[-122.692783,43.585067],[-122.692767,43.585074],[-122.692673,43.585161],[-122.69266,43.585174],[-122.692494,43.585255],[-122.692356,43.585315],[-122.692338,43.585323],[-122.692267,43.585392],[-122.692232,43.585456],[-122.692216,43.585494],[-122.692214,43.585497],[-122.692188,43.585514],[-122.692145,43.58553],[-122.692123,43.58553],[-122.692067,43.585523],[-122.691994,43.585495],[-122.69192,43.585445],[-122.691831,43.585367],[-122.691761,43.585296],[-122.691673,43.585155],[-122.691575,43.585055],[-122.691463,43.584996],[-122.691326,43.584935],[-122.691172,43.584898],[-122.691054,43.584882],[-122.690963,43.584865],[-122.690843,43.584867],[-122.690665,43.584883],[-122.690478,43.584905],[-122.690231,43.58496],[-122.690048,43.585014],[-122.689224,43.585441],[-122.689142,43.585483],[-122.68909,43.585489],[-122.688998,43.585491],[-122.688892,43.585472],[-122.688815,43.585442],[-122.688768,43.585397],[-122.688762,43.585371],[-122.688773,43.585322],[-122.688838,43.585221],[-122.68954,43.584256],[-122.689671,43.58415],[-122.689774,43.584064],[-122.689844,43.583955],[-122.689883,43.583842],[-122.68981,43.58371],[-122.68965,43.583495],[-122.689572,43.583397],[-122.689566,43.583367],[-122.689617,43.583303],[-122.689665,43.58324],[-122.689686,43.583229],[-122.689904,43.58311],[-122.690062,43.583013],[-122.690198,43.58296],[-122.690246,43.582945],[-122.690325,43.58292],[-122.690331,43.582918],[-122.69047,43.582887],[-122.690692,43.582854],[-122.690845,43.582868],[-122.691017,43.582883],[-122.69115,43.58288],[-122.691388,43.582856],[-122.691528,43.582806],[-122.691646,43.582745],[-122.691653,43.582733],[-122.691693,43.582665],[-122.69169,43.58259],[-122.691673,43.582507],[-122.691571,43.582463],[-122.691409,43.582412],[-122.69133,43.582385],[-122.691225,43.58238],[-122.691111,43.582376],[-122.690998,43.582368],[-122.690886,43.582317],[-122.690398,43.582128],[-122.689879,43.58192],[-122.68967,43.581781],[-122.689537,43.581723],[-122.689435,43.581703],[-122.689322,43.581699],[-122.68922,43.58169],[-122.689142,43.581667],[-122.688889,43.58156],[-122.688564,43.58141],[-122.688491,43.581351],[-122.68845,43.581295],[-122.688442,43.581241],[-122.688424,43.581],[-122.688376,43.580911],[-122.688326,43.580794],[-122.688315,43.580701],[-122.688271,43.580626],[-122.688268,43.580522],[-122.688255,43.580376],[-122.688231,43.580224],[-122.688162,43.5801],[-122.688056,43.579977],[-122.687868,43.579772],[-122.687803,43.57969],[-122.687695,43.579616],[-122.687594,43.579575],[-122.687501,43.579556],[-122.687332,43.579534],[-122.68724,43.579536],[-122.687077,43.579569],[-122.687008,43.579628],[-122.686982,43.57965],[-122.686909,43.579798],[-122.686843,43.579913],[-122.686822,43.580047],[-122.686786,43.580385],[-122.686753,43.580461],[-122.686727,43.580489],[-122.686701,43.580516],[-122.68664,43.580557],[-122.686582,43.58058],[-122.6865,43.580587],[-122.685996,43.580597],[-122.685853,43.580613],[-122.685703,43.58065],[-122.685484,43.580778],[-122.685312,43.580941],[-122.68531,43.580943],[-122.685182,43.581072],[-122.685158,43.581096],[-122.684993,43.581258],[-122.684954,43.581289],[-122.684907,43.581301],[-122.684849,43.581302],[-122.684489,43.581286],[-122.684378,43.581282],[-122.684274,43.581284],[-122.684177,43.581306],[-122.684116,43.581326],[-122.684085,43.581321],[-122.68404,43.581302],[-122.683997,43.581264],[-122.68397,43.581209],[-122.683941,43.58087],[-122.683911,43.580797],[-122.683874,43.580725],[-122.683834,43.580637],[-122.683769,43.580586],[-122.683726,43.580532],[-122.683659,43.580486],[-122.683522,43.580467],[-122.683392,43.58045],[-122.683144,43.580474],[-122.682863,43.580497],[-122.682782,43.580494],[-122.682689,43.580465],[-122.682473,43.580463],[-122.682058,43.580459],[-122.681837,43.580484],[-122.681746,43.580531],[-122.681674,43.58058],[-122.681608,43.580613],[-122.681548,43.580636],[-122.681485,43.580659],[-122.681427,43.580668],[-122.681336,43.580652],[-122.681232,43.580595],[-122.680874,43.580397],[-122.680798,43.580365],[-122.680668,43.580327],[-122.680514,43.580311],[-122.680332,43.580308],[-122.680118,43.580318],[-122.679872,43.58036],[-122.67973,43.580388],[-122.67959,43.580422],[-122.679422,43.580488],[-122.679237,43.580565],[-122.679066,43.580653],[-122.678866,43.580752],[-122.678177,43.581058],[-122.677752,43.581238],[-122.677476,43.581325],[-122.677342,43.581349],[-122.677228,43.581351],[-122.676999,43.58131],[-122.676765,43.581267],[-122.676601,43.581239],[-122.676438,43.581229],[-122.676212,43.58126],[-122.67601,43.581326],[-122.675736,43.58141],[-122.675508,43.581508],[-122.675132,43.581715],[-122.67501,43.581795],[-122.674945,43.581807],[-122.674825,43.581758],[-122.674671,43.581761],[-122.674554,43.581813],[-122.674483,43.58189],[-122.674451,43.581925],[-122.674424,43.582027],[-122.674457,43.58223],[-122.674523,43.582409],[-122.674592,43.58244],[-122.67471,43.582474],[-122.674884,43.582439],[-122.675181,43.582379],[-122.675485,43.582337],[-122.675804,43.582322],[-122.676173,43.582324],[-122.676462,43.582362],[-122.67668,43.582418],[-122.676845,43.582479],[-122.677019,43.582523],[-122.67722,43.582558],[-122.678028,43.582579],[-122.678322,43.582599],[-122.678581,43.582656],[-122.679,43.582749],[-122.679244,43.582791],[-122.679439,43.582815],[-122.679681,43.582829],[-122.679921,43.58285],[-122.679986,43.582871],[-122.680095,43.582905],[-122.680107,43.582909],[-122.680169,43.582973],[-122.680244,43.583091],[-122.680275,43.583162],[-122.680262,43.58319],[-122.680255,43.583206],[-122.680114,43.583305],[-122.679915,43.583395],[-122.679651,43.58348],[-122.679283,43.583568],[-122.678901,43.583638],[-122.678603,43.58368],[-122.678345,43.583712],[-122.677993,43.583737],[-122.677674,43.58378],[-122.677412,43.583767],[-122.677189,43.58379],[-122.676974,43.583822],[-122.676605,43.583885],[-122.676358,43.583957],[-122.676117,43.584055],[-122.675776,43.58422],[-122.675307,43.584523],[-122.675152,43.584623],[-122.674912,43.584725],[-122.674834,43.584755],[-122.674739,43.58475],[-122.674613,43.584752],[-122.674523,43.584725],[-122.674373,43.58464],[-122.674162,43.584549],[-122.673944,43.584476],[-122.673789,43.584458],[-122.673495,43.584464],[-122.673258,43.584459],[-122.672857,43.584553],[-122.672014,43.584806],[-122.671813,43.584844],[-122.67165,43.584856],[-122.671503,43.58485],[-122.671278,43.584846],[-122.671116,43.584832],[-122.671056,43.584815],[-122.671039,43.584799],[-122.671015,43.584733],[-122.670984,43.584518],[-122.670951,43.584326],[-122.670812,43.584139],[-122.670582,43.58379],[-122.670364,43.583629],[-122.670077,43.583469],[-122.669881,43.58336],[-122.669496,43.58321],[-122.66916,43.583105],[-122.668756,43.583001],[-122.668529,43.582986],[-122.668258,43.582991],[-122.667862,43.583027],[-122.667208,43.583132],[-122.66691,43.583183],[-122.666775,43.583204],[-122.666625,43.583223],[-122.666445,43.583203],[-122.666282,43.583156],[-122.666154,43.583095],[-122.666001,43.583047],[-122.665861,43.58303],[-122.665556,43.583018],[-122.665265,43.583005],[-122.664939,43.583005],[-122.664911,43.583115],[-122.664935,43.583115],[-122.66526,43.583115],[-122.665547,43.583127],[-122.665844,43.583139],[-122.665958,43.583153],[-122.666083,43.583192],[-122.666212,43.583253],[-122.666404,43.583309],[-122.666626,43.583334],[-122.666804,43.583311],[-122.666943,43.58329],[-122.667241,43.583238],[-122.667887,43.583135],[-122.668269,43.583101],[-122.668524,43.583096],[-122.668724,43.583109],[-122.669105,43.583207],[-122.66943,43.583308],[-122.669799,43.583453],[-122.669985,43.583556],[-122.670264,43.583712],[-122.670457,43.583854],[-122.670677,43.584188],[-122.670804,43.58436],[-122.670834,43.584531],[-122.670866,43.584753],[-122.670901,43.584849],[-122.670962,43.584905],[-122.671078,43.584939],[-122.671268,43.584955],[-122.671496,43.58496],[-122.671653,43.584966],[-122.671839,43.584953],[-122.672062,43.58491],[-122.672909,43.584656],[-122.673279,43.58457],[-122.673495,43.584574],[-122.673779,43.584568],[-122.6739,43.584582],[-122.674091,43.584646],[-122.674287,43.58473],[-122.674446,43.584821],[-122.674585,43.584862],[-122.674734,43.584859],[-122.674866,43.584867],[-122.674986,43.584821],[-122.675241,43.584712],[-122.675407,43.584605],[-122.675868,43.584307],[-122.676195,43.584149],[-122.676423,43.584056],[-122.676651,43.58399],[-122.677006,43.583929],[-122.677215,43.583898],[-122.677418,43.583877],[-122.677682,43.58389],[-122.678013,43.583846],[-122.678365,43.583821],[-122.67863,43.583788],[-122.678934,43.583745],[-122.679325,43.583673],[-122.679705,43.583582],[-122.679986,43.583492],[-122.680207,43.583391],[-122.680387,43.583266],[-122.680394,43.583251],[-122.680433,43.583162],[-122.680386,43.583052],[-122.680301,43.582918],[-122.680289,43.582905],[-122.680206,43.582821],[-122.679961,43.582743],[-122.679697,43.582719],[-122.679458,43.582706],[-122.679274,43.582683],[-122.679039,43.582643],[-122.678625,43.582551],[-122.678351,43.582491],[-122.678039,43.582469],[-122.677241,43.582449],[-122.677062,43.582418],[-122.676904,43.582378],[-122.67674,43.582318],[-122.676501,43.582255],[-122.676187,43.582214],[-122.6758,43.582213],[-122.675467,43.582228],[-122.675147,43.582272],[-122.674844,43.582333],[-122.674719,43.582359],[-122.674661,43.582342],[-122.674653,43.582338],[-122.674606,43.582209],[-122.674577,43.582031],[-122.674593,43.581967],[-122.674626,43.581932],[-122.674661,43.581894],[-122.674715,43.58187],[-122.674787,43.581868],[-122.674924,43.581924],[-122.675084,43.581895],[-122.675224,43.581802],[-122.675592,43.581599],[-122.675804,43.581508],[-122.676071,43.581426],[-122.676257,43.581365],[-122.676445,43.581339],[-122.676577,43.581347],[-122.676729,43.581373],[-122.676962,43.581417],[-122.677212,43.581461],[-122.677362,43.581458],[-122.677524,43.581429],[-122.67782,43.581336],[-122.678254,43.581152],[-122.678948,43.580844],[-122.679152,43.580743],[-122.679319,43.580657],[-122.679495,43.580584],[-122.679651,43.580523],[-122.679773,43.580493],[-122.679909,43.580467],[-122.68014,43.580427],[-122.680336,43.580418],[-122.680502,43.58042],[-122.680628,43.580434],[-122.680731,43.580463],[-122.680789,43.580488],[-122.68114,43.580683],[-122.681271,43.580754],[-122.681426,43.580781],[-122.681534,43.580763],[-122.681616,43.580734],[-122.681687,43.580707],[-122.681769,43.580665],[-122.681842,43.580616],[-122.681895,43.580588],[-122.682068,43.580569],[-122.682473,43.580573],[-122.682505,43.580573],[-122.682657,43.580574],[-122.682748,43.580602],[-122.682867,43.580607],[-122.683162,43.580583],[-122.683388,43.580561],[-122.683494,43.580575],[-122.683588,43.580588],[-122.683606,43.5806],[-122.683646,43.580652],[-122.683701,43.580694],[-122.683731,43.580761],[-122.683768,43.580832],[-122.683791,43.580889],[-122.683821,43.581231],[-122.683863,43.581319],[-122.683941,43.581387],[-122.684029,43.581424],[-122.684131,43.581441],[-122.684231,43.581409],[-122.684299,43.581393],[-122.684376,43.581391],[-122.68448,43.581395],[-122.684846,43.581412],[-122.684935,43.58141],[-122.685039,43.581383],[-122.68511,43.581328],[-122.68528,43.58116],[-122.685297,43.581143],[-122.685431,43.581008],[-122.685436,43.581004],[-122.685593,43.580855],[-122.685777,43.580747],[-122.685889,43.580719],[-122.686009,43.580706],[-122.68651,43.580696],[-122.686627,43.580687],[-122.686729,43.580647],[-122.686816,43.580589],[-122.686841,43.580562],[-122.686891,43.58051],[-122.686935,43.580405],[-122.686972,43.580058],[-122.686991,43.57994],[-122.68705,43.579837],[-122.687115,43.579706],[-122.687141,43.579683],[-122.687162,43.579665],[-122.687262,43.579645],[-122.68732,43.579644],[-122.687467,43.579663],[-122.687537,43.579677],[-122.687605,43.579705],[-122.687683,43.579759],[-122.68774,43.57983],[-122.687929,43.580037],[-122.688027,43.58015],[-122.688084,43.580251],[-122.688104,43.580386],[-122.688117,43.580527],[-122.688121,43.58065],[-122.688166,43.580728],[-122.688177,43.580815],[-122.688233,43.580947],[-122.688274,43.581024],[-122.688292,43.58125],[-122.688303,43.581328],[-122.688366,43.581414],[-122.688465,43.581494],[-122.688811,43.581654],[-122.689075,43.581765],[-122.689181,43.581798],[-122.689309,43.581808],[-122.689412,43.581812],[-122.689477,43.581825],[-122.689579,43.58187],[-122.689791,43.58201],[-122.690326,43.582224],[-122.69081,43.582412],[-122.690947,43.582475],[-122.6911,43.582486],[-122.691216,43.582489],[-122.691292,43.582493],[-122.691347,43.582512],[-122.691502,43.582561],[-122.691535,43.582575],[-122.69154,43.5826],[-122.691541,43.582644],[-122.691531,43.582661],[-122.691524,43.582673],[-122.69145,43.582712],[-122.691343,43.58275],[-122.691138,43.582771],[-122.691025,43.582773],[-122.690864,43.582759],[-122.690687,43.582743],[-122.690433,43.58278],[-122.690279,43.582815],[-122.690132,43.582862],[-122.689977,43.582922],[-122.689942,43.582944],[-122.68981,43.583024],[-122.689569,43.583156],[-122.689549,43.583167],[-122.689486,43.583249],[-122.68941,43.583344],[-122.689427,43.583434],[-122.689519,43.583548],[-122.689673,43.583757],[-122.689725,43.583851],[-122.689701,43.583918],[-122.689646,43.584004],[-122.689558,43.584077],[-122.689415,43.584193],[-122.688702,43.585172],[-122.688627,43.58529],[-122.688609,43.585372],[-122.688625,43.585442],[-122.688715,43.585527],[-122.688837,43.585576],[-122.688982,43.585601],[-122.689102,43.585598],[-122.6892,43.585588],[-122.689311,43.585531],[-122.690122,43.585111],[-122.690282,43.585063],[-122.690512,43.585012],[-122.690686,43.584991],[-122.690854,43.584977],[-122.690945,43.584975],[-122.691021,43.584989],[-122.691135,43.585005],[-122.691262,43.585035],[-122.691379,43.585088],[-122.691467,43.585133],[-122.691541,43.58521],[-122.69163,43.585352],[-122.691712,43.585434],[-122.69181,43.58552],[-122.691906,43.585586],[-122.692017,43.585627],[-122.69211,43.58564],[-122.692185,43.585639],[-122.692273,43.585605],[-122.692346,43.585559],[-122.692347,43.585557],[-122.692374,43.585492],[-122.692399,43.585446],[-122.692441,43.585406],[-122.692459,43.585398],[-122.692575,43.585348],[-122.692765,43.585255],[-122.692778,43.585243],[-122.692867,43.585159],[-122.692883,43.585153],[-122.692985,43.585113],[-122.693103,43.585059],[-122.693206,43.585032],[-122.693291,43.58503],[-122.693365,43.585043],[-122.69342,43.585062],[-122.69399,43.585328],[-122.694144,43.58542],[-122.694252,43.585442],[-122.694308,43.585441],[-122.694355,43.585422],[-122.694429,43.585393],[-122.694454,43.585376],[-122.694524,43.585327],[-122.694598,43.585279],[-122.694621,43.585209],[-122.694607,43.585154],[-122.694567,43.585099],[-122.694191,43.584911],[-122.694182,43.584904],[-122.694233,43.584868],[-122.694241,43.584864],[-122.69441,43.584779],[-122.694531,43.584732],[-122.694649,43.584703],[-122.694674,43.584684],[-122.694737,43.584636],[-122.69475,43.58463],[-122.694814,43.584599],[-122.694818,43.584592],[-122.69487,43.584503],[-122.694892,43.584452],[-122.694961,43.584367],[-122.695025,43.584323],[-122.695211,43.584199],[-122.695582,43.583921],[-122.695921,43.583668],[-122.696105,43.58352],[-122.696245,43.583413],[-122.696261,43.583404],[-122.696507,43.583269],[-122.696516,43.583261],[-122.696675,43.583113],[-122.696754,43.583018],[-122.696768,43.582975],[-122.696787,43.582915],[-122.696822,43.582839],[-122.696871,43.582777],[-122.696948,43.582689],[-122.696936,43.582594],[-122.696952,43.582513],[-122.696977,43.58249],[-122.696991,43.582485],[-122.697027,43.582471],[-122.697065,43.582459],[-122.697102,43.582461],[-122.697171,43.582489],[-122.697609,43.582691],[-122.697821,43.582763],[-122.697921,43.582779],[-122.698002,43.582751],[-122.698065,43.582727],[-122.698085,43.582712],[-122.698128,43.582678],[-122.698208,43.582568],[-122.69835,43.582112],[-122.69839,43.582026],[-122.698491,43.581932],[-122.698527,43.581906],[-122.698532,43.581904],[-122.698569,43.581893],[-122.698627,43.581887],[-122.698833,43.581889],[-122.699194,43.581906],[-122.699289,43.581897],[-122.699357,43.581873],[-122.699652,43.581753],[-122.6999,43.581651],[-122.700088,43.581559],[-122.700103,43.581547],[-122.700207,43.581467],[-122.700341,43.581352],[-122.70044,43.58123],[-122.7006,43.580975],[-122.700669,43.580798],[-122.70071,43.580724],[-122.700759,43.580682],[-122.700775,43.580675],[-122.700804,43.58066],[-122.700853,43.580651],[-122.701214,43.580667],[-122.701391,43.580676],[-122.701509,43.58069],[-122.701593,43.580704],[-122.701639,43.580728],[-122.701688,43.580771],[-122.701723,43.580815],[-122.701868,43.581191],[-122.701944,43.581327],[-122.702058,43.581423],[-122.702154,43.58149],[-122.70234,43.581509],[-122.702446,43.58149],[-122.702475,43.581485],[-122.702485,43.581484],[-122.70265,43.581397],[-122.702976,43.581233],[-122.702989,43.581224],[-122.703251,43.581046],[-122.703258,43.581045],[-122.703324,43.581027],[-122.703399,43.581026],[-122.70349,43.581044],[-122.703897,43.581185],[-122.704109,43.581238],[-122.704217,43.581247],[-122.704256,43.581264],[-122.704301,43.581311],[-122.704402,43.581387],[-122.70451,43.581416],[-122.704629,43.581427],[-122.704784,43.58143],[-122.704932,43.581427],[-122.705032,43.58143],[-122.70511,43.581452],[-122.705758,43.581818],[-122.706371,43.582159],[-122.706504,43.582238],[-122.706583,43.582265],[-122.706682,43.582256],[-122.70671,43.582261],[-122.706723,43.582272],[-122.706782,43.582344],[-122.706901,43.582358],[-122.706997,43.582367],[-122.707085,43.582397],[-122.707175,43.582433],[-122.707351,43.582549],[-122.707421,43.582606],[-122.707612,43.582572],[-122.707719,43.582557],[-122.707843,43.582508],[-122.708049,43.582504],[-122.708492,43.58264],[-122.708816,43.582742],[-122.709176,43.582856],[-122.70987,43.582983],[-122.710251,43.583023],[-122.710375,43.583036],[-122.710444,43.583043],[-122.7113,43.583165],[-122.711678,43.583194],[-122.711993,43.583194],[-122.712308,43.583205],[-122.712676,43.583269],[-122.713017,43.583312],[-122.713364,43.583305],[-122.713697,43.583286],[-122.714013,43.583262],[-122.714341,43.58322],[-122.714686,43.583195],[-122.715219,43.583221],[-122.715564,43.583163],[-122.715581,43.583155],[-122.715783,43.58306],[-122.715843,43.583032],[-122.716155,43.582878],[-122.716499,43.582754],[-122.716512,43.58275],[-122.717335,43.582499],[-122.718624,43.582177],[-122.718639,43.582171],[-122.718777,43.582117],[-122.718792,43.582114],[-122.719595,43.581902],[-122.719971,43.581788],[-122.720592,43.581613],[-122.721471,43.581374],[-122.721476,43.581372],[-122.721885,43.581178],[-122.722256,43.580887],[-122.722295,43.580866],[-122.722484,43.58076],[-122.722497,43.580759],[-122.722619,43.58075],[-122.722957,43.580801],[-122.723297,43.580972],[-122.723859,43.581403],[-122.724088,43.581567],[-122.724464,43.581739],[-122.72477,43.581856],[-122.72533,43.581996],[-122.726839,43.582426],[-122.727745,43.582604],[-122.728294,43.582714],[-122.728706,43.582719],[-122.72906,43.582803],[-122.729533,43.58292],[-122.729874,43.58297],[-122.730183,43.583035],[-122.73071,43.583044],[-122.731158,43.582985],[-122.731849,43.582984]]],[[[-122.667802,43.586715],[-122.667849,43.586777],[-122.667976,43.58679],[-122.668061,43.586775],[-122.668156,43.586739],[-122.668274,43.586647],[-122.668272,43.586637],[-122.668237,43.586477],[-122.668075,43.586222],[-122.667985,43.586006],[-122.667978,43.585823],[-122.667831,43.585524],[-122.667706,43.585309],[-122.667536,43.585153],[-122.667321,43.585051],[-122.66707,43.584944],[-122.666643,43.584824],[-122.666533,43.584787],[-122.666385,43.58477],[-122.666315,43.584762],[-122.66616,43.584765],[-122.666021,43.584759],[-122.665922,43.584737],[-122.66562,43.584625],[-122.665502,43.584594],[-122.665453,43.58456],[-122.665415,43.58444],[-122.665359,43.584273],[-122.665285,43.584134],[-122.665141,43.584025],[-122.664969,43.583925],[-122.664796,43.583843],[-122.664638,43.58378],[-122.664387,43.5837],[-122.664115,43.583659],[-122.66411,43.583658],[-122.663723,43.583698],[-122.66408,43.583765],[-122.66434,43.583805],[-122.66457,43.583879],[-122.664718,43.583937],[-122.66488,43.584014],[-122.665039,43.584107],[-122.665155,43.584194],[-122.665214,43.584306],[-122.665268,43.584466],[-122.665316,43.584617],[-122.665421,43.584689],[-122.665559,43.584726],[-122.665865,43.584839],[-122.665994,43.584868],[-122.666158,43.584874],[-122.666304,43.584871],[-122.66636,43.584878],[-122.666489,43.584893],[-122.666584,43.584925],[-122.667004,43.585043],[-122.667241,43.585145],[-122.667433,43.585235],[-122.667575,43.585365],[-122.667691,43.585564],[-122.667828,43.585843],[-122.667835,43.586024],[-122.667934,43.586261],[-122.668092,43.586509],[-122.668111,43.586601],[-122.668114,43.586611],[-122.668063,43.586651],[-122.668008,43.586672],[-122.66797,43.586678],[-122.667945,43.586676],[-122.667937,43.586666],[-122.667903,43.58661],[-122.667862,43.586486],[-122.66779,43.586319],[-122.667706,43.586178],[-122.66762,43.58607],[-122.667453,43.585954],[-122.667275,43.58588],[-122.667068,43.585809],[-122.666884,43.585756],[-122.666705,43.58572],[-122.666292,43.585719],[-122.665582,43.585733],[-122.665364,43.585764],[-122.665175,43.585742],[-122.665011,43.585727],[-122.664793,43.585696],[-122.664529,43.585629],[-122.6642,43.585563],[-122.663957,43.585503],[-122.66367,43.585462],[-122.663386,43.585439],[-122.663111,43.585445],[-122.662936,43.585467],[-122.66271,43.585471],[-122.662528,43.585452],[-122.662527,43.585563],[-122.662565,43.585567],[-122.662701,43.585581],[-122.662951,43.585576],[-122.663125,43.585554],[-122.663379,43.585549],[-122.663647,43.58557],[-122.663918,43.585609],[-122.664155,43.585668],[-122.664484,43.585734],[-122.664754,43.585802],[-122.664987,43.585835],[-122.665153,43.58585],[-122.665366,43.585875],[-122.665599,43.585842],[-122.666293,43.585829],[-122.666684,43.58583],[-122.666836,43.58586],[-122.667007,43.58591],[-122.667205,43.585977],[-122.667361,43.586042],[-122.6675,43.586138],[-122.667571,43.586228],[-122.667648,43.586357],[-122.667716,43.586515],[-122.667759,43.586645],[-122.667802,43.586715]]],[[[-122.635854,43.597429],[-122.635959,43.597474],[-122.636003,43.597504],[-122.636026,43.597592],[-122.636014,43.597661],[-122.636008,43.597692],[-122.635865,43.59782],[-122.635804,43.597902],[-122.635758,43.597963],[-122.635681,43.598114],[-122.635669,43.598146],[-122.635651,43.598197],[-122.635585,43.598239],[-122.63546,43.598283],[-122.635404,43.59834],[-122.635367,43.59838],[-122.635314,43.598503],[-122.635214,43.598728],[-122.63518,43.598937],[-122.63516,43.599299],[-122.635181,43.599521],[-122.635218,43.599836],[-122.635268,43.600132],[-122.635317,43.600381],[-122.635449,43.600766],[-122.63573,43.601259],[-122.635954,43.601665],[-122.636063,43.60183],[-122.636104,43.601953],[-122.636121,43.602071],[-122.636126,43.602226],[-122.63606,43.602565],[-122.636026,43.602728],[-122.635895,43.603324],[-122.635859,43.603463],[-122.635862,43.603554],[-122.63592,43.603678],[-122.635935,43.603793],[-122.635878,43.603908],[-122.635842,43.603996],[-122.635734,43.60427],[-122.635609,43.604469],[-122.635597,43.604488],[-122.635415,43.604662],[-122.635397,43.604679],[-122.635315,43.604773],[-122.635257,43.604885],[-122.635261,43.604997],[-122.635291,43.605085],[-122.635381,43.60552],[-122.635381,43.605687],[-122.635259,43.606461],[-122.635372,43.606543],[-122.635036,43.607595],[-122.634427,43.608208],[-122.634567,43.60831],[-122.634567,43.608314],[-122.634567,43.608344],[-122.634247,43.608497],[-122.634167,43.608555],[-122.634104,43.608602],[-122.634103,43.609149],[-122.634103,43.609187],[-122.634072,43.609209],[-122.634254,43.609209],[-122.634255,43.608647],[-122.634318,43.6086],[-122.634343,43.608582],[-122.634719,43.608402],[-122.634718,43.608373],[-122.634717,43.608265],[-122.634624,43.608197],[-122.635177,43.607641],[-122.635538,43.606509],[-122.635418,43.606421],[-122.635532,43.605693],[-122.635531,43.605511],[-122.63544,43.605063],[-122.635412,43.604982],[-122.635409,43.604903],[-122.635451,43.604822],[-122.635521,43.604742],[-122.635542,43.604722],[-122.635727,43.604544],[-122.635738,43.604526],[-122.635876,43.604308],[-122.635988,43.604026],[-122.636022,43.603941],[-122.636088,43.603806],[-122.636068,43.603654],[-122.636012,43.603534],[-122.63601,43.603472],[-122.636044,43.603343],[-122.636175,43.602744],[-122.636209,43.602581],[-122.636278,43.602232],[-122.636272,43.602064],[-122.636254,43.601934],[-122.636206,43.601793],[-122.636092,43.60162],[-122.63587,43.601217],[-122.635593,43.600731],[-122.635465,43.60036],[-122.635418,43.600117],[-122.635368,43.599824],[-122.635331,43.599512],[-122.635311,43.599297],[-122.635331,43.598945],[-122.635362,43.598752],[-122.635458,43.598535],[-122.635504,43.598428],[-122.635542,43.598388],[-122.63556,43.598369],[-122.63567,43.598331],[-122.635785,43.598256],[-122.635803,43.598206],[-122.635825,43.598147],[-122.635896,43.598009],[-122.635942,43.597946],[-122.635991,43.597881],[-122.636152,43.597736],[-122.636158,43.597706],[-122.636179,43.597588],[-122.636142,43.597448],[-122.63605,43.597386],[-122.635991,43.597361],[-122.63575,43.597361],[-122.635854,43.597429]]]]}},{"type":"Feature","properties":{"MAPTAXLOT":"2315000000300","MAPNUMBER":"23150000","TAXLOT":"300","ACCTNO":"0974889","MAPACRES":526.72076555},"geometry":{"type":"Polygon","coordinates":[[[-122.676885,43.609229],[-122.682489,43.609242],[-122.682489,43.609229],[-122.682488,43.608209],[-122.682482,43.604591],[-122.682467,43.597359],[-122.66254,43.597305],[-122.662497,43.597304],[-122.662489,43.604533],[-122.662489,43.60815],[-122.66249,43.609194],[-122.66249,43.609212],[-122.666921,43.60921],[-122.666939,43.60921],[-122.67249,43.609222],[-122.676885,43.609229]]]}},{"type":"Feature","properties":{"MAPTAXLOT":"2315000000400","MAPNUMBER":"23150000","TAXLOT":"400","ACCTNO":"0974897","MAPACRES":523.91774944},"geometry":{"type":"Polygon","coordinates":[[[-122.696764,43.609237],[-122.699432,43.609235],[-122.702469,43.609232],[-122.702468,43.608309],[-122.702462,43.60469],[-122.702444,43.597454],[-122.682504,43.597359],[-122.682467,43.597359],[-122.682482,43.604591],[-122.682488,43.608209],[-122.682489,43.609229],[-122.682489,43.609242],[-122.686816,43.609243],[-122.686832,43.609243],[-122.692482,43.609239],[-122.696764,43.609237]]]}},{"type":"Feature","properties":{"MAPTAXLOT":"2315000000500","MAPNUMBER":"23150000","TAXLOT":"500","ACCTNO":"0974905","MAPACRES":516.28182501},"geometry":{"type":"Polygon","coordinates":[[[-122.716607,43.60924],[-122.722341,43.609249],[-122.722339,43.608399],[-122.722325,43.604783],[-122.722279,43.597555],[-122.702483,43.597454],[-122.702444,43.597454],[-122.702462,43.60469],[-122.702468,43.608309],[-122.702469,43.609232],[-122.702499,43.609232],[-122.702557,43.609232],[-122.706698,43.609227],[-122.712403,43.609236],[-122.716607,43.60924]]]}},{"type":"Feature","properties":{"MAPTAXLOT":"2315000000600","MAPNUMBER":"23150000","TAXLOT":"600","ACCTNO":"0974913","MAPACRES":547.03617647},"geometry":{"type":"Polygon","coordinates":[[[-122.736448,43.609256],[-122.74413,43.609267],[-122.744131,43.609267],[-122.74413,43.609258],[-122.744036,43.608387],[-122.743723,43.605498],[-122.743652,43.604845],[-122.743343,43.601993],[-122.743281,43.601245],[-122.743035,43.598254],[-122.742985,43.597644],[-122.737193,43.597636],[-122.732218,43.59763],[-122.722335,43.597555],[-122.722279,43.597555],[-122.722325,43.604783],[-122.722339,43.608399],[-122.722341,43.609249],[-122.722388,43.609249],[-122.72653,43.609247],[-122.732263,43.609253],[-122.733543,43.609254],[-122.735079,43.609255],[-122.736448,43.609256]]]}},{"type":"Feature","properties":{"MAPTAXLOT":"2315000000700","MAPNUMBER":"23150000","TAXLOT":"700","ACCTNO":"0974921","MAPACRES":643.22485486},"geometry":{"type":"MultiPolygon","coordinates":[[[[-122.722279,43.597553],[-122.722279,43.597555],[-122.722335,43.597555],[-122.732218,43.59763],[-122.737193,43.597636],[-122.742985,43.597644],[-122.742984,43.597635],[-122.742725,43.594516],[-122.742683,43.594013],[-122.742529,43.592307],[-122.742393,43.590795],[-122.742358,43.590379],[-122.74206,43.587075],[-122.742034,43.586755],[-122.741955,43.585889],[-122.741955,43.585889],[-122.741844,43.58588],[-122.741417,43.58577],[-122.740867,43.585502],[-122.740424,43.585292],[-122.739666,43.585001],[-122.739361,43.584872],[-122.738984,43.584643],[-122.738756,43.584479],[-122.738515,43.584342],[-122.738164,43.58416],[-122.737758,43.584058],[-122.737465,43.583989],[-122.737146,43.583918],[-122.736752,43.583775],[-122.736461,43.583694],[-122.735962,43.583586],[-122.735645,43.583524],[-122.735318,43.583492],[-122.734871,43.58334],[-122.73453,43.583208],[-122.734285,43.58312],[-122.73224,43.583117],[-122.722311,43.583089],[-122.722281,43.583089],[-122.722279,43.597553]]],[[[-122.734939,43.583242],[-122.735362,43.583386],[-122.735675,43.583417],[-122.736004,43.58348],[-122.736509,43.58359],[-122.736813,43.583674],[-122.737202,43.583816],[-122.73751,43.583884],[-122.737807,43.583954],[-122.738234,43.584061],[-122.738606,43.584254],[-122.738857,43.584396],[-122.739086,43.584562],[-122.739448,43.584782],[-122.73974,43.584905],[-122.740501,43.585198],[-122.740951,43.58541],[-122.741486,43.585672],[-122.741878,43.585772],[-122.741945,43.585777],[-122.741945,43.585777],[-122.741944,43.585764],[-122.74194,43.585721],[-122.74194,43.585721],[-122.741726,43.583354],[-122.741707,43.583131],[-122.73722,43.583125],[-122.734682,43.583121],[-122.734626,43.583121],[-122.734939,43.583242]]]]}},{"type":"Feature","properties":{"MAPTAXLOT":"2315000000800","MAPNUMBER":"23150000","TAXLOT":"800","ACCTNO":"0974939","MAPACRES":634.64506783},"geometry":{"type":"MultiPolygon","coordinates":[[[[-122.702444,43.597451],[-122.702444,43.597454],[-122.702483,43.597454],[-122.722279,43.597555],[-122.722279,43.597553],[-122.722281,43.583089],[-122.715791,43.58306],[-122.715783,43.58306],[-122.715581,43.583155],[-122.715564,43.583163],[-122.715219,43.583221],[-122.714686,43.583195],[-122.714341,43.58322],[-122.714013,43.583262],[-122.713697,43.583286],[-122.713364,43.583305],[-122.713017,43.583312],[-122.712676,43.583269],[-122.712308,43.583205],[-122.711993,43.583194],[-122.711678,43.583194],[-122.7113,43.583165],[-122.710444,43.583043],[-122.710375,43.583036],[-122.702472,43.583],[-122.702442,43.583],[-122.702444,43.597451]]],[[[-122.712706,43.583162],[-122.713028,43.583202],[-122.713356,43.583195],[-122.713683,43.583177],[-122.713992,43.583153],[-122.714321,43.583111],[-122.714684,43.583085],[-122.715207,43.583111],[-122.715504,43.58306],[-122.715507,43.583059],[-122.715481,43.583059],[-122.711325,43.58304],[-122.711207,43.58304],[-122.711322,43.583056],[-122.711686,43.583084],[-122.711997,43.583084],[-122.712329,43.583096],[-122.712706,43.583162]]]]}},{"type":"Feature","properties":{"MAPTAXLOT":"2315000000900","MAPNUMBER":"23150000","TAXLOT":"900","ACCTNO":"0974947","MAPACRES":636.11478639},"geometry":{"type":"MultiPolygon","coordinates":[[[[-122.682467,43.597341],[-122.682467,43.597359],[-122.682504,43.597359],[-122.702444,43.597454],[-122.702444,43.597451],[-122.702442,43.583],[-122.696792,43.582975],[-122.696768,43.582975],[-122.696754,43.583018],[-122.696675,43.583113],[-122.696516,43.583261],[-122.696507,43.583269],[-122.696261,43.583404],[-122.696245,43.583413],[-122.696105,43.58352],[-122.695921,43.583668],[-122.695582,43.583921],[-122.695211,43.584199],[-122.695025,43.584323],[-122.694961,43.584367],[-122.694892,43.584452],[-122.69487,43.584503],[-122.694818,43.584592],[-122.694814,43.584599],[-122.69475,43.58463],[-122.694737,43.584636],[-122.694674,43.584684],[-122.694649,43.584703],[-122.694531,43.584732],[-122.69441,43.584779],[-122.694241,43.584864],[-122.694233,43.584868],[-122.694182,43.584904],[-122.694191,43.584911],[-122.694567,43.585099],[-122.694607,43.585154],[-122.694621,43.585209],[-122.694598,43.585279],[-122.694524,43.585327],[-122.694454,43.585376],[-122.694429,43.585393],[-122.694355,43.585422],[-122.694308,43.585441],[-122.694252,43.585442],[-122.694144,43.58542],[-122.69399,43.585328],[-122.69342,43.585062],[-122.693365,43.585043],[-122.693291,43.58503],[-122.693206,43.585032],[-122.693103,43.585059],[-122.692985,43.585113],[-122.692883,43.585153],[-122.692867,43.585159],[-122.692778,43.585243],[-122.692765,43.585255],[-122.692575,43.585348],[-122.692459,43.585398],[-122.692441,43.585406],[-122.692399,43.585446],[-122.692374,43.585492],[-122.692347,43.585557],[-122.692346,43.585559],[-122.692273,43.585605],[-122.692185,43.585639],[-122.69211,43.58564],[-122.692017,43.585627],[-122.691906,43.585586],[-122.69181,43.58552],[-122.691712,43.585434],[-122.69163,43.585352],[-122.691541,43.58521],[-122.691467,43.585133],[-122.691379,43.585088],[-122.691262,43.585035],[-122.691135,43.585005],[-122.691021,43.584989],[-122.690945,43.584975],[-122.690854,43.584977],[-122.690686,43.584991],[-122.690512,43.585012],[-122.690282,43.585063],[-122.690122,43.585111],[-122.689311,43.585531],[-122.6892,43.585588],[-122.689102,43.585598],[-122.688982,43.585601],[-122.688837,43.585576],[-122.688715,43.585527],[-122.688625,43.585442],[-122.688609,43.585372],[-122.688627,43.58529],[-122.688702,43.585172],[-122.689415,43.584193],[-122.689558,43.584077],[-122.689646,43.584004],[-122.689701,43.583918],[-122.689725,43.583851],[-122.689673,43.583757],[-122.689519,43.583548],[-122.689427,43.583434],[-122.68941,43.583344],[-122.689486,43.583249],[-122.689549,43.583167],[-122.689569,43.583156],[-122.68981,43.583024],[-122.689942,43.582944],[-122.689931,43.582944],[-122.682502,43.582909],[-122.682469,43.582909],[-122.682467,43.597341]]],[[[-122.691463,43.584996],[-122.691575,43.585055],[-122.691673,43.585155],[-122.691761,43.585296],[-122.691831,43.585367],[-122.69192,43.585445],[-122.691994,43.585495],[-122.692067,43.585523],[-122.692123,43.58553],[-122.692145,43.58553],[-122.692188,43.585514],[-122.692214,43.585497],[-122.692216,43.585494],[-122.692232,43.585456],[-122.692267,43.585392],[-122.692338,43.585323],[-122.692356,43.585315],[-122.692494,43.585255],[-122.69266,43.585174],[-122.692673,43.585161],[-122.692767,43.585074],[-122.692783,43.585067],[-122.692909,43.585018],[-122.693036,43.58496],[-122.693177,43.584923],[-122.693307,43.58492],[-122.693415,43.584939],[-122.693494,43.584966],[-122.69408,43.585239],[-122.694215,43.585321],[-122.694269,43.585332],[-122.694284,43.585326],[-122.69434,43.585304],[-122.694365,43.585286],[-122.694422,43.585247],[-122.694462,43.585221],[-122.694467,43.585206],[-122.694463,43.58519],[-122.694451,43.585174],[-122.69409,43.584994],[-122.694023,43.584939],[-122.69402,43.584864],[-122.694137,43.584783],[-122.694144,43.584779],[-122.694331,43.584685],[-122.694471,43.584631],[-122.694566,43.584608],[-122.694591,43.584589],[-122.694639,43.584552],[-122.694652,43.584546],[-122.694693,43.584526],[-122.694697,43.584519],[-122.694728,43.584465],[-122.694752,43.584407],[-122.694842,43.584298],[-122.694922,43.584243],[-122.695105,43.58412],[-122.695473,43.583844],[-122.695811,43.583593],[-122.695994,43.583446],[-122.696144,43.583331],[-122.696159,43.583323],[-122.696401,43.58319],[-122.69641,43.583182],[-122.696551,43.583051],[-122.696613,43.582976],[-122.696614,43.582974],[-122.690246,43.582945],[-122.690198,43.58296],[-122.690062,43.583013],[-122.689904,43.58311],[-122.689686,43.583229],[-122.689665,43.58324],[-122.689617,43.583303],[-122.689566,43.583367],[-122.689572,43.583397],[-122.68965,43.583495],[-122.68981,43.58371],[-122.689883,43.583842],[-122.689844,43.583955],[-122.689774,43.584064],[-122.689671,43.58415],[-122.68954,43.584256],[-122.688838,43.585221],[-122.688773,43.585322],[-122.688762,43.585371],[-122.688768,43.585397],[-122.688815,43.585442],[-122.688892,43.585472],[-122.688998,43.585491],[-122.68909,43.585489],[-122.689142,43.585483],[-122.689224,43.585441],[-122.690048,43.585014],[-122.690231,43.58496],[-122.690478,43.584905],[-122.690665,43.584883],[-122.690843,43.584867],[-122.690963,43.584865],[-122.691054,43.584882],[-122.691172,43.584898],[-122.691326,43.584935],[-122.691463,43.584996]]]]}},{"type":"Feature","properties":{"MAPTAXLOT":"2315000000901","MAPNUMBER":"23150000","TAXLOT":"901","ACCTNO":"0974954","MAPACRES":589.84291105},"geometry":{"type":"MultiPolygon","coordinates":[[[[-122.662497,43.597277],[-122.662497,43.597304],[-122.66254,43.597305],[-122.682467,43.597359],[-122.682467,43.597341],[-122.682469,43.582909],[-122.680347,43.582906],[-122.680289,43.582905],[-122.680301,43.582918],[-122.680386,43.583052],[-122.680433,43.583162],[-122.680394,43.583251],[-122.680387,43.583266],[-122.680207,43.583391],[-122.679986,43.583492],[-122.679705,43.583582],[-122.679325,43.583673],[-122.678934,43.583745],[-122.67863,43.583788],[-122.678365,43.583821],[-122.678013,43.583846],[-122.677682,43.58389],[-122.677418,43.583877],[-122.677215,43.583898],[-122.677006,43.583929],[-122.676651,43.58399],[-122.676423,43.584056],[-122.676195,43.584149],[-122.675868,43.584307],[-122.675407,43.584605],[-122.675241,43.584712],[-122.674986,43.584821],[-122.674866,43.584867],[-122.674734,43.584859],[-122.674585,43.584862],[-122.674446,43.584821],[-122.674287,43.58473],[-122.674091,43.584646],[-122.6739,43.584582],[-122.673779,43.584568],[-122.673495,43.584574],[-122.673279,43.58457],[-122.672909,43.584656],[-122.672062,43.58491],[-122.671839,43.584953],[-122.671653,43.584966],[-122.671496,43.58496],[-122.671268,43.584955],[-122.671078,43.584939],[-122.670962,43.584905],[-122.670901,43.584849],[-122.670866,43.584753],[-122.670834,43.584531],[-122.670804,43.58436],[-122.670677,43.584188],[-122.670457,43.583854],[-122.670264,43.583712],[-122.669985,43.583556],[-122.669799,43.583453],[-122.66943,43.583308],[-122.669105,43.583207],[-122.668724,43.583109],[-122.668524,43.583096],[-122.668269,43.583101],[-122.667887,43.583135],[-122.667241,43.583238],[-122.666943,43.58329],[-122.666804,43.583311],[-122.666626,43.583334],[-122.666404,43.583309],[-122.666212,43.583253],[-122.666083,43.583192],[-122.665958,43.583153],[-122.665844,43.583139],[-122.665547,43.583127],[-122.66526,43.583115],[-122.664935,43.583115],[-122.664911,43.583115],[-122.664805,43.58354],[-122.664794,43.583586],[-122.664321,43.583636],[-122.66411,43.583658],[-122.664115,43.583659],[-122.664387,43.5837],[-122.664638,43.58378],[-122.664796,43.583843],[-122.664969,43.583925],[-122.665141,43.584025],[-122.665285,43.584134],[-122.665359,43.584273],[-122.665415,43.58444],[-122.665453,43.58456],[-122.665502,43.584594],[-122.66562,43.584625],[-122.665922,43.584737],[-122.666021,43.584759],[-122.66616,43.584765],[-122.666315,43.584762],[-122.666385,43.58477],[-122.666533,43.584787],[-122.666643,43.584824],[-122.66707,43.584944],[-122.667321,43.585051],[-122.667536,43.585153],[-122.667706,43.585309],[-122.667831,43.585524],[-122.667978,43.585823],[-122.667985,43.586006],[-122.668075,43.586222],[-122.668237,43.586477],[-122.668272,43.586637],[-122.668274,43.586647],[-122.668156,43.586739],[-122.668061,43.586775],[-122.667976,43.58679],[-122.667849,43.586777],[-122.667802,43.586715],[-122.667759,43.586645],[-122.667716,43.586515],[-122.667648,43.586357],[-122.667571,43.586228],[-122.6675,43.586138],[-122.667361,43.586042],[-122.667205,43.585977],[-122.667007,43.58591],[-122.666836,43.58586],[-122.666684,43.58583],[-122.666293,43.585829],[-122.665599,43.585842],[-122.665366,43.585875],[-122.665153,43.58585],[-122.664987,43.585835],[-122.664754,43.585802],[-122.664484,43.585734],[-122.664155,43.585668],[-122.663918,43.585609],[-122.663647,43.58557],[-122.663379,43.585549],[-122.663125,43.585554],[-122.662951,43.585576],[-122.662701,43.585581],[-122.662565,43.585567],[-122.662527,43.585563],[-122.662526,43.586111],[-122.662526,43.586171],[-122.665756,43.587272],[-122.665773,43.587278],[-122.663961,43.588477],[-122.66256,43.588],[-122.662521,43.587987],[-122.662514,43.590777],[-122.662514,43.590877],[-122.662626,43.591045],[-122.662675,43.591119],[-122.663216,43.59193],[-122.662994,43.592501],[-122.664134,43.592664],[-122.664161,43.592668],[-122.664297,43.592688],[-122.663733,43.594189],[-122.664912,43.594515],[-122.664852,43.594787],[-122.664845,43.594818],[-122.667315,43.594796],[-122.667284,43.596414],[-122.667283,43.59644],[-122.662542,43.59648],[-122.662499,43.596481],[-122.662497,43.597277]]],[[[-122.670984,43.584518],[-122.671015,43.584733],[-122.671039,43.584799],[-122.671056,43.584815],[-122.671116,43.584832],[-122.671278,43.584846],[-122.671503,43.58485],[-122.67165,43.584856],[-122.671813,43.584844],[-122.672014,43.584806],[-122.672857,43.584553],[-122.673258,43.584459],[-122.673495,43.584464],[-122.673789,43.584458],[-122.673944,43.584476],[-122.674162,43.584549],[-122.674373,43.58464],[-122.674523,43.584725],[-122.674613,43.584752],[-122.674739,43.58475],[-122.674834,43.584755],[-122.674912,43.584725],[-122.675152,43.584623],[-122.675307,43.584523],[-122.675776,43.58422],[-122.676117,43.584055],[-122.676358,43.583957],[-122.676605,43.583885],[-122.676974,43.583822],[-122.677189,43.58379],[-122.677412,43.583767],[-122.677674,43.58378],[-122.677993,43.583737],[-122.678345,43.583712],[-122.678603,43.58368],[-122.678901,43.583638],[-122.679283,43.583568],[-122.679651,43.58348],[-122.679915,43.583395],[-122.680114,43.583305],[-122.680255,43.583206],[-122.680262,43.58319],[-122.680275,43.583162],[-122.680244,43.583091],[-122.680169,43.582973],[-122.680107,43.582909],[-122.680095,43.582905],[-122.664993,43.582881],[-122.664969,43.582881],[-122.664951,43.582956],[-122.664939,43.583005],[-122.665265,43.583005],[-122.665556,43.583018],[-122.665861,43.58303],[-122.666001,43.583047],[-122.666154,43.583095],[-122.666282,43.583156],[-122.666445,43.583203],[-122.666625,43.583223],[-122.666775,43.583204],[-122.66691,43.583183],[-122.667208,43.583132],[-122.667862,43.583027],[-122.668258,43.582991],[-122.668529,43.582986],[-122.668756,43.583001],[-122.66916,43.583105],[-122.669496,43.58321],[-122.669881,43.58336],[-122.670077,43.583469],[-122.670364,43.583629],[-122.670582,43.58379],[-122.670812,43.584139],[-122.670951,43.584326],[-122.670984,43.584518]]],[[[-122.666705,43.58572],[-122.666884,43.585756],[-122.667068,43.585809],[-122.667275,43.58588],[-122.667453,43.585954],[-122.66762,43.58607],[-122.667706,43.586178],[-122.66779,43.586319],[-122.667862,43.586486],[-122.667903,43.58661],[-122.667937,43.586666],[-122.667945,43.586676],[-122.66797,43.586678],[-122.668008,43.586672],[-122.668063,43.586651],[-122.668114,43.586611],[-122.668111,43.586601],[-122.668092,43.586509],[-122.667934,43.586261],[-122.667835,43.586024],[-122.667828,43.585843],[-122.667691,43.585564],[-122.667575,43.585365],[-122.667433,43.585235],[-122.667241,43.585145],[-122.667004,43.585043],[-122.666584,43.584925],[-122.666489,43.584893],[-122.66636,43.584878],[-122.666304,43.584871],[-122.666158,43.584874],[-122.665994,43.584868],[-122.665865,43.584839],[-122.665559,43.584726],[-122.665421,43.584689],[-122.665316,43.584617],[-122.665268,43.584466],[-122.665214,43.584306],[-122.665155,43.584194],[-122.665039,43.584107],[-122.66488,43.584014],[-122.664718,43.583937],[-122.66457,43.583879],[-122.66434,43.583805],[-122.66408,43.583765],[-122.663723,43.583698],[-122.662568,43.583819],[-122.662532,43.583823],[-122.662528,43.5854],[-122.662528,43.585452],[-122.66271,43.585471],[-122.662936,43.585467],[-122.663111,43.585445],[-122.663386,43.585439],[-122.66367,43.585462],[-122.663957,43.585503],[-122.6642,43.585563],[-122.664529,43.585629],[-122.664793,43.585696],[-122.665011,43.585727],[-122.665175,43.585742],[-122.665364,43.585764],[-122.665582,43.585733],[-122.666292,43.585719],[-122.666705,43.58572]]]]}},{"type":"Feature","properties":{"MAPTAXLOT":"2315000001000","MAPNUMBER":"23150000","TAXLOT":"1000","ACCTNO":"0974962","MAPACRES":614.96318779},"geometry":{"type":"MultiPolygon","coordinates":[[[[-122.664969,43.582881],[-122.664993,43.582881],[-122.680095,43.582905],[-122.679986,43.582871],[-122.679921,43.58285],[-122.679681,43.582829],[-122.679439,43.582815],[-122.679244,43.582791],[-122.679,43.582749],[-122.678581,43.582656],[-122.678322,43.582599],[-122.678028,43.582579],[-122.67722,43.582558],[-122.677019,43.582523],[-122.676845,43.582479],[-122.67668,43.582418],[-122.676462,43.582362],[-122.676173,43.582324],[-122.675804,43.582322],[-122.675485,43.582337],[-122.675181,43.582379],[-122.674884,43.582439],[-122.67471,43.582474],[-122.674592,43.58244],[-122.674523,43.582409],[-122.674457,43.58223],[-122.674424,43.582027],[-122.674451,43.581925],[-122.674483,43.58189],[-122.674554,43.581813],[-122.674671,43.581761],[-122.674825,43.581758],[-122.674945,43.581807],[-122.67501,43.581795],[-122.675132,43.581715],[-122.675508,43.581508],[-122.675736,43.58141],[-122.67601,43.581326],[-122.676212,43.58126],[-122.676438,43.581229],[-122.676601,43.581239],[-122.676765,43.581267],[-122.676999,43.58131],[-122.677228,43.581351],[-122.677342,43.581349],[-122.677476,43.581325],[-122.677752,43.581238],[-122.678177,43.581058],[-122.678866,43.580752],[-122.679066,43.580653],[-122.679237,43.580565],[-122.679422,43.580488],[-122.67959,43.580422],[-122.67973,43.580388],[-122.679872,43.58036],[-122.680118,43.580318],[-122.680332,43.580308],[-122.680514,43.580311],[-122.680668,43.580327],[-122.680798,43.580365],[-122.680874,43.580397],[-122.681232,43.580595],[-122.681336,43.580652],[-122.681427,43.580668],[-122.681485,43.580659],[-122.681548,43.580636],[-122.681608,43.580613],[-122.681674,43.58058],[-122.681746,43.580531],[-122.681837,43.580484],[-122.682058,43.580459],[-122.682473,43.580463],[-122.682473,43.580428],[-122.682493,43.568454],[-122.66258,43.56843],[-122.662549,43.56843],[-122.662538,43.5794],[-122.662538,43.579468],[-122.663725,43.579868],[-122.663737,43.579872],[-122.663377,43.580256],[-122.663329,43.580307],[-122.663544,43.58038],[-122.666939,43.581115],[-122.665978,43.582535],[-122.665944,43.582584],[-122.665111,43.582405],[-122.665089,43.5824],[-122.664969,43.582881]]],[[[-122.676187,43.582214],[-122.676501,43.582255],[-122.67674,43.582318],[-122.676904,43.582378],[-122.677062,43.582418],[-122.677241,43.582449],[-122.678039,43.582469],[-122.678351,43.582491],[-122.678625,43.582551],[-122.679039,43.582643],[-122.679274,43.582683],[-122.679458,43.582706],[-122.679697,43.582719],[-122.679961,43.582743],[-122.680206,43.582821],[-122.680289,43.582905],[-122.680347,43.582906],[-122.682469,43.582909],[-122.682469,43.582877],[-122.682473,43.580573],[-122.682068,43.580569],[-122.681895,43.580588],[-122.681842,43.580616],[-122.681769,43.580665],[-122.681687,43.580707],[-122.681616,43.580734],[-122.681534,43.580763],[-122.681426,43.580781],[-122.681271,43.580754],[-122.68114,43.580683],[-122.680789,43.580488],[-122.680731,43.580463],[-122.680628,43.580434],[-122.680502,43.58042],[-122.680336,43.580418],[-122.68014,43.580427],[-122.679909,43.580467],[-122.679773,43.580493],[-122.679651,43.580523],[-122.679495,43.580584],[-122.679319,43.580657],[-122.679152,43.580743],[-122.678948,43.580844],[-122.678254,43.581152],[-122.67782,43.581336],[-122.677524,43.581429],[-122.677362,43.581458],[-122.677212,43.581461],[-122.676962,43.581417],[-122.676729,43.581373],[-122.676577,43.581347],[-122.676445,43.581339],[-122.676257,43.581365],[-122.676071,43.581426],[-122.675804,43.581508],[-122.675592,43.581599],[-122.675224,43.581802],[-122.675084,43.581895],[-122.674924,43.581924],[-122.674787,43.581868],[-122.674715,43.58187],[-122.674661,43.581894],[-122.674626,43.581932],[-122.674593,43.581967],[-122.674577,43.582031],[-122.674606,43.582209],[-122.674653,43.582338],[-122.674661,43.582342],[-122.674719,43.582359],[-122.674844,43.582333],[-122.675147,43.582272],[-122.675467,43.582228],[-122.6758,43.582213],[-122.676187,43.582214]]]]}},{"type":"Feature","properties":{"MAPTAXLOT":"2315000001100","MAPNUMBER":"23150000","TAXLOT":"1100","ACCTNO":"0974970","MAPACRES":634.62576334},"geometry":{"type":"MultiPolygon","coordinates":[[[[-122.690331,43.582918],[-122.690325,43.58292],[-122.690246,43.582945],[-122.696614,43.582974],[-122.69662,43.582953],[-122.696641,43.582886],[-122.696684,43.582793],[-122.696742,43.582721],[-122.696793,43.582662],[-122.696784,43.582591],[-122.696809,43.582467],[-122.696879,43.582404],[-122.696892,43.582399],[-122.69696,43.582373],[-122.697038,43.582347],[-122.697148,43.582354],[-122.697248,43.582395],[-122.697682,43.582594],[-122.69787,43.582658],[-122.697904,43.582664],[-122.697935,43.582653],[-122.697972,43.582639],[-122.697993,43.582623],[-122.698004,43.582614],[-122.698065,43.58253],[-122.698204,43.582082],[-122.698255,43.581974],[-122.698377,43.58186],[-122.698441,43.581813],[-122.698446,43.581811],[-122.69853,43.581787],[-122.698618,43.581778],[-122.698839,43.581779],[-122.699189,43.581796],[-122.699245,43.58179],[-122.699288,43.581776],[-122.699578,43.581657],[-122.699821,43.581558],[-122.69999,43.581475],[-122.700005,43.581463],[-122.700095,43.581394],[-122.700217,43.581288],[-122.700306,43.581179],[-122.700458,43.580937],[-122.700526,43.580763],[-122.700578,43.580667],[-122.700657,43.580599],[-122.700673,43.580592],[-122.700742,43.580559],[-122.700839,43.580541],[-122.701224,43.580558],[-122.701409,43.580567],[-122.701538,43.580583],[-122.701655,43.580601],[-122.701744,43.580647],[-122.701812,43.580709],[-122.701864,43.580771],[-122.702011,43.581156],[-122.702075,43.581269],[-122.702168,43.581348],[-122.702223,43.581386],[-122.702333,43.581397],[-122.70242,43.581382],[-122.702447,43.581368],[-122.702447,43.581366],[-122.702483,43.56854],[-122.68252,43.568454],[-122.682493,43.568454],[-122.682473,43.580428],[-122.682473,43.580463],[-122.682689,43.580465],[-122.682782,43.580494],[-122.682863,43.580497],[-122.683144,43.580474],[-122.683392,43.58045],[-122.683522,43.580467],[-122.683659,43.580486],[-122.683726,43.580532],[-122.683769,43.580586],[-122.683834,43.580637],[-122.683874,43.580725],[-122.683911,43.580797],[-122.683941,43.58087],[-122.68397,43.581209],[-122.683997,43.581264],[-122.68404,43.581302],[-122.684085,43.581321],[-122.684116,43.581326],[-122.684177,43.581306],[-122.684274,43.581284],[-122.684378,43.581282],[-122.684489,43.581286],[-122.684849,43.581302],[-122.684907,43.581301],[-122.684954,43.581289],[-122.684993,43.581258],[-122.685158,43.581096],[-122.685182,43.581072],[-122.68531,43.580943],[-122.685312,43.580941],[-122.685484,43.580778],[-122.685703,43.58065],[-122.685853,43.580613],[-122.685996,43.580597],[-122.6865,43.580587],[-122.686582,43.58058],[-122.68664,43.580557],[-122.686701,43.580516],[-122.686727,43.580489],[-122.686753,43.580461],[-122.686786,43.580385],[-122.686822,43.580047],[-122.686843,43.579913],[-122.686909,43.579798],[-122.686982,43.57965],[-122.687008,43.579628],[-122.687077,43.579569],[-122.68724,43.579536],[-122.687332,43.579534],[-122.687501,43.579556],[-122.687594,43.579575],[-122.687695,43.579616],[-122.687803,43.57969],[-122.687868,43.579772],[-122.688056,43.579977],[-122.688162,43.5801],[-122.688231,43.580224],[-122.688255,43.580376],[-122.688268,43.580522],[-122.688271,43.580626],[-122.688315,43.580701],[-122.688326,43.580794],[-122.688376,43.580911],[-122.688424,43.581],[-122.688442,43.581241],[-122.68845,43.581295],[-122.688491,43.581351],[-122.688564,43.58141],[-122.688889,43.58156],[-122.689142,43.581667],[-122.68922,43.58169],[-122.689322,43.581699],[-122.689435,43.581703],[-122.689537,43.581723],[-122.68967,43.581781],[-122.689879,43.58192],[-122.690398,43.582128],[-122.690886,43.582317],[-122.690998,43.582368],[-122.691111,43.582376],[-122.691225,43.58238],[-122.69133,43.582385],[-122.691409,43.582412],[-122.691571,43.582463],[-122.691673,43.582507],[-122.69169,43.58259],[-122.691693,43.582665],[-122.691653,43.582733],[-122.691646,43.582745],[-122.691528,43.582806],[-122.691388,43.582856],[-122.69115,43.58288],[-122.691017,43.582883],[-122.690845,43.582868],[-122.690692,43.582854],[-122.69047,43.582887],[-122.690331,43.582918]]],[[[-122.682469,43.582909],[-122.682502,43.582909],[-122.689931,43.582944],[-122.689942,43.582944],[-122.689977,43.582922],[-122.690132,43.582862],[-122.690279,43.582815],[-122.690433,43.58278],[-122.690687,43.582743],[-122.690864,43.582759],[-122.691025,43.582773],[-122.691138,43.582771],[-122.691343,43.58275],[-122.69145,43.582712],[-122.691524,43.582673],[-122.691531,43.582661],[-122.691541,43.582644],[-122.69154,43.5826],[-122.691535,43.582575],[-122.691502,43.582561],[-122.691347,43.582512],[-122.691292,43.582493],[-122.691216,43.582489],[-122.6911,43.582486],[-122.690947,43.582475],[-122.69081,43.582412],[-122.690326,43.582224],[-122.689791,43.58201],[-122.689579,43.58187],[-122.689477,43.581825],[-122.689412,43.581812],[-122.689309,43.581808],[-122.689181,43.581798],[-122.689075,43.581765],[-122.688811,43.581654],[-122.688465,43.581494],[-122.688366,43.581414],[-122.688303,43.581328],[-122.688292,43.58125],[-122.688274,43.581024],[-122.688233,43.580947],[-122.688177,43.580815],[-122.688166,43.580728],[-122.688121,43.58065],[-122.688117,43.580527],[-122.688104,43.580386],[-122.688084,43.580251],[-122.688027,43.58015],[-122.687929,43.580037],[-122.68774,43.57983],[-122.687683,43.579759],[-122.687605,43.579705],[-122.687537,43.579677],[-122.687467,43.579663],[-122.68732,43.579644],[-122.687262,43.579645],[-122.687162,43.579665],[-122.687141,43.579683],[-122.687115,43.579706],[-122.68705,43.579837],[-122.686991,43.57994],[-122.686972,43.580058],[-122.686935,43.580405],[-122.686891,43.58051],[-122.686841,43.580562],[-122.686816,43.580589],[-122.686729,43.580647],[-122.686627,43.580687],[-122.68651,43.580696],[-122.686009,43.580706],[-122.685889,43.580719],[-122.685777,43.580747],[-122.685593,43.580855],[-122.685436,43.581004],[-122.685431,43.581008],[-122.685297,43.581143],[-122.68528,43.58116],[-122.68511,43.581328],[-122.685039,43.581383],[-122.684935,43.58141],[-122.684846,43.581412],[-122.68448,43.581395],[-122.684376,43.581391],[-122.684299,43.581393],[-122.684231,43.581409],[-122.684131,43.581441],[-122.684029,43.581424],[-122.683941,43.581387],[-122.683863,43.581319],[-122.683821,43.581231],[-122.683791,43.580889],[-122.683768,43.580832],[-122.683731,43.580761],[-122.683701,43.580694],[-122.683646,43.580652],[-122.683606,43.5806],[-122.683588,43.580588],[-122.683494,43.580575],[-122.683388,43.580561],[-122.683162,43.580583],[-122.682867,43.580607],[-122.682748,43.580602],[-122.682657,43.580574],[-122.682505,43.580573],[-122.682473,43.580573],[-122.682469,43.582877],[-122.682469,43.582909]]],[[[-122.696822,43.582839],[-122.696787,43.582915],[-122.696768,43.582975],[-122.696792,43.582975],[-122.702442,43.583],[-122.702442,43.582984],[-122.702446,43.58149],[-122.70234,43.581509],[-122.702154,43.58149],[-122.702058,43.581423],[-122.701944,43.581327],[-122.701868,43.581191],[-122.701723,43.580815],[-122.701688,43.580771],[-122.701639,43.580728],[-122.701593,43.580704],[-122.701509,43.58069],[-122.701391,43.580676],[-122.701214,43.580667],[-122.700853,43.580651],[-122.700804,43.58066],[-122.700775,43.580675],[-122.700759,43.580682],[-122.70071,43.580724],[-122.700669,43.580798],[-122.7006,43.580975],[-122.70044,43.58123],[-122.700341,43.581352],[-122.700207,43.581467],[-122.700103,43.581547],[-122.700088,43.581559],[-122.6999,43.581651],[-122.699652,43.581753],[-122.699357,43.581873],[-122.699289,43.581897],[-122.699194,43.581906],[-122.698833,43.581889],[-122.698627,43.581887],[-122.698569,43.581893],[-122.698532,43.581904],[-122.698527,43.581906],[-122.698491,43.581932],[-122.69839,43.582026],[-122.69835,43.582112],[-122.698208,43.582568],[-122.698128,43.582678],[-122.698085,43.582712],[-122.698065,43.582727],[-122.698002,43.582751],[-122.697921,43.582779],[-122.697821,43.582763],[-122.697609,43.582691],[-122.697171,43.582489],[-122.697102,43.582461],[-122.697065,43.582459],[-122.697027,43.582471],[-122.696991,43.582485],[-122.696977,43.58249],[-122.696952,43.582513],[-122.696936,43.582594],[-122.696948,43.582689],[-122.696871,43.582777],[-122.696822,43.582839]]]]}},{"type":"Feature","properties":{"MAPTAXLOT":"2315000001200","MAPNUMBER":"23150000","TAXLOT":"1200","ACCTNO":"0974988","MAPACRES":632.91450212},"geometry":{"type":"MultiPolygon","coordinates":[[[[-122.708551,43.58254],[-122.708876,43.582641],[-122.709225,43.582752],[-122.7099,43.582875],[-122.71047,43.582935],[-122.711207,43.58304],[-122.711325,43.58304],[-122.715481,43.583059],[-122.715507,43.583059],[-122.715521,43.583052],[-122.715529,43.583049],[-122.71576,43.582941],[-122.716079,43.582783],[-122.716436,43.582654],[-122.716447,43.582651],[-122.717281,43.582396],[-122.718563,43.582076],[-122.71858,43.58207],[-122.718715,43.582017],[-122.718729,43.582013],[-122.71954,43.5818],[-122.719915,43.581686],[-122.720539,43.58151],[-122.721403,43.581276],[-122.721408,43.581273],[-122.721787,43.581093],[-122.722154,43.580806],[-122.722295,43.580727],[-122.722372,43.568623],[-122.702504,43.56854],[-122.702483,43.56854],[-122.702447,43.581366],[-122.702447,43.581368],[-122.702563,43.581307],[-122.702882,43.581147],[-122.702895,43.581138],[-122.703171,43.580951],[-122.703177,43.580949],[-122.703296,43.580918],[-122.703418,43.580916],[-122.703543,43.580941],[-122.703954,43.581083],[-122.704143,43.581131],[-122.704266,43.581141],[-122.704361,43.581181],[-122.704418,43.581241],[-122.704487,43.581293],[-122.704547,43.581309],[-122.704641,43.581317],[-122.704784,43.58132],[-122.704934,43.581317],[-122.705064,43.581322],[-122.705185,43.581356],[-122.70585,43.581731],[-122.706466,43.582073],[-122.706584,43.582144],[-122.706608,43.582152],[-122.70669,43.582145],[-122.706794,43.582162],[-122.706847,43.582209],[-122.706876,43.582244],[-122.706923,43.58225],[-122.70704,43.582261],[-122.707154,43.582299],[-122.707263,43.582343],[-122.707458,43.582471],[-122.707474,43.582484],[-122.707579,43.582465],[-122.707668,43.582452],[-122.707804,43.582399],[-122.708078,43.582394],[-122.708551,43.58254]]],[[[-122.702442,43.582984],[-122.702442,43.583],[-122.702472,43.583],[-122.710375,43.583036],[-122.710251,43.583023],[-122.70987,43.582983],[-122.709176,43.582856],[-122.708816,43.582742],[-122.708492,43.58264],[-122.708049,43.582504],[-122.707843,43.582508],[-122.707719,43.582557],[-122.707612,43.582572],[-122.707421,43.582606],[-122.707351,43.582549],[-122.707175,43.582433],[-122.707085,43.582397],[-122.706997,43.582367],[-122.706901,43.582358],[-122.706782,43.582344],[-122.706723,43.582272],[-122.70671,43.582261],[-122.706682,43.582256],[-122.706583,43.582265],[-122.706504,43.582238],[-122.706371,43.582159],[-122.705758,43.581818],[-122.70511,43.581452],[-122.705032,43.58143],[-122.704932,43.581427],[-122.704784,43.58143],[-122.704629,43.581427],[-122.70451,43.581416],[-122.704402,43.581387],[-122.704301,43.581311],[-122.704256,43.581264],[-122.704217,43.581247],[-122.704109,43.581238],[-122.703897,43.581185],[-122.70349,43.581044],[-122.703399,43.581026],[-122.703324,43.581027],[-122.703258,43.581045],[-122.703251,43.581046],[-122.702989,43.581224],[-122.702976,43.581233],[-122.70265,43.581397],[-122.702485,43.581484],[-122.702475,43.581485],[-122.702446,43.58149],[-122.702442,43.582984]]],[[[-122.722256,43.580887],[-122.721885,43.581178],[-122.721476,43.581372],[-122.721471,43.581374],[-122.720592,43.581613],[-122.719971,43.581788],[-122.719595,43.581902],[-122.718792,43.582114],[-122.718777,43.582117],[-122.718639,43.582171],[-122.718624,43.582177],[-122.717335,43.582499],[-122.716512,43.58275],[-122.716499,43.582754],[-122.716155,43.582878],[-122.715843,43.583032],[-122.715783,43.58306],[-122.715791,43.58306],[-122.722281,43.583089],[-122.722281,43.583081],[-122.722295,43.580872],[-122.722295,43.580866],[-122.722256,43.580887]]]]}},{"type":"Feature","properties":{"MAPTAXLOT":"2315000001300","MAPNUMBER":"23150000","TAXLOT":"1300","ACCTNO":"0974996","MAPACRES":608.9161429},"geometry":{"type":"MultiPolygon","coordinates":[[[[-122.731851,43.582875],[-122.733853,43.582924],[-122.734275,43.582994],[-122.734599,43.58311],[-122.734626,43.583121],[-122.734682,43.583121],[-122.73722,43.583125],[-122.741707,43.583131],[-122.741707,43.583121],[-122.741391,43.579635],[-122.741389,43.579537],[-122.741326,43.576184],[-122.741322,43.575944],[-122.74134,43.574819],[-122.741374,43.572734],[-122.741378,43.572305],[-122.741389,43.570917],[-122.741402,43.569272],[-122.741408,43.568666],[-122.741405,43.568666],[-122.737344,43.568661],[-122.732357,43.568653],[-122.72238,43.568623],[-122.722372,43.568623],[-122.722295,43.580727],[-122.722322,43.580712],[-122.722426,43.580654],[-122.722439,43.580653],[-122.722627,43.580639],[-122.723018,43.580698],[-122.723396,43.580889],[-122.723967,43.581326],[-122.724183,43.58148],[-122.72454,43.581644],[-122.72483,43.581755],[-122.725383,43.581893],[-122.726886,43.582321],[-122.727785,43.582498],[-122.728316,43.582605],[-122.728731,43.582609],[-122.729108,43.582699],[-122.729572,43.582814],[-122.72991,43.582864],[-122.730206,43.582926],[-122.730699,43.582934],[-122.731145,43.582876],[-122.731851,43.582875]]],[[[-122.73224,43.583117],[-122.734285,43.58312],[-122.734259,43.583111],[-122.734224,43.583098],[-122.733833,43.583034],[-122.731849,43.582984],[-122.731158,43.582985],[-122.73071,43.583044],[-122.730183,43.583035],[-122.729874,43.58297],[-122.729533,43.58292],[-122.72906,43.582803],[-122.728706,43.582719],[-122.728294,43.582714],[-122.727745,43.582604],[-122.726839,43.582426],[-122.72533,43.581996],[-122.72477,43.581856],[-122.724464,43.581739],[-122.724088,43.581567],[-122.723859,43.581403],[-122.723297,43.580972],[-122.722957,43.580801],[-122.722619,43.58075],[-122.722497,43.580759],[-122.722484,43.58076],[-122.722295,43.580866],[-122.722295,43.580872],[-122.722281,43.583081],[-122.722281,43.583089],[-122.722311,43.583089],[-122.73224,43.583117]]]]}},{"type":"Feature","properties":{"MAPTAXLOT":"2315000001400","MAPNUMBER":"23150000","TAXLOT":"1400","ACCTNO":"0975001","MAPACRES":611.85383467},"geometry":{"type":"Polygon","coordinates":[[[-122.737344,43.568661],[-122.741405,43.568666],[-122.741408,43.568666],[-122.741406,43.568524],[-122.741361,43.565811],[-122.741374,43.565039],[-122.741418,43.562401],[-122.741434,43.561411],[-122.741448,43.558978],[-122.741469,43.557777],[-122.741513,43.555276],[-122.741533,43.554156],[-122.737357,43.554164],[-122.732373,43.554175],[-122.722408,43.554153],[-122.722399,43.554153],[-122.722373,43.568613],[-122.722372,43.568623],[-122.72238,43.568623],[-122.732357,43.568653],[-122.737344,43.568661]]]}},{"type":"Feature","properties":{"MAPTAXLOT":"2315000001500","MAPNUMBER":"23150000","TAXLOT":"1500","ACCTNO":"0975019","MAPACRES":638.8642347},"geometry":{"type":"Polygon","coordinates":[[[-122.702483,43.56854],[-122.702504,43.56854],[-122.722372,43.568623],[-122.722373,43.568613],[-122.722399,43.554153],[-122.702492,43.554074],[-122.702469,43.554074],[-122.702483,43.568515],[-122.702483,43.56854]]]}},{"type":"Feature","properties":{"MAPTAXLOT":"2315000001600","MAPNUMBER":"23150000","TAXLOT":"1600","ACCTNO":"0975027","MAPACRES":640.76748067},"geometry":{"type":"Polygon","coordinates":[[[-122.682493,43.568454],[-122.68252,43.568454],[-122.702483,43.56854],[-122.702483,43.568515],[-122.702469,43.554074],[-122.687499,43.554012],[-122.682543,43.553992],[-122.68251,43.553992],[-122.682506,43.557555],[-122.682506,43.557607],[-122.682502,43.561223],[-122.682493,43.568409],[-122.682493,43.568454]]]}},{"type":"Feature","properties":{"MAPTAXLOT":"2315000001700","MAPNUMBER":"23150000","TAXLOT":"1700","ACCTNO":"0975035","MAPACRES":399.85462435},"geometry":{"type":"Polygon","coordinates":[[[-122.662549,43.56843],[-122.66258,43.56843],[-122.682493,43.568454],[-122.682493,43.568409],[-122.682502,43.561223],[-122.682506,43.557607],[-122.672556,43.557599],[-122.672523,43.557599],[-122.672523,43.561151],[-122.672523,43.561213],[-122.662577,43.561205],[-122.662545,43.561205],[-122.662549,43.568361],[-122.662549,43.56843]]]}},{"type":"Feature","properties":{"MAPTAXLOT":"2315000001800","MAPNUMBER":"23150000","TAXLOT":"1800","ACCTNO":"0975043","MAPACRES":6121.97748926},"geometry":{"type":"Polygon","coordinates":[[[-122.642698,43.568397],[-122.642729,43.568397],[-122.662549,43.56843],[-122.662549,43.568361],[-122.662545,43.561205],[-122.662577,43.561205],[-122.672523,43.561213],[-122.672523,43.561151],[-122.672523,43.557599],[-122.672556,43.557599],[-122.682506,43.557607],[-122.682506,43.557555],[-122.68251,43.553992],[-122.682543,43.553992],[-122.687499,43.554012],[-122.687499,43.553963],[-122.687464,43.539554],[-122.687454,43.535936],[-122.687514,43.535936],[-122.702456,43.535976],[-122.702456,43.535936],[-122.702417,43.532355],[-122.702396,43.528733],[-122.702462,43.528733],[-122.707376,43.528763],[-122.707376,43.528725],[-122.707344,43.524139],[-122.703565,43.524262],[-122.702364,43.524273],[-122.693734,43.524327],[-122.692402,43.524337],[-122.683939,43.524382],[-122.683938,43.524382],[-122.682442,43.524386],[-122.673531,43.524402],[-122.672507,43.524405],[-122.663125,43.524422],[-122.662573,43.524429],[-122.65332,43.524542],[-122.652641,43.524551],[-122.643027,43.524683],[-122.642712,43.524687],[-122.632984,43.524809],[-122.632798,43.524813],[-122.622925,43.525002],[-122.622885,43.525002],[-122.622896,43.527485],[-122.622884,43.532241],[-122.622881,43.534722],[-122.622869,43.539479],[-122.622866,43.54196],[-122.622853,43.546718],[-122.62285,43.549199],[-122.622836,43.553956],[-122.62283,43.556282],[-122.62283,43.556438],[-122.622825,43.561196],[-122.622823,43.563678],[-122.622818,43.568437],[-122.622844,43.568437],[-122.642698,43.568397]],[[-122.643277,43.562385],[-122.645581,43.565781],[-122.645629,43.565852],[-122.643596,43.566578],[-122.641245,43.563111],[-122.6412,43.563127],[-122.64028,43.559073],[-122.640333,43.559054],[-122.642403,43.558314],[-122.643322,43.562368],[-122.643277,43.562385]]]}},{"type":"Feature","properties":{"MAPTAXLOT":"2315000001900","MAPNUMBER":"23150000","TAXLOT":"1900","ACCTNO":"0975068","MAPACRES":481.40616782},"geometry":{"type":"Polygon","coordinates":[[[-122.687499,43.554012],[-122.702469,43.554074],[-122.702469,43.55404],[-122.702495,43.539598],[-122.687517,43.539554],[-122.687464,43.539554],[-122.687499,43.553963],[-122.687499,43.554012]]]}},{"type":"Feature","properties":{"MAPTAXLOT":"2315000002000","MAPNUMBER":"23150000","TAXLOT":"2000","ACCTNO":"0975076","MAPACRES":638.30491257},"geometry":{"type":"Polygon","coordinates":[[[-122.702469,43.554074],[-122.702492,43.554074],[-122.722399,43.554153],[-122.722399,43.554141],[-122.722347,43.539697],[-122.707458,43.539623],[-122.702545,43.539598],[-122.702495,43.539598],[-122.702469,43.55404],[-122.702469,43.554074]]]}},{"type":"Feature","properties":{"MAPTAXLOT":"2315000002100","MAPNUMBER":"23150000","TAXLOT":"2100","ACCTNO":"0975084","MAPACRES":620.03719077},"geometry":{"type":"Polygon","coordinates":[[[-122.737357,43.554164],[-122.741533,43.554156],[-122.741558,43.551574],[-122.741558,43.551574],[-122.741594,43.550553],[-122.741674,43.5481],[-122.741713,43.546952],[-122.74179,43.544625],[-122.741817,43.543332],[-122.741861,43.541101],[-122.74189,43.539712],[-122.737285,43.539712],[-122.732306,43.539711],[-122.722369,43.539697],[-122.722347,43.539697],[-122.722399,43.554141],[-122.722399,43.554153],[-122.722408,43.554153],[-122.732373,43.554175],[-122.737357,43.554164]]]}},{"type":"Feature","properties":{"MAPTAXLOT":"2315020000100","MAPNUMBER":"23150200","TAXLOT":"100","ACCTNO":"0975126","MAPACRES":491.0644674},"geometry":{"type":"Polygon","coordinates":[[[-122.65699,43.609203],[-122.66249,43.609212],[-122.66249,43.609194],[-122.662489,43.60815],[-122.662489,43.604533],[-122.662497,43.597304],[-122.657291,43.597314],[-122.656576,43.59745],[-122.656576,43.597406],[-122.656576,43.597402],[-122.656458,43.597504],[-122.656416,43.597541],[-122.65577,43.597316],[-122.655123,43.597317],[-122.655016,43.597317],[-122.656125,43.598002],[-122.660808,43.600308],[-122.659565,43.601635],[-122.659534,43.601669],[-122.65485,43.599364],[-122.651547,43.597323],[-122.642698,43.597336],[-122.642648,43.597336],[-122.642639,43.604571],[-122.642637,43.608189],[-122.642637,43.609155],[-122.642637,43.609197],[-122.647018,43.609188],[-122.647039,43.609188],[-122.652563,43.609197],[-122.65699,43.609203]]]}},{"type":"Feature","properties":{"MAPTAXLOT":"2315020000200","MAPNUMBER":"23150200","TAXLOT":"200","ACCTNO":"0975134","MAPACRES":39.4297601},"geometry":{"type":"Polygon","coordinates":[[[-122.65485,43.599364],[-122.659534,43.601669],[-122.659565,43.601635],[-122.660808,43.600308],[-122.656125,43.598002],[-122.655016,43.597317],[-122.654055,43.596718],[-122.651399,43.595791],[-122.651397,43.59579],[-122.650542,43.596702],[-122.651478,43.59728],[-122.651547,43.597323],[-122.65485,43.599364]]]}},{"type":"Feature","properties":{"MAPTAXLOT":"2315110000077","MAPNUMBER":"23151100","TAXLOT":"77","ACCTNO":"000None","MAPACRES":5.16977906},"geometry":{"type":"MultiPolygon","coordinates":[[[[-122.662527,43.585563],[-122.662528,43.585452],[-122.66242,43.585441],[-122.661865,43.585452],[-122.661454,43.585424],[-122.661276,43.585417],[-122.66097,43.585406],[-122.660572,43.58536],[-122.660097,43.585306],[-122.659734,43.585232],[-122.659248,43.585134],[-122.659003,43.585051],[-122.658787,43.584956],[-122.658589,43.584874],[-122.658305,43.584815],[-122.657931,43.584697],[-122.657721,43.584622],[-122.657515,43.584522],[-122.657459,43.584481],[-122.657346,43.584397],[-122.657155,43.584171],[-122.656705,43.583558],[-122.656677,43.583521],[-122.656436,43.583289],[-122.656284,43.583099],[-122.656179,43.582889],[-122.655962,43.582288],[-122.655929,43.582084],[-122.655899,43.581972],[-122.655879,43.581844],[-122.655768,43.581755],[-122.655608,43.581725],[-122.655502,43.58182],[-122.655445,43.581871],[-122.65531,43.581996],[-122.655021,43.582134],[-122.654717,43.582215],[-122.654588,43.582265],[-122.654585,43.58239],[-122.654621,43.582376],[-122.654779,43.582315],[-122.655089,43.582233],[-122.655413,43.582077],[-122.655563,43.581939],[-122.655619,43.581889],[-122.655664,43.581849],[-122.655684,43.581851],[-122.655734,43.581892],[-122.655749,43.581989],[-122.65578,43.582101],[-122.655813,43.582309],[-122.656035,43.582922],[-122.656146,43.583145],[-122.65631,43.58335],[-122.65655,43.583582],[-122.656573,43.583611],[-122.657023,43.584225],[-122.657184,43.584415],[-122.657226,43.584465],[-122.657238,43.584474],[-122.657418,43.584607],[-122.657645,43.584717],[-122.657867,43.584797],[-122.658254,43.584919],[-122.658529,43.584976],[-122.65871,43.585051],[-122.658931,43.585148],[-122.659195,43.585237],[-122.659693,43.585338],[-122.660065,43.585413],[-122.660549,43.585468],[-122.660954,43.585515],[-122.661083,43.58552],[-122.661118,43.585521],[-122.661443,43.585533],[-122.66186,43.585561],[-122.662411,43.58555],[-122.662527,43.585563]]],[[[-122.653274,43.582622],[-122.65364,43.582576],[-122.65376,43.582571],[-122.653924,43.582565],[-122.653946,43.582564],[-122.654053,43.582559],[-122.654089,43.582558],[-122.654293,43.582493],[-122.654335,43.582479],[-122.654067,43.582445],[-122.654053,43.58245],[-122.654044,43.58245],[-122.653952,43.582454],[-122.653752,43.582462],[-122.653624,43.582467],[-122.653267,43.582511],[-122.653014,43.582498],[-122.652577,43.582507],[-122.650865,43.5824],[-122.650333,43.582302],[-122.649796,43.582181],[-122.649499,43.582109],[-122.64938,43.5821],[-122.649068,43.582107],[-122.64904,43.582217],[-122.649061,43.582216],[-122.649374,43.58221],[-122.649467,43.582217],[-122.649749,43.582285],[-122.650292,43.582407],[-122.65084,43.582508],[-122.652572,43.582617],[-122.65301,43.582608],[-122.653274,43.582622]]],[[[-122.662004,43.583135],[-122.662041,43.583222],[-122.662159,43.583325],[-122.662233,43.583366],[-122.66237,43.583421],[-122.662516,43.583466],[-122.66266,43.583501],[-122.66351,43.583658],[-122.663567,43.583669],[-122.663723,43.583698],[-122.66411,43.583658],[-122.663548,43.583552],[-122.662703,43.583396],[-122.66257,43.583364],[-122.662437,43.583323],[-122.662317,43.583274],[-122.662264,43.583245],[-122.662176,43.583169],[-122.662159,43.58313],[-122.662172,43.583088],[-122.662198,43.583072],[-122.66221,43.583064],[-122.662269,43.583057],[-122.66231,43.583068],[-122.662458,43.583123],[-122.66262,43.583139],[-122.663224,43.583209],[-122.663547,43.583259],[-122.663865,43.583243],[-122.664262,43.58318],[-122.664509,43.583148],[-122.664815,43.583115],[-122.664911,43.583115],[-122.664939,43.583005],[-122.664804,43.583005],[-122.664485,43.583039],[-122.664232,43.583072],[-122.663844,43.583134],[-122.663558,43.583148],[-122.663252,43.583101],[-122.662643,43.583031],[-122.662504,43.583017],[-122.66237,43.582968],[-122.662285,43.582945],[-122.662144,43.58296],[-122.662061,43.583013],[-122.662035,43.58303],[-122.662004,43.583135]]]]}},{"type":"Feature","properties":{"MAPTAXLOT":"2315110000100","MAPNUMBER":"23151100","TAXLOT":"100","ACCTNO":"0975159","MAPACRES":96.67224889},"geometry":{"type":"MultiPolygon","coordinates":[[[[-122.642703,43.594931],[-122.642655,43.594967],[-122.642648,43.597282],[-122.642648,43.597336],[-122.642698,43.597336],[-122.651547,43.597323],[-122.651478,43.59728],[-122.650542,43.596702],[-122.651397,43.59579],[-122.651316,43.595762],[-122.647811,43.593791],[-122.647535,43.594108],[-122.644993,43.593181],[-122.64483,43.593121],[-122.644567,43.593093],[-122.64497,43.593198],[-122.644993,43.593204],[-122.642703,43.594931]]],[[[-122.652741,43.594516],[-122.652746,43.594518],[-122.65661,43.595839],[-122.656609,43.595806],[-122.656649,43.595799],[-122.656654,43.595798],[-122.660518,43.595062],[-122.660461,43.595046],[-122.659257,43.594714],[-122.659271,43.594652],[-122.653912,43.59404],[-122.651562,43.59377],[-122.6514,43.593751],[-122.652741,43.594516]]],[[[-122.662528,43.585452],[-122.662528,43.5854],[-122.662532,43.583823],[-122.659292,43.584161],[-122.659267,43.584164],[-122.659195,43.584478],[-122.659182,43.584532],[-122.65949,43.584542],[-122.661555,43.585207],[-122.66158,43.585215],[-122.661349,43.585369],[-122.661276,43.585417],[-122.661454,43.585424],[-122.661865,43.585452],[-122.66242,43.585441],[-122.662528,43.585452]]],[[[-122.660961,43.588444],[-122.660911,43.588474],[-122.662514,43.590877],[-122.662514,43.590777],[-122.662521,43.587987],[-122.662031,43.587819],[-122.660961,43.588444]]],[[[-122.657475,43.597278],[-122.657291,43.597314],[-122.662497,43.597304],[-122.662497,43.597277],[-122.662499,43.596481],[-122.661619,43.596489],[-122.657475,43.597278]]],[[[-122.661011,43.585592],[-122.660949,43.585633],[-122.662526,43.586171],[-122.662526,43.586111],[-122.662527,43.585563],[-122.662411,43.58555],[-122.66186,43.585561],[-122.661443,43.585533],[-122.661118,43.585521],[-122.661011,43.585592]]],[[[-122.65483,43.584201],[-122.655789,43.584955],[-122.655811,43.584973],[-122.655792,43.584953],[-122.655545,43.584709],[-122.655568,43.584694],[-122.655603,43.584671],[-122.65607,43.584362],[-122.656028,43.584356],[-122.654966,43.584218],[-122.654829,43.584201],[-122.65483,43.584201]]],[[[-122.655016,43.597317],[-122.655123,43.597317],[-122.65577,43.597316],[-122.655664,43.597279],[-122.654304,43.596804],[-122.654055,43.596718],[-122.655016,43.597317]]],[[[-122.659694,43.587023],[-122.659145,43.586836],[-122.659136,43.586833],[-122.659108,43.586827],[-122.657403,43.58649],[-122.659694,43.587023]]]]}},{"type":"Feature","properties":{"MAPTAXLOT":"2315110000200","MAPNUMBER":"23151100","TAXLOT":"200","ACCTNO":"0975183","MAPACRES":36.72723856},"geometry":{"type":"Polygon","coordinates":[[[-122.656576,43.597402],[-122.656576,43.597406],[-122.656576,43.59745],[-122.657291,43.597314],[-122.657475,43.597278],[-122.661619,43.596489],[-122.662499,43.596481],[-122.662542,43.59648],[-122.667283,43.59644],[-122.667284,43.596414],[-122.667315,43.594796],[-122.664845,43.594818],[-122.661652,43.594846],[-122.660518,43.595062],[-122.660518,43.595062],[-122.656654,43.595798],[-122.656649,43.595799],[-122.656609,43.595806],[-122.65661,43.595839],[-122.657868,43.596278],[-122.656576,43.597402]]]}},{"type":"Feature","properties":{"MAPTAXLOT":"2315110000300","MAPNUMBER":"23151100","TAXLOT":"300","ACCTNO":"0975191","MAPACRES":21.1485326},"geometry":{"type":"Polygon","coordinates":[[[-122.655466,43.589847],[-122.65945,43.589871],[-122.662513,43.591056],[-122.662675,43.591119],[-122.662626,43.591045],[-122.662514,43.590877],[-122.660911,43.588474],[-122.660461,43.588736],[-122.659196,43.588442],[-122.659135,43.588427],[-122.656154,43.588241],[-122.656136,43.58824],[-122.655466,43.589847]]]}},{"type":"Feature","properties":{"MAPTAXLOT":"2315110000301","MAPNUMBER":"23151100","TAXLOT":"301","ACCTNO":"1136728","MAPACRES":54.25295518},"geometry":{"type":"Polygon","coordinates":[[[-122.659271,43.594652],[-122.659257,43.594714],[-122.660461,43.595046],[-122.660518,43.595062],[-122.660518,43.595062],[-122.661652,43.594846],[-122.664845,43.594818],[-122.664852,43.594787],[-122.664912,43.594515],[-122.663733,43.594189],[-122.664297,43.592688],[-122.664161,43.592668],[-122.664134,43.592664],[-122.663889,43.593345],[-122.663873,43.593388],[-122.660648,43.592166],[-122.658765,43.591903],[-122.658741,43.5919],[-122.658262,43.593181],[-122.658246,43.593225],[-122.658243,43.593224],[-122.654191,43.592762],[-122.648716,43.592141],[-122.648598,43.592127],[-122.648593,43.59215],[-122.6514,43.593751],[-122.651562,43.59377],[-122.653912,43.59404],[-122.659271,43.594652]]]}},{"type":"Feature","properties":{"MAPTAXLOT":"2315110000400","MAPNUMBER":"23151100","TAXLOT":"400","ACCTNO":"0975217","MAPACRES":40.66487632},"geometry":{"type":"Polygon","coordinates":[[[-122.659135,43.588427],[-122.659196,43.588442],[-122.660461,43.588736],[-122.660911,43.588474],[-122.660961,43.588444],[-122.662031,43.587819],[-122.662094,43.587783],[-122.662339,43.587639],[-122.662312,43.587633],[-122.659694,43.587023],[-122.659694,43.587023],[-122.657403,43.58649],[-122.655415,43.586188],[-122.65528,43.586244],[-122.654559,43.585802],[-122.654224,43.586024],[-122.652705,43.584844],[-122.651459,43.584823],[-122.651627,43.584151],[-122.651676,43.583954],[-122.651532,43.583893],[-122.650491,43.584108],[-122.649908,43.584227],[-122.649887,43.584232],[-122.649104,43.584689],[-122.649027,43.584734],[-122.65349,43.587256],[-122.655525,43.587587],[-122.658838,43.588358],[-122.659135,43.588427]],[[-122.653239,43.585682],[-122.653235,43.585711],[-122.653227,43.585764],[-122.65314,43.585782],[-122.653109,43.585789],[-122.653106,43.585809],[-122.653097,43.585871],[-122.652759,43.585844],[-122.652724,43.585853],[-122.65264,43.585692],[-122.652685,43.585606],[-122.652692,43.585607],[-122.653111,43.585641],[-122.653239,43.585682]]]}},{"type":"Feature","properties":{"MAPTAXLOT":"2315110000500","MAPNUMBER":"23151100","TAXLOT":"500","ACCTNO":"0975233","MAPACRES":34.82071262},"geometry":{"type":"MultiPolygon","coordinates":[[[[-122.655603,43.584671],[-122.655568,43.584694],[-122.655545,43.584709],[-122.655792,43.584953],[-122.655811,43.584973],[-122.657694,43.585453],[-122.657419,43.586433],[-122.657403,43.58649],[-122.659108,43.586827],[-122.659136,43.586833],[-122.659145,43.586836],[-122.659694,43.587023],[-122.659694,43.587023],[-122.662312,43.587633],[-122.662339,43.587639],[-122.662094,43.587783],[-122.662031,43.587819],[-122.662521,43.587987],[-122.66256,43.588],[-122.663961,43.588477],[-122.665773,43.587278],[-122.665756,43.587272],[-122.662526,43.586171],[-122.660949,43.585633],[-122.661011,43.585592],[-122.661118,43.585521],[-122.661083,43.58552],[-122.660954,43.585515],[-122.660549,43.585468],[-122.660065,43.585413],[-122.659693,43.585338],[-122.659195,43.585237],[-122.658931,43.585148],[-122.65871,43.585051],[-122.658529,43.584976],[-122.658254,43.584919],[-122.657867,43.584797],[-122.657645,43.584717],[-122.657418,43.584607],[-122.657238,43.584474],[-122.656963,43.584466],[-122.656965,43.584478],[-122.65607,43.584362],[-122.655603,43.584671]]],[[[-122.657515,43.584522],[-122.657721,43.584622],[-122.657931,43.584697],[-122.658305,43.584815],[-122.658589,43.584874],[-122.658787,43.584956],[-122.659003,43.585051],[-122.659248,43.585134],[-122.659734,43.585232],[-122.660097,43.585306],[-122.660572,43.58536],[-122.66097,43.585406],[-122.661276,43.585417],[-122.661349,43.585369],[-122.66158,43.585215],[-122.661555,43.585207],[-122.65949,43.584542],[-122.659182,43.584532],[-122.657591,43.584485],[-122.657459,43.584481],[-122.657515,43.584522]]]]}},{"type":"Feature","properties":{"MAPTAXLOT":"2315110000600","MAPNUMBER":"23151100","TAXLOT":"600","ACCTNO":"0975241","MAPACRES":79.26384102},"geometry":{"type":"MultiPolygon","coordinates":[[[[-122.656284,43.583099],[-122.656436,43.583289],[-122.656677,43.583521],[-122.656705,43.583558],[-122.657155,43.584171],[-122.657346,43.584397],[-122.657459,43.584481],[-122.657591,43.584485],[-122.659182,43.584532],[-122.659195,43.584478],[-122.659267,43.584164],[-122.659292,43.584161],[-122.662532,43.583823],[-122.662568,43.583819],[-122.663723,43.583698],[-122.663567,43.583669],[-122.66351,43.583658],[-122.66266,43.583501],[-122.662516,43.583466],[-122.66237,43.583421],[-122.662233,43.583366],[-122.662159,43.583325],[-122.662041,43.583222],[-122.662004,43.583135],[-122.662035,43.58303],[-122.662061,43.583013],[-122.662144,43.58296],[-122.662285,43.582945],[-122.66237,43.582968],[-122.662504,43.583017],[-122.662643,43.583031],[-122.663252,43.583101],[-122.663558,43.583148],[-122.663844,43.583134],[-122.664232,43.583072],[-122.664485,43.583039],[-122.664804,43.583005],[-122.664939,43.583005],[-122.664951,43.582956],[-122.664969,43.582881],[-122.665089,43.5824],[-122.663664,43.582098],[-122.662605,43.581874],[-122.661696,43.581563],[-122.658852,43.580588],[-122.656276,43.58088],[-122.65624,43.580884],[-122.65624,43.580913],[-122.65624,43.58098],[-122.654656,43.580782],[-122.654621,43.580777],[-122.654589,43.582216],[-122.654588,43.582265],[-122.654717,43.582215],[-122.655021,43.582134],[-122.65531,43.581996],[-122.655445,43.581871],[-122.655502,43.58182],[-122.655608,43.581725],[-122.655768,43.581755],[-122.655879,43.581844],[-122.655899,43.581972],[-122.655929,43.582084],[-122.655962,43.582288],[-122.656179,43.582889],[-122.656284,43.583099]]],[[[-122.651459,43.584823],[-122.652705,43.584844],[-122.654224,43.586024],[-122.654559,43.585802],[-122.654623,43.58576],[-122.655811,43.584973],[-122.655789,43.584955],[-122.65483,43.584201],[-122.654829,43.584201],[-122.654966,43.584218],[-122.656028,43.584356],[-122.65607,43.584362],[-122.656965,43.584478],[-122.656963,43.584466],[-122.657238,43.584474],[-122.657226,43.584465],[-122.657184,43.584415],[-122.657023,43.584225],[-122.656573,43.583611],[-122.65655,43.583582],[-122.65631,43.58335],[-122.656146,43.583145],[-122.656035,43.582922],[-122.655813,43.582309],[-122.65578,43.582101],[-122.655749,43.581989],[-122.655734,43.581892],[-122.655684,43.581851],[-122.655664,43.581849],[-122.655619,43.581889],[-122.655563,43.581939],[-122.655413,43.582077],[-122.655089,43.582233],[-122.654779,43.582315],[-122.654621,43.582376],[-122.654585,43.58239],[-122.654584,43.582443],[-122.654582,43.58251],[-122.654335,43.582479],[-122.654293,43.582493],[-122.654089,43.582558],[-122.654053,43.582559],[-122.653946,43.582564],[-122.653924,43.582565],[-122.653733,43.583334],[-122.653718,43.583396],[-122.651844,43.583364],[-122.651823,43.583364],[-122.651694,43.583881],[-122.651676,43.583954],[-122.651627,43.584151],[-122.651459,43.584823]]],[[[-122.662437,43.583323],[-122.66257,43.583364],[-122.662703,43.583396],[-122.663548,43.583552],[-122.66411,43.583658],[-122.664321,43.583636],[-122.664794,43.583586],[-122.664805,43.58354],[-122.664911,43.583115],[-122.664815,43.583115],[-122.664509,43.583148],[-122.664262,43.58318],[-122.663865,43.583243],[-122.663547,43.583259],[-122.663224,43.583209],[-122.66262,43.583139],[-122.662458,43.583123],[-122.66231,43.583068],[-122.662269,43.583057],[-122.66221,43.583064],[-122.662198,43.583072],[-122.662172,43.583088],[-122.662159,43.58313],[-122.662176,43.583169],[-122.662264,43.583245],[-122.662317,43.583274],[-122.662437,43.583323]]],[[[-122.653952,43.582454],[-122.654044,43.58245],[-122.654053,43.58245],[-122.654067,43.582445],[-122.653958,43.582431],[-122.653952,43.582454]]]]}},{"type":"Feature","properties":{"MAPTAXLOT":"2315120000200","MAPNUMBER":"23151200","TAXLOT":"200","ACCTNO":"0975274","MAPACRES":264.13812453},"geometry":{"type":"MultiPolygon","coordinates":[[[[-122.658765,43.591903],[-122.660648,43.592166],[-122.663873,43.593388],[-122.663889,43.593345],[-122.664134,43.592664],[-122.662994,43.592501],[-122.663216,43.59193],[-122.662675,43.591119],[-122.662513,43.591056],[-122.65945,43.589871],[-122.655466,43.589847],[-122.656136,43.58824],[-122.656154,43.588241],[-122.659135,43.588427],[-122.658838,43.588358],[-122.655525,43.587587],[-122.65349,43.587256],[-122.649027,43.584734],[-122.649104,43.584689],[-122.649887,43.584232],[-122.649908,43.584227],[-122.64984,43.584216],[-122.646245,43.583593],[-122.646421,43.582869],[-122.64273,43.582868],[-122.642692,43.582868],[-122.64268,43.586771],[-122.64268,43.58685],[-122.647369,43.587472],[-122.647436,43.58748],[-122.645229,43.588624],[-122.644156,43.589973],[-122.642715,43.589445],[-122.642672,43.589429],[-122.642667,43.591214],[-122.642666,43.591289],[-122.639366,43.590663],[-122.638218,43.591987],[-122.638156,43.592058],[-122.642456,43.592873],[-122.642458,43.592871],[-122.64251,43.592811],[-122.643667,43.591479],[-122.645681,43.591591],[-122.64781,43.59238],[-122.647868,43.592329],[-122.648279,43.591972],[-122.648593,43.59215],[-122.648598,43.592127],[-122.648716,43.592141],[-122.654191,43.592762],[-122.658243,43.593224],[-122.658246,43.593225],[-122.658262,43.593181],[-122.658741,43.5919],[-122.658765,43.591903]]],[[[-122.640105,43.594623],[-122.640026,43.59468],[-122.642264,43.595262],[-122.642655,43.594967],[-122.642703,43.594931],[-122.644993,43.593204],[-122.64497,43.593198],[-122.644567,43.593093],[-122.642518,43.592878],[-122.640105,43.594623]]]]}},{"type":"Feature","properties":{"MAPTAXLOT":"2315140000100","MAPNUMBER":"23151400","TAXLOT":"100","ACCTNO":"0975373","MAPACRES":426.68917358},"geometry":{"type":"MultiPolygon","coordinates":[[[[-122.662549,43.56843],[-122.642729,43.568397],[-122.642698,43.568397],[-122.642696,43.573356],[-122.642696,43.573461],[-122.646947,43.575006],[-122.646894,43.5752],[-122.646905,43.575204],[-122.650794,43.576779],[-122.650653,43.576632],[-122.647839,43.573694],[-122.647092,43.572143],[-122.647155,43.572119],[-122.649082,43.571382],[-122.649828,43.572933],[-122.653,43.576245],[-122.653042,43.576289],[-122.653322,43.576575],[-122.653339,43.576592],[-122.655879,43.577967],[-122.655897,43.577977],[-122.657827,43.579021],[-122.657843,43.57903],[-122.658659,43.578162],[-122.662538,43.579468],[-122.662538,43.5794],[-122.662549,43.56843]],[[-122.65522,43.573317],[-122.653156,43.573997],[-122.652605,43.57311],[-122.65264,43.573037],[-122.652996,43.572299],[-122.652991,43.572298],[-122.651933,43.572031],[-122.650829,43.570254],[-122.650898,43.570231],[-122.652893,43.569574],[-122.655187,43.573265],[-122.65522,43.573317]]],[[[-122.6518,43.582245],[-122.6518,43.582313],[-122.653088,43.58237],[-122.653626,43.582408],[-122.653958,43.582431],[-122.654067,43.582445],[-122.654231,43.582394],[-122.654459,43.582315],[-122.654588,43.582265],[-122.654589,43.582216],[-122.654621,43.580777],[-122.654656,43.580782],[-122.65624,43.58098],[-122.65624,43.580913],[-122.65624,43.580884],[-122.656276,43.58088],[-122.658852,43.580588],[-122.65873,43.580546],[-122.657604,43.580159],[-122.657642,43.580099],[-122.657902,43.579685],[-122.657899,43.579684],[-122.65739,43.579513],[-122.656588,43.580365],[-122.6565,43.580317],[-122.656086,43.580847],[-122.651768,43.580252],[-122.650538,43.580082],[-122.645675,43.57807],[-122.64573,43.577996],[-122.646733,43.576629],[-122.648635,43.577416],[-122.648624,43.577319],[-122.648594,43.577045],[-122.646777,43.576551],[-122.646767,43.576548],[-122.646688,43.576527],[-122.646576,43.57641],[-122.646566,43.5764],[-122.646565,43.576404],[-122.646536,43.576511],[-122.646512,43.576598],[-122.642729,43.575223],[-122.642695,43.575211],[-122.642693,43.580878],[-122.642693,43.580975],[-122.643137,43.581155],[-122.643381,43.58115],[-122.643496,43.581236],[-122.643611,43.581236],[-122.643858,43.581415],[-122.64417,43.581571],[-122.645585,43.581741],[-122.645899,43.581763],[-122.646266,43.581803],[-122.64665,43.581824],[-122.646981,43.581884],[-122.647519,43.58194],[-122.648191,43.582069],[-122.648521,43.582108],[-122.64888,43.58211],[-122.649068,43.582107],[-122.649081,43.582053],[-122.649804,43.582104],[-122.6518,43.582245]]],[[[-122.642692,43.582788],[-122.642692,43.582868],[-122.64273,43.582868],[-122.646421,43.582869],[-122.646439,43.582796],[-122.646591,43.582174],[-122.64661,43.582178],[-122.64894,43.582619],[-122.648959,43.582545],[-122.64904,43.582217],[-122.648881,43.58222],[-122.648508,43.582218],[-122.648159,43.582176],[-122.647489,43.582047],[-122.646951,43.581992],[-122.646625,43.581933],[-122.646248,43.581912],[-122.64588,43.581872],[-122.645565,43.58185],[-122.644145,43.581679],[-122.643762,43.581501],[-122.643548,43.581346],[-122.643432,43.581346],[-122.643318,43.581261],[-122.643099,43.581265],[-122.64273,43.581116],[-122.642692,43.581101],[-122.642692,43.582788]]],[[[-122.665089,43.5824],[-122.665102,43.582346],[-122.665208,43.581923],[-122.663847,43.582077],[-122.663845,43.582078],[-122.663664,43.582098],[-122.665089,43.5824]]],[[[-122.663664,43.582098],[-122.662663,43.581826],[-122.662623,43.581815],[-122.661696,43.581563],[-122.662605,43.581874],[-122.663664,43.582098]]],[[[-122.654527,43.582413],[-122.654479,43.582429],[-122.654335,43.582479],[-122.654582,43.58251],[-122.654584,43.582443],[-122.654585,43.58239],[-122.654527,43.582413]]]]}},{"type":"Feature","properties":{"MAPTAXLOT":"2315140000302","MAPNUMBER":"23151400","TAXLOT":"302","ACCTNO":"0975423","MAPACRES":39.14377562},"geometry":{"type":"Polygon","coordinates":[[[-122.665089,43.5824],[-122.665111,43.582405],[-122.665944,43.582584],[-122.665978,43.582535],[-122.666939,43.581115],[-122.663544,43.58038],[-122.663329,43.580307],[-122.663377,43.580256],[-122.663737,43.579872],[-122.663725,43.579868],[-122.662538,43.579468],[-122.658659,43.578162],[-122.657843,43.57903],[-122.657443,43.579456],[-122.65739,43.579513],[-122.657899,43.579684],[-122.657902,43.579685],[-122.657642,43.580099],[-122.657604,43.580159],[-122.65873,43.580546],[-122.658852,43.580588],[-122.661696,43.581563],[-122.662623,43.581815],[-122.662663,43.581826],[-122.663664,43.582098],[-122.663845,43.582078],[-122.663847,43.582077],[-122.665208,43.581923],[-122.665102,43.582346],[-122.665089,43.5824]]]}}]}