{"type":"FeatureCollection","features":[{"type":"Feature","properties":{"MAPTAXLOT":"1608000000300","MAPNUMBER":"16080000","TAXLOT":"300","ACCTNO":"0072494","MAPACRES":8264.85910655},"geometry":{"type":"Polygon","coordinates":[[[-123.66483,44.142027],[-123.664699,44.14569],[-123.65515,44.145615],[-123.655331,44.142064],[-123.650202,44.14196],[-123.645073,44.141856],[-123.640069,44.141711],[-123.635066,44.141566],[-123.634955,44.145214],[-123.634845,44.148863],[-123.624776,44.148752],[-123.614547,44.148638],[-123.614513,44.145118],[-123.614478,44.141597],[-123.609595,44.14148],[-123.604714,44.14136],[-123.599379,44.141158],[-123.594044,44.140955],[-123.594044,44.141339],[-123.59404,44.144509],[-123.59404,44.144519],[-123.594036,44.148063],[-123.594032,44.151617],[-123.594028,44.155171],[-123.599214,44.155354],[-123.604411,44.15554],[-123.60962,44.155649],[-123.614825,44.155742],[-123.614712,44.159348],[-123.614598,44.162954],[-123.614484,44.16656],[-123.61437,44.170166],[-123.63403,44.170308],[-123.634269,44.173789],[-123.634509,44.177273],[-123.634741,44.180752],[-123.634986,44.184214],[-123.640193,44.184351],[-123.645364,44.184486],[-123.650274,44.184321],[-123.650276,44.184321],[-123.650078,44.191149],[-123.650018,44.198275],[-123.654831,44.198241],[-123.65485,44.191173],[-123.655147,44.184156],[-123.655041,44.180633],[-123.654932,44.17712],[-123.654656,44.173683],[-123.654381,44.170246],[-123.664361,44.170354],[-123.674346,44.170463],[-123.674358,44.174079],[-123.674371,44.177695],[-123.674419,44.181079],[-123.674468,44.184462],[-123.67951,44.184372],[-123.684552,44.184281],[-123.689466,44.184257],[-123.69438,44.184233],[-123.694449,44.181803],[-123.691965,44.181814],[-123.69198,44.181003],[-123.689477,44.181014],[-123.689488,44.177736],[-123.694568,44.177749],[-123.694628,44.170623],[-123.694466,44.166964],[-123.694307,44.163321],[-123.69414,44.159662],[-123.689104,44.159786],[-123.684065,44.159911],[-123.684174,44.163456],[-123.679157,44.163522],[-123.679051,44.160031],[-123.678943,44.15654],[-123.683957,44.156366],[-123.68897,44.156192],[-123.688966,44.152578],[-123.694012,44.152416],[-123.69404,44.148814],[-123.694051,44.145262],[-123.694062,44.14171],[-123.699065,44.141606],[-123.704069,44.141503],[-123.704008,44.138066],[-123.709014,44.137985],[-123.711513,44.137945],[-123.71389,44.137906],[-123.713806,44.134801],[-123.713798,44.134517],[-123.71371,44.131268],[-123.713706,44.131126],[-123.713614,44.127736],[-123.708839,44.127754],[-123.708387,44.127756],[-123.703902,44.127773],[-123.703579,44.127774],[-123.698964,44.127792],[-123.698769,44.127793],[-123.694025,44.12781],[-123.69396,44.12781],[-123.689148,44.127837],[-123.689085,44.127838],[-123.684337,44.127864],[-123.684145,44.127865],[-123.683988,44.134665],[-123.674251,44.134568],[-123.674587,44.127931],[-123.669904,44.12796],[-123.665092,44.127989],[-123.660273,44.12802],[-123.655454,44.12805],[-123.651211,44.12797],[-123.650443,44.127955],[-123.64753,44.1279],[-123.645432,44.12786],[-123.640263,44.127758],[-123.640263,44.127758],[-123.635095,44.127656],[-123.635066,44.131202],[-123.635036,44.134748],[-123.645251,44.134927],[-123.650322,44.135016],[-123.655297,44.135103],[-123.655314,44.138584],[-123.655331,44.142064],[-123.66483,44.142027]]]}},{"type":"Feature","properties":{"MAPTAXLOT":"1608000002800","MAPNUMBER":"16080000","TAXLOT":"2800","ACCTNO":"0072643","MAPACRES":19.94992775},"geometry":{"type":"Polygon","coordinates":[[[-123.71141,44.138655],[-123.711181,44.140232],[-123.711018,44.141359],[-123.713983,44.141297],[-123.713902,44.138333],[-123.7139,44.138256],[-123.71389,44.137906],[-123.711513,44.137945],[-123.71141,44.138655]]]}},{"type":"Feature","properties":{"MAPTAXLOT":"1608000002801","MAPNUMBER":"16080000","TAXLOT":"2801","ACCTNO":"1166907","MAPACRES":54.32978986},"geometry":{"type":"Polygon","coordinates":[[[-123.709072,44.141399],[-123.711018,44.141359],[-123.711181,44.140232],[-123.71141,44.138655],[-123.711513,44.137945],[-123.709014,44.137985],[-123.704008,44.138066],[-123.704069,44.141503],[-123.709072,44.141399]]]}},{"type":"Feature","properties":{"MAPTAXLOT":"1608190000300","MAPNUMBER":"16081900","TAXLOT":"300","ACCTNO":"0072890","MAPACRES":177.49119389},"geometry":{"type":"MultiPolygon","coordinates":[[[[-123.704448,44.169134],[-123.70489,44.169556],[-123.704941,44.169603],[-123.704994,44.169647],[-123.705049,44.169692],[-123.705096,44.169733],[-123.705138,44.169777],[-123.705176,44.169823],[-123.705208,44.16987],[-123.705236,44.16992],[-123.705259,44.16997],[-123.705287,44.170043],[-123.705333,44.170152],[-123.705384,44.170259],[-123.70544,44.170365],[-123.705502,44.170469],[-123.705509,44.17048],[-123.705542,44.17054],[-123.705568,44.170601],[-123.705589,44.170663],[-123.705602,44.170726],[-123.709431,44.170653],[-123.713449,44.170581],[-123.713537,44.166985],[-123.713625,44.163389],[-123.713715,44.159782],[-123.713805,44.156176],[-123.709521,44.156142],[-123.709472,44.157313],[-123.70928,44.159221],[-123.709158,44.159308],[-123.709169,44.159755],[-123.709256,44.163374],[-123.709343,44.166981],[-123.704382,44.166975],[-123.704448,44.169134]]],[[[-123.709151,44.158998],[-123.709254,44.157948],[-123.709331,44.15614],[-123.709082,44.156138],[-123.709151,44.158998]]],[[[-123.704497,44.170747],[-123.70522,44.170733],[-123.705449,44.170729],[-123.705437,44.170677],[-123.70542,44.170625],[-123.705397,44.170574],[-123.705369,44.170525],[-123.705363,44.170514],[-123.705299,44.170406],[-123.70524,44.170296],[-123.705188,44.170185],[-123.705141,44.170073],[-123.705112,44.17],[-123.705089,44.169949],[-123.705059,44.169899],[-123.705023,44.169852],[-123.704981,44.169807],[-123.704935,44.169765],[-123.704879,44.16972],[-123.704823,44.169672],[-123.704769,44.169622],[-123.704454,44.169321],[-123.704497,44.170747]]]]}},{"type":"Feature","properties":{"MAPTAXLOT":"1608300000077","MAPNUMBER":"16083000","TAXLOT":"77","ACCTNO":"000None","MAPACRES":4.55261899},"geometry":{"type":"MultiPolygon","coordinates":[[[[-123.709059,44.145221],[-123.708997,44.145243],[-123.708923,44.145268],[-123.708826,44.145294],[-123.708745,44.145317],[-123.708677,44.145341],[-123.708605,44.14537],[-123.708552,44.145395],[-123.708486,44.145432],[-123.708422,44.145477],[-123.708362,44.145529],[-123.7083,44.14559],[-123.708244,44.145645],[-123.708201,44.145687],[-123.708158,44.14573],[-123.708119,44.145768],[-123.708081,44.145811],[-123.708063,44.145837],[-123.708033,44.145901],[-123.708024,44.145963],[-123.708019,44.146029],[-123.708023,44.146076],[-123.708022,44.146132],[-123.708011,44.146194],[-123.708001,44.146229],[-123.70798,44.146283],[-123.707957,44.146322],[-123.707941,44.146344],[-123.707909,44.146375],[-123.707872,44.146407],[-123.707819,44.146447],[-123.707781,44.146474],[-123.707748,44.146494],[-123.707671,44.146539],[-123.707641,44.146561],[-123.706847,44.147139],[-123.706875,44.147158],[-123.706983,44.147235],[-123.70701,44.147254],[-123.707804,44.146676],[-123.707805,44.146676],[-123.707825,44.146661],[-123.707895,44.14662],[-123.707934,44.146596],[-123.707981,44.146563],[-123.708042,44.146517],[-123.70809,44.146476],[-123.708134,44.146432],[-123.708164,44.146393],[-123.708196,44.146338],[-123.708223,44.146269],[-123.708237,44.146222],[-123.70825,44.146144],[-123.708252,44.146072],[-123.708248,44.146028],[-123.708252,44.145976],[-123.708257,44.145937],[-123.708275,44.1459],[-123.708281,44.145891],[-123.708307,44.145861],[-123.708342,44.145828],[-123.708386,44.145784],[-123.708428,44.145742],[-123.708484,44.145687],[-123.708542,44.14563],[-123.708589,44.14559],[-123.708637,44.145557],[-123.708686,44.145529],[-123.708723,44.145511],[-123.708783,44.145487],[-123.708837,44.145468],[-123.708908,44.145448],[-123.709012,44.14542],[-123.709097,44.145391],[-123.70916,44.145368],[-123.70916,44.145337],[-123.709216,44.145312],[-123.709302,44.145266],[-123.709402,44.145205],[-123.709482,44.145151],[-123.709551,44.145101],[-123.709593,44.145071],[-123.709645,44.145034],[-123.709702,44.144992],[-123.709753,44.144956],[-123.709789,44.144929],[-123.709878,44.144874],[-123.709921,44.144853],[-123.709977,44.14483],[-123.71001,44.144819],[-123.710059,44.144805],[-123.710105,44.144796],[-123.710148,44.144791],[-123.710218,44.144789],[-123.71028,44.144792],[-123.710341,44.144798],[-123.710441,44.144815],[-123.710505,44.14483],[-123.710585,44.144853],[-123.710666,44.14488],[-123.710758,44.14491],[-123.710864,44.144943],[-123.710977,44.144979],[-123.711126,44.145026],[-123.71125,44.145065],[-123.711368,44.145103],[-123.711507,44.145147],[-123.711639,44.145189],[-123.711766,44.145229],[-123.711895,44.145269],[-123.711982,44.145297],[-123.712096,44.145333],[-123.712211,44.145375],[-123.712304,44.145412],[-123.712396,44.145452],[-123.712501,44.145504],[-123.712589,44.145553],[-123.712672,44.145604],[-123.712763,44.145661],[-123.712853,44.145717],[-123.712975,44.145793],[-123.713093,44.145868],[-123.713186,44.145925],[-123.713258,44.14597],[-123.713313,44.146005],[-123.713397,44.146063],[-123.713458,44.146111],[-123.713552,44.146183],[-123.713672,44.146276],[-123.713772,44.146353],[-123.713845,44.146419],[-123.713939,44.146523],[-123.713939,44.146524],[-123.713942,44.14633],[-123.713941,44.14633],[-123.713887,44.146282],[-123.713783,44.146201],[-123.713664,44.146109],[-123.71357,44.146036],[-123.713505,44.145986],[-123.713416,44.145924],[-123.713358,44.145888],[-123.713286,44.145843],[-123.713193,44.145785],[-123.713075,44.14571],[-123.712953,44.145635],[-123.712863,44.145578],[-123.712772,44.145521],[-123.712686,44.145468],[-123.71259,44.145415],[-123.712478,44.14536],[-123.71238,44.145317],[-123.712283,44.145278],[-123.712161,44.145234],[-123.712044,44.145197],[-123.711956,44.145169],[-123.711828,44.145128],[-123.711701,44.145088],[-123.711568,44.145046],[-123.71143,44.145002],[-123.711311,44.144965],[-123.711187,44.144925],[-123.711039,44.144878],[-123.710925,44.144843],[-123.710819,44.144809],[-123.710729,44.14478],[-123.710646,44.144752],[-123.710558,44.144727],[-123.710482,44.144709],[-123.710368,44.14469],[-123.710297,44.144683],[-123.71022,44.144679],[-123.710132,44.144682],[-123.710072,44.144689],[-123.710011,44.144701],[-123.70995,44.144718],[-123.709907,44.144733],[-123.709841,44.144759],[-123.709785,44.144787],[-123.709685,44.144849],[-123.709645,44.144878],[-123.709594,44.144915],[-123.709537,44.144956],[-123.709485,44.144993],[-123.709443,44.145024],[-123.709376,44.145072],[-123.709301,44.145123],[-123.709208,44.14518],[-123.709162,44.145204],[-123.709162,44.14517],[-123.709109,44.145198],[-123.709059,44.145221]]],[[[-123.711249,44.154657],[-123.711148,44.154638],[-123.711046,44.154625],[-123.710943,44.154616],[-123.710839,44.154613],[-123.710735,44.154615],[-123.710632,44.154623],[-123.710529,44.154635],[-123.710428,44.154653],[-123.710329,44.154676],[-123.710233,44.154704],[-123.710139,44.154736],[-123.710049,44.154774],[-123.709963,44.154815],[-123.709881,44.154861],[-123.709804,44.154911],[-123.709731,44.154965],[-123.709665,44.155022],[-123.709604,44.155083],[-123.709549,44.155146],[-123.7095,44.155212],[-123.709458,44.155281],[-123.709422,44.155351],[-123.709394,44.155423],[-123.709373,44.155496],[-123.709359,44.155571],[-123.709352,44.155645],[-123.709331,44.15614],[-123.709521,44.156142],[-123.709542,44.155649],[-123.709549,44.155579],[-123.709563,44.155509],[-123.709585,44.15544],[-123.709613,44.155373],[-123.709649,44.155307],[-123.709692,44.155243],[-123.709741,44.155182],[-123.709796,44.155124],[-123.709858,44.155069],[-123.709925,44.155018],[-123.709997,44.15497],[-123.710075,44.154926],[-123.710156,44.154887],[-123.710242,44.154853],[-123.710331,44.154823],[-123.710422,44.154798],[-123.710517,44.154778],[-123.710612,44.154764],[-123.71071,44.154754],[-123.710808,44.15475],[-123.710906,44.154752],[-123.711003,44.154759],[-123.7111,44.154771],[-123.711195,44.154788],[-123.71219,44.155],[-123.712346,44.155035],[-123.7125,44.155075],[-123.712652,44.155119],[-123.712801,44.155167],[-123.712948,44.155219],[-123.713092,44.155275],[-123.713233,44.155336],[-123.71337,44.155399],[-123.713504,44.155467],[-123.713812,44.155629],[-123.713815,44.155461],[-123.713815,44.15546],[-123.713617,44.155356],[-123.713557,44.155326],[-123.713542,44.155318],[-123.713537,44.155315],[-123.713527,44.15531],[-123.713497,44.155296],[-123.713466,44.155281],[-123.713458,44.155277],[-123.713447,44.155272],[-123.713436,44.155266],[-123.713347,44.155225],[-123.713257,44.155186],[-123.713186,44.155156],[-123.713027,44.155094],[-123.712864,44.155037],[-123.712698,44.154984],[-123.712624,44.154963],[-123.712623,44.154962],[-123.712487,44.154925],[-123.712461,44.154919],[-123.712453,44.154917],[-123.712441,44.154914],[-123.71243,44.154911],[-123.712418,44.154908],[-123.712383,44.1549],[-123.712349,44.154892],[-123.712337,44.154889],[-123.712331,44.154888],[-123.712314,44.154884],[-123.712244,44.154868],[-123.711249,44.154657]]]]}},{"type":"Feature","properties":{"MAPTAXLOT":"1608300000101","MAPNUMBER":"16083000","TAXLOT":"101","ACCTNO":"1176534","MAPACRES":137.15070117},"geometry":{"type":"MultiPolygon","coordinates":[[[[-123.706847,44.147139],[-123.707641,44.146561],[-123.707671,44.146539],[-123.707748,44.146494],[-123.707781,44.146474],[-123.707819,44.146447],[-123.707872,44.146407],[-123.707909,44.146375],[-123.707941,44.146344],[-123.707957,44.146322],[-123.70798,44.146283],[-123.708001,44.146229],[-123.708011,44.146194],[-123.708022,44.146132],[-123.708023,44.146076],[-123.708019,44.146029],[-123.708024,44.145963],[-123.708033,44.145901],[-123.708063,44.145837],[-123.708081,44.145811],[-123.708119,44.145768],[-123.708158,44.14573],[-123.708201,44.145687],[-123.708244,44.145645],[-123.7083,44.14559],[-123.708362,44.145529],[-123.708422,44.145477],[-123.708486,44.145432],[-123.708552,44.145395],[-123.708605,44.14537],[-123.708677,44.145341],[-123.708745,44.145317],[-123.708826,44.145294],[-123.708923,44.145268],[-123.708997,44.145243],[-123.709059,44.145221],[-123.709109,44.145198],[-123.709162,44.14517],[-123.709162,44.145204],[-123.709208,44.14518],[-123.709301,44.145123],[-123.709376,44.145072],[-123.709443,44.145024],[-123.709485,44.144993],[-123.709537,44.144956],[-123.709594,44.144915],[-123.709645,44.144878],[-123.709685,44.144849],[-123.709785,44.144787],[-123.709841,44.144759],[-123.709907,44.144733],[-123.70995,44.144718],[-123.710011,44.144701],[-123.710072,44.144689],[-123.710132,44.144682],[-123.71022,44.144679],[-123.710297,44.144683],[-123.710368,44.14469],[-123.710482,44.144709],[-123.710558,44.144727],[-123.710646,44.144752],[-123.710729,44.14478],[-123.710819,44.144809],[-123.710925,44.144843],[-123.711039,44.144878],[-123.711187,44.144925],[-123.711311,44.144965],[-123.71143,44.145002],[-123.711568,44.145046],[-123.711701,44.145088],[-123.711828,44.145128],[-123.711956,44.145169],[-123.712044,44.145197],[-123.712161,44.145234],[-123.712283,44.145278],[-123.71238,44.145317],[-123.712478,44.14536],[-123.71259,44.145415],[-123.712686,44.145468],[-123.712772,44.145521],[-123.712863,44.145578],[-123.712953,44.145635],[-123.713075,44.14571],[-123.713193,44.145785],[-123.713286,44.145843],[-123.713358,44.145888],[-123.713416,44.145924],[-123.713505,44.145986],[-123.71357,44.146036],[-123.713664,44.146109],[-123.713783,44.146201],[-123.713887,44.146282],[-123.713941,44.14633],[-123.713942,44.14633],[-123.713953,44.14544],[-123.713958,44.145016],[-123.713973,44.143838],[-123.713998,44.141865],[-123.713983,44.141297],[-123.711018,44.141359],[-123.709072,44.141399],[-123.704069,44.141503],[-123.704039,44.14514],[-123.706847,44.147139]]],[[[-123.710148,44.144791],[-123.710105,44.144796],[-123.710059,44.144805],[-123.71001,44.144819],[-123.709977,44.14483],[-123.709921,44.144853],[-123.709878,44.144874],[-123.709789,44.144929],[-123.709753,44.144956],[-123.709702,44.144992],[-123.709645,44.145034],[-123.709593,44.145071],[-123.709551,44.145101],[-123.709482,44.145151],[-123.709402,44.145205],[-123.709302,44.145266],[-123.709216,44.145312],[-123.70916,44.145337],[-123.70916,44.145368],[-123.709097,44.145391],[-123.709012,44.14542],[-123.708908,44.145448],[-123.708837,44.145468],[-123.708783,44.145487],[-123.708723,44.145511],[-123.708686,44.145529],[-123.708637,44.145557],[-123.708589,44.14559],[-123.708542,44.14563],[-123.708484,44.145687],[-123.708428,44.145742],[-123.708386,44.145784],[-123.708342,44.145828],[-123.708307,44.145861],[-123.708281,44.145891],[-123.708275,44.1459],[-123.708257,44.145937],[-123.708252,44.145976],[-123.708248,44.146028],[-123.708252,44.146072],[-123.70825,44.146144],[-123.708237,44.146222],[-123.708223,44.146269],[-123.708196,44.146338],[-123.708164,44.146393],[-123.708134,44.146432],[-123.70809,44.146476],[-123.708042,44.146517],[-123.707981,44.146563],[-123.707934,44.146596],[-123.707895,44.14662],[-123.707825,44.146661],[-123.707805,44.146676],[-123.707804,44.146676],[-123.70701,44.147254],[-123.709119,44.148756],[-123.713911,44.148736],[-123.713935,44.146875],[-123.713938,44.146668],[-123.713939,44.146524],[-123.713939,44.146523],[-123.713845,44.146419],[-123.713772,44.146353],[-123.713672,44.146276],[-123.713552,44.146183],[-123.713458,44.146111],[-123.713397,44.146063],[-123.713313,44.146005],[-123.713258,44.14597],[-123.713186,44.145925],[-123.713093,44.145868],[-123.712975,44.145793],[-123.712853,44.145717],[-123.712763,44.145661],[-123.712672,44.145604],[-123.712589,44.145553],[-123.712501,44.145504],[-123.712396,44.145452],[-123.712304,44.145412],[-123.712211,44.145375],[-123.712096,44.145333],[-123.711982,44.145297],[-123.711895,44.145269],[-123.711766,44.145229],[-123.711639,44.145189],[-123.711507,44.145147],[-123.711368,44.145103],[-123.71125,44.145065],[-123.711126,44.145026],[-123.710977,44.144979],[-123.710864,44.144943],[-123.710758,44.14491],[-123.710666,44.14488],[-123.710585,44.144853],[-123.710505,44.14483],[-123.710441,44.144815],[-123.710341,44.144798],[-123.71028,44.144792],[-123.710218,44.144789],[-123.710148,44.144791]]]]}},{"type":"Feature","properties":{"MAPTAXLOT":"1608300000300","MAPNUMBER":"16083000","TAXLOT":"300","ACCTNO":"0072981","MAPACRES":10.49186623},"geometry":{"type":"Polygon","coordinates":[[[-123.709521,44.156142],[-123.713805,44.156176],[-123.713811,44.155751],[-123.713812,44.155629],[-123.713504,44.155467],[-123.71337,44.155399],[-123.713233,44.155336],[-123.713092,44.155275],[-123.712948,44.155219],[-123.712801,44.155167],[-123.712652,44.155119],[-123.7125,44.155075],[-123.712346,44.155035],[-123.71219,44.155],[-123.711195,44.154788],[-123.7111,44.154771],[-123.711003,44.154759],[-123.710906,44.154752],[-123.710808,44.15475],[-123.71071,44.154754],[-123.710612,44.154764],[-123.710517,44.154778],[-123.710422,44.154798],[-123.710331,44.154823],[-123.710242,44.154853],[-123.710156,44.154887],[-123.710075,44.154926],[-123.709997,44.15497],[-123.709925,44.155018],[-123.709858,44.155069],[-123.709796,44.155124],[-123.709741,44.155182],[-123.709692,44.155243],[-123.709649,44.155307],[-123.709613,44.155373],[-123.709585,44.15544],[-123.709563,44.155509],[-123.709549,44.155579],[-123.709542,44.155649],[-123.709521,44.156142]]]}},{"type":"Feature","properties":{"MAPTAXLOT":"1608300000301","MAPNUMBER":"16083000","TAXLOT":"301","ACCTNO":"1176658","MAPACRES":26.24045516},"geometry":{"type":"Polygon","coordinates":[[[-123.709082,44.156138],[-123.709331,44.15614],[-123.709352,44.155645],[-123.709359,44.155571],[-123.709373,44.155496],[-123.709394,44.155423],[-123.709422,44.155351],[-123.709458,44.155281],[-123.7095,44.155212],[-123.709549,44.155146],[-123.709604,44.155083],[-123.709665,44.155022],[-123.709731,44.154965],[-123.709804,44.154911],[-123.709881,44.154861],[-123.709963,44.154815],[-123.710049,44.154774],[-123.710139,44.154736],[-123.710233,44.154704],[-123.710329,44.154676],[-123.710428,44.154653],[-123.710529,44.154635],[-123.710632,44.154623],[-123.710735,44.154615],[-123.710839,44.154613],[-123.710943,44.154616],[-123.711046,44.154625],[-123.711148,44.154638],[-123.711249,44.154657],[-123.712244,44.154868],[-123.712314,44.154884],[-123.712331,44.154888],[-123.712337,44.154889],[-123.712349,44.154892],[-123.712383,44.1549],[-123.712418,44.154908],[-123.71243,44.154911],[-123.712441,44.154914],[-123.712453,44.154917],[-123.712461,44.154919],[-123.712487,44.154925],[-123.712623,44.154962],[-123.712624,44.154963],[-123.712698,44.154984],[-123.712864,44.155037],[-123.713027,44.155094],[-123.713186,44.155156],[-123.713257,44.155186],[-123.713347,44.155225],[-123.713436,44.155266],[-123.713447,44.155272],[-123.713458,44.155277],[-123.713466,44.155281],[-123.713497,44.155296],[-123.713527,44.15531],[-123.713537,44.155315],[-123.713542,44.155318],[-123.713557,44.155326],[-123.713617,44.155356],[-123.713815,44.15546],[-123.713815,44.155461],[-123.713816,44.155414],[-123.71384,44.153734],[-123.713856,44.152595],[-123.713858,44.152456],[-123.713858,44.152456],[-123.713857,44.152456],[-123.709106,44.152448],[-123.709082,44.156138]]]}},{"type":"Feature","properties":{"MAPTAXLOT":"1608300000400","MAPNUMBER":"16083000","TAXLOT":"400","ACCTNO":"0072999","MAPACRES":38.85512031},"geometry":{"type":"Polygon","coordinates":[[[-123.709106,44.152448],[-123.713857,44.152456],[-123.713858,44.152456],[-123.713858,44.152456],[-123.713858,44.152456],[-123.713908,44.149015],[-123.713911,44.148736],[-123.709119,44.148756],[-123.709106,44.152448]]]}},{"type":"Feature","properties":{"MAPTAXLOT":"1609000000077","MAPNUMBER":"16090000","TAXLOT":"77","ACCTNO":"000None","MAPACRES":12.96303769},"geometry":{"type":"MultiPolygon","coordinates":[[[[-123.750218,44.160804],[-123.750152,44.161032],[-123.750152,44.161033],[-123.750144,44.161058],[-123.750133,44.161094],[-123.750113,44.161152],[-123.750092,44.161201],[-123.750075,44.161233],[-123.750052,44.161275],[-123.750043,44.161287],[-123.750008,44.161334],[-123.749979,44.161373],[-123.749948,44.161411],[-123.74992,44.161445],[-123.749888,44.161483],[-123.749859,44.161517],[-123.749839,44.161541],[-123.749806,44.161577],[-123.749773,44.161613],[-123.749724,44.161664],[-123.749657,44.161732],[-123.749601,44.16179],[-123.749565,44.161832],[-123.749524,44.161888],[-123.749507,44.161913],[-123.749485,44.161952],[-123.749467,44.161986],[-123.749452,44.162015],[-123.749439,44.162043],[-123.749422,44.162084],[-123.749405,44.162129],[-123.749391,44.162172],[-123.749381,44.162205],[-123.749374,44.162233],[-123.749366,44.162265],[-123.749356,44.162308],[-123.749342,44.162381],[-123.749333,44.16245],[-123.749325,44.162516],[-123.74932,44.162589],[-123.74932,44.162639],[-123.749322,44.162693],[-123.749325,44.162742],[-123.749332,44.162789],[-123.749341,44.162828],[-123.749352,44.162871],[-123.749375,44.162935],[-123.749405,44.163005],[-123.749427,44.163051],[-123.749456,44.163107],[-123.749484,44.163153],[-123.749515,44.163201],[-123.749546,44.163245],[-123.749576,44.163285],[-123.749613,44.16333],[-123.749653,44.163376],[-123.749689,44.163415],[-123.749727,44.163454],[-123.74975,44.163477],[-123.749779,44.163503],[-123.749807,44.163528],[-123.749851,44.163568],[-123.749889,44.163597],[-123.749922,44.163622],[-123.74996,44.16365],[-123.75,44.16368],[-123.75005,44.163717],[-123.750103,44.163756],[-123.750167,44.163801],[-123.750218,44.16384],[-123.750259,44.163874],[-123.750294,44.163906],[-123.750316,44.163926],[-123.750365,44.163976],[-123.75038,44.163994],[-123.75042,44.164039],[-123.750448,44.164072],[-123.750469,44.164097],[-123.750496,44.164128],[-123.750531,44.164168],[-123.750569,44.164213],[-123.750603,44.164252],[-123.750636,44.16429],[-123.750665,44.164324],[-123.750666,44.164325],[-123.750899,44.164327],[-123.750949,44.164327],[-123.750947,44.164326],[-123.750947,44.164325],[-123.750907,44.164288],[-123.750897,44.164277],[-123.750874,44.164253],[-123.750829,44.164203],[-123.750797,44.164165],[-123.750764,44.164126],[-123.750725,44.164081],[-123.75069,44.164041],[-123.750664,44.164011],[-123.750643,44.163985],[-123.750614,44.163952],[-123.750574,44.163906],[-123.750555,44.163885],[-123.750501,44.163829],[-123.750474,44.163804],[-123.750434,44.163768],[-123.750387,44.163729],[-123.75033,44.163686],[-123.750264,44.16364],[-123.750214,44.163602],[-123.750164,44.163565],[-123.750125,44.163536],[-123.750087,44.163507],[-123.750055,44.163484],[-123.750025,44.16346],[-123.749985,44.163425],[-123.749959,44.163401],[-123.749933,44.163378],[-123.749914,44.163358],[-123.749877,44.163321],[-123.749845,44.163286],[-123.749808,44.163244],[-123.749775,44.163204],[-123.749748,44.163169],[-123.749721,44.16313],[-123.749693,44.163086],[-123.749669,44.163045],[-123.749642,44.162995],[-123.749622,44.162953],[-123.749595,44.162891],[-123.749576,44.162836],[-123.749567,44.162799],[-123.749559,44.162766],[-123.749553,44.162729],[-123.74955,44.162686],[-123.749548,44.162638],[-123.749549,44.162594],[-123.749553,44.162528],[-123.749561,44.162465],[-123.74957,44.1624],[-123.749582,44.162332],[-123.749591,44.162293],[-123.749599,44.162263],[-123.749606,44.162237],[-123.749614,44.162207],[-123.749626,44.16217],[-123.749642,44.162129],[-123.749657,44.162093],[-123.749668,44.16207],[-123.749681,44.162043],[-123.749698,44.162012],[-123.749715,44.16198],[-123.749727,44.161964],[-123.749764,44.161914],[-123.749793,44.16188],[-123.749844,44.161827],[-123.749911,44.161759],[-123.749962,44.161706],[-123.749997,44.161668],[-123.750033,44.161628],[-123.750054,44.161603],[-123.750083,44.16157],[-123.750116,44.16153],[-123.750146,44.161494],[-123.750178,44.161454],[-123.750209,44.161413],[-123.750248,44.161361],[-123.750261,44.16134],[-123.750288,44.161293],[-123.750308,44.161254],[-123.750334,44.161197],[-123.750355,44.161131],[-123.750367,44.161094],[-123.750376,44.161067],[-123.750441,44.160838],[-123.750464,44.160761],[-123.750495,44.160776],[-123.750607,44.160812],[-123.750648,44.16082],[-123.750697,44.160828],[-123.750752,44.160833],[-123.750799,44.160831],[-123.75086,44.160827],[-123.750903,44.160822],[-123.750966,44.160811],[-123.751016,44.1608],[-123.751075,44.160784],[-123.751125,44.160768],[-123.751161,44.160755],[-123.751209,44.160734],[-123.751257,44.160711],[-123.751291,44.160691],[-123.75133,44.160669],[-123.751359,44.160652],[-123.751408,44.160623],[-123.751444,44.160602],[-123.751498,44.160571],[-123.751547,44.160542],[-123.751592,44.160516],[-123.751651,44.160485],[-123.751694,44.160465],[-123.751722,44.160452],[-123.751759,44.160437],[-123.751778,44.16043],[-123.751805,44.16042],[-123.751849,44.160406],[-123.751894,44.160395],[-123.751942,44.160384],[-123.751991,44.160375],[-123.752059,44.160363],[-123.752059,44.160363],[-123.752171,44.160343],[-123.75226,44.160327],[-123.752407,44.160301],[-123.752506,44.160283],[-123.752642,44.160259],[-123.75277,44.160236],[-123.752879,44.160217],[-123.752977,44.160199],[-123.753053,44.160186],[-123.753151,44.160168],[-123.753232,44.160154],[-123.75329,44.160146],[-123.753342,44.160138],[-123.753445,44.160126],[-123.753519,44.160118],[-123.753622,44.160108],[-123.753718,44.160098],[-123.753832,44.160087],[-123.753885,44.160081],[-123.753968,44.160072],[-123.754021,44.160065],[-123.754092,44.160055],[-123.754173,44.160042],[-123.754262,44.160025],[-123.754341,44.160009],[-123.75441,44.159994],[-123.754479,44.159979],[-123.754578,44.159957],[-123.754654,44.159941],[-123.754711,44.159928],[-123.754785,44.159912],[-123.754834,44.159902],[-123.754888,44.15989],[-123.754957,44.159875],[-123.755024,44.159862],[-123.755094,44.15985],[-123.75515,44.159841],[-123.755214,44.159833],[-123.755282,44.159828],[-123.755346,44.159825],[-123.755413,44.159826],[-123.755489,44.159829],[-123.75553,44.159832],[-123.75558,44.159837],[-123.755665,44.159849],[-123.755697,44.159855],[-123.755765,44.159867],[-123.75586,44.159884],[-123.755917,44.159894],[-123.755982,44.159906],[-123.756037,44.159916],[-123.756094,44.159927],[-123.756135,44.159933],[-123.756187,44.15994],[-123.756218,44.159944],[-123.756267,44.159951],[-123.75634,44.159959],[-123.756401,44.159966],[-123.756475,44.159974],[-123.756557,44.15998],[-123.756633,44.159984],[-123.756731,44.159987],[-123.756805,44.159987],[-123.756931,44.159982],[-123.756989,44.159979],[-123.757092,44.159975],[-123.75716,44.159973],[-123.75724,44.159974],[-123.757348,44.15998],[-123.757432,44.159988],[-123.757518,44.159999],[-123.75756,44.160005],[-123.757615,44.160015],[-123.757664,44.160024],[-123.757739,44.16004],[-123.757815,44.160055],[-123.757885,44.16007],[-123.757953,44.160084],[-123.758021,44.160099],[-123.758148,44.160118],[-123.758195,44.160121],[-123.758289,44.160123],[-123.758384,44.16012],[-123.758454,44.160114],[-123.758521,44.160107],[-123.758596,44.160095],[-123.758658,44.160083],[-123.758708,44.160072],[-123.758768,44.160056],[-123.758844,44.160033],[-123.758892,44.160017],[-123.758974,44.159984],[-123.759022,44.159964],[-123.759066,44.159946],[-123.759138,44.159916],[-123.759213,44.159886],[-123.759251,44.15987],[-123.759331,44.159837],[-123.759375,44.159817],[-123.759437,44.159786],[-123.759486,44.15976],[-123.759535,44.15973],[-123.75957,44.159707],[-123.759607,44.159682],[-123.759637,44.15966],[-123.759678,44.15963],[-123.759713,44.159605],[-123.759779,44.159556],[-123.759834,44.159517],[-123.759883,44.15948],[-123.759939,44.15944],[-123.759971,44.159416],[-123.760014,44.159385],[-123.760084,44.159334],[-123.760125,44.159305],[-123.760189,44.159258],[-123.760256,44.15921],[-123.760315,44.159166],[-123.760374,44.159123],[-123.76044,44.159076],[-123.760499,44.159034],[-123.760562,44.158992],[-123.760627,44.158949],[-123.760702,44.1589],[-123.760763,44.15886],[-123.760799,44.158836],[-123.760845,44.158805],[-123.760874,44.158786],[-123.760897,44.15877],[-123.760928,44.158748],[-123.760984,44.158709],[-123.761025,44.158678],[-123.761086,44.158632],[-123.76113,44.158598],[-123.761168,44.158567],[-123.761221,44.158523],[-123.761266,44.158486],[-123.761313,44.158447],[-123.761369,44.158401],[-123.761427,44.158353],[-123.761476,44.158313],[-123.761523,44.158275],[-123.76157,44.158236],[-123.761635,44.158182],[-123.761672,44.158151],[-123.761702,44.158126],[-123.761724,44.158106],[-123.761763,44.15807],[-123.761785,44.158048],[-123.761825,44.15801],[-123.761853,44.157982],[-123.761892,44.157942],[-123.761916,44.157918],[-123.761624,44.157928],[-123.761602,44.15795],[-123.761581,44.15797],[-123.761545,44.158003],[-123.761526,44.15802],[-123.761497,44.158045],[-123.761461,44.158075],[-123.761398,44.158128],[-123.761351,44.158166],[-123.761304,44.158205],[-123.761255,44.158245],[-123.761197,44.158293],[-123.761142,44.158338],[-123.761094,44.158377],[-123.761048,44.158415],[-123.760997,44.158458],[-123.76096,44.158487],[-123.760919,44.15852],[-123.76086,44.158564],[-123.760822,44.158592],[-123.760768,44.158631],[-123.760738,44.158652],[-123.760718,44.158666],[-123.76069,44.158685],[-123.760645,44.158714],[-123.760608,44.158738],[-123.760547,44.158779],[-123.760473,44.158828],[-123.760407,44.158871],[-123.760341,44.158915],[-123.76028,44.158958],[-123.760212,44.159007],[-123.760152,44.159051],[-123.760093,44.159094],[-123.760026,44.159142],[-123.759962,44.159189],[-123.759922,44.159218],[-123.759851,44.15927],[-123.759809,44.1593],[-123.759776,44.159325],[-123.759721,44.159365],[-123.759671,44.159401],[-123.759616,44.159441],[-123.75955,44.159489],[-123.759515,44.159514],[-123.759474,44.159545],[-123.759446,44.159565],[-123.759415,44.159586],[-123.759385,44.159606],[-123.759343,44.159631],[-123.759303,44.159653],[-123.759249,44.15968],[-123.759214,44.159696],[-123.759137,44.159727],[-123.759099,44.159743],[-123.759025,44.159774],[-123.758953,44.159803],[-123.758909,44.159821],[-123.758862,44.159841],[-123.758788,44.15987],[-123.758751,44.159883],[-123.758685,44.159903],[-123.758636,44.159916],[-123.758594,44.159925],[-123.758542,44.159935],[-123.758479,44.159945],[-123.758423,44.159951],[-123.758367,44.159955],[-123.758288,44.159958],[-123.758208,44.159956],[-123.75818,44.159955],[-123.758078,44.15994],[-123.758018,44.159926],[-123.757947,44.159911],[-123.757878,44.159897],[-123.757802,44.159881],[-123.757726,44.159866],[-123.757672,44.159855],[-123.75761,44.159845],[-123.757561,44.159837],[-123.757466,44.159825],[-123.757371,44.159817],[-123.75725,44.15981],[-123.757158,44.159809],[-123.757081,44.15981],[-123.756975,44.159815],[-123.756918,44.159818],[-123.756799,44.159822],[-123.756735,44.159822],[-123.756646,44.15982],[-123.756578,44.159816],[-123.756504,44.15981],[-123.756434,44.159803],[-123.756375,44.159797],[-123.756306,44.159789],[-123.756259,44.159782],[-123.756231,44.159779],[-123.756181,44.159771],[-123.756145,44.159766],[-123.756093,44.159757],[-123.756038,44.159747],[-123.755973,44.159735],[-123.755917,44.159725],[-123.755821,44.159707],[-123.755752,44.159695],[-123.755714,44.159688],[-123.755618,44.159675],[-123.755558,44.159669],[-123.755508,44.159665],[-123.75542,44.159661],[-123.755341,44.159661],[-123.755263,44.159663],[-123.755181,44.15967],[-123.755105,44.15968],[-123.755043,44.15969],[-123.754968,44.159703],[-123.754895,44.159716],[-123.754822,44.159732],[-123.754768,44.159744],[-123.754719,44.159755],[-123.754644,44.159771],[-123.754588,44.159783],[-123.754511,44.1598],[-123.754412,44.159822],[-123.754344,44.159837],[-123.754277,44.159851],[-123.754202,44.159867],[-123.754119,44.159882],[-123.754045,44.159894],[-123.753979,44.159904],[-123.75393,44.15991],[-123.753852,44.159918],[-123.753801,44.159924],[-123.753686,44.159935],[-123.75359,44.159945],[-123.753488,44.159955],[-123.75341,44.159963],[-123.753301,44.159977],[-123.753245,44.159984],[-123.753183,44.159993],[-123.753097,44.160008],[-123.752997,44.160026],[-123.752922,44.16004],[-123.752824,44.160057],[-123.752715,44.160076],[-123.752587,44.160099],[-123.752451,44.160124],[-123.752352,44.160141],[-123.752205,44.160167],[-123.752205,44.160167],[-123.752205,44.160167],[-123.752116,44.160183],[-123.752004,44.160203],[-123.751936,44.160215],[-123.75188,44.160226],[-123.751821,44.160239],[-123.751765,44.160253],[-123.75171,44.160271],[-123.751674,44.160283],[-123.751649,44.160293],[-123.751604,44.160311],[-123.751571,44.160326],[-123.751521,44.16035],[-123.751454,44.160385],[-123.751404,44.160413],[-123.751354,44.160443],[-123.7513,44.160474],[-123.751264,44.160495],[-123.751214,44.160525],[-123.751186,44.160541],[-123.75115,44.160562],[-123.751122,44.160578],[-123.751086,44.160595],[-123.75105,44.160611],[-123.751024,44.16062],[-123.750988,44.160632],[-123.750943,44.160644],[-123.750907,44.160652],[-123.750859,44.16066],[-123.75083,44.160663],[-123.750782,44.160667],[-123.750761,44.160668],[-123.750735,44.160665],[-123.750703,44.16066],[-123.750685,44.160657],[-123.750605,44.160631],[-123.750585,44.160621],[-123.750563,44.160608],[-123.75054,44.16059],[-123.750514,44.160565],[-123.750496,44.160543],[-123.750485,44.16053],[-123.750476,44.160518],[-123.750463,44.160501],[-123.750451,44.160481],[-123.750425,44.160426],[-123.750413,44.160403],[-123.750388,44.160354],[-123.750369,44.160317],[-123.750347,44.160274],[-123.75032,44.160221],[-123.750303,44.160188],[-123.750271,44.160124],[-123.750251,44.160085],[-123.750233,44.16005],[-123.75021,44.160006],[-123.750182,44.159951],[-123.750145,44.159885],[-123.750123,44.159846],[-123.7501,44.159805],[-123.750086,44.159782],[-123.750053,44.159725],[-123.750034,44.159693],[-123.749996,44.159626],[-123.749968,44.159577],[-123.749933,44.159517],[-123.749915,44.159485],[-123.749891,44.159443],[-123.749877,44.159419],[-123.749849,44.159376],[-123.749821,44.159334],[-123.749784,44.15928],[-123.74976,44.159245],[-123.74973,44.159205],[-123.749684,44.159148],[-123.749665,44.159124],[-123.749611,44.159064],[-123.74959,44.159041],[-123.749544,44.158992],[-123.749516,44.158964],[-123.749481,44.15893],[-123.749462,44.158912],[-123.749446,44.158896],[-123.74942,44.158873],[-123.7494,44.158855],[-123.749361,44.158821],[-123.749329,44.158794],[-123.74929,44.158762],[-123.74925,44.158731],[-123.7492,44.158694],[-123.749162,44.158666],[-123.749117,44.158633],[-123.749057,44.158591],[-123.748984,44.158542],[-123.748939,44.158512],[-123.748862,44.158463],[-123.748799,44.158422],[-123.748732,44.158379],[-123.748687,44.15835],[-123.748676,44.158343],[-123.748621,44.158308],[-123.748587,44.158286],[-123.748557,44.158265],[-123.748502,44.158227],[-123.748468,44.158202],[-123.748426,44.15817],[-123.748383,44.158135],[-123.748355,44.158113],[-123.748313,44.158077],[-123.748249,44.15802],[-123.748196,44.157969],[-123.748143,44.157917],[-123.748106,44.157879],[-123.748064,44.157835],[-123.748039,44.157809],[-123.748005,44.157775],[-123.747966,44.157734],[-123.747933,44.157701],[-123.74787,44.157635],[-123.747813,44.157577],[-123.747758,44.157521],[-123.747713,44.157472],[-123.747682,44.157436],[-123.74763,44.157371],[-123.747586,44.157309],[-123.747552,44.157256],[-123.747538,44.157232],[-123.747508,44.157177],[-123.747486,44.157135],[-123.747458,44.157078],[-123.747432,44.157019],[-123.747416,44.156975],[-123.747391,44.156913],[-123.74736,44.156831],[-123.747342,44.156783],[-123.747317,44.156716],[-123.747302,44.156678],[-123.747292,44.156651],[-123.74728,44.156615],[-123.74727,44.156581],[-123.747261,44.156542],[-123.747253,44.156496],[-123.747247,44.156451],[-123.747246,44.156418],[-123.747244,44.15636],[-123.747246,44.15632],[-123.74725,44.156284],[-123.747262,44.156232],[-123.747275,44.156195],[-123.747277,44.156189],[-123.747042,44.156188],[-123.747038,44.156199],[-123.747023,44.156264],[-123.747018,44.156311],[-123.747016,44.156359],[-123.747017,44.156423],[-123.747019,44.156462],[-123.747026,44.156514],[-123.747035,44.156566],[-123.747046,44.156612],[-123.747057,44.156651],[-123.74707,44.156691],[-123.747082,44.156722],[-123.747096,44.15676],[-123.747122,44.156826],[-123.74714,44.156874],[-123.747171,44.156956],[-123.747195,44.157019],[-123.747212,44.157065],[-123.747241,44.15713],[-123.747271,44.157192],[-123.747295,44.157237],[-123.747327,44.157295],[-123.747344,44.157323],[-123.74738,44.157381],[-123.747429,44.157449],[-123.747486,44.15752],[-123.74752,44.157561],[-123.74757,44.157614],[-123.747626,44.157671],[-123.747682,44.157729],[-123.747746,44.157795],[-123.747778,44.157828],[-123.747817,44.157869],[-123.747851,44.157903],[-123.747876,44.157929],[-123.747918,44.157973],[-123.747956,44.158012],[-123.748012,44.158067],[-123.748069,44.158121],[-123.748137,44.158182],[-123.748181,44.15822],[-123.748212,44.158245],[-123.748258,44.158282],[-123.748304,44.158317],[-123.748341,44.158344],[-123.748399,44.158384],[-123.748432,44.158407],[-123.748469,44.158431],[-123.748525,44.158466],[-123.748535,44.158473],[-123.74858,44.158502],[-123.748647,44.158545],[-123.74871,44.158585],[-123.748785,44.158634],[-123.748829,44.158663],[-123.748899,44.15871],[-123.748956,44.158749],[-123.749,44.158782],[-123.749037,44.158809],[-123.749083,44.158843],[-123.74912,44.158873],[-123.749157,44.158902],[-123.749185,44.158926],[-123.749222,44.158958],[-123.74924,44.158975],[-123.749266,44.158998],[-123.74928,44.159011],[-123.749298,44.159028],[-123.749331,44.15906],[-123.749356,44.159086],[-123.7494,44.159133],[-123.74942,44.159154],[-123.74947,44.15921],[-123.749487,44.159231],[-123.749529,44.159284],[-123.749557,44.159321],[-123.74958,44.159354],[-123.749615,44.159406],[-123.749642,44.159446],[-123.749668,44.159487],[-123.749681,44.159507],[-123.749703,44.159548],[-123.749723,44.15958],[-123.749757,44.15964],[-123.749784,44.159688],[-123.749824,44.159757],[-123.749843,44.159789],[-123.749875,44.159846],[-123.749889,44.159868],[-123.749912,44.159909],[-123.749933,44.159947],[-123.749969,44.160011],[-123.749996,44.160063],[-123.750018,44.160107],[-123.750036,44.160143],[-123.750057,44.160181],[-123.750088,44.160244],[-123.750105,44.160277],[-123.750132,44.16033],[-123.750155,44.160375],[-123.750174,44.160411],[-123.750198,44.16046],[-123.75021,44.160482],[-123.750237,44.160541],[-123.750257,44.160573],[-123.750275,44.160597],[-123.750277,44.1606],[-123.750218,44.160804]]],[[[-123.754749,44.128334],[-123.754735,44.128369],[-123.754721,44.128404],[-123.754706,44.128438],[-123.75469,44.128473],[-123.754674,44.128507],[-123.754656,44.12854],[-123.754638,44.128574],[-123.754619,44.128607],[-123.754599,44.12864],[-123.754578,44.128673],[-123.754557,44.128706],[-123.754534,44.128738],[-123.754511,44.12877],[-123.754488,44.128802],[-123.754463,44.128833],[-123.754438,44.128864],[-123.754411,44.128895],[-123.754385,44.128926],[-123.754357,44.128956],[-123.754329,44.128986],[-123.7543,44.129015],[-123.75427,44.129044],[-123.75424,44.129073],[-123.754208,44.129101],[-123.754177,44.129129],[-123.754144,44.129156],[-123.754111,44.129183],[-123.754077,44.12921],[-123.754043,44.129236],[-123.754008,44.129262],[-123.753972,44.129287],[-123.753936,44.129312],[-123.753899,44.129336],[-123.753861,44.12936],[-123.753823,44.129384],[-123.753785,44.129407],[-123.753746,44.129429],[-123.753706,44.129451],[-123.753666,44.129473],[-123.753625,44.129494],[-123.753584,44.129514],[-123.753542,44.129534],[-123.7535,44.129554],[-123.753457,44.129573],[-123.753414,44.129591],[-123.753302,44.129712],[-123.752507,44.129999],[-123.752506,44.130274],[-123.753439,44.129908],[-123.753595,44.129816],[-123.753912,44.129614],[-123.753955,44.12959],[-123.753998,44.129565],[-123.754041,44.129539],[-123.754082,44.129513],[-123.754123,44.129486],[-123.754164,44.129459],[-123.754204,44.129431],[-123.754243,44.129403],[-123.754281,44.129374],[-123.754319,44.129345],[-123.754356,44.129315],[-123.754392,44.129285],[-123.754428,44.129254],[-123.754463,44.129223],[-123.754497,44.129192],[-123.75453,44.12916],[-123.754562,44.129128],[-123.754594,44.129095],[-123.754625,44.129062],[-123.754655,44.129028],[-123.754684,44.128994],[-123.754713,44.12896],[-123.754741,44.128926],[-123.754767,44.128891],[-123.754793,44.128855],[-123.754818,44.12882],[-123.754843,44.128784],[-123.754866,44.128748],[-123.755064,44.128576],[-123.755082,44.128537],[-123.755099,44.128498],[-123.755116,44.128458],[-123.755131,44.128419],[-123.755146,44.128379],[-123.755159,44.128339],[-123.755164,44.128323],[-123.754928,44.128322],[-123.754753,44.128321],[-123.754749,44.128334]]],[[[-123.742389,44.145902],[-123.742422,44.145914],[-123.742458,44.145927],[-123.742508,44.145945],[-123.742582,44.145972],[-123.742625,44.145987],[-123.74267,44.146002],[-123.742714,44.146018],[-123.742754,44.146032],[-123.742781,44.146041],[-123.742816,44.146053],[-123.742858,44.146067],[-123.742885,44.146077],[-123.742903,44.146083],[-123.742917,44.146088],[-123.742928,44.146092],[-123.742947,44.146099],[-123.742964,44.146105],[-123.742979,44.146111],[-123.742995,44.146118],[-123.743021,44.14613],[-123.743041,44.146139],[-123.743057,44.146148],[-123.743074,44.146157],[-123.743093,44.146169],[-123.743117,44.146184],[-123.743136,44.146197],[-123.743153,44.146209],[-123.743172,44.146223],[-123.743188,44.146235],[-123.743208,44.146252],[-123.743225,44.146267],[-123.743228,44.14627],[-123.74346,44.14627],[-123.743453,44.146262],[-123.74343,44.146237],[-123.743411,44.146217],[-123.743393,44.146199],[-123.743374,44.146182],[-123.743355,44.146164],[-123.74333,44.146144],[-123.743309,44.146128],[-123.743288,44.146112],[-123.743269,44.146098],[-123.743245,44.146082],[-123.743218,44.146065],[-123.743218,44.146065],[-123.743194,44.14605],[-123.74317,44.146037],[-123.743149,44.146026],[-123.743125,44.146015],[-123.743095,44.146001],[-123.743075,44.145993],[-123.743054,44.145984],[-123.743035,44.145977],[-123.743013,44.145969],[-123.742997,44.145963],[-123.742983,44.145959],[-123.742968,44.145954],[-123.742941,44.145944],[-123.742899,44.14593],[-123.742864,44.145917],[-123.742837,44.145908],[-123.742797,44.145894],[-123.742753,44.145879],[-123.742708,44.145863],[-123.742666,44.145849],[-123.742594,44.145822],[-123.742544,44.145804],[-123.742508,44.145791],[-123.742462,44.145774],[-123.742429,44.145762],[-123.742394,44.145749],[-123.742389,44.145902]]],[[[-123.74545,44.149901],[-123.745453,44.14991],[-123.745459,44.149932],[-123.745466,44.149954],[-123.745469,44.149962],[-123.745477,44.149984],[-123.745483,44.149998],[-123.745493,44.150023],[-123.745499,44.150036],[-123.745507,44.150052],[-123.745515,44.150069],[-123.745522,44.150084],[-123.745527,44.150091],[-123.745533,44.150103],[-123.745544,44.150121],[-123.745552,44.150134],[-123.74557,44.150162],[-123.745588,44.150188],[-123.745608,44.150212],[-123.745634,44.150242],[-123.745652,44.150263],[-123.745672,44.150287],[-123.745683,44.150301],[-123.745704,44.150326],[-123.745717,44.150341],[-123.74573,44.150358],[-123.74575,44.150381],[-123.745757,44.15039],[-123.74577,44.150406],[-123.74579,44.150429],[-123.74582,44.150465],[-123.745841,44.150489],[-123.745856,44.150507],[-123.745871,44.150525],[-123.745883,44.15054],[-123.745907,44.150568],[-123.745923,44.150588],[-123.745931,44.150332],[-123.745922,44.150321],[-123.745915,44.150312],[-123.745894,44.150287],[-123.74588,44.150271],[-123.745867,44.150255],[-123.745847,44.150231],[-123.745836,44.150218],[-123.745815,44.150193],[-123.745796,44.15017],[-123.745771,44.15014],[-123.745755,44.150122],[-123.745741,44.150102],[-123.745725,44.150076],[-123.745718,44.150067],[-123.74571,44.150052],[-123.745702,44.150036],[-123.745698,44.150031],[-123.745695,44.150024],[-123.745686,44.150006],[-123.745679,44.149992],[-123.745675,44.149982],[-123.745665,44.149959],[-123.745661,44.149947],[-123.745653,44.149925],[-123.74565,44.149919],[-123.745645,44.149904],[-123.745643,44.149894],[-123.745448,44.149894],[-123.74545,44.149901]]],[[[-123.714674,44.15655],[-123.714742,44.156605],[-123.714773,44.156625],[-123.714808,44.156645],[-123.714877,44.156681],[-123.714948,44.156709],[-123.715029,44.156735],[-123.715099,44.156752],[-123.715181,44.156766],[-123.715234,44.156771],[-123.715298,44.156773],[-123.715361,44.156773],[-123.715442,44.156767],[-123.715504,44.156759],[-123.715596,44.156742],[-123.715667,44.156723],[-123.715724,44.156704],[-123.715794,44.156679],[-123.715862,44.15665],[-123.71592,44.15662],[-123.715973,44.156592],[-123.716034,44.156557],[-123.716099,44.156514],[-123.716149,44.156478],[-123.716208,44.156436],[-123.71625,44.156405],[-123.716286,44.156379],[-123.716316,44.156359],[-123.716331,44.15635],[-123.716351,44.156339],[-123.716378,44.156324],[-123.716423,44.156304],[-123.716464,44.156288],[-123.715907,44.156264],[-123.715879,44.156285],[-123.715837,44.156315],[-123.715786,44.156348],[-123.71574,44.156375],[-123.715698,44.156398],[-123.715655,44.156419],[-123.71561,44.156438],[-123.715561,44.156456],[-123.715522,44.156469],[-123.715481,44.15648],[-123.715423,44.156491],[-123.71539,44.156495],[-123.715338,44.156499],[-123.715306,44.156499],[-123.715271,44.156497],[-123.715248,44.156495],[-123.715201,44.156488],[-123.715167,44.156479],[-123.715119,44.156464],[-123.715081,44.156449],[-123.715038,44.156427],[-123.715021,44.156416],[-123.715012,44.156411],[-123.714971,44.156378],[-123.714949,44.156356],[-123.714934,44.156337],[-123.714902,44.156285],[-123.714887,44.156257],[-123.714867,44.15622],[-123.714442,44.156202],[-123.714469,44.156243],[-123.714474,44.156252],[-123.714509,44.156315],[-123.714533,44.156358],[-123.71455,44.15639],[-123.714593,44.15646],[-123.714627,44.156503],[-123.714674,44.15655]]]]}},{"type":"Feature","properties":{"MAPTAXLOT":"1609000000100","MAPNUMBER":"16090000","TAXLOT":"100","ACCTNO":"0073278","MAPACRES":10671.48714851},"geometry":{"type":"MultiPolygon","coordinates":[[[[-123.753908,44.191876],[-123.753966,44.188275],[-123.753958,44.185128],[-123.754462,44.185129],[-123.756866,44.185117],[-123.758998,44.185109],[-123.761674,44.185094],[-123.764039,44.185081],[-123.766471,44.185068],[-123.768297,44.185055],[-123.766448,44.184193],[-123.766471,44.183959],[-123.766473,44.183865],[-123.76643,44.183137],[-123.771253,44.185036],[-123.772598,44.185054],[-123.774097,44.185076],[-123.774098,44.186158],[-123.774123,44.186176],[-123.777837,44.188914],[-123.777002,44.188914],[-123.776838,44.188914],[-123.774753,44.188906],[-123.774116,44.188436],[-123.774101,44.188425],[-123.774106,44.191777],[-123.774157,44.199091],[-123.764028,44.199082],[-123.7539,44.199071],[-123.753869,44.202664],[-123.753838,44.206257],[-123.743886,44.206336],[-123.743965,44.202732],[-123.73896,44.202767],[-123.73896,44.202767],[-123.73891,44.206375],[-123.736408,44.206395],[-123.736402,44.208202],[-123.735154,44.208215],[-123.735152,44.210025],[-123.735145,44.215346],[-123.735145,44.215367],[-123.735415,44.215367],[-123.738859,44.215284],[-123.740486,44.215245],[-123.743809,44.215165],[-123.745556,44.215123],[-123.74876,44.215086],[-123.750522,44.215066],[-123.753711,44.215029],[-123.755488,44.215009],[-123.758804,44.214988],[-123.760589,44.214972],[-123.763912,44.214951],[-123.765691,44.214936],[-123.769021,44.214915],[-123.770793,44.2149],[-123.774129,44.214879],[-123.774161,44.211694],[-123.77417,44.209915],[-123.774185,44.206354],[-123.779225,44.206352],[-123.779216,44.199122],[-123.784275,44.199152],[-123.794261,44.199123],[-123.799206,44.199141],[-123.799225,44.191879],[-123.80419,44.191929],[-123.804225,44.185364],[-123.804874,44.185373],[-123.80498,44.171251],[-123.809709,44.17132],[-123.814572,44.171361],[-123.814891,44.164209],[-123.810068,44.164155],[-123.805308,44.164148],[-123.805636,44.157044],[-123.805633,44.144404],[-123.795855,44.144269],[-123.795825,44.142357],[-123.79584,44.140639],[-123.790934,44.140552],[-123.786092,44.140523],[-123.786257,44.131908],[-123.791032,44.131931],[-123.791092,44.1284],[-123.786229,44.128388],[-123.781366,44.128376],[-123.776503,44.128365],[-123.77164,44.128353],[-123.766868,44.128349],[-123.762097,44.128345],[-123.762096,44.128413],[-123.762065,44.131849],[-123.771617,44.131834],[-123.771594,44.135314],[-123.75726,44.135446],[-123.757282,44.131885],[-123.757279,44.131885],[-123.7525,44.131902],[-123.752486,44.13549],[-123.752413,44.142677],[-123.74742,44.142658],[-123.742534,44.142639],[-123.742394,44.145749],[-123.742429,44.145762],[-123.742462,44.145774],[-123.742508,44.145791],[-123.742544,44.145804],[-123.742594,44.145822],[-123.742666,44.145849],[-123.742708,44.145863],[-123.742753,44.145879],[-123.742797,44.145894],[-123.742837,44.145908],[-123.742864,44.145917],[-123.742899,44.14593],[-123.742941,44.145944],[-123.742968,44.145954],[-123.742983,44.145959],[-123.742997,44.145963],[-123.743013,44.145969],[-123.743035,44.145977],[-123.743054,44.145984],[-123.743075,44.145993],[-123.743095,44.146001],[-123.743125,44.146015],[-123.743149,44.146026],[-123.74317,44.146037],[-123.743194,44.14605],[-123.743218,44.146065],[-123.743218,44.146065],[-123.743245,44.146082],[-123.743269,44.146098],[-123.743288,44.146112],[-123.743309,44.146128],[-123.74333,44.146144],[-123.743355,44.146164],[-123.743374,44.146182],[-123.743393,44.146199],[-123.743411,44.146217],[-123.74343,44.146237],[-123.743453,44.146262],[-123.74346,44.14627],[-123.747293,44.146282],[-123.747167,44.149898],[-123.747138,44.150796],[-123.74836,44.1508],[-123.748331,44.151699],[-123.749551,44.151704],[-123.750772,44.151708],[-123.750711,44.15351],[-123.75065,44.155312],[-123.749432,44.155305],[-123.748215,44.155297],[-123.748186,44.156196],[-123.747277,44.156189],[-123.747275,44.156195],[-123.747262,44.156232],[-123.74725,44.156284],[-123.747246,44.15632],[-123.747244,44.15636],[-123.747246,44.156418],[-123.747247,44.156451],[-123.747253,44.156496],[-123.747261,44.156542],[-123.74727,44.156581],[-123.74728,44.156615],[-123.747292,44.156651],[-123.747302,44.156678],[-123.747317,44.156716],[-123.747342,44.156783],[-123.74736,44.156831],[-123.747391,44.156913],[-123.747416,44.156975],[-123.747432,44.157019],[-123.747458,44.157078],[-123.747486,44.157135],[-123.747508,44.157177],[-123.747538,44.157232],[-123.747552,44.157256],[-123.747586,44.157309],[-123.74763,44.157371],[-123.747682,44.157436],[-123.747713,44.157472],[-123.747758,44.157521],[-123.747813,44.157577],[-123.74787,44.157635],[-123.747933,44.157701],[-123.747966,44.157734],[-123.748005,44.157775],[-123.748039,44.157809],[-123.748064,44.157835],[-123.748106,44.157879],[-123.748143,44.157917],[-123.748196,44.157969],[-123.748249,44.15802],[-123.748313,44.158077],[-123.748355,44.158113],[-123.748383,44.158135],[-123.748426,44.15817],[-123.748468,44.158202],[-123.748502,44.158227],[-123.748557,44.158265],[-123.748587,44.158286],[-123.748621,44.158308],[-123.748676,44.158343],[-123.748687,44.15835],[-123.748732,44.158379],[-123.748799,44.158422],[-123.748862,44.158463],[-123.748939,44.158512],[-123.748984,44.158542],[-123.749057,44.158591],[-123.749117,44.158633],[-123.749162,44.158666],[-123.7492,44.158694],[-123.74925,44.158731],[-123.74929,44.158762],[-123.749329,44.158794],[-123.749361,44.158821],[-123.7494,44.158855],[-123.74942,44.158873],[-123.749446,44.158896],[-123.749462,44.158912],[-123.749481,44.15893],[-123.749516,44.158964],[-123.749544,44.158992],[-123.74959,44.159041],[-123.749611,44.159064],[-123.749665,44.159124],[-123.749684,44.159148],[-123.74973,44.159205],[-123.74976,44.159245],[-123.749784,44.15928],[-123.749821,44.159334],[-123.749849,44.159376],[-123.749877,44.159419],[-123.749891,44.159443],[-123.749915,44.159485],[-123.749933,44.159517],[-123.749968,44.159577],[-123.749996,44.159626],[-123.750034,44.159693],[-123.750053,44.159725],[-123.750086,44.159782],[-123.7501,44.159805],[-123.750123,44.159846],[-123.750145,44.159885],[-123.750182,44.159951],[-123.75021,44.160006],[-123.750233,44.16005],[-123.750251,44.160085],[-123.750271,44.160124],[-123.750303,44.160188],[-123.75032,44.160221],[-123.750347,44.160274],[-123.750369,44.160317],[-123.750388,44.160354],[-123.750413,44.160403],[-123.750425,44.160426],[-123.750451,44.160481],[-123.750463,44.160501],[-123.750476,44.160518],[-123.750485,44.16053],[-123.750496,44.160543],[-123.750514,44.160565],[-123.75054,44.16059],[-123.750563,44.160608],[-123.750585,44.160621],[-123.750605,44.160631],[-123.750685,44.160657],[-123.750703,44.16066],[-123.750735,44.160665],[-123.750761,44.160668],[-123.750782,44.160667],[-123.75083,44.160663],[-123.750859,44.16066],[-123.750907,44.160652],[-123.750943,44.160644],[-123.750988,44.160632],[-123.751024,44.16062],[-123.75105,44.160611],[-123.751086,44.160595],[-123.751122,44.160578],[-123.75115,44.160562],[-123.751186,44.160541],[-123.751214,44.160525],[-123.751264,44.160495],[-123.7513,44.160474],[-123.751354,44.160443],[-123.751404,44.160413],[-123.751454,44.160385],[-123.751521,44.16035],[-123.751571,44.160326],[-123.751604,44.160311],[-123.751649,44.160293],[-123.751674,44.160283],[-123.75171,44.160271],[-123.751765,44.160253],[-123.751821,44.160239],[-123.75188,44.160226],[-123.751936,44.160215],[-123.752004,44.160203],[-123.752116,44.160183],[-123.752205,44.160167],[-123.752205,44.160167],[-123.752205,44.160167],[-123.752352,44.160141],[-123.752451,44.160124],[-123.752587,44.160099],[-123.752715,44.160076],[-123.752824,44.160057],[-123.752922,44.16004],[-123.752997,44.160026],[-123.753097,44.160008],[-123.753183,44.159993],[-123.753245,44.159984],[-123.753301,44.159977],[-123.75341,44.159963],[-123.753488,44.159955],[-123.75359,44.159945],[-123.753686,44.159935],[-123.753801,44.159924],[-123.753852,44.159918],[-123.75393,44.15991],[-123.753979,44.159904],[-123.754045,44.159894],[-123.754119,44.159882],[-123.754202,44.159867],[-123.754277,44.159851],[-123.754344,44.159837],[-123.754412,44.159822],[-123.754511,44.1598],[-123.754588,44.159783],[-123.754644,44.159771],[-123.754719,44.159755],[-123.754768,44.159744],[-123.754822,44.159732],[-123.754895,44.159716],[-123.754968,44.159703],[-123.755043,44.15969],[-123.755105,44.15968],[-123.755181,44.15967],[-123.755263,44.159663],[-123.755341,44.159661],[-123.75542,44.159661],[-123.755508,44.159665],[-123.755558,44.159669],[-123.755618,44.159675],[-123.755714,44.159688],[-123.755752,44.159695],[-123.755821,44.159707],[-123.755917,44.159725],[-123.755973,44.159735],[-123.756038,44.159747],[-123.756093,44.159757],[-123.756145,44.159766],[-123.756181,44.159771],[-123.756231,44.159779],[-123.756259,44.159782],[-123.756306,44.159789],[-123.756375,44.159797],[-123.756434,44.159803],[-123.756504,44.15981],[-123.756578,44.159816],[-123.756646,44.15982],[-123.756735,44.159822],[-123.756799,44.159822],[-123.756918,44.159818],[-123.756975,44.159815],[-123.757081,44.15981],[-123.757158,44.159809],[-123.75725,44.15981],[-123.757371,44.159817],[-123.757466,44.159825],[-123.757561,44.159837],[-123.75761,44.159845],[-123.757672,44.159855],[-123.757726,44.159866],[-123.757802,44.159881],[-123.757878,44.159897],[-123.757947,44.159911],[-123.758018,44.159926],[-123.758078,44.15994],[-123.75818,44.159955],[-123.758208,44.159956],[-123.758288,44.159958],[-123.758367,44.159955],[-123.758423,44.159951],[-123.758479,44.159945],[-123.758542,44.159935],[-123.758594,44.159925],[-123.758636,44.159916],[-123.758685,44.159903],[-123.758751,44.159883],[-123.758788,44.15987],[-123.758862,44.159841],[-123.758909,44.159821],[-123.758953,44.159803],[-123.759025,44.159774],[-123.759099,44.159743],[-123.759137,44.159727],[-123.759214,44.159696],[-123.759249,44.15968],[-123.759303,44.159653],[-123.759343,44.159631],[-123.759385,44.159606],[-123.759415,44.159586],[-123.759446,44.159565],[-123.759474,44.159545],[-123.759515,44.159514],[-123.75955,44.159489],[-123.759616,44.159441],[-123.759671,44.159401],[-123.759721,44.159365],[-123.759776,44.159325],[-123.759809,44.1593],[-123.759851,44.15927],[-123.759922,44.159218],[-123.759962,44.159189],[-123.760026,44.159142],[-123.760093,44.159094],[-123.760152,44.159051],[-123.760212,44.159007],[-123.76028,44.158958],[-123.760341,44.158915],[-123.760407,44.158871],[-123.760473,44.158828],[-123.760547,44.158779],[-123.760608,44.158738],[-123.760645,44.158714],[-123.76069,44.158685],[-123.760718,44.158666],[-123.760738,44.158652],[-123.760768,44.158631],[-123.760822,44.158592],[-123.76086,44.158564],[-123.760919,44.15852],[-123.76096,44.158487],[-123.760997,44.158458],[-123.761048,44.158415],[-123.761094,44.158377],[-123.761142,44.158338],[-123.761197,44.158293],[-123.761255,44.158245],[-123.761304,44.158205],[-123.761351,44.158166],[-123.761398,44.158128],[-123.761461,44.158075],[-123.761497,44.158045],[-123.761526,44.15802],[-123.761545,44.158003],[-123.761581,44.15797],[-123.761602,44.15795],[-123.761624,44.157928],[-123.76158,44.157063],[-123.762773,44.156996],[-123.762795,44.156071],[-123.76404,44.156004],[-123.76406,44.155082],[-123.765303,44.15502],[-123.765286,44.155938],[-123.766531,44.155872],[-123.769021,44.155739],[-123.769012,44.156643],[-123.771563,44.156499],[-123.781538,44.157188],[-123.791268,44.157209],[-123.790849,44.169397],[-123.791865,44.169639],[-123.795099,44.172244],[-123.79554,44.173915],[-123.795399,44.173975],[-123.79529,44.17402],[-123.79451,44.174353],[-123.792693,44.172998],[-123.790853,44.17043],[-123.790814,44.170424],[-123.790792,44.171043],[-123.781271,44.170829],[-123.78111,44.17794],[-123.771503,44.177836],[-123.771861,44.170911],[-123.771713,44.163693],[-123.7716,44.158297],[-123.769062,44.158426],[-123.769037,44.157535],[-123.766548,44.157669],[-123.761916,44.157918],[-123.761892,44.157942],[-123.761853,44.157982],[-123.761825,44.15801],[-123.761785,44.158048],[-123.761763,44.15807],[-123.761724,44.158106],[-123.761702,44.158126],[-123.761672,44.158151],[-123.761635,44.158182],[-123.76157,44.158236],[-123.761523,44.158275],[-123.761476,44.158313],[-123.761427,44.158353],[-123.761369,44.158401],[-123.761313,44.158447],[-123.761266,44.158486],[-123.761221,44.158523],[-123.761168,44.158567],[-123.76113,44.158598],[-123.761086,44.158632],[-123.761025,44.158678],[-123.760984,44.158709],[-123.760928,44.158748],[-123.760897,44.15877],[-123.760874,44.158786],[-123.760845,44.158805],[-123.760799,44.158836],[-123.760763,44.15886],[-123.760702,44.1589],[-123.760627,44.158949],[-123.760562,44.158992],[-123.760499,44.159034],[-123.76044,44.159076],[-123.760374,44.159123],[-123.760315,44.159166],[-123.760256,44.15921],[-123.760189,44.159258],[-123.760125,44.159305],[-123.760084,44.159334],[-123.760014,44.159385],[-123.759971,44.159416],[-123.759939,44.15944],[-123.759883,44.15948],[-123.759834,44.159517],[-123.759779,44.159556],[-123.759713,44.159605],[-123.759678,44.15963],[-123.759637,44.15966],[-123.759607,44.159682],[-123.75957,44.159707],[-123.759535,44.15973],[-123.759486,44.15976],[-123.759437,44.159786],[-123.759375,44.159817],[-123.759331,44.159837],[-123.759251,44.15987],[-123.759213,44.159886],[-123.759138,44.159916],[-123.759066,44.159946],[-123.759022,44.159964],[-123.758974,44.159984],[-123.758892,44.160017],[-123.758844,44.160033],[-123.758768,44.160056],[-123.758708,44.160072],[-123.758658,44.160083],[-123.758596,44.160095],[-123.758521,44.160107],[-123.758454,44.160114],[-123.758384,44.16012],[-123.758289,44.160123],[-123.758195,44.160121],[-123.758148,44.160118],[-123.758021,44.160099],[-123.757953,44.160084],[-123.757885,44.16007],[-123.757815,44.160055],[-123.757739,44.16004],[-123.757664,44.160024],[-123.757615,44.160015],[-123.75756,44.160005],[-123.757518,44.159999],[-123.757432,44.159988],[-123.757348,44.15998],[-123.75724,44.159974],[-123.75716,44.159973],[-123.757092,44.159975],[-123.756989,44.159979],[-123.756931,44.159982],[-123.756805,44.159987],[-123.756731,44.159987],[-123.756633,44.159984],[-123.756557,44.15998],[-123.756475,44.159974],[-123.756401,44.159966],[-123.75634,44.159959],[-123.756267,44.159951],[-123.756218,44.159944],[-123.756187,44.15994],[-123.756135,44.159933],[-123.756094,44.159927],[-123.756037,44.159916],[-123.755982,44.159906],[-123.755917,44.159894],[-123.75586,44.159884],[-123.755765,44.159867],[-123.755697,44.159855],[-123.755665,44.159849],[-123.75558,44.159837],[-123.75553,44.159832],[-123.755489,44.159829],[-123.755413,44.159826],[-123.755346,44.159825],[-123.755282,44.159828],[-123.755214,44.159833],[-123.75515,44.159841],[-123.755094,44.15985],[-123.755024,44.159862],[-123.754957,44.159875],[-123.754888,44.15989],[-123.754834,44.159902],[-123.754785,44.159912],[-123.754711,44.159928],[-123.754654,44.159941],[-123.754578,44.159957],[-123.754479,44.159979],[-123.75441,44.159994],[-123.754341,44.160009],[-123.754262,44.160025],[-123.754173,44.160042],[-123.754092,44.160055],[-123.754021,44.160065],[-123.753968,44.160072],[-123.753885,44.160081],[-123.753832,44.160087],[-123.753718,44.160098],[-123.753622,44.160108],[-123.753519,44.160118],[-123.753445,44.160126],[-123.753342,44.160138],[-123.75329,44.160146],[-123.753232,44.160154],[-123.753151,44.160168],[-123.753053,44.160186],[-123.752977,44.160199],[-123.752879,44.160217],[-123.75277,44.160236],[-123.752642,44.160259],[-123.752506,44.160283],[-123.752407,44.160301],[-123.75226,44.160327],[-123.752171,44.160343],[-123.752059,44.160363],[-123.752059,44.160363],[-123.751991,44.160375],[-123.751942,44.160384],[-123.751894,44.160395],[-123.751849,44.160406],[-123.751805,44.16042],[-123.751778,44.16043],[-123.751759,44.160437],[-123.751722,44.160452],[-123.751694,44.160465],[-123.751651,44.160485],[-123.751592,44.160516],[-123.751547,44.160542],[-123.751498,44.160571],[-123.751444,44.160602],[-123.751408,44.160623],[-123.751359,44.160652],[-123.75133,44.160669],[-123.751291,44.160691],[-123.751257,44.160711],[-123.751209,44.160734],[-123.751161,44.160755],[-123.751125,44.160768],[-123.751075,44.160784],[-123.751016,44.1608],[-123.750966,44.160811],[-123.750903,44.160822],[-123.75086,44.160827],[-123.750799,44.160831],[-123.750752,44.160833],[-123.750697,44.160828],[-123.750648,44.16082],[-123.750607,44.160812],[-123.750495,44.160776],[-123.750464,44.160761],[-123.750441,44.160838],[-123.750376,44.161067],[-123.750367,44.161094],[-123.750355,44.161131],[-123.750334,44.161197],[-123.750308,44.161254],[-123.750288,44.161293],[-123.750261,44.16134],[-123.750248,44.161361],[-123.750209,44.161413],[-123.750178,44.161454],[-123.750146,44.161494],[-123.750116,44.16153],[-123.750083,44.16157],[-123.750054,44.161603],[-123.750033,44.161628],[-123.749997,44.161668],[-123.749962,44.161706],[-123.749911,44.161759],[-123.749844,44.161827],[-123.749793,44.16188],[-123.749764,44.161914],[-123.749727,44.161964],[-123.749715,44.16198],[-123.749698,44.162012],[-123.749681,44.162043],[-123.749668,44.16207],[-123.749657,44.162093],[-123.749642,44.162129],[-123.749626,44.16217],[-123.749614,44.162207],[-123.749606,44.162237],[-123.749599,44.162263],[-123.749591,44.162293],[-123.749582,44.162332],[-123.74957,44.1624],[-123.749561,44.162465],[-123.749553,44.162528],[-123.749549,44.162594],[-123.749548,44.162638],[-123.74955,44.162686],[-123.749553,44.162729],[-123.749559,44.162766],[-123.749567,44.162799],[-123.749576,44.162836],[-123.749595,44.162891],[-123.749622,44.162953],[-123.749642,44.162995],[-123.749669,44.163045],[-123.749693,44.163086],[-123.749721,44.16313],[-123.749748,44.163169],[-123.749775,44.163204],[-123.749808,44.163244],[-123.749845,44.163286],[-123.749877,44.163321],[-123.749914,44.163358],[-123.749933,44.163378],[-123.749959,44.163401],[-123.749985,44.163425],[-123.750025,44.16346],[-123.750055,44.163484],[-123.750087,44.163507],[-123.750125,44.163536],[-123.750164,44.163565],[-123.750214,44.163602],[-123.750264,44.16364],[-123.75033,44.163686],[-123.750387,44.163729],[-123.750434,44.163768],[-123.750474,44.163804],[-123.750501,44.163829],[-123.750555,44.163885],[-123.750574,44.163906],[-123.750614,44.163952],[-123.750643,44.163985],[-123.750664,44.164011],[-123.75069,44.164041],[-123.750725,44.164081],[-123.750764,44.164126],[-123.750797,44.164165],[-123.750829,44.164203],[-123.750874,44.164253],[-123.750897,44.164277],[-123.750907,44.164288],[-123.750947,44.164325],[-123.750947,44.164326],[-123.750949,44.164327],[-123.751082,44.164328],[-123.75124,44.164329],[-123.751938,44.164734],[-123.752516,44.165647],[-123.752813,44.166048],[-123.753739,44.166015],[-123.753791,44.166916],[-123.754102,44.167414],[-123.754245,44.167642],[-123.753548,44.167678],[-123.753182,44.167697],[-123.75278,44.167717],[-123.752647,44.167861],[-123.752627,44.167961],[-123.752511,44.168561],[-123.752453,44.168858],[-123.752014,44.16885],[-123.75159,44.168843],[-123.751452,44.168841],[-123.751094,44.169133],[-123.750276,44.169799],[-123.750376,44.171547],[-123.749936,44.172174],[-123.749906,44.172216],[-123.749015,44.172457],[-123.748877,44.172494],[-123.748009,44.172058],[-123.748401,44.171544],[-123.749091,44.170642],[-123.74902,44.169376],[-123.75017,44.167934],[-123.749991,44.164823],[-123.749979,44.164609],[-123.749976,44.16456],[-123.749963,44.164321],[-123.750665,44.164325],[-123.750666,44.164325],[-123.750665,44.164324],[-123.750636,44.16429],[-123.750603,44.164252],[-123.750569,44.164213],[-123.750531,44.164168],[-123.750496,44.164128],[-123.750469,44.164097],[-123.750448,44.164072],[-123.75042,44.164039],[-123.75038,44.163994],[-123.750365,44.163976],[-123.750316,44.163926],[-123.750294,44.163906],[-123.750259,44.163874],[-123.750218,44.16384],[-123.750167,44.163801],[-123.750103,44.163756],[-123.75005,44.163717],[-123.75,44.16368],[-123.74996,44.16365],[-123.749922,44.163622],[-123.749889,44.163597],[-123.749851,44.163568],[-123.749807,44.163528],[-123.749779,44.163503],[-123.74975,44.163477],[-123.749727,44.163454],[-123.749689,44.163415],[-123.749653,44.163376],[-123.749613,44.16333],[-123.749576,44.163285],[-123.749546,44.163245],[-123.749515,44.163201],[-123.749484,44.163153],[-123.749456,44.163107],[-123.749427,44.163051],[-123.749405,44.163005],[-123.749375,44.162935],[-123.749352,44.162871],[-123.749341,44.162828],[-123.749332,44.162789],[-123.749325,44.162742],[-123.749322,44.162693],[-123.74932,44.162639],[-123.74932,44.162589],[-123.749325,44.162516],[-123.749333,44.16245],[-123.749342,44.162381],[-123.749356,44.162308],[-123.749366,44.162265],[-123.749374,44.162233],[-123.749381,44.162205],[-123.749391,44.162172],[-123.749405,44.162129],[-123.749422,44.162084],[-123.749439,44.162043],[-123.749452,44.162015],[-123.749467,44.161986],[-123.749485,44.161952],[-123.749507,44.161913],[-123.749524,44.161888],[-123.749565,44.161832],[-123.749601,44.16179],[-123.749657,44.161732],[-123.749724,44.161664],[-123.749773,44.161613],[-123.749806,44.161577],[-123.749839,44.161541],[-123.749859,44.161517],[-123.749888,44.161483],[-123.74992,44.161445],[-123.749948,44.161411],[-123.749979,44.161373],[-123.750008,44.161334],[-123.750043,44.161287],[-123.750052,44.161275],[-123.750075,44.161233],[-123.750092,44.161201],[-123.750113,44.161152],[-123.750133,44.161094],[-123.750144,44.161058],[-123.750152,44.161033],[-123.750152,44.161032],[-123.750218,44.160804],[-123.750277,44.1606],[-123.750275,44.160597],[-123.750257,44.160573],[-123.750237,44.160541],[-123.75021,44.160482],[-123.750198,44.16046],[-123.750174,44.160411],[-123.750155,44.160375],[-123.750132,44.16033],[-123.750105,44.160277],[-123.750088,44.160244],[-123.750057,44.160181],[-123.750036,44.160143],[-123.750018,44.160107],[-123.749996,44.160063],[-123.749969,44.160011],[-123.749933,44.159947],[-123.749912,44.159909],[-123.749889,44.159868],[-123.749875,44.159846],[-123.749843,44.159789],[-123.749824,44.159757],[-123.749784,44.159688],[-123.749757,44.15964],[-123.749723,44.15958],[-123.749703,44.159548],[-123.749681,44.159507],[-123.749668,44.159487],[-123.749642,44.159446],[-123.749615,44.159406],[-123.74958,44.159354],[-123.749557,44.159321],[-123.749529,44.159284],[-123.749487,44.159231],[-123.74947,44.15921],[-123.74942,44.159154],[-123.7494,44.159133],[-123.749356,44.159086],[-123.749331,44.15906],[-123.749298,44.159028],[-123.74928,44.159011],[-123.749266,44.158998],[-123.74924,44.158975],[-123.749222,44.158958],[-123.749185,44.158926],[-123.749157,44.158902],[-123.74912,44.158873],[-123.749083,44.158843],[-123.749037,44.158809],[-123.749,44.158782],[-123.748956,44.158749],[-123.748899,44.15871],[-123.748829,44.158663],[-123.748785,44.158634],[-123.74871,44.158585],[-123.748647,44.158545],[-123.74858,44.158502],[-123.748535,44.158473],[-123.748525,44.158466],[-123.748469,44.158431],[-123.748432,44.158407],[-123.748399,44.158384],[-123.748341,44.158344],[-123.748304,44.158317],[-123.748258,44.158282],[-123.748212,44.158245],[-123.748181,44.15822],[-123.748137,44.158182],[-123.748069,44.158121],[-123.748012,44.158067],[-123.747956,44.158012],[-123.747918,44.157973],[-123.747876,44.157929],[-123.747851,44.157903],[-123.747817,44.157869],[-123.747778,44.157828],[-123.747746,44.157795],[-123.747682,44.157729],[-123.747626,44.157671],[-123.74757,44.157614],[-123.74752,44.157561],[-123.747486,44.15752],[-123.747429,44.157449],[-123.74738,44.157381],[-123.747344,44.157323],[-123.747327,44.157295],[-123.747295,44.157237],[-123.747271,44.157192],[-123.747241,44.15713],[-123.747212,44.157065],[-123.747195,44.157019],[-123.747171,44.156956],[-123.74714,44.156874],[-123.747122,44.156826],[-123.747096,44.15676],[-123.747082,44.156722],[-123.74707,44.156691],[-123.747057,44.156651],[-123.747046,44.156612],[-123.747035,44.156566],[-123.747026,44.156514],[-123.747019,44.156462],[-123.747017,44.156423],[-123.747016,44.156359],[-123.747018,44.156311],[-123.747023,44.156264],[-123.747038,44.156199],[-123.747042,44.156188],[-123.746969,44.156187],[-123.746997,44.155277],[-123.747054,44.153492],[-123.747108,44.15176],[-123.747109,44.151723],[-123.747081,44.151703],[-123.747042,44.151714],[-123.746146,44.151962],[-123.745558,44.151401],[-123.745335,44.151189],[-123.745917,44.150772],[-123.745921,44.150639],[-123.745923,44.150588],[-123.745907,44.150568],[-123.745883,44.15054],[-123.745871,44.150525],[-123.745856,44.150507],[-123.745841,44.150489],[-123.74582,44.150465],[-123.74579,44.150429],[-123.74577,44.150406],[-123.745757,44.15039],[-123.74575,44.150381],[-123.74573,44.150358],[-123.745717,44.150341],[-123.745704,44.150326],[-123.745683,44.150301],[-123.745672,44.150287],[-123.745652,44.150263],[-123.745634,44.150242],[-123.745608,44.150212],[-123.745588,44.150188],[-123.74557,44.150162],[-123.745552,44.150134],[-123.745544,44.150121],[-123.745533,44.150103],[-123.745527,44.150091],[-123.745522,44.150084],[-123.745515,44.150069],[-123.745507,44.150052],[-123.745499,44.150036],[-123.745493,44.150023],[-123.745483,44.149998],[-123.745477,44.149984],[-123.745469,44.149962],[-123.745466,44.149954],[-123.745459,44.149932],[-123.745453,44.14991],[-123.74545,44.149901],[-123.745448,44.149894],[-123.74541,44.149894],[-123.744722,44.149892],[-123.744751,44.148988],[-123.743527,44.148985],[-123.743554,44.14808],[-123.743581,44.147175],[-123.742354,44.147172],[-123.739917,44.147169],[-123.739952,44.146265],[-123.737526,44.146263],[-123.732725,44.146249],[-123.732456,44.149853],[-123.73239,44.156973],[-123.723093,44.156567],[-123.718449,44.156371],[-123.716464,44.156288],[-123.716423,44.156304],[-123.716378,44.156324],[-123.716351,44.156339],[-123.716331,44.15635],[-123.716316,44.156359],[-123.716286,44.156379],[-123.71625,44.156405],[-123.716208,44.156436],[-123.716149,44.156478],[-123.716099,44.156514],[-123.716034,44.156557],[-123.715973,44.156592],[-123.71592,44.15662],[-123.715862,44.15665],[-123.715794,44.156679],[-123.715724,44.156704],[-123.715667,44.156723],[-123.715596,44.156742],[-123.715504,44.156759],[-123.715442,44.156767],[-123.715361,44.156773],[-123.715298,44.156773],[-123.715234,44.156771],[-123.715181,44.156766],[-123.715099,44.156752],[-123.715029,44.156735],[-123.714948,44.156709],[-123.714877,44.156681],[-123.714808,44.156645],[-123.714773,44.156625],[-123.714742,44.156605],[-123.714674,44.15655],[-123.714627,44.156503],[-123.714593,44.15646],[-123.71455,44.15639],[-123.714533,44.156358],[-123.714509,44.156315],[-123.714474,44.156252],[-123.714469,44.156243],[-123.714442,44.156202],[-123.713805,44.156176],[-123.713715,44.159782],[-123.713625,44.163389],[-123.713537,44.166985],[-123.713449,44.170581],[-123.713371,44.174183],[-123.713293,44.177786],[-123.713293,44.177787],[-123.713519,44.181345],[-123.713746,44.184904],[-123.718492,44.185025],[-123.719042,44.185039],[-123.723238,44.185146],[-123.724037,44.185161],[-123.728095,44.18524],[-123.729031,44.185258],[-123.732952,44.185333],[-123.734026,44.185339],[-123.733996,44.188431],[-123.733962,44.192025],[-123.734011,44.199195],[-123.735174,44.199186],[-123.736337,44.199178],[-123.73901,44.199162],[-123.748955,44.199096],[-123.7539,44.199071],[-123.753908,44.191876]]],[[[-123.715012,44.156411],[-123.715021,44.156416],[-123.715038,44.156427],[-123.715081,44.156449],[-123.715119,44.156464],[-123.715167,44.156479],[-123.715201,44.156488],[-123.715248,44.156495],[-123.715271,44.156497],[-123.715306,44.156499],[-123.715338,44.156499],[-123.71539,44.156495],[-123.715423,44.156491],[-123.715481,44.15648],[-123.715522,44.156469],[-123.715561,44.156456],[-123.71561,44.156438],[-123.715655,44.156419],[-123.715698,44.156398],[-123.71574,44.156375],[-123.715786,44.156348],[-123.715837,44.156315],[-123.715879,44.156285],[-123.715907,44.156264],[-123.714867,44.15622],[-123.714887,44.156257],[-123.714902,44.156285],[-123.714934,44.156337],[-123.714949,44.156356],[-123.714971,44.156378],[-123.715012,44.156411]]],[[[-123.742388,44.145932],[-123.742379,44.146267],[-123.743179,44.146269],[-123.743228,44.14627],[-123.743225,44.146267],[-123.743208,44.146252],[-123.743188,44.146235],[-123.743172,44.146223],[-123.743153,44.146209],[-123.743136,44.146197],[-123.743117,44.146184],[-123.743093,44.146169],[-123.743074,44.146157],[-123.743057,44.146148],[-123.743041,44.146139],[-123.743021,44.14613],[-123.742995,44.146118],[-123.742979,44.146111],[-123.742964,44.146105],[-123.742947,44.146099],[-123.742928,44.146092],[-123.742917,44.146088],[-123.742903,44.146083],[-123.742885,44.146077],[-123.742858,44.146067],[-123.742816,44.146053],[-123.742781,44.146041],[-123.742754,44.146032],[-123.742714,44.146018],[-123.74267,44.146002],[-123.742625,44.145987],[-123.742582,44.145972],[-123.742508,44.145945],[-123.742458,44.145927],[-123.742422,44.145914],[-123.742389,44.145902],[-123.742388,44.145932]]],[[[-123.745675,44.149982],[-123.745679,44.149992],[-123.745686,44.150006],[-123.745695,44.150024],[-123.745698,44.150031],[-123.745702,44.150036],[-123.74571,44.150052],[-123.745718,44.150067],[-123.745725,44.150076],[-123.745741,44.150102],[-123.745755,44.150122],[-123.745771,44.15014],[-123.745796,44.15017],[-123.745815,44.150193],[-123.745836,44.150218],[-123.745847,44.150231],[-123.745867,44.150255],[-123.74588,44.150271],[-123.745894,44.150287],[-123.745915,44.150312],[-123.745922,44.150321],[-123.745931,44.150332],[-123.745944,44.149895],[-123.745643,44.149894],[-123.745645,44.149904],[-123.74565,44.149919],[-123.745653,44.149925],[-123.745661,44.149947],[-123.745665,44.149959],[-123.745675,44.149982]]]]}},{"type":"Feature","properties":{"MAPTAXLOT":"1609000000200","MAPNUMBER":"16090000","TAXLOT":"200","ACCTNO":"0073294","MAPACRES":5668.12897863},"geometry":{"type":"Polygon","coordinates":[[[-123.806477,44.214388],[-123.808922,44.214349],[-123.811292,44.214311],[-123.81378,44.214272],[-123.816107,44.214234],[-123.818811,44.214219],[-123.821156,44.214203],[-123.82384,44.214188],[-123.826204,44.214172],[-123.829058,44.214157],[-123.82901,44.210956],[-123.82901,44.210956],[-123.82901,44.210956],[-123.829008,44.210881],[-123.828992,44.210107],[-123.828992,44.210107],[-123.82899,44.210034],[-123.828946,44.207322],[-123.828945,44.207271],[-123.828937,44.20649],[-123.828937,44.20649],[-123.828937,44.206442],[-123.828923,44.203728],[-123.828923,44.203701],[-123.828914,44.202875],[-123.828914,44.202874],[-123.828914,44.202874],[-123.828914,44.20285],[-123.8289,44.20013],[-123.828905,44.199254],[-123.828919,44.19653],[-123.828924,44.195634],[-123.828939,44.19293],[-123.828934,44.192014],[-123.828923,44.189313],[-123.828919,44.188393],[-123.828907,44.185696],[-123.828978,44.182122],[-123.829048,44.178549],[-123.829113,44.175026],[-123.824205,44.174998],[-123.824245,44.171452],[-123.829178,44.171503],[-123.829178,44.171502],[-123.829371,44.16792],[-123.829564,44.164337],[-123.829756,44.160755],[-123.829949,44.157172],[-123.830047,44.15353],[-123.830144,44.149887],[-123.830194,44.146307],[-123.830243,44.142726],[-123.825276,44.142584],[-123.825179,44.142581],[-123.820306,44.142447],[-123.815421,44.142565],[-123.815421,44.139056],[-123.820324,44.138997],[-123.820325,44.138997],[-123.820325,44.138997],[-123.820351,44.135567],[-123.820405,44.128448],[-123.820405,44.128448],[-123.81552,44.12844],[-123.81552,44.12844],[-123.810636,44.128432],[-123.80575,44.128424],[-123.80575,44.128424],[-123.800864,44.128416],[-123.800864,44.128416],[-123.800864,44.128416],[-123.795978,44.128408],[-123.791092,44.1284],[-123.791032,44.131931],[-123.786257,44.131908],[-123.786092,44.140523],[-123.790934,44.140552],[-123.79584,44.140639],[-123.795825,44.142357],[-123.795855,44.144269],[-123.805633,44.144404],[-123.805636,44.157044],[-123.805308,44.164148],[-123.810068,44.164155],[-123.814891,44.164209],[-123.814572,44.171361],[-123.809709,44.17132],[-123.80498,44.171251],[-123.804874,44.185373],[-123.804225,44.185364],[-123.80419,44.191929],[-123.799225,44.191879],[-123.799206,44.199141],[-123.794261,44.199123],[-123.784275,44.199152],[-123.779216,44.199122],[-123.779225,44.206352],[-123.774185,44.206354],[-123.77417,44.209915],[-123.774161,44.211694],[-123.774129,44.214879],[-123.775888,44.214865],[-123.779174,44.214813],[-123.781057,44.214779],[-123.782343,44.214756],[-123.783181,44.21474],[-123.783315,44.214738],[-123.784152,44.214723],[-123.784186,44.214722],[-123.784285,44.21472],[-123.784913,44.214708],[-123.786203,44.214685],[-123.789232,44.214638],[-123.791206,44.214608],[-123.794319,44.214565],[-123.796239,44.21454],[-123.799207,44.214496],[-123.801358,44.214464],[-123.804065,44.214424],[-123.806477,44.214388]]]}},{"type":"Feature","properties":{"MAPTAXLOT":"1609000000700","MAPNUMBER":"16090000","TAXLOT":"700","ACCTNO":"0073377","MAPACRES":148.33019283},"geometry":{"type":"Polygon","coordinates":[[[-123.75726,44.135446],[-123.771594,44.135314],[-123.771617,44.131834],[-123.762065,44.131849],[-123.762096,44.128413],[-123.762097,44.128345],[-123.757305,44.128329],[-123.757282,44.131885],[-123.75726,44.135446]]]}},{"type":"Feature","properties":{"MAPTAXLOT":"1609000000800","MAPNUMBER":"16090000","TAXLOT":"800","ACCTNO":"0073385","MAPACRES":35.71757854},"geometry":{"type":"MultiPolygon","coordinates":[[[[-123.755159,44.128339],[-123.755146,44.128379],[-123.755131,44.128419],[-123.755116,44.128458],[-123.755099,44.128498],[-123.755082,44.128537],[-123.755064,44.128576],[-123.754866,44.128748],[-123.754843,44.128784],[-123.754818,44.12882],[-123.754793,44.128855],[-123.754767,44.128891],[-123.754741,44.128926],[-123.754713,44.12896],[-123.754684,44.128994],[-123.754655,44.129028],[-123.754625,44.129062],[-123.754594,44.129095],[-123.754562,44.129128],[-123.75453,44.12916],[-123.754497,44.129192],[-123.754463,44.129223],[-123.754428,44.129254],[-123.754392,44.129285],[-123.754356,44.129315],[-123.754319,44.129345],[-123.754281,44.129374],[-123.754243,44.129403],[-123.754204,44.129431],[-123.754164,44.129459],[-123.754123,44.129486],[-123.754082,44.129513],[-123.754041,44.129539],[-123.753998,44.129565],[-123.753955,44.12959],[-123.753912,44.129614],[-123.753595,44.129816],[-123.753439,44.129908],[-123.752506,44.130274],[-123.7525,44.131902],[-123.757279,44.131885],[-123.757282,44.131885],[-123.757305,44.128329],[-123.755333,44.128323],[-123.755164,44.128323],[-123.755159,44.128339]]],[[[-123.752507,44.129999],[-123.753302,44.129712],[-123.753414,44.129591],[-123.753457,44.129573],[-123.7535,44.129554],[-123.753542,44.129534],[-123.753584,44.129514],[-123.753625,44.129494],[-123.753666,44.129473],[-123.753706,44.129451],[-123.753746,44.129429],[-123.753785,44.129407],[-123.753823,44.129384],[-123.753861,44.12936],[-123.753899,44.129336],[-123.753936,44.129312],[-123.753972,44.129287],[-123.754008,44.129262],[-123.754043,44.129236],[-123.754077,44.12921],[-123.754111,44.129183],[-123.754144,44.129156],[-123.754177,44.129129],[-123.754208,44.129101],[-123.75424,44.129073],[-123.75427,44.129044],[-123.7543,44.129015],[-123.754329,44.128986],[-123.754357,44.128956],[-123.754385,44.128926],[-123.754411,44.128895],[-123.754438,44.128864],[-123.754463,44.128833],[-123.754488,44.128802],[-123.754511,44.12877],[-123.754534,44.128738],[-123.754557,44.128706],[-123.754578,44.128673],[-123.754599,44.12864],[-123.754619,44.128607],[-123.754638,44.128574],[-123.754656,44.12854],[-123.754674,44.128507],[-123.75469,44.128473],[-123.754706,44.128438],[-123.754721,44.128404],[-123.754735,44.128369],[-123.754749,44.128334],[-123.754753,44.128321],[-123.752513,44.128314],[-123.752507,44.129999]]]]}},{"type":"Feature","properties":{"MAPTAXLOT":"1609210000077","MAPNUMBER":"16092100","TAXLOT":"77","ACCTNO":"000None","MAPACRES":2.32765818},"geometry":{"type":"Polygon","coordinates":[[[-123.772484,44.158599],[-123.772579,44.158626],[-123.772677,44.158653],[-123.77295,44.158795],[-123.773066,44.159048],[-123.773849,44.159688],[-123.774562,44.159903],[-123.774858,44.160056],[-123.775125,44.160233],[-123.775444,44.160582],[-123.775785,44.160745],[-123.776191,44.160861],[-123.776417,44.16077],[-123.776764,44.16072],[-123.777135,44.160732],[-123.777555,44.160731],[-123.777614,44.16075],[-123.777883,44.160688],[-123.777788,44.160657],[-123.777596,44.160593],[-123.777139,44.160595],[-123.776749,44.160582],[-123.77635,44.16064],[-123.776177,44.16071],[-123.775874,44.160623],[-123.775581,44.160483],[-123.775272,44.160144],[-123.774979,44.159949],[-123.774655,44.159782],[-123.773963,44.159574],[-123.773235,44.158978],[-123.773112,44.15871],[-123.772768,44.158531],[-123.772519,44.158464],[-123.772494,44.158452],[-123.771595,44.158032],[-123.771595,44.158032],[-123.771599,44.158218],[-123.771599,44.158219],[-123.772484,44.158599]]]}},{"type":"Feature","properties":{"MAPTAXLOT":"1609210000100","MAPNUMBER":"16092100","TAXLOT":"100","ACCTNO":"0073500","MAPACRES":508.07365477},"geometry":{"type":"MultiPolygon","coordinates":[[[[-123.771713,44.163693],[-123.771861,44.170911],[-123.781271,44.170829],[-123.790792,44.171043],[-123.790814,44.170424],[-123.787699,44.169905],[-123.78413,44.16558],[-123.783471,44.164536],[-123.782201,44.16366],[-123.77796,44.160671],[-123.777883,44.160688],[-123.777614,44.16075],[-123.77655,44.160994],[-123.772417,44.159652],[-123.772484,44.158601],[-123.772484,44.158599],[-123.771599,44.158219],[-123.7716,44.158297],[-123.771713,44.163693]]],[[[-123.782289,44.161425],[-123.785986,44.164418],[-123.786298,44.16546],[-123.788943,44.168942],[-123.790849,44.169397],[-123.791268,44.157209],[-123.781538,44.157188],[-123.771563,44.156499],[-123.771595,44.158032],[-123.772494,44.158452],[-123.772526,44.157945],[-123.772534,44.157842],[-123.772562,44.15744],[-123.782289,44.161425]]]]}},{"type":"Feature","properties":{"MAPTAXLOT":"1609210000101","MAPNUMBER":"16092100","TAXLOT":"101","ACCTNO":"1919019","MAPACRES":2.40128407},"geometry":{"type":"Polygon","coordinates":[[[-123.772526,44.157945],[-123.778157,44.160451],[-123.782225,44.162986],[-123.782228,44.162868],[-123.778234,44.160378],[-123.772534,44.157842],[-123.772526,44.157945]]]}},{"type":"Feature","properties":{"MAPTAXLOT":"1609210000300","MAPNUMBER":"16092100","TAXLOT":"300","ACCTNO":"0073526","MAPACRES":34.36432361},"geometry":{"type":"MultiPolygon","coordinates":[[[[-123.772534,44.157842],[-123.778234,44.160378],[-123.782228,44.162868],[-123.782289,44.161425],[-123.772562,44.15744],[-123.772534,44.157842]]],[[[-123.782201,44.16366],[-123.78222,44.163131],[-123.782225,44.162986],[-123.778157,44.160451],[-123.772526,44.157945],[-123.772494,44.158452],[-123.772519,44.158464],[-123.772768,44.158531],[-123.773112,44.15871],[-123.773235,44.158978],[-123.773963,44.159574],[-123.774655,44.159782],[-123.774979,44.159949],[-123.775272,44.160144],[-123.775581,44.160483],[-123.775874,44.160623],[-123.776177,44.16071],[-123.77635,44.16064],[-123.776749,44.160582],[-123.777139,44.160595],[-123.777596,44.160593],[-123.777788,44.160657],[-123.777883,44.160688],[-123.77796,44.160671],[-123.782201,44.16366]]],[[[-123.77655,44.160994],[-123.777614,44.16075],[-123.777555,44.160731],[-123.777135,44.160732],[-123.776764,44.16072],[-123.776417,44.16077],[-123.776191,44.160861],[-123.775785,44.160745],[-123.775444,44.160582],[-123.775125,44.160233],[-123.774858,44.160056],[-123.774562,44.159903],[-123.773849,44.159688],[-123.773066,44.159048],[-123.77295,44.158795],[-123.772677,44.158653],[-123.772579,44.158626],[-123.772484,44.158599],[-123.772484,44.158601],[-123.772417,44.159652],[-123.77655,44.160994]]]]}},{"type":"Feature","properties":{"MAPTAXLOT":"1609220000077","MAPNUMBER":"16092200","TAXLOT":"77","ACCTNO":"000None","MAPACRES":3.84833502},"geometry":{"type":"Polygon","coordinates":[[[-123.761916,44.157918],[-123.761916,44.157917],[-123.761938,44.157896],[-123.761966,44.157867],[-123.761998,44.157834],[-123.762035,44.157801],[-123.762048,44.157789],[-123.762094,44.157751],[-123.76213,44.157723],[-123.762178,44.157688],[-123.762213,44.157666],[-123.76225,44.157644],[-123.762283,44.157628],[-123.762329,44.157605],[-123.762391,44.15758],[-123.762434,44.157564],[-123.762469,44.157553],[-123.762503,44.157542],[-123.762551,44.157529],[-123.762581,44.157521],[-123.76264,44.157505],[-123.762701,44.157488],[-123.762766,44.15747],[-123.762823,44.157455],[-123.7629,44.157434],[-123.762997,44.157409],[-123.763038,44.1574],[-123.763102,44.157387],[-123.76318,44.157375],[-123.763267,44.157364],[-123.763317,44.157358],[-123.763373,44.157354],[-123.763437,44.157348],[-123.763485,44.157343],[-123.763554,44.157335],[-123.763632,44.157325],[-123.763666,44.157321],[-123.763716,44.157314],[-123.76376,44.157307],[-123.763795,44.157302],[-123.763867,44.157291],[-123.763922,44.157282],[-123.763971,44.157275],[-123.764043,44.157263],[-123.764088,44.157257],[-123.764139,44.157249],[-123.764196,44.15724],[-123.764257,44.15723],[-123.764328,44.157219],[-123.764392,44.157211],[-123.764432,44.157206],[-123.764477,44.157203],[-123.764549,44.1572],[-123.764594,44.157199],[-123.764631,44.1572],[-123.764676,44.157202],[-123.764723,44.157205],[-123.764763,44.157209],[-123.764801,44.157214],[-123.764849,44.157219],[-123.764905,44.157226],[-123.764928,44.157229],[-123.764996,44.157237],[-123.765058,44.157244],[-123.765138,44.157253],[-123.765203,44.157259],[-123.765274,44.157264],[-123.76533,44.157267],[-123.765406,44.157269],[-123.765467,44.15727],[-123.765526,44.157271],[-123.765599,44.157271],[-123.765659,44.157272],[-123.765746,44.157273],[-123.76581,44.157274],[-123.765868,44.157273],[-123.765964,44.157267],[-123.766007,44.157262],[-123.766037,44.157258],[-123.766097,44.157249],[-123.766153,44.157237],[-123.766215,44.15722],[-123.766268,44.157203],[-123.7663,44.157191],[-123.76633,44.157179],[-123.766379,44.157159],[-123.766415,44.157144],[-123.766444,44.157133],[-123.766504,44.15711],[-123.766546,44.157095],[-123.766602,44.157076],[-123.766661,44.157058],[-123.76671,44.157044],[-123.766772,44.157026],[-123.766821,44.157012],[-123.76689,44.156994],[-123.766932,44.156984],[-123.76698,44.156972],[-123.767029,44.15696],[-123.767073,44.156952],[-123.767143,44.156941],[-123.767192,44.156937],[-123.767225,44.156934],[-123.767281,44.156933],[-123.767322,44.156934],[-123.767367,44.156936],[-123.76741,44.15694],[-123.767445,44.156943],[-123.767469,44.156946],[-123.7675,44.15695],[-123.767561,44.156958],[-123.767612,44.156966],[-123.767666,44.156976],[-123.76772,44.156986],[-123.767761,44.156995],[-123.767832,44.157012],[-123.767882,44.157025],[-123.767942,44.157042],[-123.768,44.15706],[-123.768036,44.157073],[-123.768068,44.157084],[-123.768121,44.157104],[-123.768156,44.157118],[-123.768199,44.157137],[-123.768265,44.157169],[-123.768311,44.157191],[-123.768356,44.157212],[-123.768412,44.157239],[-123.768467,44.157265],[-123.768521,44.157291],[-123.768582,44.15732],[-123.768623,44.15734],[-123.768678,44.157366],[-123.768714,44.157383],[-123.76874,44.157396],[-123.76879,44.157419],[-123.768833,44.157441],[-123.768897,44.157472],[-123.768953,44.157497],[-123.769012,44.157521],[-123.769081,44.157547],[-123.76914,44.157567],[-123.769199,44.157585],[-123.769229,44.157593],[-123.769302,44.157612],[-123.769392,44.157631],[-123.769443,44.15764],[-123.769516,44.157651],[-123.769578,44.157661],[-123.769645,44.157671],[-123.769731,44.157684],[-123.769784,44.157691],[-123.769861,44.157703],[-123.769906,44.157711],[-123.76995,44.15772],[-123.770026,44.157739],[-123.770064,44.157749],[-123.770106,44.15776],[-123.770135,44.157769],[-123.770214,44.157793],[-123.770276,44.157812],[-123.770352,44.157837],[-123.770425,44.15786],[-123.770515,44.157888],[-123.770566,44.157904],[-123.770608,44.157917],[-123.770667,44.157934],[-123.770725,44.157951],[-123.770797,44.157971],[-123.770879,44.157994],[-123.770966,44.158019],[-123.771033,44.158038],[-123.771109,44.15806],[-123.771176,44.158079],[-123.771238,44.158096],[-123.771293,44.158112],[-123.771355,44.158132],[-123.771424,44.158155],[-123.771475,44.158173],[-123.771599,44.158218],[-123.771595,44.158032],[-123.771522,44.158007],[-123.771449,44.157982],[-123.771383,44.157961],[-123.771323,44.157943],[-123.771259,44.157926],[-123.771193,44.157907],[-123.771116,44.157885],[-123.77105,44.157866],[-123.770963,44.157841],[-123.770963,44.157841],[-123.770881,44.157818],[-123.77081,44.157798],[-123.770752,44.157781],[-123.770695,44.157765],[-123.770657,44.157753],[-123.770607,44.157738],[-123.770517,44.157709],[-123.770444,44.157686],[-123.770369,44.157662],[-123.770305,44.157642],[-123.770221,44.157616],[-123.770189,44.157607],[-123.770144,44.157594],[-123.770102,44.157583],[-123.770018,44.157563],[-123.769967,44.157553],[-123.769912,44.157543],[-123.76983,44.15753],[-123.769777,44.157522],[-123.769692,44.15751],[-123.769626,44.1575],[-123.769563,44.15749],[-123.769494,44.15748],[-123.769452,44.157472],[-123.769373,44.157455],[-123.769308,44.157439],[-123.769284,44.157432],[-123.769233,44.157417],[-123.769183,44.1574],[-123.769122,44.157376],[-123.769069,44.157355],[-123.769022,44.157334],[-123.768962,44.157305],[-123.768917,44.157283],[-123.768867,44.157259],[-123.768841,44.157246],[-123.768804,44.157229],[-123.768749,44.157203],[-123.768709,44.157183],[-123.768648,44.157154],[-123.768593,44.157128],[-123.768539,44.157102],[-123.768482,44.157075],[-123.768437,44.157054],[-123.768391,44.157032],[-123.768322,44.156999],[-123.768272,44.156976],[-123.768231,44.15696],[-123.768172,44.156937],[-123.768136,44.156925],[-123.768095,44.15691],[-123.768029,44.15689],[-123.767963,44.156871],[-123.767906,44.156856],[-123.767829,44.156838],[-123.767783,44.156828],[-123.767723,44.156816],[-123.767663,44.156806],[-123.767607,44.156797],[-123.767541,44.156788],[-123.767505,44.156783],[-123.767479,44.15678],[-123.767438,44.156776],[-123.767387,44.156772],[-123.767334,44.15677],[-123.767282,44.156768],[-123.767212,44.15677],[-123.767165,44.156773],[-123.767104,44.156779],[-123.767019,44.156792],[-123.766963,44.156803],[-123.766907,44.156816],[-123.766858,44.156828],[-123.766814,44.156839],[-123.76674,44.156858],[-123.766688,44.156873],[-123.766626,44.156891],[-123.766573,44.156906],[-123.766509,44.156926],[-123.766447,44.156947],[-123.7664,44.156963],[-123.766334,44.156988],[-123.766303,44.157001],[-123.766268,44.157015],[-123.766219,44.157035],[-123.766191,44.157046],[-123.766167,44.157055],[-123.766127,44.157068],[-123.766081,44.157081],[-123.76604,44.157089],[-123.765993,44.157097],[-123.76597,44.1571],[-123.765937,44.157103],[-123.765856,44.157109],[-123.765809,44.157109],[-123.76575,44.157109],[-123.765663,44.157108],[-123.765603,44.157107],[-123.765529,44.157106],[-123.76547,44.157105],[-123.765412,44.157105],[-123.765343,44.157103],[-123.765294,44.1571],[-123.765229,44.157096],[-123.76517,44.15709],[-123.765094,44.157082],[-123.765034,44.157074],[-123.764965,44.157066],[-123.764942,44.157063],[-123.764885,44.157057],[-123.764837,44.157051],[-123.764798,44.157046],[-123.76475,44.157041],[-123.764694,44.157038],[-123.764641,44.157035],[-123.764595,44.157035],[-123.76454,44.157035],[-123.764458,44.157039],[-123.764403,44.157043],[-123.764354,44.157048],[-123.764283,44.157058],[-123.764209,44.157069],[-123.764147,44.157079],[-123.764091,44.157088],[-123.76404,44.157096],[-123.763995,44.157103],[-123.763922,44.157114],[-123.763874,44.157121],[-123.763819,44.15713],[-123.763747,44.157141],[-123.763713,44.157146],[-123.763672,44.157152],[-123.763623,44.157159],[-123.763591,44.157163],[-123.763516,44.157173],[-123.763452,44.157181],[-123.763407,44.157185],[-123.763346,44.15719],[-123.763286,44.157195],[-123.763228,44.157202],[-123.763137,44.157214],[-123.763049,44.157227],[-123.762974,44.157242],[-123.762924,44.157253],[-123.762821,44.157279],[-123.762741,44.157301],[-123.762685,44.157317],[-123.76262,44.157334],[-123.762559,44.157351],[-123.762499,44.157367],[-123.762469,44.157376],[-123.762418,44.157389],[-123.762377,44.157402],[-123.762334,44.157416],[-123.762282,44.157435],[-123.762209,44.157465],[-123.762153,44.157492],[-123.762112,44.157513],[-123.762065,44.15754],[-123.76202,44.157569],[-123.761965,44.15761],[-123.761924,44.157641],[-123.761873,44.157683],[-123.761857,44.157698],[-123.761815,44.157735],[-123.761779,44.157772],[-123.761752,44.1578],[-123.761731,44.157821],[-123.761705,44.157847],[-123.761667,44.157886],[-123.76164,44.157912],[-123.761624,44.157928],[-123.761916,44.157918]]]}},{"type":"Feature","properties":{"MAPTAXLOT":"1609220000100","MAPNUMBER":"16092200","TAXLOT":"100","ACCTNO":"0073534","MAPACRES":35.5896154},"geometry":{"type":"MultiPolygon","coordinates":[[[[-123.767282,44.156768],[-123.767334,44.15677],[-123.767387,44.156772],[-123.767438,44.156776],[-123.767479,44.15678],[-123.767505,44.156783],[-123.767541,44.156788],[-123.767607,44.156797],[-123.767663,44.156806],[-123.767723,44.156816],[-123.767783,44.156828],[-123.767829,44.156838],[-123.767906,44.156856],[-123.767963,44.156871],[-123.768029,44.15689],[-123.768095,44.15691],[-123.768136,44.156925],[-123.768172,44.156937],[-123.768231,44.15696],[-123.768272,44.156976],[-123.768322,44.156999],[-123.768391,44.157032],[-123.768437,44.157054],[-123.768482,44.157075],[-123.768539,44.157102],[-123.768593,44.157128],[-123.768648,44.157154],[-123.768709,44.157183],[-123.768749,44.157203],[-123.768804,44.157229],[-123.768841,44.157246],[-123.768867,44.157259],[-123.768917,44.157283],[-123.768962,44.157305],[-123.769022,44.157334],[-123.769069,44.157355],[-123.769122,44.157376],[-123.769183,44.1574],[-123.769233,44.157417],[-123.769284,44.157432],[-123.769308,44.157439],[-123.769373,44.157455],[-123.769452,44.157472],[-123.769494,44.15748],[-123.769563,44.15749],[-123.769626,44.1575],[-123.769692,44.15751],[-123.769777,44.157522],[-123.76983,44.15753],[-123.769912,44.157543],[-123.769967,44.157553],[-123.770018,44.157563],[-123.770102,44.157583],[-123.770144,44.157594],[-123.770189,44.157607],[-123.770221,44.157616],[-123.770305,44.157642],[-123.770369,44.157662],[-123.770444,44.157686],[-123.770517,44.157709],[-123.770607,44.157738],[-123.770657,44.157753],[-123.770695,44.157765],[-123.770752,44.157781],[-123.77081,44.157798],[-123.770881,44.157818],[-123.770963,44.157841],[-123.770963,44.157841],[-123.77105,44.157866],[-123.771116,44.157885],[-123.771193,44.157907],[-123.771259,44.157926],[-123.771323,44.157943],[-123.771383,44.157961],[-123.771449,44.157982],[-123.771522,44.158007],[-123.771595,44.158032],[-123.771595,44.158032],[-123.771563,44.156499],[-123.769012,44.156643],[-123.769021,44.155739],[-123.766531,44.155872],[-123.765286,44.155938],[-123.765303,44.15502],[-123.76406,44.155082],[-123.76404,44.156004],[-123.762795,44.156071],[-123.762773,44.156996],[-123.76158,44.157063],[-123.761624,44.157928],[-123.76164,44.157912],[-123.761667,44.157886],[-123.761705,44.157847],[-123.761731,44.157821],[-123.761752,44.1578],[-123.761779,44.157772],[-123.761815,44.157735],[-123.761857,44.157698],[-123.761873,44.157683],[-123.761924,44.157641],[-123.761965,44.15761],[-123.76202,44.157569],[-123.762065,44.15754],[-123.762112,44.157513],[-123.762153,44.157492],[-123.762209,44.157465],[-123.762282,44.157435],[-123.762334,44.157416],[-123.762377,44.157402],[-123.762418,44.157389],[-123.762469,44.157376],[-123.762499,44.157367],[-123.762559,44.157351],[-123.76262,44.157334],[-123.762685,44.157317],[-123.762741,44.157301],[-123.762821,44.157279],[-123.762924,44.157253],[-123.762974,44.157242],[-123.763049,44.157227],[-123.763137,44.157214],[-123.763228,44.157202],[-123.763286,44.157195],[-123.763346,44.15719],[-123.763407,44.157185],[-123.763452,44.157181],[-123.763516,44.157173],[-123.763591,44.157163],[-123.763623,44.157159],[-123.763672,44.157152],[-123.763713,44.157146],[-123.763747,44.157141],[-123.763819,44.15713],[-123.763874,44.157121],[-123.763922,44.157114],[-123.763995,44.157103],[-123.76404,44.157096],[-123.764091,44.157088],[-123.764147,44.157079],[-123.764209,44.157069],[-123.764283,44.157058],[-123.764354,44.157048],[-123.764403,44.157043],[-123.764458,44.157039],[-123.76454,44.157035],[-123.764595,44.157035],[-123.764641,44.157035],[-123.764694,44.157038],[-123.76475,44.157041],[-123.764798,44.157046],[-123.764837,44.157051],[-123.764885,44.157057],[-123.764942,44.157063],[-123.764965,44.157066],[-123.765034,44.157074],[-123.765094,44.157082],[-123.76517,44.15709],[-123.765229,44.157096],[-123.765294,44.1571],[-123.765343,44.157103],[-123.765412,44.157105],[-123.76547,44.157105],[-123.765529,44.157106],[-123.765603,44.157107],[-123.765663,44.157108],[-123.76575,44.157109],[-123.765809,44.157109],[-123.765856,44.157109],[-123.765937,44.157103],[-123.76597,44.1571],[-123.765993,44.157097],[-123.76604,44.157089],[-123.766081,44.157081],[-123.766127,44.157068],[-123.766167,44.157055],[-123.766191,44.157046],[-123.766219,44.157035],[-123.766268,44.157015],[-123.766303,44.157001],[-123.766334,44.156988],[-123.7664,44.156963],[-123.766447,44.156947],[-123.766509,44.156926],[-123.766573,44.156906],[-123.766626,44.156891],[-123.766688,44.156873],[-123.76674,44.156858],[-123.766814,44.156839],[-123.766858,44.156828],[-123.766907,44.156816],[-123.766963,44.156803],[-123.767019,44.156792],[-123.767104,44.156779],[-123.767165,44.156773],[-123.767212,44.15677],[-123.767282,44.156768]]],[[[-123.769062,44.158426],[-123.7716,44.158297],[-123.771599,44.158219],[-123.771599,44.158218],[-123.771475,44.158173],[-123.771424,44.158155],[-123.771355,44.158132],[-123.771293,44.158112],[-123.771238,44.158096],[-123.771176,44.158079],[-123.771109,44.15806],[-123.771033,44.158038],[-123.770966,44.158019],[-123.770879,44.157994],[-123.770797,44.157971],[-123.770725,44.157951],[-123.770667,44.157934],[-123.770608,44.157917],[-123.770566,44.157904],[-123.770515,44.157888],[-123.770425,44.15786],[-123.770352,44.157837],[-123.770276,44.157812],[-123.770214,44.157793],[-123.770135,44.157769],[-123.770106,44.15776],[-123.770064,44.157749],[-123.770026,44.157739],[-123.76995,44.15772],[-123.769906,44.157711],[-123.769861,44.157703],[-123.769784,44.157691],[-123.769731,44.157684],[-123.769645,44.157671],[-123.769578,44.157661],[-123.769516,44.157651],[-123.769443,44.15764],[-123.769392,44.157631],[-123.769302,44.157612],[-123.769229,44.157593],[-123.769199,44.157585],[-123.76914,44.157567],[-123.769081,44.157547],[-123.769012,44.157521],[-123.768953,44.157497],[-123.768897,44.157472],[-123.768833,44.157441],[-123.76879,44.157419],[-123.76874,44.157396],[-123.768714,44.157383],[-123.768678,44.157366],[-123.768623,44.15734],[-123.768582,44.15732],[-123.768521,44.157291],[-123.768467,44.157265],[-123.768412,44.157239],[-123.768356,44.157212],[-123.768311,44.157191],[-123.768265,44.157169],[-123.768199,44.157137],[-123.768156,44.157118],[-123.768121,44.157104],[-123.768068,44.157084],[-123.768036,44.157073],[-123.768,44.15706],[-123.767942,44.157042],[-123.767882,44.157025],[-123.767832,44.157012],[-123.767761,44.156995],[-123.76772,44.156986],[-123.767666,44.156976],[-123.767612,44.156966],[-123.767561,44.156958],[-123.7675,44.15695],[-123.767469,44.156946],[-123.767445,44.156943],[-123.76741,44.15694],[-123.767367,44.156936],[-123.767322,44.156934],[-123.767281,44.156933],[-123.767225,44.156934],[-123.767192,44.156937],[-123.767143,44.156941],[-123.767073,44.156952],[-123.767029,44.15696],[-123.76698,44.156972],[-123.766932,44.156984],[-123.76689,44.156994],[-123.766821,44.157012],[-123.766772,44.157026],[-123.76671,44.157044],[-123.766661,44.157058],[-123.766602,44.157076],[-123.766546,44.157095],[-123.766504,44.15711],[-123.766444,44.157133],[-123.766415,44.157144],[-123.766379,44.157159],[-123.76633,44.157179],[-123.7663,44.157191],[-123.766268,44.157203],[-123.766215,44.15722],[-123.766153,44.157237],[-123.766097,44.157249],[-123.766037,44.157258],[-123.766007,44.157262],[-123.765964,44.157267],[-123.765868,44.157273],[-123.76581,44.157274],[-123.765746,44.157273],[-123.765659,44.157272],[-123.765599,44.157271],[-123.765526,44.157271],[-123.765467,44.15727],[-123.765406,44.157269],[-123.76533,44.157267],[-123.765274,44.157264],[-123.765203,44.157259],[-123.765138,44.157253],[-123.765058,44.157244],[-123.764996,44.157237],[-123.764928,44.157229],[-123.764905,44.157226],[-123.764849,44.157219],[-123.764801,44.157214],[-123.764763,44.157209],[-123.764723,44.157205],[-123.764676,44.157202],[-123.764631,44.1572],[-123.764594,44.157199],[-123.764549,44.1572],[-123.764477,44.157203],[-123.764432,44.157206],[-123.764392,44.157211],[-123.764328,44.157219],[-123.764257,44.15723],[-123.764196,44.15724],[-123.764139,44.157249],[-123.764088,44.157257],[-123.764043,44.157263],[-123.763971,44.157275],[-123.763922,44.157282],[-123.763867,44.157291],[-123.763795,44.157302],[-123.76376,44.157307],[-123.763716,44.157314],[-123.763666,44.157321],[-123.763632,44.157325],[-123.763554,44.157335],[-123.763485,44.157343],[-123.763437,44.157348],[-123.763373,44.157354],[-123.763317,44.157358],[-123.763267,44.157364],[-123.76318,44.157375],[-123.763102,44.157387],[-123.763038,44.1574],[-123.762997,44.157409],[-123.7629,44.157434],[-123.762823,44.157455],[-123.762766,44.15747],[-123.762701,44.157488],[-123.76264,44.157505],[-123.762581,44.157521],[-123.762551,44.157529],[-123.762503,44.157542],[-123.762469,44.157553],[-123.762434,44.157564],[-123.762391,44.15758],[-123.762329,44.157605],[-123.762283,44.157628],[-123.76225,44.157644],[-123.762213,44.157666],[-123.762178,44.157688],[-123.76213,44.157723],[-123.762094,44.157751],[-123.762048,44.157789],[-123.762035,44.157801],[-123.761998,44.157834],[-123.761966,44.157867],[-123.761938,44.157896],[-123.761916,44.157917],[-123.761916,44.157918],[-123.766548,44.157669],[-123.769037,44.157535],[-123.769062,44.158426]]]]}},{"type":"Feature","properties":{"MAPTAXLOT":"1609230000100","MAPNUMBER":"16092300","TAXLOT":"100","ACCTNO":"0073542","MAPACRES":41.09367308},"geometry":{"type":"Polygon","coordinates":[[[-123.74902,44.169376],[-123.749091,44.170642],[-123.748401,44.171544],[-123.748009,44.172058],[-123.748877,44.172494],[-123.749015,44.172457],[-123.749906,44.172216],[-123.749936,44.172174],[-123.750376,44.171547],[-123.750276,44.169799],[-123.751094,44.169133],[-123.751452,44.168841],[-123.75159,44.168843],[-123.752014,44.16885],[-123.752453,44.168858],[-123.752511,44.168561],[-123.752627,44.167961],[-123.752647,44.167861],[-123.75278,44.167717],[-123.753182,44.167697],[-123.753548,44.167678],[-123.754245,44.167642],[-123.754102,44.167414],[-123.753791,44.166916],[-123.753739,44.166015],[-123.752813,44.166048],[-123.752516,44.165647],[-123.751938,44.164734],[-123.75124,44.164329],[-123.751082,44.164328],[-123.750949,44.164327],[-123.750899,44.164327],[-123.750666,44.164325],[-123.750665,44.164325],[-123.749963,44.164321],[-123.749976,44.16456],[-123.749979,44.164609],[-123.749991,44.164823],[-123.75017,44.167934],[-123.74902,44.169376]]]}},{"type":"Feature","properties":{"MAPTAXLOT":"1609250000077","MAPNUMBER":"16092500","TAXLOT":"77","ACCTNO":"000None","MAPACRES":20.03896071},"geometry":{"type":"MultiPolygon","coordinates":[[[[-123.719284,44.148192],[-123.719262,44.148204],[-123.719188,44.148245],[-123.719114,44.148285],[-123.719042,44.148325],[-123.718968,44.148365],[-123.718913,44.148395],[-123.718913,44.148395],[-123.718846,44.148432],[-123.718776,44.148471],[-123.718706,44.148514],[-123.718663,44.148542],[-123.718629,44.148565],[-123.718583,44.148599],[-123.718541,44.148632],[-123.718512,44.148657],[-123.718471,44.148696],[-123.718448,44.148719],[-123.718428,44.148741],[-123.718403,44.148769],[-123.718365,44.14882],[-123.718329,44.148875],[-123.718304,44.148921],[-123.718283,44.148966],[-123.718262,44.149018],[-123.718246,44.149065],[-123.718233,44.14911],[-123.718223,44.149161],[-123.718212,44.149234],[-123.718208,44.149301],[-123.71821,44.149354],[-123.718211,44.149389],[-123.718212,44.149426],[-123.718217,44.149509],[-123.718221,44.149597],[-123.718225,44.14969],[-123.718228,44.149748],[-123.718233,44.149866],[-123.718236,44.149928],[-123.718237,44.15],[-123.718238,44.150046],[-123.718236,44.150106],[-123.718233,44.150141],[-123.718231,44.15017],[-123.718226,44.150208],[-123.71822,44.15025],[-123.718211,44.150305],[-123.7182,44.150368],[-123.718191,44.150425],[-123.718184,44.150468],[-123.718174,44.150529],[-123.718167,44.150584],[-123.718161,44.150639],[-123.718157,44.150695],[-123.718153,44.150769],[-123.718152,44.150805],[-123.718152,44.150857],[-123.718154,44.150909],[-123.718155,44.15098],[-123.718158,44.151069],[-123.71816,44.151126],[-123.718162,44.151177],[-123.718168,44.151261],[-123.718172,44.15132],[-123.718178,44.151387],[-123.718184,44.15144],[-123.718189,44.151489],[-123.718194,44.151525],[-123.718199,44.151562],[-123.71821,44.151633],[-123.718222,44.151705],[-123.718234,44.151767],[-123.718248,44.151842],[-123.718269,44.151928],[-123.718285,44.151989],[-123.718306,44.152064],[-123.718332,44.152148],[-123.718347,44.152194],[-123.718362,44.152238],[-123.718385,44.152297],[-123.718421,44.152385],[-123.718468,44.152487],[-123.718503,44.152559],[-123.718526,44.152605],[-123.718538,44.152629],[-123.71858,44.152704],[-123.718625,44.152778],[-123.71867,44.152851],[-123.718714,44.152921],[-123.718743,44.15297],[-123.718789,44.153046],[-123.718834,44.153119],[-123.718884,44.1532],[-123.718884,44.153201],[-123.718941,44.153293],[-123.718982,44.15336],[-123.719012,44.153408],[-123.719045,44.153464],[-123.719072,44.15351],[-123.719097,44.153555],[-123.719123,44.153603],[-123.719144,44.153644],[-123.719158,44.153676],[-123.719172,44.153709],[-123.719191,44.153758],[-123.719208,44.153812],[-123.719225,44.153873],[-123.719238,44.153934],[-123.719248,44.153982],[-123.719257,44.154039],[-123.719264,44.154114],[-123.719267,44.154167],[-123.719267,44.154207],[-123.719265,44.154227],[-123.719256,44.154283],[-123.719242,44.154333],[-123.719223,44.154381],[-123.719193,44.154442],[-123.719161,44.154507],[-123.719133,44.154566],[-123.719104,44.154625],[-123.719077,44.154681],[-123.719045,44.154746],[-123.719017,44.154804],[-123.718998,44.154845],[-123.718989,44.154864],[-123.718979,44.154882],[-123.718951,44.154926],[-123.718932,44.154953],[-123.718888,44.155002],[-123.718874,44.155016],[-123.718833,44.155049],[-123.71879,44.155078],[-123.718737,44.155109],[-123.718687,44.155134],[-123.718648,44.15515],[-123.718609,44.155166],[-123.718538,44.155196],[-123.718475,44.155222],[-123.718473,44.155223],[-123.718393,44.155257],[-123.718306,44.155293],[-123.718218,44.155331],[-123.718127,44.15537],[-123.718025,44.155415],[-123.717967,44.155441],[-123.717911,44.155467],[-123.717866,44.155487],[-123.717823,44.155506],[-123.717752,44.155538],[-123.717664,44.155578],[-123.717589,44.155611],[-123.717508,44.155648],[-123.717424,44.155686],[-123.717351,44.155719],[-123.717277,44.155752],[-123.717277,44.155752],[-123.717202,44.155786],[-123.717156,44.155807],[-123.717098,44.155832],[-123.717046,44.155852],[-123.716982,44.155874],[-123.716914,44.155895],[-123.716855,44.155911],[-123.716805,44.155923],[-123.71676,44.155933],[-123.716698,44.155945],[-123.716698,44.155945],[-123.716612,44.155963],[-123.716541,44.155978],[-123.716465,44.155994],[-123.716377,44.156015],[-123.716309,44.156036],[-123.71623,44.156067],[-123.716162,44.156098],[-123.716122,44.156119],[-123.716092,44.156136],[-123.716063,44.156154],[-123.716021,44.156181],[-123.71598,44.156211],[-123.715936,44.156243],[-123.715912,44.15626],[-123.715907,44.156264],[-123.716464,44.156288],[-123.716475,44.156284],[-123.716514,44.156271],[-123.716579,44.156255],[-123.716646,44.156242],[-123.716718,44.156227],[-123.716804,44.156209],[-123.716866,44.156196],[-123.716917,44.156185],[-123.716982,44.15617],[-123.717057,44.15615],[-123.71714,44.156124],[-123.717221,44.156096],[-123.717288,44.156069],[-123.717355,44.15604],[-123.717404,44.156018],[-123.717479,44.155984],[-123.717553,44.155951],[-123.717625,44.155919],[-123.71771,44.155881],[-123.717791,44.155844],[-123.717866,44.155811],[-123.717954,44.155771],[-123.718025,44.155739],[-123.718067,44.15572],[-123.718112,44.1557],[-123.718169,44.155674],[-123.718227,44.155648],[-123.718325,44.155604],[-123.718414,44.155566],[-123.718466,44.155544],[-123.718499,44.155529],[-123.718584,44.155494],[-123.718666,44.15546],[-123.718729,44.155433],[-123.718799,44.155404],[-123.71884,44.155387],[-123.718892,44.155365],[-123.718966,44.155328],[-123.719042,44.155283],[-123.719105,44.155241],[-123.719166,44.155192],[-123.719201,44.15516],[-123.719265,44.155088],[-123.719295,44.155043],[-123.719329,44.15499],[-123.719345,44.154961],[-123.719358,44.154934],[-123.719377,44.154893],[-123.719405,44.154836],[-123.719436,44.154772],[-123.719463,44.154717],[-123.719493,44.154656],[-123.719521,44.154597],[-123.719553,44.154532],[-123.719585,44.154465],[-123.719613,44.154399],[-123.719633,44.154326],[-123.719645,44.154251],[-123.719648,44.154216],[-123.719648,44.154162],[-123.719645,44.154099],[-123.719636,44.154013],[-123.719626,44.153947],[-123.719615,44.153893],[-123.7196,44.153825],[-123.719581,44.153754],[-123.71956,44.153691],[-123.719538,44.153634],[-123.719522,44.153594],[-123.719504,44.153555],[-123.71948,44.153507],[-123.719451,44.153454],[-123.719425,44.153407],[-123.719397,44.153358],[-123.719361,44.153297],[-123.719329,44.153247],[-123.71929,44.153183],[-123.719232,44.153089],[-123.719182,44.153008],[-123.719138,44.152935],[-123.719092,44.15286],[-123.719063,44.152811],[-123.719018,44.15274],[-123.719018,44.152739],[-123.718974,44.152667],[-123.718931,44.152598],[-123.718894,44.152532],[-123.718862,44.152467],[-123.718828,44.152399],[-123.718785,44.152302],[-123.718751,44.152222],[-123.718731,44.152169],[-123.718717,44.152129],[-123.718703,44.152086],[-123.718678,44.152007],[-123.718659,44.151936],[-123.718644,44.151879],[-123.718625,44.1518],[-123.718611,44.151728],[-123.718599,44.15167],[-123.718588,44.151603],[-123.718578,44.151535],[-123.718574,44.151498],[-123.718569,44.151464],[-123.718564,44.151418],[-123.718558,44.151367],[-123.718553,44.151313],[-123.718552,44.151303],[-123.718548,44.151248],[-123.718543,44.151168],[-123.718541,44.151119],[-123.718539,44.151062],[-123.718536,44.150975],[-123.718534,44.150903],[-123.718533,44.150854],[-123.718533,44.150809],[-123.718534,44.150777],[-123.718538,44.150707],[-123.718541,44.150657],[-123.718547,44.150608],[-123.718553,44.150558],[-123.718563,44.150498],[-123.718569,44.150456],[-123.718579,44.150402],[-123.71859,44.150338],[-123.718599,44.15028],[-123.718606,44.150235],[-123.718611,44.150189],[-123.718614,44.150156],[-123.718617,44.150117],[-123.718619,44.150048],[-123.718618,44.149997],[-123.718617,44.149921],[-123.718614,44.149857],[-123.718609,44.149739],[-123.718605,44.14968],[-123.718601,44.149588],[-123.718598,44.1495],[-123.718593,44.149418],[-123.718592,44.149381],[-123.71859,44.149345],[-123.718589,44.149304],[-123.718592,44.149254],[-123.718596,44.149227],[-123.718601,44.149196],[-123.718609,44.149157],[-123.718618,44.149125],[-123.71863,44.149088],[-123.718646,44.149049],[-123.718663,44.149015],[-123.71868,44.148983],[-123.718705,44.148944],[-123.718733,44.148907],[-123.718748,44.14889],[-123.718762,44.148874],[-123.718777,44.148859],[-123.718809,44.148829],[-123.718827,44.148813],[-123.71886,44.148788],[-123.718898,44.14876],[-123.718923,44.148742],[-123.718957,44.14872],[-123.719015,44.148685],[-123.719078,44.14865],[-123.719144,44.148613],[-123.719199,44.148584],[-123.719273,44.148543],[-123.719345,44.148503],[-123.719418,44.148464],[-123.719521,44.148407],[-123.719559,44.148386],[-123.719635,44.148345],[-123.719643,44.14834],[-123.719896,44.148208],[-123.720985,44.147586],[-123.723274,44.146325],[-123.724071,44.145885],[-123.724299,44.145739],[-123.724584,44.145556],[-123.72463,44.145531],[-123.725145,44.145247],[-123.725205,44.145213],[-123.725803,44.144884],[-123.725929,44.144814],[-123.725981,44.144785],[-123.726032,44.144756],[-123.726082,44.144726],[-123.726132,44.144695],[-123.72618,44.144663],[-123.726228,44.144631],[-123.726275,44.144598],[-123.726313,44.144572],[-123.726589,44.144371],[-123.726981,44.144087],[-123.727015,44.144061],[-123.727049,44.144035],[-123.727083,44.144009],[-123.727115,44.143982],[-123.72712,44.143978],[-123.726865,44.143813],[-123.726856,44.143821],[-123.726827,44.143844],[-123.726798,44.143868],[-123.726768,44.143891],[-123.726737,44.143913],[-123.726096,44.144417],[-123.725167,44.144976],[-123.724971,44.145084],[-123.723891,44.145361],[-123.723178,44.145373],[-123.722797,44.145194],[-123.722187,44.144659],[-123.721633,44.144136],[-123.721402,44.143853],[-123.721186,44.143656],[-123.7209,44.143595],[-123.720675,44.143665],[-123.720405,44.143749],[-123.720419,44.143772],[-123.718686,44.143944],[-123.718681,44.144294],[-123.718798,44.144465],[-123.718926,44.144726],[-123.718773,44.14526],[-123.718859,44.14568],[-123.719016,44.146065],[-123.719089,44.146353],[-123.719371,44.146829],[-123.719656,44.147448],[-123.71974,44.147857],[-123.719725,44.147958],[-123.719665,44.14799],[-123.719558,44.148047],[-123.717178,44.148111],[-123.716116,44.148353],[-123.714417,44.148392],[-123.714286,44.147128],[-123.714044,44.1464],[-123.713942,44.14633],[-123.713939,44.146524],[-123.713938,44.146668],[-123.714097,44.147149],[-123.714241,44.148533],[-123.716148,44.14849],[-123.717211,44.148247],[-123.719284,44.148192]],[[-123.724445,44.145425],[-123.724143,44.145592],[-123.723892,44.145716],[-123.723806,44.145726],[-123.722857,44.146249],[-123.72078,44.147393],[-123.719892,44.147869],[-123.719894,44.147855],[-123.719805,44.147422],[-123.719514,44.14679],[-123.719236,44.146321],[-123.719164,44.146039],[-123.719008,44.145656],[-123.718928,44.145263],[-123.719083,44.144719],[-123.718939,44.144423],[-123.718833,44.144269],[-123.718837,44.14404],[-123.720481,44.143876],[-123.720495,44.1439],[-123.720769,44.143815],[-123.720914,44.143769],[-123.721052,44.143799],[-123.721213,44.143946],[-123.721443,44.144228],[-123.722008,44.144761],[-123.722643,44.145318],[-123.723112,44.145539],[-123.723933,44.145525],[-123.724451,44.145392],[-123.724445,44.145425]]],[[[-123.713815,44.155461],[-123.713812,44.155629],[-123.713811,44.155751],[-123.713862,44.155778],[-123.713916,44.155806],[-123.713992,44.155846],[-123.714061,44.155883],[-123.714111,44.155913],[-123.714177,44.155954],[-123.714202,44.155972],[-123.714251,44.156007],[-123.714282,44.156032],[-123.714305,44.156051],[-123.714347,44.156091],[-123.714376,44.15612],[-123.714388,44.156134],[-123.714404,44.156152],[-123.714422,44.156174],[-123.714441,44.156201],[-123.714442,44.156202],[-123.714867,44.15622],[-123.714863,44.156213],[-123.714828,44.15615],[-123.714818,44.156133],[-123.714783,44.15608],[-123.714757,44.156043],[-123.71473,44.15601],[-123.71471,44.155986],[-123.714692,44.155966],[-123.714654,44.155928],[-123.7146,44.155877],[-123.714567,44.15585],[-123.714527,44.155818],[-123.71447,44.155777],[-123.714436,44.155753],[-123.714358,44.155703],[-123.714296,44.155667],[-123.714219,44.155626],[-123.71414,44.155584],[-123.714086,44.155556],[-123.714025,44.155524],[-123.713937,44.155478],[-123.713873,44.155444],[-123.713816,44.155414],[-123.713815,44.155461]]]]}},{"type":"Feature","properties":{"MAPTAXLOT":"1609250000100","MAPNUMBER":"16092500","TAXLOT":"100","ACCTNO":"0073559","MAPACRES":0.35017179},"geometry":{"type":"Polygon","coordinates":[[[-123.713805,44.156176],[-123.714442,44.156202],[-123.714441,44.156201],[-123.714422,44.156174],[-123.714404,44.156152],[-123.714388,44.156134],[-123.714376,44.15612],[-123.714347,44.156091],[-123.714305,44.156051],[-123.714282,44.156032],[-123.714251,44.156007],[-123.714202,44.155972],[-123.714177,44.155954],[-123.714111,44.155913],[-123.714061,44.155883],[-123.713992,44.155846],[-123.713916,44.155806],[-123.713862,44.155778],[-123.713811,44.155751],[-123.713805,44.156176]]]}},{"type":"Feature","properties":{"MAPTAXLOT":"1609250000101","MAPNUMBER":"16092500","TAXLOT":"101","ACCTNO":"1176666","MAPACRES":49.25819002},"geometry":{"type":"MultiPolygon","coordinates":[[[[-123.714417,44.148392],[-123.716116,44.148353],[-123.717178,44.148111],[-123.719558,44.148047],[-123.719665,44.14799],[-123.719725,44.147958],[-123.71974,44.147857],[-123.719656,44.147448],[-123.719371,44.146829],[-123.719089,44.146353],[-123.719016,44.146065],[-123.718859,44.14568],[-123.718773,44.14526],[-123.718926,44.144726],[-123.718798,44.144465],[-123.718681,44.144294],[-123.718686,44.143944],[-123.717501,44.143832],[-123.713973,44.143838],[-123.713958,44.145016],[-123.713953,44.14544],[-123.713942,44.14633],[-123.714044,44.1464],[-123.714286,44.147128],[-123.714417,44.148392]]],[[[-123.713935,44.146875],[-123.713911,44.148736],[-123.713908,44.149015],[-123.714241,44.148533],[-123.714097,44.147149],[-123.713938,44.146668],[-123.713935,44.146875]]]]}},{"type":"Feature","properties":{"MAPTAXLOT":"1609250000102","MAPNUMBER":"16092500","TAXLOT":"102","ACCTNO":"1405776","MAPACRES":58.42337357},"geometry":{"type":"Polygon","coordinates":[[[-123.716419,44.154419],[-123.717169,44.154627],[-123.717882,44.154784],[-123.718409,44.15477],[-123.718482,44.15475],[-123.718522,44.152799],[-123.718526,44.152605],[-123.718503,44.152559],[-123.718468,44.152487],[-123.718421,44.152385],[-123.718385,44.152297],[-123.718362,44.152238],[-123.718347,44.152194],[-123.718332,44.152148],[-123.718306,44.152064],[-123.718285,44.151989],[-123.718269,44.151928],[-123.718248,44.151842],[-123.718234,44.151767],[-123.718222,44.151705],[-123.71821,44.151633],[-123.718199,44.151562],[-123.718194,44.151525],[-123.718189,44.151489],[-123.718184,44.15144],[-123.718178,44.151387],[-123.718172,44.15132],[-123.718168,44.151261],[-123.718162,44.151177],[-123.71816,44.151126],[-123.718158,44.151069],[-123.718155,44.15098],[-123.718154,44.150909],[-123.718152,44.150857],[-123.718152,44.150805],[-123.718153,44.150769],[-123.718157,44.150695],[-123.718161,44.150639],[-123.718167,44.150584],[-123.718174,44.150529],[-123.718184,44.150468],[-123.718191,44.150425],[-123.7182,44.150368],[-123.718211,44.150305],[-123.71822,44.15025],[-123.718226,44.150208],[-123.718231,44.15017],[-123.718233,44.150141],[-123.718236,44.150106],[-123.718238,44.150046],[-123.718237,44.15],[-123.718236,44.149928],[-123.718233,44.149866],[-123.718228,44.149748],[-123.718225,44.14969],[-123.718221,44.149597],[-123.718217,44.149509],[-123.718212,44.149426],[-123.718211,44.149389],[-123.71821,44.149354],[-123.718208,44.149301],[-123.718212,44.149234],[-123.718223,44.149161],[-123.718233,44.14911],[-123.718246,44.149065],[-123.718262,44.149018],[-123.718283,44.148966],[-123.718304,44.148921],[-123.718329,44.148875],[-123.718365,44.14882],[-123.718403,44.148769],[-123.718428,44.148741],[-123.718448,44.148719],[-123.718471,44.148696],[-123.718512,44.148657],[-123.718541,44.148632],[-123.718583,44.148599],[-123.718629,44.148565],[-123.718663,44.148542],[-123.718706,44.148514],[-123.718776,44.148471],[-123.718846,44.148432],[-123.718913,44.148395],[-123.718913,44.148395],[-123.718968,44.148365],[-123.719042,44.148325],[-123.719114,44.148285],[-123.719188,44.148245],[-123.719262,44.148204],[-123.719284,44.148192],[-123.717211,44.148247],[-123.716148,44.14849],[-123.714241,44.148533],[-123.713908,44.149015],[-123.713858,44.152456],[-123.713858,44.152456],[-123.713856,44.152595],[-123.71384,44.153734],[-123.713919,44.153754],[-123.715102,44.154152],[-123.715773,44.154184],[-123.716419,44.154419]]]}},{"type":"Feature","properties":{"MAPTAXLOT":"1609250000103","MAPNUMBER":"16092500","TAXLOT":"103","ACCTNO":"1444932","MAPACRES":1.5982945},"geometry":{"type":"Polygon","coordinates":[[[-123.716464,44.156288],[-123.718449,44.156371],[-123.718466,44.155544],[-123.718414,44.155566],[-123.718325,44.155604],[-123.718227,44.155648],[-123.718169,44.155674],[-123.718112,44.1557],[-123.718067,44.15572],[-123.718025,44.155739],[-123.717954,44.155771],[-123.717866,44.155811],[-123.717791,44.155844],[-123.71771,44.155881],[-123.717625,44.155919],[-123.717553,44.155951],[-123.717479,44.155984],[-123.717404,44.156018],[-123.717355,44.15604],[-123.717288,44.156069],[-123.717221,44.156096],[-123.71714,44.156124],[-123.717057,44.15615],[-123.716982,44.15617],[-123.716917,44.156185],[-123.716866,44.156196],[-123.716804,44.156209],[-123.716718,44.156227],[-123.716646,44.156242],[-123.716579,44.156255],[-123.716514,44.156271],[-123.716475,44.156284],[-123.716464,44.156288]]]}},{"type":"Feature","properties":{"MAPTAXLOT":"1609250000200","MAPNUMBER":"16092500","TAXLOT":"200","ACCTNO":"0073567","MAPACRES":215.45310159},"geometry":{"type":"MultiPolygon","coordinates":[[[[-123.719451,44.153454],[-123.71948,44.153507],[-123.719504,44.153555],[-123.719522,44.153594],[-123.719538,44.153634],[-123.71956,44.153691],[-123.719581,44.153754],[-123.7196,44.153825],[-123.719615,44.153893],[-123.719626,44.153947],[-123.719636,44.154013],[-123.719645,44.154099],[-123.719648,44.154162],[-123.719648,44.154216],[-123.719645,44.154251],[-123.719633,44.154326],[-123.719613,44.154399],[-123.719585,44.154465],[-123.719553,44.154532],[-123.719521,44.154597],[-123.719493,44.154656],[-123.719463,44.154717],[-123.719436,44.154772],[-123.719405,44.154836],[-123.719377,44.154893],[-123.719358,44.154934],[-123.719345,44.154961],[-123.719329,44.15499],[-123.719295,44.155043],[-123.719265,44.155088],[-123.719201,44.15516],[-123.719166,44.155192],[-123.719105,44.155241],[-123.719042,44.155283],[-123.718966,44.155328],[-123.718892,44.155365],[-123.71884,44.155387],[-123.718799,44.155404],[-123.718729,44.155433],[-123.718666,44.15546],[-123.718584,44.155494],[-123.718499,44.155529],[-123.718466,44.155544],[-123.718449,44.156371],[-123.723093,44.156567],[-123.73239,44.156973],[-123.732456,44.149853],[-123.732725,44.146249],[-123.729611,44.146116],[-123.729418,44.146107],[-123.729267,44.146101],[-123.728868,44.146084],[-123.728051,44.146049],[-123.728051,44.146049],[-123.727997,44.147135],[-123.727979,44.14748],[-123.72787,44.149644],[-123.727806,44.153208],[-123.723189,44.153003],[-123.723284,44.149439],[-123.718596,44.149227],[-123.718592,44.149254],[-123.718589,44.149304],[-123.71859,44.149345],[-123.718592,44.149381],[-123.718593,44.149418],[-123.718598,44.1495],[-123.718601,44.149588],[-123.718605,44.14968],[-123.718609,44.149739],[-123.718614,44.149857],[-123.718617,44.149921],[-123.718618,44.149997],[-123.718619,44.150048],[-123.718617,44.150117],[-123.718614,44.150156],[-123.718611,44.150189],[-123.718606,44.150235],[-123.718599,44.15028],[-123.71859,44.150338],[-123.718579,44.150402],[-123.718569,44.150456],[-123.718563,44.150498],[-123.718553,44.150558],[-123.718547,44.150608],[-123.718541,44.150657],[-123.718538,44.150707],[-123.718534,44.150777],[-123.718533,44.150809],[-123.718533,44.150854],[-123.718534,44.150903],[-123.718536,44.150975],[-123.718539,44.151062],[-123.718541,44.151119],[-123.718543,44.151168],[-123.718548,44.151248],[-123.718552,44.151303],[-123.718553,44.151313],[-123.718558,44.151367],[-123.718564,44.151418],[-123.718569,44.151464],[-123.718574,44.151498],[-123.718578,44.151535],[-123.718588,44.151603],[-123.718599,44.15167],[-123.718611,44.151728],[-123.718625,44.1518],[-123.718644,44.151879],[-123.718659,44.151936],[-123.718678,44.152007],[-123.718703,44.152086],[-123.718717,44.152129],[-123.718731,44.152169],[-123.718751,44.152222],[-123.718785,44.152302],[-123.718828,44.152399],[-123.718862,44.152467],[-123.718894,44.152532],[-123.718931,44.152598],[-123.718974,44.152667],[-123.719018,44.152739],[-123.719018,44.15274],[-123.719063,44.152811],[-123.719092,44.15286],[-123.719138,44.152935],[-123.719182,44.153008],[-123.719232,44.153089],[-123.71929,44.153183],[-123.719329,44.153247],[-123.719361,44.153297],[-123.719397,44.153358],[-123.719425,44.153407],[-123.719451,44.153454]]],[[[-123.718522,44.152799],[-123.718482,44.15475],[-123.718473,44.155223],[-123.718475,44.155222],[-123.718538,44.155196],[-123.718609,44.155166],[-123.718648,44.15515],[-123.718687,44.155134],[-123.718737,44.155109],[-123.71879,44.155078],[-123.718833,44.155049],[-123.718874,44.155016],[-123.718888,44.155002],[-123.718932,44.154953],[-123.718951,44.154926],[-123.718979,44.154882],[-123.718989,44.154864],[-123.718998,44.154845],[-123.719017,44.154804],[-123.719045,44.154746],[-123.719077,44.154681],[-123.719104,44.154625],[-123.719133,44.154566],[-123.719161,44.154507],[-123.719193,44.154442],[-123.719223,44.154381],[-123.719242,44.154333],[-123.719256,44.154283],[-123.719265,44.154227],[-123.719267,44.154207],[-123.719267,44.154167],[-123.719264,44.154114],[-123.719257,44.154039],[-123.719248,44.153982],[-123.719238,44.153934],[-123.719225,44.153873],[-123.719208,44.153812],[-123.719191,44.153758],[-123.719172,44.153709],[-123.719158,44.153676],[-123.719144,44.153644],[-123.719123,44.153603],[-123.719097,44.153555],[-123.719072,44.15351],[-123.719045,44.153464],[-123.719012,44.153408],[-123.718982,44.15336],[-123.718941,44.153293],[-123.718884,44.153201],[-123.718884,44.1532],[-123.718834,44.153119],[-123.718789,44.153046],[-123.718743,44.15297],[-123.718714,44.152921],[-123.71867,44.152851],[-123.718625,44.152778],[-123.71858,44.152704],[-123.718538,44.152629],[-123.718526,44.152605],[-123.718522,44.152799]]]]}},{"type":"Feature","properties":{"MAPTAXLOT":"1609250000300","MAPNUMBER":"16092500","TAXLOT":"300","ACCTNO":"0073575","MAPACRES":36.06598385},"geometry":{"type":"Polygon","coordinates":[[[-123.723189,44.153003],[-123.727806,44.153208],[-123.72787,44.149644],[-123.723284,44.149439],[-123.723189,44.153003]]]}},{"type":"Feature","properties":{"MAPTAXLOT":"1609250000400","MAPNUMBER":"16092500","TAXLOT":"400","ACCTNO":"0073583","MAPACRES":3.59309098},"geometry":{"type":"Polygon","coordinates":[[[-123.720769,44.143815],[-123.721702,44.144963],[-123.722707,44.146197],[-123.722857,44.146249],[-123.723806,44.145726],[-123.723892,44.145716],[-123.724143,44.145592],[-123.724445,44.145425],[-123.724451,44.145392],[-123.723933,44.145525],[-123.723112,44.145539],[-123.722643,44.145318],[-123.722008,44.144761],[-123.721443,44.144228],[-123.721213,44.143946],[-123.721052,44.143799],[-123.720914,44.143769],[-123.720769,44.143815]]]}},{"type":"Feature","properties":{"MAPTAXLOT":"1609250000401","MAPNUMBER":"16092500","TAXLOT":"401","ACCTNO":"1136496","MAPACRES":20.57293312},"geometry":{"type":"Polygon","coordinates":[[[-123.720481,44.143876],[-123.718837,44.14404],[-123.718833,44.144269],[-123.718939,44.144423],[-123.719083,44.144719],[-123.718928,44.145263],[-123.719008,44.145656],[-123.719164,44.146039],[-123.719236,44.146321],[-123.719514,44.14679],[-123.719805,44.147422],[-123.719894,44.147855],[-123.719892,44.147869],[-123.72078,44.147393],[-123.722857,44.146249],[-123.722707,44.146197],[-123.721702,44.144963],[-123.720769,44.143815],[-123.720495,44.1439],[-123.720481,44.143876]]]}},{"type":"Feature","properties":{"MAPTAXLOT":"1609250000402","MAPNUMBER":"16092500","TAXLOT":"402","ACCTNO":"1138120","MAPACRES":39.66858556},"geometry":{"type":"Polygon","coordinates":[[[-123.723284,44.149439],[-123.72787,44.149644],[-123.727979,44.14748],[-123.727765,44.14784],[-123.726669,44.148321],[-123.726038,44.148364],[-123.72557,44.148174],[-123.725657,44.147817],[-123.725808,44.147357],[-123.725777,44.147263],[-123.725724,44.147106],[-123.725432,44.146912],[-123.724675,44.146578],[-123.723983,44.146634],[-123.72336,44.146362],[-123.723274,44.146325],[-123.720985,44.147586],[-123.719896,44.148208],[-123.719643,44.14834],[-123.719635,44.148345],[-123.719559,44.148386],[-123.719521,44.148407],[-123.719418,44.148464],[-123.719345,44.148503],[-123.719273,44.148543],[-123.719199,44.148584],[-123.719144,44.148613],[-123.719078,44.14865],[-123.719015,44.148685],[-123.718957,44.14872],[-123.718923,44.148742],[-123.718898,44.14876],[-123.71886,44.148788],[-123.718827,44.148813],[-123.718809,44.148829],[-123.718777,44.148859],[-123.718762,44.148874],[-123.718748,44.14889],[-123.718733,44.148907],[-123.718705,44.148944],[-123.71868,44.148983],[-123.718663,44.149015],[-123.718646,44.149049],[-123.71863,44.149088],[-123.718618,44.149125],[-123.718609,44.149157],[-123.718601,44.149196],[-123.718596,44.149227],[-123.723284,44.149439]]]}},{"type":"Feature","properties":{"MAPTAXLOT":"1609250000403","MAPNUMBER":"16092500","TAXLOT":"403","ACCTNO":"1177326","MAPACRES":4.97498648},"geometry":{"type":"Polygon","coordinates":[[[-123.725777,44.147263],[-123.725808,44.147357],[-123.725657,44.147817],[-123.72557,44.148174],[-123.726038,44.148364],[-123.726669,44.148321],[-123.727765,44.14784],[-123.727763,44.147839],[-123.726732,44.14678],[-123.725205,44.145213],[-123.725145,44.145247],[-123.725733,44.145851],[-123.72667,44.146812],[-123.725777,44.147263]]]}},{"type":"Feature","properties":{"MAPTAXLOT":"1609250000405","MAPNUMBER":"16092500","TAXLOT":"405","ACCTNO":"1233632","MAPACRES":6.49774099},"geometry":{"type":"Polygon","coordinates":[[[-123.723983,44.146634],[-123.724675,44.146578],[-123.725432,44.146912],[-123.725724,44.147106],[-123.725777,44.147263],[-123.72667,44.146812],[-123.725733,44.145851],[-123.725145,44.145247],[-123.72463,44.145531],[-123.724584,44.145556],[-123.724299,44.145739],[-123.724071,44.145885],[-123.723274,44.146325],[-123.72336,44.146362],[-123.723983,44.146634]]]}},{"type":"Feature","properties":{"MAPTAXLOT":"1609250000406","MAPNUMBER":"16092500","TAXLOT":"406","ACCTNO":"1233640","MAPACRES":4.99880886},"geometry":{"type":"Polygon","coordinates":[[[-123.727763,44.147839],[-123.727765,44.14784],[-123.727979,44.14748],[-123.727997,44.147135],[-123.725803,44.144884],[-123.725205,44.145213],[-123.726732,44.14678],[-123.727763,44.147839]]]}},{"type":"Feature","properties":{"MAPTAXLOT":"1609250000407","MAPNUMBER":"16092500","TAXLOT":"407","ACCTNO":"1238490","MAPACRES":6.13989009},"geometry":{"type":"Polygon","coordinates":[[[-123.727115,44.143982],[-123.727083,44.144009],[-123.727049,44.144035],[-123.727015,44.144061],[-123.726981,44.144087],[-123.726589,44.144371],[-123.726589,44.144371],[-123.728053,44.146022],[-123.729267,44.146073],[-123.729434,44.146081],[-123.729506,44.145911],[-123.729467,44.145785],[-123.729378,44.145633],[-123.729301,44.14548],[-123.72929,44.145469],[-123.729136,44.145301],[-123.729111,44.145262],[-123.728856,44.145097],[-123.72712,44.143978],[-123.727115,44.143982]]]}},{"type":"Feature","properties":{"MAPTAXLOT":"1609250000408","MAPNUMBER":"16092500","TAXLOT":"408","ACCTNO":"1247368","MAPACRES":5.12628504},"geometry":{"type":"Polygon","coordinates":[[[-123.727997,44.147135],[-123.728051,44.146049],[-123.728051,44.146049],[-123.728868,44.146084],[-123.729267,44.146101],[-123.729418,44.146107],[-123.729434,44.146083],[-123.729434,44.146081],[-123.729267,44.146073],[-123.728053,44.146022],[-123.726589,44.144371],[-123.726589,44.144371],[-123.726313,44.144572],[-123.726275,44.144598],[-123.726228,44.144631],[-123.72618,44.144663],[-123.726132,44.144695],[-123.726082,44.144726],[-123.726032,44.144756],[-123.725981,44.144785],[-123.725929,44.144814],[-123.725803,44.144884],[-123.727997,44.147135]]]}},{"type":"Feature","properties":{"MAPTAXLOT":"1609250000409","MAPNUMBER":"16092500","TAXLOT":"409","ACCTNO":"1402328","MAPACRES":36.2991987},"geometry":{"type":"Polygon","coordinates":[[[-123.720675,44.143665],[-123.7209,44.143595],[-123.721186,44.143656],[-123.721402,44.143853],[-123.721633,44.144136],[-123.722187,44.144659],[-123.722797,44.145194],[-123.723178,44.145373],[-123.723891,44.145361],[-123.724971,44.145084],[-123.725167,44.144976],[-123.726096,44.144417],[-123.726737,44.143913],[-123.726768,44.143891],[-123.726798,44.143868],[-123.726827,44.143844],[-123.726856,44.143821],[-123.726865,44.143813],[-123.726884,44.143797],[-123.726911,44.143773],[-123.726939,44.143748],[-123.726965,44.143723],[-123.726991,44.143698],[-123.727016,44.143672],[-123.72704,44.143646],[-123.727064,44.14362],[-123.727088,44.143593],[-123.72711,44.143566],[-123.727132,44.143539],[-123.727154,44.143512],[-123.727174,44.143484],[-123.727194,44.143456],[-123.727214,44.143428],[-123.727232,44.1434],[-123.72725,44.143371],[-123.727267,44.143342],[-123.727284,44.143313],[-123.7273,44.143284],[-123.727315,44.143254],[-123.727329,44.143225],[-123.727343,44.143195],[-123.727351,44.143177],[-123.727671,44.142431],[-123.725854,44.142358],[-123.723476,44.142262],[-123.721106,44.142163],[-123.719394,44.142091],[-123.719661,44.142335],[-123.720226,44.143028],[-123.720615,44.143581],[-123.720675,44.143665]]]}},{"type":"Feature","properties":{"MAPTAXLOT":"1609250000500","MAPNUMBER":"16092500","TAXLOT":"500","ACCTNO":"1302759","MAPACRES":5.32769278},"geometry":{"type":"Polygon","coordinates":[[[-123.71612,44.15574],[-123.716047,44.155766],[-123.716006,44.155849],[-123.715871,44.155954],[-123.715952,44.155986],[-123.715875,44.15609],[-123.715992,44.156106],[-123.715963,44.156149],[-123.715887,44.1562],[-123.715912,44.15626],[-123.715936,44.156243],[-123.71598,44.156211],[-123.716021,44.156181],[-123.716063,44.156154],[-123.716092,44.156136],[-123.716122,44.156119],[-123.716162,44.156098],[-123.71623,44.156067],[-123.716309,44.156036],[-123.716377,44.156015],[-123.716465,44.155994],[-123.716541,44.155978],[-123.716612,44.155963],[-123.716698,44.155945],[-123.716698,44.155945],[-123.71676,44.155933],[-123.716805,44.155923],[-123.716855,44.155911],[-123.716914,44.155895],[-123.716982,44.155874],[-123.717046,44.155852],[-123.717098,44.155832],[-123.717156,44.155807],[-123.717202,44.155786],[-123.717277,44.155752],[-123.717277,44.155752],[-123.717351,44.155719],[-123.717424,44.155686],[-123.717508,44.155648],[-123.717589,44.155611],[-123.717664,44.155578],[-123.717752,44.155538],[-123.717823,44.155506],[-123.717866,44.155487],[-123.717911,44.155467],[-123.717967,44.155441],[-123.718025,44.155415],[-123.718127,44.15537],[-123.718218,44.155331],[-123.718306,44.155293],[-123.718393,44.155257],[-123.718473,44.155223],[-123.718482,44.15475],[-123.718409,44.15477],[-123.717882,44.154784],[-123.717169,44.154627],[-123.716419,44.154419],[-123.716336,44.154492],[-123.716335,44.154575],[-123.716173,44.154649],[-123.716172,44.154731],[-123.716305,44.154827],[-123.716261,44.154949],[-123.716377,44.155068],[-123.716563,44.155074],[-123.716635,44.15505],[-123.716635,44.15505],[-123.716636,44.155049],[-123.716636,44.155049],[-123.716637,44.155049],[-123.716638,44.155048],[-123.716638,44.155048],[-123.716639,44.155048],[-123.716639,44.155047],[-123.71664,44.155047],[-123.71664,44.155047],[-123.716641,44.155046],[-123.716642,44.155046],[-123.716642,44.155046],[-123.716643,44.155046],[-123.716643,44.155045],[-123.716644,44.155045],[-123.716645,44.155045],[-123.716645,44.155045],[-123.716646,44.155044],[-123.716647,44.155044],[-123.716647,44.155044],[-123.716648,44.155044],[-123.716649,44.155043],[-123.716649,44.155043],[-123.71665,44.155043],[-123.716651,44.155043],[-123.716651,44.155043],[-123.716652,44.155043],[-123.716653,44.155042],[-123.716654,44.155042],[-123.716654,44.155042],[-123.716655,44.155042],[-123.716656,44.155042],[-123.716656,44.155042],[-123.716657,44.155042],[-123.716658,44.155042],[-123.716659,44.155042],[-123.716659,44.155041],[-123.71666,44.155041],[-123.716661,44.155041],[-123.716661,44.155041],[-123.716662,44.155041],[-123.716663,44.155041],[-123.716664,44.155041],[-123.716664,44.155041],[-123.716665,44.155041],[-123.716666,44.155041],[-123.716667,44.155041],[-123.716667,44.155041],[-123.716668,44.155041],[-123.716669,44.155041],[-123.716669,44.155041],[-123.71667,44.155041],[-123.716671,44.155042],[-123.716672,44.155042],[-123.716672,44.155042],[-123.716673,44.155042],[-123.716674,44.155042],[-123.716674,44.155042],[-123.716675,44.155042],[-123.716676,44.155042],[-123.716677,44.155042],[-123.716677,44.155043],[-123.716678,44.155043],[-123.716679,44.155043],[-123.716679,44.155043],[-123.71668,44.155043],[-123.716681,44.155044],[-123.716681,44.155044],[-123.716682,44.155044],[-123.716683,44.155044],[-123.716683,44.155044],[-123.716684,44.155045],[-123.716685,44.155045],[-123.716685,44.155045],[-123.716686,44.155045],[-123.716687,44.155046],[-123.716687,44.155046],[-123.716688,44.155046],[-123.716688,44.155047],[-123.716689,44.155047],[-123.71669,44.155047],[-123.71669,44.155047],[-123.716691,44.155048],[-123.716691,44.155048],[-123.716692,44.155048],[-123.716692,44.155049],[-123.716693,44.155049],[-123.716693,44.15505],[-123.716694,44.15505],[-123.716695,44.15505],[-123.716695,44.155051],[-123.716696,44.155051],[-123.716696,44.155051],[-123.716696,44.155052],[-123.716697,44.155052],[-123.716697,44.155053],[-123.716698,44.155053],[-123.716698,44.155053],[-123.716699,44.155054],[-123.716699,44.155054],[-123.7167,44.155055],[-123.7167,44.155055],[-123.7167,44.155056],[-123.716701,44.155056],[-123.716701,44.155057],[-123.716701,44.155057],[-123.716702,44.155058],[-123.716702,44.155058],[-123.716702,44.155058],[-123.716703,44.155059],[-123.716703,44.155059],[-123.716703,44.15506],[-123.716704,44.15506],[-123.716704,44.155061],[-123.716704,44.155061],[-123.716704,44.155062],[-123.716705,44.155062],[-123.716705,44.155063],[-123.716705,44.155063],[-123.716705,44.155064],[-123.716705,44.155064],[-123.716705,44.155065],[-123.716706,44.155065],[-123.716706,44.155066],[-123.716706,44.155066],[-123.716706,44.155067],[-123.716706,44.155067],[-123.716706,44.155068],[-123.716706,44.155069],[-123.716706,44.155069],[-123.716706,44.15507],[-123.716706,44.15507],[-123.716706,44.155071],[-123.716706,44.155071],[-123.716706,44.155072],[-123.716706,44.155072],[-123.716706,44.155073],[-123.716706,44.155073],[-123.716706,44.155074],[-123.716706,44.155074],[-123.716706,44.155075],[-123.716706,44.155075],[-123.716706,44.155076],[-123.716706,44.155076],[-123.716706,44.155077],[-123.716706,44.155077],[-123.716705,44.155078],[-123.716705,44.155078],[-123.716705,44.155079],[-123.716705,44.155079],[-123.716705,44.15508],[-123.716704,44.15508],[-123.716704,44.155081],[-123.716704,44.155081],[-123.716704,44.155082],[-123.716703,44.155082],[-123.716703,44.155083],[-123.716703,44.155083],[-123.716703,44.155084],[-123.716702,44.155084],[-123.716702,44.155085],[-123.716702,44.155085],[-123.716701,44.155086],[-123.716701,44.155086],[-123.716701,44.155087],[-123.7167,44.155087],[-123.7167,44.155088],[-123.716699,44.155088],[-123.716699,44.155088],[-123.716699,44.155089],[-123.716698,44.155089],[-123.716698,44.15509],[-123.716697,44.15509],[-123.716697,44.155091],[-123.716696,44.155091],[-123.716696,44.155091],[-123.716695,44.155092],[-123.716695,44.155092],[-123.716694,44.155093],[-123.716593,44.15511],[-123.716549,44.155151],[-123.716682,44.155285],[-123.716546,44.155335],[-123.716391,44.155321],[-123.716153,44.155396],[-123.716049,44.155401],[-123.715936,44.155435],[-123.71579,44.155535],[-123.715789,44.155535],[-123.715788,44.155535],[-123.715788,44.155536],[-123.715787,44.155536],[-123.715786,44.155537],[-123.715785,44.155537],[-123.715784,44.155538],[-123.715784,44.155538],[-123.715783,44.155539],[-123.715782,44.155539],[-123.715782,44.15554],[-123.715781,44.15554],[-123.71578,44.155541],[-123.715779,44.155541],[-123.715779,44.155542],[-123.715778,44.155543],[-123.715777,44.155543],[-123.715777,44.155544],[-123.715776,44.155544],[-123.715776,44.155545],[-123.715775,44.155546],[-123.715774,44.155546],[-123.715774,44.155547],[-123.715773,44.155547],[-123.715773,44.155548],[-123.715772,44.155549],[-123.715772,44.155549],[-123.715771,44.15555],[-123.715771,44.155551],[-123.71577,44.155551],[-123.71577,44.155552],[-123.71577,44.155553],[-123.715769,44.155553],[-123.715769,44.155554],[-123.715768,44.155555],[-123.715768,44.155555],[-123.715768,44.155556],[-123.715767,44.155557],[-123.715767,44.155557],[-123.715767,44.155558],[-123.715767,44.155559],[-123.715766,44.15556],[-123.715766,44.15556],[-123.715766,44.155561],[-123.715766,44.155562],[-123.715765,44.155563],[-123.715765,44.155563],[-123.715765,44.155564],[-123.715765,44.155565],[-123.715765,44.155565],[-123.715765,44.155566],[-123.715765,44.155567],[-123.715765,44.155568],[-123.715765,44.155568],[-123.715765,44.155569],[-123.715765,44.15557],[-123.715765,44.155571],[-123.715765,44.155571],[-123.715765,44.155572],[-123.715765,44.155573],[-123.715765,44.155574],[-123.715765,44.155574],[-123.715765,44.155575],[-123.715765,44.155576],[-123.715765,44.155576],[-123.715766,44.155577],[-123.715766,44.155578],[-123.715766,44.155579],[-123.715766,44.155579],[-123.715767,44.15558],[-123.715767,44.155581],[-123.715767,44.155582],[-123.715767,44.155582],[-123.715768,44.155583],[-123.715768,44.155584],[-123.715768,44.155584],[-123.715769,44.155585],[-123.715769,44.155586],[-123.71577,44.155586],[-123.71577,44.155587],[-123.71577,44.155588],[-123.715771,44.155588],[-123.715771,44.155589],[-123.715772,44.15559],[-123.715772,44.15559],[-123.715773,44.155591],[-123.715773,44.155592],[-123.715774,44.155592],[-123.715774,44.155593],[-123.715775,44.155593],[-123.715776,44.155594],[-123.715776,44.155595],[-123.715777,44.155595],[-123.715777,44.155596],[-123.715778,44.155596],[-123.715779,44.155597],[-123.715779,44.155598],[-123.71578,44.155598],[-123.715781,44.155599],[-123.715781,44.155599],[-123.715782,44.1556],[-123.715783,44.1556],[-123.715784,44.155601],[-123.715784,44.155601],[-123.715785,44.155602],[-123.715786,44.155602],[-123.715787,44.155603],[-123.715788,44.155603],[-123.715788,44.155604],[-123.715789,44.155604],[-123.71579,44.155604],[-123.715791,44.155605],[-123.715792,44.155605],[-123.715793,44.155606],[-123.715794,44.155606],[-123.715794,44.155606],[-123.715795,44.155607],[-123.715796,44.155607],[-123.715797,44.155607],[-123.715798,44.155608],[-123.715799,44.155608],[-123.7158,44.155608],[-123.715801,44.155609],[-123.715802,44.155609],[-123.715803,44.155609],[-123.715804,44.155609],[-123.715805,44.15561],[-123.715806,44.15561],[-123.715807,44.15561],[-123.715808,44.15561],[-123.715809,44.155611],[-123.71581,44.155611],[-123.715811,44.155611],[-123.715812,44.155611],[-123.715813,44.155611],[-123.715814,44.155611],[-123.715815,44.155611],[-123.715816,44.155611],[-123.715817,44.155612],[-123.715818,44.155612],[-123.715819,44.155612],[-123.71582,44.155612],[-123.715821,44.155612],[-123.715822,44.155612],[-123.715823,44.155612],[-123.715824,44.155612],[-123.715825,44.155612],[-123.715826,44.155612],[-123.715827,44.155612],[-123.715828,44.155612],[-123.715829,44.155612],[-123.71583,44.155612],[-123.715831,44.155612],[-123.715832,44.155611],[-123.715833,44.155611],[-123.715834,44.155611],[-123.715835,44.155611],[-123.715836,44.155611],[-123.715837,44.155611],[-123.715838,44.155611],[-123.715839,44.15561],[-123.71584,44.15561],[-123.715841,44.15561],[-123.715842,44.15561],[-123.715843,44.155609],[-123.715844,44.155609],[-123.715845,44.155609],[-123.715846,44.155609],[-123.715847,44.155608],[-123.715848,44.155608],[-123.715849,44.155608],[-123.71585,44.155607],[-123.715851,44.155607],[-123.715852,44.155607],[-123.715852,44.155606],[-123.715853,44.155606],[-123.715854,44.155606],[-123.715855,44.155605],[-123.715856,44.155605],[-123.715857,44.155604],[-123.715932,44.155564],[-123.716132,44.155699],[-123.716132,44.155699],[-123.716133,44.155699],[-123.716133,44.155699],[-123.716134,44.155699],[-123.716134,44.155699],[-123.716135,44.155699],[-123.716135,44.155699],[-123.716136,44.155699],[-123.716136,44.1557],[-123.716137,44.1557],[-123.716137,44.1557],[-123.716138,44.1557],[-123.716138,44.1557],[-123.716138,44.1557],[-123.716139,44.1557],[-123.716139,44.155701],[-123.71614,44.155701],[-123.71614,44.155701],[-123.716141,44.155701],[-123.716141,44.155701],[-123.716142,44.155702],[-123.716142,44.155702],[-123.716142,44.155702],[-123.716143,44.155702],[-123.716143,44.155702],[-123.716144,44.155703],[-123.716144,44.155703],[-123.716144,44.155703],[-123.716145,44.155703],[-123.716145,44.155703],[-123.716146,44.155704],[-123.716146,44.155704],[-123.716146,44.155704],[-123.716147,44.155705],[-123.716147,44.155705],[-123.716147,44.155705],[-123.716148,44.155705],[-123.716148,44.155706],[-123.716148,44.155706],[-123.716149,44.155706],[-123.716149,44.155706],[-123.716149,44.155707],[-123.71615,44.155707],[-123.71615,44.155707],[-123.71615,44.155708],[-123.71615,44.155708],[-123.716151,44.155708],[-123.716151,44.155709],[-123.716151,44.155709],[-123.716151,44.155709],[-123.716152,44.15571],[-123.716152,44.15571],[-123.716152,44.15571],[-123.716152,44.155711],[-123.716153,44.155711],[-123.716153,44.155711],[-123.716153,44.155712],[-123.716153,44.155712],[-123.716153,44.155712],[-123.716153,44.155713],[-123.716154,44.155713],[-123.716154,44.155713],[-123.716154,44.155714],[-123.716154,44.155714],[-123.716154,44.155714],[-123.716154,44.155715],[-123.716154,44.155715],[-123.716154,44.155715],[-123.716155,44.155716],[-123.716155,44.155716],[-123.716155,44.155717],[-123.716155,44.155717],[-123.716155,44.155717],[-123.716155,44.155718],[-123.716155,44.155718],[-123.716155,44.155718],[-123.716155,44.155719],[-123.716155,44.155719],[-123.716155,44.155719],[-123.716155,44.15572],[-123.716155,44.15572],[-123.716155,44.155721],[-123.716155,44.155721],[-123.716155,44.155721],[-123.716155,44.155722],[-123.716155,44.155722],[-123.716155,44.155722],[-123.716155,44.155723],[-123.716154,44.155723],[-123.716154,44.155723],[-123.716154,44.155724],[-123.716154,44.155724],[-123.716154,44.155724],[-123.716154,44.155725],[-123.716154,44.155725],[-123.716154,44.155726],[-123.716153,44.155726],[-123.716153,44.155726],[-123.716153,44.155727],[-123.716153,44.155727],[-123.716153,44.155727],[-123.716152,44.155728],[-123.716152,44.155728],[-123.716152,44.155728],[-123.716152,44.155729],[-123.716152,44.155729],[-123.716151,44.155729],[-123.716151,44.15573],[-123.716151,44.15573],[-123.716151,44.15573],[-123.71615,44.155731],[-123.71615,44.155731],[-123.71615,44.155731],[-123.716149,44.155731],[-123.716149,44.155732],[-123.716149,44.155732],[-123.716149,44.155732],[-123.716148,44.155733],[-123.716148,44.155733],[-123.716148,44.155733],[-123.716147,44.155733],[-123.716147,44.155734],[-123.716146,44.155734],[-123.716146,44.155734],[-123.716146,44.155734],[-123.716145,44.155735],[-123.716145,44.155735],[-123.716145,44.155735],[-123.716144,44.155735],[-123.716144,44.155736],[-123.716143,44.155736],[-123.716143,44.155736],[-123.716143,44.155736],[-123.716142,44.155736],[-123.716142,44.155737],[-123.716141,44.155737],[-123.716141,44.155737],[-123.71614,44.155737],[-123.71614,44.155737],[-123.71614,44.155738],[-123.716139,44.155738],[-123.716139,44.155738],[-123.716138,44.155738],[-123.716138,44.155738],[-123.716137,44.155738],[-123.716137,44.155739],[-123.716136,44.155739],[-123.716136,44.155739],[-123.716135,44.155739],[-123.716135,44.155739],[-123.716134,44.155739],[-123.716134,44.155739],[-123.716133,44.155739],[-123.716133,44.155739],[-123.716132,44.15574],[-123.716132,44.15574],[-123.716131,44.15574],[-123.716131,44.15574],[-123.71613,44.15574],[-123.71613,44.15574],[-123.716129,44.15574],[-123.716129,44.15574],[-123.716128,44.15574],[-123.716128,44.15574],[-123.716127,44.15574],[-123.716127,44.15574],[-123.716126,44.15574],[-123.716126,44.15574],[-123.716125,44.15574],[-123.716125,44.15574],[-123.716124,44.15574],[-123.716124,44.15574],[-123.716123,44.15574],[-123.716123,44.15574],[-123.716122,44.15574],[-123.716122,44.15574],[-123.716121,44.15574],[-123.716121,44.15574],[-123.71612,44.15574],[-123.71612,44.15574]]]}},{"type":"Feature","properties":{"MAPTAXLOT":"1609250000600","MAPNUMBER":"16092500","TAXLOT":"600","ACCTNO":"1306255","MAPACRES":10.13363926},"geometry":{"type":"Polygon","coordinates":[[[-123.714867,44.15622],[-123.715907,44.156264],[-123.715912,44.15626],[-123.715887,44.1562],[-123.715963,44.156149],[-123.715992,44.156106],[-123.715875,44.15609],[-123.715952,44.155986],[-123.715871,44.155954],[-123.716006,44.155849],[-123.716047,44.155766],[-123.71612,44.15574],[-123.71612,44.15574],[-123.716121,44.15574],[-123.716121,44.15574],[-123.716122,44.15574],[-123.716122,44.15574],[-123.716123,44.15574],[-123.716123,44.15574],[-123.716124,44.15574],[-123.716124,44.15574],[-123.716125,44.15574],[-123.716125,44.15574],[-123.716126,44.15574],[-123.716126,44.15574],[-123.716127,44.15574],[-123.716127,44.15574],[-123.716128,44.15574],[-123.716128,44.15574],[-123.716129,44.15574],[-123.716129,44.15574],[-123.71613,44.15574],[-123.71613,44.15574],[-123.716131,44.15574],[-123.716131,44.15574],[-123.716132,44.15574],[-123.716132,44.15574],[-123.716133,44.155739],[-123.716133,44.155739],[-123.716134,44.155739],[-123.716134,44.155739],[-123.716135,44.155739],[-123.716135,44.155739],[-123.716136,44.155739],[-123.716136,44.155739],[-123.716137,44.155739],[-123.716137,44.155738],[-123.716138,44.155738],[-123.716138,44.155738],[-123.716139,44.155738],[-123.716139,44.155738],[-123.71614,44.155738],[-123.71614,44.155737],[-123.71614,44.155737],[-123.716141,44.155737],[-123.716141,44.155737],[-123.716142,44.155737],[-123.716142,44.155736],[-123.716143,44.155736],[-123.716143,44.155736],[-123.716143,44.155736],[-123.716144,44.155736],[-123.716144,44.155735],[-123.716145,44.155735],[-123.716145,44.155735],[-123.716145,44.155735],[-123.716146,44.155734],[-123.716146,44.155734],[-123.716146,44.155734],[-123.716147,44.155734],[-123.716147,44.155733],[-123.716148,44.155733],[-123.716148,44.155733],[-123.716148,44.155733],[-123.716149,44.155732],[-123.716149,44.155732],[-123.716149,44.155732],[-123.716149,44.155731],[-123.71615,44.155731],[-123.71615,44.155731],[-123.71615,44.155731],[-123.716151,44.15573],[-123.716151,44.15573],[-123.716151,44.15573],[-123.716151,44.155729],[-123.716152,44.155729],[-123.716152,44.155729],[-123.716152,44.155728],[-123.716152,44.155728],[-123.716152,44.155728],[-123.716153,44.155727],[-123.716153,44.155727],[-123.716153,44.155727],[-123.716153,44.155726],[-123.716153,44.155726],[-123.716154,44.155726],[-123.716154,44.155725],[-123.716154,44.155725],[-123.716154,44.155724],[-123.716154,44.155724],[-123.716154,44.155724],[-123.716154,44.155723],[-123.716154,44.155723],[-123.716155,44.155723],[-123.716155,44.155722],[-123.716155,44.155722],[-123.716155,44.155722],[-123.716155,44.155721],[-123.716155,44.155721],[-123.716155,44.155721],[-123.716155,44.15572],[-123.716155,44.15572],[-123.716155,44.155719],[-123.716155,44.155719],[-123.716155,44.155719],[-123.716155,44.155718],[-123.716155,44.155718],[-123.716155,44.155718],[-123.716155,44.155717],[-123.716155,44.155717],[-123.716155,44.155717],[-123.716155,44.155716],[-123.716155,44.155716],[-123.716154,44.155715],[-123.716154,44.155715],[-123.716154,44.155715],[-123.716154,44.155714],[-123.716154,44.155714],[-123.716154,44.155714],[-123.716154,44.155713],[-123.716154,44.155713],[-123.716153,44.155713],[-123.716153,44.155712],[-123.716153,44.155712],[-123.716153,44.155712],[-123.716153,44.155711],[-123.716153,44.155711],[-123.716152,44.155711],[-123.716152,44.15571],[-123.716152,44.15571],[-123.716152,44.15571],[-123.716151,44.155709],[-123.716151,44.155709],[-123.716151,44.155709],[-123.716151,44.155708],[-123.71615,44.155708],[-123.71615,44.155708],[-123.71615,44.155707],[-123.71615,44.155707],[-123.716149,44.155707],[-123.716149,44.155706],[-123.716149,44.155706],[-123.716148,44.155706],[-123.716148,44.155706],[-123.716148,44.155705],[-123.716147,44.155705],[-123.716147,44.155705],[-123.716147,44.155705],[-123.716146,44.155704],[-123.716146,44.155704],[-123.716146,44.155704],[-123.716145,44.155703],[-123.716145,44.155703],[-123.716144,44.155703],[-123.716144,44.155703],[-123.716144,44.155703],[-123.716143,44.155702],[-123.716143,44.155702],[-123.716142,44.155702],[-123.716142,44.155702],[-123.716142,44.155702],[-123.716141,44.155701],[-123.716141,44.155701],[-123.71614,44.155701],[-123.71614,44.155701],[-123.716139,44.155701],[-123.716139,44.1557],[-123.716138,44.1557],[-123.716138,44.1557],[-123.716138,44.1557],[-123.716137,44.1557],[-123.716137,44.1557],[-123.716136,44.1557],[-123.716136,44.155699],[-123.716135,44.155699],[-123.716135,44.155699],[-123.716134,44.155699],[-123.716134,44.155699],[-123.716133,44.155699],[-123.716133,44.155699],[-123.716132,44.155699],[-123.716132,44.155699],[-123.715932,44.155564],[-123.715857,44.155604],[-123.715856,44.155605],[-123.715855,44.155605],[-123.715854,44.155606],[-123.715853,44.155606],[-123.715852,44.155606],[-123.715852,44.155607],[-123.715851,44.155607],[-123.71585,44.155607],[-123.715849,44.155608],[-123.715848,44.155608],[-123.715847,44.155608],[-123.715846,44.155609],[-123.715845,44.155609],[-123.715844,44.155609],[-123.715843,44.155609],[-123.715842,44.15561],[-123.715841,44.15561],[-123.71584,44.15561],[-123.715839,44.15561],[-123.715838,44.155611],[-123.715837,44.155611],[-123.715836,44.155611],[-123.715835,44.155611],[-123.715834,44.155611],[-123.715833,44.155611],[-123.715832,44.155611],[-123.715831,44.155612],[-123.71583,44.155612],[-123.715829,44.155612],[-123.715828,44.155612],[-123.715827,44.155612],[-123.715826,44.155612],[-123.715825,44.155612],[-123.715824,44.155612],[-123.715823,44.155612],[-123.715822,44.155612],[-123.715821,44.155612],[-123.71582,44.155612],[-123.715819,44.155612],[-123.715818,44.155612],[-123.715817,44.155612],[-123.715816,44.155611],[-123.715815,44.155611],[-123.715814,44.155611],[-123.715813,44.155611],[-123.715812,44.155611],[-123.715811,44.155611],[-123.71581,44.155611],[-123.715809,44.155611],[-123.715808,44.15561],[-123.715807,44.15561],[-123.715806,44.15561],[-123.715805,44.15561],[-123.715804,44.155609],[-123.715803,44.155609],[-123.715802,44.155609],[-123.715801,44.155609],[-123.7158,44.155608],[-123.715799,44.155608],[-123.715798,44.155608],[-123.715797,44.155607],[-123.715796,44.155607],[-123.715795,44.155607],[-123.715794,44.155606],[-123.715794,44.155606],[-123.715793,44.155606],[-123.715792,44.155605],[-123.715791,44.155605],[-123.71579,44.155604],[-123.715789,44.155604],[-123.715788,44.155604],[-123.715788,44.155603],[-123.715787,44.155603],[-123.715786,44.155602],[-123.715785,44.155602],[-123.715784,44.155601],[-123.715784,44.155601],[-123.715783,44.1556],[-123.715782,44.1556],[-123.715781,44.155599],[-123.715781,44.155599],[-123.71578,44.155598],[-123.715779,44.155598],[-123.715779,44.155597],[-123.715778,44.155596],[-123.715777,44.155596],[-123.715777,44.155595],[-123.715776,44.155595],[-123.715776,44.155594],[-123.715775,44.155593],[-123.715774,44.155593],[-123.715774,44.155592],[-123.715773,44.155592],[-123.715773,44.155591],[-123.715772,44.15559],[-123.715772,44.15559],[-123.715771,44.155589],[-123.715771,44.155588],[-123.71577,44.155588],[-123.71577,44.155587],[-123.71577,44.155586],[-123.715769,44.155586],[-123.715769,44.155585],[-123.715768,44.155584],[-123.715768,44.155584],[-123.715768,44.155583],[-123.715767,44.155582],[-123.715767,44.155582],[-123.715767,44.155581],[-123.715767,44.15558],[-123.715766,44.155579],[-123.715766,44.155579],[-123.715766,44.155578],[-123.715766,44.155577],[-123.715765,44.155576],[-123.715765,44.155576],[-123.715765,44.155575],[-123.715765,44.155574],[-123.715765,44.155574],[-123.715765,44.155573],[-123.715765,44.155572],[-123.715765,44.155571],[-123.715765,44.155571],[-123.715765,44.15557],[-123.715765,44.155569],[-123.715765,44.155568],[-123.715765,44.155568],[-123.715765,44.155567],[-123.715765,44.155566],[-123.715765,44.155565],[-123.715765,44.155565],[-123.715765,44.155564],[-123.715765,44.155563],[-123.715765,44.155563],[-123.715766,44.155562],[-123.715766,44.155561],[-123.715766,44.15556],[-123.715766,44.15556],[-123.715767,44.155559],[-123.715767,44.155558],[-123.715767,44.155557],[-123.715767,44.155557],[-123.715768,44.155556],[-123.715768,44.155555],[-123.715768,44.155555],[-123.715769,44.155554],[-123.715769,44.155553],[-123.71577,44.155553],[-123.71577,44.155552],[-123.71577,44.155551],[-123.715771,44.155551],[-123.715771,44.15555],[-123.715772,44.155549],[-123.715772,44.155549],[-123.715773,44.155548],[-123.715773,44.155547],[-123.715774,44.155547],[-123.715774,44.155546],[-123.715775,44.155546],[-123.715776,44.155545],[-123.715776,44.155544],[-123.715777,44.155544],[-123.715777,44.155543],[-123.715778,44.155543],[-123.715779,44.155542],[-123.715779,44.155541],[-123.71578,44.155541],[-123.715781,44.15554],[-123.715782,44.15554],[-123.715782,44.155539],[-123.715783,44.155539],[-123.715784,44.155538],[-123.715784,44.155538],[-123.715785,44.155537],[-123.715786,44.155537],[-123.715787,44.155536],[-123.715788,44.155536],[-123.715788,44.155535],[-123.715789,44.155535],[-123.71579,44.155535],[-123.715936,44.155435],[-123.716049,44.155401],[-123.716153,44.155396],[-123.716391,44.155321],[-123.716546,44.155335],[-123.716682,44.155285],[-123.716549,44.155151],[-123.716593,44.15511],[-123.716694,44.155093],[-123.716695,44.155092],[-123.716695,44.155092],[-123.716696,44.155091],[-123.716696,44.155091],[-123.716697,44.155091],[-123.716697,44.15509],[-123.716698,44.15509],[-123.716698,44.155089],[-123.716699,44.155089],[-123.716699,44.155088],[-123.716699,44.155088],[-123.7167,44.155088],[-123.7167,44.155087],[-123.716701,44.155087],[-123.716701,44.155086],[-123.716701,44.155086],[-123.716702,44.155085],[-123.716702,44.155085],[-123.716702,44.155084],[-123.716703,44.155084],[-123.716703,44.155083],[-123.716703,44.155083],[-123.716703,44.155082],[-123.716704,44.155082],[-123.716704,44.155081],[-123.716704,44.155081],[-123.716704,44.15508],[-123.716705,44.15508],[-123.716705,44.155079],[-123.716705,44.155079],[-123.716705,44.155078],[-123.716705,44.155078],[-123.716706,44.155077],[-123.716706,44.155077],[-123.716706,44.155076],[-123.716706,44.155076],[-123.716706,44.155075],[-123.716706,44.155075],[-123.716706,44.155074],[-123.716706,44.155074],[-123.716706,44.155073],[-123.716706,44.155073],[-123.716706,44.155072],[-123.716706,44.155072],[-123.716706,44.155071],[-123.716706,44.155071],[-123.716706,44.15507],[-123.716706,44.15507],[-123.716706,44.155069],[-123.716706,44.155069],[-123.716706,44.155068],[-123.716706,44.155067],[-123.716706,44.155067],[-123.716706,44.155066],[-123.716706,44.155066],[-123.716706,44.155065],[-123.716705,44.155065],[-123.716705,44.155064],[-123.716705,44.155064],[-123.716705,44.155063],[-123.716705,44.155063],[-123.716705,44.155062],[-123.716704,44.155062],[-123.716704,44.155061],[-123.716704,44.155061],[-123.716704,44.15506],[-123.716703,44.15506],[-123.716703,44.155059],[-123.716703,44.155059],[-123.716702,44.155058],[-123.716702,44.155058],[-123.716702,44.155058],[-123.716701,44.155057],[-123.716701,44.155057],[-123.716701,44.155056],[-123.7167,44.155056],[-123.7167,44.155055],[-123.7167,44.155055],[-123.716699,44.155054],[-123.716699,44.155054],[-123.716698,44.155053],[-123.716698,44.155053],[-123.716697,44.155053],[-123.716697,44.155052],[-123.716696,44.155052],[-123.716696,44.155051],[-123.716696,44.155051],[-123.716695,44.155051],[-123.716695,44.15505],[-123.716694,44.15505],[-123.716693,44.15505],[-123.716693,44.155049],[-123.716692,44.155049],[-123.716692,44.155048],[-123.716691,44.155048],[-123.716691,44.155048],[-123.71669,44.155047],[-123.71669,44.155047],[-123.716689,44.155047],[-123.716688,44.155047],[-123.716688,44.155046],[-123.716687,44.155046],[-123.716687,44.155046],[-123.716686,44.155045],[-123.716685,44.155045],[-123.716685,44.155045],[-123.716684,44.155045],[-123.716683,44.155044],[-123.716683,44.155044],[-123.716682,44.155044],[-123.716681,44.155044],[-123.716681,44.155044],[-123.71668,44.155043],[-123.716679,44.155043],[-123.716679,44.155043],[-123.716678,44.155043],[-123.716677,44.155043],[-123.716677,44.155042],[-123.716676,44.155042],[-123.716675,44.155042],[-123.716674,44.155042],[-123.716674,44.155042],[-123.716673,44.155042],[-123.716672,44.155042],[-123.716672,44.155042],[-123.716671,44.155042],[-123.71667,44.155041],[-123.716669,44.155041],[-123.716669,44.155041],[-123.716668,44.155041],[-123.716667,44.155041],[-123.716667,44.155041],[-123.716666,44.155041],[-123.716665,44.155041],[-123.716664,44.155041],[-123.716664,44.155041],[-123.716663,44.155041],[-123.716662,44.155041],[-123.716661,44.155041],[-123.716661,44.155041],[-123.71666,44.155041],[-123.716659,44.155041],[-123.716659,44.155042],[-123.716658,44.155042],[-123.716657,44.155042],[-123.716656,44.155042],[-123.716656,44.155042],[-123.716655,44.155042],[-123.716654,44.155042],[-123.716654,44.155042],[-123.716653,44.155042],[-123.716652,44.155043],[-123.716651,44.155043],[-123.716651,44.155043],[-123.71665,44.155043],[-123.716649,44.155043],[-123.716649,44.155043],[-123.716648,44.155044],[-123.716647,44.155044],[-123.716647,44.155044],[-123.716646,44.155044],[-123.716645,44.155045],[-123.716645,44.155045],[-123.716644,44.155045],[-123.716643,44.155045],[-123.716643,44.155046],[-123.716642,44.155046],[-123.716642,44.155046],[-123.716641,44.155046],[-123.71664,44.155047],[-123.71664,44.155047],[-123.716639,44.155047],[-123.716639,44.155048],[-123.716638,44.155048],[-123.716638,44.155048],[-123.716637,44.155049],[-123.716636,44.155049],[-123.716636,44.155049],[-123.716635,44.15505],[-123.716635,44.15505],[-123.716563,44.155074],[-123.716377,44.155068],[-123.716261,44.154949],[-123.716305,44.154827],[-123.716172,44.154731],[-123.716173,44.154649],[-123.716335,44.154575],[-123.716336,44.154492],[-123.716419,44.154419],[-123.715773,44.154184],[-123.715102,44.154152],[-123.713919,44.153754],[-123.71384,44.153734],[-123.713816,44.155414],[-123.713873,44.155444],[-123.713937,44.155478],[-123.714025,44.155524],[-123.714086,44.155556],[-123.71414,44.155584],[-123.714219,44.155626],[-123.714296,44.155667],[-123.714358,44.155703],[-123.714436,44.155753],[-123.71447,44.155777],[-123.714527,44.155818],[-123.714567,44.15585],[-123.7146,44.155877],[-123.714654,44.155928],[-123.714692,44.155966],[-123.71471,44.155986],[-123.71473,44.15601],[-123.714757,44.156043],[-123.714783,44.15608],[-123.714818,44.156133],[-123.714828,44.15615],[-123.714863,44.156213],[-123.714867,44.15622]]]}},{"type":"Feature","properties":{"MAPTAXLOT":"1609260000077","MAPNUMBER":"16092600","TAXLOT":"77","ACCTNO":"000None","MAPACRES":6.42967894},"geometry":{"type":"MultiPolygon","coordinates":[[[[-123.745923,44.150588],[-123.745925,44.15059],[-123.745925,44.15059],[-123.745948,44.150617],[-123.745974,44.150649],[-123.745995,44.150674],[-123.74602,44.150704],[-123.74604,44.150728],[-123.746057,44.15075],[-123.746074,44.150771],[-123.746092,44.150795],[-123.746113,44.150823],[-123.746128,44.150842],[-123.74614,44.150858],[-123.74616,44.150883],[-123.746174,44.150901],[-123.746182,44.150912],[-123.746199,44.150933],[-123.746218,44.150958],[-123.746241,44.150988],[-123.746262,44.151015],[-123.746287,44.151048],[-123.746305,44.151073],[-123.746324,44.1511],[-123.746344,44.151125],[-123.746367,44.151154],[-123.746399,44.151191],[-123.746413,44.151206],[-123.746419,44.151212],[-123.746432,44.151225],[-123.746446,44.15124],[-123.746473,44.151265],[-123.746489,44.151278],[-123.7465,44.151288],[-123.746518,44.151303],[-123.746544,44.151323],[-123.746568,44.15134],[-123.746599,44.151362],[-123.74664,44.151391],[-123.746671,44.151412],[-123.746698,44.151432],[-123.746732,44.151456],[-123.746774,44.151486],[-123.746802,44.151506],[-123.746842,44.151534],[-123.746886,44.151565],[-123.746919,44.151588],[-123.746951,44.151611],[-123.746982,44.151632],[-123.747032,44.151669],[-123.747069,44.151694],[-123.747076,44.151699],[-123.747081,44.151703],[-123.747109,44.151723],[-123.747122,44.151732],[-123.747157,44.151757],[-123.747198,44.151785],[-123.747246,44.15182],[-123.747287,44.151849],[-123.747348,44.151892],[-123.747392,44.151923],[-123.747425,44.151946],[-123.747449,44.151963],[-123.747471,44.151978],[-123.747513,44.152008],[-123.74754,44.152027],[-123.747572,44.15205],[-123.747591,44.152064],[-123.747614,44.15208],[-123.747637,44.152096],[-123.747659,44.152111],[-123.747697,44.15214],[-123.747722,44.152159],[-123.747748,44.15218],[-123.747776,44.152204],[-123.747786,44.152214],[-123.747813,44.152237],[-123.747835,44.152258],[-123.747863,44.152286],[-123.747883,44.152306],[-123.747896,44.152319],[-123.747904,44.152328],[-123.747933,44.152359],[-123.747958,44.152388],[-123.747988,44.152424],[-123.74801,44.152453],[-123.748034,44.152484],[-123.748057,44.152514],[-123.748078,44.152542],[-123.748101,44.15257],[-123.748116,44.15259],[-123.748083,44.152604],[-123.748102,44.152629],[-123.748119,44.152651],[-123.748145,44.152685],[-123.748171,44.152719],[-123.748202,44.15276],[-123.748231,44.1528],[-123.748256,44.152838],[-123.748278,44.152871],[-123.748304,44.152911],[-123.74832,44.152939],[-123.748351,44.152994],[-123.748368,44.153027],[-123.748378,44.153047],[-123.748448,44.153201],[-123.74847,44.153252],[-123.748489,44.153309],[-123.748504,44.153362],[-123.748515,44.153403],[-123.748526,44.153458],[-123.748535,44.153513],[-123.748544,44.153568],[-123.748556,44.153635],[-123.748561,44.153663],[-123.748565,44.153691],[-123.748573,44.153743],[-123.748578,44.153797],[-123.74858,44.153847],[-123.748579,44.153895],[-123.748577,44.153935],[-123.74857,44.153979],[-123.74856,44.154029],[-123.748551,44.154068],[-123.748541,44.154099],[-123.748527,44.154142],[-123.748507,44.154189],[-123.748487,44.15423],[-123.748471,44.154261],[-123.748451,44.154297],[-123.74842,44.154347],[-123.748376,44.154418],[-123.748332,44.154491],[-123.748297,44.154546],[-123.748258,44.15461],[-123.748222,44.154668],[-123.74819,44.15472],[-123.748151,44.154785],[-123.748126,44.154826],[-123.74811,44.154852],[-123.74809,44.154884],[-123.748065,44.154926],[-123.748043,44.154966],[-123.748019,44.155005],[-123.747994,44.155048],[-123.747967,44.155094],[-123.747954,44.155119],[-123.747936,44.155149],[-123.747912,44.155186],[-123.747894,44.155212],[-123.747873,44.15524],[-123.74785,44.15527],[-123.747835,44.155288],[-123.747833,44.15529],[-123.7478,44.155327],[-123.747769,44.155361],[-123.747742,44.155387],[-123.747717,44.155411],[-123.747694,44.155431],[-123.747652,44.155468],[-123.747619,44.155498],[-123.747572,44.15554],[-123.747525,44.155583],[-123.74747,44.155632],[-123.747435,44.155663],[-123.747403,44.155692],[-123.747353,44.155738],[-123.747322,44.155769],[-123.747286,44.155807],[-123.747253,44.155844],[-123.747226,44.155876],[-123.747197,44.155912],[-123.747176,44.155938],[-123.747156,44.155966],[-123.747141,44.155987],[-123.747126,44.156012],[-123.747108,44.156041],[-123.747097,44.15606],[-123.747072,44.156109],[-123.747055,44.156151],[-123.747042,44.156188],[-123.747277,44.156189],[-123.747289,44.156161],[-123.747311,44.156119],[-123.747319,44.156104],[-123.747335,44.156078],[-123.747347,44.156058],[-123.747359,44.156041],[-123.747376,44.156018],[-123.747395,44.155995],[-123.747423,44.155961],[-123.747448,44.155931],[-123.747477,44.155898],[-123.74751,44.155863],[-123.747537,44.155836],[-123.747582,44.155794],[-123.747613,44.155766],[-123.747648,44.155735],[-123.747704,44.155685],[-123.747751,44.155642],[-123.747797,44.155601],[-123.74783,44.155571],[-123.747871,44.155535],[-123.747895,44.155513],[-123.747925,44.155486],[-123.747956,44.155456],[-123.747991,44.155418],[-123.74803,44.155374],[-123.748047,44.155353],[-123.748074,44.155319],[-123.748092,44.155295],[-123.748097,44.155288],[-123.748118,44.155258],[-123.748145,44.155215],[-123.748166,44.15518],[-123.748179,44.155155],[-123.748204,44.155112],[-123.748229,44.15507],[-123.748253,44.15503],[-123.748276,44.15499],[-123.7483,44.154949],[-123.748319,44.154918],[-123.748335,44.154892],[-123.74836,44.154851],[-123.7484,44.154786],[-123.748431,44.154735],[-123.748467,44.154677],[-123.748506,44.154612],[-123.748541,44.154558],[-123.748585,44.154484],[-123.748629,44.154414],[-123.748661,44.154361],[-123.748684,44.154321],[-123.748703,44.154285],[-123.748725,44.154239],[-123.748747,44.154185],[-123.748764,44.154137],[-123.748775,44.1541],[-123.748786,44.154055],[-123.748797,44.153999],[-123.748805,44.153946],[-123.748807,44.153899],[-123.748808,44.153846],[-123.748806,44.153789],[-123.748801,44.153728],[-123.748792,44.153673],[-123.748788,44.153644],[-123.748783,44.153616],[-123.748771,44.153548],[-123.748762,44.153493],[-123.748752,44.153436],[-123.74874,44.153377],[-123.748729,44.15333],[-123.748712,44.153272],[-123.74869,44.153209],[-123.74861,44.153026],[-123.748593,44.152991],[-123.748582,44.15297],[-123.748564,44.152935],[-123.748531,44.152876],[-123.748513,44.152845],[-123.748485,44.152801],[-123.748463,44.152768],[-123.748436,44.152727],[-123.748403,44.152682],[-123.748371,44.15264],[-123.748345,44.152605],[-123.748319,44.152571],[-123.748302,44.15255],[-123.748283,44.152525],[-123.748283,44.152524],[-123.748267,44.152504],[-123.748244,44.152474],[-123.748223,44.152447],[-123.748201,44.152418],[-123.748177,44.152387],[-123.748154,44.152356],[-123.748121,44.152316],[-123.748094,44.152285],[-123.748062,44.152251],[-123.748052,44.15224],[-123.748038,44.152227],[-123.748018,44.152205],[-123.747987,44.152176],[-123.747962,44.152153],[-123.747934,44.152128],[-123.747923,44.152117],[-123.747892,44.152091],[-123.747863,44.152067],[-123.747836,44.152046],[-123.747794,44.152015],[-123.74777,44.151997],[-123.747747,44.151982],[-123.747725,44.151966],[-123.747706,44.151952],[-123.747674,44.15193],[-123.747647,44.15191],[-123.747603,44.15188],[-123.747582,44.151865],[-123.747558,44.151849],[-123.747526,44.151825],[-123.747481,44.151794],[-123.74742,44.151751],[-123.74738,44.151722],[-123.747343,44.151695],[-123.747332,44.151687],[-123.74729,44.151659],[-123.747255,44.151634],[-123.747209,44.151601],[-123.747166,44.151571],[-123.747116,44.151535],[-123.747085,44.151513],[-123.747052,44.15149],[-123.747019,44.151467],[-123.746976,44.151436],[-123.746936,44.151408],[-123.746907,44.151387],[-123.746866,44.151358],[-123.746832,44.151335],[-123.746804,44.151314],[-123.746773,44.151293],[-123.746733,44.151264],[-123.746702,44.151242],[-123.746679,44.151226],[-123.746659,44.15121],[-123.746644,44.151199],[-123.746636,44.151191],[-123.746621,44.151179],[-123.746599,44.151159],[-123.746588,44.151147],[-123.74657,44.151129],[-123.746559,44.151116],[-123.74653,44.151083],[-123.746509,44.151057],[-123.746492,44.151035],[-123.746474,44.15101],[-123.746455,44.150984],[-123.746429,44.150948],[-123.746407,44.15092],[-123.746384,44.150891],[-123.746365,44.150867],[-123.746348,44.150844],[-123.746339,44.150833],[-123.746326,44.150816],[-123.746307,44.150792],[-123.746295,44.150776],[-123.74628,44.150757],[-123.746259,44.150729],[-123.74624,44.150704],[-123.746222,44.150682],[-123.746206,44.150661],[-123.746185,44.150634],[-123.746158,44.150603],[-123.746137,44.150578],[-123.746112,44.150547],[-123.746088,44.150519],[-123.74607,44.150497],[-123.746046,44.150469],[-123.746034,44.150454],[-123.746019,44.150436],[-123.746003,44.150418],[-123.745983,44.150394],[-123.745953,44.150358],[-123.745933,44.150335],[-123.745931,44.150332],[-123.745923,44.150588]]],[[[-123.742075,44.142923],[-123.742068,44.142937],[-123.742062,44.142947],[-123.742057,44.142958],[-123.742049,44.142972],[-123.74204,44.142987],[-123.742035,44.142997],[-123.742026,44.14301],[-123.742017,44.143024],[-123.742008,44.143039],[-123.742002,44.143047],[-123.741994,44.143057],[-123.741986,44.143067],[-123.74198,44.143075],[-123.741975,44.143082],[-123.741969,44.143088],[-123.741962,44.143096],[-123.741955,44.143105],[-123.741943,44.143118],[-123.741933,44.143128],[-123.741928,44.143134],[-123.741915,44.143146],[-123.741907,44.143154],[-123.741892,44.143168],[-123.74188,44.143178],[-123.741864,44.143191],[-123.741857,44.143197],[-123.741848,44.143204],[-123.741578,44.143421],[-123.741561,44.143435],[-123.741549,44.143445],[-123.741532,44.143459],[-123.741521,44.14347],[-123.74151,44.14348],[-123.741498,44.143491],[-123.741491,44.143498],[-123.74148,44.143509],[-123.741474,44.143515],[-123.741467,44.143521],[-123.741457,44.143531],[-123.741452,44.143536],[-123.741449,44.14354],[-123.741445,44.143543],[-123.741435,44.143554],[-123.741434,44.143555],[-123.741416,44.143573],[-123.741392,44.143598],[-123.74137,44.143621],[-123.741353,44.143642],[-123.741332,44.143666],[-123.741316,44.143684],[-123.741302,44.143701],[-123.741281,44.143728],[-123.741268,44.143746],[-123.74125,44.14377],[-123.741226,44.143803],[-123.741209,44.143828],[-123.741193,44.143852],[-123.741173,44.143884],[-123.741157,44.143909],[-123.741138,44.143941],[-123.741114,44.143981],[-123.741091,44.144021],[-123.741071,44.144058],[-123.741054,44.144089],[-123.741036,44.144124],[-123.741016,44.144163],[-123.741004,44.144188],[-123.74099,44.144214],[-123.740977,44.144241],[-123.740964,44.14427],[-123.740952,44.144296],[-123.740942,44.144317],[-123.740932,44.144341],[-123.740921,44.144368],[-123.740904,44.144407],[-123.740892,44.144442],[-123.740882,44.144473],[-123.740872,44.144505],[-123.740867,44.144524],[-123.740858,44.144558],[-123.740849,44.144608],[-123.740845,44.14465],[-123.740845,44.144681],[-123.740845,44.144709],[-123.74085,44.144737],[-123.740852,44.144752],[-123.740858,44.144781],[-123.740867,44.144813],[-123.740874,44.144835],[-123.74088,44.144857],[-123.740892,44.144887],[-123.740905,44.144919],[-123.740918,44.144944],[-123.740932,44.144972],[-123.74095,44.145004],[-123.740967,44.145032],[-123.740982,44.145056],[-123.740996,44.145077],[-123.741011,44.145099],[-123.741029,44.145125],[-123.741052,44.145155],[-123.741076,44.145183],[-123.741097,44.145207],[-123.741114,44.145225],[-123.741141,44.145251],[-123.741158,44.145267],[-123.741194,44.145299],[-123.741227,44.145328],[-123.741257,44.145351],[-123.741286,44.145374],[-123.741307,44.145389],[-123.741335,44.145409],[-123.741356,44.145423],[-123.741384,44.145442],[-123.741401,44.145453],[-123.741424,44.145467],[-123.74147,44.145496],[-123.741497,44.145512],[-123.741531,44.145532],[-123.741573,44.145557],[-123.741614,44.14558],[-123.741649,44.145599],[-123.741684,44.145618],[-123.741727,44.145639],[-123.74176,44.145656],[-123.741793,44.145671],[-123.741821,44.145684],[-123.741852,44.145698],[-123.74189,44.145715],[-123.741925,44.145729],[-123.74195,44.14574],[-123.741999,44.145758],[-123.742033,44.145771],[-123.742064,44.145782],[-123.742096,44.145794],[-123.742121,44.145803],[-123.742163,44.145819],[-123.742216,44.145838],[-123.742258,44.145853],[-123.742298,44.145868],[-123.742342,44.145884],[-123.742376,44.145897],[-123.742389,44.145902],[-123.742394,44.145749],[-123.742384,44.145746],[-123.742344,44.145731],[-123.742303,44.145716],[-123.742249,44.145696],[-123.742207,44.145681],[-123.742183,44.145672],[-123.742151,44.14566],[-123.742119,44.145649],[-123.742087,44.145637],[-123.742043,44.14562],[-123.74202,44.14561],[-123.741987,44.145597],[-123.741952,44.145581],[-123.741922,44.145568],[-123.741897,44.145556],[-123.741866,44.145542],[-123.741835,44.145527],[-123.741795,44.145506],[-123.741763,44.145489],[-123.74173,44.145472],[-123.741693,44.14545],[-123.741651,44.145426],[-123.741619,44.145407],[-123.741594,44.145392],[-123.741548,44.145364],[-123.741528,44.145351],[-123.741512,44.14534],[-123.741485,44.145322],[-123.741467,44.14531],[-123.741442,44.145292],[-123.741424,44.145279],[-123.741397,44.145258],[-123.74137,44.145237],[-123.74134,44.145212],[-123.741309,44.145184],[-123.741294,44.145169],[-123.741269,44.145145],[-123.741256,44.145132],[-123.741238,44.145111],[-123.741217,44.145086],[-123.741198,44.145061],[-123.741181,44.145038],[-123.741168,44.145018],[-123.741155,44.144999],[-123.741141,44.144976],[-123.741125,44.144951],[-123.74111,44.144922],[-123.741096,44.144896],[-123.741086,44.144877],[-123.741075,44.144849],[-123.741065,44.144824],[-123.74106,44.144806],[-123.741053,44.144785],[-123.741046,44.144758],[-123.741041,44.144733],[-123.741039,44.144719],[-123.741035,44.1447],[-123.741035,44.144681],[-123.741035,44.144655],[-123.741038,44.144622],[-123.741046,44.14458],[-123.741055,44.144549],[-123.741059,44.144531],[-123.741067,44.144502],[-123.741077,44.144475],[-123.741087,44.144445],[-123.741104,44.144408],[-123.741115,44.144379],[-123.741124,44.144358],[-123.741132,44.144339],[-123.741144,44.144313],[-123.741157,44.144286],[-123.741169,44.144261],[-123.741183,44.144234],[-123.741195,44.144209],[-123.741214,44.144172],[-123.741232,44.144139],[-123.741248,44.144108],[-123.741268,44.144073],[-123.74129,44.144034],[-123.741313,44.143995],[-123.741332,44.143964],[-123.741347,44.14394],[-123.741365,44.143911],[-123.74138,44.143889],[-123.741396,44.143865],[-123.741418,44.143834],[-123.741436,44.14381],[-123.741448,44.143794],[-123.741467,44.14377],[-123.741479,44.143755],[-123.741494,44.143738],[-123.741514,44.143714],[-123.74153,44.143696],[-123.741549,44.143676],[-123.741572,44.143651],[-123.741589,44.143634],[-123.741599,44.143624],[-123.741602,44.143622],[-123.74161,44.143613],[-123.741615,44.143608],[-123.741618,44.143604],[-123.741625,44.143598],[-123.741635,44.143589],[-123.741645,44.143578],[-123.74165,44.143573],[-123.74166,44.143564],[-123.74167,44.143555],[-123.74168,44.143545],[-123.741694,44.143533],[-123.741704,44.143525],[-123.74172,44.143512],[-123.74199,44.143296],[-123.742,44.143288],[-123.742009,44.14328],[-123.742025,44.143267],[-123.742039,44.143255],[-123.742059,44.143237],[-123.742069,44.143227],[-123.742082,44.143213],[-123.742088,44.143208],[-123.7421,44.143195],[-123.742116,44.143178],[-123.742123,44.14317],[-123.742132,44.14316],[-123.742138,44.143153],[-123.742145,44.143145],[-123.742154,44.143132],[-123.74216,44.143124],[-123.74217,44.143111],[-123.742179,44.143098],[-123.74219,44.143082],[-123.742198,44.143069],[-123.74221,44.143052],[-123.742216,44.143039],[-123.742225,44.143025],[-123.742235,44.143007],[-123.742239,44.142998],[-123.742246,44.142987],[-123.742255,44.14297],[-123.742424,44.142639],[-123.742221,44.14264],[-123.742075,44.142923]]],[[[-123.743241,44.146282],[-123.743255,44.146295],[-123.743272,44.146313],[-123.743292,44.146336],[-123.743309,44.146355],[-123.743324,44.146373],[-123.743335,44.146386],[-123.743346,44.146402],[-123.743368,44.146431],[-123.74338,44.146448],[-123.743388,44.146461],[-123.743401,44.146481],[-123.743411,44.146498],[-123.743424,44.146521],[-123.743437,44.146546],[-123.743448,44.146567],[-123.743459,44.146589],[-123.743473,44.146615],[-123.743491,44.14665],[-123.743504,44.146676],[-123.743514,44.146695],[-123.743531,44.146726],[-123.743549,44.146764],[-123.743563,44.146788],[-123.74357,44.146803],[-123.743577,44.146819],[-123.743597,44.146855],[-123.743606,44.146874],[-123.743626,44.146912],[-123.743647,44.146952],[-123.743661,44.146981],[-123.743677,44.147012],[-123.743692,44.147044],[-123.743707,44.147076],[-123.743722,44.147107],[-123.743734,44.147131],[-123.743744,44.147152],[-123.743751,44.147168],[-123.743755,44.147176],[-123.743756,44.147178],[-123.743769,44.147207],[-123.743782,44.147233],[-123.743792,44.147254],[-123.743809,44.147289],[-123.743827,44.147329],[-123.743844,44.147361],[-123.743863,44.147401],[-123.743873,44.147425],[-123.743885,44.14745],[-123.743899,44.147477],[-123.743913,44.147505],[-123.743927,44.147531],[-123.743935,44.147545],[-123.743949,44.14757],[-123.743958,44.147585],[-123.743971,44.147607],[-123.74399,44.147639],[-123.744004,44.14766],[-123.74402,44.147685],[-123.744043,44.147717],[-123.744051,44.14773],[-123.744067,44.147753],[-123.744082,44.147776],[-123.744098,44.147799],[-123.744119,44.147829],[-123.744131,44.147846],[-123.744144,44.147863],[-123.744163,44.147888],[-123.744185,44.147916],[-123.744207,44.147943],[-123.74423,44.14797],[-123.744253,44.147997],[-123.744272,44.148019],[-123.744296,44.148045],[-123.744317,44.148069],[-123.744334,44.148088],[-123.744354,44.14811],[-123.744369,44.148127],[-123.744391,44.148151],[-123.744412,44.148175],[-123.744429,44.148195],[-123.744454,44.148223],[-123.744467,44.148239],[-123.744484,44.148257],[-123.7445,44.148275],[-123.744526,44.148306],[-123.744549,44.148334],[-123.744569,44.148359],[-123.744592,44.148386],[-123.744614,44.148414],[-123.744634,44.148439],[-123.744671,44.148489],[-123.744692,44.148517],[-123.744716,44.14855],[-123.744733,44.148573],[-123.744745,44.148591],[-123.744759,44.148611],[-123.744768,44.148623],[-123.74478,44.148641],[-123.744803,44.148673],[-123.744832,44.148715],[-123.744867,44.148764],[-123.744884,44.148788],[-123.744909,44.148824],[-123.744925,44.148846],[-123.74494,44.148869],[-123.744962,44.148899],[-123.744978,44.148921],[-123.744996,44.148947],[-123.745007,44.148962],[-123.745019,44.148979],[-123.745027,44.148991],[-123.745039,44.149007],[-123.745053,44.149028],[-123.745076,44.14906],[-123.745093,44.149085],[-123.74511,44.149109],[-123.745131,44.149137],[-123.745146,44.149159],[-123.745176,44.149202],[-123.745185,44.149218],[-123.745201,44.149245],[-123.745214,44.149269],[-123.745223,44.149286],[-123.745238,44.149312],[-123.745253,44.14934],[-123.745264,44.149363],[-123.745274,44.149381],[-123.745282,44.149396],[-123.745298,44.149426],[-123.74531,44.149453],[-123.745325,44.149486],[-123.745335,44.149508],[-123.745343,44.149528],[-123.745353,44.149555],[-123.745366,44.149592],[-123.745373,44.149617],[-123.745381,44.149645],[-123.745388,44.149671],[-123.745395,44.149695],[-123.745403,44.149723],[-123.74541,44.149751],[-123.745414,44.149764],[-123.745419,44.149785],[-123.745427,44.149811],[-123.745432,44.149832],[-123.745437,44.14985],[-123.745444,44.149875],[-123.745447,44.149886],[-123.745448,44.149894],[-123.745643,44.149894],[-123.74564,44.149884],[-123.745638,44.149876],[-123.745634,44.149863],[-123.745632,44.149851],[-123.745624,44.149824],[-123.745619,44.149806],[-123.745613,44.149784],[-123.745606,44.149758],[-123.7456,44.149736],[-123.745597,44.149725],[-123.74559,44.149696],[-123.745581,44.149668],[-123.745576,44.149645],[-123.745568,44.149619],[-123.74556,44.149588],[-123.745551,44.14956],[-123.745537,44.149521],[-123.745526,44.149491],[-123.745517,44.149468],[-123.745507,44.149444],[-123.745491,44.14941],[-123.745477,44.14938],[-123.74546,44.149347],[-123.745451,44.149331],[-123.745442,44.149315],[-123.745431,44.149292],[-123.745416,44.149263],[-123.745401,44.149236],[-123.745391,44.149218],[-123.745377,44.149193],[-123.745361,44.149165],[-123.745349,44.149145],[-123.745316,44.149097],[-123.7453,44.149074],[-123.745279,44.149046],[-123.745263,44.149023],[-123.745245,44.148998],[-123.745223,44.148967],[-123.745208,44.148945],[-123.745198,44.14893],[-123.745191,44.148919],[-123.745176,44.148898],[-123.745164,44.148883],[-123.745148,44.148859],[-123.745132,44.148837],[-123.74511,44.148807],[-123.745095,44.148785],[-123.74508,44.148762],[-123.745054,44.148726],[-123.745037,44.148702],[-123.745002,44.148653],[-123.744973,44.148612],[-123.744951,44.14858],[-123.744938,44.148561],[-123.744928,44.148548],[-123.744916,44.14853],[-123.744903,44.148511],[-123.744885,44.148487],[-123.744861,44.148453],[-123.744839,44.148423],[-123.7448,44.148372],[-123.744779,44.148346],[-123.744779,44.148346],[-123.744756,44.148317],[-123.744733,44.148289],[-123.744713,44.148264],[-123.744689,44.148235],[-123.744662,44.148203],[-123.744645,44.148184],[-123.744629,44.148166],[-123.744616,44.14815],[-123.74459,44.148121],[-123.744573,44.148102],[-123.744551,44.148078],[-123.744528,44.148052],[-123.744513,44.148035],[-123.744495,44.148015],[-123.744477,44.147995],[-123.744456,44.147971],[-123.744432,44.147945],[-123.744414,44.147924],[-123.744392,44.147898],[-123.74437,44.147873],[-123.74435,44.147848],[-123.744329,44.14782],[-123.744311,44.147798],[-123.7443,44.147782],[-123.744289,44.147767],[-123.744269,44.147738],[-123.744254,44.147717],[-123.744238,44.147693],[-123.744223,44.147671],[-123.744215,44.147657],[-123.744192,44.147625],[-123.744177,44.147602],[-123.744164,44.147583],[-123.744145,44.147551],[-123.744132,44.14753],[-123.744125,44.147517],[-123.744111,44.147494],[-123.744104,44.147481],[-123.744091,44.147456],[-123.744078,44.147431],[-123.744066,44.147405],[-123.744054,44.147381],[-123.744043,44.147357],[-123.744023,44.147316],[-123.744007,44.147284],[-123.743989,44.147245],[-123.743972,44.14721],[-123.743962,44.147188],[-123.74395,44.147163],[-123.743937,44.147134],[-123.743931,44.147122],[-123.743924,44.147107],[-123.743914,44.147087],[-123.743902,44.147062],[-123.743887,44.147031],[-123.743872,44.147],[-123.743857,44.146967],[-123.74384,44.146934],[-123.743825,44.146905],[-123.743805,44.146864],[-123.743785,44.146826],[-123.743775,44.146807],[-123.743756,44.146771],[-123.743749,44.146757],[-123.743741,44.146741],[-123.743727,44.146715],[-123.743709,44.146679],[-123.743692,44.146646],[-123.743683,44.146629],[-123.74367,44.146603],[-123.743652,44.146568],[-123.743638,44.14654],[-123.743626,44.146519],[-123.743615,44.146498],[-123.743601,44.14647],[-123.743587,44.146446],[-123.743575,44.146426],[-123.743561,44.146403],[-123.743552,44.14639],[-123.743538,44.146369],[-123.743514,44.146337],[-123.743501,44.14632],[-123.743489,44.146304],[-123.743471,44.146282],[-123.74346,44.14627],[-123.743228,44.14627],[-123.743241,44.146282]]]]}},{"type":"Feature","properties":{"MAPTAXLOT":"1609260000100","MAPNUMBER":"16092600","TAXLOT":"100","ACCTNO":"0073591","MAPACRES":1.88071846},"geometry":{"type":"MultiPolygon","coordinates":[[[[-123.748074,44.155319],[-123.748047,44.155353],[-123.74803,44.155374],[-123.747991,44.155418],[-123.747956,44.155456],[-123.747925,44.155486],[-123.747895,44.155513],[-123.747871,44.155535],[-123.74783,44.155571],[-123.747797,44.155601],[-123.747751,44.155642],[-123.747704,44.155685],[-123.747648,44.155735],[-123.747613,44.155766],[-123.747582,44.155794],[-123.747537,44.155836],[-123.74751,44.155863],[-123.747477,44.155898],[-123.747448,44.155931],[-123.747423,44.155961],[-123.747395,44.155995],[-123.747376,44.156018],[-123.747359,44.156041],[-123.747347,44.156058],[-123.747335,44.156078],[-123.747319,44.156104],[-123.747311,44.156119],[-123.747289,44.156161],[-123.747277,44.156189],[-123.748186,44.156196],[-123.748215,44.155297],[-123.748092,44.155295],[-123.748074,44.155319]]],[[[-123.746969,44.156187],[-123.747042,44.156188],[-123.747055,44.156151],[-123.747072,44.156109],[-123.747097,44.15606],[-123.747108,44.156041],[-123.747126,44.156012],[-123.747141,44.155987],[-123.747156,44.155966],[-123.747176,44.155938],[-123.747197,44.155912],[-123.747226,44.155876],[-123.747253,44.155844],[-123.747286,44.155807],[-123.747322,44.155769],[-123.747353,44.155738],[-123.747403,44.155692],[-123.747435,44.155663],[-123.74747,44.155632],[-123.747525,44.155583],[-123.747572,44.15554],[-123.747619,44.155498],[-123.747652,44.155468],[-123.747694,44.155431],[-123.747717,44.155411],[-123.747742,44.155387],[-123.747769,44.155361],[-123.7478,44.155327],[-123.747833,44.15529],[-123.746997,44.155277],[-123.746969,44.156187]]]]}},{"type":"Feature","properties":{"MAPTAXLOT":"1609260000101","MAPNUMBER":"16092600","TAXLOT":"101","ACCTNO":"0073609","MAPACRES":18.20557393},"geometry":{"type":"Polygon","coordinates":[[[-123.749432,44.155305],[-123.75065,44.155312],[-123.750711,44.15351],[-123.750772,44.151708],[-123.749551,44.151704],[-123.748331,44.151699],[-123.747343,44.151695],[-123.74738,44.151722],[-123.74742,44.151751],[-123.747481,44.151794],[-123.747526,44.151825],[-123.747558,44.151849],[-123.747582,44.151865],[-123.747603,44.15188],[-123.747647,44.15191],[-123.747674,44.15193],[-123.747706,44.151952],[-123.747725,44.151966],[-123.747747,44.151982],[-123.74777,44.151997],[-123.747794,44.152015],[-123.747836,44.152046],[-123.747863,44.152067],[-123.747892,44.152091],[-123.747923,44.152117],[-123.747934,44.152128],[-123.747962,44.152153],[-123.747987,44.152176],[-123.748018,44.152205],[-123.748038,44.152227],[-123.748052,44.15224],[-123.748062,44.152251],[-123.748094,44.152285],[-123.748121,44.152316],[-123.748154,44.152356],[-123.748177,44.152387],[-123.748201,44.152418],[-123.748223,44.152447],[-123.748244,44.152474],[-123.748267,44.152504],[-123.748283,44.152524],[-123.748283,44.152525],[-123.748302,44.15255],[-123.748319,44.152571],[-123.748345,44.152605],[-123.748371,44.15264],[-123.748403,44.152682],[-123.748436,44.152727],[-123.748463,44.152768],[-123.748485,44.152801],[-123.748513,44.152845],[-123.748531,44.152876],[-123.748564,44.152935],[-123.748582,44.15297],[-123.748593,44.152991],[-123.74861,44.153026],[-123.74869,44.153209],[-123.748712,44.153272],[-123.748729,44.15333],[-123.74874,44.153377],[-123.748752,44.153436],[-123.748762,44.153493],[-123.748771,44.153548],[-123.748783,44.153616],[-123.748788,44.153644],[-123.748792,44.153673],[-123.748801,44.153728],[-123.748806,44.153789],[-123.748808,44.153846],[-123.748807,44.153899],[-123.748805,44.153946],[-123.748797,44.153999],[-123.748786,44.154055],[-123.748775,44.1541],[-123.748764,44.154137],[-123.748747,44.154185],[-123.748725,44.154239],[-123.748703,44.154285],[-123.748684,44.154321],[-123.748661,44.154361],[-123.748629,44.154414],[-123.748585,44.154484],[-123.748541,44.154558],[-123.748506,44.154612],[-123.748467,44.154677],[-123.748431,44.154735],[-123.7484,44.154786],[-123.74836,44.154851],[-123.748335,44.154892],[-123.748319,44.154918],[-123.7483,44.154949],[-123.748276,44.15499],[-123.748253,44.15503],[-123.748229,44.15507],[-123.748204,44.155112],[-123.748179,44.155155],[-123.748166,44.15518],[-123.748145,44.155215],[-123.748118,44.155258],[-123.748097,44.155288],[-123.748092,44.155295],[-123.748215,44.155297],[-123.749432,44.155305]]]}},{"type":"Feature","properties":{"MAPTAXLOT":"1609260000102","MAPNUMBER":"16092600","TAXLOT":"102","ACCTNO":"1106556","MAPACRES":5.34903901},"geometry":{"type":"Polygon","coordinates":[[[-123.747343,44.151695],[-123.748331,44.151699],[-123.74836,44.1508],[-123.747138,44.150796],[-123.747167,44.149898],[-123.745944,44.149895],[-123.745931,44.150332],[-123.745933,44.150335],[-123.745953,44.150358],[-123.745983,44.150394],[-123.746003,44.150418],[-123.746019,44.150436],[-123.746034,44.150454],[-123.746046,44.150469],[-123.74607,44.150497],[-123.746088,44.150519],[-123.746112,44.150547],[-123.746137,44.150578],[-123.746158,44.150603],[-123.746185,44.150634],[-123.746206,44.150661],[-123.746222,44.150682],[-123.74624,44.150704],[-123.746259,44.150729],[-123.74628,44.150757],[-123.746295,44.150776],[-123.746307,44.150792],[-123.746326,44.150816],[-123.746339,44.150833],[-123.746348,44.150844],[-123.746365,44.150867],[-123.746384,44.150891],[-123.746407,44.15092],[-123.746429,44.150948],[-123.746455,44.150984],[-123.746474,44.15101],[-123.746492,44.151035],[-123.746509,44.151057],[-123.74653,44.151083],[-123.746559,44.151116],[-123.74657,44.151129],[-123.746588,44.151147],[-123.746599,44.151159],[-123.746621,44.151179],[-123.746636,44.151191],[-123.746644,44.151199],[-123.746659,44.15121],[-123.746679,44.151226],[-123.746702,44.151242],[-123.746733,44.151264],[-123.746773,44.151293],[-123.746804,44.151314],[-123.746832,44.151335],[-123.746866,44.151358],[-123.746907,44.151387],[-123.746936,44.151408],[-123.746976,44.151436],[-123.747019,44.151467],[-123.747052,44.15149],[-123.747085,44.151513],[-123.747116,44.151535],[-123.747166,44.151571],[-123.747209,44.151601],[-123.747255,44.151634],[-123.74729,44.151659],[-123.747332,44.151687],[-123.747343,44.151695]]]}},{"type":"Feature","properties":{"MAPTAXLOT":"1609260000103","MAPNUMBER":"16092600","TAXLOT":"103","ACCTNO":"1401650","MAPACRES":8.77486072},"geometry":{"type":"Polygon","coordinates":[[[-123.746997,44.155277],[-123.747833,44.15529],[-123.747835,44.155288],[-123.74785,44.15527],[-123.747873,44.15524],[-123.747894,44.155212],[-123.747912,44.155186],[-123.747936,44.155149],[-123.747954,44.155119],[-123.747967,44.155094],[-123.747994,44.155048],[-123.748019,44.155005],[-123.748043,44.154966],[-123.748065,44.154926],[-123.74809,44.154884],[-123.74811,44.154852],[-123.748126,44.154826],[-123.748151,44.154785],[-123.74819,44.15472],[-123.748222,44.154668],[-123.748258,44.15461],[-123.748297,44.154546],[-123.748332,44.154491],[-123.748376,44.154418],[-123.74842,44.154347],[-123.748451,44.154297],[-123.748471,44.154261],[-123.748487,44.15423],[-123.748507,44.154189],[-123.748527,44.154142],[-123.748541,44.154099],[-123.748551,44.154068],[-123.74856,44.154029],[-123.74857,44.153979],[-123.748577,44.153935],[-123.748579,44.153895],[-123.74858,44.153847],[-123.748578,44.153797],[-123.748573,44.153743],[-123.748565,44.153691],[-123.748561,44.153663],[-123.748556,44.153635],[-123.748544,44.153568],[-123.748535,44.153513],[-123.748526,44.153458],[-123.748515,44.153403],[-123.748504,44.153362],[-123.748489,44.153309],[-123.74847,44.153252],[-123.748448,44.153201],[-123.748378,44.153047],[-123.748368,44.153027],[-123.748351,44.152994],[-123.74832,44.152939],[-123.748304,44.152911],[-123.748278,44.152871],[-123.748256,44.152838],[-123.748231,44.1528],[-123.748202,44.15276],[-123.748171,44.152719],[-123.748145,44.152685],[-123.748119,44.152651],[-123.748102,44.152629],[-123.748083,44.152604],[-123.748116,44.15259],[-123.748101,44.15257],[-123.748078,44.152542],[-123.748057,44.152514],[-123.748034,44.152484],[-123.74801,44.152453],[-123.747988,44.152424],[-123.747958,44.152388],[-123.747933,44.152359],[-123.747904,44.152328],[-123.747896,44.152319],[-123.747883,44.152306],[-123.747863,44.152286],[-123.747835,44.152258],[-123.747813,44.152237],[-123.747786,44.152214],[-123.747776,44.152204],[-123.747748,44.15218],[-123.747722,44.152159],[-123.747697,44.15214],[-123.747659,44.152111],[-123.747637,44.152096],[-123.747614,44.15208],[-123.747591,44.152064],[-123.747572,44.15205],[-123.74754,44.152027],[-123.747513,44.152008],[-123.747471,44.151978],[-123.747449,44.151963],[-123.747425,44.151946],[-123.747392,44.151923],[-123.747348,44.151892],[-123.747287,44.151849],[-123.747246,44.15182],[-123.747198,44.151785],[-123.747157,44.151757],[-123.747122,44.151732],[-123.747109,44.151723],[-123.747108,44.15176],[-123.747054,44.153492],[-123.746997,44.155277]]]}},{"type":"Feature","properties":{"MAPTAXLOT":"1609260000105","MAPNUMBER":"16092600","TAXLOT":"105","ACCTNO":"1869427","MAPACRES":0.8636034},"geometry":{"type":"Polygon","coordinates":[[[-123.745921,44.150639],[-123.745917,44.150772],[-123.745335,44.151189],[-123.745558,44.151401],[-123.7459,44.151326],[-123.746419,44.151212],[-123.746413,44.151206],[-123.746399,44.151191],[-123.746367,44.151154],[-123.746344,44.151125],[-123.746324,44.1511],[-123.746305,44.151073],[-123.746287,44.151048],[-123.746262,44.151015],[-123.746241,44.150988],[-123.746218,44.150958],[-123.746199,44.150933],[-123.746182,44.150912],[-123.746174,44.150901],[-123.74616,44.150883],[-123.74614,44.150858],[-123.746128,44.150842],[-123.746113,44.150823],[-123.746092,44.150795],[-123.746074,44.150771],[-123.746057,44.15075],[-123.74604,44.150728],[-123.74602,44.150704],[-123.745995,44.150674],[-123.745974,44.150649],[-123.745948,44.150617],[-123.745925,44.15059],[-123.745925,44.15059],[-123.745923,44.150588],[-123.745921,44.150639]]]}},{"type":"Feature","properties":{"MAPTAXLOT":"1609260000200","MAPNUMBER":"16092600","TAXLOT":"200","ACCTNO":"0073617","MAPACRES":4.24417574},"geometry":{"type":"Polygon","coordinates":[[[-123.744722,44.149892],[-123.74541,44.149894],[-123.745448,44.149894],[-123.745447,44.149886],[-123.745444,44.149875],[-123.745437,44.14985],[-123.745432,44.149832],[-123.745427,44.149811],[-123.745419,44.149785],[-123.745414,44.149764],[-123.74541,44.149751],[-123.745403,44.149723],[-123.745395,44.149695],[-123.745388,44.149671],[-123.745381,44.149645],[-123.745373,44.149617],[-123.745366,44.149592],[-123.745353,44.149555],[-123.745343,44.149528],[-123.745335,44.149508],[-123.745325,44.149486],[-123.74531,44.149453],[-123.745298,44.149426],[-123.745282,44.149396],[-123.745274,44.149381],[-123.745264,44.149363],[-123.745253,44.14934],[-123.745238,44.149312],[-123.745223,44.149286],[-123.745214,44.149269],[-123.745201,44.149245],[-123.745185,44.149218],[-123.745176,44.149202],[-123.745146,44.149159],[-123.745131,44.149137],[-123.74511,44.149109],[-123.745093,44.149085],[-123.745076,44.14906],[-123.745053,44.149028],[-123.745039,44.149007],[-123.745027,44.148991],[-123.745019,44.148979],[-123.745007,44.148962],[-123.744996,44.148947],[-123.744978,44.148921],[-123.744962,44.148899],[-123.74494,44.148869],[-123.744925,44.148846],[-123.744909,44.148824],[-123.744884,44.148788],[-123.744867,44.148764],[-123.744832,44.148715],[-123.744803,44.148673],[-123.74478,44.148641],[-123.744768,44.148623],[-123.744759,44.148611],[-123.744745,44.148591],[-123.744733,44.148573],[-123.744716,44.14855],[-123.744692,44.148517],[-123.744671,44.148489],[-123.744634,44.148439],[-123.744614,44.148414],[-123.744592,44.148386],[-123.744569,44.148359],[-123.744549,44.148334],[-123.744526,44.148306],[-123.7445,44.148275],[-123.744484,44.148257],[-123.744467,44.148239],[-123.744454,44.148223],[-123.744429,44.148195],[-123.744412,44.148175],[-123.744391,44.148151],[-123.744369,44.148127],[-123.744354,44.14811],[-123.744334,44.148088],[-123.744317,44.148069],[-123.744296,44.148045],[-123.744272,44.148019],[-123.744253,44.147997],[-123.74423,44.14797],[-123.744207,44.147943],[-123.744185,44.147916],[-123.744163,44.147888],[-123.744144,44.147863],[-123.744131,44.147846],[-123.744119,44.147829],[-123.744098,44.147799],[-123.744082,44.147776],[-123.744067,44.147753],[-123.744051,44.14773],[-123.744043,44.147717],[-123.74402,44.147685],[-123.744004,44.14766],[-123.74399,44.147639],[-123.743971,44.147607],[-123.743958,44.147585],[-123.743949,44.14757],[-123.743935,44.147545],[-123.743927,44.147531],[-123.743913,44.147505],[-123.743899,44.147477],[-123.743885,44.14745],[-123.743873,44.147425],[-123.743863,44.147401],[-123.743844,44.147361],[-123.743827,44.147329],[-123.743809,44.147289],[-123.743792,44.147254],[-123.743782,44.147233],[-123.743769,44.147207],[-123.743756,44.147178],[-123.743755,44.147176],[-123.743581,44.147175],[-123.743554,44.14808],[-123.743527,44.148985],[-123.744751,44.148988],[-123.744722,44.149892]]]}},{"type":"Feature","properties":{"MAPTAXLOT":"1609260000201","MAPNUMBER":"16092600","TAXLOT":"201","ACCTNO":"1642998","MAPACRES":7.12764319},"geometry":{"type":"Polygon","coordinates":[[[-123.743581,44.147175],[-123.743755,44.147176],[-123.743751,44.147168],[-123.743744,44.147152],[-123.743734,44.147131],[-123.743722,44.147107],[-123.743707,44.147076],[-123.743692,44.147044],[-123.743677,44.147012],[-123.743661,44.146981],[-123.743647,44.146952],[-123.743626,44.146912],[-123.743606,44.146874],[-123.743597,44.146855],[-123.743577,44.146819],[-123.74357,44.146803],[-123.743563,44.146788],[-123.743549,44.146764],[-123.743531,44.146726],[-123.743514,44.146695],[-123.743504,44.146676],[-123.743491,44.14665],[-123.743473,44.146615],[-123.743459,44.146589],[-123.743448,44.146567],[-123.743437,44.146546],[-123.743424,44.146521],[-123.743411,44.146498],[-123.743401,44.146481],[-123.743388,44.146461],[-123.74338,44.146448],[-123.743368,44.146431],[-123.743346,44.146402],[-123.743335,44.146386],[-123.743324,44.146373],[-123.743309,44.146355],[-123.743292,44.146336],[-123.743272,44.146313],[-123.743255,44.146295],[-123.743241,44.146282],[-123.743228,44.14627],[-123.743179,44.146269],[-123.742379,44.146267],[-123.739952,44.146265],[-123.739917,44.147169],[-123.742354,44.147172],[-123.743581,44.147175]]]}},{"type":"Feature","properties":{"MAPTAXLOT":"1609260000202","MAPNUMBER":"16092600","TAXLOT":"202","ACCTNO":"1821568","MAPACRES":21.02167184},"geometry":{"type":"Polygon","coordinates":[[[-123.745944,44.149895],[-123.747167,44.149898],[-123.747293,44.146282],[-123.74346,44.14627],[-123.743471,44.146282],[-123.743489,44.146304],[-123.743501,44.14632],[-123.743514,44.146337],[-123.743538,44.146369],[-123.743552,44.14639],[-123.743561,44.146403],[-123.743575,44.146426],[-123.743587,44.146446],[-123.743601,44.14647],[-123.743615,44.146498],[-123.743626,44.146519],[-123.743638,44.14654],[-123.743652,44.146568],[-123.74367,44.146603],[-123.743683,44.146629],[-123.743692,44.146646],[-123.743709,44.146679],[-123.743727,44.146715],[-123.743741,44.146741],[-123.743749,44.146757],[-123.743756,44.146771],[-123.743775,44.146807],[-123.743785,44.146826],[-123.743805,44.146864],[-123.743825,44.146905],[-123.74384,44.146934],[-123.743857,44.146967],[-123.743872,44.147],[-123.743887,44.147031],[-123.743902,44.147062],[-123.743914,44.147087],[-123.743924,44.147107],[-123.743931,44.147122],[-123.743937,44.147134],[-123.74395,44.147163],[-123.743962,44.147188],[-123.743972,44.14721],[-123.743989,44.147245],[-123.744007,44.147284],[-123.744023,44.147316],[-123.744043,44.147357],[-123.744054,44.147381],[-123.744066,44.147405],[-123.744078,44.147431],[-123.744091,44.147456],[-123.744104,44.147481],[-123.744111,44.147494],[-123.744125,44.147517],[-123.744132,44.14753],[-123.744145,44.147551],[-123.744164,44.147583],[-123.744177,44.147602],[-123.744192,44.147625],[-123.744215,44.147657],[-123.744223,44.147671],[-123.744238,44.147693],[-123.744254,44.147717],[-123.744269,44.147738],[-123.744289,44.147767],[-123.7443,44.147782],[-123.744311,44.147798],[-123.744329,44.14782],[-123.74435,44.147848],[-123.74437,44.147873],[-123.744392,44.147898],[-123.744414,44.147924],[-123.744432,44.147945],[-123.744456,44.147971],[-123.744477,44.147995],[-123.744495,44.148015],[-123.744513,44.148035],[-123.744528,44.148052],[-123.744551,44.148078],[-123.744573,44.148102],[-123.74459,44.148121],[-123.744616,44.14815],[-123.744629,44.148166],[-123.744645,44.148184],[-123.744662,44.148203],[-123.744689,44.148235],[-123.744713,44.148264],[-123.744733,44.148289],[-123.744756,44.148317],[-123.744779,44.148346],[-123.744779,44.148346],[-123.7448,44.148372],[-123.744839,44.148423],[-123.744861,44.148453],[-123.744885,44.148487],[-123.744903,44.148511],[-123.744916,44.14853],[-123.744928,44.148548],[-123.744938,44.148561],[-123.744951,44.14858],[-123.744973,44.148612],[-123.745002,44.148653],[-123.745037,44.148702],[-123.745054,44.148726],[-123.74508,44.148762],[-123.745095,44.148785],[-123.74511,44.148807],[-123.745132,44.148837],[-123.745148,44.148859],[-123.745164,44.148883],[-123.745176,44.148898],[-123.745191,44.148919],[-123.745198,44.14893],[-123.745208,44.148945],[-123.745223,44.148967],[-123.745245,44.148998],[-123.745263,44.149023],[-123.745279,44.149046],[-123.7453,44.149074],[-123.745316,44.149097],[-123.745349,44.149145],[-123.745361,44.149165],[-123.745377,44.149193],[-123.745391,44.149218],[-123.745401,44.149236],[-123.745416,44.149263],[-123.745431,44.149292],[-123.745442,44.149315],[-123.745451,44.149331],[-123.74546,44.149347],[-123.745477,44.14938],[-123.745491,44.14941],[-123.745507,44.149444],[-123.745517,44.149468],[-123.745526,44.149491],[-123.745537,44.149521],[-123.745551,44.14956],[-123.74556,44.149588],[-123.745568,44.149619],[-123.745576,44.149645],[-123.745581,44.149668],[-123.74559,44.149696],[-123.745597,44.149725],[-123.7456,44.149736],[-123.745606,44.149758],[-123.745613,44.149784],[-123.745619,44.149806],[-123.745624,44.149824],[-123.745632,44.149851],[-123.745634,44.149863],[-123.745638,44.149876],[-123.74564,44.149884],[-123.745643,44.149894],[-123.745944,44.149895]]]}},{"type":"Feature","properties":{"MAPTAXLOT":"1609260000300","MAPNUMBER":"16092600","TAXLOT":"300","ACCTNO":"0073625","MAPACRES":36.84699171},"geometry":{"type":"MultiPolygon","coordinates":[[[[-123.737526,44.146263],[-123.739952,44.146265],[-123.742379,44.146267],[-123.742388,44.145932],[-123.742389,44.145902],[-123.742376,44.145897],[-123.742342,44.145884],[-123.742298,44.145868],[-123.742258,44.145853],[-123.742216,44.145838],[-123.742163,44.145819],[-123.742121,44.145803],[-123.742096,44.145794],[-123.742064,44.145782],[-123.742033,44.145771],[-123.741999,44.145758],[-123.74195,44.14574],[-123.741925,44.145729],[-123.74189,44.145715],[-123.741852,44.145698],[-123.741821,44.145684],[-123.741793,44.145671],[-123.74176,44.145656],[-123.741727,44.145639],[-123.741684,44.145618],[-123.741649,44.145599],[-123.741614,44.14558],[-123.741573,44.145557],[-123.741531,44.145532],[-123.741497,44.145512],[-123.74147,44.145496],[-123.741424,44.145467],[-123.741401,44.145453],[-123.741384,44.145442],[-123.741356,44.145423],[-123.741335,44.145409],[-123.741307,44.145389],[-123.741286,44.145374],[-123.741257,44.145351],[-123.741227,44.145328],[-123.741194,44.145299],[-123.741158,44.145267],[-123.741141,44.145251],[-123.741114,44.145225],[-123.741097,44.145207],[-123.741076,44.145183],[-123.741052,44.145155],[-123.741029,44.145125],[-123.741011,44.145099],[-123.740996,44.145077],[-123.740982,44.145056],[-123.740967,44.145032],[-123.74095,44.145004],[-123.740932,44.144972],[-123.740918,44.144944],[-123.740905,44.144919],[-123.740892,44.144887],[-123.74088,44.144857],[-123.740874,44.144835],[-123.740867,44.144813],[-123.740858,44.144781],[-123.740852,44.144752],[-123.74085,44.144737],[-123.740845,44.144709],[-123.740845,44.144681],[-123.740845,44.14465],[-123.740849,44.144608],[-123.740858,44.144558],[-123.740867,44.144524],[-123.740872,44.144505],[-123.740882,44.144473],[-123.740892,44.144442],[-123.740904,44.144407],[-123.740921,44.144368],[-123.740932,44.144341],[-123.740942,44.144317],[-123.740952,44.144296],[-123.740964,44.14427],[-123.740977,44.144241],[-123.74099,44.144214],[-123.741004,44.144188],[-123.741016,44.144163],[-123.741036,44.144124],[-123.741054,44.144089],[-123.741071,44.144058],[-123.741091,44.144021],[-123.741114,44.143981],[-123.741138,44.143941],[-123.741157,44.143909],[-123.741173,44.143884],[-123.741193,44.143852],[-123.741209,44.143828],[-123.741226,44.143803],[-123.74125,44.14377],[-123.741268,44.143746],[-123.741281,44.143728],[-123.741302,44.143701],[-123.741316,44.143684],[-123.741332,44.143666],[-123.741353,44.143642],[-123.74137,44.143621],[-123.741392,44.143598],[-123.741416,44.143573],[-123.741434,44.143555],[-123.741435,44.143554],[-123.741445,44.143543],[-123.741449,44.14354],[-123.741452,44.143536],[-123.741457,44.143531],[-123.741467,44.143521],[-123.741474,44.143515],[-123.74148,44.143509],[-123.741491,44.143498],[-123.741498,44.143491],[-123.74151,44.14348],[-123.741521,44.14347],[-123.741532,44.143459],[-123.741549,44.143445],[-123.741561,44.143435],[-123.741578,44.143421],[-123.741848,44.143204],[-123.741857,44.143197],[-123.741864,44.143191],[-123.74188,44.143178],[-123.741892,44.143168],[-123.741907,44.143154],[-123.741915,44.143146],[-123.741928,44.143134],[-123.741933,44.143128],[-123.741943,44.143118],[-123.741955,44.143105],[-123.741962,44.143096],[-123.741969,44.143088],[-123.741975,44.143082],[-123.74198,44.143075],[-123.741986,44.143067],[-123.741994,44.143057],[-123.742002,44.143047],[-123.742008,44.143039],[-123.742017,44.143024],[-123.742026,44.14301],[-123.742035,44.142997],[-123.74204,44.142987],[-123.742049,44.142972],[-123.742057,44.142958],[-123.742062,44.142947],[-123.742068,44.142937],[-123.742075,44.142923],[-123.742221,44.14264],[-123.74218,44.14264],[-123.740261,44.142641],[-123.737711,44.142643],[-123.737526,44.146263]]],[[[-123.742255,44.14297],[-123.742246,44.142987],[-123.742239,44.142998],[-123.742235,44.143007],[-123.742225,44.143025],[-123.742216,44.143039],[-123.74221,44.143052],[-123.742198,44.143069],[-123.74219,44.143082],[-123.742179,44.143098],[-123.74217,44.143111],[-123.74216,44.143124],[-123.742154,44.143132],[-123.742145,44.143145],[-123.742138,44.143153],[-123.742132,44.14316],[-123.742123,44.14317],[-123.742116,44.143178],[-123.7421,44.143195],[-123.742088,44.143208],[-123.742082,44.143213],[-123.742069,44.143227],[-123.742059,44.143237],[-123.742039,44.143255],[-123.742025,44.143267],[-123.742009,44.14328],[-123.742,44.143288],[-123.74199,44.143296],[-123.74172,44.143512],[-123.741704,44.143525],[-123.741694,44.143533],[-123.74168,44.143545],[-123.74167,44.143555],[-123.74166,44.143564],[-123.74165,44.143573],[-123.741645,44.143578],[-123.741635,44.143589],[-123.741625,44.143598],[-123.741618,44.143604],[-123.741615,44.143608],[-123.74161,44.143613],[-123.741602,44.143622],[-123.741599,44.143624],[-123.741589,44.143634],[-123.741572,44.143651],[-123.741549,44.143676],[-123.74153,44.143696],[-123.741514,44.143714],[-123.741494,44.143738],[-123.741479,44.143755],[-123.741467,44.14377],[-123.741448,44.143794],[-123.741436,44.14381],[-123.741418,44.143834],[-123.741396,44.143865],[-123.74138,44.143889],[-123.741365,44.143911],[-123.741347,44.14394],[-123.741332,44.143964],[-123.741313,44.143995],[-123.74129,44.144034],[-123.741268,44.144073],[-123.741248,44.144108],[-123.741232,44.144139],[-123.741214,44.144172],[-123.741195,44.144209],[-123.741183,44.144234],[-123.741169,44.144261],[-123.741157,44.144286],[-123.741144,44.144313],[-123.741132,44.144339],[-123.741124,44.144358],[-123.741115,44.144379],[-123.741104,44.144408],[-123.741087,44.144445],[-123.741077,44.144475],[-123.741067,44.144502],[-123.741059,44.144531],[-123.741055,44.144549],[-123.741046,44.14458],[-123.741038,44.144622],[-123.741035,44.144655],[-123.741035,44.144681],[-123.741035,44.1447],[-123.741039,44.144719],[-123.741041,44.144733],[-123.741046,44.144758],[-123.741053,44.144785],[-123.74106,44.144806],[-123.741065,44.144824],[-123.741075,44.144849],[-123.741086,44.144877],[-123.741096,44.144896],[-123.74111,44.144922],[-123.741125,44.144951],[-123.741141,44.144976],[-123.741155,44.144999],[-123.741168,44.145018],[-123.741181,44.145038],[-123.741198,44.145061],[-123.741217,44.145086],[-123.741238,44.145111],[-123.741256,44.145132],[-123.741269,44.145145],[-123.741294,44.145169],[-123.741309,44.145184],[-123.74134,44.145212],[-123.74137,44.145237],[-123.741397,44.145258],[-123.741424,44.145279],[-123.741442,44.145292],[-123.741467,44.14531],[-123.741485,44.145322],[-123.741512,44.14534],[-123.741528,44.145351],[-123.741548,44.145364],[-123.741594,44.145392],[-123.741619,44.145407],[-123.741651,44.145426],[-123.741693,44.14545],[-123.74173,44.145472],[-123.741763,44.145489],[-123.741795,44.145506],[-123.741835,44.145527],[-123.741866,44.145542],[-123.741897,44.145556],[-123.741922,44.145568],[-123.741952,44.145581],[-123.741987,44.145597],[-123.74202,44.14561],[-123.742043,44.14562],[-123.742087,44.145637],[-123.742119,44.145649],[-123.742151,44.14566],[-123.742183,44.145672],[-123.742207,44.145681],[-123.742249,44.145696],[-123.742303,44.145716],[-123.742344,44.145731],[-123.742384,44.145746],[-123.742394,44.145749],[-123.742534,44.142639],[-123.742424,44.142639],[-123.742255,44.14297]]]]}},{"type":"Feature","properties":{"MAPTAXLOT":"1609260000400","MAPNUMBER":"16092600","TAXLOT":"400","ACCTNO":"1869435","MAPACRES":1.33166},"geometry":{"type":"Polygon","coordinates":[[[-123.7459,44.151326],[-123.745558,44.151401],[-123.746146,44.151962],[-123.747042,44.151714],[-123.747081,44.151703],[-123.747076,44.151699],[-123.747069,44.151694],[-123.747032,44.151669],[-123.746982,44.151632],[-123.746951,44.151611],[-123.746919,44.151588],[-123.746886,44.151565],[-123.746842,44.151534],[-123.746802,44.151506],[-123.746774,44.151486],[-123.746732,44.151456],[-123.746698,44.151432],[-123.746671,44.151412],[-123.74664,44.151391],[-123.746599,44.151362],[-123.746568,44.15134],[-123.746544,44.151323],[-123.746518,44.151303],[-123.7465,44.151288],[-123.746489,44.151278],[-123.746473,44.151265],[-123.746446,44.15124],[-123.746432,44.151225],[-123.746419,44.151212],[-123.7459,44.151326]]]}},{"type":"Feature","properties":{"MAPTAXLOT":"1609350000077","MAPNUMBER":"16093500","TAXLOT":"77","ACCTNO":"000None","MAPACRES":18.75889405},"geometry":{"type":"MultiPolygon","coordinates":[[[[-123.739895,44.129229],[-123.739868,44.129246],[-123.739842,44.129264],[-123.739816,44.129283],[-123.739791,44.129301],[-123.739766,44.12932],[-123.739742,44.129339],[-123.739718,44.129359],[-123.739695,44.129378],[-123.739672,44.129399],[-123.73965,44.129419],[-123.739628,44.12944],[-123.739606,44.12946],[-123.739586,44.129482],[-123.739565,44.129503],[-123.739545,44.129525],[-123.739526,44.129547],[-123.739507,44.129569],[-123.739489,44.129591],[-123.739471,44.129614],[-123.739454,44.129637],[-123.739438,44.12966],[-123.739422,44.129683],[-123.739406,44.129707],[-123.739391,44.12973],[-123.739377,44.129754],[-123.739363,44.129778],[-123.73935,44.129802],[-123.739343,44.129815],[-123.73928,44.130001],[-123.739064,44.130635],[-123.739059,44.130644],[-123.739015,44.130728],[-123.738968,44.130811],[-123.73892,44.130894],[-123.738869,44.130976],[-123.738816,44.131058],[-123.738762,44.131139],[-123.738084,44.13212],[-123.738077,44.13213],[-123.738056,44.13216],[-123.738035,44.132188],[-123.738012,44.132217],[-123.737989,44.132245],[-123.737966,44.132274],[-123.737941,44.132301],[-123.737916,44.132329],[-123.737891,44.132356],[-123.737864,44.132383],[-123.737837,44.132409],[-123.73781,44.132435],[-123.737781,44.132461],[-123.737753,44.132487],[-123.737723,44.132512],[-123.737693,44.132536],[-123.737662,44.132561],[-123.737631,44.132585],[-123.737599,44.132608],[-123.737567,44.132631],[-123.737027,44.132827],[-123.736153,44.133204],[-123.735841,44.133362],[-123.735519,44.133509],[-123.735439,44.133545],[-123.735035,44.133727],[-123.73465,44.133905],[-123.734328,44.134027],[-123.733036,44.134377],[-123.733035,44.134605],[-123.733325,44.134522],[-123.734421,44.134207],[-123.734459,44.134196],[-123.734496,44.134186],[-123.734533,44.134174],[-123.734569,44.134163],[-123.734606,44.13415],[-123.734642,44.134138],[-123.734677,44.134124],[-123.734713,44.134111],[-123.734748,44.134097],[-123.734783,44.134082],[-123.734793,44.134078],[-123.735165,44.133884],[-123.735437,44.133749],[-123.735637,44.13365],[-123.735958,44.133503],[-123.73631,44.133392],[-123.736779,44.13319],[-123.737184,44.133015],[-123.737726,44.132749],[-123.737761,44.132724],[-123.737796,44.132698],[-123.73783,44.132672],[-123.737863,44.132646],[-123.737896,44.132619],[-123.737928,44.132592],[-123.73796,44.132564],[-123.73799,44.132536],[-123.73802,44.132508],[-123.73805,44.132479],[-123.738078,44.13245],[-123.738106,44.13242],[-123.738134,44.13239],[-123.73816,44.13236],[-123.738186,44.13233],[-123.738211,44.132299],[-123.738235,44.132268],[-123.738258,44.132236],[-123.738281,44.132204],[-123.738289,44.132194],[-123.738966,44.131212],[-123.739023,44.131129],[-123.739077,44.131044],[-123.739129,44.130959],[-123.739179,44.130874],[-123.739228,44.130788],[-123.739274,44.130701],[-123.739278,44.130692],[-123.739761,44.130006],[-123.739808,44.129939],[-123.739992,44.129873],[-123.739998,44.129864],[-123.74001,44.129848],[-123.740022,44.129832],[-123.740034,44.129817],[-123.740047,44.129801],[-123.74006,44.129786],[-123.740073,44.12977],[-123.740087,44.129755],[-123.740101,44.12974],[-123.740116,44.129726],[-123.740131,44.129711],[-123.740146,44.129697],[-123.740161,44.129683],[-123.740177,44.129669],[-123.740193,44.129655],[-123.74021,44.129641],[-123.740227,44.129628],[-123.740244,44.129615],[-123.740262,44.129602],[-123.74028,44.129589],[-123.740298,44.129577],[-123.740316,44.129564],[-123.740335,44.129552],[-123.740354,44.129541],[-123.740373,44.129529],[-123.740393,44.129518],[-123.740413,44.129507],[-123.740433,44.129496],[-123.740453,44.129485],[-123.740474,44.129475],[-123.740495,44.129465],[-123.740516,44.129455],[-123.740537,44.129446],[-123.740559,44.129437],[-123.740581,44.129428],[-123.740603,44.129419],[-123.740625,44.129411],[-123.740647,44.129403],[-123.74067,44.129395],[-123.740693,44.129387],[-123.740716,44.12938],[-123.740739,44.129373],[-123.740762,44.129366],[-123.740786,44.12936],[-123.740809,44.129354],[-123.740833,44.129348],[-123.741358,44.129224],[-123.741365,44.129223],[-123.741392,44.129217],[-123.741419,44.129211],[-123.741446,44.129206],[-123.741473,44.129201],[-123.7415,44.129196],[-123.741527,44.129192],[-123.741555,44.129188],[-123.741582,44.129184],[-123.74161,44.129181],[-123.741637,44.129178],[-123.741665,44.129175],[-123.741693,44.129173],[-123.741721,44.129171],[-123.741749,44.12917],[-123.741777,44.129168],[-123.741805,44.129168],[-123.741833,44.129167],[-123.741861,44.129167],[-123.741888,44.129167],[-123.741916,44.129168],[-123.741944,44.129169],[-123.741972,44.12917],[-123.742,44.129172],[-123.742028,44.129174],[-123.742056,44.129176],[-123.742084,44.129178],[-123.742111,44.129182],[-123.742139,44.129185],[-123.742166,44.129189],[-123.742194,44.129193],[-123.742221,44.129197],[-123.742248,44.129202],[-123.742275,44.129207],[-123.742302,44.129212],[-123.742329,44.129218],[-123.742356,44.129224],[-123.742382,44.129231],[-123.742409,44.129237],[-123.742761,44.129293],[-123.744065,44.129499],[-123.744187,44.12953],[-123.74431,44.12956],[-123.744433,44.129588],[-123.744557,44.129615],[-123.744682,44.12964],[-123.744808,44.129664],[-123.744934,44.129685],[-123.74506,44.129706],[-123.745145,44.129719],[-123.745212,44.129728],[-123.745224,44.12973],[-123.745275,44.129738],[-123.745325,44.129747],[-123.745375,44.129756],[-123.745425,44.129765],[-123.745475,44.129776],[-123.745524,44.129787],[-123.745574,44.129798],[-123.745623,44.129811],[-123.745671,44.129824],[-123.745719,44.129837],[-123.745767,44.129851],[-123.745815,44.129866],[-123.745862,44.129881],[-123.745909,44.129897],[-123.745955,44.129913],[-123.746001,44.12993],[-123.746047,44.129948],[-123.746092,44.129966],[-123.746137,44.129985],[-123.746181,44.130004],[-123.746225,44.130024],[-123.746699,44.130243],[-123.746737,44.13026],[-123.746775,44.130277],[-123.746814,44.130293],[-123.746853,44.130309],[-123.746893,44.130324],[-123.746933,44.130339],[-123.746973,44.130354],[-123.747014,44.130367],[-123.747055,44.130381],[-123.747097,44.130393],[-123.747138,44.130406],[-123.74718,44.130417],[-123.747222,44.130428],[-123.747265,44.130439],[-123.747308,44.130449],[-123.74735,44.130459],[-123.747394,44.130468],[-123.747437,44.130476],[-123.747481,44.130484],[-123.747524,44.130492],[-123.747568,44.130498],[-123.747613,44.130505],[-123.747657,44.13051],[-123.747701,44.130516],[-123.747746,44.13052],[-123.74779,44.130524],[-123.747835,44.130528],[-123.74788,44.130531],[-123.74792,44.130533],[-123.749052,44.1306],[-123.750394,44.13062],[-123.750577,44.130631],[-123.750656,44.130628],[-123.750736,44.130625],[-123.750815,44.130621],[-123.750894,44.130616],[-123.750973,44.130609],[-123.751052,44.130602],[-123.751131,44.130594],[-123.751209,44.130585],[-123.751287,44.130575],[-123.751365,44.130564],[-123.751443,44.130552],[-123.75152,44.130538],[-123.751597,44.130524],[-123.751674,44.130509],[-123.751751,44.130493],[-123.751826,44.130476],[-123.751902,44.130458],[-123.751977,44.13044],[-123.752052,44.13042],[-123.752126,44.130399],[-123.752199,44.130377],[-123.752272,44.130355],[-123.752345,44.130331],[-123.752417,44.130307],[-123.752478,44.130285],[-123.752506,44.130274],[-123.752507,44.129999],[-123.752325,44.130065],[-123.752128,44.130071],[-123.752104,44.130079],[-123.752037,44.130099],[-123.751971,44.130119],[-123.751903,44.130138],[-123.751836,44.130156],[-123.751767,44.130173],[-123.751699,44.130189],[-123.75163,44.130204],[-123.751561,44.130219],[-123.751491,44.130233],[-123.751421,44.130245],[-123.751351,44.130257],[-123.75128,44.130268],[-123.751209,44.130278],[-123.751138,44.130288],[-123.751067,44.130296],[-123.750996,44.130303],[-123.750924,44.13031],[-123.750852,44.130315],[-123.750781,44.13032],[-123.750709,44.130324],[-123.750637,44.130327],[-123.750564,44.130329],[-123.750384,44.130332],[-123.749079,44.130313],[-123.747943,44.130287],[-123.747908,44.130285],[-123.747869,44.130282],[-123.74783,44.130279],[-123.747792,44.130276],[-123.747753,44.130272],[-123.747714,44.130267],[-123.747676,44.130262],[-123.747638,44.130257],[-123.7476,44.130251],[-123.747562,44.130244],[-123.747524,44.130237],[-123.747486,44.13023],[-123.747449,44.130222],[-123.747412,44.130214],[-123.747375,44.130205],[-123.747338,44.130196],[-123.747301,44.130186],[-123.747265,44.130176],[-123.747229,44.130166],[-123.747193,44.130155],[-123.747157,44.130143],[-123.747122,44.130131],[-123.747087,44.130119],[-123.747052,44.130106],[-123.747018,44.130093],[-123.746984,44.130079],[-123.74695,44.130065],[-123.746917,44.13005],[-123.746884,44.130035],[-123.74641,44.129816],[-123.746361,44.129794],[-123.746312,44.129773],[-123.746262,44.129752],[-123.746211,44.129731],[-123.746161,44.129712],[-123.746109,44.129693],[-123.746057,44.129674],[-123.746005,44.129657],[-123.745952,44.12964],[-123.745899,44.129623],[-123.745846,44.129608],[-123.745792,44.129593],[-123.745738,44.129578],[-123.745683,44.129565],[-123.745629,44.129552],[-123.745573,44.129539],[-123.745518,44.129528],[-123.745462,44.129517],[-123.745406,44.129507],[-123.74535,44.129497],[-123.745294,44.129488],[-123.74528,44.129486],[-123.745213,44.129477],[-123.745044,44.129408],[-123.745024,44.129405],[-123.744905,44.129384],[-123.744786,44.129362],[-123.744668,44.129338],[-123.744551,44.129313],[-123.744434,44.129286],[-123.744318,44.129258],[-123.744202,44.129228],[-123.742768,44.12885],[-123.742625,44.128812],[-123.742588,44.128803],[-123.742551,44.128794],[-123.742514,44.128785],[-123.742477,44.128777],[-123.742439,44.12877],[-123.742401,44.128763],[-123.742364,44.128756],[-123.742326,44.12875],[-123.742287,44.128744],[-123.742249,44.128739],[-123.742211,44.128735],[-123.742172,44.12873],[-123.742134,44.128727],[-123.742095,44.128723],[-123.742056,44.128721],[-123.742017,44.128718],[-123.741978,44.128717],[-123.74194,44.128715],[-123.741901,44.128715],[-123.741862,44.128714],[-123.741823,44.128715],[-123.741784,44.128715],[-123.741745,44.128716],[-123.741706,44.128718],[-123.741667,44.12872],[-123.741628,44.128723],[-123.74159,44.128726],[-123.741551,44.12873],[-123.741513,44.128734],[-123.741474,44.128738],[-123.741436,44.128743],[-123.741398,44.128749],[-123.74136,44.128755],[-123.741322,44.128761],[-123.741284,44.128768],[-123.741247,44.128776],[-123.741209,44.128784],[-123.741172,44.128792],[-123.741163,44.128794],[-123.740638,44.128918],[-123.740603,44.128926],[-123.740569,44.128935],[-123.740536,44.128944],[-123.740502,44.128954],[-123.740469,44.128964],[-123.740436,44.128974],[-123.740403,44.128985],[-123.740371,44.128996],[-123.740338,44.129008],[-123.740306,44.12902],[-123.740275,44.129033],[-123.740243,44.129045],[-123.740212,44.129059],[-123.740182,44.129072],[-123.740151,44.129086],[-123.740121,44.129101],[-123.740092,44.129115],[-123.740062,44.12913],[-123.740033,44.129146],[-123.740005,44.129162],[-123.739977,44.129178],[-123.739949,44.129195],[-123.739922,44.129212],[-123.739895,44.129229]]],[[[-123.737382,44.135325],[-123.737405,44.135325],[-123.737448,44.135327],[-123.737504,44.135333],[-123.737557,44.13534],[-123.737608,44.135348],[-123.737665,44.135359],[-123.737757,44.13538],[-123.7378,44.13539],[-123.737908,44.135421],[-123.73798,44.135443],[-123.738047,44.135465],[-123.738142,44.135499],[-123.738277,44.135551],[-123.73837,44.135589],[-123.738477,44.135634],[-123.738498,44.135643],[-123.738626,44.135699],[-123.738744,44.135751],[-123.738842,44.135797],[-123.738878,44.135815],[-123.738954,44.135859],[-123.738999,44.135889],[-123.739038,44.135918],[-123.739066,44.135941],[-123.739091,44.135961],[-123.739602,44.13638],[-123.739635,44.136407],[-123.739673,44.136436],[-123.739724,44.136471],[-123.739761,44.136497],[-123.739773,44.136505],[-123.740277,44.136876],[-123.740314,44.136904],[-123.74036,44.136939],[-123.74041,44.136975],[-123.740451,44.137003],[-123.74046,44.137009],[-123.74067,44.137142],[-123.740694,44.137157],[-123.740719,44.137173],[-123.740756,44.137196],[-123.74078,44.137211],[-123.740815,44.137233],[-123.740849,44.137256],[-123.740872,44.137272],[-123.741209,44.13751],[-123.741238,44.137531],[-123.741262,44.137549],[-123.741287,44.13757],[-123.74132,44.137597],[-123.741349,44.137624],[-123.74137,44.137642],[-123.741378,44.13765],[-123.741744,44.137988],[-123.74177,44.138012],[-123.74181,44.138044],[-123.741847,44.138073],[-123.741874,44.138094],[-123.741902,44.138117],[-123.741918,44.13813],[-123.741931,44.138142],[-123.741951,44.138161],[-123.741969,44.138181],[-123.741985,44.1382],[-123.741997,44.138216],[-123.742009,44.138231],[-123.742031,44.138263],[-123.742053,44.138296],[-123.742068,44.138318],[-123.742086,44.138343],[-123.742125,44.138392],[-123.742142,44.138411],[-123.742171,44.138442],[-123.742205,44.138474],[-123.742244,44.138508],[-123.742278,44.138535],[-123.742316,44.138562],[-123.742346,44.138583],[-123.742384,44.138608],[-123.742429,44.138635],[-123.74245,44.138647],[-123.742495,44.138672],[-123.742601,44.138728],[-123.742903,44.13889],[-123.742947,44.138918],[-123.742985,44.13895],[-123.743008,44.138976],[-123.743033,44.139009],[-123.743055,44.139049],[-123.743074,44.139092],[-123.743086,44.139126],[-123.743096,44.139166],[-123.743104,44.139205],[-123.743111,44.139249],[-123.743116,44.13929],[-123.74312,44.13934],[-123.743124,44.139395],[-123.743125,44.139439],[-123.743126,44.139475],[-123.743125,44.139511],[-123.743123,44.139542],[-123.743118,44.139586],[-123.743117,44.139596],[-123.743114,44.139614],[-123.743111,44.139627],[-123.743106,44.139651],[-123.743099,44.139673],[-123.743037,44.139873],[-123.743033,44.139884],[-123.743028,44.1399],[-123.743022,44.139918],[-123.743019,44.139928],[-123.743015,44.139941],[-123.743013,44.139948],[-123.743011,44.139955],[-123.743007,44.139969],[-123.743004,44.139981],[-123.743,44.139995],[-123.742998,44.140009],[-123.742996,44.140016],[-123.742995,44.140024],[-123.742951,44.140322],[-123.742946,44.140353],[-123.742941,44.140378],[-123.742937,44.1404],[-123.742933,44.140422],[-123.742926,44.140452],[-123.742919,44.140481],[-123.742914,44.1405],[-123.742909,44.140517],[-123.742901,44.140538],[-123.742896,44.140555],[-123.742888,44.140577],[-123.742883,44.140589],[-123.742875,44.140608],[-123.742871,44.140618],[-123.742866,44.140628],[-123.74272,44.140943],[-123.742613,44.14099],[-123.742561,44.141063],[-123.742546,44.141084],[-123.742531,44.141115],[-123.742517,44.141146],[-123.742504,44.141177],[-123.742491,44.141209],[-123.742479,44.14124],[-123.742468,44.141272],[-123.742458,44.141304],[-123.742448,44.141336],[-123.74244,44.141368],[-123.742432,44.1414],[-123.742425,44.141432],[-123.742418,44.141464],[-123.742413,44.141497],[-123.742409,44.141522],[-123.742378,44.141736],[-123.742367,44.141819],[-123.742387,44.142084],[-123.742346,44.142387],[-123.742339,44.142404],[-123.74233,44.142425],[-123.742322,44.142442],[-123.742312,44.142461],[-123.742221,44.14264],[-123.742424,44.142639],[-123.742491,44.142509],[-123.742501,44.142488],[-123.742511,44.142467],[-123.742521,44.142444],[-123.742529,44.142425],[-123.742538,44.142401],[-123.742538,44.1424],[-123.742546,44.14238],[-123.742554,44.142357],[-123.742561,44.142334],[-123.742566,44.142315],[-123.742572,44.142295],[-123.74258,44.142268],[-123.742587,44.142239],[-123.742592,44.14222],[-123.742598,44.142197],[-123.742602,44.142174],[-123.742606,44.142158],[-123.742614,44.142101],[-123.742669,44.141979],[-123.742765,44.14171],[-123.74275,44.141547],[-123.742815,44.141153],[-123.74286,44.140981],[-123.743011,44.140663],[-123.743016,44.140651],[-123.743021,44.140641],[-123.74303,44.14062],[-123.743035,44.140605],[-123.743043,44.140582],[-123.743049,44.140564],[-123.743057,44.140543],[-123.743063,44.140523],[-123.743069,44.1405],[-123.743076,44.14047],[-123.743083,44.140439],[-123.743088,44.140416],[-123.743092,44.140393],[-123.743097,44.140366],[-123.743102,44.140334],[-123.743146,44.140038],[-123.743147,44.140032],[-123.743149,44.140024],[-123.743151,44.140011],[-123.743153,44.140001],[-123.743157,44.13999],[-123.743159,44.139979],[-123.743162,44.139973],[-123.743165,44.139962],[-123.743167,44.139952],[-123.74317,44.139943],[-123.743176,44.139925],[-123.743181,44.13991],[-123.743185,44.139898],[-123.743248,44.139696],[-123.743256,44.139671],[-123.743262,44.139644],[-123.743265,44.13963],[-123.743269,44.139608],[-123.74327,44.139595],[-123.743276,44.139549],[-123.743278,44.139514],[-123.743279,44.139475],[-123.743278,44.139437],[-123.743276,44.139391],[-123.743272,44.139334],[-123.743268,44.139283],[-123.743263,44.139238],[-123.743255,44.13919],[-123.743246,44.139147],[-123.743235,44.139103],[-123.743221,44.139063],[-123.743199,44.139012],[-123.743171,44.138963],[-123.74314,44.13892],[-123.743108,44.138885],[-123.743056,44.13884],[-123.742998,44.138804],[-123.742587,44.138584],[-123.742544,44.138561],[-123.742526,44.138551],[-123.742484,44.138525],[-123.742449,44.138502],[-123.742434,44.138491],[-123.742423,44.138484],[-123.742388,44.138459],[-123.742359,44.138436],[-123.742325,44.138406],[-123.742295,44.138377],[-123.742268,44.13835],[-123.742255,44.138335],[-123.74222,44.138291],[-123.742204,44.138268],[-123.742189,44.138247],[-123.742168,44.138215],[-123.742144,44.13818],[-123.742131,44.138164],[-123.742118,44.138146],[-123.742098,44.138122],[-123.742076,44.138098],[-123.742051,44.138074],[-123.742036,44.138061],[-123.742018,44.138045],[-123.741986,44.13802],[-123.741959,44.137999],[-123.741923,44.13797],[-123.741887,44.137941],[-123.741863,44.13792],[-123.741499,44.137584],[-123.74149,44.137575],[-123.741468,44.137555],[-123.741437,44.137528],[-123.741402,44.137498],[-123.741374,44.137475],[-123.741348,44.137455],[-123.741317,44.137432],[-123.740979,44.137194],[-123.740954,44.137176],[-123.740917,44.137152],[-123.740881,44.137129],[-123.740856,44.137113],[-123.740819,44.13709],[-123.740794,44.137074],[-123.74077,44.137059],[-123.74056,44.136926],[-123.740553,44.136922],[-123.740517,44.136897],[-123.740469,44.136863],[-123.740424,44.136828],[-123.740386,44.1368],[-123.73988,44.136427],[-123.739866,44.136418],[-123.73983,44.136392],[-123.739781,44.136358],[-123.739747,44.136333],[-123.739716,44.136308],[-123.739206,44.13589],[-123.739181,44.135868],[-123.739149,44.135843],[-123.739105,44.13581],[-123.739053,44.135776],[-123.738971,44.135728],[-123.738929,44.135706],[-123.738825,44.135658],[-123.738705,44.135605],[-123.738576,44.135549],[-123.738446,44.135494],[-123.738351,44.135455],[-123.738211,44.135401],[-123.738112,44.135366],[-123.738042,44.135343],[-123.737966,44.135319],[-123.737852,44.135287],[-123.737804,44.135276],[-123.737708,44.135254],[-123.737646,44.135242],[-123.737588,44.135232],[-123.737528,44.135224],[-123.737464,44.135218],[-123.73741,44.135215],[-123.737335,44.135215],[-123.735966,44.135261],[-123.7333,44.135326],[-123.733283,44.135326],[-123.733249,44.135326],[-123.73321,44.135324],[-123.733164,44.13532],[-123.733114,44.135313],[-123.733074,44.135305],[-123.733037,44.135295],[-123.733033,44.135294],[-123.733033,44.135411],[-123.733078,44.13542],[-123.73314,44.135429],[-123.733197,44.135433],[-123.733244,44.135435],[-123.733284,44.135436],[-123.733305,44.135435],[-123.734586,44.135404],[-123.735972,44.13537],[-123.736411,44.135356],[-123.737339,44.135325],[-123.737382,44.135325]]]]}},{"type":"Feature","properties":{"MAPTAXLOT":"1609350000101","MAPNUMBER":"16093500","TAXLOT":"101","ACCTNO":"1140878","MAPACRES":1.02218308},"geometry":{"type":"Polygon","coordinates":[[[-123.737808,44.135846],[-123.738429,44.13589],[-123.738477,44.135634],[-123.73837,44.135589],[-123.738277,44.135551],[-123.738142,44.135499],[-123.738047,44.135465],[-123.73798,44.135443],[-123.737908,44.135421],[-123.7378,44.13539],[-123.737757,44.13538],[-123.737665,44.135359],[-123.737608,44.135348],[-123.737557,44.13534],[-123.737504,44.135333],[-123.737448,44.135327],[-123.737405,44.135325],[-123.737382,44.135325],[-123.737358,44.135453],[-123.737292,44.135809],[-123.737808,44.135846]]]}},{"type":"Feature","properties":{"MAPTAXLOT":"1609350000102","MAPNUMBER":"16093500","TAXLOT":"102","ACCTNO":"1309929","MAPACRES":10.47769458},"geometry":{"type":"Polygon","coordinates":[[[-123.733033,44.135441],[-123.733017,44.138434],[-123.73418,44.138384],[-123.734491,44.137657],[-123.735072,44.137215],[-123.735069,44.13709],[-123.734452,44.136463],[-123.734671,44.13601],[-123.734681,44.135479],[-123.734586,44.135404],[-123.733305,44.135435],[-123.733284,44.135436],[-123.733244,44.135435],[-123.733197,44.135433],[-123.73314,44.135429],[-123.733078,44.13542],[-123.733033,44.135411],[-123.733033,44.135441]]]}},{"type":"Feature","properties":{"MAPTAXLOT":"1609350000103","MAPNUMBER":"16093500","TAXLOT":"103","ACCTNO":"1441748","MAPACRES":111.89159842},"geometry":{"type":"Polygon","coordinates":[[[-123.734681,44.135479],[-123.734671,44.13601],[-123.734452,44.136463],[-123.735069,44.13709],[-123.735072,44.137215],[-123.734491,44.137657],[-123.73418,44.138384],[-123.733017,44.138434],[-123.733013,44.139044],[-123.732993,44.142646],[-123.730705,44.145394],[-123.729422,44.145462],[-123.72929,44.145469],[-123.729301,44.14548],[-123.729378,44.145633],[-123.729467,44.145785],[-123.729506,44.145911],[-123.729434,44.146081],[-123.729434,44.146083],[-123.729418,44.146107],[-123.729611,44.146116],[-123.732725,44.146249],[-123.737526,44.146263],[-123.737711,44.142643],[-123.737762,44.139054],[-123.737796,44.136606],[-123.736965,44.13661],[-123.736411,44.135356],[-123.735972,44.13537],[-123.734586,44.135404],[-123.734681,44.135479]]]}},{"type":"Feature","properties":{"MAPTAXLOT":"1609350000104","MAPNUMBER":"16093500","TAXLOT":"104","ACCTNO":"1468030","MAPACRES":2.61648859},"geometry":{"type":"Polygon","coordinates":[[[-123.737796,44.136606],[-123.737799,44.136606],[-123.737808,44.135846],[-123.737292,44.135809],[-123.737358,44.135453],[-123.737382,44.135325],[-123.737339,44.135325],[-123.736411,44.135356],[-123.736965,44.13661],[-123.737796,44.136606]]]}},{"type":"Feature","properties":{"MAPTAXLOT":"1609350000200","MAPNUMBER":"16093500","TAXLOT":"200","ACCTNO":"0073641","MAPACRES":22.75010997},"geometry":{"type":"Polygon","coordinates":[[[-123.737762,44.139054],[-123.742595,44.139064],[-123.742601,44.138728],[-123.742495,44.138672],[-123.74245,44.138647],[-123.742429,44.138635],[-123.742384,44.138608],[-123.742346,44.138583],[-123.742316,44.138562],[-123.742278,44.138535],[-123.742244,44.138508],[-123.742205,44.138474],[-123.742171,44.138442],[-123.742142,44.138411],[-123.742125,44.138392],[-123.742086,44.138343],[-123.742068,44.138318],[-123.742053,44.138296],[-123.742031,44.138263],[-123.742009,44.138231],[-123.741997,44.138216],[-123.741985,44.1382],[-123.741969,44.138181],[-123.741951,44.138161],[-123.741931,44.138142],[-123.741918,44.13813],[-123.741902,44.138117],[-123.741874,44.138094],[-123.741847,44.138073],[-123.74181,44.138044],[-123.74177,44.138012],[-123.741744,44.137988],[-123.741378,44.13765],[-123.74137,44.137642],[-123.741349,44.137624],[-123.74132,44.137597],[-123.741287,44.13757],[-123.741262,44.137549],[-123.741238,44.137531],[-123.741209,44.13751],[-123.740872,44.137272],[-123.740849,44.137256],[-123.740815,44.137233],[-123.74078,44.137211],[-123.740756,44.137196],[-123.740719,44.137173],[-123.740694,44.137157],[-123.74067,44.137142],[-123.74046,44.137009],[-123.740451,44.137003],[-123.74041,44.136975],[-123.74036,44.136939],[-123.740314,44.136904],[-123.740277,44.136876],[-123.739773,44.136505],[-123.739761,44.136497],[-123.739724,44.136471],[-123.739673,44.136436],[-123.739635,44.136407],[-123.739602,44.13638],[-123.739091,44.135961],[-123.739066,44.135941],[-123.739038,44.135918],[-123.738999,44.135889],[-123.738954,44.135859],[-123.738878,44.135815],[-123.738842,44.135797],[-123.738744,44.135751],[-123.738626,44.135699],[-123.738498,44.135643],[-123.738477,44.135634],[-123.738429,44.13589],[-123.737808,44.135846],[-123.737799,44.136606],[-123.737796,44.136606],[-123.737762,44.139054]]]}},{"type":"Feature","properties":{"MAPTAXLOT":"1609350000201","MAPNUMBER":"16093500","TAXLOT":"201","ACCTNO":"1408481","MAPACRES":12.31905111},"geometry":{"type":"Polygon","coordinates":[[[-123.738351,44.135455],[-123.738446,44.135494],[-123.738576,44.135549],[-123.738705,44.135605],[-123.738825,44.135658],[-123.738929,44.135706],[-123.738971,44.135728],[-123.739053,44.135776],[-123.739105,44.13581],[-123.739149,44.135843],[-123.739181,44.135868],[-123.739206,44.13589],[-123.739716,44.136308],[-123.739747,44.136333],[-123.739781,44.136358],[-123.73983,44.136392],[-123.739866,44.136418],[-123.73988,44.136427],[-123.740386,44.1368],[-123.740424,44.136828],[-123.740469,44.136863],[-123.740517,44.136897],[-123.740553,44.136922],[-123.74056,44.136926],[-123.74077,44.137059],[-123.740794,44.137074],[-123.740819,44.13709],[-123.740856,44.137113],[-123.740881,44.137129],[-123.740917,44.137152],[-123.740954,44.137176],[-123.740979,44.137194],[-123.741317,44.137432],[-123.741348,44.137455],[-123.741374,44.137475],[-123.741402,44.137498],[-123.741437,44.137528],[-123.741468,44.137555],[-123.74149,44.137575],[-123.741499,44.137584],[-123.741863,44.13792],[-123.741887,44.137941],[-123.741923,44.13797],[-123.741959,44.137999],[-123.741986,44.13802],[-123.742018,44.138045],[-123.742036,44.138061],[-123.742051,44.138074],[-123.742076,44.138098],[-123.742098,44.138122],[-123.742118,44.138146],[-123.742131,44.138164],[-123.742144,44.13818],[-123.742168,44.138215],[-123.742189,44.138247],[-123.742204,44.138268],[-123.74222,44.138291],[-123.742255,44.138335],[-123.742268,44.13835],[-123.742295,44.138377],[-123.742325,44.138406],[-123.742359,44.138436],[-123.742388,44.138459],[-123.742423,44.138484],[-123.742434,44.138491],[-123.742485,44.135465],[-123.741454,44.135463],[-123.741445,44.135463],[-123.739637,44.135458],[-123.738351,44.135455]]]}},{"type":"Feature","properties":{"MAPTAXLOT":"1609350000202","MAPNUMBER":"16093500","TAXLOT":"202","ACCTNO":"1415841","MAPACRES":8.45668364},"geometry":{"type":"Polygon","coordinates":[[[-123.738351,44.135455],[-123.739637,44.135458],[-123.739618,44.135449],[-123.739245,44.135279],[-123.7389,44.135288],[-123.738327,44.135086],[-123.737804,44.135008],[-123.737155,44.134995],[-123.736543,44.134856],[-123.736478,44.134454],[-123.736657,44.13412],[-123.735989,44.134138],[-123.735529,44.134101],[-123.735434,44.134115],[-123.73543,44.134531],[-123.733325,44.134522],[-123.733035,44.134605],[-123.733033,44.135294],[-123.733037,44.135295],[-123.733074,44.135305],[-123.733114,44.135313],[-123.733164,44.13532],[-123.73321,44.135324],[-123.733249,44.135326],[-123.733283,44.135326],[-123.7333,44.135326],[-123.735966,44.135261],[-123.737335,44.135215],[-123.73741,44.135215],[-123.737464,44.135218],[-123.737528,44.135224],[-123.737588,44.135232],[-123.737646,44.135242],[-123.737708,44.135254],[-123.737804,44.135276],[-123.737852,44.135287],[-123.737966,44.135319],[-123.738042,44.135343],[-123.738112,44.135366],[-123.738211,44.135401],[-123.738351,44.135455]]]}},{"type":"Feature","properties":{"MAPTAXLOT":"1609350000300","MAPNUMBER":"16093500","TAXLOT":"300","ACCTNO":"0073658","MAPACRES":35.400565},"geometry":{"type":"Polygon","coordinates":[[[-123.737711,44.142643],[-123.740261,44.142641],[-123.741191,44.14226],[-123.741982,44.141872],[-123.742335,44.141749],[-123.742378,44.141736],[-123.742409,44.141522],[-123.742413,44.141497],[-123.742418,44.141464],[-123.742425,44.141432],[-123.742432,44.1414],[-123.74244,44.141368],[-123.742448,44.141336],[-123.742458,44.141304],[-123.742468,44.141272],[-123.742479,44.14124],[-123.742491,44.141209],[-123.742504,44.141177],[-123.742517,44.141146],[-123.742531,44.141115],[-123.742546,44.141084],[-123.742561,44.141063],[-123.742595,44.139064],[-123.737762,44.139054],[-123.737711,44.142643]]]}},{"type":"Feature","properties":{"MAPTAXLOT":"1609350000400","MAPNUMBER":"16093500","TAXLOT":"400","ACCTNO":"0073666","MAPACRES":2.08021262},"geometry":{"type":"MultiPolygon","coordinates":[[[[-123.742335,44.141749],[-123.741982,44.141872],[-123.741191,44.14226],[-123.740261,44.142641],[-123.74218,44.14264],[-123.742221,44.14264],[-123.742312,44.142461],[-123.742322,44.142442],[-123.74233,44.142425],[-123.742339,44.142404],[-123.742346,44.142387],[-123.742387,44.142084],[-123.742367,44.141819],[-123.742378,44.141736],[-123.742335,44.141749]]],[[[-123.742538,44.142401],[-123.742529,44.142425],[-123.742521,44.142444],[-123.742511,44.142467],[-123.742501,44.142488],[-123.742491,44.142509],[-123.742424,44.142639],[-123.742534,44.142639],[-123.742538,44.142401],[-123.742538,44.1424],[-123.742538,44.142401]]]]}},{"type":"Feature","properties":{"MAPTAXLOT":"1609350000500","MAPNUMBER":"16093500","TAXLOT":"500","ACCTNO":"0073674","MAPACRES":76.7661507},"geometry":{"type":"MultiPolygon","coordinates":[[[[-123.742434,44.138491],[-123.742449,44.138502],[-123.742484,44.138525],[-123.742526,44.138551],[-123.742544,44.138561],[-123.742587,44.138584],[-123.742998,44.138804],[-123.743056,44.13884],[-123.743108,44.138885],[-123.74314,44.13892],[-123.743171,44.138963],[-123.743199,44.139012],[-123.743221,44.139063],[-123.743235,44.139103],[-123.743246,44.139147],[-123.743255,44.13919],[-123.743263,44.139238],[-123.743268,44.139283],[-123.743272,44.139334],[-123.743276,44.139391],[-123.743278,44.139437],[-123.743279,44.139475],[-123.743278,44.139514],[-123.743276,44.139549],[-123.74327,44.139595],[-123.743269,44.139608],[-123.743265,44.13963],[-123.743262,44.139644],[-123.743256,44.139671],[-123.743248,44.139696],[-123.743185,44.139898],[-123.743181,44.13991],[-123.743176,44.139925],[-123.74317,44.139943],[-123.743167,44.139952],[-123.743165,44.139962],[-123.743162,44.139973],[-123.743159,44.139979],[-123.743157,44.13999],[-123.743153,44.140001],[-123.743151,44.140011],[-123.743149,44.140024],[-123.743147,44.140032],[-123.743146,44.140038],[-123.743102,44.140334],[-123.743097,44.140366],[-123.743092,44.140393],[-123.743088,44.140416],[-123.743083,44.140439],[-123.743076,44.14047],[-123.743069,44.1405],[-123.743063,44.140523],[-123.743057,44.140543],[-123.743049,44.140564],[-123.743043,44.140582],[-123.743035,44.140605],[-123.74303,44.14062],[-123.743021,44.140641],[-123.743016,44.140651],[-123.743011,44.140663],[-123.74286,44.140981],[-123.742815,44.141153],[-123.74275,44.141547],[-123.742765,44.14171],[-123.742669,44.141979],[-123.742614,44.142101],[-123.742606,44.142158],[-123.742602,44.142174],[-123.742598,44.142197],[-123.742592,44.14222],[-123.742587,44.142239],[-123.74258,44.142268],[-123.742572,44.142295],[-123.742566,44.142315],[-123.742561,44.142334],[-123.742554,44.142357],[-123.742546,44.14238],[-123.742538,44.1424],[-123.742538,44.142401],[-123.742534,44.142639],[-123.74742,44.142658],[-123.747533,44.135478],[-123.742656,44.135466],[-123.742485,44.135465],[-123.742434,44.138491]]],[[[-123.742595,44.139064],[-123.742561,44.141063],[-123.742613,44.14099],[-123.74272,44.140943],[-123.742866,44.140628],[-123.742871,44.140618],[-123.742875,44.140608],[-123.742883,44.140589],[-123.742888,44.140577],[-123.742896,44.140555],[-123.742901,44.140538],[-123.742909,44.140517],[-123.742914,44.1405],[-123.742919,44.140481],[-123.742926,44.140452],[-123.742933,44.140422],[-123.742937,44.1404],[-123.742941,44.140378],[-123.742946,44.140353],[-123.742951,44.140322],[-123.742995,44.140024],[-123.742996,44.140016],[-123.742998,44.140009],[-123.743,44.139995],[-123.743004,44.139981],[-123.743007,44.139969],[-123.743011,44.139955],[-123.743013,44.139948],[-123.743015,44.139941],[-123.743019,44.139928],[-123.743022,44.139918],[-123.743028,44.1399],[-123.743033,44.139884],[-123.743037,44.139873],[-123.743099,44.139673],[-123.743106,44.139651],[-123.743111,44.139627],[-123.743114,44.139614],[-123.743117,44.139596],[-123.743118,44.139586],[-123.743123,44.139542],[-123.743125,44.139511],[-123.743126,44.139475],[-123.743125,44.139439],[-123.743124,44.139395],[-123.74312,44.13934],[-123.743116,44.13929],[-123.743111,44.139249],[-123.743104,44.139205],[-123.743096,44.139166],[-123.743086,44.139126],[-123.743074,44.139092],[-123.743055,44.139049],[-123.743033,44.139009],[-123.743008,44.138976],[-123.742985,44.13895],[-123.742947,44.138918],[-123.742903,44.13889],[-123.742601,44.138728],[-123.742595,44.139064]]]]}},{"type":"Feature","properties":{"MAPTAXLOT":"1609350000600","MAPNUMBER":"16093500","TAXLOT":"600","ACCTNO":"0073682","MAPACRES":203.70911199},"geometry":{"type":"MultiPolygon","coordinates":[[[[-123.741777,44.129168],[-123.741749,44.12917],[-123.741721,44.129171],[-123.741693,44.129173],[-123.741665,44.129175],[-123.741637,44.129178],[-123.74161,44.129181],[-123.741582,44.129184],[-123.741555,44.129188],[-123.741527,44.129192],[-123.7415,44.129196],[-123.741473,44.129201],[-123.741446,44.129206],[-123.741419,44.129211],[-123.741392,44.129217],[-123.741365,44.129223],[-123.741358,44.129224],[-123.740833,44.129348],[-123.740809,44.129354],[-123.740786,44.12936],[-123.740762,44.129366],[-123.740739,44.129373],[-123.740716,44.12938],[-123.740693,44.129387],[-123.74067,44.129395],[-123.740647,44.129403],[-123.740625,44.129411],[-123.740603,44.129419],[-123.740581,44.129428],[-123.740559,44.129437],[-123.740537,44.129446],[-123.740516,44.129455],[-123.740495,44.129465],[-123.740474,44.129475],[-123.740453,44.129485],[-123.740433,44.129496],[-123.740413,44.129507],[-123.740393,44.129518],[-123.740373,44.129529],[-123.740354,44.129541],[-123.740335,44.129552],[-123.740316,44.129564],[-123.740298,44.129577],[-123.74028,44.129589],[-123.740262,44.129602],[-123.740244,44.129615],[-123.740227,44.129628],[-123.74021,44.129641],[-123.740193,44.129655],[-123.740177,44.129669],[-123.740161,44.129683],[-123.740146,44.129697],[-123.740131,44.129711],[-123.740116,44.129726],[-123.740101,44.12974],[-123.740087,44.129755],[-123.740073,44.12977],[-123.74006,44.129786],[-123.740047,44.129801],[-123.740034,44.129817],[-123.740022,44.129832],[-123.74001,44.129848],[-123.739998,44.129864],[-123.739992,44.129873],[-123.739808,44.129939],[-123.739761,44.130006],[-123.741534,44.130021],[-123.741475,44.133641],[-123.741445,44.135463],[-123.741454,44.135463],[-123.742485,44.135465],[-123.742656,44.135466],[-123.747533,44.135478],[-123.74742,44.142658],[-123.752413,44.142677],[-123.752486,44.13549],[-123.7525,44.131902],[-123.742718,44.13183],[-123.742761,44.129293],[-123.742409,44.129237],[-123.742382,44.129231],[-123.742356,44.129224],[-123.742329,44.129218],[-123.742302,44.129212],[-123.742275,44.129207],[-123.742248,44.129202],[-123.742221,44.129197],[-123.742194,44.129193],[-123.742166,44.129189],[-123.742139,44.129185],[-123.742111,44.129182],[-123.742084,44.129178],[-123.742056,44.129176],[-123.742028,44.129174],[-123.742,44.129172],[-123.741972,44.12917],[-123.741944,44.129169],[-123.741916,44.129168],[-123.741888,44.129167],[-123.741861,44.129167],[-123.741833,44.129167],[-123.741805,44.129168],[-123.741777,44.129168]]],[[[-123.735469,44.129968],[-123.73789,44.129989],[-123.73928,44.130001],[-123.739343,44.129815],[-123.73935,44.129802],[-123.739363,44.129778],[-123.739377,44.129754],[-123.739391,44.12973],[-123.739406,44.129707],[-123.739422,44.129683],[-123.739438,44.12966],[-123.739454,44.129637],[-123.739471,44.129614],[-123.739489,44.129591],[-123.739507,44.129569],[-123.739526,44.129547],[-123.739545,44.129525],[-123.739565,44.129503],[-123.739586,44.129482],[-123.739606,44.12946],[-123.739628,44.12944],[-123.73965,44.129419],[-123.739672,44.129399],[-123.739695,44.129378],[-123.739718,44.129359],[-123.739742,44.129339],[-123.739766,44.12932],[-123.739791,44.129301],[-123.739816,44.129283],[-123.739842,44.129264],[-123.739868,44.129246],[-123.739895,44.129229],[-123.739922,44.129212],[-123.739949,44.129195],[-123.739977,44.129178],[-123.740005,44.129162],[-123.740033,44.129146],[-123.740062,44.12913],[-123.740092,44.129115],[-123.740121,44.129101],[-123.740151,44.129086],[-123.740182,44.129072],[-123.740212,44.129059],[-123.740243,44.129045],[-123.740275,44.129033],[-123.740306,44.12902],[-123.740338,44.129008],[-123.740371,44.128996],[-123.740403,44.128985],[-123.740436,44.128974],[-123.740469,44.128964],[-123.740502,44.128954],[-123.740536,44.128944],[-123.740569,44.128935],[-123.740603,44.128926],[-123.740638,44.128918],[-123.741163,44.128794],[-123.741172,44.128792],[-123.741209,44.128784],[-123.741247,44.128776],[-123.741284,44.128768],[-123.741322,44.128761],[-123.74136,44.128755],[-123.741398,44.128749],[-123.741436,44.128743],[-123.741474,44.128738],[-123.741513,44.128734],[-123.741551,44.12873],[-123.74159,44.128726],[-123.741628,44.128723],[-123.741667,44.12872],[-123.741706,44.128718],[-123.741745,44.128716],[-123.741784,44.128715],[-123.741823,44.128715],[-123.741862,44.128714],[-123.741901,44.128715],[-123.74194,44.128715],[-123.741978,44.128717],[-123.742017,44.128718],[-123.742056,44.128721],[-123.742095,44.128723],[-123.742134,44.128727],[-123.742172,44.12873],[-123.742211,44.128735],[-123.742249,44.128739],[-123.742287,44.128744],[-123.742326,44.12875],[-123.742364,44.128756],[-123.742401,44.128763],[-123.742439,44.12877],[-123.742477,44.128777],[-123.742514,44.128785],[-123.742551,44.128794],[-123.742588,44.128803],[-123.742625,44.128812],[-123.742768,44.12885],[-123.742779,44.128234],[-123.737915,44.128228],[-123.734267,44.128223],[-123.734259,44.130913],[-123.735461,44.130915],[-123.735469,44.129968]]],[[[-123.735461,44.130915],[-123.735453,44.131776],[-123.736056,44.13178],[-123.736065,44.130919],[-123.735461,44.130915]]]]}},{"type":"Feature","properties":{"MAPTAXLOT":"1609350000601","MAPNUMBER":"16093500","TAXLOT":"601","ACCTNO":"1443298","MAPACRES":6.16639389},"geometry":{"type":"Polygon","coordinates":[[[-123.736056,44.13178],[-123.736659,44.131785],[-123.736669,44.130923],[-123.737877,44.130932],[-123.73789,44.129989],[-123.735469,44.129968],[-123.735461,44.130915],[-123.736065,44.130919],[-123.736056,44.13178]]]}},{"type":"Feature","properties":{"MAPTAXLOT":"1609350000700","MAPNUMBER":"16093500","TAXLOT":"700","ACCTNO":"0073690","MAPACRES":70.66577882},"geometry":{"type":"MultiPolygon","coordinates":[[[[-123.742718,44.13183],[-123.7525,44.131902],[-123.752506,44.130274],[-123.752478,44.130285],[-123.752417,44.130307],[-123.752345,44.130331],[-123.752272,44.130355],[-123.752199,44.130377],[-123.752126,44.130399],[-123.752052,44.13042],[-123.751977,44.13044],[-123.751902,44.130458],[-123.751826,44.130476],[-123.751751,44.130493],[-123.751674,44.130509],[-123.751597,44.130524],[-123.75152,44.130538],[-123.751443,44.130552],[-123.751365,44.130564],[-123.751287,44.130575],[-123.751209,44.130585],[-123.751131,44.130594],[-123.751052,44.130602],[-123.750973,44.130609],[-123.750894,44.130616],[-123.750815,44.130621],[-123.750736,44.130625],[-123.750656,44.130628],[-123.750577,44.130631],[-123.750394,44.13062],[-123.749052,44.1306],[-123.74792,44.130533],[-123.74788,44.130531],[-123.747835,44.130528],[-123.74779,44.130524],[-123.747746,44.13052],[-123.747701,44.130516],[-123.747657,44.13051],[-123.747613,44.130505],[-123.747568,44.130498],[-123.747524,44.130492],[-123.747481,44.130484],[-123.747437,44.130476],[-123.747394,44.130468],[-123.74735,44.130459],[-123.747308,44.130449],[-123.747265,44.130439],[-123.747222,44.130428],[-123.74718,44.130417],[-123.747138,44.130406],[-123.747097,44.130393],[-123.747055,44.130381],[-123.747014,44.130367],[-123.746973,44.130354],[-123.746933,44.130339],[-123.746893,44.130324],[-123.746853,44.130309],[-123.746814,44.130293],[-123.746775,44.130277],[-123.746737,44.13026],[-123.746699,44.130243],[-123.746225,44.130024],[-123.746181,44.130004],[-123.746137,44.129985],[-123.746092,44.129966],[-123.746047,44.129948],[-123.746001,44.12993],[-123.745955,44.129913],[-123.745909,44.129897],[-123.745862,44.129881],[-123.745815,44.129866],[-123.745767,44.129851],[-123.745719,44.129837],[-123.745671,44.129824],[-123.745623,44.129811],[-123.745574,44.129798],[-123.745524,44.129787],[-123.745475,44.129776],[-123.745425,44.129765],[-123.745375,44.129756],[-123.745325,44.129747],[-123.745275,44.129738],[-123.745224,44.12973],[-123.745212,44.129728],[-123.745145,44.129719],[-123.74506,44.129706],[-123.744934,44.129685],[-123.744808,44.129664],[-123.744682,44.12964],[-123.744557,44.129615],[-123.744433,44.129588],[-123.74431,44.12956],[-123.744187,44.12953],[-123.744065,44.129499],[-123.742761,44.129293],[-123.742718,44.13183]]],[[[-123.742768,44.12885],[-123.744202,44.129228],[-123.744318,44.129258],[-123.744434,44.129286],[-123.744551,44.129313],[-123.744668,44.129338],[-123.744786,44.129362],[-123.744905,44.129384],[-123.745024,44.129405],[-123.745044,44.129408],[-123.745213,44.129477],[-123.74528,44.129486],[-123.745294,44.129488],[-123.74535,44.129497],[-123.745406,44.129507],[-123.745462,44.129517],[-123.745518,44.129528],[-123.745573,44.129539],[-123.745629,44.129552],[-123.745683,44.129565],[-123.745738,44.129578],[-123.745792,44.129593],[-123.745846,44.129608],[-123.745899,44.129623],[-123.745952,44.12964],[-123.746005,44.129657],[-123.746057,44.129674],[-123.746109,44.129693],[-123.746161,44.129712],[-123.746211,44.129731],[-123.746262,44.129752],[-123.746312,44.129773],[-123.746361,44.129794],[-123.74641,44.129816],[-123.746884,44.130035],[-123.746917,44.13005],[-123.74695,44.130065],[-123.746984,44.130079],[-123.747018,44.130093],[-123.747052,44.130106],[-123.747087,44.130119],[-123.747122,44.130131],[-123.747157,44.130143],[-123.747193,44.130155],[-123.747229,44.130166],[-123.747265,44.130176],[-123.747301,44.130186],[-123.747338,44.130196],[-123.747375,44.130205],[-123.747412,44.130214],[-123.747449,44.130222],[-123.747486,44.13023],[-123.747524,44.130237],[-123.747562,44.130244],[-123.7476,44.130251],[-123.747638,44.130257],[-123.747676,44.130262],[-123.747714,44.130267],[-123.747753,44.130272],[-123.747792,44.130276],[-123.74783,44.130279],[-123.747869,44.130282],[-123.747908,44.130285],[-123.747943,44.130287],[-123.749079,44.130313],[-123.750384,44.130332],[-123.750564,44.130329],[-123.750637,44.130327],[-123.750709,44.130324],[-123.750781,44.13032],[-123.750852,44.130315],[-123.750924,44.13031],[-123.750996,44.130303],[-123.751067,44.130296],[-123.751138,44.130288],[-123.751209,44.130278],[-123.75128,44.130268],[-123.751351,44.130257],[-123.751421,44.130245],[-123.751491,44.130233],[-123.751561,44.130219],[-123.75163,44.130204],[-123.751699,44.130189],[-123.751767,44.130173],[-123.751836,44.130156],[-123.751903,44.130138],[-123.751971,44.130119],[-123.752037,44.130099],[-123.752104,44.130079],[-123.752128,44.130071],[-123.752325,44.130065],[-123.752507,44.129999],[-123.752513,44.128314],[-123.747646,44.128274],[-123.742779,44.128234],[-123.742768,44.12885]]]]}},{"type":"Feature","properties":{"MAPTAXLOT":"1609350000801","MAPNUMBER":"16093500","TAXLOT":"801","ACCTNO":"1234630","MAPACRES":23.22840019},"geometry":{"type":"Polygon","coordinates":[[[-123.738475,44.133645],[-123.741475,44.133641],[-123.741534,44.130021],[-123.739761,44.130006],[-123.739278,44.130692],[-123.739274,44.130701],[-123.739228,44.130788],[-123.739179,44.130874],[-123.739129,44.130959],[-123.739077,44.131044],[-123.739023,44.131129],[-123.738966,44.131212],[-123.738289,44.132194],[-123.738281,44.132204],[-123.738258,44.132236],[-123.738235,44.132268],[-123.738211,44.132299],[-123.738186,44.13233],[-123.73816,44.13236],[-123.738134,44.13239],[-123.738106,44.13242],[-123.738078,44.13245],[-123.73805,44.132479],[-123.73802,44.132508],[-123.73799,44.132536],[-123.73796,44.132564],[-123.737928,44.132592],[-123.737896,44.132619],[-123.737863,44.132646],[-123.73783,44.132672],[-123.737796,44.132698],[-123.737761,44.132724],[-123.737726,44.132749],[-123.737184,44.133015],[-123.736779,44.13319],[-123.738481,44.133192],[-123.738475,44.133645]]]}},{"type":"Feature","properties":{"MAPTAXLOT":"1609350000802","MAPNUMBER":"16093500","TAXLOT":"802","ACCTNO":"1299666","MAPACRES":20.64030185},"geometry":{"type":"Polygon","coordinates":[[[-123.739637,44.135458],[-123.741445,44.135463],[-123.741475,44.133641],[-123.738475,44.133645],[-123.738481,44.133192],[-123.736779,44.13319],[-123.73631,44.133392],[-123.735958,44.133503],[-123.735637,44.13365],[-123.735437,44.133749],[-123.735434,44.134115],[-123.735529,44.134101],[-123.735989,44.134138],[-123.736657,44.13412],[-123.736478,44.134454],[-123.736543,44.134856],[-123.737155,44.134995],[-123.737804,44.135008],[-123.738327,44.135086],[-123.7389,44.135288],[-123.739245,44.135279],[-123.739618,44.135449],[-123.739637,44.135458]]]}},{"type":"Feature","properties":{"MAPTAXLOT":"1609350000803","MAPNUMBER":"16093500","TAXLOT":"803","ACCTNO":"1401981","MAPACRES":15.39910566},"geometry":{"type":"Polygon","coordinates":[[[-123.735446,44.132708],[-123.735439,44.133545],[-123.735519,44.133509],[-123.735841,44.133362],[-123.736153,44.133204],[-123.737027,44.132827],[-123.737567,44.132631],[-123.737599,44.132608],[-123.737631,44.132585],[-123.737662,44.132561],[-123.737693,44.132536],[-123.737723,44.132512],[-123.737753,44.132487],[-123.737781,44.132461],[-123.73781,44.132435],[-123.737837,44.132409],[-123.737864,44.132383],[-123.737891,44.132356],[-123.737916,44.132329],[-123.737941,44.132301],[-123.737966,44.132274],[-123.737989,44.132245],[-123.738012,44.132217],[-123.738035,44.132188],[-123.738056,44.13216],[-123.738077,44.13213],[-123.738084,44.13212],[-123.738762,44.131139],[-123.738816,44.131058],[-123.738869,44.130976],[-123.73892,44.130894],[-123.738968,44.130811],[-123.739015,44.130728],[-123.739059,44.130644],[-123.739064,44.130635],[-123.73928,44.130001],[-123.73789,44.129989],[-123.737877,44.130932],[-123.736669,44.130923],[-123.736659,44.131785],[-123.736056,44.13178],[-123.735453,44.131776],[-123.734256,44.131767],[-123.734243,44.132693],[-123.735446,44.132708]]]}},{"type":"Feature","properties":{"MAPTAXLOT":"1609350000804","MAPNUMBER":"16093500","TAXLOT":"804","ACCTNO":"1443322","MAPACRES":11.70982873},"geometry":{"type":"Polygon","coordinates":[[[-123.734256,44.131767],[-123.735453,44.131776],[-123.735461,44.130915],[-123.734259,44.130913],[-123.734267,44.128223],[-123.733052,44.128222],[-123.733042,44.131758],[-123.734256,44.131767]]]}},{"type":"Feature","properties":{"MAPTAXLOT":"1609350000900","MAPNUMBER":"16093500","TAXLOT":"900","ACCTNO":"0073716","MAPACRES":10.98645377},"geometry":{"type":"MultiPolygon","coordinates":[[[[-123.733036,44.134377],[-123.734328,44.134027],[-123.73465,44.133905],[-123.735035,44.133727],[-123.735439,44.133545],[-123.735446,44.132708],[-123.734243,44.132693],[-123.734256,44.131767],[-123.733042,44.131758],[-123.733036,44.134377]]],[[[-123.735165,44.133884],[-123.734793,44.134078],[-123.734783,44.134082],[-123.734748,44.134097],[-123.734713,44.134111],[-123.734677,44.134124],[-123.734642,44.134138],[-123.734606,44.13415],[-123.734569,44.134163],[-123.734533,44.134174],[-123.734496,44.134186],[-123.734459,44.134196],[-123.734421,44.134207],[-123.733325,44.134522],[-123.73543,44.134531],[-123.735434,44.134115],[-123.735437,44.133749],[-123.735165,44.133884]]]]}},{"type":"Feature","properties":{"MAPTAXLOT":"1609360000077","MAPNUMBER":"16093600","TAXLOT":"77","ACCTNO":"000None","MAPACRES":8.78361984},"geometry":{"type":"Polygon","coordinates":[[[-123.726865,44.143813],[-123.72712,44.143978],[-123.727147,44.143955],[-123.727179,44.143927],[-123.727209,44.143899],[-123.72724,44.143871],[-123.727269,44.143842],[-123.727298,44.143813],[-123.727325,44.143783],[-123.727353,44.143753],[-123.727379,44.143723],[-123.727405,44.143693],[-123.72743,44.143662],[-123.727454,44.143631],[-123.727478,44.143599],[-123.7275,44.143567],[-123.727522,44.143535],[-123.727544,44.143503],[-123.727564,44.14347],[-123.727584,44.143438],[-123.727602,44.143405],[-123.72762,44.143371],[-123.727638,44.143338],[-123.727654,44.143304],[-123.727669,44.14327],[-123.727678,44.14325],[-123.727944,44.14263],[-123.728031,44.142446],[-123.728231,44.142022],[-123.728387,44.141692],[-123.728393,44.141678],[-123.728432,44.141593],[-123.728472,44.141508],[-123.728514,44.141424],[-123.728558,44.14134],[-123.728604,44.141257],[-123.728643,44.141122],[-123.72904,44.140475],[-123.729069,44.140429],[-123.729178,44.140304],[-123.72919,44.140276],[-123.729202,44.140248],[-123.729214,44.14022],[-123.729225,44.140191],[-123.729235,44.140163],[-123.729244,44.140134],[-123.729253,44.140106],[-123.729261,44.140077],[-123.729268,44.140048],[-123.729275,44.140019],[-123.729281,44.13999],[-123.729286,44.139961],[-123.729291,44.139932],[-123.729294,44.139902],[-123.729297,44.139873],[-123.7293,44.139844],[-123.729302,44.139815],[-123.729303,44.139785],[-123.729303,44.139756],[-123.729302,44.139727],[-123.729302,44.13972],[-123.729301,44.139697],[-123.729299,44.139668],[-123.729298,44.139648],[-123.729221,44.138927],[-123.729148,44.138656],[-123.729123,44.138382],[-123.729134,44.138107],[-123.729,44.136849],[-123.729074,44.136722],[-123.729075,44.136708],[-123.729076,44.136688],[-123.729079,44.136667],[-123.729081,44.136647],[-123.729084,44.136627],[-123.729088,44.136606],[-123.729092,44.136586],[-123.729097,44.136566],[-123.729102,44.136546],[-123.729108,44.136526],[-123.729114,44.136506],[-123.72912,44.136486],[-123.729127,44.136466],[-123.729135,44.136446],[-123.729143,44.136427],[-123.729151,44.136407],[-123.72916,44.136388],[-123.72917,44.136368],[-123.72918,44.136349],[-123.72919,44.13633],[-123.729201,44.136311],[-123.729212,44.136292],[-123.729224,44.136274],[-123.729236,44.136255],[-123.729249,44.136237],[-123.729262,44.136219],[-123.729275,44.136201],[-123.729289,44.136183],[-123.729304,44.136165],[-123.729318,44.136148],[-123.729334,44.13613],[-123.729349,44.136113],[-123.729365,44.136096],[-123.729382,44.13608],[-123.729399,44.136063],[-123.729416,44.136047],[-123.729433,44.136031],[-123.729452,44.136015],[-123.72947,44.136],[-123.729489,44.135984],[-123.729508,44.135969],[-123.729527,44.135954],[-123.729547,44.13594],[-123.729568,44.135925],[-123.729588,44.135911],[-123.729609,44.135897],[-123.72963,44.135884],[-123.729652,44.13587],[-123.729674,44.135857],[-123.729696,44.135845],[-123.730552,44.135359],[-123.730556,44.135359],[-123.730562,44.135355],[-123.730581,44.135345],[-123.7306,44.135335],[-123.73062,44.135325],[-123.73064,44.135315],[-123.73066,44.135306],[-123.73068,44.135297],[-123.7307,44.135288],[-123.730721,44.135279],[-123.730742,44.135271],[-123.730763,44.135263],[-123.730784,44.135255],[-123.730806,44.135247],[-123.730827,44.13524],[-123.730849,44.135233],[-123.730871,44.135226],[-123.730893,44.13522],[-123.730916,44.135214],[-123.732378,44.134794],[-123.732538,44.135066],[-123.732556,44.135094],[-123.732572,44.135118],[-123.732595,44.135147],[-123.732621,44.135177],[-123.732658,44.135214],[-123.732692,44.135243],[-123.732732,44.135273],[-123.732767,44.135298],[-123.732815,44.135326],[-123.732828,44.135334],[-123.732876,44.135357],[-123.732927,44.135379],[-123.732978,44.135396],[-123.733026,44.135409],[-123.733033,44.135411],[-123.733033,44.135294],[-123.732998,44.135282],[-123.732957,44.135264],[-123.732919,44.135246],[-123.732911,44.135241],[-123.732868,44.135216],[-123.73284,44.135196],[-123.732806,44.13517],[-123.732778,44.135146],[-123.732747,44.135115],[-123.732726,44.135091],[-123.732706,44.135066],[-123.732694,44.135048],[-123.732678,44.135022],[-123.73252,44.134753],[-123.733035,44.134605],[-123.733036,44.134377],[-123.730795,44.134983],[-123.730767,44.13499],[-123.73074,44.134998],[-123.730712,44.135007],[-123.730685,44.135016],[-123.730658,44.135025],[-123.730631,44.135034],[-123.730604,44.135044],[-123.730578,44.135054],[-123.730552,44.135064],[-123.730526,44.135075],[-123.7305,44.135086],[-123.730475,44.135098],[-123.73045,44.13511],[-123.730425,44.135122],[-123.730401,44.135134],[-123.730377,44.135147],[-123.730353,44.13516],[-123.73034,44.135167],[-123.730009,44.135341],[-123.729461,44.135629],[-123.729433,44.135645],[-123.729406,44.135661],[-123.72938,44.135677],[-123.729354,44.135694],[-123.729328,44.135711],[-123.729302,44.135728],[-123.729277,44.135746],[-123.729253,44.135764],[-123.729229,44.135782],[-123.729205,44.135801],[-123.729182,44.13582],[-123.729159,44.135839],[-123.729137,44.135859],[-123.729115,44.135879],[-123.729094,44.135899],[-123.729073,44.135919],[-123.729053,44.13594],[-123.729033,44.13596],[-123.729014,44.135982],[-123.728995,44.136003],[-123.728977,44.136024],[-123.728959,44.136046],[-123.728942,44.136068],[-123.728925,44.13609],[-123.728909,44.136113],[-123.728893,44.136135],[-123.728878,44.136158],[-123.728864,44.136181],[-123.72885,44.136204],[-123.728837,44.136228],[-123.728824,44.136251],[-123.728812,44.136275],[-123.7288,44.136299],[-123.728789,44.136323],[-123.728778,44.136347],[-123.728769,44.136371],[-123.728759,44.136395],[-123.728751,44.13642],[-123.728742,44.136444],[-123.728735,44.136469],[-123.728728,44.136494],[-123.728722,44.136519],[-123.728716,44.136544],[-123.728711,44.136569],[-123.728706,44.136594],[-123.728702,44.136619],[-123.728699,44.136644],[-123.728696,44.136669],[-123.728694,44.136694],[-123.728693,44.136719],[-123.728692,44.136745],[-123.728692,44.13677],[-123.728692,44.136795],[-123.728693,44.13682],[-123.728695,44.136846],[-123.728696,44.136863],[-123.728796,44.138123],[-123.728817,44.138397],[-123.728839,44.138671],[-123.728861,44.138945],[-123.728918,44.139667],[-123.728919,44.139683],[-123.728921,44.139707],[-123.728921,44.139727],[-123.728921,44.139732],[-123.728922,44.139757],[-123.728922,44.139781],[-123.728921,44.139806],[-123.728919,44.13983],[-123.728917,44.139855],[-123.728915,44.139879],[-123.728912,44.139904],[-123.728908,44.139928],[-123.728904,44.139952],[-123.728899,44.139974],[-123.728899,44.139977],[-123.728893,44.140001],[-123.728887,44.140025],[-123.72888,44.140049],[-123.728873,44.140073],[-123.728865,44.140097],[-123.728857,44.140121],[-123.728848,44.140145],[-123.728838,44.140168],[-123.728828,44.140192],[-123.728817,44.140215],[-123.72886,44.140362],[-123.728416,44.14105],[-123.728252,44.141153],[-123.728229,44.141194],[-123.728203,44.14124],[-123.728157,44.141328],[-123.728112,44.141417],[-123.72807,44.141506],[-123.72805,44.14155],[-123.72803,44.141596],[-123.728023,44.141611],[-123.727671,44.142431],[-123.727351,44.143177],[-123.727343,44.143195],[-123.727329,44.143225],[-123.727315,44.143254],[-123.7273,44.143284],[-123.727284,44.143313],[-123.727267,44.143342],[-123.72725,44.143371],[-123.727232,44.1434],[-123.727214,44.143428],[-123.727194,44.143456],[-123.727174,44.143484],[-123.727154,44.143512],[-123.727132,44.143539],[-123.72711,44.143566],[-123.727088,44.143593],[-123.727064,44.14362],[-123.72704,44.143646],[-123.727016,44.143672],[-123.726991,44.143698],[-123.726965,44.143723],[-123.726939,44.143748],[-123.726911,44.143773],[-123.726884,44.143797],[-123.726865,44.143813]]]}},{"type":"Feature","properties":{"MAPTAXLOT":"1609360000100","MAPNUMBER":"16093600","TAXLOT":"100","ACCTNO":"0073724","MAPACRES":62.05179456},"geometry":{"type":"Polygon","coordinates":[[[-123.717501,44.143832],[-123.718686,44.143944],[-123.720419,44.143772],[-123.720405,44.143749],[-123.720675,44.143665],[-123.720615,44.143581],[-123.720226,44.143028],[-123.719661,44.142335],[-123.719394,44.142091],[-123.718737,44.142064],[-123.718671,44.13851],[-123.713902,44.138333],[-123.713983,44.141297],[-123.713998,44.141865],[-123.713973,44.143838],[-123.717501,44.143832]]]}},{"type":"Feature","properties":{"MAPTAXLOT":"1609360000200","MAPNUMBER":"16093600","TAXLOT":"200","ACCTNO":"0073732","MAPACRES":37.18990776},"geometry":{"type":"Polygon","coordinates":[[[-123.71389,44.137906],[-123.7139,44.138256],[-123.713902,44.138333],[-123.718671,44.13851],[-123.718654,44.137624],[-123.718605,44.13496],[-123.713806,44.134801],[-123.713806,44.134801],[-123.71389,44.137906]]]}},{"type":"Feature","properties":{"MAPTAXLOT":"1609360000300","MAPNUMBER":"16093600","TAXLOT":"300","ACCTNO":"0073740","MAPACRES":4.05001425},"geometry":{"type":"MultiPolygon","coordinates":[[[[-123.725854,44.142358],[-123.727671,44.142431],[-123.728023,44.141611],[-123.72803,44.141596],[-123.72805,44.14155],[-123.72805,44.14155],[-123.725848,44.141463],[-123.725854,44.142358]]],[[[-123.728031,44.142446],[-123.728233,44.142454],[-123.728231,44.142022],[-123.728031,44.142446]]]]}},{"type":"Feature","properties":{"MAPTAXLOT":"1609360000301","MAPNUMBER":"16093600","TAXLOT":"301","ACCTNO":"1082583","MAPACRES":70.41838037},"geometry":{"type":"Polygon","coordinates":[[[-123.72344,44.138688],[-123.728222,44.138866],[-123.728212,44.135281],[-123.723404,44.13512],[-123.718605,44.13496],[-123.718654,44.137624],[-123.721043,44.137709],[-123.721055,44.138599],[-123.72344,44.138688]]]}},{"type":"Feature","properties":{"MAPTAXLOT":"1609360000302","MAPNUMBER":"16093600","TAXLOT":"302","ACCTNO":"1192523","MAPACRES":32.6764822},"geometry":{"type":"Polygon","coordinates":[[[-123.723476,44.142262],[-123.725854,44.142358],[-123.725848,44.141463],[-123.72805,44.14155],[-123.72805,44.14155],[-123.72807,44.141506],[-123.728112,44.141417],[-123.728157,44.141328],[-123.728203,44.14124],[-123.728229,44.141194],[-123.728229,44.141194],[-123.728229,44.141194],[-123.728228,44.140884],[-123.728063,44.140884],[-123.728062,44.140648],[-123.728227,44.140648],[-123.728225,44.139974],[-123.728225,44.139727],[-123.728222,44.138866],[-123.72344,44.138688],[-123.723476,44.142262]]]}},{"type":"Feature","properties":{"MAPTAXLOT":"1609360000303","MAPNUMBER":"16093600","TAXLOT":"303","ACCTNO":"1192531","MAPACRES":4.653581},"geometry":{"type":"Polygon","coordinates":[[[-123.718671,44.13851],[-123.721055,44.138599],[-123.721043,44.137709],[-123.718654,44.137624],[-123.718671,44.13851]]]}},{"type":"Feature","properties":{"MAPTAXLOT":"1609360000304","MAPNUMBER":"16093600","TAXLOT":"304","ACCTNO":"1192549","MAPACRES":18.63061182},"geometry":{"type":"Polygon","coordinates":[[[-123.721106,44.142163],[-123.723476,44.142262],[-123.72344,44.138688],[-123.721055,44.138599],[-123.721106,44.142163]]]}},{"type":"Feature","properties":{"MAPTAXLOT":"1609360000305","MAPNUMBER":"16093600","TAXLOT":"305","ACCTNO":"1443389","MAPACRES":18.57298637},"geometry":{"type":"Polygon","coordinates":[[[-123.719394,44.142091],[-123.721106,44.142163],[-123.721055,44.138599],[-123.718671,44.13851],[-123.718737,44.142064],[-123.719394,44.142091]]]}},{"type":"Feature","properties":{"MAPTAXLOT":"1609360000500","MAPNUMBER":"16093600","TAXLOT":"500","ACCTNO":"0073757","MAPACRES":0.89317331},"geometry":{"type":"Polygon","coordinates":[[[-123.72904,44.140475],[-123.72977,44.140472],[-123.729764,44.139718],[-123.729302,44.13972],[-123.729302,44.13972],[-123.729302,44.139727],[-123.729303,44.139756],[-123.729303,44.139785],[-123.729302,44.139815],[-123.7293,44.139844],[-123.729297,44.139873],[-123.729294,44.139902],[-123.729291,44.139932],[-123.729286,44.139961],[-123.729281,44.13999],[-123.729275,44.140019],[-123.729268,44.140048],[-123.729261,44.140077],[-123.729253,44.140106],[-123.729244,44.140134],[-123.729235,44.140163],[-123.729225,44.140191],[-123.729214,44.14022],[-123.729202,44.140248],[-123.72919,44.140276],[-123.729178,44.140304],[-123.729069,44.140429],[-123.72904,44.140475]]]}},{"type":"Feature","properties":{"MAPTAXLOT":"1609360000600","MAPNUMBER":"16093600","TAXLOT":"600","ACCTNO":"0073765","MAPACRES":37.99725655},"geometry":{"type":"MultiPolygon","coordinates":[[[[-123.729298,44.139648],[-123.729299,44.139668],[-123.729301,44.139697],[-123.729302,44.13972],[-123.729302,44.13972],[-123.729764,44.139718],[-123.730303,44.139716],[-123.730297,44.138943],[-123.733013,44.139044],[-123.733017,44.138434],[-123.733033,44.135441],[-123.730556,44.135359],[-123.730552,44.135359],[-123.729696,44.135845],[-123.729674,44.135857],[-123.729652,44.13587],[-123.72963,44.135884],[-123.729609,44.135897],[-123.729588,44.135911],[-123.729568,44.135925],[-123.729547,44.13594],[-123.729527,44.135954],[-123.729508,44.135969],[-123.729489,44.135984],[-123.72947,44.136],[-123.729452,44.136015],[-123.729433,44.136031],[-123.729416,44.136047],[-123.729399,44.136063],[-123.729382,44.13608],[-123.729365,44.136096],[-123.729349,44.136113],[-123.729334,44.13613],[-123.729318,44.136148],[-123.729304,44.136165],[-123.729289,44.136183],[-123.729275,44.136201],[-123.729262,44.136219],[-123.729249,44.136237],[-123.729236,44.136255],[-123.729224,44.136274],[-123.729212,44.136292],[-123.729201,44.136311],[-123.72919,44.13633],[-123.72918,44.136349],[-123.72917,44.136368],[-123.72916,44.136388],[-123.729151,44.136407],[-123.729143,44.136427],[-123.729135,44.136446],[-123.729127,44.136466],[-123.72912,44.136486],[-123.729114,44.136506],[-123.729108,44.136526],[-123.729102,44.136546],[-123.729097,44.136566],[-123.729092,44.136586],[-123.729088,44.136606],[-123.729084,44.136627],[-123.729081,44.136647],[-123.729079,44.136667],[-123.729076,44.136688],[-123.729075,44.136708],[-123.729074,44.136722],[-123.729,44.136849],[-123.729134,44.138107],[-123.729123,44.138382],[-123.729148,44.138656],[-123.729221,44.138927],[-123.729298,44.139648]]],[[[-123.728222,44.138866],[-123.728225,44.139727],[-123.728921,44.139727],[-123.728921,44.139707],[-123.728919,44.139683],[-123.728918,44.139667],[-123.728861,44.138945],[-123.728839,44.138671],[-123.728817,44.138397],[-123.728796,44.138123],[-123.728696,44.136863],[-123.728695,44.136846],[-123.728693,44.13682],[-123.728692,44.136795],[-123.728692,44.13677],[-123.728692,44.136745],[-123.728693,44.136719],[-123.728694,44.136694],[-123.728696,44.136669],[-123.728699,44.136644],[-123.728702,44.136619],[-123.728706,44.136594],[-123.728711,44.136569],[-123.728716,44.136544],[-123.728722,44.136519],[-123.728728,44.136494],[-123.728735,44.136469],[-123.728742,44.136444],[-123.728751,44.13642],[-123.728759,44.136395],[-123.728769,44.136371],[-123.728778,44.136347],[-123.728789,44.136323],[-123.7288,44.136299],[-123.728812,44.136275],[-123.728824,44.136251],[-123.728837,44.136228],[-123.72885,44.136204],[-123.728864,44.136181],[-123.728878,44.136158],[-123.728893,44.136135],[-123.728909,44.136113],[-123.728925,44.13609],[-123.728942,44.136068],[-123.728959,44.136046],[-123.728977,44.136024],[-123.728995,44.136003],[-123.729014,44.135982],[-123.729033,44.13596],[-123.729053,44.13594],[-123.729073,44.135919],[-123.729094,44.135899],[-123.729115,44.135879],[-123.729137,44.135859],[-123.729159,44.135839],[-123.729182,44.13582],[-123.729205,44.135801],[-123.729229,44.135782],[-123.729253,44.135764],[-123.729277,44.135746],[-123.729302,44.135728],[-123.729328,44.135711],[-123.729354,44.135694],[-123.72938,44.135677],[-123.729406,44.135661],[-123.729433,44.135645],[-123.729461,44.135629],[-123.730009,44.135341],[-123.728212,44.135281],[-123.728222,44.138866]]]]}},{"type":"Feature","properties":{"MAPTAXLOT":"1609360000700","MAPNUMBER":"16093600","TAXLOT":"700","ACCTNO":"0073773","MAPACRES":301.06949064},"geometry":{"type":"MultiPolygon","coordinates":[[[[-123.713706,44.131126],[-123.71371,44.131268],[-123.713798,44.134517],[-123.713806,44.134801],[-123.713806,44.134801],[-123.718605,44.13496],[-123.723404,44.13512],[-123.728212,44.135281],[-123.730009,44.135341],[-123.73034,44.135167],[-123.730353,44.13516],[-123.730377,44.135147],[-123.730401,44.135134],[-123.730425,44.135122],[-123.73045,44.13511],[-123.730475,44.135098],[-123.7305,44.135086],[-123.730526,44.135075],[-123.730552,44.135064],[-123.730578,44.135054],[-123.730604,44.135044],[-123.730631,44.135034],[-123.730658,44.135025],[-123.730685,44.135016],[-123.730712,44.135007],[-123.73074,44.134998],[-123.730767,44.13499],[-123.730795,44.134983],[-123.733036,44.134377],[-123.733042,44.131758],[-123.733052,44.128222],[-123.728191,44.128111],[-123.72333,44.127999],[-123.718472,44.127868],[-123.713614,44.127736],[-123.713706,44.131126]]],[[[-123.730916,44.135214],[-123.730893,44.13522],[-123.730871,44.135226],[-123.730849,44.135233],[-123.730827,44.13524],[-123.730806,44.135247],[-123.730784,44.135255],[-123.730763,44.135263],[-123.730742,44.135271],[-123.730721,44.135279],[-123.7307,44.135288],[-123.73068,44.135297],[-123.73066,44.135306],[-123.73064,44.135315],[-123.73062,44.135325],[-123.7306,44.135335],[-123.730581,44.135345],[-123.730562,44.135355],[-123.730556,44.135359],[-123.733033,44.135441],[-123.733033,44.135411],[-123.733026,44.135409],[-123.732978,44.135396],[-123.732927,44.135379],[-123.732876,44.135357],[-123.732828,44.135334],[-123.732815,44.135326],[-123.732767,44.135298],[-123.732732,44.135273],[-123.732692,44.135243],[-123.732658,44.135214],[-123.732621,44.135177],[-123.732595,44.135147],[-123.732572,44.135118],[-123.732556,44.135094],[-123.732538,44.135066],[-123.732378,44.134794],[-123.730916,44.135214]]],[[[-123.73252,44.134753],[-123.732678,44.135022],[-123.732694,44.135048],[-123.732706,44.135066],[-123.732726,44.135091],[-123.732747,44.135115],[-123.732778,44.135146],[-123.732806,44.13517],[-123.73284,44.135196],[-123.732868,44.135216],[-123.732911,44.135241],[-123.732919,44.135246],[-123.732957,44.135264],[-123.732998,44.135282],[-123.733033,44.135294],[-123.733035,44.134605],[-123.73252,44.134753]]]]}},{"type":"Feature","properties":{"MAPTAXLOT":"1609360000900","MAPNUMBER":"16093600","TAXLOT":"900","ACCTNO":"0073799","MAPACRES":1.26639777},"geometry":{"type":"Polygon","coordinates":[[[-123.728225,44.139974],[-123.728227,44.140648],[-123.728062,44.140648],[-123.728063,44.140884],[-123.728228,44.140884],[-123.728229,44.141194],[-123.728229,44.141194],[-123.728229,44.141194],[-123.728252,44.141153],[-123.728416,44.14105],[-123.72886,44.140362],[-123.728817,44.140215],[-123.728828,44.140192],[-123.728838,44.140168],[-123.728848,44.140145],[-123.728857,44.140121],[-123.728865,44.140097],[-123.728873,44.140073],[-123.72888,44.140049],[-123.728887,44.140025],[-123.728893,44.140001],[-123.728899,44.139977],[-123.728899,44.139974],[-123.728225,44.139974]]]}},{"type":"Feature","properties":{"MAPTAXLOT":"1609360001000","MAPNUMBER":"16093600","TAXLOT":"1000","ACCTNO":"0073807","MAPACRES":0.37390779},"geometry":{"type":"Polygon","coordinates":[[[-123.728225,44.139974],[-123.728899,44.139974],[-123.728904,44.139952],[-123.728908,44.139928],[-123.728912,44.139904],[-123.728915,44.139879],[-123.728917,44.139855],[-123.728919,44.13983],[-123.728921,44.139806],[-123.728922,44.139781],[-123.728922,44.139757],[-123.728921,44.139732],[-123.728921,44.139727],[-123.728225,44.139727],[-123.728225,44.139974]]]}},{"type":"Feature","properties":{"MAPTAXLOT":"1609360001100","MAPNUMBER":"16093600","TAXLOT":"1100","ACCTNO":"0073633","MAPACRES":55.11272905},"geometry":{"type":"Polygon","coordinates":[[[-123.728856,44.145097],[-123.729111,44.145262],[-123.729136,44.145301],[-123.72929,44.145469],[-123.729422,44.145462],[-123.730705,44.145394],[-123.732993,44.142646],[-123.733013,44.139044],[-123.730297,44.138943],[-123.730303,44.139716],[-123.729764,44.139718],[-123.72977,44.140472],[-123.72904,44.140475],[-123.728643,44.141122],[-123.728604,44.141257],[-123.728558,44.14134],[-123.728514,44.141424],[-123.728472,44.141508],[-123.728432,44.141593],[-123.728393,44.141678],[-123.728387,44.141692],[-123.728231,44.142022],[-123.728233,44.142454],[-123.728031,44.142446],[-123.727944,44.14263],[-123.727678,44.14325],[-123.727669,44.14327],[-123.727654,44.143304],[-123.727638,44.143338],[-123.72762,44.143371],[-123.727602,44.143405],[-123.727584,44.143438],[-123.727564,44.14347],[-123.727544,44.143503],[-123.727522,44.143535],[-123.7275,44.143567],[-123.727478,44.143599],[-123.727454,44.143631],[-123.72743,44.143662],[-123.727405,44.143693],[-123.727379,44.143723],[-123.727353,44.143753],[-123.727325,44.143783],[-123.727298,44.143813],[-123.727269,44.143842],[-123.72724,44.143871],[-123.727209,44.143899],[-123.727179,44.143927],[-123.727147,44.143955],[-123.72712,44.143978],[-123.728856,44.145097]]]}},{"type":"Feature","properties":{"MAPTAXLOT":"1708000000300","MAPNUMBER":"17080000","TAXLOT":"300","ACCTNO":"0525046","MAPACRES":86.80404068},"geometry":{"type":"Polygon","coordinates":[[[-123.708839,44.127754],[-123.713614,44.127736],[-123.713552,44.123597],[-123.7037,44.12384],[-123.703902,44.127773],[-123.708387,44.127756],[-123.708839,44.127754]]]}},{"type":"Feature","properties":{"MAPTAXLOT":"1708000000400","MAPNUMBER":"17080000","TAXLOT":"400","ACCTNO":"0525053","MAPACRES":428.08767335},"geometry":{"type":"Polygon","coordinates":[[[-123.7037,44.12384],[-123.713552,44.123597],[-123.713501,44.120181],[-123.713449,44.116666],[-123.713397,44.11315],[-123.708103,44.113171],[-123.703155,44.113191],[-123.698206,44.113211],[-123.698393,44.116803],[-123.693432,44.116848],[-123.693606,44.120466],[-123.69378,44.124084],[-123.7037,44.12384]]]}},{"type":"Feature","properties":{"MAPTAXLOT":"1708000000700","MAPNUMBER":"17080000","TAXLOT":"700","ACCTNO":"0525087","MAPACRES":565.65887714},"geometry":{"type":"Polygon","coordinates":[[[-123.708103,44.113171],[-123.713397,44.11315],[-123.713347,44.109722],[-123.713298,44.106294],[-123.713248,44.102866],[-123.713198,44.099437],[-123.710738,44.099355],[-123.710096,44.099333],[-123.709137,44.099301],[-123.708196,44.099269],[-123.70613,44.099203],[-123.705521,44.099183],[-123.705198,44.099173],[-123.70341,44.099115],[-123.698626,44.09908],[-123.698522,44.102603],[-123.693907,44.10252],[-123.693972,44.105996],[-123.693258,44.11323],[-123.698206,44.113211],[-123.703155,44.113191],[-123.708103,44.113171]]]}},{"type":"Feature","properties":{"MAPTAXLOT":"1709000000100","MAPNUMBER":"17090000","TAXLOT":"100","ACCTNO":"0527356","MAPACRES":491.11843271},"geometry":{"type":"Polygon","coordinates":[[[-123.728191,44.128111],[-123.733052,44.128222],[-123.732722,44.124091],[-123.732444,44.120606],[-123.731885,44.113625],[-123.72241,44.114176],[-123.722619,44.117283],[-123.718041,44.116974],[-123.718172,44.120284],[-123.713501,44.120181],[-123.713552,44.123597],[-123.713614,44.127736],[-123.718472,44.127868],[-123.72333,44.127999],[-123.728191,44.128111]]]}},{"type":"Feature","properties":{"MAPTAXLOT":"1709000000200","MAPNUMBER":"17090000","TAXLOT":"200","ACCTNO":"0527364","MAPACRES":100.61758342},"geometry":{"type":"Polygon","coordinates":[[[-123.713501,44.120181],[-123.718172,44.120284],[-123.718041,44.116974],[-123.722619,44.117283],[-123.72241,44.114176],[-123.713397,44.11315],[-123.713449,44.116666],[-123.713501,44.120181]]]}},{"type":"Feature","properties":{"MAPTAXLOT":"1709000000300","MAPNUMBER":"17090000","TAXLOT":"300","ACCTNO":"0527372","MAPACRES":474.13943017},"geometry":{"type":"Polygon","coordinates":[[[-123.713397,44.11315],[-123.72241,44.114176],[-123.731885,44.113625],[-123.731925,44.110139],[-123.727199,44.110237],[-123.727347,44.099637],[-123.722634,44.099575],[-123.721111,44.099553],[-123.713198,44.099437],[-123.713248,44.102866],[-123.713298,44.106294],[-123.713347,44.109722],[-123.713397,44.11315]]]}},{"type":"Feature","properties":{"MAPTAXLOT":"1709000000400","MAPNUMBER":"17090000","TAXLOT":"400","ACCTNO":"0527380","MAPACRES":109.09264089},"geometry":{"type":"Polygon","coordinates":[[[-123.727199,44.110237],[-123.731925,44.110139],[-123.731964,44.106654],[-123.732061,44.099698],[-123.732061,44.099698],[-123.73206,44.099698],[-123.727347,44.099637],[-123.727199,44.110237]]]}},{"type":"Feature","properties":{"MAPTAXLOT":"1709000000500","MAPNUMBER":"17090000","TAXLOT":"500","ACCTNO":"0527398","MAPACRES":375.46450485},"geometry":{"type":"Polygon","coordinates":[[[-123.746136,44.114228],[-123.750836,44.114428],[-123.750836,44.114428],[-123.750768,44.11429],[-123.750702,44.114152],[-123.75064,44.114012],[-123.750632,44.113899],[-123.750598,44.113813],[-123.750571,44.113725],[-123.75055,44.113637],[-123.750536,44.113548],[-123.750529,44.113458],[-123.750528,44.113368],[-123.750534,44.113279],[-123.750546,44.113189],[-123.750565,44.113101],[-123.750591,44.113013],[-123.750623,44.112926],[-123.750662,44.112841],[-123.750706,44.112757],[-123.750757,44.112675],[-123.750814,44.112595],[-123.75098,44.112393],[-123.75098,44.112392],[-123.751049,44.110776],[-123.751203,44.107146],[-123.751203,44.107127],[-123.751209,44.103463],[-123.748722,44.103421],[-123.746242,44.103381],[-123.746277,44.099757],[-123.741337,44.099715],[-123.736699,44.099707],[-123.732061,44.099698],[-123.731964,44.106654],[-123.731925,44.110139],[-123.736647,44.110297],[-123.736661,44.10677],[-123.741358,44.106886],[-123.746206,44.107005],[-123.746136,44.114228]]]}},{"type":"Feature","properties":{"MAPTAXLOT":"1709000000600","MAPNUMBER":"17090000","TAXLOT":"600","ACCTNO":"0527406","MAPACRES":18.43138068},"geometry":{"type":"Polygon","coordinates":[[[-123.746277,44.099757],[-123.746242,44.103381],[-123.748722,44.103421],[-123.74873,44.102173],[-123.748659,44.102089],[-123.748593,44.102002],[-123.748534,44.101913],[-123.748481,44.101821],[-123.748435,44.101728],[-123.748396,44.101633],[-123.748364,44.101537],[-123.748338,44.10144],[-123.74832,44.101342],[-123.748309,44.101243],[-123.748305,44.101144],[-123.748308,44.101045],[-123.748319,44.100947],[-123.748336,44.100849],[-123.748361,44.100751],[-123.748392,44.100655],[-123.748431,44.10056],[-123.748476,44.100466],[-123.748528,44.100375],[-123.748587,44.100285],[-123.748652,44.100198],[-123.748723,44.100114],[-123.748745,44.100101],[-123.748747,44.099778],[-123.746277,44.099757]]]}},{"type":"Feature","properties":{"MAPTAXLOT":"1709000000700","MAPNUMBER":"17090000","TAXLOT":"700","ACCTNO":"0527414","MAPACRES":185.9912705},"geometry":{"type":"Polygon","coordinates":[[[-123.741379,44.114025],[-123.746136,44.114228],[-123.746206,44.107005],[-123.741358,44.106886],[-123.736661,44.10677],[-123.736647,44.110297],[-123.731925,44.110139],[-123.731885,44.113625],[-123.741379,44.114025]]]}},{"type":"Feature","properties":{"MAPTAXLOT":"1709000000800","MAPNUMBER":"17090000","TAXLOT":"800","ACCTNO":"0527422","MAPACRES":147.43802348},"geometry":{"type":"Polygon","coordinates":[[[-123.732444,44.120606],[-123.742077,44.121134],[-123.741379,44.114025],[-123.731885,44.113625],[-123.732444,44.120606]]]}},{"type":"Feature","properties":{"MAPTAXLOT":"1709000000900","MAPNUMBER":"17090000","TAXLOT":"900","ACCTNO":"0527430","MAPACRES":71.0613111},"geometry":{"type":"Polygon","coordinates":[[[-123.732722,44.124091],[-123.742395,44.124373],[-123.742077,44.121134],[-123.732444,44.120606],[-123.732722,44.124091]]]}},{"type":"Feature","properties":{"MAPTAXLOT":"1709000001000","MAPNUMBER":"17090000","TAXLOT":"1000","ACCTNO":"0527448","MAPACRES":85.06625003},"geometry":{"type":"Polygon","coordinates":[[[-123.737915,44.128228],[-123.742779,44.128234],[-123.742395,44.124373],[-123.732722,44.124091],[-123.733052,44.128222],[-123.734267,44.128223],[-123.737915,44.128228]]]}},{"type":"Feature","properties":{"MAPTAXLOT":"1709000001100","MAPNUMBER":"17090000","TAXLOT":"1100","ACCTNO":"0527455","MAPACRES":149.09610819},"geometry":{"type":"Polygon","coordinates":[[[-123.742779,44.128234],[-123.747646,44.128274],[-123.746136,44.114228],[-123.746136,44.114228],[-123.741379,44.114025],[-123.742077,44.121134],[-123.742395,44.124373],[-123.742779,44.128234]]]}},{"type":"Feature","properties":{"MAPTAXLOT":"1709000001200","MAPNUMBER":"17090000","TAXLOT":"1200","ACCTNO":"0527463","MAPACRES":129.95824655},"geometry":{"type":"Polygon","coordinates":[[[-123.747646,44.128274],[-123.752513,44.128314],[-123.751461,44.124629],[-123.750593,44.12159],[-123.750801,44.116625],[-123.750889,44.114529],[-123.750889,44.114528],[-123.75088,44.114511],[-123.750865,44.114483],[-123.750865,44.114482],[-123.750854,44.114462],[-123.750852,44.114457],[-123.750851,44.114456],[-123.750838,44.114431],[-123.750836,44.114428],[-123.746136,44.114228],[-123.746136,44.114228],[-123.747646,44.128274]]]}},{"type":"Feature","properties":{"MAPTAXLOT":"1709000001300","MAPNUMBER":"17090000","TAXLOT":"1300","ACCTNO":"0527471","MAPACRES":620.46964514},"geometry":{"type":"Polygon","coordinates":[[[-123.786229,44.128388],[-123.791092,44.1284],[-123.79071,44.12358],[-123.79041,44.119793],[-123.789811,44.112221],[-123.780763,44.113351],[-123.776235,44.113968],[-123.771709,44.114587],[-123.771677,44.121095],[-123.771661,44.124339],[-123.77164,44.128353],[-123.776503,44.128365],[-123.781366,44.128376],[-123.786229,44.128388]]]}},{"type":"Feature","properties":{"MAPTAXLOT":"1709000002100","MAPNUMBER":"17090000","TAXLOT":"2100","ACCTNO":"0527554","MAPACRES":139.05582812},"geometry":{"type":"Polygon","coordinates":[[[-123.776346,44.10681],[-123.776235,44.113968],[-123.780763,44.113351],[-123.780883,44.102905],[-123.780924,44.099347],[-123.780873,44.099351],[-123.780687,44.099581],[-123.780571,44.099728],[-123.780517,44.099822],[-123.780481,44.09992],[-123.780474,44.100019],[-123.780488,44.100124],[-123.78051,44.100289],[-123.780522,44.1004],[-123.780525,44.100514],[-123.780511,44.10068],[-123.780458,44.101228],[-123.780435,44.101447],[-123.780407,44.10172],[-123.780392,44.101867],[-123.78024,44.101859],[-123.780255,44.101712],[-123.780283,44.101439],[-123.780306,44.10122],[-123.780359,44.100673],[-123.780372,44.100511],[-123.78037,44.100405],[-123.780358,44.100298],[-123.780336,44.100135],[-123.780321,44.100021],[-123.78033,44.099902],[-123.780372,44.099787],[-123.780434,44.099679],[-123.780555,44.099526],[-123.780687,44.099363],[-123.780688,44.099362],[-123.776459,44.099627],[-123.776346,44.10681]]]}},{"type":"Feature","properties":{"MAPTAXLOT":"1709000002200","MAPNUMBER":"17090000","TAXLOT":"2200","ACCTNO":"0527562","MAPACRES":123.27312371},"geometry":{"type":"Polygon","coordinates":[[[-123.771884,44.110864],[-123.771709,44.114587],[-123.776235,44.113968],[-123.776346,44.10681],[-123.776459,44.099627],[-123.771995,44.099908],[-123.772015,44.10185],[-123.773033,44.102383],[-123.773346,44.102619],[-123.77341,44.102813],[-123.773696,44.102886],[-123.773783,44.103016],[-123.774027,44.103211],[-123.774177,44.10326],[-123.774259,44.103543],[-123.77441,44.103752],[-123.774565,44.104058],[-123.774506,44.10429],[-123.774409,44.104533],[-123.774254,44.104687],[-123.774231,44.104849],[-123.774248,44.104993],[-123.774112,44.105321],[-123.773723,44.105564],[-123.773509,44.105658],[-123.773341,44.105696],[-123.772903,44.105995],[-123.77259,44.106177],[-123.772051,44.10638],[-123.772052,44.10653],[-123.772058,44.107144],[-123.771884,44.110864]]]}},{"type":"Feature","properties":{"MAPTAXLOT":"1709000002201","MAPNUMBER":"17090000","TAXLOT":"2201","ACCTNO":"1405636","MAPACRES":16.54038126},"geometry":{"type":"Polygon","coordinates":[[[-123.772049,44.106246],[-123.772051,44.10638],[-123.77259,44.106177],[-123.772903,44.105995],[-123.773341,44.105696],[-123.773509,44.105658],[-123.773723,44.105564],[-123.774112,44.105321],[-123.774248,44.104993],[-123.774231,44.104849],[-123.774254,44.104687],[-123.774409,44.104533],[-123.774506,44.10429],[-123.774565,44.104058],[-123.77441,44.103752],[-123.774259,44.103543],[-123.774177,44.10326],[-123.774027,44.103211],[-123.773783,44.103016],[-123.773696,44.102886],[-123.77341,44.102813],[-123.773346,44.102619],[-123.773033,44.102383],[-123.772015,44.10185],[-123.772017,44.10205],[-123.772049,44.106246]]]}},{"type":"Feature","properties":{"MAPTAXLOT":"1709030000077","MAPNUMBER":"17090300","TAXLOT":"77","ACCTNO":"000None","MAPACRES":10.28637158},"geometry":{"type":"Polygon","coordinates":[[[-123.755164,44.128323],[-123.755333,44.128323],[-123.755349,44.12824],[-123.755361,44.128157],[-123.755368,44.128095],[-123.755346,44.127778],[-123.755312,44.125751],[-123.755307,44.125657],[-123.755295,44.125564],[-123.755277,44.125471],[-123.755252,44.125378],[-123.755221,44.125287],[-123.755183,44.125197],[-123.755138,44.125109],[-123.755088,44.125023],[-123.755031,44.124938],[-123.754969,44.124856],[-123.754867,44.124691],[-123.754762,44.124587],[-123.754233,44.124056],[-123.754171,44.12399],[-123.754114,44.123921],[-123.754062,44.12385],[-123.753558,44.123158],[-123.753498,44.123076],[-123.753434,44.122995],[-123.753364,44.122918],[-123.75329,44.122842],[-123.752132,44.12172],[-123.752147,44.121561],[-123.752153,44.121501],[-123.752073,44.121407],[-123.751999,44.121309],[-123.751932,44.12121],[-123.75187,44.121108],[-123.751816,44.121004],[-123.751768,44.120899],[-123.751727,44.120792],[-123.75171,44.120743],[-123.751666,44.12061],[-123.751627,44.120476],[-123.751594,44.120341],[-123.751565,44.120205],[-123.751542,44.120069],[-123.75145,44.119458],[-123.75145,44.119458],[-123.751396,44.118302],[-123.751903,44.117015],[-123.751937,44.116921],[-123.751966,44.116827],[-123.751989,44.116732],[-123.752007,44.116636],[-123.75202,44.116528],[-123.752026,44.116419],[-123.752025,44.116311],[-123.752017,44.116202],[-123.752002,44.116094],[-123.75198,44.115987],[-123.751951,44.11588],[-123.751916,44.115775],[-123.751873,44.115671],[-123.751824,44.115568],[-123.751768,44.115467],[-123.751312,44.114695],[-123.751236,44.114564],[-123.751164,44.114433],[-123.750836,44.114428],[-123.750838,44.114431],[-123.750851,44.114456],[-123.750852,44.114457],[-123.750854,44.114462],[-123.750865,44.114482],[-123.750865,44.114483],[-123.75088,44.114511],[-123.750889,44.114528],[-123.750889,44.114529],[-123.750959,44.114655],[-123.751031,44.114781],[-123.751558,44.115532],[-123.75161,44.115627],[-123.751657,44.115724],[-123.751697,44.115822],[-123.75173,44.115922],[-123.751757,44.116022],[-123.751777,44.116123],[-123.75179,44.116225],[-123.751797,44.116327],[-123.751797,44.11643],[-123.75179,44.116532],[-123.751777,44.116634],[-123.751761,44.116719],[-123.75174,44.116803],[-123.751714,44.116887],[-123.751684,44.11697],[-123.751177,44.118257],[-123.750999,44.118429],[-123.750962,44.118561],[-123.750934,44.118694],[-123.750912,44.118828],[-123.750899,44.118962],[-123.750892,44.119097],[-123.750894,44.119231],[-123.750903,44.119366],[-123.75092,44.1195],[-123.751012,44.120111],[-123.75123,44.12083],[-123.751247,44.120879],[-123.751286,44.120982],[-123.751331,44.121084],[-123.751381,44.121185],[-123.751436,44.121285],[-123.751497,44.121383],[-123.751563,44.121479],[-123.751635,44.121573],[-123.751684,44.121633],[-123.751684,44.121633],[-123.751685,44.121634],[-123.751687,44.121637],[-123.751689,44.121639],[-123.751691,44.121641],[-123.751691,44.121642],[-123.751693,44.121643],[-123.751694,44.121645],[-123.751737,44.121694],[-123.751948,44.121818],[-123.753101,44.122935],[-123.753107,44.12294],[-123.753175,44.12301],[-123.753239,44.123081],[-123.753298,44.123155],[-123.753353,44.12323],[-123.753724,44.123787],[-123.753823,44.123935],[-123.753867,44.123995],[-123.753913,44.124054],[-123.753964,44.124112],[-123.754017,44.124168],[-123.75438,44.124592],[-123.754588,44.124835],[-123.754655,44.124906],[-123.754716,44.124979],[-123.754772,44.125055],[-123.754822,44.125132],[-123.754867,44.125211],[-123.754905,44.125292],[-123.754938,44.125375],[-123.754964,44.125458],[-123.754984,44.125542],[-123.754998,44.125627],[-123.755045,44.125753],[-123.75508,44.12778],[-123.755079,44.127879],[-123.755074,44.127978],[-123.755065,44.128076],[-123.755057,44.128138],[-123.754943,44.128255],[-123.754928,44.128322],[-123.755164,44.128323]]]}},{"type":"Feature","properties":{"MAPTAXLOT":"1709030000100","MAPNUMBER":"17090300","TAXLOT":"100","ACCTNO":"0527935","MAPACRES":461.76475426},"geometry":{"type":"MultiPolygon","coordinates":[[[[-123.754867,44.124691],[-123.754969,44.124856],[-123.755031,44.124938],[-123.755088,44.125023],[-123.755138,44.125109],[-123.755183,44.125197],[-123.755221,44.125287],[-123.755252,44.125378],[-123.755277,44.125471],[-123.755295,44.125564],[-123.755307,44.125657],[-123.755312,44.125751],[-123.755346,44.127778],[-123.755368,44.128095],[-123.755361,44.128157],[-123.755349,44.12824],[-123.755333,44.128323],[-123.757305,44.128329],[-123.762097,44.128345],[-123.766868,44.128349],[-123.77164,44.128353],[-123.771661,44.124339],[-123.771677,44.121095],[-123.771709,44.114587],[-123.761288,44.114516],[-123.761485,44.117927],[-123.756106,44.11797],[-123.756112,44.118882],[-123.756127,44.121466],[-123.756655,44.124559],[-123.756285,44.124565],[-123.754762,44.124587],[-123.754867,44.124691]]],[[[-123.752513,44.128314],[-123.754753,44.128321],[-123.754928,44.128322],[-123.754943,44.128255],[-123.755057,44.128138],[-123.755065,44.128076],[-123.755074,44.127978],[-123.755079,44.127879],[-123.75508,44.12778],[-123.755045,44.125753],[-123.754998,44.125627],[-123.754984,44.125542],[-123.754964,44.125458],[-123.754938,44.125375],[-123.754905,44.125292],[-123.754867,44.125211],[-123.754822,44.125132],[-123.754772,44.125055],[-123.754716,44.124979],[-123.754655,44.124906],[-123.754588,44.124835],[-123.75438,44.124592],[-123.751461,44.124629],[-123.752513,44.128314]]]]}},{"type":"Feature","properties":{"MAPTAXLOT":"1709030000200","MAPNUMBER":"17090300","TAXLOT":"200","ACCTNO":"0527943","MAPACRES":12.08782157},"geometry":{"type":"Polygon","coordinates":[[[-123.751461,44.124629],[-123.75438,44.124592],[-123.754017,44.124168],[-123.753964,44.124112],[-123.753913,44.124054],[-123.753867,44.123995],[-123.753823,44.123935],[-123.753724,44.123787],[-123.752981,44.124179],[-123.752355,44.123328],[-123.753101,44.122935],[-123.751948,44.121818],[-123.751737,44.121694],[-123.751694,44.121645],[-123.751693,44.121643],[-123.751691,44.121642],[-123.751691,44.121641],[-123.751689,44.121639],[-123.751687,44.121637],[-123.751685,44.121634],[-123.751684,44.121633],[-123.751684,44.121633],[-123.751635,44.121573],[-123.750593,44.12159],[-123.751461,44.124629]]]}},{"type":"Feature","properties":{"MAPTAXLOT":"1709030000201","MAPNUMBER":"17090300","TAXLOT":"201","ACCTNO":"0527950","MAPACRES":1.97198365},"geometry":{"type":"Polygon","coordinates":[[[-123.753101,44.122935],[-123.752355,44.123328],[-123.752981,44.124179],[-123.753724,44.123787],[-123.753353,44.12323],[-123.753298,44.123155],[-123.753239,44.123081],[-123.753175,44.12301],[-123.753107,44.12294],[-123.753101,44.122935]]]}},{"type":"Feature","properties":{"MAPTAXLOT":"1709030000300","MAPNUMBER":"17090300","TAXLOT":"300","ACCTNO":"0527976","MAPACRES":7.95047815},"geometry":{"type":"Polygon","coordinates":[[[-123.754762,44.124587],[-123.756285,44.124565],[-123.755754,44.124003],[-123.754776,44.123136],[-123.753985,44.122456],[-123.753117,44.122001],[-123.752757,44.121546],[-123.752147,44.121561],[-123.752132,44.12172],[-123.75329,44.122842],[-123.753364,44.122918],[-123.753434,44.122995],[-123.753498,44.123076],[-123.753558,44.123158],[-123.754062,44.12385],[-123.754114,44.123921],[-123.754171,44.12399],[-123.754233,44.124056],[-123.754762,44.124587]]]}},{"type":"Feature","properties":{"MAPTAXLOT":"1709030000301","MAPNUMBER":"17090300","TAXLOT":"301","ACCTNO":"1242344","MAPACRES":12.24700652},"geometry":{"type":"Polygon","coordinates":[[[-123.756285,44.124565],[-123.756655,44.124559],[-123.756127,44.121466],[-123.752757,44.121546],[-123.753117,44.122001],[-123.753985,44.122456],[-123.754776,44.123136],[-123.755754,44.124003],[-123.756285,44.124565]]]}},{"type":"Feature","properties":{"MAPTAXLOT":"1709030000400","MAPNUMBER":"17090300","TAXLOT":"400","ACCTNO":"0527984","MAPACRES":26.42504365},"geometry":{"type":"Polygon","coordinates":[[[-123.752093,44.116054],[-123.756112,44.118882],[-123.756106,44.11797],[-123.756086,44.114474],[-123.75231,44.114442],[-123.75231,44.114442],[-123.752286,44.115013],[-123.751877,44.115009],[-123.751928,44.115251],[-123.751992,44.115465],[-123.752063,44.115739],[-123.752093,44.116054]]]}},{"type":"Feature","properties":{"MAPTAXLOT":"1709030000401","MAPNUMBER":"17090300","TAXLOT":"401","ACCTNO":"0528008","MAPACRES":36.35483946},"geometry":{"type":"Polygon","coordinates":[[[-123.752757,44.121546],[-123.756127,44.121466],[-123.756112,44.118882],[-123.752093,44.116054],[-123.752162,44.116548],[-123.75215,44.116637],[-123.752118,44.116883],[-123.752033,44.117199],[-123.751993,44.117503],[-123.751911,44.117861],[-123.751819,44.11811],[-123.751795,44.11823],[-123.751719,44.118485],[-123.751712,44.118574],[-123.751736,44.118677],[-123.751798,44.118968],[-123.751834,44.11912],[-123.751878,44.119361],[-123.751895,44.119675],[-123.751908,44.119808],[-123.751959,44.119953],[-123.752058,44.1202],[-123.752166,44.120475],[-123.75232,44.120767],[-123.752381,44.120976],[-123.75246,44.121182],[-123.75252,44.121272],[-123.752673,44.121423],[-123.752757,44.121546]]]}},{"type":"Feature","properties":{"MAPTAXLOT":"1709030000402","MAPNUMBER":"17090300","TAXLOT":"402","ACCTNO":"0985091","MAPACRES":0.7949728},"geometry":{"type":"Polygon","coordinates":[[[-123.751877,44.115009],[-123.752286,44.115013],[-123.75231,44.114442],[-123.75231,44.114442],[-123.751591,44.114436],[-123.751518,44.114436],[-123.751567,44.114531],[-123.751654,44.1147],[-123.751734,44.114846],[-123.751796,44.115009],[-123.751877,44.115009]]]}},{"type":"Feature","properties":{"MAPTAXLOT":"1709030000500","MAPNUMBER":"17090300","TAXLOT":"500","ACCTNO":"0528024","MAPACRES":9.99436704},"geometry":{"type":"MultiPolygon","coordinates":[[[[-123.750593,44.12159],[-123.751635,44.121573],[-123.751563,44.121479],[-123.751497,44.121383],[-123.751436,44.121285],[-123.751381,44.121185],[-123.751331,44.121084],[-123.751286,44.120982],[-123.751247,44.120879],[-123.75123,44.12083],[-123.751012,44.120111],[-123.75092,44.1195],[-123.750903,44.119366],[-123.750894,44.119231],[-123.750892,44.119097],[-123.750899,44.118962],[-123.750912,44.118828],[-123.750934,44.118694],[-123.750962,44.118561],[-123.750999,44.118429],[-123.751177,44.118257],[-123.751684,44.11697],[-123.751714,44.116887],[-123.75174,44.116803],[-123.751761,44.116719],[-123.751777,44.116634],[-123.750801,44.116625],[-123.750593,44.12159]]],[[[-123.752007,44.116636],[-123.751989,44.116732],[-123.751966,44.116827],[-123.751937,44.116921],[-123.751903,44.117015],[-123.751396,44.118302],[-123.75145,44.119458],[-123.75145,44.119458],[-123.751542,44.120069],[-123.751565,44.120205],[-123.751594,44.120341],[-123.751627,44.120476],[-123.751666,44.12061],[-123.75171,44.120743],[-123.751727,44.120792],[-123.751768,44.120899],[-123.751816,44.121004],[-123.75187,44.121108],[-123.751932,44.12121],[-123.751999,44.121309],[-123.752073,44.121407],[-123.752153,44.121501],[-123.752147,44.121561],[-123.752757,44.121546],[-123.752673,44.121423],[-123.75252,44.121272],[-123.75246,44.121182],[-123.752381,44.120976],[-123.75232,44.120767],[-123.752166,44.120475],[-123.752058,44.1202],[-123.751959,44.119953],[-123.751908,44.119808],[-123.751895,44.119675],[-123.751878,44.119361],[-123.751834,44.11912],[-123.751798,44.118968],[-123.751736,44.118677],[-123.751712,44.118574],[-123.751719,44.118485],[-123.751795,44.11823],[-123.751819,44.11811],[-123.751911,44.117861],[-123.751993,44.117503],[-123.752033,44.117199],[-123.752118,44.116883],[-123.75215,44.116637],[-123.752007,44.116636]]]]}},{"type":"Feature","properties":{"MAPTAXLOT":"1709030000501","MAPNUMBER":"17090300","TAXLOT":"501","ACCTNO":"0528032","MAPACRES":4.02180606},"geometry":{"type":"MultiPolygon","coordinates":[[[[-123.750801,44.116625],[-123.751777,44.116634],[-123.75179,44.116532],[-123.751797,44.11643],[-123.751797,44.116327],[-123.75179,44.116225],[-123.751777,44.116123],[-123.751757,44.116022],[-123.75173,44.115922],[-123.751697,44.115822],[-123.751657,44.115724],[-123.75161,44.115627],[-123.751558,44.115532],[-123.751031,44.114781],[-123.750959,44.114655],[-123.750889,44.114529],[-123.750801,44.116625]]],[[[-123.751164,44.114433],[-123.751236,44.114564],[-123.751312,44.114695],[-123.751768,44.115467],[-123.751824,44.115568],[-123.751873,44.115671],[-123.751916,44.115775],[-123.751951,44.11588],[-123.75198,44.115987],[-123.752002,44.116094],[-123.752017,44.116202],[-123.752025,44.116311],[-123.752026,44.116419],[-123.75202,44.116528],[-123.752007,44.116636],[-123.75215,44.116637],[-123.752162,44.116548],[-123.752093,44.116054],[-123.752063,44.115739],[-123.751992,44.115465],[-123.751928,44.115251],[-123.751877,44.115009],[-123.751796,44.115009],[-123.751734,44.114846],[-123.751654,44.1147],[-123.751567,44.114531],[-123.751518,44.114436],[-123.751448,44.114435],[-123.751164,44.114433]]]]}},{"type":"Feature","properties":{"MAPTAXLOT":"1709030000600","MAPNUMBER":"17090300","TAXLOT":"600","ACCTNO":"0528040","MAPACRES":40.16620263},"geometry":{"type":"Polygon","coordinates":[[[-123.756106,44.11797],[-123.761485,44.117927],[-123.761288,44.114516],[-123.758683,44.114494],[-123.756086,44.114474],[-123.756106,44.11797]]]}},{"type":"Feature","properties":{"MAPTAXLOT":"1709100000077","MAPNUMBER":"17091000","TAXLOT":"77","ACCTNO":"000None","MAPACRES":17.2306415},"geometry":{"type":"Polygon","coordinates":[[[-123.750836,44.114428],[-123.751164,44.114433],[-123.751082,44.114272],[-123.751004,44.11411],[-123.750931,44.113947],[-123.750996,44.113818],[-123.750964,44.113735],[-123.750939,44.11365],[-123.750921,44.113564],[-123.750911,44.113478],[-123.750908,44.113391],[-123.750913,44.113305],[-123.750925,44.113218],[-123.750944,44.113133],[-123.750971,44.113048],[-123.751005,44.112965],[-123.751046,44.112884],[-123.751094,44.112804],[-123.751148,44.112727],[-123.751724,44.111969],[-123.751806,44.111857],[-123.751883,44.111743],[-123.751955,44.111627],[-123.752023,44.11151],[-123.752085,44.111392],[-123.752142,44.111272],[-123.752209,44.11078],[-123.752217,44.110722],[-123.752432,44.109872],[-123.752461,44.109748],[-123.752484,44.109623],[-123.752501,44.109497],[-123.752514,44.109372],[-123.752697,44.108716],[-123.752707,44.108622],[-123.752725,44.108528],[-123.752749,44.108435],[-123.75278,44.108343],[-123.752818,44.108253],[-123.753346,44.107014],[-123.753465,44.106537],[-123.753605,44.106231],[-123.753794,44.105955],[-123.753848,44.105871],[-123.753907,44.105788],[-123.754345,44.105242],[-123.754567,44.104936],[-123.754602,44.104882],[-123.75463,44.104827],[-123.754653,44.10477],[-123.75467,44.104712],[-123.75468,44.104654],[-123.754683,44.104595],[-123.75468,44.104537],[-123.754671,44.104478],[-123.754655,44.104421],[-123.754633,44.104364],[-123.754605,44.104309],[-123.754571,44.104256],[-123.754531,44.104205],[-123.754486,44.104156],[-123.754436,44.10411],[-123.754231,44.104029],[-123.753508,44.103644],[-123.753213,44.103466],[-123.752864,44.103255],[-123.752162,44.103271],[-123.751944,44.103252],[-123.751447,44.103207],[-123.751282,44.103145],[-123.751174,44.103125],[-123.751069,44.1031],[-123.750965,44.103071],[-123.750879,44.103042],[-123.750493,44.102799],[-123.750369,44.102752],[-123.750248,44.102702],[-123.75013,44.102649],[-123.750014,44.102591],[-123.749903,44.102531],[-123.749795,44.102467],[-123.74969,44.1024],[-123.74959,44.102329],[-123.749428,44.102211],[-123.749343,44.102144],[-123.749263,44.102074],[-123.749188,44.102001],[-123.74912,44.101924],[-123.749059,44.101845],[-123.749004,44.101763],[-123.748956,44.101679],[-123.748915,44.101594],[-123.748881,44.101506],[-123.748854,44.101417],[-123.748835,44.101328],[-123.748823,44.101237],[-123.748819,44.101146],[-123.748822,44.101056],[-123.748833,44.100965],[-123.748851,44.100875],[-123.748876,44.100786],[-123.748909,44.100699],[-123.748949,44.100612],[-123.748996,44.100528],[-123.74905,44.100446],[-123.749111,44.100366],[-123.749178,44.10029],[-123.749251,44.100216],[-123.749703,44.099787],[-123.74985,44.099648],[-123.749991,44.099519],[-123.750137,44.099393],[-123.750289,44.099271],[-123.750447,44.099152],[-123.750664,44.098994],[-123.751234,44.098416],[-123.751238,44.098105],[-123.751237,44.098106],[-123.751127,44.09819],[-123.750123,44.09892],[-123.749988,44.099021],[-123.749857,44.099124],[-123.749729,44.09923],[-123.749606,44.099338],[-123.749486,44.099449],[-123.749135,44.099782],[-123.748887,44.100016],[-123.748745,44.100101],[-123.748723,44.100114],[-123.748652,44.100198],[-123.748587,44.100285],[-123.748528,44.100375],[-123.748476,44.100466],[-123.748431,44.10056],[-123.748392,44.100655],[-123.748361,44.100751],[-123.748336,44.100849],[-123.748319,44.100947],[-123.748308,44.101045],[-123.748305,44.101144],[-123.748309,44.101243],[-123.74832,44.101342],[-123.748338,44.10144],[-123.748364,44.101537],[-123.748396,44.101633],[-123.748435,44.101728],[-123.748481,44.101821],[-123.748534,44.101913],[-123.748593,44.102002],[-123.748659,44.102089],[-123.74873,44.102173],[-123.748806,44.102252],[-123.748886,44.102328],[-123.748972,44.102401],[-123.749062,44.102471],[-123.749543,44.102954],[-123.750292,44.103094],[-123.750736,44.103251],[-123.750858,44.10335],[-123.750881,44.103357],[-123.750988,44.103384],[-123.751031,44.103394],[-123.751031,44.103394],[-123.751031,44.103394],[-123.75112,44.103412],[-123.751209,44.103428],[-123.751306,44.103441],[-123.751404,44.103452],[-123.75212,44.103516],[-123.752256,44.103531],[-123.75239,44.103552],[-123.752523,44.103577],[-123.752653,44.103608],[-123.752782,44.103644],[-123.752907,44.103685],[-123.753028,44.103731],[-123.753147,44.103782],[-123.753338,44.10381],[-123.754016,44.104239],[-123.754105,44.104339],[-123.754142,44.104378],[-123.754173,44.104419],[-123.754197,44.104463],[-123.754214,44.104509],[-123.754224,44.104555],[-123.754226,44.104602],[-123.754221,44.104649],[-123.754208,44.104696],[-123.754188,44.10474],[-123.754162,44.104783],[-123.75394,44.10509],[-123.753637,44.105686],[-123.753555,44.105804],[-123.753481,44.105924],[-123.753413,44.106046],[-123.753352,44.10617],[-123.752995,44.106906],[-123.752546,44.107666],[-123.752439,44.108162],[-123.752401,44.10825],[-123.75237,44.108339],[-123.752343,44.108428],[-123.752322,44.108518],[-123.752307,44.108609],[-123.752298,44.1087],[-123.752286,44.109363],[-123.752274,44.109483],[-123.752257,44.109603],[-123.752235,44.109723],[-123.752207,44.109842],[-123.751992,44.110693],[-123.751969,44.110779],[-123.751926,44.110918],[-123.751875,44.111057],[-123.751817,44.111194],[-123.751752,44.111329],[-123.75168,44.111463],[-123.751601,44.111594],[-123.751515,44.111724],[-123.751423,44.11185],[-123.75098,44.112392],[-123.75098,44.112393],[-123.750814,44.112595],[-123.750757,44.112675],[-123.750706,44.112757],[-123.750662,44.112841],[-123.750623,44.112926],[-123.750591,44.113013],[-123.750565,44.113101],[-123.750546,44.113189],[-123.750534,44.113279],[-123.750528,44.113368],[-123.750529,44.113458],[-123.750536,44.113548],[-123.75055,44.113637],[-123.750571,44.113725],[-123.750598,44.113813],[-123.750632,44.113899],[-123.75064,44.114012],[-123.750702,44.114152],[-123.750768,44.11429],[-123.750836,44.114428],[-123.750836,44.114428]]]}},{"type":"Feature","properties":{"MAPTAXLOT":"1709100000088","MAPNUMBER":"17091000","TAXLOT":"88","ACCTNO":"000None","MAPACRES":8.97108233},"geometry":{"type":"Polygon","coordinates":[[[-123.750885,44.098897],[-123.750703,44.099138],[-123.750464,44.099543],[-123.75022,44.099791],[-123.750156,44.099857],[-123.749999,44.100271],[-123.749858,44.100674],[-123.749607,44.101149],[-123.749543,44.101468],[-123.749658,44.101793],[-123.749904,44.102137],[-123.750324,44.102372],[-123.750718,44.102443],[-123.751113,44.102514],[-123.75113,44.102512],[-123.751518,44.102479],[-123.752211,44.102366],[-123.752498,44.102252],[-123.752893,44.10203],[-123.753462,44.101721],[-123.753932,44.101368],[-123.754506,44.100848],[-123.755209,44.100313],[-123.755887,44.099795],[-123.756069,44.099667],[-123.75628,44.09941],[-123.756295,44.099401],[-123.75631,44.099392],[-123.756325,44.099383],[-123.756338,44.099375],[-123.756352,44.099367],[-123.756365,44.09936],[-123.756377,44.099353],[-123.75639,44.099346],[-123.756402,44.099339],[-123.756415,44.099331],[-123.756427,44.099324],[-123.75644,44.099316],[-123.756454,44.099307],[-123.756467,44.099299],[-123.756481,44.09929],[-123.756496,44.09928],[-123.75651,44.099271],[-123.756525,44.099261],[-123.756541,44.099251],[-123.756556,44.099241],[-123.756572,44.099231],[-123.756589,44.09922],[-123.756605,44.09921],[-123.756622,44.099199],[-123.75664,44.099189],[-123.756657,44.099178],[-123.756675,44.099168],[-123.756694,44.099158],[-123.756712,44.099147],[-123.756731,44.099137],[-123.756751,44.099127],[-123.756771,44.099117],[-123.756791,44.099106],[-123.756813,44.099096],[-123.756834,44.099086],[-123.756856,44.099076],[-123.756879,44.099065],[-123.756902,44.099055],[-123.756925,44.099045],[-123.756948,44.099035],[-123.75697,44.099025],[-123.756992,44.099015],[-123.757013,44.099006],[-123.757033,44.098998],[-123.757053,44.098989],[-123.757071,44.098981],[-123.757089,44.098973],[-123.757106,44.098966],[-123.757123,44.098959],[-123.757139,44.098952],[-123.757154,44.098946],[-123.757169,44.098939],[-123.757184,44.098933],[-123.757198,44.098927],[-123.757212,44.098922],[-123.757226,44.098916],[-123.757239,44.098911],[-123.757252,44.098907],[-123.757264,44.098902],[-123.757276,44.098899],[-123.757288,44.098895],[-123.7573,44.098892],[-123.757313,44.098888],[-123.757326,44.098885],[-123.757339,44.098882],[-123.757353,44.098879],[-123.757369,44.098876],[-123.757385,44.098873],[-123.757402,44.098869],[-123.75742,44.098865],[-123.757439,44.098862],[-123.757458,44.098858],[-123.757477,44.098854],[-123.757496,44.09885],[-123.757515,44.098846],[-123.757533,44.098842],[-123.757551,44.098837],[-123.757568,44.098833],[-123.757585,44.098829],[-123.757601,44.098825],[-123.757617,44.098821],[-123.757633,44.098817],[-123.757648,44.098812],[-123.757663,44.098808],[-123.757677,44.098803],[-123.757692,44.098799],[-123.757707,44.098794],[-123.757721,44.09879],[-123.757737,44.098785],[-123.757752,44.09878],[-123.757769,44.098774],[-123.757786,44.098769],[-123.757803,44.098763],[-123.757822,44.098757],[-123.75784,44.098751],[-123.757858,44.098745],[-123.757877,44.098739],[-123.757894,44.098733],[-123.757912,44.098727],[-123.757929,44.098721],[-123.757945,44.098715],[-123.75796,44.098709],[-123.757976,44.098703],[-123.757991,44.098697],[-123.758006,44.098692],[-123.758021,44.098686],[-123.758036,44.09868],[-123.758052,44.098673],[-123.758068,44.098667],[-123.758084,44.098661],[-123.7581,44.098655],[-123.758117,44.098649],[-123.758133,44.098643],[-123.758149,44.098637],[-123.758165,44.098631],[-123.758181,44.098625],[-123.758196,44.09862],[-123.758212,44.098615],[-123.758228,44.09861],[-123.758243,44.098606],[-123.758259,44.098601],[-123.758276,44.098597],[-123.758293,44.098592],[-123.75831,44.098588],[-123.758329,44.098584],[-123.758347,44.09858],[-123.758366,44.098576],[-123.758386,44.098572],[-123.758405,44.098569],[-123.758425,44.098566],[-123.758446,44.098563],[-123.758466,44.09856],[-123.758486,44.098558],[-123.758507,44.098556],[-123.758527,44.098554],[-123.758546,44.098553],[-123.758566,44.098551],[-123.758585,44.098549],[-123.758603,44.098547],[-123.75862,44.098546],[-123.758637,44.098544],[-123.758654,44.098541],[-123.75867,44.098539],[-123.758687,44.098537],[-123.758703,44.098535],[-123.75872,44.098533],[-123.758738,44.098531],[-123.758756,44.09853],[-123.758775,44.098528],[-123.758794,44.098527],[-123.758814,44.098525],[-123.758834,44.098524],[-123.758854,44.098523],[-123.758874,44.098521],[-123.758894,44.09852],[-123.758914,44.098519],[-123.758933,44.098517],[-123.758953,44.098516],[-123.758972,44.098514],[-123.758991,44.098513],[-123.759009,44.098511],[-123.759027,44.09851],[-123.759045,44.098508],[-123.759063,44.098507],[-123.759081,44.098505],[-123.759098,44.098504],[-123.759115,44.098503],[-123.759131,44.098501],[-123.759148,44.0985],[-123.759164,44.098499],[-123.75918,44.098498],[-123.759197,44.098496],[-123.759213,44.098495],[-123.759229,44.098494],[-123.759244,44.098492],[-123.75926,44.098491],[-123.759276,44.098489],[-123.759291,44.098487],[-123.759306,44.098485],[-123.759322,44.098483],[-123.759337,44.09848],[-123.759352,44.098478],[-123.759366,44.098475],[-123.759381,44.098473],[-123.759395,44.09847],[-123.759409,44.098468],[-123.759423,44.098465],[-123.759436,44.098463],[-123.759449,44.098461],[-123.759462,44.09846],[-123.759475,44.098458],[-123.759489,44.098457],[-123.759502,44.098456],[-123.759516,44.098455],[-123.75953,44.098454],[-123.759545,44.098453],[-123.75956,44.098453],[-123.759576,44.098452],[-123.759592,44.098452],[-123.759608,44.098452],[-123.759624,44.098452],[-123.75964,44.098453],[-123.759656,44.098453],[-123.759671,44.098455],[-123.759687,44.098456],[-123.759702,44.098458],[-123.759718,44.098459],[-123.759734,44.098461],[-123.75975,44.098463],[-123.759766,44.098465],[-123.759784,44.098467],[-123.759802,44.098469],[-123.759821,44.098471],[-123.75984,44.098473],[-123.75986,44.098475],[-123.75988,44.098476],[-123.759901,44.098478],[-123.759921,44.098479],[-123.759942,44.09848],[-123.759963,44.098481],[-123.759984,44.098482],[-123.760005,44.098483],[-123.760026,44.098484],[-123.760047,44.098485],[-123.760069,44.098486],[-123.76009,44.098487],[-123.760112,44.098488],[-123.760134,44.098488],[-123.760157,44.098489],[-123.76018,44.098491],[-123.760203,44.098492],[-123.760227,44.098494],[-123.760252,44.098496],[-123.760277,44.098498],[-123.760302,44.098501],[-123.760329,44.098504],[-123.760356,44.098507],[-123.760382,44.098511],[-123.760409,44.098515],[-123.760435,44.098519],[-123.76046,44.098523],[-123.760485,44.098527],[-123.760507,44.098531],[-123.760528,44.098535],[-123.760548,44.098539],[-123.760567,44.098542],[-123.760585,44.098545],[-123.760602,44.098549],[-123.760619,44.098552],[-123.760636,44.098555],[-123.760654,44.098559],[-123.760672,44.098563],[-123.76069,44.098567],[-123.760709,44.098571],[-123.760729,44.098575],[-123.760748,44.09858],[-123.760766,44.098584],[-123.760785,44.098589],[-123.760803,44.098594],[-123.76082,44.098599],[-123.760836,44.098605],[-123.760852,44.09861],[-123.760867,44.098616],[-123.760882,44.098622],[-123.760896,44.098627],[-123.76091,44.098633],[-123.760925,44.098639],[-123.760939,44.098645],[-123.760953,44.098651],[-123.760968,44.098657],[-123.760982,44.098664],[-123.760997,44.09867],[-123.761013,44.098677],[-123.761029,44.098683],[-123.761045,44.09869],[-123.761062,44.098697],[-123.76108,44.098704],[-123.761098,44.098711],[-123.761117,44.098718],[-123.761135,44.098726],[-123.761154,44.098733],[-123.761172,44.09874],[-123.76119,44.098747],[-123.761208,44.098755],[-123.761225,44.098762],[-123.761242,44.098769],[-123.761259,44.098776],[-123.761275,44.098782],[-123.761291,44.098789],[-123.761307,44.098796],[-123.761323,44.098803],[-123.761338,44.09881],[-123.761353,44.098816],[-123.761367,44.098823],[-123.761382,44.09883],[-123.761397,44.098836],[-123.761411,44.098843],[-123.761426,44.09885],[-123.761441,44.098856],[-123.761456,44.098863],[-123.761471,44.098869],[-123.761487,44.098876],[-123.761502,44.098882],[-123.761517,44.098889],[-123.761533,44.098895],[-123.761548,44.098901],[-123.761563,44.098908],[-123.761578,44.098914],[-123.761593,44.098921],[-123.761608,44.098927],[-123.761623,44.098933],[-123.761637,44.09894],[-123.761637,44.09894],[-123.761638,44.098785],[-123.761637,44.098785],[-123.761615,44.098776],[-123.761594,44.098767],[-123.761572,44.098757],[-123.76155,44.098748],[-123.761528,44.098738],[-123.761506,44.098728],[-123.761484,44.098719],[-123.761463,44.098709],[-123.761442,44.098699],[-123.761421,44.09869],[-123.761401,44.09868],[-123.761381,44.098671],[-123.761361,44.098662],[-123.761342,44.098653],[-123.761322,44.098644],[-123.761303,44.098634],[-123.761284,44.098625],[-123.761264,44.098615],[-123.761244,44.098605],[-123.761225,44.098595],[-123.761205,44.098585],[-123.761185,44.098575],[-123.761165,44.098564],[-123.761145,44.098554],[-123.761126,44.098543],[-123.761107,44.098533],[-123.761088,44.098522],[-123.76107,44.098511],[-123.761052,44.098501],[-123.761035,44.098491],[-123.761019,44.098482],[-123.761003,44.098473],[-123.760988,44.098464],[-123.760974,44.098456],[-123.760961,44.098449],[-123.760948,44.098443],[-123.760936,44.098437],[-123.760924,44.098431],[-123.760912,44.098426],[-123.7609,44.09842],[-123.760887,44.098415],[-123.760874,44.098409],[-123.760861,44.098402],[-123.760847,44.098395],[-123.760832,44.098388],[-123.760816,44.098381],[-123.7608,44.098374],[-123.760783,44.098366],[-123.760766,44.098359],[-123.760747,44.098352],[-123.760729,44.098346],[-123.760709,44.098339],[-123.760689,44.098333],[-123.760667,44.098328],[-123.760645,44.098322],[-123.760622,44.098317],[-123.760597,44.098312],[-123.760572,44.098308],[-123.760545,44.098303],[-123.760517,44.098299],[-123.760488,44.098295],[-123.760458,44.098292],[-123.760428,44.098289],[-123.760397,44.098285],[-123.760367,44.098283],[-123.760336,44.09828],[-123.760305,44.098278],[-123.760275,44.098276],[-123.760245,44.098274],[-123.760215,44.098272],[-123.760187,44.098271],[-123.760159,44.09827],[-123.760133,44.098268],[-123.760108,44.098267],[-123.760084,44.098265],[-123.760061,44.098264],[-123.76004,44.098262],[-123.760019,44.098261],[-123.759998,44.098259],[-123.759978,44.098257],[-123.759958,44.098255],[-123.759937,44.098253],[-123.759916,44.098251],[-123.759895,44.098249],[-123.759873,44.098247],[-123.75985,44.098244],[-123.759826,44.098242],[-123.759802,44.09824],[-123.759776,44.098238],[-123.759749,44.098236],[-123.759721,44.098234],[-123.759692,44.098232],[-123.759661,44.09823],[-123.75963,44.098229],[-123.759599,44.098228],[-123.759567,44.098226],[-123.759536,44.098225],[-123.759504,44.098225],[-123.759473,44.098224],[-123.759442,44.098224],[-123.759412,44.098223],[-123.759382,44.098223],[-123.759353,44.098223],[-123.759325,44.098224],[-123.759297,44.098224],[-123.759271,44.098225],[-123.759246,44.098226],[-123.759222,44.098227],[-123.759198,44.098228],[-123.759175,44.098229],[-123.759152,44.098231],[-123.75913,44.098233],[-123.759107,44.098235],[-123.759084,44.098237],[-123.759061,44.098239],[-123.759037,44.098242],[-123.759012,44.098245],[-123.758987,44.098248],[-123.758962,44.098252],[-123.758935,44.098256],[-123.758908,44.09826],[-123.758881,44.098265],[-123.758852,44.09827],[-123.758823,44.098276],[-123.758792,44.098282],[-123.758761,44.098288],[-123.758728,44.098295],[-123.758695,44.098303],[-123.75866,44.098311],[-123.758624,44.09832],[-123.758586,44.098329],[-123.758547,44.098338],[-123.758507,44.098349],[-123.758466,44.098359],[-123.758424,44.09837],[-123.758381,44.098382],[-123.758338,44.098393],[-123.758294,44.098405],[-123.75825,44.098418],[-123.758206,44.09843],[-123.758163,44.098443],[-123.758121,44.098455],[-123.75808,44.098467],[-123.758041,44.098478],[-123.758004,44.098489],[-123.75797,44.098499],[-123.757939,44.098508],[-123.75791,44.098516],[-123.757884,44.098523],[-123.757859,44.09853],[-123.757835,44.098536],[-123.757812,44.098542],[-123.757789,44.098548],[-123.757767,44.098555],[-123.757743,44.098561],[-123.757719,44.098568],[-123.757694,44.098575],[-123.757669,44.098582],[-123.757644,44.098589],[-123.757618,44.098596],[-123.757592,44.098603],[-123.757567,44.09861],[-123.757541,44.098617],[-123.757515,44.098623],[-123.757489,44.09863],[-123.757463,44.098637],[-123.757437,44.098644],[-123.757411,44.09865],[-123.757386,44.098657],[-123.75736,44.098664],[-123.757334,44.098671],[-123.757309,44.098678],[-123.757284,44.098684],[-123.757259,44.098691],[-123.757236,44.098698],[-123.757213,44.098704],[-123.757192,44.09871],[-123.757172,44.098716],[-123.757154,44.098722],[-123.757136,44.098728],[-123.75712,44.098733],[-123.757103,44.098739],[-123.757086,44.098745],[-123.757068,44.098751],[-123.757048,44.098758],[-123.757027,44.098765],[-123.757003,44.098773],[-123.756978,44.098781],[-123.756951,44.098791],[-123.756923,44.0988],[-123.756896,44.09881],[-123.756868,44.098819],[-123.756841,44.098829],[-123.756816,44.098838],[-123.756793,44.098846],[-123.756771,44.098855],[-123.756751,44.098863],[-123.756732,44.098871],[-123.756714,44.098878],[-123.756696,44.098885],[-123.75668,44.098892],[-123.756663,44.098899],[-123.756647,44.098906],[-123.75663,44.098913],[-123.756614,44.09892],[-123.756597,44.098926],[-123.75658,44.098933],[-123.756562,44.09894],[-123.756544,44.098947],[-123.756525,44.098954],[-123.756506,44.098962],[-123.756486,44.098969],[-123.756465,44.098977],[-123.756444,44.098985],[-123.756439,44.098987],[-123.756423,44.098993],[-123.756402,44.099001],[-123.756381,44.099009],[-123.756372,44.099013],[-123.75636,44.099017],[-123.756339,44.099026],[-123.756319,44.099034],[-123.756299,44.099043],[-123.75628,44.099051],[-123.75626,44.09906],[-123.756241,44.099069],[-123.756222,44.099078],[-123.756204,44.099087],[-123.756185,44.099096],[-123.756167,44.099105],[-123.756148,44.099115],[-123.75613,44.099125],[-123.756111,44.099135],[-123.756093,44.099146],[-123.756074,44.099157],[-123.756055,44.099168],[-123.756036,44.099181],[-123.756017,44.099193],[-123.755997,44.099206],[-123.755978,44.09922],[-123.755958,44.099233],[-123.755939,44.099247],[-123.75592,44.09926],[-123.755901,44.099273],[-123.755883,44.099287],[-123.755865,44.0993],[-123.755848,44.099313],[-123.75583,44.099326],[-123.755813,44.099339],[-123.755797,44.099353],[-123.75578,44.099367],[-123.755764,44.099381],[-123.755747,44.099396],[-123.755731,44.099412],[-123.755715,44.099428],[-123.755699,44.099444],[-123.755684,44.09946],[-123.755668,44.099476],[-123.755653,44.099491],[-123.755638,44.099507],[-123.755624,44.099521],[-123.75561,44.099536],[-123.755596,44.099549],[-123.755582,44.099563],[-123.755568,44.099575],[-123.755555,44.099588],[-123.755541,44.0996],[-123.755527,44.099612],[-123.755514,44.099624],[-123.755499,44.099635],[-123.755485,44.099647],[-123.75547,44.099659],[-123.755454,44.099671],[-123.755437,44.099683],[-123.75542,44.099696],[-123.755401,44.09971],[-123.755381,44.099725],[-123.755358,44.099742],[-123.755334,44.09976],[-123.755306,44.099781],[-123.755275,44.099805],[-123.75524,44.099832],[-123.755201,44.099863],[-123.755157,44.099899],[-123.754964,44.100075],[-123.754794,44.100231],[-123.754643,44.100367],[-123.754512,44.100486],[-123.754396,44.10059],[-123.754295,44.10068],[-123.754207,44.10076],[-123.754129,44.100829],[-123.75406,44.100892],[-123.753998,44.100948],[-123.753942,44.100998],[-123.753891,44.101044],[-123.753843,44.101086],[-123.753797,44.101126],[-123.753752,44.101165],[-123.753706,44.101203],[-123.753658,44.101241],[-123.753608,44.10128],[-123.753556,44.101319],[-123.753502,44.101359],[-123.753446,44.1014],[-123.753388,44.101441],[-123.753327,44.101484],[-123.753265,44.101528],[-123.7532,44.101572],[-123.753134,44.101618],[-123.753066,44.101663],[-123.752999,44.101708],[-123.752931,44.101752],[-123.752864,44.101795],[-123.752799,44.101835],[-123.752735,44.101873],[-123.752675,44.101907],[-123.752616,44.101939],[-123.752559,44.101968],[-123.752503,44.101996],[-123.752449,44.102021],[-123.752395,44.102046],[-123.752341,44.102069],[-123.752286,44.102092],[-123.752231,44.102115],[-123.752176,44.102137],[-123.75212,44.102159],[-123.752064,44.102179],[-123.752008,44.102199],[-123.751953,44.102217],[-123.751898,44.102234],[-123.751844,44.102249],[-123.751792,44.102262],[-123.75174,44.102273],[-123.75169,44.102283],[-123.75164,44.102291],[-123.751591,44.102298],[-123.751542,44.102303],[-123.751494,44.102308],[-123.751446,44.102313],[-123.751399,44.102317],[-123.751352,44.102321],[-123.751305,44.102323],[-123.751259,44.102325],[-123.751213,44.102326],[-123.751168,44.102326],[-123.751124,44.102324],[-123.751081,44.102321],[-123.751038,44.102316],[-123.750996,44.10231],[-123.750954,44.102302],[-123.750912,44.102293],[-123.750869,44.102282],[-123.750825,44.10227],[-123.750779,44.102257],[-123.750732,44.102243],[-123.750682,44.102228],[-123.750631,44.102211],[-123.750579,44.102194],[-123.750527,44.102176],[-123.750475,44.102156],[-123.750424,44.102135],[-123.750376,44.102113],[-123.75033,44.10209],[-123.750288,44.102066],[-123.750249,44.10204],[-123.750213,44.102014],[-123.750179,44.101986],[-123.750148,44.101956],[-123.750119,44.101925],[-123.750092,44.101893],[-123.750066,44.101859],[-123.750041,44.101824],[-123.750018,44.101788],[-123.749996,44.10175],[-123.749976,44.101711],[-123.749957,44.101671],[-123.749941,44.10163],[-123.749926,44.101589],[-123.749913,44.101547],[-123.749903,44.101505],[-123.749895,44.101461],[-123.74989,44.101417],[-123.749888,44.101371],[-123.749889,44.101323],[-123.749893,44.101272],[-123.7499,44.101219],[-123.749912,44.101162],[-123.749927,44.101102],[-123.749945,44.10104],[-123.749966,44.100975],[-123.749989,44.100908],[-123.750014,44.100841],[-123.75004,44.100774],[-123.750066,44.100708],[-123.750092,44.100644],[-123.750118,44.100581],[-123.750144,44.10052],[-123.750169,44.10046],[-123.750194,44.100402],[-123.75022,44.100343],[-123.750247,44.100285],[-123.750274,44.100226],[-123.750303,44.100167],[-123.750333,44.100106],[-123.750364,44.100044],[-123.750398,44.099979],[-123.750433,44.099913],[-123.750471,44.099845],[-123.750499,44.099794],[-123.75051,44.099773],[-123.750552,44.099699],[-123.750596,44.099622],[-123.750643,44.099542],[-123.750694,44.099459],[-123.750749,44.099373],[-123.750809,44.099285],[-123.750875,44.099194],[-123.750948,44.099102],[-123.751029,44.099007],[-123.751119,44.098911],[-123.751225,44.09884],[-123.751229,44.098837],[-123.751233,44.098527],[-123.751145,44.098618],[-123.751034,44.09875],[-123.750885,44.098897]]]}},{"type":"Feature","properties":{"MAPTAXLOT":"1709100000100","MAPNUMBER":"17091000","TAXLOT":"100","ACCTNO":"0528065","MAPACRES":39.08502082},"geometry":{"type":"MultiPolygon","coordinates":[[[[-123.752142,44.111272],[-123.752085,44.111392],[-123.752023,44.11151],[-123.751955,44.111627],[-123.751883,44.111743],[-123.751806,44.111857],[-123.751724,44.111969],[-123.751148,44.112727],[-123.751094,44.112804],[-123.751046,44.112884],[-123.751005,44.112965],[-123.750971,44.113048],[-123.750944,44.113133],[-123.750925,44.113218],[-123.750913,44.113305],[-123.750908,44.113391],[-123.750911,44.113478],[-123.750921,44.113564],[-123.750939,44.11365],[-123.750964,44.113735],[-123.750996,44.113818],[-123.750931,44.113947],[-123.751004,44.11411],[-123.751082,44.114272],[-123.751164,44.114433],[-123.751448,44.114435],[-123.751518,44.114436],[-123.751591,44.114436],[-123.75231,44.114442],[-123.756086,44.114474],[-123.756086,44.114474],[-123.756086,44.114473],[-123.756117,44.113112],[-123.755965,44.113111],[-123.756019,44.110794],[-123.752897,44.110782],[-123.752209,44.11078],[-123.752142,44.111272]]],[[[-123.75098,44.112392],[-123.751423,44.11185],[-123.751515,44.111724],[-123.751601,44.111594],[-123.75168,44.111463],[-123.751752,44.111329],[-123.751817,44.111194],[-123.751875,44.111057],[-123.751926,44.110918],[-123.751969,44.110779],[-123.751049,44.110776],[-123.75098,44.112392]]]]}},{"type":"Feature","properties":{"MAPTAXLOT":"1709100000101","MAPNUMBER":"17091000","TAXLOT":"101","ACCTNO":"1410149","MAPACRES":0.77593628},"geometry":{"type":"Polygon","coordinates":[[[-123.755965,44.113111],[-123.756117,44.113112],[-123.756171,44.110794],[-123.756019,44.110794],[-123.755965,44.113111]]]}},{"type":"Feature","properties":{"MAPTAXLOT":"1709100000200","MAPNUMBER":"17091000","TAXLOT":"200","ACCTNO":"0528073","MAPACRES":106.51019782},"geometry":{"type":"Polygon","coordinates":[[[-123.761288,44.114516],[-123.771709,44.114587],[-123.771884,44.110864],[-123.761376,44.110813],[-123.758795,44.110804],[-123.758683,44.114494],[-123.761288,44.114516]]]}},{"type":"Feature","properties":{"MAPTAXLOT":"1709100000300","MAPNUMBER":"17091000","TAXLOT":"300","ACCTNO":"0528099","MAPACRES":172.55265202},"geometry":{"type":"Polygon","coordinates":[[[-123.753027,44.109202],[-123.752876,44.109915],[-123.752904,44.110432],[-123.752897,44.110782],[-123.756019,44.110794],[-123.756171,44.110794],[-123.756214,44.110794],[-123.758795,44.110804],[-123.761376,44.110813],[-123.771884,44.110864],[-123.772058,44.107144],[-123.772052,44.10653],[-123.772051,44.10638],[-123.77205,44.10638],[-123.77205,44.10638],[-123.771794,44.10655],[-123.771056,44.106715],[-123.770622,44.106978],[-123.770244,44.107347],[-123.769277,44.107876],[-123.768255,44.108299],[-123.767415,44.10843],[-123.766179,44.108573],[-123.76507,44.108317],[-123.763593,44.107713],[-123.762612,44.10706],[-123.762189,44.106605],[-123.761409,44.105982],[-123.760877,44.105352],[-123.759844,44.104664],[-123.75893,44.104331],[-123.757881,44.104253],[-123.756363,44.104607],[-123.755608,44.105151],[-123.755186,44.105735],[-123.754839,44.106317],[-123.754489,44.106845],[-123.754063,44.107375],[-123.753753,44.107928],[-123.753521,44.108534],[-123.753027,44.109202]]]}},{"type":"Feature","properties":{"MAPTAXLOT":"1709100000301","MAPNUMBER":"17091000","TAXLOT":"301","ACCTNO":"1468147","MAPACRES":40.54654604},"geometry":{"type":"MultiPolygon","coordinates":[[[[-123.751209,44.103463],[-123.751203,44.107127],[-123.751203,44.107146],[-123.751049,44.110776],[-123.751969,44.110779],[-123.751992,44.110693],[-123.752207,44.109842],[-123.752235,44.109723],[-123.752257,44.109603],[-123.752274,44.109483],[-123.752286,44.109363],[-123.752298,44.1087],[-123.752307,44.108609],[-123.752322,44.108518],[-123.752343,44.108428],[-123.75237,44.108339],[-123.752401,44.10825],[-123.752439,44.108162],[-123.752546,44.107666],[-123.752995,44.106906],[-123.753352,44.10617],[-123.753413,44.106046],[-123.753481,44.105924],[-123.753555,44.105804],[-123.753637,44.105686],[-123.75394,44.10509],[-123.754162,44.104783],[-123.754188,44.10474],[-123.754208,44.104696],[-123.754221,44.104649],[-123.754226,44.104602],[-123.754224,44.104555],[-123.754214,44.104509],[-123.754197,44.104463],[-123.754173,44.104419],[-123.754142,44.104378],[-123.754105,44.104339],[-123.754016,44.104239],[-123.753338,44.10381],[-123.753147,44.103782],[-123.753028,44.103731],[-123.752907,44.103685],[-123.752782,44.103644],[-123.752653,44.103608],[-123.752523,44.103577],[-123.75239,44.103552],[-123.752256,44.103531],[-123.75212,44.103516],[-123.751404,44.103452],[-123.751306,44.103441],[-123.751209,44.103428],[-123.751209,44.103463]]],[[[-123.75468,44.104654],[-123.75467,44.104712],[-123.754653,44.10477],[-123.75463,44.104827],[-123.754602,44.104882],[-123.754567,44.104936],[-123.754345,44.105242],[-123.753907,44.105788],[-123.753848,44.105871],[-123.753794,44.105955],[-123.753605,44.106231],[-123.753465,44.106537],[-123.753346,44.107014],[-123.752818,44.108253],[-123.75278,44.108343],[-123.752749,44.108435],[-123.752725,44.108528],[-123.752707,44.108622],[-123.752697,44.108716],[-123.752514,44.109372],[-123.752501,44.109497],[-123.752484,44.109623],[-123.752461,44.109748],[-123.752432,44.109872],[-123.752217,44.110722],[-123.752209,44.11078],[-123.752897,44.110782],[-123.752904,44.110432],[-123.752876,44.109915],[-123.753027,44.109202],[-123.753521,44.108534],[-123.753753,44.107928],[-123.754063,44.107375],[-123.754489,44.106845],[-123.754839,44.106317],[-123.755186,44.105735],[-123.755608,44.105151],[-123.756363,44.104607],[-123.75468,44.104654]]]]}},{"type":"Feature","properties":{"MAPTAXLOT":"1709100000400","MAPNUMBER":"17091000","TAXLOT":"400","ACCTNO":"0528107","MAPACRES":342.22243378},"geometry":{"type":"MultiPolygon","coordinates":[[[[-123.75893,44.104331],[-123.759844,44.104664],[-123.760877,44.105352],[-123.761409,44.105982],[-123.762189,44.106605],[-123.762612,44.10706],[-123.763593,44.107713],[-123.76507,44.108317],[-123.766179,44.108573],[-123.767415,44.10843],[-123.768255,44.108299],[-123.769277,44.107876],[-123.770244,44.107347],[-123.770622,44.106978],[-123.771056,44.106715],[-123.771794,44.10655],[-123.77205,44.10638],[-123.77205,44.10638],[-123.772051,44.10638],[-123.772049,44.106246],[-123.772017,44.10205],[-123.772015,44.10185],[-123.771995,44.099908],[-123.766816,44.099876],[-123.766817,44.098019],[-123.76164,44.098032],[-123.761645,44.097051],[-123.756451,44.097023],[-123.756439,44.098987],[-123.756444,44.098985],[-123.756465,44.098977],[-123.756486,44.098969],[-123.756506,44.098962],[-123.756525,44.098954],[-123.756544,44.098947],[-123.756562,44.09894],[-123.75658,44.098933],[-123.756597,44.098926],[-123.756614,44.09892],[-123.75663,44.098913],[-123.756647,44.098906],[-123.756663,44.098899],[-123.75668,44.098892],[-123.756696,44.098885],[-123.756714,44.098878],[-123.756732,44.098871],[-123.756751,44.098863],[-123.756771,44.098855],[-123.756793,44.098846],[-123.756816,44.098838],[-123.756841,44.098829],[-123.756868,44.098819],[-123.756896,44.09881],[-123.756923,44.0988],[-123.756951,44.098791],[-123.756978,44.098781],[-123.757003,44.098773],[-123.757027,44.098765],[-123.757048,44.098758],[-123.757068,44.098751],[-123.757086,44.098745],[-123.757103,44.098739],[-123.75712,44.098733],[-123.757136,44.098728],[-123.757154,44.098722],[-123.757172,44.098716],[-123.757192,44.09871],[-123.757213,44.098704],[-123.757236,44.098698],[-123.757259,44.098691],[-123.757284,44.098684],[-123.757309,44.098678],[-123.757334,44.098671],[-123.75736,44.098664],[-123.757386,44.098657],[-123.757411,44.09865],[-123.757437,44.098644],[-123.757463,44.098637],[-123.757489,44.09863],[-123.757515,44.098623],[-123.757541,44.098617],[-123.757567,44.09861],[-123.757592,44.098603],[-123.757618,44.098596],[-123.757644,44.098589],[-123.757669,44.098582],[-123.757694,44.098575],[-123.757719,44.098568],[-123.757743,44.098561],[-123.757767,44.098555],[-123.757789,44.098548],[-123.757812,44.098542],[-123.757835,44.098536],[-123.757859,44.09853],[-123.757884,44.098523],[-123.75791,44.098516],[-123.757939,44.098508],[-123.75797,44.098499],[-123.758004,44.098489],[-123.758041,44.098478],[-123.75808,44.098467],[-123.758121,44.098455],[-123.758163,44.098443],[-123.758206,44.09843],[-123.75825,44.098418],[-123.758294,44.098405],[-123.758338,44.098393],[-123.758381,44.098382],[-123.758424,44.09837],[-123.758466,44.098359],[-123.758507,44.098349],[-123.758547,44.098338],[-123.758586,44.098329],[-123.758624,44.09832],[-123.75866,44.098311],[-123.758695,44.098303],[-123.758728,44.098295],[-123.758761,44.098288],[-123.758792,44.098282],[-123.758823,44.098276],[-123.758852,44.09827],[-123.758881,44.098265],[-123.758908,44.09826],[-123.758935,44.098256],[-123.758962,44.098252],[-123.758987,44.098248],[-123.759012,44.098245],[-123.759037,44.098242],[-123.759061,44.098239],[-123.759084,44.098237],[-123.759107,44.098235],[-123.75913,44.098233],[-123.759152,44.098231],[-123.759175,44.098229],[-123.759198,44.098228],[-123.759222,44.098227],[-123.759246,44.098226],[-123.759271,44.098225],[-123.759297,44.098224],[-123.759325,44.098224],[-123.759353,44.098223],[-123.759382,44.098223],[-123.759412,44.098223],[-123.759442,44.098224],[-123.759473,44.098224],[-123.759504,44.098225],[-123.759536,44.098225],[-123.759567,44.098226],[-123.759599,44.098228],[-123.75963,44.098229],[-123.759661,44.09823],[-123.759692,44.098232],[-123.759721,44.098234],[-123.759749,44.098236],[-123.759776,44.098238],[-123.759802,44.09824],[-123.759826,44.098242],[-123.75985,44.098244],[-123.759873,44.098247],[-123.759895,44.098249],[-123.759916,44.098251],[-123.759937,44.098253],[-123.759958,44.098255],[-123.759978,44.098257],[-123.759998,44.098259],[-123.760019,44.098261],[-123.76004,44.098262],[-123.760061,44.098264],[-123.760084,44.098265],[-123.760108,44.098267],[-123.760133,44.098268],[-123.760159,44.09827],[-123.760187,44.098271],[-123.760215,44.098272],[-123.760245,44.098274],[-123.760275,44.098276],[-123.760305,44.098278],[-123.760336,44.09828],[-123.760367,44.098283],[-123.760397,44.098285],[-123.760428,44.098289],[-123.760458,44.098292],[-123.760488,44.098295],[-123.760517,44.098299],[-123.760545,44.098303],[-123.760572,44.098308],[-123.760597,44.098312],[-123.760622,44.098317],[-123.760645,44.098322],[-123.760667,44.098328],[-123.760689,44.098333],[-123.760709,44.098339],[-123.760729,44.098346],[-123.760747,44.098352],[-123.760766,44.098359],[-123.760783,44.098366],[-123.7608,44.098374],[-123.760816,44.098381],[-123.760832,44.098388],[-123.760847,44.098395],[-123.760861,44.098402],[-123.760874,44.098409],[-123.760887,44.098415],[-123.7609,44.09842],[-123.760912,44.098426],[-123.760924,44.098431],[-123.760936,44.098437],[-123.760948,44.098443],[-123.760961,44.098449],[-123.760974,44.098456],[-123.760988,44.098464],[-123.761003,44.098473],[-123.761019,44.098482],[-123.761035,44.098491],[-123.761052,44.098501],[-123.76107,44.098511],[-123.761088,44.098522],[-123.761107,44.098533],[-123.761126,44.098543],[-123.761145,44.098554],[-123.761165,44.098564],[-123.761185,44.098575],[-123.761205,44.098585],[-123.761225,44.098595],[-123.761244,44.098605],[-123.761264,44.098615],[-123.761284,44.098625],[-123.761303,44.098634],[-123.761322,44.098644],[-123.761342,44.098653],[-123.761361,44.098662],[-123.761381,44.098671],[-123.761401,44.09868],[-123.761421,44.09869],[-123.761442,44.098699],[-123.761463,44.098709],[-123.761484,44.098719],[-123.761506,44.098728],[-123.761528,44.098738],[-123.76155,44.098748],[-123.761572,44.098757],[-123.761594,44.098767],[-123.761615,44.098776],[-123.761637,44.098785],[-123.761638,44.098785],[-123.761637,44.09894],[-123.761637,44.09894],[-123.761623,44.098933],[-123.761608,44.098927],[-123.761593,44.098921],[-123.761578,44.098914],[-123.761563,44.098908],[-123.761548,44.098901],[-123.761533,44.098895],[-123.761517,44.098889],[-123.761502,44.098882],[-123.761487,44.098876],[-123.761471,44.098869],[-123.761456,44.098863],[-123.761441,44.098856],[-123.761426,44.09885],[-123.761411,44.098843],[-123.761397,44.098836],[-123.761382,44.09883],[-123.761367,44.098823],[-123.761353,44.098816],[-123.761338,44.09881],[-123.761323,44.098803],[-123.761307,44.098796],[-123.761291,44.098789],[-123.761275,44.098782],[-123.761259,44.098776],[-123.761242,44.098769],[-123.761225,44.098762],[-123.761208,44.098755],[-123.76119,44.098747],[-123.761172,44.09874],[-123.761154,44.098733],[-123.761135,44.098726],[-123.761117,44.098718],[-123.761098,44.098711],[-123.76108,44.098704],[-123.761062,44.098697],[-123.761045,44.09869],[-123.761029,44.098683],[-123.761013,44.098677],[-123.760997,44.09867],[-123.760982,44.098664],[-123.760968,44.098657],[-123.760953,44.098651],[-123.760939,44.098645],[-123.760925,44.098639],[-123.76091,44.098633],[-123.760896,44.098627],[-123.760882,44.098622],[-123.760867,44.098616],[-123.760852,44.09861],[-123.760836,44.098605],[-123.76082,44.098599],[-123.760803,44.098594],[-123.760785,44.098589],[-123.760766,44.098584],[-123.760748,44.09858],[-123.760729,44.098575],[-123.760709,44.098571],[-123.76069,44.098567],[-123.760672,44.098563],[-123.760654,44.098559],[-123.760636,44.098555],[-123.760619,44.098552],[-123.760602,44.098549],[-123.760585,44.098545],[-123.760567,44.098542],[-123.760548,44.098539],[-123.760528,44.098535],[-123.760507,44.098531],[-123.760485,44.098527],[-123.76046,44.098523],[-123.760435,44.098519],[-123.760409,44.098515],[-123.760382,44.098511],[-123.760356,44.098507],[-123.760329,44.098504],[-123.760302,44.098501],[-123.760277,44.098498],[-123.760252,44.098496],[-123.760227,44.098494],[-123.760203,44.098492],[-123.76018,44.098491],[-123.760157,44.098489],[-123.760134,44.098488],[-123.760112,44.098488],[-123.76009,44.098487],[-123.760069,44.098486],[-123.760047,44.098485],[-123.760026,44.098484],[-123.760005,44.098483],[-123.759984,44.098482],[-123.759963,44.098481],[-123.759942,44.09848],[-123.759921,44.098479],[-123.759901,44.098478],[-123.75988,44.098476],[-123.75986,44.098475],[-123.75984,44.098473],[-123.759821,44.098471],[-123.759802,44.098469],[-123.759784,44.098467],[-123.759766,44.098465],[-123.75975,44.098463],[-123.759734,44.098461],[-123.759718,44.098459],[-123.759702,44.098458],[-123.759687,44.098456],[-123.759671,44.098455],[-123.759656,44.098453],[-123.75964,44.098453],[-123.759624,44.098452],[-123.759608,44.098452],[-123.759592,44.098452],[-123.759576,44.098452],[-123.75956,44.098453],[-123.759545,44.098453],[-123.75953,44.098454],[-123.759516,44.098455],[-123.759502,44.098456],[-123.759489,44.098457],[-123.759475,44.098458],[-123.759462,44.09846],[-123.759449,44.098461],[-123.759436,44.098463],[-123.759423,44.098465],[-123.759409,44.098468],[-123.759395,44.09847],[-123.759381,44.098473],[-123.759366,44.098475],[-123.759352,44.098478],[-123.759337,44.09848],[-123.759322,44.098483],[-123.759306,44.098485],[-123.759291,44.098487],[-123.759276,44.098489],[-123.75926,44.098491],[-123.759244,44.098492],[-123.759229,44.098494],[-123.759213,44.098495],[-123.759197,44.098496],[-123.75918,44.098498],[-123.759164,44.098499],[-123.759148,44.0985],[-123.759131,44.098501],[-123.759115,44.098503],[-123.759098,44.098504],[-123.759081,44.098505],[-123.759063,44.098507],[-123.759045,44.098508],[-123.759027,44.09851],[-123.759009,44.098511],[-123.758991,44.098513],[-123.758972,44.098514],[-123.758953,44.098516],[-123.758933,44.098517],[-123.758914,44.098519],[-123.758894,44.09852],[-123.758874,44.098521],[-123.758854,44.098523],[-123.758834,44.098524],[-123.758814,44.098525],[-123.758794,44.098527],[-123.758775,44.098528],[-123.758756,44.09853],[-123.758738,44.098531],[-123.75872,44.098533],[-123.758703,44.098535],[-123.758687,44.098537],[-123.75867,44.098539],[-123.758654,44.098541],[-123.758637,44.098544],[-123.75862,44.098546],[-123.758603,44.098547],[-123.758585,44.098549],[-123.758566,44.098551],[-123.758546,44.098553],[-123.758527,44.098554],[-123.758507,44.098556],[-123.758486,44.098558],[-123.758466,44.09856],[-123.758446,44.098563],[-123.758425,44.098566],[-123.758405,44.098569],[-123.758386,44.098572],[-123.758366,44.098576],[-123.758347,44.09858],[-123.758329,44.098584],[-123.75831,44.098588],[-123.758293,44.098592],[-123.758276,44.098597],[-123.758259,44.098601],[-123.758243,44.098606],[-123.758228,44.09861],[-123.758212,44.098615],[-123.758196,44.09862],[-123.758181,44.098625],[-123.758165,44.098631],[-123.758149,44.098637],[-123.758133,44.098643],[-123.758117,44.098649],[-123.7581,44.098655],[-123.758084,44.098661],[-123.758068,44.098667],[-123.758052,44.098673],[-123.758036,44.09868],[-123.758021,44.098686],[-123.758006,44.098692],[-123.757991,44.098697],[-123.757976,44.098703],[-123.75796,44.098709],[-123.757945,44.098715],[-123.757929,44.098721],[-123.757912,44.098727],[-123.757894,44.098733],[-123.757877,44.098739],[-123.757858,44.098745],[-123.75784,44.098751],[-123.757822,44.098757],[-123.757803,44.098763],[-123.757786,44.098769],[-123.757769,44.098774],[-123.757752,44.09878],[-123.757737,44.098785],[-123.757721,44.09879],[-123.757707,44.098794],[-123.757692,44.098799],[-123.757677,44.098803],[-123.757663,44.098808],[-123.757648,44.098812],[-123.757633,44.098817],[-123.757617,44.098821],[-123.757601,44.098825],[-123.757585,44.098829],[-123.757568,44.098833],[-123.757551,44.098837],[-123.757533,44.098842],[-123.757515,44.098846],[-123.757496,44.09885],[-123.757477,44.098854],[-123.757458,44.098858],[-123.757439,44.098862],[-123.75742,44.098865],[-123.757402,44.098869],[-123.757385,44.098873],[-123.757369,44.098876],[-123.757353,44.098879],[-123.757339,44.098882],[-123.757326,44.098885],[-123.757313,44.098888],[-123.7573,44.098892],[-123.757288,44.098895],[-123.757276,44.098899],[-123.757264,44.098902],[-123.757252,44.098907],[-123.757239,44.098911],[-123.757226,44.098916],[-123.757212,44.098922],[-123.757198,44.098927],[-123.757184,44.098933],[-123.757169,44.098939],[-123.757154,44.098946],[-123.757139,44.098952],[-123.757123,44.098959],[-123.757106,44.098966],[-123.757089,44.098973],[-123.757071,44.098981],[-123.757053,44.098989],[-123.757033,44.098998],[-123.757013,44.099006],[-123.756992,44.099015],[-123.75697,44.099025],[-123.756948,44.099035],[-123.756925,44.099045],[-123.756902,44.099055],[-123.756879,44.099065],[-123.756856,44.099076],[-123.756834,44.099086],[-123.756813,44.099096],[-123.756791,44.099106],[-123.756771,44.099117],[-123.756751,44.099127],[-123.756731,44.099137],[-123.756712,44.099147],[-123.756694,44.099158],[-123.756675,44.099168],[-123.756657,44.099178],[-123.75664,44.099189],[-123.756622,44.099199],[-123.756605,44.09921],[-123.756589,44.09922],[-123.756572,44.099231],[-123.756556,44.099241],[-123.756541,44.099251],[-123.756525,44.099261],[-123.75651,44.099271],[-123.756496,44.09928],[-123.756481,44.09929],[-123.756467,44.099299],[-123.756454,44.099307],[-123.75644,44.099316],[-123.756427,44.099324],[-123.756415,44.099331],[-123.756402,44.099339],[-123.75639,44.099346],[-123.756377,44.099353],[-123.756365,44.09936],[-123.756352,44.099367],[-123.756338,44.099375],[-123.756325,44.099383],[-123.75631,44.099392],[-123.756295,44.099401],[-123.75628,44.09941],[-123.756069,44.099667],[-123.755887,44.099795],[-123.756467,44.100275],[-123.756034,44.100709],[-123.755184,44.101364],[-123.754643,44.101934],[-123.754063,44.102331],[-123.75371,44.102579],[-123.75355,44.102712],[-123.753466,44.102777],[-123.753378,44.102839],[-123.753285,44.102896],[-123.753187,44.10295],[-123.753084,44.103],[-123.752978,44.103045],[-123.752869,44.103085],[-123.752756,44.103121],[-123.752641,44.103152],[-123.752523,44.103178],[-123.752404,44.103199],[-123.752283,44.103215],[-123.751944,44.103252],[-123.752162,44.103271],[-123.752864,44.103255],[-123.753213,44.103466],[-123.753508,44.103644],[-123.754231,44.104029],[-123.754436,44.10411],[-123.754486,44.104156],[-123.754531,44.104205],[-123.754571,44.104256],[-123.754605,44.104309],[-123.754633,44.104364],[-123.754655,44.104421],[-123.754671,44.104478],[-123.75468,44.104537],[-123.754683,44.104595],[-123.75468,44.104654],[-123.756363,44.104607],[-123.757881,44.104253],[-123.75893,44.104331]]],[[[-123.748745,44.100101],[-123.748887,44.100016],[-123.749135,44.099782],[-123.748747,44.099778],[-123.748745,44.100101]]],[[[-123.751225,44.09884],[-123.751119,44.098911],[-123.751029,44.099007],[-123.750948,44.099102],[-123.750875,44.099194],[-123.750809,44.099285],[-123.750749,44.099373],[-123.750694,44.099459],[-123.750643,44.099542],[-123.750596,44.099622],[-123.750552,44.099699],[-123.75051,44.099773],[-123.750499,44.099794],[-123.750471,44.099845],[-123.750433,44.099913],[-123.750398,44.099979],[-123.750364,44.100044],[-123.750333,44.100106],[-123.750303,44.100167],[-123.750274,44.100226],[-123.750247,44.100285],[-123.75022,44.100343],[-123.750194,44.100402],[-123.750169,44.10046],[-123.750144,44.10052],[-123.750118,44.100581],[-123.750092,44.100644],[-123.750066,44.100708],[-123.75004,44.100774],[-123.750014,44.100841],[-123.749989,44.100908],[-123.749966,44.100975],[-123.749945,44.10104],[-123.749927,44.101102],[-123.749912,44.101162],[-123.7499,44.101219],[-123.749893,44.101272],[-123.749889,44.101323],[-123.749888,44.101371],[-123.74989,44.101417],[-123.749895,44.101461],[-123.749903,44.101505],[-123.749913,44.101547],[-123.749926,44.101589],[-123.749941,44.10163],[-123.749957,44.101671],[-123.749976,44.101711],[-123.749996,44.10175],[-123.750018,44.101788],[-123.750041,44.101824],[-123.750066,44.101859],[-123.750092,44.101893],[-123.750119,44.101925],[-123.750148,44.101956],[-123.750179,44.101986],[-123.750213,44.102014],[-123.750249,44.10204],[-123.750288,44.102066],[-123.75033,44.10209],[-123.750376,44.102113],[-123.750424,44.102135],[-123.750475,44.102156],[-123.750527,44.102176],[-123.750579,44.102194],[-123.750631,44.102211],[-123.750682,44.102228],[-123.750732,44.102243],[-123.750779,44.102257],[-123.750825,44.10227],[-123.750869,44.102282],[-123.750912,44.102293],[-123.750954,44.102302],[-123.750996,44.10231],[-123.751038,44.102316],[-123.751081,44.102321],[-123.751124,44.102324],[-123.751168,44.102326],[-123.751213,44.102326],[-123.751259,44.102325],[-123.751305,44.102323],[-123.751352,44.102321],[-123.751399,44.102317],[-123.751446,44.102313],[-123.751494,44.102308],[-123.751542,44.102303],[-123.751591,44.102298],[-123.75164,44.102291],[-123.75169,44.102283],[-123.75174,44.102273],[-123.751792,44.102262],[-123.751844,44.102249],[-123.751898,44.102234],[-123.751953,44.102217],[-123.752008,44.102199],[-123.752064,44.102179],[-123.75212,44.102159],[-123.752176,44.102137],[-123.752231,44.102115],[-123.752286,44.102092],[-123.752341,44.102069],[-123.752395,44.102046],[-123.752449,44.102021],[-123.752503,44.101996],[-123.752559,44.101968],[-123.752616,44.101939],[-123.752675,44.101907],[-123.752735,44.101873],[-123.752799,44.101835],[-123.752864,44.101795],[-123.752931,44.101752],[-123.752999,44.101708],[-123.753066,44.101663],[-123.753134,44.101618],[-123.7532,44.101572],[-123.753265,44.101528],[-123.753327,44.101484],[-123.753388,44.101441],[-123.753446,44.1014],[-123.753502,44.101359],[-123.753556,44.101319],[-123.753608,44.10128],[-123.753658,44.101241],[-123.753706,44.101203],[-123.753752,44.101165],[-123.753797,44.101126],[-123.753843,44.101086],[-123.753891,44.101044],[-123.753942,44.100998],[-123.753998,44.100948],[-123.75406,44.100892],[-123.754129,44.100829],[-123.754207,44.10076],[-123.754295,44.10068],[-123.754396,44.10059],[-123.754512,44.100486],[-123.754643,44.100367],[-123.754794,44.100231],[-123.754964,44.100075],[-123.755157,44.099899],[-123.755201,44.099863],[-123.75524,44.099832],[-123.755275,44.099805],[-123.755306,44.099781],[-123.755334,44.09976],[-123.755358,44.099742],[-123.755381,44.099725],[-123.755401,44.09971],[-123.75542,44.099696],[-123.755437,44.099683],[-123.755454,44.099671],[-123.75547,44.099659],[-123.755485,44.099647],[-123.755499,44.099635],[-123.755514,44.099624],[-123.755527,44.099612],[-123.755541,44.0996],[-123.755555,44.099588],[-123.755568,44.099575],[-123.755582,44.099563],[-123.755596,44.099549],[-123.75561,44.099536],[-123.755624,44.099521],[-123.755638,44.099507],[-123.755653,44.099491],[-123.755668,44.099476],[-123.755684,44.09946],[-123.755699,44.099444],[-123.755715,44.099428],[-123.755731,44.099412],[-123.755747,44.099396],[-123.755764,44.099381],[-123.75578,44.099367],[-123.755797,44.099353],[-123.755813,44.099339],[-123.75583,44.099326],[-123.755848,44.099313],[-123.755865,44.0993],[-123.755883,44.099287],[-123.755901,44.099273],[-123.75592,44.09926],[-123.755939,44.099247],[-123.755958,44.099233],[-123.755978,44.09922],[-123.755997,44.099206],[-123.756017,44.099193],[-123.756036,44.099181],[-123.756055,44.099168],[-123.756074,44.099157],[-123.756093,44.099146],[-123.756111,44.099135],[-123.75613,44.099125],[-123.756148,44.099115],[-123.756167,44.099105],[-123.756185,44.099096],[-123.756204,44.099087],[-123.756222,44.099078],[-123.756241,44.099069],[-123.75626,44.09906],[-123.75628,44.099051],[-123.756299,44.099043],[-123.756319,44.099034],[-123.756339,44.099026],[-123.75636,44.099017],[-123.756372,44.099013],[-123.751227,44.098983],[-123.751229,44.098837],[-123.751225,44.09884]]],[[[-123.74959,44.102329],[-123.74969,44.1024],[-123.749795,44.102467],[-123.749903,44.102531],[-123.750014,44.102591],[-123.75013,44.102649],[-123.750248,44.102702],[-123.750369,44.102752],[-123.750493,44.102799],[-123.750879,44.103042],[-123.750965,44.103071],[-123.75113,44.102512],[-123.751113,44.102514],[-123.750718,44.102443],[-123.750324,44.102372],[-123.749904,44.102137],[-123.749658,44.101793],[-123.749543,44.101468],[-123.749607,44.101149],[-123.749858,44.100674],[-123.749999,44.100271],[-123.750156,44.099857],[-123.75022,44.099791],[-123.750464,44.099543],[-123.750703,44.099138],[-123.750885,44.098897],[-123.751034,44.09875],[-123.751145,44.098618],[-123.751233,44.098527],[-123.751233,44.098526],[-123.751234,44.098416],[-123.750664,44.098994],[-123.750447,44.099152],[-123.750289,44.099271],[-123.750137,44.099393],[-123.749991,44.099519],[-123.74985,44.099648],[-123.749703,44.099787],[-123.749251,44.100216],[-123.749178,44.10029],[-123.749111,44.100366],[-123.74905,44.100446],[-123.748996,44.100528],[-123.748949,44.100612],[-123.748909,44.100699],[-123.748876,44.100786],[-123.748851,44.100875],[-123.748833,44.100965],[-123.748822,44.101056],[-123.748819,44.101146],[-123.748823,44.101237],[-123.748835,44.101328],[-123.748854,44.101417],[-123.748881,44.101506],[-123.748915,44.101594],[-123.748956,44.101679],[-123.749004,44.101763],[-123.749059,44.101845],[-123.74912,44.101924],[-123.749188,44.102001],[-123.749263,44.102074],[-123.749343,44.102144],[-123.749428,44.102211],[-123.74959,44.102329]]],[[[-123.748722,44.103421],[-123.751209,44.103463],[-123.751209,44.103428],[-123.75112,44.103412],[-123.751031,44.103394],[-123.751031,44.103394],[-123.751031,44.103394],[-123.750988,44.103384],[-123.750881,44.103357],[-123.750858,44.10335],[-123.750736,44.103251],[-123.750292,44.103094],[-123.749543,44.102954],[-123.749062,44.102471],[-123.748972,44.102401],[-123.748886,44.102328],[-123.748806,44.102252],[-123.74873,44.102173],[-123.748722,44.103421]]]]}},{"type":"Feature","properties":{"MAPTAXLOT":"1709100000401","MAPNUMBER":"17091000","TAXLOT":"401","ACCTNO":"0528115","MAPACRES":11.12033795},"geometry":{"type":"Polygon","coordinates":[[[-123.750965,44.103071],[-123.751069,44.1031],[-123.751174,44.103125],[-123.751282,44.103145],[-123.751447,44.103207],[-123.751944,44.103252],[-123.752283,44.103215],[-123.752404,44.103199],[-123.752523,44.103178],[-123.752641,44.103152],[-123.752756,44.103121],[-123.752869,44.103085],[-123.752978,44.103045],[-123.753084,44.103],[-123.753187,44.10295],[-123.753285,44.102896],[-123.753378,44.102839],[-123.753466,44.102777],[-123.75355,44.102712],[-123.75371,44.102579],[-123.754063,44.102331],[-123.754643,44.101934],[-123.755184,44.101364],[-123.756034,44.100709],[-123.756467,44.100275],[-123.755887,44.099795],[-123.755209,44.100313],[-123.754506,44.100848],[-123.753932,44.101368],[-123.753462,44.101721],[-123.752893,44.10203],[-123.752498,44.102252],[-123.752211,44.102366],[-123.751518,44.102479],[-123.75113,44.102512],[-123.750965,44.103071]]]}},{"type":"Feature","properties":{"MAPTAXLOT":"1709100000500","MAPNUMBER":"17091000","TAXLOT":"500","ACCTNO":"0528057","MAPACRES":21.15214673},"geometry":{"type":"Polygon","coordinates":[[[-123.756117,44.113112],[-123.756086,44.114473],[-123.756086,44.114474],[-123.756086,44.114474],[-123.758683,44.114494],[-123.758795,44.110804],[-123.756214,44.110794],[-123.756171,44.110794],[-123.756117,44.113112]]]}}]}