{"type":"FeatureCollection","features":[{"type":"Feature","properties":{"MAPTAXLOT":"1801340000088","MAPNUMBER":"18013400","TAXLOT":"88","ACCTNO":"000None","MAPACRES":3.0577404},"geometry":{"type":"Polygon","coordinates":[[[-122.800553,43.95936],[-122.800398,43.95947],[-122.800155,43.95962],[-122.799899,43.959785],[-122.799685,43.959984],[-122.799609,43.96016],[-122.799601,43.960324],[-122.799635,43.960498],[-122.799669,43.960652],[-122.799666,43.960767],[-122.799572,43.960829],[-122.799408,43.960882],[-122.79897,43.960991],[-122.798544,43.961064],[-122.798125,43.961117],[-122.79841,43.961093],[-122.798853,43.961056],[-122.799453,43.960907],[-122.799682,43.960865],[-122.800065,43.960749],[-122.800292,43.960622],[-122.800495,43.960521],[-122.800757,43.960356],[-122.800998,43.960137],[-122.800984,43.959785],[-122.800906,43.959598],[-122.800885,43.959367],[-122.801009,43.959185],[-122.801815,43.958834],[-122.802626,43.958612],[-122.803096,43.958411],[-122.803604,43.958245],[-122.803824,43.958173],[-122.804048,43.958152],[-122.804376,43.958325],[-122.80472,43.958644],[-122.805256,43.959177],[-122.805486,43.95939],[-122.80562,43.959464],[-122.805739,43.959526],[-122.805927,43.959614],[-122.806154,43.959686],[-122.806441,43.959687],[-122.806732,43.959636],[-122.806934,43.959541],[-122.806935,43.959478],[-122.807113,43.959415],[-122.807233,43.959393],[-122.807728,43.959249],[-122.807837,43.959191],[-122.80807,43.959134],[-122.808229,43.95913],[-122.808438,43.959085],[-122.808438,43.959131],[-122.808452,43.959126],[-122.8087,43.959051],[-122.80911,43.958936],[-122.809438,43.958744],[-122.809658,43.958583],[-122.809858,43.958394],[-122.809886,43.958376],[-122.809882,43.958285],[-122.809847,43.958307],[-122.809406,43.958629],[-122.808938,43.958833],[-122.808666,43.958938],[-122.808335,43.959044],[-122.807689,43.959171],[-122.807388,43.95929],[-122.807086,43.959382],[-122.806882,43.959471],[-122.80657,43.959556],[-122.806206,43.959584],[-122.806043,43.95952],[-122.805651,43.959311],[-122.80562,43.959357],[-122.80562,43.959293],[-122.805541,43.959228],[-122.805343,43.959065],[-122.805203,43.958976],[-122.805023,43.958788],[-122.804649,43.958427],[-122.80445,43.958266],[-122.804181,43.958117],[-122.804022,43.9581],[-122.803815,43.958109],[-122.803631,43.958182],[-122.803371,43.958252],[-122.803009,43.958379],[-122.802696,43.958485],[-122.802301,43.958609],[-122.801877,43.958738],[-122.80155,43.958854],[-122.801176,43.959031],[-122.800837,43.959187],[-122.8006,43.959327],[-122.800553,43.95936]],[[-122.800531,43.959476],[-122.800604,43.959436],[-122.800741,43.959399],[-122.80079,43.959418],[-122.800857,43.959556],[-122.800877,43.959705],[-122.800899,43.95992],[-122.80087,43.960055],[-122.800805,43.960166],[-122.800591,43.96037],[-122.800529,43.960426],[-122.800484,43.960467],[-122.80024,43.960596],[-122.800056,43.960665],[-122.799925,43.960667],[-122.799814,43.960645],[-122.799726,43.960532],[-122.799677,43.960323],[-122.799691,43.960153],[-122.79979,43.960011],[-122.79997,43.959843],[-122.800165,43.95971],[-122.800394,43.95955],[-122.800531,43.959476]]]}},{"type":"Feature","properties":{"MAPTAXLOT":"1801340001900","MAPNUMBER":"18013400","TAXLOT":"1900","ACCTNO":"0559094","MAPACRES":67.04779853},"geometry":{"type":"MultiPolygon","coordinates":[[[[-122.795474,43.956867],[-122.79547,43.959193],[-122.800553,43.959202],[-122.800553,43.959202],[-122.800549,43.956874],[-122.800544,43.953553],[-122.800543,43.953209],[-122.795641,43.9532],[-122.795479,43.953201],[-122.795474,43.956867]]],[[[-122.796491,43.96154],[-122.796538,43.961542],[-122.796539,43.961108],[-122.796492,43.961108],[-122.796491,43.96154]]]]}},{"type":"Feature","properties":{"MAPTAXLOT":"1801340001901","MAPNUMBER":"18013400","TAXLOT":"1901","ACCTNO":"1084548","MAPACRES":19.64796786},"geometry":{"type":"MultiPolygon","coordinates":[[[[-122.795468,43.960513],[-122.795467,43.961102],[-122.79596,43.961105],[-122.796492,43.961108],[-122.796539,43.961108],[-122.797384,43.961113],[-122.797631,43.961114],[-122.798125,43.961117],[-122.798544,43.961064],[-122.79897,43.960991],[-122.799408,43.960882],[-122.799572,43.960829],[-122.799666,43.960767],[-122.799669,43.960652],[-122.799635,43.960498],[-122.799601,43.960324],[-122.799609,43.96016],[-122.799685,43.959984],[-122.799899,43.959785],[-122.800155,43.95962],[-122.800398,43.95947],[-122.800553,43.95936],[-122.800553,43.959202],[-122.79547,43.959193],[-122.795468,43.960513]]],[[[-122.800394,43.95955],[-122.800165,43.95971],[-122.79997,43.959843],[-122.79979,43.960011],[-122.799691,43.960153],[-122.799677,43.960323],[-122.799726,43.960532],[-122.799814,43.960645],[-122.799925,43.960667],[-122.800056,43.960665],[-122.80024,43.960596],[-122.800484,43.960467],[-122.800529,43.960426],[-122.800529,43.960294],[-122.800531,43.95953],[-122.800531,43.959476],[-122.800394,43.95955]]]]}},{"type":"Feature","properties":{"MAPTAXLOT":"1801340002500","MAPNUMBER":"18013400","TAXLOT":"2500","ACCTNO":"0559151","MAPACRES":10.99654252},"geometry":{"type":"Polygon","coordinates":[[[-122.784604,43.953233],[-122.7846,43.953765],[-122.784627,43.953765],[-122.78536,43.953764],[-122.785364,43.953215],[-122.785517,43.953215],[-122.78552,43.952129],[-122.78552,43.952129],[-122.783264,43.952125],[-122.780468,43.952121],[-122.780465,43.953221],[-122.782133,43.95322],[-122.782133,43.953219],[-122.782132,43.952948],[-122.782508,43.952948],[-122.782507,43.95254],[-122.78376,43.952538],[-122.783762,43.953217],[-122.784604,43.953216],[-122.784604,43.953233]]]}},{"type":"Feature","properties":{"MAPTAXLOT":"1801340002502","MAPNUMBER":"18013400","TAXLOT":"2502","ACCTNO":"0559177","MAPACRES":14.05382646},"geometry":{"type":"Polygon","coordinates":[[[-122.788239,43.954782],[-122.790416,43.954786],[-122.790422,43.954787],[-122.792277,43.95479],[-122.792294,43.953218],[-122.792294,43.953205],[-122.790579,43.953208],[-122.790421,43.953208],[-122.790285,43.953208],[-122.790171,43.953208],[-122.78825,43.953211],[-122.788239,43.954782]]]}},{"type":"Feature","properties":{"MAPTAXLOT":"1801340002503","MAPNUMBER":"18013400","TAXLOT":"2503","ACCTNO":"1907219","MAPACRES":94.32338881},"geometry":{"type":"Polygon","coordinates":[[[-122.795109,43.960512],[-122.795468,43.960513],[-122.79547,43.959193],[-122.795474,43.956867],[-122.795479,43.953201],[-122.793647,43.953203],[-122.792294,43.953205],[-122.792294,43.953218],[-122.792277,43.95479],[-122.790422,43.954787],[-122.790416,43.954786],[-122.788239,43.954782],[-122.788238,43.954942],[-122.790288,43.95494],[-122.790288,43.954974],[-122.790293,43.958644],[-122.787748,43.958645],[-122.78652,43.95933],[-122.784472,43.960473],[-122.784437,43.960492],[-122.784501,43.960492],[-122.785311,43.960492],[-122.787847,43.960498],[-122.790396,43.960503],[-122.792038,43.960506],[-122.795109,43.960512]]]}},{"type":"Feature","properties":{"MAPTAXLOT":"1801340002504","MAPNUMBER":"18013400","TAXLOT":"2504","ACCTNO":"1907227","MAPACRES":11.00061477},"geometry":{"type":"Polygon","coordinates":[[[-122.78825,43.953211],[-122.785517,43.953215],[-122.785364,43.953215],[-122.78536,43.953764],[-122.78536,43.953784],[-122.785351,43.954944],[-122.785383,43.954944],[-122.788238,43.954942],[-122.788239,43.954782],[-122.78825,43.953211]]]}},{"type":"Feature","properties":{"MAPTAXLOT":"1801350000077","MAPNUMBER":"18013500","TAXLOT":"77","ACCTNO":"000None","MAPACRES":16.47614358},"geometry":{"type":"MultiPolygon","coordinates":[[[[-122.777796,43.965619],[-122.777779,43.96565],[-122.77775,43.965723],[-122.777735,43.965785],[-122.777727,43.965862],[-122.777727,43.965866],[-122.777727,43.966073],[-122.77774,43.966192],[-122.777755,43.966248],[-122.777789,43.966331],[-122.77783,43.966403],[-122.777885,43.966475],[-122.777936,43.96653],[-122.777986,43.966574],[-122.77843,43.966946],[-122.778492,43.967002],[-122.778548,43.967061],[-122.778599,43.967122],[-122.778644,43.967187],[-122.778682,43.967253],[-122.77951,43.968849],[-122.779753,43.968849],[-122.778895,43.967195],[-122.778859,43.967131],[-122.778817,43.967068],[-122.778771,43.967007],[-122.778719,43.966949],[-122.778663,43.966892],[-122.778602,43.966838],[-122.778158,43.966467],[-122.778112,43.966425],[-122.778071,43.96638],[-122.778036,43.966332],[-122.778007,43.966283],[-122.777985,43.966232],[-122.777968,43.96618],[-122.777958,43.966127],[-122.777955,43.966073],[-122.777955,43.965865],[-122.777958,43.965819],[-122.777967,43.965772],[-122.777983,43.965727],[-122.778006,43.965683],[-122.778276,43.965221],[-122.778369,43.965226],[-122.778461,43.965228],[-122.778554,43.965226],[-122.778646,43.96522],[-122.778735,43.965213],[-122.779402,43.965158],[-122.779527,43.965145],[-122.77965,43.965127],[-122.779772,43.965105],[-122.779891,43.965077],[-122.780009,43.965045],[-122.780124,43.965009],[-122.780236,43.964968],[-122.780348,43.96492],[-122.780458,43.964868],[-122.780562,43.964812],[-122.781071,43.964522],[-122.781839,43.964084],[-122.782375,43.963778],[-122.782463,43.963724],[-122.782547,43.963667],[-122.78261,43.96362],[-122.782669,43.96357],[-122.782764,43.963486],[-122.782819,43.963441],[-122.78289,43.963387],[-122.782966,43.963337],[-122.783045,43.963291],[-122.783129,43.963247],[-122.783215,43.963208],[-122.783305,43.963172],[-122.783398,43.963141],[-122.784226,43.96288],[-122.784433,43.962815],[-122.784851,43.962684],[-122.78491,43.962665],[-122.785078,43.962612],[-122.78519,43.962579],[-122.785304,43.962548],[-122.785304,43.962374],[-122.785197,43.962401],[-122.785092,43.96243],[-122.784987,43.962461],[-122.784876,43.962496],[-122.783307,43.96299],[-122.783206,43.963024],[-122.783107,43.963063],[-122.783012,43.963106],[-122.782921,43.963152],[-122.782834,43.963202],[-122.78275,43.963256],[-122.782666,43.963317],[-122.782588,43.963382],[-122.782544,43.963421],[-122.782493,43.963465],[-122.782433,43.963515],[-122.78237,43.963562],[-122.782304,43.963607],[-122.782234,43.963649],[-122.781402,43.964123],[-122.780421,43.964683],[-122.780331,43.964732],[-122.780237,43.964777],[-122.780138,43.964819],[-122.780036,43.964857],[-122.779931,43.964891],[-122.779824,43.96492],[-122.779714,43.964945],[-122.779603,43.964966],[-122.77949,43.964982],[-122.779377,43.964994],[-122.778737,43.965047],[-122.77862,43.965056],[-122.778528,43.965062],[-122.778435,43.965063],[-122.778342,43.96506],[-122.778249,43.965052],[-122.778157,43.96504],[-122.778067,43.965024],[-122.777978,43.965004],[-122.777891,43.96498],[-122.777807,43.964951],[-122.777725,43.964921],[-122.777472,43.964829],[-122.777374,43.964796],[-122.777273,43.964767],[-122.777169,43.964744],[-122.777064,43.964725],[-122.776957,43.964712],[-122.776849,43.964703],[-122.776741,43.964699],[-122.776633,43.964701],[-122.775251,43.964753],[-122.775227,43.964754],[-122.775102,43.964761],[-122.774962,43.964774],[-122.774823,43.964793],[-122.774686,43.964816],[-122.774551,43.964844],[-122.774418,43.964876],[-122.774287,43.964914],[-122.774235,43.96493],[-122.774174,43.964949],[-122.77391,43.96503],[-122.773786,43.964858],[-122.773712,43.964754],[-122.773712,43.964753],[-122.773813,43.96471],[-122.773814,43.964571],[-122.773667,43.964592],[-122.773632,43.9646],[-122.773599,43.964611],[-122.773568,43.964626],[-122.773542,43.964644],[-122.77352,43.964666],[-122.773502,43.964689],[-122.773491,43.964714],[-122.773485,43.964741],[-122.773485,43.964767],[-122.773491,43.964794],[-122.773502,43.964819],[-122.77351,43.96483],[-122.773585,43.964936],[-122.773698,43.965093],[-122.773518,43.96514],[-122.773336,43.965182],[-122.773152,43.96522],[-122.772528,43.965339],[-122.772304,43.965382],[-122.772136,43.965413],[-122.771967,43.965442],[-122.771797,43.965468],[-122.770424,43.965667],[-122.770194,43.9657],[-122.769703,43.965772],[-122.769473,43.965807],[-122.769244,43.965848],[-122.769236,43.965849],[-122.768393,43.966006],[-122.768319,43.96602],[-122.768165,43.966049],[-122.768088,43.966063],[-122.767485,43.966176],[-122.767339,43.966203],[-122.766634,43.966334],[-122.766475,43.966366],[-122.766317,43.966401],[-122.76616,43.966439],[-122.766005,43.966481],[-122.765852,43.966526],[-122.765163,43.966737],[-122.765162,43.966916],[-122.765941,43.966677],[-122.766125,43.966624],[-122.766311,43.966575],[-122.7665,43.966532],[-122.766691,43.966494],[-122.76736,43.966369],[-122.767505,43.966342],[-122.769244,43.966018],[-122.769293,43.966008],[-122.76952,43.965969],[-122.769748,43.965933],[-122.770194,43.965868],[-122.771107,43.965736],[-122.771842,43.965629],[-122.772016,43.965602],[-122.77219,43.965573],[-122.772363,43.965541],[-122.772528,43.96551],[-122.77321,43.965379],[-122.773402,43.96534],[-122.773592,43.965295],[-122.77378,43.965246],[-122.773965,43.965192],[-122.774173,43.965128],[-122.774234,43.965109],[-122.774376,43.965065],[-122.774503,43.965029],[-122.774632,43.964998],[-122.774763,43.964971],[-122.774895,43.96495],[-122.77503,43.964934],[-122.775101,43.964927],[-122.775135,43.964924],[-122.775227,43.964919],[-122.775262,43.964917],[-122.776644,43.964865],[-122.776729,43.964864],[-122.776813,43.964866],[-122.776909,43.964873],[-122.777005,43.964884],[-122.777099,43.964901],[-122.777191,43.964921],[-122.777281,43.964946],[-122.777369,43.964976],[-122.777497,43.965022],[-122.777725,43.965106],[-122.777803,43.965131],[-122.777883,43.965154],[-122.777964,43.965174],[-122.778046,43.965191],[-122.777796,43.965619]]],[[[-122.77446,43.955796],[-122.774621,43.9558],[-122.774783,43.9558],[-122.774944,43.955797],[-122.775254,43.955787],[-122.775255,43.955764],[-122.775701,43.955759],[-122.777177,43.955446],[-122.77749,43.955291],[-122.777427,43.954147],[-122.778063,43.953225],[-122.778061,43.953225],[-122.777855,43.953225],[-122.777455,43.953801],[-122.777235,43.954117],[-122.777253,43.95443],[-122.777271,43.954761],[-122.777296,43.95522],[-122.777098,43.955318],[-122.775678,43.955622],[-122.775256,43.955627],[-122.775256,43.955622],[-122.774934,43.955632],[-122.77478,43.955636],[-122.774625,43.955635],[-122.774471,43.955632],[-122.77384,43.955609],[-122.77365,43.9556],[-122.773462,43.955586],[-122.773274,43.955567],[-122.773087,43.955544],[-122.772901,43.955515],[-122.772717,43.955483],[-122.772306,43.955404],[-122.772236,43.955392],[-122.772165,43.955382],[-122.772093,43.955375],[-122.772002,43.955368],[-122.771904,43.955363],[-122.771805,43.955363],[-122.771707,43.955368],[-122.771609,43.955378],[-122.771513,43.955393],[-122.771464,43.9554],[-122.771415,43.955404],[-122.771381,43.955404],[-122.771346,43.955402],[-122.770649,43.955352],[-122.770509,43.955344],[-122.770369,43.955342],[-122.769222,43.95534],[-122.769222,43.955313],[-122.768885,43.955318],[-122.768669,43.955318],[-122.768453,43.955314],[-122.768237,43.955306],[-122.768022,43.955292],[-122.76789,43.95524],[-122.767681,43.955228],[-122.767027,43.955192],[-122.766839,43.955174],[-122.766041,43.955098],[-122.765714,43.955065],[-122.765614,43.955053],[-122.765515,43.955036],[-122.765419,43.955013],[-122.765325,43.954986],[-122.765233,43.954954],[-122.765146,43.954918],[-122.765061,43.954877],[-122.764982,43.954832],[-122.764906,43.954783],[-122.764836,43.95473],[-122.764169,43.954199],[-122.763587,43.953695],[-122.763364,43.953803],[-122.764838,43.954977],[-122.765093,43.955179],[-122.765172,43.955186],[-122.765683,43.955229],[-122.766094,43.955263],[-122.767575,43.955386],[-122.76762,43.955388],[-122.767723,43.955393],[-122.767773,43.955396],[-122.767995,43.955483],[-122.768145,43.955493],[-122.768296,43.955501],[-122.768494,43.955508],[-122.768692,43.955511],[-122.76889,43.95551],[-122.769222,43.955505],[-122.769245,43.955505],[-122.770369,43.955506],[-122.770384,43.955506],[-122.770506,43.955509],[-122.770627,43.955515],[-122.771324,43.955566],[-122.771391,43.955568],[-122.771457,43.955566],[-122.771523,43.95556],[-122.771568,43.955553],[-122.771649,43.95554],[-122.771731,43.955532],[-122.771813,43.955528],[-122.771896,43.955528],[-122.771978,43.955532],[-122.772069,43.955539],[-122.772159,43.955548],[-122.772247,43.955563],[-122.772659,43.955642],[-122.77285,43.955676],[-122.773044,43.955705],[-122.773239,43.95573],[-122.773434,43.955749],[-122.773631,43.955764],[-122.773828,43.955773],[-122.77446,43.955796]]]]}},{"type":"Feature","properties":{"MAPTAXLOT":"1801350001601","MAPNUMBER":"18013500","TAXLOT":"1601","ACCTNO":"1835493","MAPACRES":224.18961369},"geometry":{"type":"Polygon","coordinates":[[[-122.779341,43.962471],[-122.779929,43.962347],[-122.77993,43.962825],[-122.782322,43.962655],[-122.782343,43.962653],[-122.782116,43.96213],[-122.782111,43.962119],[-122.782442,43.962054],[-122.782572,43.961973],[-122.782892,43.961776],[-122.783528,43.961721],[-122.784079,43.962684],[-122.784372,43.96261],[-122.784867,43.962448],[-122.785304,43.962305],[-122.785307,43.962304],[-122.785571,43.962247],[-122.787223,43.962074],[-122.78768,43.961935],[-122.78784,43.961886],[-122.78785,43.961883],[-122.78785,43.961809],[-122.787848,43.960902],[-122.787847,43.960528],[-122.787847,43.960498],[-122.787847,43.960498],[-122.785311,43.960492],[-122.784501,43.960492],[-122.784437,43.960492],[-122.784472,43.960473],[-122.78652,43.95933],[-122.787748,43.958645],[-122.790293,43.958644],[-122.790288,43.954974],[-122.790288,43.95494],[-122.788238,43.954942],[-122.785383,43.954944],[-122.785351,43.954944],[-122.78536,43.953784],[-122.78536,43.953764],[-122.784627,43.953765],[-122.7846,43.953765],[-122.784604,43.953233],[-122.784604,43.953216],[-122.783762,43.953217],[-122.782133,43.95322],[-122.780465,43.953221],[-122.780342,43.953222],[-122.780313,43.953222],[-122.778063,43.953225],[-122.777427,43.954147],[-122.77749,43.955291],[-122.777177,43.955446],[-122.775701,43.955759],[-122.775255,43.955764],[-122.775254,43.955787],[-122.775251,43.956848],[-122.775251,43.956855],[-122.775944,43.956856],[-122.775422,43.957839],[-122.774737,43.957979],[-122.774737,43.958365],[-122.777701,43.960492],[-122.777759,43.960492],[-122.777842,43.960492],[-122.777822,43.960531],[-122.777809,43.960572],[-122.777803,43.960614],[-122.777804,43.960656],[-122.777813,43.960697],[-122.777829,43.960737],[-122.777853,43.960776],[-122.777882,43.960812],[-122.778333,43.961139],[-122.778367,43.961168],[-122.778397,43.961199],[-122.778423,43.961232],[-122.778445,43.961266],[-122.778485,43.961355],[-122.778886,43.961264],[-122.779186,43.961568],[-122.779341,43.962471]]]}},{"type":"Feature","properties":{"MAPTAXLOT":"1801350001801","MAPNUMBER":"18013500","TAXLOT":"1801","ACCTNO":"1084779","MAPACRES":47.40867481},"geometry":{"type":"Polygon","coordinates":[[[-122.773825,43.960491],[-122.77524,43.960492],[-122.777701,43.960492],[-122.774737,43.958365],[-122.774737,43.957979],[-122.775422,43.957839],[-122.775944,43.956856],[-122.775251,43.956855],[-122.775251,43.956848],[-122.775254,43.955787],[-122.774944,43.955797],[-122.774783,43.9558],[-122.774621,43.9558],[-122.77446,43.955796],[-122.773828,43.955773],[-122.773631,43.955764],[-122.773434,43.955749],[-122.773239,43.95573],[-122.773044,43.955705],[-122.77285,43.955676],[-122.772659,43.955642],[-122.772247,43.955563],[-122.772159,43.955548],[-122.772069,43.955539],[-122.771978,43.955532],[-122.771896,43.955528],[-122.771813,43.955528],[-122.771731,43.955532],[-122.771649,43.95554],[-122.771568,43.955553],[-122.771523,43.95556],[-122.771507,43.959316],[-122.770368,43.959315],[-122.770362,43.960489],[-122.772263,43.96049],[-122.773387,43.960491],[-122.773825,43.960491]]]}},{"type":"Feature","properties":{"MAPTAXLOT":"1801350001802","MAPNUMBER":"18013500","TAXLOT":"1802","ACCTNO":"1055704","MAPACRES":12.51091703},"geometry":{"type":"Polygon","coordinates":[[[-122.769256,43.960489],[-122.770203,43.960489],[-122.770362,43.960489],[-122.770368,43.959315],[-122.770384,43.955506],[-122.770369,43.955506],[-122.769245,43.955505],[-122.769238,43.957068],[-122.769233,43.958165],[-122.769223,43.960489],[-122.769256,43.960489]]]}},{"type":"Feature","properties":{"MAPTAXLOT":"1801350001803","MAPNUMBER":"18013500","TAXLOT":"1803","ACCTNO":"1182250","MAPACRES":9.48248711},"geometry":{"type":"Polygon","coordinates":[[[-122.770368,43.959315],[-122.771507,43.959316],[-122.771523,43.95556],[-122.771457,43.955566],[-122.771391,43.955568],[-122.771324,43.955566],[-122.770627,43.955515],[-122.770506,43.955509],[-122.770384,43.955506],[-122.770368,43.959315]]]}},{"type":"Feature","properties":{"MAPTAXLOT":"1801350002100","MAPNUMBER":"18013500","TAXLOT":"2100","ACCTNO":"0559441","MAPACRES":21.47686411},"geometry":{"type":"Polygon","coordinates":[[[-122.771415,43.955404],[-122.771464,43.9554],[-122.771513,43.955393],[-122.771609,43.955378],[-122.771707,43.955368],[-122.771805,43.955363],[-122.771904,43.955363],[-122.772002,43.955368],[-122.772093,43.955375],[-122.772165,43.955382],[-122.772236,43.955392],[-122.772306,43.955404],[-122.772717,43.955483],[-122.772901,43.955515],[-122.773087,43.955544],[-122.773274,43.955567],[-122.773462,43.955586],[-122.77365,43.9556],[-122.77384,43.955609],[-122.774471,43.955632],[-122.774625,43.955635],[-122.77478,43.955636],[-122.774934,43.955632],[-122.775256,43.955622],[-122.775256,43.955574],[-122.775258,43.954764],[-122.775259,43.95438],[-122.775261,43.953803],[-122.775262,43.953227],[-122.775413,43.953227],[-122.775413,43.952423],[-122.775413,43.952423],[-122.774718,43.952426],[-122.772969,43.952432],[-122.772969,43.953593],[-122.772855,43.95361],[-122.772742,43.953631],[-122.772631,43.953657],[-122.772522,43.953689],[-122.772417,43.953725],[-122.771842,43.953937],[-122.771792,43.953958],[-122.771746,43.953982],[-122.771703,43.954009],[-122.771663,43.95404],[-122.771628,43.954074],[-122.771598,43.95411],[-122.771574,43.954148],[-122.771554,43.954188],[-122.771541,43.954229],[-122.771533,43.954271],[-122.771532,43.954313],[-122.771545,43.954744],[-122.771545,43.954785],[-122.771541,43.954826],[-122.771534,43.954867],[-122.771415,43.955404]]]}},{"type":"Feature","properties":{"MAPTAXLOT":"1801350002102","MAPNUMBER":"18013500","TAXLOT":"2102","ACCTNO":"1084803","MAPACRES":3.14930755},"geometry":{"type":"Polygon","coordinates":[[[-122.766839,43.955174],[-122.767027,43.955192],[-122.767028,43.954419],[-122.766151,43.954419],[-122.766152,43.954199],[-122.764169,43.954199],[-122.764836,43.95473],[-122.764906,43.954783],[-122.764982,43.954832],[-122.765061,43.954877],[-122.765146,43.954918],[-122.765233,43.954954],[-122.765325,43.954986],[-122.765419,43.955013],[-122.765515,43.955036],[-122.765614,43.955053],[-122.765714,43.955065],[-122.766041,43.955098],[-122.766042,43.954593],[-122.766839,43.954593],[-122.766839,43.955174]]]}},{"type":"Feature","properties":{"MAPTAXLOT":"1801350002103","MAPNUMBER":"18013500","TAXLOT":"2103","ACCTNO":"0559474","MAPACRES":4.92918668},"geometry":{"type":"Polygon","coordinates":[[[-122.763855,43.953565],[-122.763587,43.953695],[-122.764169,43.954199],[-122.766152,43.954199],[-122.766188,43.953196],[-122.765324,43.953193],[-122.765314,43.953193],[-122.765173,43.953197],[-122.765164,43.953197],[-122.764542,43.953196],[-122.764353,43.953196],[-122.763855,43.953565]]]}},{"type":"Feature","properties":{"MAPTAXLOT":"1801350002104","MAPNUMBER":"18013500","TAXLOT":"2104","ACCTNO":"0559482","MAPACRES":0.95394678},"geometry":{"type":"Polygon","coordinates":[[[-122.766041,43.955098],[-122.766839,43.955174],[-122.766839,43.954593],[-122.766042,43.954593],[-122.766041,43.955098]]]}},{"type":"Feature","properties":{"MAPTAXLOT":"1801350002105","MAPNUMBER":"18013500","TAXLOT":"2105","ACCTNO":"0559490","MAPACRES":3.26443188},"geometry":{"type":"Polygon","coordinates":[[[-122.768289,43.957068],[-122.769238,43.957068],[-122.769245,43.955505],[-122.769222,43.955505],[-122.76889,43.95551],[-122.768692,43.955511],[-122.768494,43.955508],[-122.768296,43.955501],[-122.768289,43.957068]]]}},{"type":"Feature","properties":{"MAPTAXLOT":"1801350002107","MAPNUMBER":"18013500","TAXLOT":"2107","ACCTNO":"1132024","MAPACRES":8.26146655},"geometry":{"type":"Polygon","coordinates":[[[-122.766086,43.957066],[-122.768289,43.957068],[-122.768296,43.955501],[-122.768145,43.955493],[-122.767995,43.955483],[-122.767773,43.955396],[-122.767723,43.955393],[-122.76762,43.955388],[-122.767575,43.955386],[-122.766094,43.955263],[-122.766086,43.957066]]]}},{"type":"Feature","properties":{"MAPTAXLOT":"1801350002108","MAPNUMBER":"18013500","TAXLOT":"2108","ACCTNO":"1139227","MAPACRES":5.19070842},"geometry":{"type":"Polygon","coordinates":[[[-122.766152,43.954199],[-122.766151,43.954419],[-122.767028,43.954419],[-122.767027,43.955192],[-122.767681,43.955228],[-122.767673,43.953202],[-122.766188,43.953196],[-122.766152,43.954199]]]}},{"type":"Feature","properties":{"MAPTAXLOT":"1801350002109","MAPNUMBER":"18013500","TAXLOT":"2109","ACCTNO":"1207552","MAPACRES":20.69871329},"geometry":{"type":"Polygon","coordinates":[[[-122.766081,43.958164],[-122.769233,43.958165],[-122.769238,43.957068],[-122.768289,43.957068],[-122.766086,43.957066],[-122.766094,43.955263],[-122.765683,43.955229],[-122.765172,43.955186],[-122.765175,43.955707],[-122.765176,43.955982],[-122.763805,43.955981],[-122.762648,43.95598],[-122.76265,43.957503],[-122.766084,43.957505],[-122.766081,43.958164]]]}},{"type":"Feature","properties":{"MAPTAXLOT":"1801350002110","MAPNUMBER":"18013500","TAXLOT":"2110","ACCTNO":"1207560","MAPACRES":18.98369908},"geometry":{"type":"Polygon","coordinates":[[[-122.765501,43.960486],[-122.769223,43.960489],[-122.769233,43.958165],[-122.766081,43.958164],[-122.766081,43.958218],[-122.765512,43.958218],[-122.765501,43.960486]]]}},{"type":"Feature","properties":{"MAPTAXLOT":"1801350002111","MAPNUMBER":"18013500","TAXLOT":"2111","ACCTNO":"1310539","MAPACRES":0.06886903},"geometry":{"type":"Polygon","coordinates":[[[-122.765512,43.958218],[-122.766081,43.958218],[-122.766081,43.958164],[-122.765512,43.958163],[-122.765512,43.958218]]]}},{"type":"Feature","properties":{"MAPTAXLOT":"1801350002200","MAPNUMBER":"18013500","TAXLOT":"2200","ACCTNO":"0559508","MAPACRES":3.2251476},"geometry":{"type":"Polygon","coordinates":[[[-122.775256,43.955622],[-122.775256,43.955627],[-122.775678,43.955622],[-122.777098,43.955318],[-122.777296,43.95522],[-122.777271,43.954761],[-122.775258,43.954764],[-122.775256,43.955574],[-122.775256,43.955622]]]}},{"type":"Feature","properties":{"MAPTAXLOT":"1801350002201","MAPNUMBER":"18013500","TAXLOT":"2201","ACCTNO":"0559516","MAPACRES":3.0395598},"geometry":{"type":"Polygon","coordinates":[[[-122.775261,43.953803],[-122.777455,43.953801],[-122.777855,43.953225],[-122.775413,43.953227],[-122.775262,43.953227],[-122.775261,43.953803]]]}},{"type":"Feature","properties":{"MAPTAXLOT":"1801350002202","MAPNUMBER":"18013500","TAXLOT":"2202","ACCTNO":"1003449","MAPACRES":2.71159778},"geometry":{"type":"Polygon","coordinates":[[[-122.776208,43.954432],[-122.777253,43.95443],[-122.777235,43.954117],[-122.777455,43.953801],[-122.775261,43.953803],[-122.775259,43.95438],[-122.776208,43.954378],[-122.776208,43.954432]]]}},{"type":"Feature","properties":{"MAPTAXLOT":"1801350002203","MAPNUMBER":"18013500","TAXLOT":"2203","ACCTNO":"1108453","MAPACRES":1.57188662},"geometry":{"type":"Polygon","coordinates":[[[-122.775258,43.954764],[-122.777271,43.954761],[-122.777253,43.95443],[-122.776208,43.954432],[-122.776208,43.954378],[-122.775259,43.95438],[-122.775258,43.954764]]]}},{"type":"Feature","properties":{"MAPTAXLOT":"1801350002300","MAPNUMBER":"18013500","TAXLOT":"2300","ACCTNO":"1856879","MAPACRES":17.50222956},"geometry":{"type":"Polygon","coordinates":[[[-122.767681,43.955228],[-122.76789,43.95524],[-122.768022,43.955292],[-122.768237,43.955306],[-122.768453,43.955314],[-122.768669,43.955318],[-122.768885,43.955318],[-122.769222,43.955313],[-122.769222,43.95534],[-122.770369,43.955342],[-122.770509,43.955344],[-122.770649,43.955352],[-122.771346,43.955402],[-122.771381,43.955404],[-122.771415,43.955404],[-122.771534,43.954867],[-122.771541,43.954826],[-122.771545,43.954785],[-122.771545,43.954744],[-122.771532,43.954313],[-122.771533,43.954271],[-122.771541,43.954229],[-122.771554,43.954188],[-122.771574,43.954148],[-122.771598,43.95411],[-122.771628,43.954074],[-122.771663,43.95404],[-122.771703,43.954009],[-122.771159,43.953596],[-122.770881,43.953213],[-122.767673,43.953202],[-122.767681,43.955228]]]}},{"type":"Feature","properties":{"MAPTAXLOT":"1801360000066","MAPNUMBER":"18013600","TAXLOT":"66","ACCTNO":"000None","MAPACRES":126.03498228},"geometry":{"type":"Polygon","coordinates":[[[-122.753341,43.957898],[-122.75553,43.95815],[-122.756751,43.957925],[-122.75733,43.957269],[-122.757228,43.956545],[-122.756789,43.95584],[-122.756851,43.955149],[-122.75771,43.954841],[-122.759796,43.954884],[-122.761021,43.954772],[-122.76214,43.954395],[-122.762645,43.954151],[-122.763364,43.953803],[-122.763587,43.953695],[-122.763855,43.953565],[-122.764353,43.953196],[-122.763692,43.953194],[-122.763194,43.953193],[-122.760271,43.953188],[-122.760121,43.953188],[-122.756499,43.953181],[-122.75607,43.953173],[-122.748015,43.953167],[-122.747689,43.953015],[-122.746861,43.952932],[-122.746036,43.952908],[-122.7454,43.952762],[-122.745027,43.952887],[-122.745026,43.952965],[-122.745007,43.954],[-122.745002,43.954267],[-122.744986,43.955132],[-122.746256,43.95511],[-122.747019,43.956027],[-122.749458,43.95664],[-122.749568,43.956669],[-122.749676,43.956703],[-122.749781,43.95674],[-122.749884,43.956782],[-122.749984,43.956827],[-122.75008,43.956875],[-122.750173,43.956927],[-122.750262,43.956982],[-122.751719,43.957941],[-122.752911,43.957881],[-122.753341,43.957898]]]}},{"type":"Feature","properties":{"MAPTAXLOT":"1801360000500","MAPNUMBER":"18013600","TAXLOT":"500","ACCTNO":"0559565","MAPACRES":320.5905461},"geometry":{"type":"Polygon","coordinates":[[[-122.745043,43.96402],[-122.745044,43.96402],[-122.750045,43.964043],[-122.755063,43.964065],[-122.760109,43.964087],[-122.76011,43.964087],[-122.765176,43.964109],[-122.765195,43.960486],[-122.762655,43.960475],[-122.76265,43.957503],[-122.762648,43.95598],[-122.762647,43.955706],[-122.762646,43.954844],[-122.762645,43.954151],[-122.76214,43.954395],[-122.761021,43.954772],[-122.759796,43.954884],[-122.75771,43.954841],[-122.756851,43.955149],[-122.756789,43.95584],[-122.757228,43.956545],[-122.75733,43.957269],[-122.756751,43.957925],[-122.75553,43.95815],[-122.753341,43.957898],[-122.752911,43.957881],[-122.751719,43.957941],[-122.750262,43.956982],[-122.750173,43.956927],[-122.75008,43.956875],[-122.749984,43.956827],[-122.749884,43.956782],[-122.749781,43.95674],[-122.749676,43.956703],[-122.749568,43.956669],[-122.749458,43.95664],[-122.747019,43.956027],[-122.746256,43.95511],[-122.744986,43.955132],[-122.744986,43.955159],[-122.745002,43.956777],[-122.745021,43.958589],[-122.74504,43.960402],[-122.745043,43.964014],[-122.745043,43.96402]]]}},{"type":"Feature","properties":{"MAPTAXLOT":"1801360000600","MAPNUMBER":"18013600","TAXLOT":"600","ACCTNO":"0559581","MAPACRES":2.7849927},"geometry":{"type":"Polygon","coordinates":[[[-122.763906,43.955012],[-122.763805,43.955981],[-122.765176,43.955982],[-122.765175,43.955707],[-122.765172,43.955186],[-122.765093,43.955179],[-122.764838,43.954977],[-122.763906,43.955012]]]}},{"type":"Feature","properties":{"MAPTAXLOT":"1801360000601","MAPNUMBER":"18013600","TAXLOT":"601","ACCTNO":"1060936","MAPACRES":3.39333424},"geometry":{"type":"Polygon","coordinates":[[[-122.762646,43.954844],[-122.763906,43.955012],[-122.764838,43.954977],[-122.763364,43.953803],[-122.762645,43.954151],[-122.762646,43.954844]]]}},{"type":"Feature","properties":{"MAPTAXLOT":"1801360000602","MAPNUMBER":"18013600","TAXLOT":"602","ACCTNO":"1060951","MAPACRES":2.8105871},"geometry":{"type":"Polygon","coordinates":[[[-122.762647,43.955706],[-122.762648,43.95598],[-122.763805,43.955981],[-122.763906,43.955012],[-122.762646,43.954844],[-122.762647,43.955706]]]}},{"type":"Feature","properties":{"MAPTAXLOT":"1801360000700","MAPNUMBER":"18013600","TAXLOT":"700","ACCTNO":"1207578","MAPACRES":19.56323712},"geometry":{"type":"Polygon","coordinates":[[[-122.765195,43.960486],[-122.765501,43.960486],[-122.765512,43.958218],[-122.765512,43.958163],[-122.766081,43.958164],[-122.766084,43.957505],[-122.76265,43.957503],[-122.762655,43.960475],[-122.765195,43.960486]]]}},{"type":"Feature","properties":{"MAPTAXLOT":"1815310000033","MAPNUMBER":"18153100","TAXLOT":"33","ACCTNO":"000None","MAPACRES":142.0627279},"geometry":{"type":"Polygon","coordinates":[[[-122.730024,43.959369],[-122.734986,43.959412],[-122.73499,43.958509],[-122.739996,43.958549],[-122.740839,43.958556],[-122.742508,43.95857],[-122.742501,43.957184],[-122.742498,43.956759],[-122.743008,43.956763],[-122.743005,43.956203],[-122.743975,43.955149],[-122.744985,43.955132],[-122.744986,43.955132],[-122.745002,43.954267],[-122.745007,43.954],[-122.745026,43.952965],[-122.745027,43.952887],[-122.744391,43.953065],[-122.74419,43.953113],[-122.743987,43.953157],[-122.743783,43.953197],[-122.743578,43.953234],[-122.74304,43.953541],[-122.742477,43.953909],[-122.742047,43.954156],[-122.741475,43.954286],[-122.741399,43.954446],[-122.741339,43.954587],[-122.741273,43.954728],[-122.7412,43.954866],[-122.741121,43.955003],[-122.741036,43.955138],[-122.740945,43.95527],[-122.740848,43.955401],[-122.740745,43.955529],[-122.740636,43.955654],[-122.740522,43.955777],[-122.740402,43.955897],[-122.740276,43.956015],[-122.740447,43.95617],[-122.740324,43.956339],[-122.740352,43.956568],[-122.740126,43.956561],[-122.739956,43.956259],[-122.739885,43.956243],[-122.739817,43.956223],[-122.739752,43.956198],[-122.739691,43.956168],[-122.739634,43.956134],[-122.739581,43.956097],[-122.739534,43.956056],[-122.739493,43.956012],[-122.739457,43.955965],[-122.739428,43.955916],[-122.739406,43.955866],[-122.73939,43.955813],[-122.73931,43.955777],[-122.739233,43.955738],[-122.739161,43.955694],[-122.739092,43.955647],[-122.739028,43.955597],[-122.738969,43.955544],[-122.738048,43.955165],[-122.736868,43.955168],[-122.736708,43.95529],[-122.736628,43.955371],[-122.736353,43.955356],[-122.736265,43.9552],[-122.736257,43.954981],[-122.736085,43.954786],[-122.735836,43.954732],[-122.735511,43.954837],[-122.735184,43.954923],[-122.734991,43.954907],[-122.734628,43.954735],[-122.734238,43.954564],[-122.733932,43.954471],[-122.73369,43.954614],[-122.733417,43.95464],[-122.733118,43.954725],[-122.732935,43.954966],[-122.732811,43.955345],[-122.732632,43.955706],[-122.732424,43.956007],[-122.732129,43.956211],[-122.73192,43.956493],[-122.731961,43.956869],[-122.73181,43.957229],[-122.731456,43.957315],[-122.731605,43.956876],[-122.731428,43.956562],[-122.731172,43.956309],[-122.731168,43.95619],[-122.730999,43.956094],[-122.730785,43.956079],[-122.73056,43.955944],[-122.730473,43.955807],[-122.73027,43.955533],[-122.730182,43.955376],[-122.729982,43.955162],[-122.72961,43.954753],[-122.729396,43.954915],[-122.729236,43.955037],[-122.729189,43.955237],[-122.729029,43.955379],[-122.728786,43.955482],[-122.728434,43.955608],[-122.728356,43.955729],[-122.728172,43.95595],[-122.727813,43.955898],[-122.727424,43.955786],[-122.726847,43.955777],[-122.726271,43.955769],[-122.725834,43.955837],[-122.725422,43.955845],[-122.72506,43.955694],[-122.725058,43.956586],[-122.725058,43.956797],[-122.725057,43.957182],[-122.725054,43.958427],[-122.730026,43.958468],[-122.730024,43.959369]]]}},{"type":"Feature","properties":{"MAPTAXLOT":"1815310000066","MAPNUMBER":"18153100","TAXLOT":"66","ACCTNO":"000None","MAPACRES":91.67096464},"geometry":{"type":"Polygon","coordinates":[[[-122.72506,43.955694],[-122.725422,43.955845],[-122.725834,43.955837],[-122.726271,43.955769],[-122.726847,43.955777],[-122.727424,43.955786],[-122.727813,43.955898],[-122.728172,43.95595],[-122.728356,43.955729],[-122.728434,43.955608],[-122.728786,43.955482],[-122.729029,43.955379],[-122.729189,43.955237],[-122.729236,43.955037],[-122.729396,43.954915],[-122.72961,43.954753],[-122.729982,43.955162],[-122.730182,43.955376],[-122.73027,43.955533],[-122.730473,43.955807],[-122.73056,43.955944],[-122.730785,43.956079],[-122.730999,43.956094],[-122.731168,43.95619],[-122.731172,43.956309],[-122.731428,43.956562],[-122.731605,43.956876],[-122.731456,43.957315],[-122.73181,43.957229],[-122.731961,43.956869],[-122.73192,43.956493],[-122.732129,43.956211],[-122.732424,43.956007],[-122.732632,43.955706],[-122.732811,43.955345],[-122.732935,43.954966],[-122.733118,43.954725],[-122.733417,43.95464],[-122.73369,43.954614],[-122.733932,43.954471],[-122.734238,43.954564],[-122.734628,43.954735],[-122.734991,43.954907],[-122.735184,43.954923],[-122.735511,43.954837],[-122.735836,43.954732],[-122.736085,43.954786],[-122.736257,43.954981],[-122.736265,43.9552],[-122.736353,43.955356],[-122.736628,43.955371],[-122.736708,43.95529],[-122.736868,43.955168],[-122.738048,43.955165],[-122.738969,43.955544],[-122.739028,43.955597],[-122.739092,43.955647],[-122.739161,43.955694],[-122.739233,43.955738],[-122.73931,43.955777],[-122.73939,43.955813],[-122.739406,43.955866],[-122.739428,43.955916],[-122.739457,43.955965],[-122.739493,43.956012],[-122.739534,43.956056],[-122.739581,43.956097],[-122.739634,43.956134],[-122.739691,43.956168],[-122.739752,43.956198],[-122.739817,43.956223],[-122.739885,43.956243],[-122.739956,43.956259],[-122.740126,43.956561],[-122.740352,43.956568],[-122.740324,43.956339],[-122.740447,43.95617],[-122.740276,43.956015],[-122.740402,43.955897],[-122.740522,43.955777],[-122.740636,43.955654],[-122.740745,43.955529],[-122.740848,43.955401],[-122.740945,43.95527],[-122.741036,43.955138],[-122.741121,43.955003],[-122.7412,43.954866],[-122.741273,43.954728],[-122.741339,43.954587],[-122.741399,43.954446],[-122.741475,43.954286],[-122.742047,43.954156],[-122.742477,43.953909],[-122.74304,43.953541],[-122.743578,43.953234],[-122.743783,43.953197],[-122.743987,43.953157],[-122.74419,43.953113],[-122.744391,43.953065],[-122.743237,43.953068],[-122.725217,43.953037],[-122.725066,43.953037],[-122.72506,43.955694]]]}},{"type":"Feature","properties":{"MAPTAXLOT":"1815310000200","MAPNUMBER":"18153100","TAXLOT":"200","ACCTNO":"0808947","MAPACRES":319.58691188},"geometry":{"type":"Polygon","coordinates":[[[-122.740005,43.967621],[-122.745047,43.967643],[-122.745043,43.964022],[-122.745043,43.96402],[-122.745043,43.964014],[-122.74504,43.960402],[-122.745021,43.958589],[-122.745002,43.956777],[-122.743011,43.956763],[-122.743008,43.956763],[-122.742498,43.956759],[-122.742501,43.957184],[-122.742508,43.95857],[-122.740839,43.958556],[-122.739996,43.958549],[-122.73499,43.958509],[-122.734986,43.959412],[-122.730024,43.959369],[-122.730026,43.958468],[-122.725054,43.958427],[-122.72505,43.960224],[-122.725049,43.963818],[-122.730011,43.963869],[-122.734351,43.963913],[-122.734968,43.96392],[-122.734954,43.9676],[-122.740005,43.967621]]]}},{"type":"Feature","properties":{"MAPTAXLOT":"1815310000300","MAPNUMBER":"18153100","TAXLOT":"300","ACCTNO":"1569894","MAPACRES":5.99571961},"geometry":{"type":"Polygon","coordinates":[[[-122.743005,43.956203],[-122.743008,43.956763],[-122.743011,43.956763],[-122.745002,43.956777],[-122.744986,43.955159],[-122.744986,43.955132],[-122.744985,43.955132],[-122.743975,43.955149],[-122.743005,43.956203]]]}},{"type":"Feature","properties":{"MAPTAXLOT":"1901000000103","MAPNUMBER":"19010000","TAXLOT":"103","ACCTNO":"1005162","MAPACRES":17.42772496},"geometry":{"type":"Polygon","coordinates":[[[-122.745013,43.895478],[-122.747289,43.89549],[-122.747325,43.892102],[-122.745028,43.891956],[-122.745022,43.893335],[-122.745017,43.894627],[-122.745013,43.895478]]]}},{"type":"Feature","properties":{"MAPTAXLOT":"1901000000200","MAPNUMBER":"19010000","TAXLOT":"200","ACCTNO":"0810281","MAPACRES":563.89251698},"geometry":{"type":"Polygon","coordinates":[[[-122.760204,43.895557],[-122.765267,43.895582],[-122.765297,43.892016],[-122.765326,43.888449],[-122.765356,43.884883],[-122.765386,43.881318],[-122.760296,43.881334],[-122.755207,43.88135],[-122.750119,43.881368],[-122.747306,43.881377],[-122.747309,43.883545],[-122.747311,43.884588],[-122.747314,43.886214],[-122.747325,43.892102],[-122.747289,43.89549],[-122.750077,43.895504],[-122.755141,43.895531],[-122.760204,43.895557]]]}},{"type":"Feature","properties":{"MAPTAXLOT":"1901000000300","MAPNUMBER":"19010000","TAXLOT":"300","ACCTNO":"0810299","MAPACRES":607.01158253},"geometry":{"type":"Polygon","coordinates":[[[-122.780699,43.895575],[-122.785842,43.895571],[-122.78586,43.891985],[-122.785878,43.888399],[-122.785894,43.884812],[-122.780753,43.88483],[-122.78077,43.881272],[-122.775629,43.881318],[-122.765386,43.881318],[-122.765356,43.884883],[-122.765326,43.888449],[-122.765297,43.892016],[-122.765267,43.895582],[-122.770412,43.89558],[-122.775556,43.895578],[-122.780699,43.895575]]]}},{"type":"Feature","properties":{"MAPTAXLOT":"1901000000500","MAPNUMBER":"19010000","TAXLOT":"500","ACCTNO":"0810315","MAPACRES":560.15832063},"geometry":{"type":"Polygon","coordinates":[[[-122.785894,43.884812],[-122.785878,43.888399],[-122.78586,43.891985],[-122.785842,43.895571],[-122.796069,43.895028],[-122.798754,43.895033],[-122.798756,43.893579],[-122.79876,43.889972],[-122.80601,43.890025],[-122.806008,43.88778],[-122.806007,43.887656],[-122.806004,43.884147],[-122.806004,43.883864],[-122.806,43.880513],[-122.800957,43.880562],[-122.795914,43.88061],[-122.790913,43.880918],[-122.785912,43.881225],[-122.785894,43.884812]]]}},{"type":"Feature","properties":{"MAPTAXLOT":"1901000000701","MAPNUMBER":"19010000","TAXLOT":"701","ACCTNO":"0810364","MAPACRES":83.28919227},"geometry":{"type":"Polygon","coordinates":[[[-122.810023,43.894903],[-122.810441,43.895062],[-122.809628,43.894171],[-122.808623,43.892936],[-122.807962,43.892595],[-122.807363,43.891316],[-122.806821,43.890637],[-122.80602,43.890418],[-122.80601,43.89003],[-122.80601,43.89003],[-122.80601,43.890026],[-122.80601,43.890025],[-122.79876,43.889972],[-122.798756,43.893579],[-122.804354,43.893577],[-122.804352,43.894649],[-122.80604,43.894758],[-122.807918,43.894878],[-122.808862,43.894621],[-122.808883,43.894563],[-122.8089,43.894563],[-122.808976,43.894566],[-122.809051,43.894574],[-122.809125,43.894585],[-122.809198,43.8946],[-122.809269,43.89462],[-122.809338,43.894643],[-122.810023,43.894903]]]}},{"type":"Feature","properties":{"MAPTAXLOT":"1901010000033","MAPNUMBER":"19010100","TAXLOT":"33","ACCTNO":"000None","MAPACRES":282.58582738},"geometry":{"type":"Polygon","coordinates":[[[-122.756499,43.953181],[-122.760121,43.953188],[-122.760271,43.953188],[-122.763194,43.953193],[-122.76347,43.95306],[-122.763559,43.953014],[-122.763644,43.952965],[-122.763724,43.952911],[-122.7638,43.952855],[-122.763871,43.952795],[-122.763937,43.952732],[-122.763997,43.952666],[-122.764052,43.952598],[-122.764101,43.952528],[-122.764143,43.952456],[-122.76418,43.952381],[-122.764211,43.952306],[-122.764235,43.952229],[-122.765094,43.949031],[-122.765123,43.948913],[-122.765146,43.948795],[-122.765164,43.948677],[-122.765177,43.948558],[-122.765511,43.944609],[-122.765521,43.944525],[-122.765536,43.944441],[-122.765557,43.944358],[-122.765582,43.944275],[-122.765613,43.944194],[-122.765649,43.944113],[-122.766078,43.943225],[-122.766109,43.94317],[-122.766145,43.943117],[-122.766187,43.943066],[-122.766234,43.943018],[-122.766287,43.942973],[-122.766345,43.942931],[-122.766407,43.942893],[-122.766473,43.942858],[-122.766511,43.942837],[-122.766544,43.942813],[-122.766574,43.942787],[-122.766599,43.942758],[-122.76662,43.942727],[-122.766635,43.942695],[-122.766644,43.942664],[-122.766648,43.942632],[-122.766648,43.9426],[-122.766603,43.941426],[-122.766597,43.941365],[-122.766584,43.941305],[-122.766564,43.941245],[-122.766536,43.941188],[-122.766502,43.941132],[-122.766496,43.941122],[-122.766495,43.941121],[-122.766494,43.94112],[-122.766494,43.94112],[-122.766494,43.94112],[-122.766494,43.941119],[-122.766494,43.941119],[-122.766493,43.941118],[-122.766492,43.941117],[-122.766492,43.941117],[-122.766492,43.941117],[-122.766491,43.941115],[-122.766489,43.941113],[-122.766488,43.941112],[-122.766487,43.94111],[-122.766485,43.941108],[-122.766484,43.941106],[-122.76648,43.941101],[-122.766479,43.9411],[-122.766472,43.94109],[-122.766471,43.941089],[-122.766463,43.94108],[-122.766459,43.941075],[-122.766459,43.941075],[-122.766459,43.941075],[-122.766459,43.941075],[-122.766459,43.941074],[-122.766457,43.941073],[-122.766456,43.941072],[-122.766455,43.94107],[-122.766454,43.94107],[-122.766453,43.941068],[-122.766453,43.941067],[-122.766451,43.941066],[-122.766451,43.941066],[-122.766449,43.941064],[-122.766446,43.94106],[-122.766445,43.941059],[-122.766444,43.941058],[-122.766436,43.941049],[-122.766435,43.941048],[-122.766426,43.941039],[-122.766425,43.941038],[-122.766416,43.941029],[-122.766415,43.941028],[-122.766406,43.941019],[-122.766405,43.941018],[-122.766404,43.941017],[-122.766399,43.941012],[-122.766399,43.941012],[-122.766398,43.941011],[-122.766396,43.94101],[-122.766396,43.941009],[-122.766394,43.941008],[-122.766385,43.940999],[-122.766384,43.940998],[-122.766383,43.940998],[-122.766381,43.940995],[-122.76638,43.940995],[-122.76638,43.940995],[-122.766375,43.940991],[-122.766375,43.940991],[-122.766374,43.94099],[-122.766371,43.940987],[-122.766368,43.940985],[-122.766366,43.940983],[-122.766365,43.940982],[-122.766364,43.940981],[-122.766362,43.940979],[-122.766352,43.940971],[-122.766293,43.940928],[-122.766229,43.940888],[-122.766161,43.940853],[-122.766088,43.940822],[-122.766013,43.940795],[-122.765934,43.940773],[-122.765853,43.940757],[-122.76577,43.940745],[-122.765687,43.940738],[-122.765603,43.940737],[-122.765532,43.94074],[-122.765462,43.940747],[-122.765393,43.940757],[-122.765324,43.940771],[-122.764253,43.941019],[-122.764165,43.941037],[-122.764074,43.94105],[-122.763983,43.941059],[-122.763891,43.941063],[-122.763799,43.941062],[-122.762432,43.941015],[-122.762325,43.941009],[-122.762218,43.940998],[-122.762113,43.940982],[-122.762009,43.940962],[-122.761907,43.940937],[-122.761808,43.940908],[-122.761711,43.940874],[-122.761617,43.940836],[-122.761527,43.940794],[-122.76144,43.940748],[-122.761358,43.940698],[-122.76128,43.940644],[-122.760428,43.940024],[-122.760368,43.939983],[-122.760303,43.939946],[-122.760234,43.939914],[-122.760161,43.939885],[-122.760085,43.939862],[-122.760007,43.939842],[-122.759927,43.939828],[-122.759846,43.939819],[-122.759763,43.939814],[-122.759681,43.939815],[-122.759599,43.939821],[-122.759518,43.939831],[-122.758069,43.940066],[-122.758027,43.939932],[-122.757447,43.940026],[-122.757334,43.940042],[-122.75722,43.940053],[-122.757106,43.940059],[-122.756991,43.940061],[-122.756876,43.940058],[-122.756761,43.94005],[-122.756647,43.940037],[-122.756535,43.94002],[-122.756424,43.939998],[-122.756315,43.939971],[-122.756208,43.93994],[-122.756104,43.939905],[-122.756003,43.939865],[-122.755905,43.939821],[-122.755811,43.939773],[-122.755257,43.939475],[-122.755143,43.939585],[-122.754736,43.939365],[-122.754631,43.939305],[-122.754529,43.939243],[-122.754431,43.939177],[-122.754338,43.939108],[-122.754248,43.939037],[-122.75387,43.938721],[-122.753828,43.93869],[-122.753781,43.938662],[-122.75373,43.938639],[-122.753675,43.938619],[-122.753618,43.938605],[-122.753559,43.938595],[-122.753499,43.93859],[-122.753438,43.938591],[-122.753378,43.938596],[-122.753319,43.938606],[-122.753262,43.938621],[-122.753208,43.938641],[-122.753157,43.938665],[-122.75296,43.938771],[-122.75289,43.938806],[-122.752816,43.938837],[-122.752739,43.938864],[-122.75266,43.938887],[-122.752579,43.938906],[-122.752496,43.93892],[-122.752412,43.93893],[-122.752327,43.938935],[-122.752242,43.938936],[-122.751415,43.938921],[-122.751347,43.938922],[-122.751279,43.938927],[-122.751212,43.938936],[-122.751146,43.938948],[-122.751082,43.938965],[-122.75102,43.938986],[-122.750075,43.939331],[-122.74998,43.939364],[-122.749881,43.939391],[-122.749781,43.939414],[-122.749678,43.939432],[-122.749574,43.939445],[-122.749469,43.939453],[-122.749363,43.939456],[-122.749258,43.939453],[-122.749153,43.939446],[-122.749049,43.939434],[-122.748946,43.939417],[-122.748845,43.939394],[-122.748746,43.939368],[-122.74865,43.939336],[-122.748557,43.9393],[-122.74564,43.938073],[-122.745556,43.938036],[-122.745475,43.937995],[-122.745398,43.937951],[-122.745324,43.937903],[-122.745254,43.937853],[-122.745255,43.938043],[-122.745257,43.93857],[-122.745252,43.939086],[-122.745404,43.939137],[-122.745592,43.939345],[-122.746188,43.939626],[-122.74653,43.939733],[-122.747103,43.940014],[-122.747449,43.940219],[-122.747545,43.94038],[-122.747327,43.940563],[-122.747019,43.940764],[-122.746663,43.940901],[-122.746444,43.941068],[-122.746475,43.941295],[-122.746514,43.941717],[-122.746664,43.94212],[-122.746831,43.942377],[-122.747059,43.942438],[-122.747372,43.942383],[-122.747461,43.942365],[-122.747749,43.942213],[-122.748193,43.942042],[-122.748662,43.941935],[-122.749032,43.941911],[-122.749619,43.941932],[-122.75014,43.942003],[-122.750659,43.942026],[-122.751131,43.942],[-122.751645,43.941893],[-122.752163,43.941882],[-122.752362,43.941797],[-122.752731,43.941416],[-122.752967,43.941086],[-122.753001,43.940809],[-122.752925,43.940567],[-122.752712,43.940295],[-122.752604,43.939826],[-122.752483,43.9396],[-122.752277,43.939507],[-122.752227,43.939378],[-122.752292,43.939295],[-122.752675,43.939288],[-122.753036,43.939313],[-122.753307,43.93934],[-122.753602,43.9394],[-122.753789,43.939575],[-122.754226,43.93981],[-122.754545,43.939918],[-122.754958,43.940104],[-122.755275,43.940163],[-122.755544,43.940109],[-122.755862,43.940201],[-122.756159,43.940292],[-122.756497,43.940302],[-122.756947,43.940293],[-122.757169,43.940191],[-122.757483,43.940169],[-122.757844,43.941983],[-122.757326,43.943841],[-122.756781,43.946128],[-122.756733,43.946258],[-122.756692,43.946389],[-122.756657,43.946521],[-122.756628,43.946654],[-122.756605,43.946787],[-122.756588,43.946921],[-122.756577,43.947055],[-122.756572,43.947189],[-122.756499,43.953181]]]}},{"type":"Feature","properties":{"MAPTAXLOT":"1901010000066","MAPNUMBER":"19010100","TAXLOT":"66","ACCTNO":"000None","MAPACRES":317.57319103},"geometry":{"type":"Polygon","coordinates":[[[-122.75607,43.953173],[-122.756499,43.953181],[-122.756572,43.947189],[-122.756577,43.947055],[-122.756588,43.946921],[-122.756605,43.946787],[-122.756628,43.946654],[-122.756657,43.946521],[-122.756692,43.946389],[-122.756733,43.946258],[-122.756781,43.946128],[-122.757326,43.943841],[-122.757844,43.941983],[-122.757483,43.940169],[-122.757169,43.940191],[-122.756947,43.940293],[-122.756497,43.940302],[-122.756159,43.940292],[-122.755862,43.940201],[-122.755544,43.940109],[-122.755275,43.940163],[-122.754958,43.940104],[-122.754545,43.939918],[-122.754226,43.93981],[-122.753789,43.939575],[-122.753602,43.9394],[-122.753307,43.93934],[-122.753036,43.939313],[-122.752675,43.939288],[-122.752292,43.939295],[-122.752227,43.939378],[-122.752277,43.939507],[-122.752483,43.9396],[-122.752604,43.939826],[-122.752712,43.940295],[-122.752925,43.940567],[-122.753001,43.940809],[-122.752967,43.941086],[-122.752731,43.941416],[-122.752362,43.941797],[-122.752163,43.941882],[-122.751645,43.941893],[-122.751131,43.942],[-122.750659,43.942026],[-122.75014,43.942003],[-122.749619,43.941932],[-122.749032,43.941911],[-122.748662,43.941935],[-122.748193,43.942042],[-122.747749,43.942213],[-122.747461,43.942365],[-122.747372,43.942383],[-122.747059,43.942438],[-122.746831,43.942377],[-122.746664,43.94212],[-122.746514,43.941717],[-122.746475,43.941295],[-122.746444,43.941068],[-122.746663,43.940901],[-122.747019,43.940764],[-122.747327,43.940563],[-122.747545,43.94038],[-122.747449,43.940219],[-122.747103,43.940014],[-122.74653,43.939733],[-122.746188,43.939626],[-122.745592,43.939345],[-122.745404,43.939137],[-122.745252,43.939086],[-122.745614,43.939649],[-122.745272,43.939386],[-122.74527,43.939384],[-122.745236,43.939317],[-122.745246,43.939905],[-122.745027,43.952887],[-122.7454,43.952762],[-122.746036,43.952908],[-122.746861,43.952932],[-122.747689,43.953015],[-122.748015,43.953167],[-122.75607,43.953173]]]}},{"type":"Feature","properties":{"MAPTAXLOT":"1901010000077","MAPNUMBER":"19010100","TAXLOT":"77","ACCTNO":"000None","MAPACRES":51.88276633},"geometry":{"type":"MultiPolygon","coordinates":[[[[-122.765603,43.940737],[-122.765687,43.940738],[-122.76577,43.940745],[-122.765853,43.940757],[-122.765934,43.940773],[-122.766013,43.940795],[-122.766088,43.940822],[-122.766161,43.940853],[-122.766229,43.940888],[-122.766293,43.940928],[-122.766352,43.940971],[-122.766354,43.940973],[-122.766354,43.940973],[-122.766356,43.940975],[-122.766357,43.940975],[-122.766357,43.940976],[-122.766359,43.940977],[-122.76636,43.940978],[-122.766362,43.940979],[-122.766368,43.940985],[-122.766371,43.940987],[-122.766374,43.94099],[-122.766375,43.940991],[-122.766375,43.940991],[-122.76638,43.940995],[-122.76638,43.940995],[-122.766381,43.940995],[-122.766383,43.940998],[-122.766384,43.940998],[-122.766385,43.940999],[-122.766387,43.941001],[-122.766387,43.941002],[-122.766389,43.941003],[-122.76639,43.941004],[-122.76639,43.941004],[-122.766392,43.941006],[-122.766392,43.941006],[-122.766394,43.941008],[-122.766396,43.941009],[-122.766396,43.94101],[-122.766398,43.941011],[-122.766399,43.941012],[-122.766399,43.941012],[-122.766404,43.941017],[-122.766405,43.941018],[-122.766406,43.941019],[-122.766415,43.941028],[-122.766416,43.941029],[-122.766425,43.941038],[-122.766426,43.941039],[-122.766435,43.941048],[-122.766436,43.941049],[-122.766444,43.941058],[-122.766445,43.941059],[-122.766446,43.94106],[-122.766449,43.941064],[-122.766451,43.941066],[-122.766451,43.941066],[-122.766453,43.941067],[-122.766453,43.941068],[-122.766454,43.94107],[-122.765343,43.939666],[-122.762062,43.940068],[-122.760553,43.939332],[-122.760553,43.939332],[-122.759074,43.939194],[-122.759074,43.939194],[-122.756243,43.939486],[-122.756243,43.939486],[-122.755343,43.938892],[-122.755343,43.938892],[-122.754196,43.93796],[-122.754196,43.93796],[-122.753086,43.937858],[-122.753086,43.937858],[-122.752396,43.938393],[-122.751027,43.938364],[-122.749734,43.938848],[-122.748943,43.938825],[-122.746028,43.937599],[-122.746028,43.937599],[-122.745663,43.937331],[-122.745254,43.937853],[-122.745324,43.937903],[-122.745398,43.937951],[-122.745475,43.937995],[-122.745556,43.938036],[-122.74564,43.938073],[-122.748557,43.9393],[-122.74865,43.939336],[-122.748746,43.939368],[-122.748845,43.939394],[-122.748946,43.939417],[-122.749049,43.939434],[-122.749153,43.939446],[-122.749258,43.939453],[-122.749363,43.939456],[-122.749469,43.939453],[-122.749574,43.939445],[-122.749678,43.939432],[-122.749781,43.939414],[-122.749881,43.939391],[-122.74998,43.939364],[-122.750075,43.939331],[-122.75102,43.938986],[-122.751082,43.938965],[-122.751146,43.938948],[-122.751212,43.938936],[-122.751279,43.938927],[-122.751347,43.938922],[-122.751415,43.938921],[-122.752242,43.938936],[-122.752327,43.938935],[-122.752412,43.93893],[-122.752496,43.93892],[-122.752579,43.938906],[-122.75266,43.938887],[-122.752739,43.938864],[-122.752816,43.938837],[-122.75289,43.938806],[-122.75296,43.938771],[-122.753157,43.938665],[-122.753208,43.938641],[-122.753262,43.938621],[-122.753319,43.938606],[-122.753378,43.938596],[-122.753438,43.938591],[-122.753499,43.93859],[-122.753559,43.938595],[-122.753618,43.938605],[-122.753675,43.938619],[-122.75373,43.938639],[-122.753781,43.938662],[-122.753828,43.93869],[-122.75387,43.938721],[-122.754248,43.939037],[-122.754338,43.939108],[-122.754431,43.939177],[-122.754529,43.939243],[-122.754631,43.939305],[-122.754736,43.939365],[-122.755143,43.939585],[-122.755257,43.939475],[-122.755811,43.939773],[-122.755905,43.939821],[-122.756003,43.939865],[-122.756104,43.939905],[-122.756208,43.93994],[-122.756315,43.939971],[-122.756424,43.939998],[-122.756535,43.94002],[-122.756647,43.940037],[-122.756761,43.94005],[-122.756876,43.940058],[-122.756991,43.940061],[-122.757106,43.940059],[-122.75722,43.940053],[-122.757334,43.940042],[-122.757447,43.940026],[-122.758027,43.939932],[-122.758069,43.940066],[-122.759518,43.939831],[-122.759599,43.939821],[-122.759681,43.939815],[-122.759763,43.939814],[-122.759846,43.939819],[-122.759927,43.939828],[-122.760007,43.939842],[-122.760085,43.939862],[-122.760161,43.939885],[-122.760234,43.939914],[-122.760303,43.939946],[-122.760368,43.939983],[-122.760428,43.940024],[-122.76128,43.940644],[-122.761358,43.940698],[-122.76144,43.940748],[-122.761527,43.940794],[-122.761617,43.940836],[-122.761711,43.940874],[-122.761808,43.940908],[-122.761907,43.940937],[-122.762009,43.940962],[-122.762113,43.940982],[-122.762218,43.940998],[-122.762325,43.941009],[-122.762432,43.941015],[-122.763799,43.941062],[-122.763891,43.941063],[-122.763983,43.941059],[-122.764074,43.94105],[-122.764165,43.941037],[-122.764253,43.941019],[-122.765324,43.940771],[-122.765393,43.940757],[-122.765462,43.940747],[-122.765532,43.94074],[-122.765603,43.940737]]],[[[-122.766635,43.942695],[-122.76662,43.942727],[-122.766599,43.942758],[-122.766574,43.942787],[-122.766544,43.942813],[-122.766511,43.942837],[-122.766473,43.942858],[-122.766407,43.942893],[-122.766345,43.942931],[-122.766287,43.942973],[-122.766234,43.943018],[-122.766187,43.943066],[-122.766145,43.943117],[-122.766109,43.94317],[-122.766078,43.943225],[-122.765649,43.944113],[-122.765613,43.944194],[-122.765582,43.944275],[-122.765557,43.944358],[-122.765536,43.944441],[-122.765521,43.944525],[-122.765511,43.944609],[-122.765177,43.948558],[-122.765164,43.948677],[-122.765146,43.948795],[-122.765123,43.948913],[-122.765094,43.949031],[-122.764235,43.952229],[-122.764211,43.952306],[-122.76418,43.952381],[-122.764143,43.952456],[-122.764101,43.952528],[-122.764052,43.952598],[-122.763997,43.952666],[-122.763937,43.952732],[-122.763871,43.952795],[-122.7638,43.952855],[-122.763724,43.952911],[-122.763644,43.952965],[-122.763559,43.953014],[-122.76347,43.95306],[-122.763194,43.953193],[-122.763692,43.953194],[-122.764353,43.953196],[-122.764611,43.953008],[-122.764992,43.952339],[-122.765331,43.951077],[-122.765413,43.950772],[-122.765737,43.949565],[-122.76589,43.948988],[-122.765912,43.948865],[-122.766247,43.944906],[-122.766269,43.944642],[-122.766278,43.944571],[-122.766292,43.944501],[-122.766312,43.944431],[-122.766336,43.944362],[-122.766366,43.944294],[-122.766554,43.943901],[-122.766657,43.943685],[-122.766635,43.942695]]]]}},{"type":"Feature","properties":{"MAPTAXLOT":"1901010000101","MAPNUMBER":"19010100","TAXLOT":"101","ACCTNO":"0810562","MAPACRES":12.26434294},"geometry":{"type":"Polygon","coordinates":[[[-122.766188,43.953196],[-122.767673,43.953202],[-122.767993,43.951615],[-122.76793,43.951616],[-122.767867,43.951613],[-122.767805,43.951607],[-122.767743,43.951596],[-122.767683,43.951583],[-122.766297,43.951217],[-122.766199,43.951189],[-122.766102,43.951156],[-122.766008,43.95112],[-122.765918,43.95108],[-122.76583,43.951037],[-122.765746,43.95099],[-122.765665,43.95094],[-122.765413,43.950772],[-122.765331,43.951077],[-122.764992,43.952339],[-122.764611,43.953008],[-122.764353,43.953196],[-122.764542,43.953196],[-122.765164,43.953197],[-122.765173,43.953197],[-122.765314,43.953193],[-122.765324,43.953193],[-122.766188,43.953196]]]}},{"type":"Feature","properties":{"MAPTAXLOT":"1901020000077","MAPNUMBER":"19010200","TAXLOT":"77","ACCTNO":"000None","MAPACRES":27.97907874},"geometry":{"type":"Polygon","coordinates":[[[-122.777855,43.953225],[-122.778061,43.953225],[-122.778068,43.953214],[-122.778434,43.952449],[-122.778564,43.952148],[-122.778862,43.951472],[-122.779048,43.950997],[-122.779058,43.950978],[-122.779063,43.950968],[-122.779065,43.950964],[-122.779074,43.950953],[-122.779084,43.950937],[-122.779096,43.950922],[-122.77911,43.950906],[-122.77912,43.950895],[-122.779138,43.95088],[-122.779159,43.950861],[-122.77918,43.950846],[-122.779201,43.950832],[-122.779225,43.950818],[-122.779247,43.950806],[-122.779279,43.950791],[-122.779316,43.950775],[-122.779337,43.950768],[-122.779376,43.950753],[-122.779416,43.950741],[-122.779447,43.950732],[-122.779477,43.950724],[-122.779509,43.950717],[-122.779553,43.950708],[-122.779584,43.950704],[-122.779609,43.950701],[-122.779657,43.950697],[-122.780165,43.950664],[-122.78018,43.950663],[-122.780194,43.950662],[-122.780216,43.950661],[-122.780244,43.950658],[-122.780268,43.950655],[-122.780292,43.950651],[-122.780315,43.950647],[-122.780334,43.950642],[-122.780357,43.950635],[-122.780381,43.950624],[-122.780401,43.950613],[-122.780422,43.950597],[-122.780444,43.950578],[-122.780455,43.950563],[-122.780466,43.950548],[-122.780472,43.950536],[-122.780478,43.950525],[-122.780482,43.950512],[-122.780484,43.950507],[-122.780489,43.950495],[-122.780496,43.950476],[-122.7805,43.950455],[-122.780501,43.950442],[-122.780503,43.950427],[-122.780504,43.95041],[-122.780535,43.949991],[-122.780539,43.949935],[-122.780561,43.949633],[-122.780829,43.949645],[-122.782019,43.949695],[-122.782142,43.9497],[-122.782337,43.94971],[-122.782532,43.949726],[-122.782726,43.949747],[-122.782918,43.949773],[-122.783271,43.949826],[-122.784965,43.950079],[-122.785105,43.950098],[-122.785244,43.950113],[-122.785385,43.950126],[-122.785526,43.950135],[-122.785526,43.950025],[-122.785348,43.950013],[-122.785172,43.949995],[-122.784996,43.949971],[-122.784162,43.949847],[-122.782949,43.949666],[-122.782751,43.949639],[-122.782552,43.949618],[-122.782352,43.949601],[-122.782151,43.94959],[-122.780837,43.949535],[-122.780567,43.949523],[-122.780456,43.949519],[-122.780453,43.949518],[-122.78034,43.949513],[-122.77871,43.949442],[-122.778629,43.949437],[-122.778547,43.949427],[-122.778468,43.949413],[-122.77839,43.949394],[-122.778314,43.949371],[-122.778242,43.949343],[-122.778173,43.949311],[-122.778107,43.949275],[-122.778046,43.949235],[-122.77799,43.949192],[-122.777938,43.949146],[-122.777892,43.949097],[-122.776187,43.947112],[-122.775565,43.946387],[-122.775521,43.946332],[-122.775482,43.946274],[-122.775449,43.946215],[-122.775422,43.946155],[-122.7754,43.946093],[-122.775385,43.94603],[-122.775375,43.945967],[-122.775372,43.945903],[-122.775363,43.944792],[-122.775362,43.944683],[-122.775362,43.944602],[-122.777382,43.945072],[-122.777516,43.945102],[-122.777651,43.945129],[-122.777787,43.945154],[-122.777898,43.945172],[-122.778009,43.945189],[-122.778666,43.945283],[-122.779201,43.94536],[-122.779214,43.945372],[-122.779256,43.945411],[-122.779305,43.945453],[-122.77935,43.94549],[-122.779396,43.945523],[-122.779436,43.945551],[-122.779456,43.945565],[-122.779502,43.945597],[-122.779526,43.945614],[-122.779568,43.945642],[-122.77962,43.945678],[-122.779662,43.945706],[-122.779707,43.945736],[-122.779765,43.945775],[-122.779824,43.945815],[-122.779863,43.945842],[-122.779877,43.945853],[-122.779886,43.945859],[-122.779909,43.945875],[-122.779963,43.945918],[-122.779984,43.945934],[-122.780006,43.945955],[-122.780027,43.945973],[-122.78005,43.945994],[-122.780059,43.946004],[-122.780079,43.946025],[-122.780099,43.946047],[-122.780106,43.946056],[-122.780117,43.946068],[-122.78013,43.946086],[-122.780139,43.946099],[-122.780163,43.946134],[-122.780171,43.946145],[-122.780176,43.946154],[-122.780187,43.946174],[-122.7802,43.946198],[-122.780212,43.946219],[-122.780223,43.946241],[-122.780237,43.946269],[-122.780247,43.94629],[-122.780254,43.946304],[-122.78026,43.946316],[-122.780475,43.946762],[-122.780483,43.946774],[-122.780616,43.946955],[-122.780626,43.946969],[-122.78065,43.946998],[-122.780679,43.947027],[-122.780725,43.947067],[-122.780742,43.94708],[-122.780766,43.947099],[-122.780774,43.947104],[-122.7808,43.947121],[-122.780845,43.947146],[-122.780904,43.947173],[-122.780952,43.947191],[-122.781005,43.947206],[-122.781043,43.947214],[-122.78166,43.947321],[-122.78169,43.947325],[-122.781756,43.947333],[-122.781649,43.947641],[-122.781625,43.947704],[-122.781594,43.947766],[-122.781559,43.947827],[-122.781517,43.947885],[-122.781471,43.947941],[-122.781419,43.947995],[-122.781423,43.947998],[-122.781511,43.94806],[-122.78153,43.948071],[-122.78159,43.94801],[-122.781644,43.947946],[-122.781692,43.947879],[-122.781734,43.94781],[-122.781769,43.94774],[-122.781797,43.947667],[-122.781965,43.947182],[-122.781972,43.947163],[-122.781972,43.947163],[-122.782054,43.946919],[-122.782199,43.946558],[-122.782068,43.94653],[-122.782053,43.946527],[-122.782033,43.946576],[-122.782031,43.946571],[-122.782018,43.946542],[-122.781996,43.9465],[-122.781983,43.946479],[-122.781968,43.946454],[-122.781918,43.946386],[-122.781866,43.946323],[-122.78182,43.946274],[-122.781781,43.946235],[-122.78174,43.946198],[-122.781681,43.946148],[-122.781666,43.946136],[-122.781623,43.946103],[-122.781577,43.946071],[-122.781231,43.945843],[-122.781168,43.945806],[-122.781129,43.945785],[-122.781074,43.945758],[-122.781013,43.945727],[-122.780957,43.945698],[-122.780918,43.945678],[-122.781041,43.945684],[-122.781195,43.945687],[-122.781348,43.945684],[-122.781501,43.945676],[-122.781653,43.945663],[-122.781655,43.945663],[-122.781655,43.945663],[-122.782699,43.945555],[-122.782718,43.945553],[-122.782834,43.945543],[-122.78295,43.945537],[-122.783067,43.945536],[-122.783184,43.94554],[-122.7833,43.945548],[-122.783415,43.945561],[-122.783529,43.945578],[-122.783642,43.9456],[-122.783753,43.945627],[-122.783862,43.945658],[-122.783968,43.945693],[-122.785568,43.946294],[-122.785347,43.94604],[-122.785106,43.94595],[-122.784317,43.945654],[-122.784062,43.945558],[-122.783958,43.945523],[-122.783851,43.945492],[-122.783743,43.945465],[-122.783632,43.945442],[-122.78352,43.945422],[-122.783408,43.945407],[-122.783289,43.945395],[-122.783169,43.945388],[-122.783048,43.945385],[-122.782927,43.945387],[-122.782807,43.945393],[-122.782687,43.945404],[-122.781625,43.945514],[-122.781482,43.945526],[-122.781338,43.945534],[-122.781194,43.945536],[-122.781049,43.945533],[-122.780905,43.945526],[-122.780762,43.945514],[-122.78062,43.945496],[-122.780479,43.945474],[-122.779832,43.945316],[-122.77966,43.945276],[-122.779485,43.94524],[-122.77931,43.945209],[-122.779133,43.945181],[-122.778716,43.945122],[-122.778054,43.945027],[-122.77792,43.945007],[-122.777787,43.944984],[-122.777619,43.944952],[-122.777452,43.944915],[-122.777366,43.944895],[-122.77693,43.944794],[-122.776645,43.944728],[-122.775682,43.944504],[-122.775637,43.944491],[-122.775594,43.944474],[-122.775554,43.944453],[-122.775518,43.944429],[-122.775487,43.944401],[-122.775461,43.944371],[-122.77544,43.944339],[-122.775425,43.944306],[-122.775416,43.944271],[-122.775413,43.944235],[-122.775414,43.944095],[-122.775428,43.942408],[-122.775431,43.942118],[-122.775434,43.941995],[-122.775445,43.941872],[-122.775462,43.94175],[-122.775486,43.941628],[-122.775517,43.941507],[-122.775555,43.941387],[-122.775599,43.941268],[-122.77565,43.941151],[-122.775707,43.941035],[-122.775771,43.940921],[-122.775841,43.940809],[-122.775917,43.940699],[-122.776,43.940591],[-122.776088,43.940486],[-122.776182,43.940383],[-122.776282,43.940284],[-122.776387,43.940187],[-122.776498,43.940093],[-122.776613,43.940003],[-122.776734,43.939916],[-122.777591,43.939327],[-122.777717,43.939244],[-122.777846,43.939163],[-122.777979,43.939085],[-122.778115,43.939011],[-122.778255,43.93894],[-122.778432,43.938852],[-122.778844,43.938648],[-122.779391,43.938378],[-122.779512,43.938316],[-122.779629,43.93825],[-122.779742,43.938182],[-122.779851,43.93811],[-122.779956,43.938035],[-122.780058,43.937957],[-122.780154,43.937876],[-122.780247,43.937793],[-122.780947,43.937134],[-122.780865,43.937014],[-122.780124,43.937712],[-122.779954,43.93784],[-122.779855,43.937917],[-122.779753,43.937992],[-122.779646,43.938063],[-122.779535,43.938131],[-122.77942,43.938195],[-122.779302,43.938257],[-122.779091,43.938344],[-122.778945,43.938433],[-122.778632,43.938588],[-122.778486,43.938677],[-122.778176,43.93883],[-122.777594,43.939142],[-122.777463,43.939212],[-122.777366,43.939279],[-122.777366,43.939255],[-122.776709,43.939707],[-122.776577,43.939797],[-122.776039,43.94019],[-122.775718,43.940424],[-122.775557,43.940542],[-122.775352,43.940691],[-122.775192,43.940808],[-122.775192,43.940812],[-122.775155,43.940812],[-122.775154,43.940811],[-122.775165,43.942057],[-122.775203,43.942058],[-122.775202,43.942122],[-122.775201,43.942263],[-122.775197,43.942716],[-122.77516,43.942716],[-122.77516,43.942716],[-122.775158,43.943045],[-122.775158,43.943045],[-122.775156,43.943374],[-122.775193,43.943374],[-122.77519,43.943905],[-122.77519,43.944273],[-122.775145,43.944304],[-122.775102,43.94432],[-122.774498,43.944167],[-122.774215,43.944095],[-122.77267,43.943704],[-122.772449,43.943643],[-122.77223,43.943577],[-122.772014,43.943507],[-122.7718,43.943432],[-122.77159,43.943353],[-122.771383,43.94327],[-122.771317,43.943242],[-122.771314,43.943241],[-122.771034,43.94312],[-122.771027,43.943117],[-122.770858,43.943044],[-122.770769,43.943007],[-122.770677,43.942974],[-122.770584,43.942944],[-122.770571,43.94294],[-122.77047,43.942914],[-122.770367,43.942891],[-122.770263,43.942872],[-122.770157,43.942858],[-122.770051,43.942847],[-122.769943,43.942841],[-122.769836,43.942839],[-122.769439,43.942842],[-122.769018,43.942845],[-122.767442,43.942855],[-122.76744,43.941516],[-122.767439,43.94034],[-122.767439,43.940153],[-122.765718,43.93962],[-122.765355,43.939664],[-122.765354,43.939664],[-122.765343,43.939666],[-122.766454,43.94107],[-122.766455,43.94107],[-122.766456,43.941072],[-122.766457,43.941073],[-122.766459,43.941074],[-122.766459,43.941075],[-122.766459,43.941075],[-122.766459,43.941075],[-122.766459,43.941075],[-122.766463,43.94108],[-122.766471,43.941089],[-122.766472,43.94109],[-122.766479,43.9411],[-122.76648,43.941101],[-122.766481,43.941102],[-122.766482,43.941103],[-122.766482,43.941103],[-122.766483,43.941105],[-122.766484,43.941106],[-122.766485,43.941108],[-122.766487,43.94111],[-122.766488,43.941112],[-122.766489,43.941113],[-122.766491,43.941115],[-122.766492,43.941117],[-122.766492,43.941117],[-122.766492,43.941117],[-122.766493,43.941118],[-122.766494,43.941119],[-122.766494,43.941119],[-122.766494,43.94112],[-122.766494,43.94112],[-122.766494,43.94112],[-122.766495,43.941121],[-122.766496,43.941122],[-122.766502,43.941132],[-122.766536,43.941188],[-122.766564,43.941245],[-122.766584,43.941305],[-122.766597,43.941365],[-122.766603,43.941426],[-122.766648,43.9426],[-122.766648,43.942632],[-122.766644,43.942664],[-122.766635,43.942695],[-122.766657,43.943685],[-122.767172,43.943687],[-122.767443,43.943699],[-122.767443,43.94302],[-122.769828,43.943004],[-122.769828,43.943004],[-122.769935,43.943006],[-122.770041,43.943012],[-122.770146,43.943023],[-122.77025,43.943039],[-122.770353,43.943059],[-122.770453,43.943084],[-122.770552,43.943113],[-122.770648,43.943147],[-122.77074,43.943184],[-122.77126,43.943411],[-122.771449,43.943487],[-122.77164,43.94356],[-122.771834,43.943629],[-122.77203,43.943695],[-122.772229,43.943756],[-122.77243,43.943815],[-122.772632,43.943869],[-122.774867,43.944435],[-122.775209,43.944521],[-122.77521,43.944642],[-122.775212,43.944834],[-122.77522,43.945904],[-122.775224,43.945975],[-122.775235,43.946046],[-122.775252,43.946116],[-122.775276,43.946185],[-122.775307,43.946253],[-122.775343,43.946319],[-122.775387,43.946383],[-122.775436,43.946445],[-122.777763,43.949154],[-122.777812,43.949207],[-122.777865,43.949256],[-122.777924,43.949302],[-122.777988,43.949345],[-122.778056,43.949385],[-122.778127,43.949421],[-122.778202,43.949453],[-122.778281,43.94948],[-122.778362,43.949504],[-122.778445,43.949523],[-122.77853,43.949537],[-122.778617,43.949547],[-122.778704,43.949552],[-122.779105,43.949569],[-122.779704,43.949595],[-122.780409,43.949626],[-122.780352,43.950404],[-122.780351,43.95042],[-122.78035,43.950433],[-122.780349,43.950442],[-122.780346,43.950455],[-122.780342,43.950467],[-122.780335,43.950485],[-122.780333,43.950492],[-122.780328,43.950502],[-122.78032,43.950512],[-122.780316,43.950517],[-122.780309,43.950524],[-122.7803,43.95053],[-122.780294,43.950534],[-122.780286,43.950538],[-122.780278,43.95054],[-122.780271,43.950542],[-122.780256,43.950545],[-122.780239,43.950547],[-122.780221,43.950549],[-122.7802,43.950551],[-122.78018,43.950553],[-122.780167,43.950554],[-122.780152,43.950555],[-122.779647,43.950587],[-122.779641,43.950587],[-122.779587,43.950592],[-122.779555,43.950596],[-122.779518,43.950602],[-122.779467,43.950611],[-122.779428,43.95062],[-122.779394,43.950629],[-122.779361,43.950638],[-122.779311,43.950654],[-122.77931,43.950655],[-122.779268,43.95067],[-122.779244,43.950679],[-122.779199,43.950698],[-122.77916,43.950716],[-122.779133,43.950731],[-122.779101,43.950749],[-122.779074,43.950767],[-122.779047,43.950787],[-122.779042,43.950792],[-122.779021,43.95081],[-122.778998,43.95083],[-122.778982,43.950847],[-122.778967,43.950865],[-122.77895,43.950885],[-122.778939,43.950902],[-122.778929,43.950915],[-122.778921,43.950928],[-122.778915,43.950941],[-122.778904,43.950962],[-122.778874,43.951037],[-122.778716,43.95144],[-122.778602,43.951699],[-122.778443,43.95206],[-122.778419,43.952115],[-122.778295,43.952404],[-122.778254,43.952404],[-122.777888,43.953169],[-122.777883,43.95318],[-122.777855,43.953225]],[[-122.779613,43.945446],[-122.779596,43.945434],[-122.779758,43.945471],[-122.779759,43.945472],[-122.779759,43.945472],[-122.779888,43.9455],[-122.779874,43.94555],[-122.779856,43.945611],[-122.779817,43.945585],[-122.779776,43.945558],[-122.779723,43.945522],[-122.779683,43.945495],[-122.779661,43.945479],[-122.779613,43.945446]],[[-122.780097,43.945583],[-122.780107,43.945549],[-122.780429,43.945621],[-122.7805,43.945633],[-122.780594,43.945646],[-122.780869,43.945788],[-122.780925,43.945817],[-122.780988,43.945848],[-122.781041,43.945874],[-122.781075,43.945893],[-122.781133,43.945926],[-122.781473,43.946151],[-122.781516,43.946181],[-122.781555,43.946211],[-122.781566,43.946219],[-122.781623,43.946267],[-122.78166,43.946301],[-122.781696,43.946337],[-122.781737,43.946382],[-122.781785,43.94644],[-122.781831,43.946502],[-122.781855,43.946542],[-122.781875,43.946578],[-122.781886,43.946603],[-122.781898,43.946632],[-122.781909,43.946671],[-122.781918,43.946714],[-122.781923,43.946752],[-122.781924,43.946788],[-122.781923,43.946829],[-122.781916,43.946864],[-122.781906,43.946894],[-122.781825,43.947136],[-122.78181,43.947178],[-122.78181,43.947178],[-122.781704,43.94716],[-122.781232,43.947077],[-122.7811,43.947054],[-122.781077,43.94705],[-122.781046,43.947041],[-122.781017,43.94703],[-122.780975,43.947011],[-122.780946,43.946995],[-122.780932,43.946985],[-122.780896,43.946958],[-122.78086,43.946927],[-122.780841,43.946908],[-122.780825,43.946889],[-122.780819,43.94688],[-122.780684,43.946696],[-122.780533,43.946382],[-122.780485,43.946282],[-122.780475,43.946261],[-122.780468,43.946248],[-122.780463,43.946236],[-122.780452,43.946214],[-122.780437,43.946184],[-122.780424,43.946158],[-122.780412,43.946137],[-122.7804,43.946115],[-122.780386,43.94609],[-122.780376,43.946073],[-122.780367,43.946061],[-122.780343,43.946025],[-122.780332,43.946009],[-122.780313,43.945985],[-122.7803,43.94597],[-122.780292,43.945959],[-122.780268,43.945933],[-122.780249,43.945913],[-122.780237,43.9459],[-122.780205,43.94587],[-122.780192,43.945858],[-122.780183,43.94585],[-122.780158,43.945828],[-122.780131,43.945807],[-122.780072,43.945761],[-122.780069,43.945758],[-122.780066,43.94573],[-122.780066,43.945701],[-122.780071,43.945673],[-122.780072,43.945672],[-122.780097,43.945583]]]}},{"type":"Feature","properties":{"MAPTAXLOT":"1901020000088","MAPNUMBER":"19010200","TAXLOT":"88","ACCTNO":"000None","MAPACRES":5.26951738},"geometry":{"type":"MultiPolygon","coordinates":[[[[-122.770005,43.943416],[-122.770228,43.943464],[-122.770498,43.943596],[-122.770742,43.943692],[-122.770948,43.943779],[-122.771039,43.943825],[-122.771309,43.94389],[-122.771537,43.943945],[-122.771737,43.943989],[-122.77199,43.94406],[-122.772288,43.944138],[-122.77265,43.944224],[-122.772924,43.944276],[-122.773224,43.944345],[-122.773458,43.94438],[-122.773808,43.944434],[-122.774,43.944552],[-122.77447,43.944676],[-122.775212,43.944834],[-122.77521,43.944642],[-122.775169,43.944631],[-122.774832,43.944527],[-122.774414,43.944434],[-122.774049,43.944353],[-122.773611,43.944212],[-122.772973,43.944042],[-122.772641,43.94396],[-122.77239,43.943898],[-122.771964,43.943792],[-122.771721,43.94372],[-122.771203,43.94359],[-122.77096,43.94353],[-122.77049,43.943377],[-122.770229,43.943325],[-122.769829,43.943196],[-122.768929,43.94336],[-122.767984,43.943723],[-122.767443,43.943699],[-122.767172,43.943687],[-122.766657,43.943685],[-122.766554,43.943901],[-122.767389,43.943898],[-122.767786,43.943896],[-122.768028,43.943866],[-122.768955,43.943567],[-122.769348,43.943468],[-122.769734,43.943409],[-122.770005,43.943416]]],[[[-122.781222,43.948024],[-122.781233,43.948033],[-122.781238,43.948036],[-122.781317,43.948096],[-122.781397,43.948157],[-122.781758,43.948376],[-122.782277,43.948658],[-122.782571,43.948822],[-122.783113,43.949009],[-122.783638,43.949102],[-122.784182,43.949153],[-122.784306,43.949164],[-122.784731,43.949201],[-122.784766,43.949078],[-122.784139,43.949029],[-122.783561,43.948937],[-122.783061,43.948834],[-122.782571,43.948646],[-122.781978,43.948334],[-122.78153,43.948071],[-122.781511,43.94806],[-122.781423,43.947998],[-122.781419,43.947995],[-122.781394,43.948019],[-122.781303,43.947968],[-122.78129,43.947961],[-122.781222,43.948024]]]]}},{"type":"Feature","properties":{"MAPTAXLOT":"1901020000100","MAPNUMBER":"19010200","TAXLOT":"100","ACCTNO":"0810653","MAPACRES":25.00769507},"geometry":{"type":"Polygon","coordinates":[[[-122.774718,43.952426],[-122.775413,43.952423],[-122.775413,43.952423],[-122.775413,43.952408],[-122.775413,43.952046],[-122.775413,43.951683],[-122.775413,43.951021],[-122.775413,43.949531],[-122.773794,43.949537],[-122.77099,43.949547],[-122.770813,43.949547],[-122.770371,43.949549],[-122.769776,43.949551],[-122.769776,43.949564],[-122.769902,43.951513],[-122.769953,43.951511],[-122.7703,43.95149],[-122.770364,43.951485],[-122.770706,43.951464],[-122.770888,43.951454],[-122.771071,43.951447],[-122.771254,43.951445],[-122.771437,43.951448],[-122.77162,43.951454],[-122.771802,43.951465],[-122.771988,43.951475],[-122.772174,43.95148],[-122.77236,43.95148],[-122.772546,43.951475],[-122.772732,43.951464],[-122.772917,43.951448],[-122.773101,43.951427],[-122.773283,43.951401],[-122.773465,43.951369],[-122.773644,43.951333],[-122.773821,43.951291],[-122.77388,43.951279],[-122.773941,43.951272],[-122.774002,43.95127],[-122.774063,43.951273],[-122.774124,43.951281],[-122.774182,43.951294],[-122.774239,43.951312],[-122.774292,43.951335],[-122.774341,43.951362],[-122.774385,43.951393],[-122.774424,43.951427],[-122.774457,43.951464],[-122.774485,43.951504],[-122.774505,43.951546],[-122.774519,43.951589],[-122.774718,43.952426]]]}},{"type":"Feature","properties":{"MAPTAXLOT":"1901020000101","MAPNUMBER":"19010200","TAXLOT":"101","ACCTNO":"0810661","MAPACRES":5.0720726},"geometry":{"type":"Polygon","coordinates":[[[-122.775413,43.951021],[-122.776728,43.951027],[-122.776733,43.950433],[-122.777053,43.950434],[-122.777106,43.949507],[-122.775413,43.949531],[-122.775413,43.951021]]]}},{"type":"Feature","properties":{"MAPTAXLOT":"1901020000103","MAPNUMBER":"19010200","TAXLOT":"103","ACCTNO":"0810687","MAPACRES":2.48138497},"geometry":{"type":"Polygon","coordinates":[[[-122.775413,43.952046],[-122.778443,43.95206],[-122.778602,43.951699],[-122.775413,43.951683],[-122.775413,43.952046]]]}},{"type":"Feature","properties":{"MAPTAXLOT":"1901020000104","MAPNUMBER":"19010200","TAXLOT":"104","ACCTNO":"0810695","MAPACRES":2.30032504},"geometry":{"type":"Polygon","coordinates":[[[-122.778254,43.952404],[-122.778295,43.952404],[-122.778419,43.952115],[-122.778443,43.95206],[-122.775413,43.952046],[-122.775413,43.952408],[-122.77688,43.952406],[-122.778254,43.952404]]]}},{"type":"Feature","properties":{"MAPTAXLOT":"1901020000105","MAPNUMBER":"19010200","TAXLOT":"105","ACCTNO":"0810679","MAPACRES":2.00417202},"geometry":{"type":"Polygon","coordinates":[[[-122.776884,43.95317],[-122.777888,43.953169],[-122.778254,43.952404],[-122.77688,43.952406],[-122.776884,43.95317]]]}},{"type":"Feature","properties":{"MAPTAXLOT":"1901020000106","MAPNUMBER":"19010200","TAXLOT":"106","ACCTNO":"1546603","MAPACRES":2.77273625},"geometry":{"type":"Polygon","coordinates":[[[-122.775413,43.952423],[-122.775413,43.953227],[-122.777855,43.953225],[-122.777883,43.95318],[-122.777888,43.953169],[-122.776884,43.95317],[-122.77688,43.952406],[-122.775413,43.952408],[-122.775413,43.952423]]]}},{"type":"Feature","properties":{"MAPTAXLOT":"1901020000107","MAPNUMBER":"19010200","TAXLOT":"107","ACCTNO":"1856853","MAPACRES":15.37108626},"geometry":{"type":"Polygon","coordinates":[[[-122.770881,43.953213],[-122.771159,43.953596],[-122.771703,43.954009],[-122.771746,43.953982],[-122.771792,43.953958],[-122.771842,43.953937],[-122.772417,43.953725],[-122.772522,43.953689],[-122.772631,43.953657],[-122.772742,43.953631],[-122.772855,43.95361],[-122.772969,43.953593],[-122.772969,43.952432],[-122.774718,43.952426],[-122.774519,43.951589],[-122.774505,43.951546],[-122.774485,43.951504],[-122.774457,43.951464],[-122.774424,43.951427],[-122.774385,43.951393],[-122.774341,43.951362],[-122.774292,43.951335],[-122.774239,43.951312],[-122.774182,43.951294],[-122.774124,43.951281],[-122.774063,43.951273],[-122.774002,43.95127],[-122.773941,43.951272],[-122.77388,43.951279],[-122.773821,43.951291],[-122.773644,43.951333],[-122.773465,43.951369],[-122.773283,43.951401],[-122.773101,43.951427],[-122.772917,43.951448],[-122.772732,43.951464],[-122.772546,43.951475],[-122.77236,43.95148],[-122.772174,43.95148],[-122.771988,43.951475],[-122.771802,43.951465],[-122.77162,43.951454],[-122.771437,43.951448],[-122.771254,43.951445],[-122.771071,43.951447],[-122.770888,43.951454],[-122.770706,43.951464],[-122.770364,43.951485],[-122.7703,43.95149],[-122.770576,43.951872],[-122.770638,43.952878],[-122.770881,43.953213]]]}},{"type":"Feature","properties":{"MAPTAXLOT":"1901020000108","MAPNUMBER":"19010200","TAXLOT":"108","ACCTNO":"1856861","MAPACRES":17.52147357},"geometry":{"type":"Polygon","coordinates":[[[-122.765413,43.950772],[-122.765665,43.95094],[-122.765746,43.95099],[-122.76583,43.951037],[-122.765918,43.95108],[-122.766008,43.95112],[-122.766102,43.951156],[-122.766199,43.951189],[-122.766297,43.951217],[-122.767683,43.951583],[-122.767743,43.951596],[-122.767805,43.951607],[-122.767867,43.951613],[-122.76793,43.951616],[-122.767993,43.951615],[-122.768036,43.951612],[-122.768079,43.951607],[-122.768234,43.951589],[-122.768389,43.951576],[-122.768545,43.951567],[-122.769902,43.951513],[-122.769776,43.949564],[-122.769764,43.949564],[-122.765743,43.949565],[-122.765737,43.949565],[-122.765413,43.950772]]]}},{"type":"Feature","properties":{"MAPTAXLOT":"1901020000110","MAPNUMBER":"19010200","TAXLOT":"110","ACCTNO":"1856887","MAPACRES":10.14632116},"geometry":{"type":"Polygon","coordinates":[[[-122.767673,43.953202],[-122.770881,43.953213],[-122.770638,43.952878],[-122.770576,43.951872],[-122.7703,43.95149],[-122.769953,43.951511],[-122.769902,43.951513],[-122.768545,43.951567],[-122.768389,43.951576],[-122.768234,43.951589],[-122.768079,43.951607],[-122.768036,43.951612],[-122.767993,43.951615],[-122.767673,43.953202]]]}},{"type":"Feature","properties":{"MAPTAXLOT":"1901020000200","MAPNUMBER":"19010200","TAXLOT":"200","ACCTNO":"0810703","MAPACRES":4.86124737},"geometry":{"type":"Polygon","coordinates":[[[-122.775413,43.951683],[-122.778602,43.951699],[-122.778716,43.95144],[-122.778874,43.951037],[-122.776728,43.951027],[-122.775413,43.951021],[-122.775413,43.951683]]]}},{"type":"Feature","properties":{"MAPTAXLOT":"1901020000300","MAPNUMBER":"19010200","TAXLOT":"300","ACCTNO":"0810711","MAPACRES":1.81846641},"geometry":{"type":"Polygon","coordinates":[[[-122.778117,43.950438],[-122.779055,43.950442],[-122.779105,43.949569],[-122.778704,43.949552],[-122.778617,43.949547],[-122.77853,43.949537],[-122.778445,43.949523],[-122.778362,43.949504],[-122.778351,43.949504],[-122.778344,43.949616],[-122.778164,43.949616],[-122.778117,43.950438]]]}},{"type":"Feature","properties":{"MAPTAXLOT":"1901020000301","MAPNUMBER":"19010200","TAXLOT":"301","ACCTNO":"0810729","MAPACRES":2.22839906},"geometry":{"type":"Polygon","coordinates":[[[-122.777053,43.950434],[-122.778117,43.950438],[-122.778164,43.949616],[-122.778344,43.949616],[-122.778351,43.949504],[-122.777106,43.949507],[-122.777053,43.950434]]]}},{"type":"Feature","properties":{"MAPTAXLOT":"1901020000400","MAPNUMBER":"19010200","TAXLOT":"400","ACCTNO":"0810745","MAPACRES":25.73047306},"geometry":{"type":"Polygon","coordinates":[[[-122.778351,43.949504],[-122.778362,43.949504],[-122.778281,43.94948],[-122.778202,43.949453],[-122.778127,43.949421],[-122.778056,43.949385],[-122.777988,43.949345],[-122.777924,43.949302],[-122.777865,43.949256],[-122.777812,43.949207],[-122.777763,43.949154],[-122.775436,43.946445],[-122.775387,43.946383],[-122.775343,43.946319],[-122.775307,43.946253],[-122.775276,43.946185],[-122.775252,43.946116],[-122.775235,43.946046],[-122.775224,43.945975],[-122.77522,43.945904],[-122.775212,43.944834],[-122.77447,43.944676],[-122.774,43.944552],[-122.773808,43.944434],[-122.773794,43.949537],[-122.775413,43.949531],[-122.777106,43.949507],[-122.778351,43.949504]]]}},{"type":"Feature","properties":{"MAPTAXLOT":"1901020000401","MAPNUMBER":"19010200","TAXLOT":"401","ACCTNO":"0810752","MAPACRES":1.46634281},"geometry":{"type":"Polygon","coordinates":[[[-122.779704,43.949595],[-122.779647,43.950587],[-122.780152,43.950555],[-122.780167,43.950554],[-122.78018,43.950553],[-122.7802,43.950551],[-122.780221,43.950549],[-122.780239,43.950547],[-122.780256,43.950545],[-122.780271,43.950542],[-122.780278,43.95054],[-122.780286,43.950538],[-122.780294,43.950534],[-122.7803,43.95053],[-122.780309,43.950524],[-122.780316,43.950517],[-122.78032,43.950512],[-122.780328,43.950502],[-122.780333,43.950492],[-122.780335,43.950485],[-122.780342,43.950467],[-122.780346,43.950455],[-122.780349,43.950442],[-122.78035,43.950433],[-122.780351,43.95042],[-122.780352,43.950404],[-122.780409,43.949626],[-122.779704,43.949595]]]}},{"type":"Feature","properties":{"MAPTAXLOT":"1901020000402","MAPNUMBER":"19010200","TAXLOT":"402","ACCTNO":"0810760","MAPACRES":1.38707318},"geometry":{"type":"Polygon","coordinates":[[[-122.779055,43.950442],[-122.779042,43.950664],[-122.779361,43.950638],[-122.779394,43.950629],[-122.779428,43.95062],[-122.779467,43.950611],[-122.779518,43.950602],[-122.779555,43.950596],[-122.779587,43.950592],[-122.779641,43.950587],[-122.779647,43.950587],[-122.779704,43.949595],[-122.779105,43.949569],[-122.779055,43.950442]]]}},{"type":"Feature","properties":{"MAPTAXLOT":"1901020000405","MAPNUMBER":"19010200","TAXLOT":"405","ACCTNO":"1829959","MAPACRES":30.15398279},"geometry":{"type":"Polygon","coordinates":[[[-122.776187,43.947112],[-122.777892,43.949097],[-122.777938,43.949146],[-122.77799,43.949192],[-122.778046,43.949235],[-122.778107,43.949275],[-122.778173,43.949311],[-122.778242,43.949343],[-122.778314,43.949371],[-122.77839,43.949394],[-122.778468,43.949413],[-122.778547,43.949427],[-122.778629,43.949437],[-122.77871,43.949442],[-122.78034,43.949513],[-122.780453,43.949518],[-122.780456,43.949519],[-122.780486,43.948934],[-122.780567,43.948637],[-122.780807,43.948409],[-122.781222,43.948024],[-122.78129,43.947961],[-122.780667,43.947614],[-122.780482,43.947344],[-122.780456,43.947306],[-122.780048,43.946713],[-122.779647,43.946128],[-122.779617,43.946099],[-122.779606,43.946089],[-122.77949,43.945976],[-122.779371,43.94586],[-122.77932,43.94581],[-122.77886,43.945596],[-122.778595,43.945516],[-122.778148,43.945382],[-122.777956,43.945324],[-122.777786,43.945293],[-122.777163,43.94518],[-122.776385,43.945038],[-122.77646,43.946035],[-122.777067,43.946727],[-122.776187,43.947112]]]}},{"type":"Feature","properties":{"MAPTAXLOT":"1901020000406","MAPNUMBER":"19010200","TAXLOT":"406","ACCTNO":"1829967","MAPACRES":4.90622285},"geometry":{"type":"Polygon","coordinates":[[[-122.775372,43.945903],[-122.775375,43.945967],[-122.775385,43.94603],[-122.7754,43.946093],[-122.775422,43.946155],[-122.775449,43.946215],[-122.775482,43.946274],[-122.775521,43.946332],[-122.775565,43.946387],[-122.776187,43.947112],[-122.777067,43.946727],[-122.77646,43.946035],[-122.776385,43.945038],[-122.776385,43.945038],[-122.775363,43.944792],[-122.775372,43.945903]]]}},{"type":"Feature","properties":{"MAPTAXLOT":"1901020000500","MAPNUMBER":"19010200","TAXLOT":"500","ACCTNO":"0810786","MAPACRES":0.9661763},"geometry":{"type":"Polygon","coordinates":[[[-122.780472,43.950575],[-122.781262,43.950572],[-122.781263,43.949991],[-122.780535,43.949991],[-122.780504,43.95041],[-122.780503,43.950427],[-122.780501,43.950442],[-122.7805,43.950455],[-122.780496,43.950476],[-122.780489,43.950495],[-122.780484,43.950507],[-122.780482,43.950512],[-122.780478,43.950525],[-122.780472,43.950536],[-122.780472,43.950575]]]}},{"type":"Feature","properties":{"MAPTAXLOT":"1901020000600","MAPNUMBER":"19010200","TAXLOT":"600","ACCTNO":"0810794","MAPACRES":2.09999826},"geometry":{"type":"Polygon","coordinates":[[[-122.782133,43.953219],[-122.782133,43.95322],[-122.783762,43.953217],[-122.78376,43.952538],[-122.782507,43.95254],[-122.782508,43.952948],[-122.782132,43.952948],[-122.782133,43.953219]]]}},{"type":"Feature","properties":{"MAPTAXLOT":"1901020000601","MAPNUMBER":"19010200","TAXLOT":"601","ACCTNO":"0810802","MAPACRES":7.9955718},"geometry":{"type":"Polygon","coordinates":[[[-122.780468,43.952121],[-122.783264,43.952125],[-122.783267,43.951277],[-122.781262,43.950572],[-122.780472,43.950575],[-122.780468,43.952121]]]}},{"type":"Feature","properties":{"MAPTAXLOT":"1901020000602","MAPNUMBER":"19010200","TAXLOT":"602","ACCTNO":"0810810","MAPACRES":1.06623346},"geometry":{"type":"Polygon","coordinates":[[[-122.782019,43.949695],[-122.782018,43.950132],[-122.783271,43.950134],[-122.783271,43.949826],[-122.782918,43.949773],[-122.782726,43.949747],[-122.782532,43.949726],[-122.782337,43.94971],[-122.782142,43.9497],[-122.782019,43.949695]]]}},{"type":"Feature","properties":{"MAPTAXLOT":"1901020000604","MAPNUMBER":"19010200","TAXLOT":"604","ACCTNO":"1898400","MAPACRES":4.79992227},"geometry":{"type":"Polygon","coordinates":[[[-122.781262,43.950572],[-122.783267,43.951277],[-122.783271,43.950134],[-122.782018,43.950132],[-122.782019,43.949695],[-122.780829,43.949645],[-122.780561,43.949633],[-122.780539,43.949935],[-122.780535,43.949991],[-122.781263,43.949991],[-122.781262,43.950572]]]}},{"type":"Feature","properties":{"MAPTAXLOT":"1901020000700","MAPNUMBER":"19010200","TAXLOT":"700","ACCTNO":"0810836","MAPACRES":10.61209287},"geometry":{"type":"Polygon","coordinates":[[[-122.783264,43.952125],[-122.78552,43.952129],[-122.78552,43.952129],[-122.785524,43.950643],[-122.785526,43.950135],[-122.785385,43.950126],[-122.785244,43.950113],[-122.785105,43.950098],[-122.784965,43.950079],[-122.783271,43.949826],[-122.783271,43.950134],[-122.783267,43.951277],[-122.783264,43.952125]]]}},{"type":"Feature","properties":{"MAPTAXLOT":"1901020000800","MAPNUMBER":"19010200","TAXLOT":"800","ACCTNO":"0810844","MAPACRES":0.80397787},"geometry":{"type":"Polygon","coordinates":[[[-122.784172,43.949489],[-122.785528,43.949486],[-122.785529,43.949291],[-122.785401,43.949278],[-122.784863,43.949213],[-122.784731,43.949201],[-122.784306,43.949164],[-122.784182,43.949153],[-122.784172,43.949489]]]}},{"type":"Feature","properties":{"MAPTAXLOT":"1901020000801","MAPNUMBER":"19010200","TAXLOT":"801","ACCTNO":"0810851","MAPACRES":1.37269974},"geometry":{"type":"Polygon","coordinates":[[[-122.784162,43.949847],[-122.784996,43.949971],[-122.785172,43.949995],[-122.785348,43.950013],[-122.785526,43.950025],[-122.785528,43.949486],[-122.784172,43.949489],[-122.784162,43.949847]]]}},{"type":"Feature","properties":{"MAPTAXLOT":"1901020000900","MAPNUMBER":"19010200","TAXLOT":"900","ACCTNO":"0810869","MAPACRES":7.74227332},"geometry":{"type":"Polygon","coordinates":[[[-122.780456,43.949519],[-122.780567,43.949523],[-122.780837,43.949535],[-122.782151,43.94959],[-122.782352,43.949601],[-122.782552,43.949618],[-122.782751,43.949639],[-122.782949,43.949666],[-122.784162,43.949847],[-122.784172,43.949489],[-122.784182,43.949153],[-122.783638,43.949102],[-122.783113,43.949009],[-122.782571,43.948822],[-122.782277,43.948658],[-122.781758,43.948376],[-122.781397,43.948157],[-122.781317,43.948096],[-122.781238,43.948036],[-122.781233,43.948033],[-122.781222,43.948024],[-122.780807,43.948409],[-122.780567,43.948637],[-122.780486,43.948934],[-122.780456,43.949519]]]}},{"type":"Feature","properties":{"MAPTAXLOT":"1901020001100","MAPNUMBER":"19010200","TAXLOT":"1100","ACCTNO":"0810885","MAPACRES":0.74245546},"geometry":{"type":"MultiPolygon","coordinates":[[[[-122.780684,43.946696],[-122.780819,43.94688],[-122.780825,43.946889],[-122.780841,43.946908],[-122.78086,43.946927],[-122.780896,43.946958],[-122.780932,43.946985],[-122.780946,43.946995],[-122.780975,43.947011],[-122.781017,43.94703],[-122.781046,43.947041],[-122.781077,43.94705],[-122.7811,43.947054],[-122.781232,43.947077],[-122.781227,43.946474],[-122.780549,43.946384],[-122.780533,43.946382],[-122.780684,43.946696]]],[[[-122.780483,43.947043],[-122.780695,43.947073],[-122.780742,43.94708],[-122.780725,43.947067],[-122.780679,43.947027],[-122.78065,43.946998],[-122.780626,43.946969],[-122.780616,43.946955],[-122.780483,43.946774],[-122.780483,43.947043]]]]}},{"type":"Feature","properties":{"MAPTAXLOT":"1901020001200","MAPNUMBER":"19010200","TAXLOT":"1200","ACCTNO":"0810893","MAPACRES":3.33464767},"geometry":{"type":"MultiPolygon","coordinates":[[[[-122.780097,43.945583],[-122.780072,43.945672],[-122.780071,43.945673],[-122.780066,43.945701],[-122.780066,43.94573],[-122.780069,43.945758],[-122.780072,43.945761],[-122.780131,43.945807],[-122.780158,43.945828],[-122.780183,43.94585],[-122.780192,43.945858],[-122.780196,43.945858],[-122.780486,43.945858],[-122.780485,43.946271],[-122.780485,43.946282],[-122.780533,43.946382],[-122.780549,43.946384],[-122.781227,43.946474],[-122.781232,43.947077],[-122.781704,43.94716],[-122.78181,43.947178],[-122.78181,43.947178],[-122.781825,43.947136],[-122.781906,43.946894],[-122.781916,43.946864],[-122.781923,43.946829],[-122.781924,43.946788],[-122.781923,43.946752],[-122.781918,43.946714],[-122.781909,43.946671],[-122.781898,43.946632],[-122.781886,43.946603],[-122.781875,43.946578],[-122.781855,43.946542],[-122.781831,43.946502],[-122.781785,43.94644],[-122.781737,43.946382],[-122.781696,43.946337],[-122.78166,43.946301],[-122.781623,43.946267],[-122.781566,43.946219],[-122.781555,43.946211],[-122.781516,43.946181],[-122.781473,43.946151],[-122.781133,43.945926],[-122.781075,43.945893],[-122.781041,43.945874],[-122.780988,43.945848],[-122.780925,43.945817],[-122.780869,43.945788],[-122.780594,43.945646],[-122.7805,43.945633],[-122.780429,43.945621],[-122.780107,43.945549],[-122.780097,43.945583]]],[[[-122.779613,43.945446],[-122.779661,43.945479],[-122.779683,43.945495],[-122.779723,43.945522],[-122.779776,43.945558],[-122.779817,43.945585],[-122.779856,43.945611],[-122.779874,43.94555],[-122.779888,43.9455],[-122.779759,43.945472],[-122.779759,43.945472],[-122.779758,43.945471],[-122.779596,43.945434],[-122.779613,43.945446]]],[[[-122.778666,43.945284],[-122.778611,43.945464],[-122.778595,43.945516],[-122.77886,43.945596],[-122.77932,43.94581],[-122.779371,43.94586],[-122.779553,43.94586],[-122.779886,43.945859],[-122.779877,43.945853],[-122.779863,43.945842],[-122.779824,43.945815],[-122.779765,43.945775],[-122.779707,43.945736],[-122.779662,43.945706],[-122.77962,43.945678],[-122.779568,43.945642],[-122.779526,43.945614],[-122.779502,43.945597],[-122.779456,43.945565],[-122.779436,43.945551],[-122.779396,43.945523],[-122.77935,43.94549],[-122.779305,43.945453],[-122.779256,43.945411],[-122.779214,43.945372],[-122.779201,43.94536],[-122.778666,43.945283],[-122.778666,43.945284]]]]}},{"type":"Feature","properties":{"MAPTAXLOT":"1901020001300","MAPNUMBER":"19010200","TAXLOT":"1300","ACCTNO":"0810901","MAPACRES":1.46709444},"geometry":{"type":"Polygon","coordinates":[[[-122.780957,43.945698],[-122.781013,43.945727],[-122.781074,43.945758],[-122.781129,43.945785],[-122.781168,43.945806],[-122.781231,43.945843],[-122.781577,43.946071],[-122.781623,43.946103],[-122.781666,43.946136],[-122.781681,43.946148],[-122.78174,43.946198],[-122.781781,43.946235],[-122.78182,43.946274],[-122.781866,43.946323],[-122.781918,43.946386],[-122.781968,43.946454],[-122.781983,43.946479],[-122.782031,43.946418],[-122.782699,43.945555],[-122.781655,43.945663],[-122.781655,43.945663],[-122.781653,43.945663],[-122.781501,43.945676],[-122.781348,43.945684],[-122.781195,43.945687],[-122.781041,43.945684],[-122.780918,43.945678],[-122.780957,43.945698]]]}},{"type":"Feature","properties":{"MAPTAXLOT":"1901020001400","MAPNUMBER":"19010200","TAXLOT":"1400","ACCTNO":"0810919","MAPACRES":1.86063792},"geometry":{"type":"MultiPolygon","coordinates":[[[[-122.777787,43.944984],[-122.77792,43.945007],[-122.778054,43.945027],[-122.778716,43.945122],[-122.778925,43.944438],[-122.778933,43.944438],[-122.778932,43.944393],[-122.77779,43.944406],[-122.777789,43.944437],[-122.777787,43.944984]]],[[[-122.777786,43.945293],[-122.777956,43.945324],[-122.778148,43.945382],[-122.778595,43.945516],[-122.778611,43.945464],[-122.778666,43.945284],[-122.778666,43.945283],[-122.778009,43.945189],[-122.777898,43.945172],[-122.777787,43.945154],[-122.777786,43.945293]]]]}},{"type":"Feature","properties":{"MAPTAXLOT":"1901020001500","MAPNUMBER":"19010200","TAXLOT":"1500","ACCTNO":"0810927","MAPACRES":2.24734547},"geometry":{"type":"MultiPolygon","coordinates":[[[[-122.775413,43.944235],[-122.775416,43.944271],[-122.775425,43.944306],[-122.77544,43.944339],[-122.775461,43.944371],[-122.775487,43.944401],[-122.775518,43.944429],[-122.775554,43.944453],[-122.775594,43.944474],[-122.775637,43.944491],[-122.775682,43.944504],[-122.776645,43.944728],[-122.776648,43.944097],[-122.775414,43.944095],[-122.775413,43.944235]]],[[[-122.775362,43.944683],[-122.775363,43.944792],[-122.776385,43.945038],[-122.776385,43.945038],[-122.777163,43.94518],[-122.777786,43.945293],[-122.777787,43.945154],[-122.777651,43.945129],[-122.777516,43.945102],[-122.777382,43.945072],[-122.775362,43.944602],[-122.775362,43.944683]]]]}},{"type":"Feature","properties":{"MAPTAXLOT":"1901020001501","MAPNUMBER":"19010200","TAXLOT":"1501","ACCTNO":"0810935","MAPACRES":0.13498722},"geometry":{"type":"Polygon","coordinates":[[[-122.774832,43.944527],[-122.775169,43.944631],[-122.77521,43.944642],[-122.775209,43.944521],[-122.774867,43.944435],[-122.774414,43.944434],[-122.774832,43.944527]]]}},{"type":"Feature","properties":{"MAPTAXLOT":"1901020001502","MAPNUMBER":"19010200","TAXLOT":"1502","ACCTNO":"0810943","MAPACRES":0.78282124},"geometry":{"type":"Polygon","coordinates":[[[-122.777366,43.944895],[-122.777452,43.944915],[-122.777619,43.944952],[-122.777787,43.944984],[-122.777789,43.944437],[-122.77779,43.944406],[-122.777791,43.944099],[-122.777369,43.944098],[-122.777366,43.944895]]]}},{"type":"Feature","properties":{"MAPTAXLOT":"1901020001503","MAPNUMBER":"19010200","TAXLOT":"1503","ACCTNO":"0810950","MAPACRES":5.71816532},"geometry":{"type":"Polygon","coordinates":[[[-122.77693,43.944794],[-122.777366,43.944895],[-122.777369,43.944098],[-122.777791,43.944099],[-122.778431,43.942413],[-122.776773,43.94241],[-122.776759,43.944097],[-122.776933,43.944098],[-122.77693,43.944794]]]}},{"type":"Feature","properties":{"MAPTAXLOT":"1901020001504","MAPNUMBER":"19010200","TAXLOT":"1504","ACCTNO":"0810968","MAPACRES":0.41646954},"geometry":{"type":"Polygon","coordinates":[[[-122.776645,43.944728],[-122.77693,43.944794],[-122.776933,43.944098],[-122.776759,43.944097],[-122.776648,43.944097],[-122.776645,43.944728]]]}},{"type":"Feature","properties":{"MAPTAXLOT":"1901020001600","MAPNUMBER":"19010200","TAXLOT":"1600","ACCTNO":"1047123","MAPACRES":56.91550242},"geometry":{"type":"Polygon","coordinates":[[[-122.778431,43.942413],[-122.780307,43.942417],[-122.780308,43.942183],[-122.782244,43.942175],[-122.783855,43.942164],[-122.784846,43.942147],[-122.785137,43.942142],[-122.785551,43.942133],[-122.785557,43.940215],[-122.781231,43.939509],[-122.780136,43.938916],[-122.779962,43.93888],[-122.779692,43.939744],[-122.77858,43.939562],[-122.778619,43.939341],[-122.778482,43.939016],[-122.778432,43.938852],[-122.778255,43.93894],[-122.778115,43.939011],[-122.777979,43.939085],[-122.777846,43.939163],[-122.777717,43.939244],[-122.777591,43.939327],[-122.776734,43.939916],[-122.776613,43.940003],[-122.776498,43.940093],[-122.776387,43.940187],[-122.776282,43.940284],[-122.776182,43.940383],[-122.776088,43.940486],[-122.776,43.940591],[-122.775917,43.940699],[-122.775841,43.940809],[-122.775771,43.940921],[-122.775707,43.941035],[-122.77565,43.941151],[-122.775599,43.941268],[-122.775555,43.941387],[-122.775517,43.941507],[-122.775486,43.941628],[-122.775462,43.94175],[-122.775445,43.941872],[-122.775434,43.941995],[-122.775431,43.942118],[-122.775428,43.942408],[-122.776773,43.94241],[-122.778431,43.942413]]]}},{"type":"Feature","properties":{"MAPTAXLOT":"1901020001601","MAPNUMBER":"19010200","TAXLOT":"1601","ACCTNO":"0810984","MAPACRES":31.8497604},"geometry":{"type":"Polygon","coordinates":[[[-122.779962,43.93888],[-122.780136,43.938916],[-122.781231,43.939509],[-122.785557,43.940215],[-122.785563,43.93857],[-122.785478,43.937084],[-122.782048,43.937122],[-122.780947,43.937134],[-122.780247,43.937793],[-122.780154,43.937876],[-122.780058,43.937957],[-122.779956,43.938035],[-122.779851,43.93811],[-122.779742,43.938182],[-122.779629,43.93825],[-122.779512,43.938316],[-122.779391,43.938378],[-122.778844,43.938648],[-122.779962,43.93888]]]}},{"type":"Feature","properties":{"MAPTAXLOT":"1901020001602","MAPNUMBER":"19010200","TAXLOT":"1602","ACCTNO":"0810992","MAPACRES":2.60184984},"geometry":{"type":"Polygon","coordinates":[[[-122.77858,43.939562],[-122.779692,43.939744],[-122.779962,43.93888],[-122.778844,43.938648],[-122.778432,43.938852],[-122.778482,43.939016],[-122.778619,43.939341],[-122.77858,43.939562]]]}},{"type":"Feature","properties":{"MAPTAXLOT":"1901020001603","MAPNUMBER":"19010200","TAXLOT":"1603","ACCTNO":"1718194","MAPACRES":5.00090999},"geometry":{"type":"Polygon","coordinates":[[[-122.776648,43.944097],[-122.776759,43.944097],[-122.776773,43.94241],[-122.775428,43.942408],[-122.775414,43.944095],[-122.776648,43.944097]]]}},{"type":"Feature","properties":{"MAPTAXLOT":"1901020001604","MAPNUMBER":"19010200","TAXLOT":"1604","ACCTNO":"1184157","MAPACRES":23.49837107},"geometry":{"type":"Polygon","coordinates":[[[-122.775406,43.93694],[-122.777607,43.936915],[-122.778298,43.937969],[-122.777597,43.938346],[-122.777594,43.939142],[-122.778176,43.93883],[-122.778486,43.938677],[-122.778632,43.938588],[-122.778945,43.938433],[-122.779091,43.938344],[-122.779302,43.938257],[-122.77942,43.938195],[-122.779535,43.938131],[-122.779646,43.938063],[-122.779753,43.937992],[-122.779855,43.937917],[-122.779954,43.93784],[-122.780124,43.937712],[-122.780865,43.937014],[-122.778275,43.936477],[-122.777287,43.934278],[-122.775427,43.934285],[-122.775406,43.93694]]]}},{"type":"Feature","properties":{"MAPTAXLOT":"1901020001605","MAPNUMBER":"19010200","TAXLOT":"1605","ACCTNO":"1643012","MAPACRES":7.68683421},"geometry":{"type":"Polygon","coordinates":[[[-122.777366,43.939255],[-122.777366,43.939279],[-122.777463,43.939212],[-122.777594,43.939142],[-122.777597,43.938346],[-122.778298,43.937969],[-122.777607,43.936915],[-122.775406,43.93694],[-122.775404,43.937196],[-122.7754,43.938178],[-122.77737,43.938181],[-122.777366,43.939255]]]}},{"type":"Feature","properties":{"MAPTAXLOT":"1901020001606","MAPNUMBER":"19010200","TAXLOT":"1606","ACCTNO":"1714813","MAPACRES":9.91093069},"geometry":{"type":"Polygon","coordinates":[[[-122.778933,43.944438],[-122.780295,43.944439],[-122.780307,43.942417],[-122.778431,43.942413],[-122.777791,43.944099],[-122.77779,43.944406],[-122.778932,43.944393],[-122.778933,43.944438]]]}},{"type":"Feature","properties":{"MAPTAXLOT":"1901020001700","MAPNUMBER":"19010200","TAXLOT":"1700","ACCTNO":"0811008","MAPACRES":0.69470151},"geometry":{"type":"Polygon","coordinates":[[[-122.77516,43.942716],[-122.77516,43.942716],[-122.775197,43.942716],[-122.775201,43.942263],[-122.775196,43.942263],[-122.774504,43.942262],[-122.774502,43.942715],[-122.77516,43.942716]]]}},{"type":"Feature","properties":{"MAPTAXLOT":"1901020001701","MAPNUMBER":"19010200","TAXLOT":"1701","ACCTNO":"0811016","MAPACRES":0.31654199},"geometry":{"type":"Polygon","coordinates":[[[-122.774504,43.942262],[-122.775196,43.942263],[-122.775201,43.942263],[-122.775202,43.942122],[-122.775203,43.942058],[-122.775165,43.942057],[-122.774505,43.942057],[-122.774504,43.942262]]]}},{"type":"Feature","properties":{"MAPTAXLOT":"1901020001800","MAPNUMBER":"19010200","TAXLOT":"1800","ACCTNO":"0811024","MAPACRES":0.47658195},"geometry":{"type":"Polygon","coordinates":[[[-122.774499,43.943373],[-122.775156,43.943374],[-122.775158,43.943045],[-122.7745,43.943044],[-122.774499,43.943373]]]}},{"type":"Feature","properties":{"MAPTAXLOT":"1901020001801","MAPNUMBER":"19010200","TAXLOT":"1801","ACCTNO":"0811032","MAPACRES":0.71159186},"geometry":{"type":"Polygon","coordinates":[[[-122.774502,43.943776],[-122.77519,43.943905],[-122.775193,43.943374],[-122.775156,43.943374],[-122.774499,43.943373],[-122.774502,43.943776]]]}},{"type":"Feature","properties":{"MAPTAXLOT":"1901020001802","MAPNUMBER":"19010200","TAXLOT":"1802","ACCTNO":"0811040","MAPACRES":0.62425273},"geometry":{"type":"Polygon","coordinates":[[[-122.774498,43.944167],[-122.775102,43.94432],[-122.775145,43.944304],[-122.77519,43.944273],[-122.77519,43.943905],[-122.774502,43.943776],[-122.774498,43.944167]]]}},{"type":"Feature","properties":{"MAPTAXLOT":"1901020001803","MAPNUMBER":"19010200","TAXLOT":"1803","ACCTNO":"1572732","MAPACRES":0.47731147},"geometry":{"type":"Polygon","coordinates":[[[-122.7745,43.943044],[-122.775158,43.943045],[-122.775158,43.943045],[-122.77516,43.942716],[-122.774502,43.942715],[-122.7745,43.943044]]]}},{"type":"Feature","properties":{"MAPTAXLOT":"1901020001900","MAPNUMBER":"19010200","TAXLOT":"1900","ACCTNO":"0811057","MAPACRES":0.48003768},"geometry":{"type":"Polygon","coordinates":[[[-122.774215,43.944095],[-122.774498,43.944167],[-122.774502,43.943776],[-122.774499,43.943373],[-122.77421,43.943373],[-122.774215,43.944095]]]}},{"type":"Feature","properties":{"MAPTAXLOT":"1901020002000","MAPNUMBER":"19010200","TAXLOT":"2000","ACCTNO":"0811065","MAPACRES":1.78827019},"geometry":{"type":"Polygon","coordinates":[[[-122.77267,43.943704],[-122.774215,43.944095],[-122.77421,43.943373],[-122.772687,43.94337],[-122.77267,43.943704]]]}},{"type":"Feature","properties":{"MAPTAXLOT":"1901020002100","MAPNUMBER":"19010200","TAXLOT":"2100","ACCTNO":"1084878","MAPACRES":47.47354133},"geometry":{"type":"Polygon","coordinates":[[[-122.768895,43.940278],[-122.770244,43.94022],[-122.770254,43.94022],[-122.77026,43.938745],[-122.770264,43.937734],[-122.770272,43.934999],[-122.767804,43.935029],[-122.765354,43.935059],[-122.765353,43.936373],[-122.765352,43.937594],[-122.76535,43.937776],[-122.766972,43.937765],[-122.76697,43.939595],[-122.767439,43.940153],[-122.767439,43.94034],[-122.768882,43.940278],[-122.768895,43.940278]]]}},{"type":"Feature","properties":{"MAPTAXLOT":"1901020002101","MAPNUMBER":"19010200","TAXLOT":"2101","ACCTNO":"0811081","MAPACRES":2.07646436},"geometry":{"type":"MultiPolygon","coordinates":[[[[-122.771322,43.943217],[-122.771314,43.943241],[-122.771317,43.943242],[-122.771383,43.94327],[-122.77159,43.943353],[-122.7718,43.943432],[-122.772014,43.943507],[-122.77223,43.943577],[-122.772449,43.943643],[-122.77267,43.943704],[-122.772687,43.94337],[-122.772701,43.943102],[-122.77133,43.943066],[-122.771322,43.943217]]],[[[-122.771203,43.94359],[-122.771721,43.94372],[-122.771964,43.943792],[-122.77239,43.943898],[-122.772641,43.94396],[-122.772973,43.944042],[-122.773611,43.944212],[-122.774049,43.944353],[-122.774414,43.944434],[-122.774867,43.944435],[-122.772632,43.943869],[-122.77243,43.943815],[-122.772229,43.943756],[-122.77203,43.943695],[-122.771834,43.943629],[-122.77164,43.94356],[-122.771449,43.943487],[-122.77126,43.943411],[-122.771203,43.94359]]]]}},{"type":"Feature","properties":{"MAPTAXLOT":"1901020002102","MAPNUMBER":"19010200","TAXLOT":"2102","ACCTNO":"0811099","MAPACRES":31.27755698},"geometry":{"type":"Polygon","coordinates":[[[-122.771439,43.94681],[-122.770869,43.946823],[-122.77099,43.949547],[-122.773794,43.949537],[-122.773808,43.944434],[-122.773458,43.94438],[-122.773224,43.944345],[-122.772924,43.944276],[-122.77265,43.944224],[-122.772288,43.944138],[-122.77199,43.94406],[-122.771737,43.943989],[-122.771537,43.943945],[-122.771309,43.94389],[-122.771439,43.94681]]]}},{"type":"Feature","properties":{"MAPTAXLOT":"1901020002103","MAPNUMBER":"19010200","TAXLOT":"2103","ACCTNO":"0811107","MAPACRES":0.79897421},"geometry":{"type":"Polygon","coordinates":[[[-122.769829,43.943196],[-122.770229,43.943325],[-122.77049,43.943377],[-122.77096,43.94353],[-122.771203,43.94359],[-122.77126,43.943411],[-122.77074,43.943184],[-122.770648,43.943147],[-122.770552,43.943113],[-122.770453,43.943084],[-122.770353,43.943059],[-122.77025,43.943039],[-122.770146,43.943023],[-122.770041,43.943012],[-122.769935,43.943006],[-122.769828,43.943004],[-122.769828,43.943004],[-122.769829,43.943196]]]}},{"type":"Feature","properties":{"MAPTAXLOT":"1901020002106","MAPNUMBER":"19010200","TAXLOT":"2106","ACCTNO":"0811123","MAPACRES":0.37040252},"geometry":{"type":"Polygon","coordinates":[[[-122.769439,43.942842],[-122.769836,43.942839],[-122.769859,43.942433],[-122.769444,43.94242],[-122.769439,43.942842]]]}},{"type":"Feature","properties":{"MAPTAXLOT":"1901020002107","MAPNUMBER":"19010200","TAXLOT":"2107","ACCTNO":"0811131","MAPACRES":2.46519049},"geometry":{"type":"Polygon","coordinates":[[[-122.767443,43.943699],[-122.767984,43.943723],[-122.768929,43.94336],[-122.769829,43.943196],[-122.769828,43.943004],[-122.767443,43.94302],[-122.767443,43.943699]]]}},{"type":"Feature","properties":{"MAPTAXLOT":"1901020002108","MAPNUMBER":"19010200","TAXLOT":"2108","ACCTNO":"0811149","MAPACRES":0.39545519},"geometry":{"type":"Polygon","coordinates":[[[-122.769018,43.942845],[-122.769439,43.942842],[-122.769444,43.94242],[-122.769029,43.942407],[-122.769018,43.942845]]]}},{"type":"Feature","properties":{"MAPTAXLOT":"1901020002109","MAPNUMBER":"19010200","TAXLOT":"2109","ACCTNO":"0811156","MAPACRES":0.92669767},"geometry":{"type":"Polygon","coordinates":[[[-122.769836,43.942839],[-122.769943,43.942841],[-122.770051,43.942847],[-122.770157,43.942858],[-122.770263,43.942872],[-122.770367,43.942891],[-122.77047,43.942914],[-122.770571,43.94294],[-122.770605,43.94235],[-122.769869,43.942261],[-122.769859,43.942433],[-122.769836,43.942839]]]}},{"type":"Feature","properties":{"MAPTAXLOT":"1901020002110","MAPNUMBER":"19010200","TAXLOT":"2110","ACCTNO":"0811164","MAPACRES":1.01449156},"geometry":{"type":"Polygon","coordinates":[[[-122.769444,43.94242],[-122.769859,43.942433],[-122.769869,43.942261],[-122.769891,43.941885],[-122.769043,43.941859],[-122.769029,43.942407],[-122.769444,43.94242]]]}},{"type":"Feature","properties":{"MAPTAXLOT":"1901020002111","MAPNUMBER":"19010200","TAXLOT":"2111","ACCTNO":"0811172","MAPACRES":1.02500596},"geometry":{"type":"Polygon","coordinates":[[[-122.770584,43.942944],[-122.770677,43.942974],[-122.770769,43.943007],[-122.770858,43.943044],[-122.771027,43.943117],[-122.771034,43.94312],[-122.771316,43.942904],[-122.771343,43.942438],[-122.770605,43.94235],[-122.770571,43.94294],[-122.770584,43.942944]]]}},{"type":"Feature","properties":{"MAPTAXLOT":"1901020002112","MAPNUMBER":"19010200","TAXLOT":"2112","ACCTNO":"1108255","MAPACRES":3.96291932},"geometry":{"type":"Polygon","coordinates":[[[-122.77026,43.938745],[-122.772139,43.938754],[-122.771948,43.937746],[-122.770265,43.937734],[-122.770264,43.937734],[-122.77026,43.938745]]]}},{"type":"Feature","properties":{"MAPTAXLOT":"1901020002113","MAPNUMBER":"19010200","TAXLOT":"2113","ACCTNO":"1447471","MAPACRES":4.73073491},"geometry":{"type":"Polygon","coordinates":[[[-122.767442,43.942855],[-122.769018,43.942845],[-122.769029,43.942407],[-122.769043,43.941859],[-122.768895,43.941458],[-122.767445,43.941516],[-122.76744,43.941516],[-122.767442,43.942855]]]}},{"type":"Feature","properties":{"MAPTAXLOT":"1901020002114","MAPNUMBER":"19010200","TAXLOT":"2114","ACCTNO":"1452661","MAPACRES":32.03923021},"geometry":{"type":"Polygon","coordinates":[[[-122.77421,43.943373],[-122.774499,43.943373],[-122.7745,43.943044],[-122.774502,43.942715],[-122.774504,43.942262],[-122.774505,43.942057],[-122.775165,43.942057],[-122.775154,43.940811],[-122.771003,43.940735],[-122.77069,43.940737],[-122.770251,43.940741],[-122.770251,43.940741],[-122.770254,43.94022],[-122.770244,43.94022],[-122.768895,43.940278],[-122.768882,43.940278],[-122.767439,43.94034],[-122.76744,43.941516],[-122.767445,43.941516],[-122.768895,43.941458],[-122.769043,43.941859],[-122.769891,43.941885],[-122.769869,43.942261],[-122.770605,43.94235],[-122.771343,43.942438],[-122.771316,43.942904],[-122.771034,43.94312],[-122.771314,43.943241],[-122.771322,43.943217],[-122.77133,43.943066],[-122.772701,43.943102],[-122.772687,43.94337],[-122.77421,43.943373]]]}},{"type":"Feature","properties":{"MAPTAXLOT":"1901020002115","MAPNUMBER":"19010200","TAXLOT":"2115","ACCTNO":"1637642","MAPACRES":7.40377065},"geometry":{"type":"Polygon","coordinates":[[[-122.765343,43.939666],[-122.765354,43.939664],[-122.765355,43.939664],[-122.765718,43.93962],[-122.767439,43.940153],[-122.76697,43.939595],[-122.766972,43.937765],[-122.76535,43.937776],[-122.76534,43.938669],[-122.765343,43.939666]]]}},{"type":"Feature","properties":{"MAPTAXLOT":"1901020002200","MAPNUMBER":"19010200","TAXLOT":"2200","ACCTNO":"0811180","MAPACRES":49.92380737},"geometry":{"type":"Polygon","coordinates":[[[-122.769776,43.949551],[-122.770371,43.949549],[-122.770813,43.949547],[-122.77099,43.949547],[-122.770869,43.946823],[-122.771439,43.94681],[-122.771309,43.94389],[-122.771039,43.943825],[-122.770948,43.943779],[-122.770742,43.943692],[-122.770498,43.943596],[-122.770228,43.943464],[-122.770219,43.944431],[-122.770219,43.944919],[-122.766247,43.944906],[-122.765912,43.948865],[-122.76589,43.948988],[-122.769777,43.948979],[-122.769776,43.949524],[-122.769776,43.949551]]]}},{"type":"Feature","properties":{"MAPTAXLOT":"1901020002201","MAPNUMBER":"19010200","TAXLOT":"2201","ACCTNO":"1084894","MAPACRES":10.25902437},"geometry":{"type":"Polygon","coordinates":[[[-122.766247,43.944906],[-122.770219,43.944919],[-122.770219,43.944431],[-122.770228,43.943464],[-122.770005,43.943416],[-122.769734,43.943409],[-122.769348,43.943468],[-122.768955,43.943567],[-122.768028,43.943866],[-122.767786,43.943896],[-122.767389,43.943898],[-122.766554,43.943901],[-122.766366,43.944294],[-122.766336,43.944362],[-122.766312,43.944431],[-122.766292,43.944501],[-122.766278,43.944571],[-122.766269,43.944642],[-122.766247,43.944906]]]}},{"type":"Feature","properties":{"MAPTAXLOT":"1901020002202","MAPNUMBER":"19010200","TAXLOT":"2202","ACCTNO":"1449329","MAPACRES":5.0775914},"geometry":{"type":"Polygon","coordinates":[[[-122.765737,43.949565],[-122.765743,43.949565],[-122.769764,43.949564],[-122.769776,43.949564],[-122.769776,43.949551],[-122.769776,43.949524],[-122.769777,43.948979],[-122.76589,43.948988],[-122.765737,43.949565]]]}},{"type":"Feature","properties":{"MAPTAXLOT":"1901020002300","MAPNUMBER":"19010200","TAXLOT":"2300","ACCTNO":"0811206","MAPACRES":10.17828724},"geometry":{"type":"Polygon","coordinates":[[[-122.780313,43.953222],[-122.780342,43.953222],[-122.780465,43.953221],[-122.780468,43.952121],[-122.780472,43.950575],[-122.780472,43.950536],[-122.780466,43.950548],[-122.780455,43.950563],[-122.780444,43.950578],[-122.780422,43.950597],[-122.780401,43.950613],[-122.780381,43.950624],[-122.780357,43.950635],[-122.780334,43.950642],[-122.780315,43.950647],[-122.780292,43.950651],[-122.780268,43.950655],[-122.780244,43.950658],[-122.780216,43.950661],[-122.780194,43.950662],[-122.78018,43.950663],[-122.780165,43.950664],[-122.779657,43.950697],[-122.779609,43.950701],[-122.779584,43.950704],[-122.779553,43.950708],[-122.779509,43.950717],[-122.779477,43.950724],[-122.779447,43.950732],[-122.779416,43.950741],[-122.779376,43.950753],[-122.779337,43.950768],[-122.779316,43.950775],[-122.779279,43.950791],[-122.779247,43.950806],[-122.779225,43.950818],[-122.779201,43.950832],[-122.77918,43.950846],[-122.779159,43.950861],[-122.779138,43.95088],[-122.77912,43.950895],[-122.77911,43.950906],[-122.779096,43.950922],[-122.779084,43.950937],[-122.779074,43.950953],[-122.779065,43.950964],[-122.779063,43.950968],[-122.779058,43.950978],[-122.779048,43.950997],[-122.778862,43.951472],[-122.778564,43.952148],[-122.778434,43.952449],[-122.778068,43.953214],[-122.778061,43.953225],[-122.778063,43.953225],[-122.780313,43.953222]]]}},{"type":"Feature","properties":{"MAPTAXLOT":"1901020002500","MAPNUMBER":"19010200","TAXLOT":"2500","ACCTNO":"0811222","MAPACRES":1.32718549},"geometry":{"type":"MultiPolygon","coordinates":[[[[-122.77949,43.945976],[-122.779606,43.946089],[-122.779617,43.946099],[-122.779647,43.946128],[-122.780048,43.946713],[-122.780456,43.947306],[-122.780482,43.947344],[-122.780482,43.947332],[-122.780483,43.947043],[-122.780483,43.946774],[-122.780475,43.946762],[-122.78026,43.946316],[-122.780254,43.946304],[-122.780247,43.94629],[-122.780237,43.946269],[-122.780223,43.946241],[-122.780212,43.946219],[-122.7802,43.946198],[-122.780187,43.946174],[-122.780176,43.946154],[-122.780171,43.946145],[-122.780163,43.946134],[-122.780139,43.946099],[-122.78013,43.946086],[-122.780117,43.946068],[-122.780106,43.946056],[-122.780099,43.946047],[-122.780079,43.946025],[-122.780059,43.946004],[-122.78005,43.945994],[-122.780027,43.945973],[-122.780006,43.945955],[-122.779984,43.945934],[-122.779963,43.945918],[-122.779909,43.945875],[-122.779886,43.945859],[-122.779553,43.94586],[-122.779371,43.94586],[-122.77949,43.945976]]],[[[-122.780205,43.94587],[-122.780237,43.9459],[-122.780249,43.945913],[-122.780268,43.945933],[-122.780292,43.945959],[-122.7803,43.94597],[-122.780313,43.945985],[-122.780332,43.946009],[-122.780343,43.946025],[-122.780367,43.946061],[-122.780376,43.946073],[-122.780386,43.94609],[-122.7804,43.946115],[-122.780412,43.946137],[-122.780424,43.946158],[-122.780437,43.946184],[-122.780452,43.946214],[-122.780463,43.946236],[-122.780468,43.946248],[-122.780475,43.946261],[-122.780485,43.946282],[-122.780485,43.946271],[-122.780486,43.945858],[-122.780196,43.945858],[-122.780192,43.945858],[-122.780205,43.94587]]]]}},{"type":"Feature","properties":{"MAPTAXLOT":"1901020002600","MAPNUMBER":"19010200","TAXLOT":"2600","ACCTNO":"0811230","MAPACRES":20.24954538},"geometry":{"type":"Polygon","coordinates":[[[-122.778716,43.945122],[-122.779133,43.945181],[-122.77931,43.945209],[-122.779485,43.94524],[-122.77966,43.945276],[-122.779832,43.945316],[-122.780479,43.945474],[-122.78062,43.945496],[-122.780762,43.945514],[-122.780905,43.945526],[-122.781049,43.945533],[-122.781194,43.945536],[-122.781338,43.945534],[-122.781482,43.945526],[-122.781625,43.945514],[-122.782687,43.945404],[-122.782807,43.945393],[-122.782927,43.945387],[-122.783048,43.945385],[-122.783169,43.945388],[-122.782244,43.942175],[-122.780308,43.942183],[-122.780307,43.942417],[-122.780295,43.944439],[-122.778933,43.944438],[-122.778925,43.944438],[-122.778716,43.945122]]]}},{"type":"Feature","properties":{"MAPTAXLOT":"1901020002700","MAPNUMBER":"19010200","TAXLOT":"2700","ACCTNO":"0984045","MAPACRES":1.0140077},"geometry":{"type":"Polygon","coordinates":[[[-122.785106,43.94595],[-122.785347,43.94604],[-122.785134,43.944386],[-122.784567,43.944425],[-122.784602,43.944698],[-122.784942,43.944675],[-122.785106,43.94595]]]}},{"type":"Feature","properties":{"MAPTAXLOT":"1901020002800","MAPNUMBER":"19010200","TAXLOT":"2800","ACCTNO":"0995827","MAPACRES":6.18358503},"geometry":{"type":"Polygon","coordinates":[[[-122.784317,43.945654],[-122.785106,43.94595],[-122.784942,43.944675],[-122.784602,43.944698],[-122.784567,43.944425],[-122.785134,43.944386],[-122.784916,43.942693],[-122.783788,43.942839],[-122.783839,43.943111],[-122.784317,43.945654]]]}},{"type":"Feature","properties":{"MAPTAXLOT":"1901020002900","MAPNUMBER":"19010200","TAXLOT":"2900","ACCTNO":"1032323","MAPACRES":2.66346969},"geometry":{"type":"Polygon","coordinates":[[[-122.775411,43.940431],[-122.775557,43.940542],[-122.775718,43.940424],[-122.775515,43.940269],[-122.774241,43.940245],[-122.773642,43.939541],[-122.772616,43.939911],[-122.772705,43.940381],[-122.775411,43.940431]]]}},{"type":"Feature","properties":{"MAPTAXLOT":"1901020002901","MAPNUMBER":"19010200","TAXLOT":"2901","ACCTNO":"1105939","MAPACRES":10.12333329},"geometry":{"type":"Polygon","coordinates":[[[-122.775155,43.940812],[-122.775192,43.940812],[-122.775192,43.940808],[-122.775352,43.940691],[-122.775297,43.94065],[-122.772489,43.940598],[-122.772139,43.938754],[-122.77026,43.938745],[-122.770254,43.94022],[-122.770251,43.940741],[-122.770251,43.940741],[-122.77069,43.940737],[-122.771003,43.940735],[-122.775154,43.940811],[-122.775155,43.940812]]]}},{"type":"Feature","properties":{"MAPTAXLOT":"1901020002902","MAPNUMBER":"19010200","TAXLOT":"2902","ACCTNO":"1127834","MAPACRES":22.58332537},"geometry":{"type":"Polygon","coordinates":[[[-122.775297,43.94065],[-122.775352,43.940691],[-122.775557,43.940542],[-122.775411,43.940431],[-122.772705,43.940381],[-122.772616,43.939911],[-122.772535,43.939482],[-122.772477,43.939174],[-122.772108,43.937226],[-122.772947,43.937217],[-122.773009,43.934293],[-122.770274,43.934302],[-122.770272,43.934999],[-122.770264,43.937734],[-122.770265,43.937734],[-122.771948,43.937746],[-122.772139,43.938754],[-122.772489,43.940598],[-122.775297,43.94065]]]}},{"type":"Feature","properties":{"MAPTAXLOT":"1901020003000","MAPNUMBER":"19010200","TAXLOT":"3000","ACCTNO":"1052537","MAPACRES":4.97422335},"geometry":{"type":"Polygon","coordinates":[[[-122.783408,43.945407],[-122.78352,43.945422],[-122.783632,43.945442],[-122.783743,43.945465],[-122.783851,43.945492],[-122.783958,43.945523],[-122.784062,43.945558],[-122.784317,43.945654],[-122.783839,43.943111],[-122.782786,43.943248],[-122.783408,43.945407]]]}},{"type":"Feature","properties":{"MAPTAXLOT":"1901020003001","MAPNUMBER":"19010200","TAXLOT":"3001","ACCTNO":"1548369","MAPACRES":5.7525249},"geometry":{"type":"Polygon","coordinates":[[[-122.783169,43.945388],[-122.783289,43.945395],[-122.783408,43.945407],[-122.782786,43.943248],[-122.783839,43.943111],[-122.783788,43.942839],[-122.784916,43.942693],[-122.784846,43.942147],[-122.783855,43.942164],[-122.782244,43.942175],[-122.783169,43.945388]]]}},{"type":"Feature","properties":{"MAPTAXLOT":"1901020003100","MAPNUMBER":"19010200","TAXLOT":"3100","ACCTNO":"1054988","MAPACRES":6.74969262},"geometry":{"type":"Polygon","coordinates":[[[-122.774241,43.940245],[-122.775515,43.940269],[-122.775718,43.940424],[-122.776039,43.94019],[-122.775989,43.940152],[-122.775834,43.939589],[-122.775636,43.939328],[-122.775347,43.939011],[-122.775214,43.938908],[-122.774963,43.938799],[-122.774573,43.938719],[-122.774367,43.938741],[-122.774038,43.938685],[-122.774023,43.93866],[-122.773149,43.938934],[-122.773164,43.938959],[-122.772477,43.939174],[-122.772535,43.939482],[-122.773715,43.939056],[-122.774241,43.940245]]]}},{"type":"Feature","properties":{"MAPTAXLOT":"1901020003101","MAPNUMBER":"19010200","TAXLOT":"3101","ACCTNO":"1450327","MAPACRES":1.49095164},"geometry":{"type":"Polygon","coordinates":[[[-122.773642,43.939541],[-122.774241,43.940245],[-122.773715,43.939056],[-122.772535,43.939482],[-122.772616,43.939911],[-122.773642,43.939541]]]}},{"type":"Feature","properties":{"MAPTAXLOT":"1901020003200","MAPNUMBER":"19010200","TAXLOT":"3200","ACCTNO":"0814143","MAPACRES":31.80991187},"geometry":{"type":"Polygon","coordinates":[[[-122.774038,43.938685],[-122.774367,43.938741],[-122.774573,43.938719],[-122.774963,43.938799],[-122.775214,43.938908],[-122.775347,43.939011],[-122.775636,43.939328],[-122.775834,43.939589],[-122.775668,43.938991],[-122.775887,43.93894],[-122.776255,43.938949],[-122.776709,43.939707],[-122.777366,43.939255],[-122.77737,43.938181],[-122.7754,43.938178],[-122.775404,43.937196],[-122.775406,43.93694],[-122.775427,43.934285],[-122.773009,43.934293],[-122.772947,43.937217],[-122.772108,43.937226],[-122.772477,43.939174],[-122.773164,43.938959],[-122.773149,43.938934],[-122.774023,43.93866],[-122.774038,43.938685]]]}},{"type":"Feature","properties":{"MAPTAXLOT":"1901020003300","MAPNUMBER":"19010200","TAXLOT":"3300","ACCTNO":"0811289","MAPACRES":21.91957228},"geometry":{"type":"Polygon","coordinates":[[[-122.78153,43.948071],[-122.781978,43.948334],[-122.782571,43.948646],[-122.783061,43.948834],[-122.783561,43.948937],[-122.784139,43.949029],[-122.784766,43.949078],[-122.785568,43.946294],[-122.783968,43.945693],[-122.783862,43.945658],[-122.783753,43.945627],[-122.783642,43.9456],[-122.783529,43.945578],[-122.783415,43.945561],[-122.7833,43.945548],[-122.783184,43.94554],[-122.783067,43.945536],[-122.78295,43.945537],[-122.782834,43.945543],[-122.782718,43.945553],[-122.782699,43.945555],[-122.782031,43.946418],[-122.781983,43.946479],[-122.781996,43.9465],[-122.782018,43.946542],[-122.782031,43.946571],[-122.782033,43.946576],[-122.782053,43.946527],[-122.782068,43.94653],[-122.782199,43.946558],[-122.782054,43.946919],[-122.781972,43.947163],[-122.781972,43.947163],[-122.781965,43.947182],[-122.781797,43.947667],[-122.781769,43.94774],[-122.781734,43.94781],[-122.781692,43.947879],[-122.781644,43.947946],[-122.78159,43.94801],[-122.78153,43.948071]]]}},{"type":"Feature","properties":{"MAPTAXLOT":"1901020003301","MAPNUMBER":"19010200","TAXLOT":"3301","ACCTNO":"1448842","MAPACRES":1.52908896},"geometry":{"type":"Polygon","coordinates":[[[-122.781303,43.947968],[-122.781394,43.948019],[-122.781419,43.947995],[-122.781471,43.947941],[-122.781517,43.947885],[-122.781559,43.947827],[-122.781594,43.947766],[-122.781625,43.947704],[-122.781649,43.947641],[-122.781756,43.947333],[-122.78169,43.947325],[-122.78166,43.947321],[-122.781043,43.947214],[-122.781005,43.947206],[-122.780952,43.947191],[-122.780904,43.947173],[-122.780845,43.947146],[-122.7808,43.947121],[-122.780774,43.947104],[-122.780766,43.947099],[-122.780742,43.94708],[-122.780695,43.947073],[-122.780483,43.947043],[-122.780482,43.947332],[-122.780482,43.947344],[-122.780667,43.947614],[-122.78129,43.947961],[-122.781303,43.947968]]]}},{"type":"Feature","properties":{"MAPTAXLOT":"1901020003400","MAPNUMBER":"19010200","TAXLOT":"3400","ACCTNO":"1087996","MAPACRES":1.66359073},"geometry":{"type":"Polygon","coordinates":[[[-122.775989,43.940152],[-122.776039,43.94019],[-122.776577,43.939797],[-122.776709,43.939707],[-122.776255,43.938949],[-122.775887,43.93894],[-122.775668,43.938991],[-122.775834,43.939589],[-122.775989,43.940152]]]}},{"type":"Feature","properties":{"MAPTAXLOT":"1901020003500","MAPNUMBER":"19010200","TAXLOT":"3500","ACCTNO":"1790938","MAPACRES":3.01560737},"geometry":{"type":"Polygon","coordinates":[[[-122.776728,43.951027],[-122.778874,43.951037],[-122.778904,43.950962],[-122.778915,43.950941],[-122.778921,43.950928],[-122.778929,43.950915],[-122.778939,43.950902],[-122.77895,43.950885],[-122.778967,43.950865],[-122.778982,43.950847],[-122.778998,43.95083],[-122.779021,43.95081],[-122.779042,43.950792],[-122.779047,43.950787],[-122.779074,43.950767],[-122.779101,43.950749],[-122.779133,43.950731],[-122.77916,43.950716],[-122.779199,43.950698],[-122.779244,43.950679],[-122.779268,43.95067],[-122.77931,43.950655],[-122.779311,43.950654],[-122.779361,43.950638],[-122.779042,43.950664],[-122.779055,43.950442],[-122.778117,43.950438],[-122.777053,43.950434],[-122.776733,43.950433],[-122.776728,43.951027]]]}},{"type":"Feature","properties":{"MAPTAXLOT":"1901030000077","MAPNUMBER":"19010300","TAXLOT":"77","ACCTNO":"000None","MAPACRES":12.00712322},"geometry":{"type":"MultiPolygon","coordinates":[[[[-122.802193,43.947603],[-122.802347,43.947592],[-122.802502,43.947584],[-122.802656,43.947581],[-122.802811,43.947582],[-122.802965,43.947587],[-122.805727,43.947746],[-122.805726,43.947609],[-122.802977,43.94745],[-122.802816,43.947445],[-122.802654,43.947444],[-122.802493,43.947447],[-122.802331,43.947455],[-122.802171,43.947467],[-122.801382,43.947546],[-122.801148,43.947568],[-122.800913,43.947586],[-122.800678,43.9476],[-122.800414,43.947611],[-122.800149,43.947618],[-122.799885,43.94762],[-122.79962,43.947618],[-122.799544,43.947616],[-122.799308,43.947609],[-122.799072,43.947597],[-122.798836,43.947583],[-122.798796,43.94758],[-122.798645,43.947571],[-122.79804,43.947537],[-122.797774,43.947521],[-122.797546,43.947508],[-122.796709,43.94746],[-122.794522,43.947334],[-122.794363,43.947327],[-122.794203,43.947324],[-122.794043,43.947325],[-122.793884,43.94733],[-122.793725,43.94734],[-122.793596,43.94735],[-122.793469,43.947364],[-122.793341,43.94738],[-122.790761,43.947687],[-122.790679,43.947695],[-122.790597,43.947702],[-122.790477,43.947707],[-122.790357,43.947709],[-122.790237,43.947706],[-122.790117,43.947699],[-122.789998,43.947687],[-122.78988,43.947671],[-122.78977,43.947652],[-122.789662,43.94763],[-122.789556,43.947604],[-122.789461,43.947577],[-122.789365,43.947547],[-122.789271,43.947514],[-122.788632,43.947274],[-122.788429,43.947198],[-122.788201,43.947112],[-122.787402,43.946812],[-122.786375,43.946426],[-122.785347,43.94604],[-122.785568,43.946294],[-122.787763,43.947117],[-122.788353,43.947339],[-122.789174,43.947647],[-122.789293,43.94769],[-122.789415,43.947727],[-122.789539,43.947761],[-122.789665,43.947789],[-122.789793,43.947813],[-122.789923,43.947833],[-122.790054,43.947847],[-122.790186,43.947857],[-122.790318,43.947862],[-122.79045,43.947862],[-122.790583,43.947857],[-122.790583,43.94784],[-122.790687,43.947833],[-122.790791,43.947822],[-122.790792,43.947822],[-122.790792,43.947822],[-122.793372,43.947515],[-122.793498,43.947499],[-122.793624,43.947486],[-122.793751,43.947475],[-122.793752,43.947489],[-122.793894,43.947481],[-122.794037,43.947476],[-122.794179,43.947475],[-122.794322,43.947477],[-122.794414,43.94748],[-122.794506,43.947484],[-122.794895,43.947507],[-122.795468,43.94754],[-122.796041,43.947573],[-122.796614,43.947606],[-122.797187,43.947639],[-122.79776,43.947672],[-122.798333,43.947705],[-122.798819,43.947733],[-122.79894,43.947741],[-122.799141,43.947752],[-122.799342,43.947761],[-122.799543,43.947767],[-122.799828,43.947771],[-122.800112,43.94777],[-122.800396,43.947763],[-122.800679,43.947751],[-122.800679,43.947737],[-122.800923,43.947723],[-122.801166,43.947704],[-122.801408,43.947682],[-122.802193,43.947603]]],[[[-122.80177,43.950613],[-122.801936,43.950605],[-122.802102,43.950602],[-122.802268,43.950602],[-122.802434,43.950605],[-122.803477,43.95064],[-122.803763,43.95065],[-122.804487,43.950674],[-122.804604,43.950681],[-122.80472,43.950692],[-122.804835,43.950707],[-122.804949,43.950727],[-122.805061,43.950752],[-122.805171,43.950782],[-122.805278,43.950815],[-122.805383,43.950853],[-122.805492,43.950896],[-122.806092,43.951004],[-122.805845,43.950908],[-122.805455,43.950757],[-122.805375,43.950727],[-122.805294,43.9507],[-122.805187,43.950668],[-122.805079,43.950641],[-122.804969,43.950618],[-122.804857,43.950598],[-122.804744,43.950583],[-122.804619,43.950571],[-122.804494,43.950565],[-122.804141,43.950553],[-122.80376,43.95054],[-122.803475,43.95053],[-122.802441,43.950496],[-122.80227,43.950492],[-122.8021,43.950492],[-122.801929,43.950496],[-122.801758,43.950503],[-122.800982,43.950547],[-122.800885,43.950551],[-122.800787,43.950551],[-122.80069,43.950549],[-122.800582,43.950542],[-122.800475,43.950531],[-122.800369,43.950516],[-122.800264,43.950497],[-122.79664,43.949779],[-122.796487,43.949751],[-122.796333,43.949726],[-122.796178,43.949706],[-122.796022,43.94969],[-122.795635,43.949655],[-122.794737,43.949573],[-122.794558,43.949559],[-122.794378,43.949551],[-122.794197,43.949548],[-122.794017,43.94955],[-122.793736,43.949558],[-122.792217,43.949599],[-122.789482,43.949673],[-122.789361,43.949678],[-122.789241,43.949689],[-122.789122,43.949704],[-122.789004,43.949723],[-122.788887,43.949748],[-122.788773,43.949776],[-122.788112,43.949956],[-122.788005,43.949983],[-122.787895,43.950005],[-122.787785,43.950024],[-122.787673,43.950038],[-122.78756,43.950047],[-122.787447,43.950053],[-122.787159,43.95006],[-122.787019,43.950064],[-122.786803,43.950067],[-122.786587,43.950065],[-122.786372,43.950059],[-122.785628,43.95003],[-122.785526,43.950025],[-122.785526,43.950135],[-122.78562,43.95014],[-122.786319,43.950167],[-122.786364,43.950169],[-122.786584,43.950175],[-122.786804,43.950177],[-122.787024,43.950173],[-122.787105,43.950171],[-122.787452,43.950162],[-122.787564,43.950157],[-122.787675,43.950148],[-122.787786,43.950135],[-122.787895,43.950119],[-122.787986,43.950101],[-122.788076,43.950081],[-122.788165,43.950059],[-122.78829,43.950025],[-122.78829,43.950054],[-122.78884,43.949905],[-122.788944,43.949878],[-122.789051,43.949856],[-122.789159,43.949838],[-122.789268,43.949825],[-122.789379,43.949815],[-122.789489,43.94981],[-122.789589,43.949807],[-122.789708,43.949804],[-122.790183,43.949791],[-122.793642,43.949697],[-122.793642,43.94967],[-122.794023,43.94966],[-122.794197,43.949657],[-122.794371,43.94966],[-122.794545,43.949669],[-122.794718,43.949682],[-122.796003,43.949799],[-122.796154,43.949814],[-122.796304,43.949834],[-122.796452,43.949857],[-122.7966,43.949885],[-122.800224,43.950603],[-122.800339,43.950624],[-122.800455,43.95064],[-122.800573,43.950651],[-122.800691,43.950658],[-122.800792,43.950661],[-122.800893,43.95066],[-122.800994,43.950656],[-122.80177,43.950613]]]]}},{"type":"Feature","properties":{"MAPTAXLOT":"1901030000088","MAPNUMBER":"19010300","TAXLOT":"88","ACCTNO":"000None","MAPACRES":9.16876251},"geometry":{"type":"Polygon","coordinates":[[[-122.805737,43.949385],[-122.80526,43.949388],[-122.804874,43.949402],[-122.804553,43.949454],[-122.804402,43.949501],[-122.804242,43.949551],[-122.804117,43.949602],[-122.80395,43.949671],[-122.803742,43.949719],[-122.803642,43.949742],[-122.803458,43.949793],[-122.803329,43.949828],[-122.80303,43.949896],[-122.802716,43.949944],[-122.802473,43.949977],[-122.802377,43.949968],[-122.802309,43.949942],[-122.802268,43.949884],[-122.802183,43.949782],[-122.802036,43.949634],[-122.801937,43.949499],[-122.801932,43.949493],[-122.801754,43.949302],[-122.801605,43.949149],[-122.801383,43.948985],[-122.801055,43.948875],[-122.800683,43.948771],[-122.800105,43.948645],[-122.799535,43.948633],[-122.798971,43.948619],[-122.798409,43.948665],[-122.797848,43.948783],[-122.79728,43.948819],[-122.796714,43.948868],[-122.796153,43.948994],[-122.795587,43.949048],[-122.795016,43.949043],[-122.794446,43.94905],[-122.793878,43.949074],[-122.793622,43.949059],[-122.79318,43.949089],[-122.792554,43.949166],[-122.792002,43.94923],[-122.791427,43.949257],[-122.791002,43.949257],[-122.790582,43.949266],[-122.790272,43.949272],[-122.789677,43.949283],[-122.789624,43.949285],[-122.789086,43.949302],[-122.788603,43.949311],[-122.787826,43.949239],[-122.78775,43.949238],[-122.787343,43.94923],[-122.786821,43.949231],[-122.78605,43.949208],[-122.785553,43.949171],[-122.784911,43.94909],[-122.784766,43.949078],[-122.784731,43.949201],[-122.784863,43.949213],[-122.785401,43.949278],[-122.785529,43.949291],[-122.786082,43.949349],[-122.78709,43.949401],[-122.787161,43.949404],[-122.787822,43.949432],[-122.788326,43.949488],[-122.788801,43.949492],[-122.789084,43.949493],[-122.789576,43.949463],[-122.790215,43.949438],[-122.790697,43.949395],[-122.79118,43.949379],[-122.7917,43.949349],[-122.792022,43.949358],[-122.792217,43.949354],[-122.792325,43.949352],[-122.792811,43.949299],[-122.793237,43.949222],[-122.79362,43.949193],[-122.793736,43.949195],[-122.794005,43.949201],[-122.794286,43.949222],[-122.7947,43.949225],[-122.795114,43.949227],[-122.795453,43.949199],[-122.795634,43.94918],[-122.795895,43.949153],[-122.796271,43.949124],[-122.796608,43.949117],[-122.796902,43.949074],[-122.797217,43.948999],[-122.797583,43.948906],[-122.797848,43.948869],[-122.798142,43.94882],[-122.798518,43.948791],[-122.798835,43.94879],[-122.799212,43.948788],[-122.799642,43.948806],[-122.799827,43.948815],[-122.79991,43.948855],[-122.799991,43.948991],[-122.800069,43.949149],[-122.80014,43.949358],[-122.800192,43.949492],[-122.800259,43.949719],[-122.800324,43.949925],[-122.800388,43.950093],[-122.800408,43.950255],[-122.800437,43.950375],[-122.800536,43.950463],[-122.80069,43.950493],[-122.800714,43.950498],[-122.800924,43.950487],[-122.801144,43.950469],[-122.801497,43.950423],[-122.801829,43.950355],[-122.802204,43.950257],[-122.802464,43.950187],[-122.802746,43.950106],[-122.803349,43.949989],[-122.803462,43.94996],[-122.803605,43.949922],[-122.803746,43.949884],[-122.80396,43.949825],[-122.804121,43.949753],[-122.804389,43.949632],[-122.804718,43.949556],[-122.80479,43.94954],[-122.805113,43.94954],[-122.805286,43.949537],[-122.805409,43.949534],[-122.805644,43.949549],[-122.805738,43.949553],[-122.805738,43.949502],[-122.805737,43.949385]],[[-122.801969,43.950117],[-122.801875,43.950153],[-122.801656,43.950203],[-122.801399,43.950249],[-122.801081,43.9503],[-122.80088,43.950318],[-122.800774,43.9503],[-122.800723,43.950207],[-122.800655,43.95006],[-122.80065,43.949939],[-122.800667,43.949853],[-122.800625,43.949777],[-122.800519,43.949641],[-122.800412,43.94945],[-122.800357,43.949274],[-122.800245,43.94909],[-122.800201,43.948946],[-122.800231,43.948845],[-122.800315,43.948804],[-122.800397,43.948804],[-122.800577,43.948826],[-122.800684,43.948879],[-122.800815,43.948944],[-122.800979,43.949],[-122.801172,43.949119],[-122.801367,43.949264],[-122.801525,43.949404],[-122.801664,43.949499],[-122.801783,43.94958],[-122.801847,43.949684],[-122.801866,43.949714],[-122.801969,43.949878],[-122.802015,43.950057],[-122.801969,43.950117]]]}},{"type":"Feature","properties":{"MAPTAXLOT":"1901030000100","MAPNUMBER":"19010300","TAXLOT":"100","ACCTNO":"0811248","MAPACRES":0.81666155},"geometry":{"type":"Polygon","coordinates":[[[-122.786317,43.950644],[-122.787104,43.950646],[-122.787105,43.950171],[-122.787024,43.950173],[-122.786804,43.950177],[-122.786584,43.950175],[-122.786364,43.950169],[-122.786319,43.950167],[-122.786317,43.950644]]]}},{"type":"Feature","properties":{"MAPTAXLOT":"1901030000101","MAPNUMBER":"19010300","TAXLOT":"101","ACCTNO":"0811255","MAPACRES":0.86064824},"geometry":{"type":"Polygon","coordinates":[[[-122.785524,43.950643],[-122.786317,43.950644],[-122.786319,43.950167],[-122.78562,43.95014],[-122.785526,43.950135],[-122.785524,43.950643]]]}},{"type":"Feature","properties":{"MAPTAXLOT":"1901030000200","MAPNUMBER":"19010300","TAXLOT":"200","ACCTNO":"0811263","MAPACRES":0.85521128},"geometry":{"type":"Polygon","coordinates":[[[-122.787104,43.950646],[-122.787894,43.950647],[-122.787895,43.950119],[-122.787786,43.950135],[-122.787675,43.950148],[-122.787564,43.950157],[-122.787452,43.950162],[-122.787105,43.950171],[-122.787104,43.950646]]]}},{"type":"Feature","properties":{"MAPTAXLOT":"1901030000300","MAPNUMBER":"19010300","TAXLOT":"300","ACCTNO":"0811271","MAPACRES":0.4976202},"geometry":{"type":"Polygon","coordinates":[[[-122.787894,43.950647],[-122.788288,43.950647],[-122.78829,43.950054],[-122.78829,43.950025],[-122.788165,43.950059],[-122.788076,43.950081],[-122.787986,43.950101],[-122.787895,43.950119],[-122.787894,43.950647]]]}},{"type":"Feature","properties":{"MAPTAXLOT":"1901030000401","MAPNUMBER":"19010300","TAXLOT":"401","ACCTNO":"0982486","MAPACRES":10.01058424},"geometry":{"type":"Polygon","coordinates":[[[-122.789461,43.947577],[-122.789556,43.947604],[-122.789592,43.945975],[-122.790635,43.945987],[-122.790719,43.942213],[-122.79072,43.942162],[-122.789582,43.942096],[-122.789461,43.947577]]]}},{"type":"Feature","properties":{"MAPTAXLOT":"1901030000402","MAPNUMBER":"19010300","TAXLOT":"402","ACCTNO":"1004637","MAPACRES":9.82300751},"geometry":{"type":"Polygon","coordinates":[[[-122.785347,43.94604],[-122.786375,43.946426],[-122.78603,43.942124],[-122.785895,43.942126],[-122.785551,43.942133],[-122.785137,43.942142],[-122.784846,43.942147],[-122.784916,43.942693],[-122.785134,43.944386],[-122.785347,43.94604]]]}},{"type":"Feature","properties":{"MAPTAXLOT":"1901030000403","MAPNUMBER":"19010300","TAXLOT":"403","ACCTNO":"1008836","MAPACRES":10.29132157},"geometry":{"type":"Polygon","coordinates":[[[-122.787402,43.946812],[-122.788201,43.947112],[-122.788192,43.945597],[-122.787782,43.945599],[-122.787778,43.945007],[-122.788416,43.945003],[-122.788399,43.942097],[-122.787924,43.9421],[-122.787214,43.942104],[-122.787402,43.946812]]]}},{"type":"Feature","properties":{"MAPTAXLOT":"1901030000404","MAPNUMBER":"19010300","TAXLOT":"404","ACCTNO":"1008844","MAPACRES":1.61556004},"geometry":{"type":"Polygon","coordinates":[[[-122.788201,43.947112],[-122.788429,43.947198],[-122.788421,43.945929],[-122.788416,43.945003],[-122.787778,43.945007],[-122.787782,43.945599],[-122.788192,43.945597],[-122.788201,43.947112]]]}},{"type":"Feature","properties":{"MAPTAXLOT":"1901030000405","MAPNUMBER":"19010300","TAXLOT":"405","ACCTNO":"1008851","MAPACRES":10.8772755},"geometry":{"type":"Polygon","coordinates":[[[-122.786375,43.946426],[-122.787402,43.946812],[-122.787214,43.942104],[-122.786972,43.942106],[-122.78603,43.942124],[-122.786375,43.946426]]]}},{"type":"Feature","properties":{"MAPTAXLOT":"1901030000406","MAPNUMBER":"19010300","TAXLOT":"406","ACCTNO":"1010162","MAPACRES":11.06687685},"geometry":{"type":"Polygon","coordinates":[[[-122.788632,43.947274],[-122.789271,43.947514],[-122.789365,43.947547],[-122.789461,43.947577],[-122.789582,43.942096],[-122.789272,43.942079],[-122.78857,43.942096],[-122.788399,43.942097],[-122.788416,43.945003],[-122.788421,43.945929],[-122.788631,43.945057],[-122.789291,43.945082],[-122.789086,43.945933],[-122.788657,43.945929],[-122.788632,43.947274]]]}},{"type":"Feature","properties":{"MAPTAXLOT":"1901030000407","MAPNUMBER":"19010300","TAXLOT":"407","ACCTNO":"1051778","MAPACRES":1.89714452},"geometry":{"type":"Polygon","coordinates":[[[-122.788429,43.947198],[-122.788632,43.947274],[-122.788657,43.945929],[-122.789086,43.945933],[-122.789291,43.945082],[-122.788631,43.945057],[-122.788421,43.945929],[-122.788429,43.947198]]]}},{"type":"Feature","properties":{"MAPTAXLOT":"1901030000408","MAPNUMBER":"19010300","TAXLOT":"408","ACCTNO":"1059714","MAPACRES":3.90956415},"geometry":{"type":"Polygon","coordinates":[[[-122.789556,43.947604],[-122.789662,43.94763],[-122.78977,43.947652],[-122.78988,43.947671],[-122.789998,43.947687],[-122.790117,43.947699],[-122.790237,43.947706],[-122.790357,43.947709],[-122.790477,43.947707],[-122.790597,43.947702],[-122.790624,43.946509],[-122.790635,43.945987],[-122.789592,43.945975],[-122.789556,43.947604]]]}},{"type":"Feature","properties":{"MAPTAXLOT":"1901030000409","MAPNUMBER":"19010300","TAXLOT":"409","ACCTNO":"1059466","MAPACRES":5.67379927},"geometry":{"type":"Polygon","coordinates":[[[-122.78775,43.949238],[-122.787826,43.949239],[-122.788603,43.949311],[-122.789086,43.949302],[-122.789624,43.949285],[-122.789677,43.949283],[-122.789667,43.949122],[-122.789242,43.948534],[-122.789174,43.948559],[-122.788353,43.947339],[-122.787763,43.947117],[-122.78775,43.949238]]]}},{"type":"Feature","properties":{"MAPTAXLOT":"1901030000410","MAPNUMBER":"19010300","TAXLOT":"410","ACCTNO":"1310448","MAPACRES":14.66367158},"geometry":{"type":"Polygon","coordinates":[[[-122.784766,43.949078],[-122.784911,43.94909],[-122.785553,43.949171],[-122.78605,43.949208],[-122.786821,43.949231],[-122.787343,43.94923],[-122.78775,43.949238],[-122.787763,43.947117],[-122.785568,43.946294],[-122.784766,43.949078]]]}},{"type":"Feature","properties":{"MAPTAXLOT":"1901030000411","MAPNUMBER":"19010300","TAXLOT":"411","ACCTNO":"1431541","MAPACRES":4.86694672},"geometry":{"type":"Polygon","coordinates":[[[-122.789677,43.949283],[-122.790272,43.949272],[-122.790582,43.949266],[-122.790583,43.947857],[-122.79045,43.947862],[-122.790318,43.947862],[-122.790186,43.947857],[-122.790054,43.947847],[-122.789923,43.947833],[-122.789793,43.947813],[-122.789665,43.947789],[-122.789539,43.947761],[-122.789415,43.947727],[-122.789293,43.94769],[-122.789174,43.947647],[-122.788353,43.947339],[-122.789174,43.948559],[-122.789242,43.948534],[-122.789667,43.949122],[-122.789677,43.949283]]]}},{"type":"Feature","properties":{"MAPTAXLOT":"1901030000500","MAPNUMBER":"19010300","TAXLOT":"500","ACCTNO":"0811297","MAPACRES":3.59460517},"geometry":{"type":"Polygon","coordinates":[[[-122.787161,43.949487],[-122.787159,43.95006],[-122.787447,43.950053],[-122.78756,43.950047],[-122.787673,43.950038],[-122.787785,43.950024],[-122.787895,43.950005],[-122.788005,43.949983],[-122.788112,43.949956],[-122.788773,43.949776],[-122.788887,43.949748],[-122.789004,43.949723],[-122.789122,43.949704],[-122.789241,43.949689],[-122.789361,43.949678],[-122.789482,43.949673],[-122.792217,43.949599],[-122.792217,43.949491],[-122.792217,43.949354],[-122.792022,43.949358],[-122.7917,43.949349],[-122.79118,43.949379],[-122.790697,43.949395],[-122.790215,43.949438],[-122.789576,43.949463],[-122.789084,43.949493],[-122.788801,43.949492],[-122.788326,43.949488],[-122.787822,43.949432],[-122.787161,43.949404],[-122.787161,43.949487]]]}},{"type":"Feature","properties":{"MAPTAXLOT":"1901030000501","MAPNUMBER":"19010300","TAXLOT":"501","ACCTNO":"0811305","MAPACRES":1.03392376},"geometry":{"type":"Polygon","coordinates":[[[-122.792217,43.949491],[-122.792217,43.949599],[-122.793736,43.949558],[-122.793736,43.949493],[-122.793736,43.949195],[-122.79362,43.949193],[-122.793237,43.949222],[-122.792811,43.949299],[-122.792325,43.949352],[-122.792217,43.949354],[-122.792217,43.949491]]]}},{"type":"Feature","properties":{"MAPTAXLOT":"1901030000600","MAPNUMBER":"19010300","TAXLOT":"600","ACCTNO":"0811313","MAPACRES":1.54384236},"geometry":{"type":"Polygon","coordinates":[[[-122.793736,43.949558],[-122.794017,43.94955],[-122.794197,43.949548],[-122.794378,43.949551],[-122.794558,43.949559],[-122.794737,43.949573],[-122.795635,43.949655],[-122.795635,43.949494],[-122.795634,43.94918],[-122.795453,43.949199],[-122.795114,43.949227],[-122.7947,43.949225],[-122.794286,43.949222],[-122.794005,43.949201],[-122.793736,43.949195],[-122.793736,43.949493],[-122.793736,43.949558]]]}},{"type":"Feature","properties":{"MAPTAXLOT":"1901030000700","MAPNUMBER":"19010300","TAXLOT":"700","ACCTNO":"0811321","MAPACRES":11.30734888},"geometry":{"type":"Polygon","coordinates":[[[-122.795635,43.949655],[-122.796022,43.94969],[-122.796178,43.949706],[-122.796333,43.949726],[-122.796487,43.949751],[-122.79664,43.949779],[-122.800264,43.950497],[-122.800369,43.950516],[-122.800475,43.950531],[-122.800582,43.950542],[-122.80069,43.950549],[-122.80069,43.950493],[-122.800536,43.950463],[-122.800437,43.950375],[-122.800408,43.950255],[-122.800388,43.950093],[-122.800324,43.949925],[-122.800259,43.949719],[-122.800192,43.949492],[-122.80014,43.949358],[-122.800069,43.949149],[-122.799991,43.948991],[-122.79991,43.948855],[-122.799827,43.948815],[-122.799642,43.948806],[-122.799212,43.948788],[-122.798835,43.94879],[-122.798518,43.948791],[-122.798142,43.94882],[-122.797848,43.948869],[-122.797583,43.948906],[-122.797217,43.948999],[-122.796902,43.949074],[-122.796608,43.949117],[-122.796271,43.949124],[-122.795895,43.949153],[-122.795634,43.94918],[-122.795635,43.949494],[-122.795635,43.949655]]]}},{"type":"Feature","properties":{"MAPTAXLOT":"1901030000800","MAPNUMBER":"19010300","TAXLOT":"800","ACCTNO":"0811339","MAPACRES":69.76615489},"geometry":{"type":"Polygon","coordinates":[[[-122.790635,43.945987],[-122.790624,43.946509],[-122.790597,43.947702],[-122.790679,43.947695],[-122.790761,43.947687],[-122.793341,43.94738],[-122.793469,43.947364],[-122.793596,43.94735],[-122.793725,43.94734],[-122.793884,43.94733],[-122.794043,43.947325],[-122.794203,43.947324],[-122.794363,43.947327],[-122.794522,43.947334],[-122.796709,43.94746],[-122.796705,43.942889],[-122.796705,43.942218],[-122.795622,43.942217],[-122.790719,43.942213],[-122.790635,43.945987]]]}},{"type":"Feature","properties":{"MAPTAXLOT":"1901030000801","MAPNUMBER":"19010300","TAXLOT":"801","ACCTNO":"0811347","MAPACRES":0.93575565},"geometry":{"type":"Polygon","coordinates":[[[-122.79962,43.947618],[-122.799885,43.94762],[-122.800149,43.947618],[-122.800414,43.947611],[-122.800678,43.9476],[-122.800677,43.947187],[-122.79962,43.947239],[-122.79962,43.947618]]]}},{"type":"Feature","properties":{"MAPTAXLOT":"1901030000802","MAPNUMBER":"19010300","TAXLOT":"802","ACCTNO":"0811354","MAPACRES":2.31328418},"geometry":{"type":"Polygon","coordinates":[[[-122.798796,43.94758],[-122.798836,43.947583],[-122.799072,43.947597],[-122.799308,43.947609],[-122.799544,43.947616],[-122.799543,43.946454],[-122.799619,43.946454],[-122.799619,43.946221],[-122.799543,43.946221],[-122.798795,43.946221],[-122.798796,43.94758],[-122.798796,43.94758]]]}},{"type":"Feature","properties":{"MAPTAXLOT":"1901030000803","MAPNUMBER":"19010300","TAXLOT":"803","ACCTNO":"0811362","MAPACRES":1.38203469},"geometry":{"type":"Polygon","coordinates":[[[-122.798645,43.947571],[-122.798796,43.94758],[-122.798796,43.94758],[-122.798795,43.946221],[-122.798039,43.946222],[-122.798039,43.946902],[-122.798644,43.946936],[-122.798645,43.947571],[-122.798645,43.947571]]]}},{"type":"Feature","properties":{"MAPTAXLOT":"1901030000804","MAPNUMBER":"19010300","TAXLOT":"804","ACCTNO":"0978799","MAPACRES":0.84691638},"geometry":{"type":"Polygon","coordinates":[[[-122.79804,43.947537],[-122.798645,43.947571],[-122.798645,43.947571],[-122.798644,43.946936],[-122.798039,43.946902],[-122.79804,43.947537]]]}},{"type":"Feature","properties":{"MAPTAXLOT":"1901030000805","MAPNUMBER":"19010300","TAXLOT":"805","ACCTNO":"1019858","MAPACRES":4.97115443},"geometry":{"type":"Polygon","coordinates":[[[-122.800669,43.94526],[-122.798911,43.945261],[-122.798911,43.946029],[-122.797773,43.94603],[-122.797774,43.947521],[-122.79804,43.947537],[-122.798039,43.946902],[-122.798039,43.946222],[-122.798795,43.946221],[-122.799543,43.946221],[-122.799619,43.946221],[-122.800673,43.94622],[-122.800669,43.94526]]]}},{"type":"Feature","properties":{"MAPTAXLOT":"1901030000806","MAPNUMBER":"19010300","TAXLOT":"806","ACCTNO":"1053196","MAPACRES":10.78527276},"geometry":{"type":"Polygon","coordinates":[[[-122.797546,43.947508],[-122.797774,43.947521],[-122.797773,43.94603],[-122.798911,43.946029],[-122.798911,43.945261],[-122.79891,43.944219],[-122.800665,43.944218],[-122.800662,43.943579],[-122.800657,43.942221],[-122.798681,43.942219],[-122.798682,43.943478],[-122.798683,43.945865],[-122.797545,43.945865],[-122.797546,43.947508]]]}},{"type":"Feature","properties":{"MAPTAXLOT":"1901030000807","MAPNUMBER":"19010300","TAXLOT":"807","ACCTNO":"1076718","MAPACRES":1.99118673},"geometry":{"type":"Polygon","coordinates":[[[-122.793752,43.947489],[-122.793878,43.949074],[-122.794446,43.94905],[-122.794322,43.947477],[-122.794179,43.947475],[-122.794037,43.947476],[-122.793894,43.947481],[-122.793752,43.947489]]]}},{"type":"Feature","properties":{"MAPTAXLOT":"1901030000808","MAPNUMBER":"19010300","TAXLOT":"808","ACCTNO":"1076726","MAPACRES":1.95625832},"geometry":{"type":"Polygon","coordinates":[[[-122.794446,43.94905],[-122.795016,43.949043],[-122.794895,43.947507],[-122.794895,43.947507],[-122.794506,43.947484],[-122.794414,43.94748],[-122.794322,43.947477],[-122.794446,43.94905]]]}},{"type":"Feature","properties":{"MAPTAXLOT":"1901030000809","MAPNUMBER":"19010300","TAXLOT":"809","ACCTNO":"1076734","MAPACRES":1.91403393},"geometry":{"type":"Polygon","coordinates":[[[-122.795016,43.949043],[-122.795587,43.949048],[-122.795468,43.94754],[-122.795468,43.94754],[-122.794895,43.947507],[-122.794895,43.947507],[-122.795016,43.949043]]]}},{"type":"Feature","properties":{"MAPTAXLOT":"1901030000810","MAPNUMBER":"19010300","TAXLOT":"810","ACCTNO":"1076742","MAPACRES":1.84158671},"geometry":{"type":"Polygon","coordinates":[[[-122.795468,43.94754],[-122.795468,43.94754],[-122.795587,43.949048],[-122.796153,43.948994],[-122.796041,43.947573],[-122.796041,43.947573],[-122.795468,43.94754]]]}},{"type":"Feature","properties":{"MAPTAXLOT":"1901030000811","MAPNUMBER":"19010300","TAXLOT":"811","ACCTNO":"1076759","MAPACRES":1.68659435},"geometry":{"type":"Polygon","coordinates":[[[-122.796041,43.947573],[-122.796041,43.947573],[-122.796153,43.948994],[-122.796714,43.948868],[-122.796614,43.947606],[-122.796614,43.947606],[-122.796041,43.947573]]]}},{"type":"Feature","properties":{"MAPTAXLOT":"1901030000812","MAPNUMBER":"19010300","TAXLOT":"812","ACCTNO":"1076767","MAPACRES":1.53494242},"geometry":{"type":"Polygon","coordinates":[[[-122.796614,43.947606],[-122.796614,43.947606],[-122.796714,43.948868],[-122.79728,43.948819],[-122.797187,43.94764],[-122.797187,43.947639],[-122.796614,43.947606]]]}},{"type":"Feature","properties":{"MAPTAXLOT":"1901030000813","MAPNUMBER":"19010300","TAXLOT":"813","ACCTNO":"1076775","MAPACRES":1.44016332},"geometry":{"type":"Polygon","coordinates":[[[-122.797187,43.947639],[-122.797187,43.94764],[-122.79728,43.948819],[-122.797848,43.948783],[-122.79776,43.947673],[-122.79776,43.947672],[-122.797187,43.947639]]]}},{"type":"Feature","properties":{"MAPTAXLOT":"1901030000814","MAPNUMBER":"19010300","TAXLOT":"814","ACCTNO":"1076783","MAPACRES":1.3024077},"geometry":{"type":"Polygon","coordinates":[[[-122.79776,43.947672],[-122.79776,43.947673],[-122.797848,43.948783],[-122.798409,43.948665],[-122.798333,43.947706],[-122.798333,43.947705],[-122.79776,43.947672]]]}},{"type":"Feature","properties":{"MAPTAXLOT":"1901030000815","MAPNUMBER":"19010300","TAXLOT":"815","ACCTNO":"1076791","MAPACRES":1.18444788},"geometry":{"type":"Polygon","coordinates":[[[-122.798333,43.947705],[-122.798333,43.947706],[-122.798409,43.948665],[-122.798971,43.948619],[-122.79894,43.947741],[-122.79894,43.947741],[-122.798819,43.947733],[-122.798333,43.947705]]]}},{"type":"Feature","properties":{"MAPTAXLOT":"1901030000816","MAPNUMBER":"19010300","TAXLOT":"816","ACCTNO":"1076809","MAPACRES":1.11845277},"geometry":{"type":"Polygon","coordinates":[[[-122.798971,43.948619],[-122.799535,43.948633],[-122.799543,43.947767],[-122.799342,43.947761],[-122.799141,43.947752],[-122.79894,43.947741],[-122.79894,43.947741],[-122.798971,43.948619]]]}},{"type":"Feature","properties":{"MAPTAXLOT":"1901030000817","MAPNUMBER":"19010300","TAXLOT":"817","ACCTNO":"1076817","MAPACRES":1.09132083},"geometry":{"type":"Polygon","coordinates":[[[-122.799535,43.948633],[-122.800105,43.948645],[-122.800112,43.94777],[-122.799828,43.947771],[-122.799543,43.947767],[-122.799535,43.948633]]]}},{"type":"Feature","properties":{"MAPTAXLOT":"1901030000820","MAPNUMBER":"19010300","TAXLOT":"820","ACCTNO":"1113313","MAPACRES":18.87034861},"geometry":{"type":"Polygon","coordinates":[[[-122.796709,43.94746],[-122.797546,43.947508],[-122.797545,43.945865],[-122.798683,43.945865],[-122.798682,43.943478],[-122.798681,43.942219],[-122.796705,43.942218],[-122.796705,43.942889],[-122.796709,43.94746]]]}},{"type":"Feature","properties":{"MAPTAXLOT":"1901030000822","MAPNUMBER":"19010300","TAXLOT":"822","ACCTNO":"1228178","MAPACRES":10.89239463},"geometry":{"type":"Polygon","coordinates":[[[-122.790582,43.949266],[-122.791002,43.949257],[-122.791427,43.949257],[-122.792002,43.94923],[-122.792554,43.949166],[-122.79318,43.949089],[-122.793622,43.949059],[-122.793878,43.949074],[-122.793752,43.947489],[-122.793751,43.947475],[-122.793624,43.947486],[-122.793498,43.947499],[-122.793372,43.947515],[-122.790792,43.947822],[-122.790792,43.947822],[-122.790791,43.947822],[-122.790687,43.947833],[-122.790583,43.94784],[-122.790583,43.947857],[-122.790582,43.949266]]]}},{"type":"Feature","properties":{"MAPTAXLOT":"1901030000823","MAPNUMBER":"19010300","TAXLOT":"823","ACCTNO":"1305273","MAPACRES":2.50397383},"geometry":{"type":"Polygon","coordinates":[[[-122.799544,43.947616],[-122.79962,43.947618],[-122.79962,43.947239],[-122.800677,43.947187],[-122.800673,43.94622],[-122.799619,43.946221],[-122.799619,43.946454],[-122.799543,43.946454],[-122.799544,43.947616]]]}},{"type":"Feature","properties":{"MAPTAXLOT":"1901030000824","MAPNUMBER":"19010300","TAXLOT":"824","ACCTNO":"1769692","MAPACRES":4.03563305},"geometry":{"type":"Polygon","coordinates":[[[-122.800665,43.944218],[-122.79891,43.944219],[-122.798911,43.945261],[-122.800669,43.94526],[-122.800665,43.944218]]]}},{"type":"Feature","properties":{"MAPTAXLOT":"1901030000900","MAPNUMBER":"19010300","TAXLOT":"900","ACCTNO":"0811370","MAPACRES":2.03906315},"geometry":{"type":"Polygon","coordinates":[[[-122.785526,43.950025],[-122.785628,43.95003],[-122.786372,43.950059],[-122.786587,43.950065],[-122.786803,43.950067],[-122.787019,43.950064],[-122.787159,43.95006],[-122.787161,43.949487],[-122.785528,43.949486],[-122.785526,43.950025]]]}},{"type":"Feature","properties":{"MAPTAXLOT":"1901030000901","MAPNUMBER":"19010300","TAXLOT":"901","ACCTNO":"0811388","MAPACRES":48.92831115},"geometry":{"type":"Polygon","coordinates":[[[-122.800543,43.953209],[-122.800701,43.953209],[-122.800694,43.951349],[-122.800691,43.950658],[-122.800573,43.950651],[-122.800455,43.95064],[-122.800339,43.950624],[-122.800224,43.950603],[-122.7966,43.949885],[-122.796452,43.949857],[-122.796304,43.949834],[-122.796154,43.949814],[-122.796003,43.949799],[-122.794718,43.949682],[-122.794545,43.949669],[-122.794371,43.94966],[-122.794197,43.949657],[-122.794023,43.94966],[-122.793642,43.94967],[-122.793642,43.949697],[-122.793647,43.953203],[-122.793647,43.953203],[-122.795479,43.953201],[-122.795641,43.9532],[-122.800543,43.953209]]]}},{"type":"Feature","properties":{"MAPTAXLOT":"1901030000904","MAPNUMBER":"19010300","TAXLOT":"904","ACCTNO":"1625530","MAPACRES":26.44997152},"geometry":{"type":"Polygon","coordinates":[[[-122.792294,43.953205],[-122.793647,43.953203],[-122.793647,43.953203],[-122.793642,43.949697],[-122.790183,43.949791],[-122.79018,43.950547],[-122.790171,43.953208],[-122.790285,43.953208],[-122.790421,43.953208],[-122.790579,43.953208],[-122.792294,43.953205]]]}},{"type":"Feature","properties":{"MAPTAXLOT":"1901030000906","MAPNUMBER":"19010300","TAXLOT":"906","ACCTNO":"0811404","MAPACRES":1.06308088},"geometry":{"type":"Polygon","coordinates":[[[-122.789708,43.949804],[-122.789589,43.949807],[-122.789507,43.950557],[-122.789631,43.950573],[-122.79018,43.950547],[-122.790183,43.949791],[-122.789708,43.949804]]]}},{"type":"Feature","properties":{"MAPTAXLOT":"1901030000907","MAPNUMBER":"19010300","TAXLOT":"907","ACCTNO":"1625548","MAPACRES":28.51122334},"geometry":{"type":"Polygon","coordinates":[[[-122.78825,43.953211],[-122.790171,43.953208],[-122.79018,43.950547],[-122.789631,43.950573],[-122.789507,43.950557],[-122.789589,43.949807],[-122.789489,43.94981],[-122.789379,43.949815],[-122.789268,43.949825],[-122.789159,43.949838],[-122.789051,43.949856],[-122.788944,43.949878],[-122.78884,43.949905],[-122.78829,43.950054],[-122.788288,43.950647],[-122.787894,43.950647],[-122.787104,43.950646],[-122.786317,43.950644],[-122.785524,43.950643],[-122.78552,43.952129],[-122.785517,43.953215],[-122.78825,43.953211]]]}},{"type":"Feature","properties":{"MAPTAXLOT":"1901030001700","MAPNUMBER":"19010300","TAXLOT":"1700","ACCTNO":"0811552","MAPACRES":141.71913863},"geometry":{"type":"Polygon","coordinates":[[[-122.800657,43.942221],[-122.805692,43.942224],[-122.805668,43.938586],[-122.800642,43.938582],[-122.795616,43.938578],[-122.790589,43.938574],[-122.787936,43.938572],[-122.787924,43.9421],[-122.788399,43.942097],[-122.78857,43.942096],[-122.789272,43.942079],[-122.789582,43.942096],[-122.79072,43.942162],[-122.790719,43.942213],[-122.795622,43.942217],[-122.796705,43.942218],[-122.798681,43.942219],[-122.800657,43.942221]]]}},{"type":"Feature","properties":{"MAPTAXLOT":"1901030001800","MAPNUMBER":"19010300","TAXLOT":"1800","ACCTNO":"1702768","MAPACRES":0.46411345},"geometry":{"type":"Polygon","coordinates":[[[-122.785528,43.949486],[-122.787161,43.949487],[-122.787161,43.949404],[-122.78709,43.949401],[-122.786082,43.949349],[-122.785529,43.949291],[-122.785528,43.949486]]]}},{"type":"Feature","properties":{"MAPTAXLOT":"1901090000077","MAPNUMBER":"19010900","TAXLOT":"77","ACCTNO":"000None","MAPACRES":32.7808648},"geometry":{"type":"Polygon","coordinates":[[[-122.821232,43.938665],[-122.821685,43.938674],[-122.821527,43.93849],[-122.821362,43.938308],[-122.821208,43.938145],[-122.82105,43.937986],[-122.820887,43.937828],[-122.82091,43.937739],[-122.820784,43.937634],[-122.820653,43.937531],[-122.820517,43.937433],[-122.820376,43.937337],[-122.820231,43.937245],[-122.820081,43.937158],[-122.819927,43.937073],[-122.819769,43.936993],[-122.819669,43.936946],[-122.819478,43.936859],[-122.819228,43.936757],[-122.818975,43.93666],[-122.818719,43.936566],[-122.818461,43.936477],[-122.8182,43.936391],[-122.817465,43.936152],[-122.816724,43.935911],[-122.816468,43.935826],[-122.816212,43.93574],[-122.815963,43.935653],[-122.816076,43.935464],[-122.815799,43.935361],[-122.815526,43.935253],[-122.815255,43.935141],[-122.814989,43.935025],[-122.814726,43.934905],[-122.814466,43.93478],[-122.814211,43.934652],[-122.81396,43.934519],[-122.813712,43.934382],[-122.81347,43.934241],[-122.813231,43.934096],[-122.812997,43.933948],[-122.812768,43.933795],[-122.812544,43.933639],[-122.812324,43.93348],[-122.81211,43.933317],[-122.8119,43.93315],[-122.811696,43.93298],[-122.811497,43.932807],[-122.811303,43.932631],[-122.81119,43.932522],[-122.811081,43.932409],[-122.810978,43.932295],[-122.810881,43.932178],[-122.810789,43.932058],[-122.810454,43.932188],[-122.810359,43.932053],[-122.81027,43.931917],[-122.810187,43.931778],[-122.810112,43.931638],[-122.810043,43.931495],[-122.809981,43.931351],[-122.809935,43.931231],[-122.809894,43.931109],[-122.809857,43.930987],[-122.809826,43.930864],[-122.809799,43.930741],[-122.809767,43.930531],[-122.809741,43.930321],[-122.809721,43.930111],[-122.809707,43.929901],[-122.8097,43.92969],[-122.809684,43.929137],[-122.809678,43.928928],[-122.809666,43.928719],[-122.809647,43.92851],[-122.809622,43.928301],[-122.80959,43.928094],[-122.809553,43.927886],[-122.809512,43.92774],[-122.809465,43.927595],[-122.80941,43.927452],[-122.809348,43.92731],[-122.809278,43.92717],[-122.809202,43.927032],[-122.809118,43.926896],[-122.809028,43.926762],[-122.808931,43.926631],[-122.808828,43.926502],[-122.808718,43.926376],[-122.808602,43.926253],[-122.808479,43.926133],[-122.808351,43.926017],[-122.808217,43.925904],[-122.808077,43.925795],[-122.807932,43.925689],[-122.807781,43.925588],[-122.807626,43.92549],[-122.807466,43.925397],[-122.807301,43.925308],[-122.807131,43.925223],[-122.806958,43.925143],[-122.80678,43.925067],[-122.806599,43.924997],[-122.806414,43.924931],[-122.806227,43.92487],[-122.806074,43.924825],[-122.80592,43.924783],[-122.805637,43.92472],[-122.805352,43.924662],[-122.805065,43.924609],[-122.804777,43.92456],[-122.804487,43.924516],[-122.804451,43.924495],[-122.79956,43.924063],[-122.800786,43.92435],[-122.800783,43.924668],[-122.804413,43.924785],[-122.804692,43.924827],[-122.804969,43.924874],[-122.805245,43.924925],[-122.805519,43.924981],[-122.805792,43.925041],[-122.805978,43.925092],[-122.806161,43.925148],[-122.806341,43.92521],[-122.806518,43.925276],[-122.806691,43.925347],[-122.80686,43.925422],[-122.807025,43.925503],[-122.807186,43.925587],[-122.807342,43.925676],[-122.807494,43.92577],[-122.80764,43.925867],[-122.807782,43.925968],[-122.807917,43.926074],[-122.808048,43.926182],[-122.808172,43.926295],[-122.808291,43.92641],[-122.808403,43.926529],[-122.808509,43.926651],[-122.808609,43.926775],[-122.808701,43.926902],[-122.808788,43.927032],[-122.808867,43.927164],[-122.808939,43.927298],[-122.809005,43.927434],[-122.809063,43.927572],[-122.809114,43.927711],[-122.809149,43.927822],[-122.809179,43.927935],[-122.809215,43.928135],[-122.809245,43.928336],[-122.809269,43.928537],[-122.809287,43.928739],[-122.809299,43.928941],[-122.809305,43.929143],[-122.809321,43.929696],[-122.809328,43.929913],[-122.809342,43.93013],[-122.809363,43.930347],[-122.80939,43.930563],[-122.809423,43.930779],[-122.809455,43.930925],[-122.809494,43.93107],[-122.809538,43.931215],[-122.809589,43.931358],[-122.809647,43.9315],[-122.80971,43.93164],[-122.80978,43.931779],[-122.809856,43.931917],[-122.809938,43.932052],[-122.810026,43.932186],[-122.810119,43.932317],[-122.809785,43.932447],[-122.809877,43.932567],[-122.809973,43.932685],[-122.810074,43.932801],[-122.81018,43.932914],[-122.810289,43.933026],[-122.810403,43.933136],[-122.810612,43.933325],[-122.810826,43.933512],[-122.811046,43.933695],[-122.811272,43.933875],[-122.811503,43.93405],[-122.81174,43.934222],[-122.811982,43.934391],[-122.812229,43.934555],[-122.812481,43.934715],[-122.812737,43.934871],[-122.812999,43.935023],[-122.813265,43.935171],[-122.813536,43.935314],[-122.813811,43.935453],[-122.81409,43.935588],[-122.814373,43.935718],[-122.81466,43.935843],[-122.814951,43.935964],[-122.815246,43.93608],[-122.815544,43.936192],[-122.815846,43.936298],[-122.816109,43.936387],[-122.816373,43.936473],[-122.817767,43.936927],[-122.818025,43.937013],[-122.818281,43.937102],[-122.818535,43.937193],[-122.818787,43.937289],[-122.819036,43.937387],[-122.819232,43.937152],[-122.819416,43.937236],[-122.819577,43.937315],[-122.819734,43.937399],[-122.819887,43.937487],[-122.820035,43.937579],[-122.820178,43.937675],[-122.820316,43.937775],[-122.820449,43.937879],[-122.820576,43.937986],[-122.820615,43.938023],[-122.820599,43.938041],[-122.820582,43.938068],[-122.820574,43.938088],[-122.820566,43.938123],[-122.820563,43.938154],[-122.820562,43.93818],[-122.820562,43.938198],[-122.820562,43.93823],[-122.820563,43.938253],[-122.820565,43.938312],[-122.820569,43.938373],[-122.820577,43.93842],[-122.820582,43.938439],[-122.820598,43.938496],[-122.82061,43.938525],[-122.820625,43.938562],[-122.820635,43.938581],[-122.82065,43.938606],[-122.820672,43.938639],[-122.820684,43.938655],[-122.820864,43.938659],[-122.820839,43.93863],[-122.820807,43.938589],[-122.820789,43.93856],[-122.820776,43.938539],[-122.820769,43.938527],[-122.820755,43.938494],[-122.820746,43.93847],[-122.820731,43.938418],[-122.820727,43.938403],[-122.82072,43.938364],[-122.820717,43.938307],[-122.820714,43.93825],[-122.820714,43.938229],[-122.820714,43.938198],[-122.820714,43.93818],[-122.820714,43.938159],[-122.820717,43.938136],[-122.820719,43.938124],[-122.820721,43.938126],[-122.820728,43.938132],[-122.820734,43.938138],[-122.820734,43.938138],[-122.820741,43.938145],[-122.820747,43.938151],[-122.820751,43.938154],[-122.820755,43.938159],[-122.820919,43.938325],[-122.821078,43.938494],[-122.821232,43.938665]]]}},{"type":"Feature","properties":{"MAPTAXLOT":"1901100000100","MAPNUMBER":"19011000","TAXLOT":"100","ACCTNO":"0814101","MAPACRES":68.61416593},"geometry":{"type":"Polygon","coordinates":[[[-122.787214,43.942104],[-122.787924,43.9421],[-122.787936,43.938572],[-122.787919,43.933681],[-122.785682,43.933651],[-122.784914,43.933641],[-122.782843,43.933609],[-122.782813,43.93384],[-122.782746,43.934253],[-122.782721,43.934405],[-122.782688,43.934557],[-122.78265,43.934708],[-122.782604,43.934858],[-122.782553,43.935007],[-122.782495,43.935154],[-122.78243,43.9353],[-122.782359,43.935445],[-122.782282,43.935588],[-122.782199,43.935729],[-122.78211,43.935869],[-122.782015,43.936006],[-122.781914,43.936141],[-122.781807,43.936273],[-122.782054,43.936381],[-122.782048,43.937122],[-122.785478,43.937084],[-122.785563,43.93857],[-122.785557,43.940215],[-122.785551,43.942133],[-122.785895,43.942126],[-122.78603,43.942124],[-122.786972,43.942106],[-122.787214,43.942104]]]}},{"type":"Feature","properties":{"MAPTAXLOT":"1901100000300","MAPNUMBER":"19011000","TAXLOT":"300","ACCTNO":"0814119","MAPACRES":496.65424589},"geometry":{"type":"Polygon","coordinates":[[[-122.795741,43.924066],[-122.794032,43.92406],[-122.793064,43.924057],[-122.791016,43.924051],[-122.790196,43.924048],[-122.789227,43.924046],[-122.788137,43.924042],[-122.786998,43.924039],[-122.785947,43.924036],[-122.785624,43.924035],[-122.785621,43.924701],[-122.785619,43.925343],[-122.785616,43.925975],[-122.785612,43.926982],[-122.785609,43.927669],[-122.785606,43.928364],[-122.785626,43.928376],[-122.785934,43.928557],[-122.786377,43.928815],[-122.785914,43.929228],[-122.785843,43.929291],[-122.785843,43.929292],[-122.785843,43.929292],[-122.785814,43.930247],[-122.785784,43.931238],[-122.785782,43.931303],[-122.785736,43.932831],[-122.785772,43.932831],[-122.785682,43.933651],[-122.787919,43.933681],[-122.787936,43.938572],[-122.790589,43.938574],[-122.795616,43.938578],[-122.800642,43.938582],[-122.805668,43.938586],[-122.805712,43.934952],[-122.805756,43.931318],[-122.805795,43.927686],[-122.800752,43.927683],[-122.800716,43.931299],[-122.795679,43.93128],[-122.795741,43.924066]]]}},{"type":"Feature","properties":{"MAPTAXLOT":"1901100000301","MAPNUMBER":"19011000","TAXLOT":"301","ACCTNO":"0814127","MAPACRES":1.45144649},"geometry":{"type":"Polygon","coordinates":[[[-122.784914,43.933641],[-122.785682,43.933651],[-122.785772,43.932831],[-122.785736,43.932831],[-122.785587,43.932828],[-122.785563,43.932828],[-122.784939,43.932818],[-122.784914,43.933641]]]}},{"type":"Feature","properties":{"MAPTAXLOT":"1901100000302","MAPNUMBER":"19011000","TAXLOT":"302","ACCTNO":"1849651","MAPACRES":81.12137966},"geometry":{"type":"Polygon","coordinates":[[[-122.795741,43.924066],[-122.795679,43.93128],[-122.800716,43.931299],[-122.800752,43.927683],[-122.800783,43.924668],[-122.800786,43.92435],[-122.79956,43.924063],[-122.797443,43.923567],[-122.797401,43.924065],[-122.795741,43.924066]]]}},{"type":"Feature","properties":{"MAPTAXLOT":"1901100000400","MAPNUMBER":"19011000","TAXLOT":"400","ACCTNO":"0814135","MAPACRES":0.66669987},"geometry":{"type":"Polygon","coordinates":[[[-122.785472,43.928969],[-122.785603,43.929046],[-122.785914,43.929228],[-122.786377,43.928815],[-122.785934,43.928557],[-122.785604,43.928851],[-122.785472,43.928969]]]}},{"type":"Feature","properties":{"MAPTAXLOT":"1901110000077","MAPNUMBER":"19011100","TAXLOT":"77","ACCTNO":"000None","MAPACRES":7.1404235},"geometry":{"type":"Polygon","coordinates":[[[-122.783312,43.930828],[-122.783277,43.93102],[-122.783221,43.931324],[-122.78315,43.932029],[-122.782963,43.932626],[-122.782921,43.932762],[-122.782911,43.932791],[-122.782861,43.932937],[-122.782807,43.933083],[-122.782759,43.93323],[-122.782716,43.933378],[-122.78268,43.933526],[-122.782649,43.933676],[-122.782624,43.933826],[-122.782582,43.93424],[-122.782579,43.934261],[-122.782553,43.93441],[-122.782521,43.934559],[-122.782482,43.934707],[-122.782436,43.934854],[-122.782385,43.935],[-122.782326,43.935145],[-122.782262,43.935288],[-122.782191,43.93543],[-122.782114,43.93557],[-122.782032,43.935708],[-122.781943,43.935845],[-122.781843,43.935985],[-122.781737,43.936123],[-122.781625,43.936259],[-122.781507,43.936392],[-122.781383,43.936522],[-122.781253,43.936648],[-122.780865,43.937014],[-122.780947,43.937134],[-122.781377,43.936729],[-122.781491,43.936619],[-122.781601,43.936506],[-122.781706,43.936391],[-122.781807,43.936273],[-122.781914,43.936141],[-122.782015,43.936006],[-122.78211,43.935869],[-122.782199,43.935729],[-122.782282,43.935588],[-122.782359,43.935445],[-122.78243,43.9353],[-122.782495,43.935154],[-122.782553,43.935007],[-122.782604,43.934858],[-122.78265,43.934708],[-122.782688,43.934557],[-122.782721,43.934405],[-122.782746,43.934253],[-122.782813,43.93384],[-122.782843,43.933609],[-122.782872,43.933483],[-122.782905,43.933357],[-122.782943,43.933232],[-122.782985,43.933108],[-122.783026,43.932975],[-122.783085,43.932796],[-122.783207,43.932438],[-122.783314,43.93217],[-122.783338,43.932047],[-122.783471,43.931322],[-122.783474,43.931306],[-122.783637,43.930412],[-122.783642,43.930396],[-122.783651,43.930381],[-122.783663,43.930368],[-122.783678,43.930355],[-122.783696,43.930345],[-122.783716,43.930338],[-122.783737,43.930333],[-122.783759,43.93033],[-122.783772,43.93033],[-122.783784,43.930331],[-122.784364,43.930386],[-122.784379,43.930389],[-122.784394,43.930393],[-122.784407,43.930398],[-122.784419,43.930406],[-122.784429,43.930414],[-122.784438,43.930423],[-122.784444,43.930433],[-122.784448,43.930444],[-122.78445,43.930455],[-122.784449,43.930467],[-122.784375,43.930868],[-122.784372,43.930879],[-122.784367,43.930889],[-122.78436,43.930898],[-122.784351,43.930907],[-122.78434,43.930914],[-122.784311,43.930934],[-122.784288,43.930958],[-122.78427,43.930984],[-122.784258,43.931011],[-122.784253,43.93104],[-122.784254,43.931069],[-122.784262,43.931098],[-122.784276,43.931125],[-122.784296,43.93115],[-122.784322,43.931172],[-122.784352,43.931191],[-122.784387,43.931206],[-122.784424,43.931217],[-122.784463,43.931223],[-122.784503,43.931225],[-122.784543,43.931221],[-122.784582,43.931213],[-122.784618,43.931201],[-122.784651,43.931184],[-122.78468,43.931164],[-122.784703,43.93114],[-122.784721,43.931114],[-122.784733,43.931086],[-122.784738,43.931057],[-122.784736,43.931028],[-122.784728,43.931],[-122.784714,43.930973],[-122.784693,43.930948],[-122.784686,43.930939],[-122.78468,43.930929],[-122.784677,43.930919],[-122.784675,43.930908],[-122.784676,43.930897],[-122.784798,43.930234],[-122.784852,43.929939],[-122.784855,43.929928],[-122.78486,43.929918],[-122.784867,43.929909],[-122.784876,43.9299],[-122.784887,43.929893],[-122.784915,43.929873],[-122.784938,43.929851],[-122.784956,43.929826],[-122.784968,43.929799],[-122.784974,43.929771],[-122.784974,43.929743],[-122.784968,43.929715],[-122.784954,43.929687],[-122.784935,43.929661],[-122.784909,43.929637],[-122.784878,43.929617],[-122.784843,43.929601],[-122.784804,43.92959],[-122.784764,43.929584],[-122.784724,43.929582],[-122.784684,43.929586],[-122.784645,43.929594],[-122.784609,43.929606],[-122.784576,43.929623],[-122.784548,43.929643],[-122.784524,43.929667],[-122.784506,43.929693],[-122.784495,43.929721],[-122.784489,43.929749],[-122.784491,43.929779],[-122.784499,43.929807],[-122.784513,43.929834],[-122.784534,43.929859],[-122.784541,43.929868],[-122.784547,43.929878],[-122.784551,43.929888],[-122.784552,43.929899],[-122.784551,43.92991],[-122.784515,43.930108],[-122.784512,43.930119],[-122.784506,43.930129],[-122.784498,43.930139],[-122.784488,43.930147],[-122.784477,43.930155],[-122.784464,43.930161],[-122.78445,43.930166],[-122.784435,43.930168],[-122.784419,43.93017],[-122.784404,43.930169],[-122.783824,43.930113],[-122.783804,43.93011],[-122.783785,43.930105],[-122.783767,43.930098],[-122.783751,43.930088],[-122.783737,43.930077],[-122.783726,43.930065],[-122.783718,43.930051],[-122.783713,43.930037],[-122.78371,43.930022],[-122.783711,43.930007],[-122.783827,43.929587],[-122.783847,43.929458],[-122.783861,43.929329],[-122.783868,43.929199],[-122.783869,43.92907],[-122.783864,43.92894],[-122.783852,43.928811],[-122.783838,43.928706],[-122.783819,43.928601],[-122.783806,43.928459],[-122.783736,43.928229],[-122.783655,43.928011],[-122.784785,43.928673],[-122.785602,43.929151],[-122.785843,43.929292],[-122.785843,43.929291],[-122.785914,43.929228],[-122.785603,43.929046],[-122.785472,43.928969],[-122.785164,43.928789],[-122.784915,43.928643],[-122.784856,43.928609],[-122.784748,43.928545],[-122.784151,43.928196],[-122.783604,43.927876],[-122.783065,43.927708],[-122.783064,43.927737],[-122.783064,43.927745],[-122.783067,43.927823],[-122.783075,43.9279],[-122.783088,43.927977],[-122.783106,43.928054],[-122.783128,43.92813],[-122.783156,43.928205],[-122.783188,43.928279],[-122.783226,43.928352],[-122.783268,43.928424],[-122.783314,43.928494],[-122.783374,43.928573],[-122.783441,43.928651],[-122.783457,43.928669],[-122.783496,43.928715],[-122.783529,43.928763],[-122.783557,43.928813],[-122.783579,43.928865],[-122.783595,43.928918],[-122.783605,43.928971],[-122.783608,43.929025],[-122.783607,43.929069],[-122.783602,43.929112],[-122.783544,43.929556],[-122.783539,43.929598],[-122.783312,43.930828]]]}},{"type":"Feature","properties":{"MAPTAXLOT":"1901110000200","MAPNUMBER":"19011100","TAXLOT":"200","ACCTNO":"0814150","MAPACRES":10.55531655},"geometry":{"type":"Polygon","coordinates":[[[-122.779309,43.934272],[-122.779296,43.935854],[-122.781943,43.935845],[-122.782032,43.935708],[-122.782114,43.93557],[-122.782191,43.93543],[-122.782262,43.935288],[-122.782326,43.935145],[-122.782385,43.935],[-122.782436,43.934854],[-122.782482,43.934707],[-122.782521,43.934559],[-122.782553,43.93441],[-122.782579,43.934261],[-122.779309,43.934272]]]}},{"type":"Feature","properties":{"MAPTAXLOT":"1901110000201","MAPNUMBER":"19011100","TAXLOT":"201","ACCTNO":"0814168","MAPACRES":12.57653361},"geometry":{"type":"Polygon","coordinates":[[[-122.777287,43.934278],[-122.778275,43.936477],[-122.780865,43.937014],[-122.781253,43.936648],[-122.781383,43.936522],[-122.781507,43.936392],[-122.781625,43.936259],[-122.781737,43.936123],[-122.781843,43.935985],[-122.781943,43.935845],[-122.779296,43.935854],[-122.779309,43.934272],[-122.777287,43.934278]]]}},{"type":"Feature","properties":{"MAPTAXLOT":"1901110000300","MAPNUMBER":"19011100","TAXLOT":"300","ACCTNO":"1085305","MAPACRES":35.14203299},"geometry":{"type":"Polygon","coordinates":[[[-122.770278,43.932815],[-122.782911,43.932791],[-122.782921,43.932762],[-122.782963,43.932626],[-122.78137,43.932629],[-122.781366,43.931341],[-122.781155,43.931343],[-122.780927,43.931345],[-122.780538,43.931348],[-122.780127,43.931352],[-122.77548,43.931393],[-122.770281,43.931439],[-122.770278,43.932815]]]}},{"type":"Feature","properties":{"MAPTAXLOT":"1901110000301","MAPNUMBER":"19011100","TAXLOT":"301","ACCTNO":"1085313","MAPACRES":40.49355912},"geometry":{"type":"Polygon","coordinates":[[[-122.779309,43.934272],[-122.782579,43.934261],[-122.782582,43.93424],[-122.782624,43.933826],[-122.782649,43.933676],[-122.78268,43.933526],[-122.782716,43.933378],[-122.782759,43.93323],[-122.782807,43.933083],[-122.782861,43.932937],[-122.782911,43.932791],[-122.770278,43.932815],[-122.770274,43.934302],[-122.773009,43.934293],[-122.775427,43.934285],[-122.777287,43.934278],[-122.779309,43.934272]]]}},{"type":"Feature","properties":{"MAPTAXLOT":"1901110000302","MAPNUMBER":"19011100","TAXLOT":"302","ACCTNO":"1085321","MAPACRES":5.01760453},"geometry":{"type":"Polygon","coordinates":[[[-122.78137,43.932629],[-122.782963,43.932626],[-122.78315,43.932029],[-122.783221,43.931324],[-122.782977,43.931327],[-122.782749,43.931329],[-122.782521,43.931331],[-122.782294,43.931333],[-122.782066,43.931335],[-122.781838,43.931337],[-122.78161,43.931339],[-122.781383,43.931341],[-122.781366,43.931341],[-122.78137,43.932629]]]}},{"type":"Feature","properties":{"MAPTAXLOT":"1901110000401","MAPNUMBER":"19011100","TAXLOT":"401","ACCTNO":"0814218","MAPACRES":2.76232174},"geometry":{"type":"Polygon","coordinates":[[[-122.784804,43.929368],[-122.785379,43.929704],[-122.785601,43.929507],[-122.785601,43.929506],[-122.785843,43.929292],[-122.785843,43.929292],[-122.785602,43.929151],[-122.784785,43.928673],[-122.783655,43.928011],[-122.783736,43.928229],[-122.783806,43.928459],[-122.783819,43.928601],[-122.783838,43.928706],[-122.783852,43.928811],[-122.784804,43.929368]]]}},{"type":"Feature","properties":{"MAPTAXLOT":"1901110000403","MAPNUMBER":"19011100","TAXLOT":"403","ACCTNO":"0814242","MAPACRES":82.72751217},"geometry":{"type":"Polygon","coordinates":[[[-122.777528,43.926845],[-122.779643,43.926846],[-122.779654,43.926029],[-122.77966,43.925865],[-122.779662,43.925509],[-122.778899,43.925503],[-122.778904,43.924738],[-122.778905,43.92448],[-122.778907,43.924231],[-122.778908,43.924094],[-122.77891,43.923849],[-122.777993,43.923846],[-122.777981,43.923846],[-122.776565,43.923841],[-122.773369,43.923852],[-122.773375,43.923029],[-122.773382,43.922206],[-122.77484,43.922208],[-122.775377,43.922208],[-122.775472,43.922208],[-122.775943,43.922209],[-122.776099,43.922209],[-122.7761,43.922207],[-122.776254,43.921882],[-122.776315,43.921429],[-122.776283,43.921296],[-122.776375,43.920829],[-122.776599,43.920631],[-122.776,43.9205],[-122.776,43.9205],[-122.775684,43.920431],[-122.77541,43.92037],[-122.775411,43.920093],[-122.775102,43.920026],[-122.774728,43.919944],[-122.774504,43.919895],[-122.774499,43.91951],[-122.774498,43.91951],[-122.774498,43.91951],[-122.774241,43.919454],[-122.774206,43.919544],[-122.774205,43.919748],[-122.773914,43.919684],[-122.773641,43.919625],[-122.773369,43.919565],[-122.773096,43.919505],[-122.772824,43.919445],[-122.772552,43.919386],[-122.772279,43.919326],[-122.772007,43.919266],[-122.771734,43.919207],[-122.771449,43.919146],[-122.771449,43.919364],[-122.77069,43.919364],[-122.77069,43.920803],[-122.770691,43.92364],[-122.77069,43.924202],[-122.77069,43.924202],[-122.770687,43.925454],[-122.77549,43.925455],[-122.775481,43.926845],[-122.777528,43.926845]]]}},{"type":"Feature","properties":{"MAPTAXLOT":"1901110000405","MAPNUMBER":"19011100","TAXLOT":"405","ACCTNO":"1483419","MAPACRES":11.06577818},"geometry":{"type":"Polygon","coordinates":[[[-122.782843,43.933609],[-122.784914,43.933641],[-122.784939,43.932818],[-122.785563,43.932828],[-122.785594,43.931303],[-122.784447,43.931313],[-122.783471,43.931322],[-122.783338,43.932047],[-122.783314,43.93217],[-122.783207,43.932438],[-122.783085,43.932796],[-122.783026,43.932975],[-122.782985,43.933108],[-122.782943,43.933232],[-122.782905,43.933357],[-122.782872,43.933483],[-122.782843,43.933609]]]}},{"type":"Feature","properties":{"MAPTAXLOT":"1901110000407","MAPNUMBER":"19011100","TAXLOT":"407","ACCTNO":"1628120","MAPACRES":0.449155},"geometry":{"type":"Polygon","coordinates":[[[-122.785594,43.93124],[-122.785784,43.931238],[-122.785814,43.930247],[-122.785598,43.930226],[-122.785598,43.930311],[-122.785594,43.93124]]]}},{"type":"Feature","properties":{"MAPTAXLOT":"1901110000408","MAPNUMBER":"19011100","TAXLOT":"408","ACCTNO":"1628138","MAPACRES":0.63467431},"geometry":{"type":"Polygon","coordinates":[[[-122.785587,43.932828],[-122.785736,43.932831],[-122.785782,43.931303],[-122.785784,43.931238],[-122.785594,43.93124],[-122.785594,43.931303],[-122.785594,43.931303],[-122.785563,43.932828],[-122.785587,43.932828]]]}},{"type":"Feature","properties":{"MAPTAXLOT":"1901110000411","MAPNUMBER":"19011100","TAXLOT":"411","ACCTNO":"1628146","MAPACRES":0.4184429},"geometry":{"type":"Polygon","coordinates":[[[-122.785598,43.930226],[-122.785814,43.930247],[-122.785843,43.929292],[-122.785601,43.929506],[-122.785598,43.930226]]]}},{"type":"Feature","properties":{"MAPTAXLOT":"1901110000412","MAPNUMBER":"19011100","TAXLOT":"412","ACCTNO":"1628153","MAPACRES":2.04660697},"geometry":{"type":"Polygon","coordinates":[[[-122.784447,43.931313],[-122.785594,43.931303],[-122.785594,43.931303],[-122.785594,43.93124],[-122.785598,43.930311],[-122.785598,43.930311],[-122.784798,43.930234],[-122.784676,43.930897],[-122.784675,43.930908],[-122.784677,43.930919],[-122.78468,43.930929],[-122.784686,43.930939],[-122.784693,43.930948],[-122.784714,43.930973],[-122.784728,43.931],[-122.784736,43.931028],[-122.784738,43.931057],[-122.784733,43.931086],[-122.784721,43.931114],[-122.784703,43.93114],[-122.78468,43.931164],[-122.784651,43.931184],[-122.784618,43.931201],[-122.784582,43.931213],[-122.784543,43.931221],[-122.784503,43.931225],[-122.784463,43.931223],[-122.784448,43.931305],[-122.784447,43.931313]]]}},{"type":"Feature","properties":{"MAPTAXLOT":"1901110000413","MAPNUMBER":"19011100","TAXLOT":"413","ACCTNO":"1628179","MAPACRES":1.1600047},"geometry":{"type":"Polygon","coordinates":[[[-122.784798,43.930234],[-122.785598,43.930311],[-122.785598,43.930311],[-122.785598,43.930226],[-122.785601,43.929506],[-122.785601,43.929507],[-122.785379,43.929704],[-122.784804,43.929368],[-122.784804,43.929368],[-122.784764,43.929584],[-122.784804,43.92959],[-122.784843,43.929601],[-122.784878,43.929617],[-122.784909,43.929637],[-122.784935,43.929661],[-122.784954,43.929687],[-122.784968,43.929715],[-122.784974,43.929743],[-122.784974,43.929771],[-122.784968,43.929799],[-122.784956,43.929826],[-122.784938,43.929851],[-122.784915,43.929873],[-122.784887,43.929893],[-122.784876,43.9299],[-122.784867,43.929909],[-122.78486,43.929918],[-122.784855,43.929928],[-122.784852,43.929939],[-122.784798,43.930234]]]}},{"type":"Feature","properties":{"MAPTAXLOT":"1901110000415","MAPNUMBER":"19011100","TAXLOT":"415","ACCTNO":"1735495","MAPACRES":1.72924683},"geometry":{"type":"Polygon","coordinates":[[[-122.783471,43.931322],[-122.784447,43.931313],[-122.784448,43.931305],[-122.784463,43.931223],[-122.784424,43.931217],[-122.784387,43.931206],[-122.784352,43.931191],[-122.784322,43.931172],[-122.784296,43.93115],[-122.784276,43.931125],[-122.784262,43.931098],[-122.784254,43.931069],[-122.784253,43.93104],[-122.784258,43.931011],[-122.78427,43.930984],[-122.784288,43.930958],[-122.784311,43.930934],[-122.78434,43.930914],[-122.784351,43.930907],[-122.78436,43.930898],[-122.784367,43.930889],[-122.784372,43.930879],[-122.784375,43.930868],[-122.784449,43.930467],[-122.78445,43.930455],[-122.784448,43.930444],[-122.784444,43.930433],[-122.784438,43.930423],[-122.784429,43.930414],[-122.784419,43.930406],[-122.784407,43.930398],[-122.784394,43.930393],[-122.784379,43.930389],[-122.784364,43.930386],[-122.783784,43.930331],[-122.783772,43.93033],[-122.783759,43.93033],[-122.783737,43.930333],[-122.783716,43.930338],[-122.783696,43.930345],[-122.783678,43.930355],[-122.783663,43.930368],[-122.783651,43.930381],[-122.783642,43.930396],[-122.783637,43.930412],[-122.783474,43.931306],[-122.783471,43.931322]]]}},{"type":"Feature","properties":{"MAPTAXLOT":"1901110000416","MAPNUMBER":"19011100","TAXLOT":"416","ACCTNO":"1735511","MAPACRES":1.96067931},"geometry":{"type":"Polygon","coordinates":[[[-122.784404,43.930169],[-122.784419,43.93017],[-122.784435,43.930168],[-122.78445,43.930166],[-122.784464,43.930161],[-122.784477,43.930155],[-122.784488,43.930147],[-122.784498,43.930139],[-122.784506,43.930129],[-122.784512,43.930119],[-122.784515,43.930108],[-122.784551,43.92991],[-122.784552,43.929899],[-122.784551,43.929888],[-122.784547,43.929878],[-122.784541,43.929868],[-122.784534,43.929859],[-122.784513,43.929834],[-122.784499,43.929807],[-122.784491,43.929779],[-122.784489,43.929749],[-122.784495,43.929721],[-122.784506,43.929693],[-122.784524,43.929667],[-122.784548,43.929643],[-122.784576,43.929623],[-122.784609,43.929606],[-122.784645,43.929594],[-122.784684,43.929586],[-122.784724,43.929582],[-122.784764,43.929584],[-122.784804,43.929368],[-122.784804,43.929368],[-122.783852,43.928811],[-122.783864,43.92894],[-122.783869,43.92907],[-122.783868,43.929199],[-122.783861,43.929329],[-122.783847,43.929458],[-122.783827,43.929587],[-122.783711,43.930007],[-122.78371,43.930022],[-122.783713,43.930037],[-122.783718,43.930051],[-122.783726,43.930065],[-122.783737,43.930077],[-122.783751,43.930088],[-122.783767,43.930098],[-122.783785,43.930105],[-122.783804,43.93011],[-122.783824,43.930113],[-122.784404,43.930169]]]}},{"type":"Feature","properties":{"MAPTAXLOT":"1901110000500","MAPNUMBER":"19011100","TAXLOT":"500","ACCTNO":"0814259","MAPACRES":79.5097342},"geometry":{"type":"Polygon","coordinates":[[[-122.765357,43.929633],[-122.765355,43.931307],[-122.765355,43.931465],[-122.765355,43.932349],[-122.765354,43.935059],[-122.767804,43.935029],[-122.770272,43.934999],[-122.770274,43.934302],[-122.770278,43.932815],[-122.770281,43.931439],[-122.77548,43.931393],[-122.775484,43.929588],[-122.765357,43.929633]]]}},{"type":"Feature","properties":{"MAPTAXLOT":"1901110000600","MAPNUMBER":"19011100","TAXLOT":"600","ACCTNO":"0814275","MAPACRES":0.46358367},"geometry":{"type":"Polygon","coordinates":[[[-122.785164,43.928789],[-122.785472,43.928969],[-122.785604,43.928851],[-122.785934,43.928557],[-122.785626,43.928376],[-122.785606,43.928395],[-122.785411,43.928568],[-122.785164,43.928789]]]}},{"type":"Feature","properties":{"MAPTAXLOT":"1901110000701","MAPNUMBER":"19011100","TAXLOT":"701","ACCTNO":"1739661","MAPACRES":0.20041297},"geometry":{"type":"Polygon","coordinates":[[[-122.784915,43.928643],[-122.785164,43.928789],[-122.785411,43.928568],[-122.785163,43.928423],[-122.784915,43.928643]]]}},{"type":"Feature","properties":{"MAPTAXLOT":"1901110000702","MAPNUMBER":"19011100","TAXLOT":"702","ACCTNO":"1739679","MAPACRES":0.26316731},"geometry":{"type":"Polygon","coordinates":[[[-122.784856,43.928609],[-122.784915,43.928643],[-122.785163,43.928423],[-122.785411,43.928568],[-122.785606,43.928395],[-122.785626,43.928376],[-122.785606,43.928364],[-122.785606,43.928364],[-122.785319,43.928196],[-122.784856,43.928609]]]}},{"type":"Feature","properties":{"MAPTAXLOT":"1901110000800","MAPNUMBER":"19011100","TAXLOT":"800","ACCTNO":"0814291","MAPACRES":3.90659525},"geometry":{"type":"Polygon","coordinates":[[[-122.783024,43.929604],[-122.783539,43.929598],[-122.783544,43.929556],[-122.783602,43.929112],[-122.783607,43.929069],[-122.783608,43.929025],[-122.780524,43.929043],[-122.780532,43.929537],[-122.780536,43.929634],[-122.780724,43.929632],[-122.781498,43.929622],[-122.782037,43.929616],[-122.783024,43.929604]]]}},{"type":"Feature","properties":{"MAPTAXLOT":"1901110000900","MAPNUMBER":"19011100","TAXLOT":"900","ACCTNO":"0814309","MAPACRES":3.48264824},"geometry":{"type":"Polygon","coordinates":[[[-122.780524,43.929043],[-122.783608,43.929025],[-122.783605,43.928971],[-122.783595,43.928918],[-122.783579,43.928865],[-122.783557,43.928813],[-122.783529,43.928763],[-122.783496,43.928715],[-122.783457,43.928669],[-122.783441,43.928651],[-122.783374,43.928573],[-122.783314,43.928494],[-122.780511,43.928517],[-122.780524,43.929043]]]}},{"type":"Feature","properties":{"MAPTAXLOT":"1901110001000","MAPNUMBER":"19011100","TAXLOT":"1000","ACCTNO":"0814317","MAPACRES":4.15398839},"geometry":{"type":"Polygon","coordinates":[[[-122.780511,43.928517],[-122.783314,43.928494],[-122.783268,43.928424],[-122.783226,43.928352],[-122.783188,43.928279],[-122.783156,43.928205],[-122.783128,43.92813],[-122.782818,43.92813],[-122.782611,43.928129],[-122.782611,43.927925],[-122.782326,43.927925],[-122.782338,43.927906],[-122.77985,43.927905],[-122.779809,43.928456],[-122.780277,43.928517],[-122.780511,43.928517]]]}},{"type":"Feature","properties":{"MAPTAXLOT":"1901110001001","MAPNUMBER":"19011100","TAXLOT":"1001","ACCTNO":"1647781","MAPACRES":0.24690967},"geometry":{"type":"Polygon","coordinates":[[[-122.782818,43.92813],[-122.783128,43.92813],[-122.783106,43.928054],[-122.783088,43.927977],[-122.783075,43.9279],[-122.783067,43.927823],[-122.783064,43.927745],[-122.783064,43.927737],[-122.783065,43.927708],[-122.783064,43.927708],[-122.782819,43.927708],[-122.782818,43.92813]]]}},{"type":"Feature","properties":{"MAPTAXLOT":"1901110001600","MAPNUMBER":"19011100","TAXLOT":"1600","ACCTNO":"1475142","MAPACRES":14.99081915},"geometry":{"type":"Polygon","coordinates":[[[-122.775484,43.929588],[-122.778889,43.929554],[-122.778888,43.929546],[-122.778705,43.928554],[-122.777539,43.927837],[-122.777054,43.92754],[-122.776504,43.927202],[-122.777528,43.926845],[-122.775481,43.926845],[-122.775475,43.927747],[-122.775474,43.927863],[-122.775484,43.929588]]]}},{"type":"Feature","properties":{"MAPTAXLOT":"1901110001601","MAPNUMBER":"19011100","TAXLOT":"1601","ACCTNO":"1572948","MAPACRES":72.42967078},"geometry":{"type":"Polygon","coordinates":[[[-122.765357,43.929633],[-122.775484,43.929588],[-122.775474,43.927863],[-122.775475,43.927747],[-122.775481,43.926845],[-122.77549,43.925455],[-122.770687,43.925454],[-122.770686,43.926342],[-122.765356,43.928031],[-122.765357,43.929633]]]}},{"type":"Feature","properties":{"MAPTAXLOT":"1901110001602","MAPNUMBER":"19011100","TAXLOT":"1602","ACCTNO":"1475159","MAPACRES":41.6482804},"geometry":{"type":"Polygon","coordinates":[[[-122.765355,43.927826],[-122.765356,43.928031],[-122.770686,43.926342],[-122.770687,43.925454],[-122.77069,43.924202],[-122.77069,43.924202],[-122.770691,43.92364],[-122.77069,43.92364],[-122.765344,43.923653],[-122.765344,43.923653],[-122.765351,43.924234],[-122.765355,43.927826]]]}},{"type":"Feature","properties":{"MAPTAXLOT":"1901110001603","MAPNUMBER":"19011100","TAXLOT":"1603","ACCTNO":"1647799","MAPACRES":0.29816972},"geometry":{"type":"Polygon","coordinates":[[[-122.782611,43.928129],[-122.782818,43.92813],[-122.782819,43.927708],[-122.782438,43.927708],[-122.782438,43.927744],[-122.782338,43.927906],[-122.782326,43.927925],[-122.782611,43.927925],[-122.782611,43.928129]]]}},{"type":"Feature","properties":{"MAPTAXLOT":"1901110001604","MAPNUMBER":"19011100","TAXLOT":"1604","ACCTNO":"1647807","MAPACRES":5.03481761},"geometry":{"type":"Polygon","coordinates":[[[-122.778889,43.929554],[-122.780532,43.929537],[-122.780524,43.929043],[-122.780511,43.928517],[-122.780277,43.928517],[-122.779809,43.928456],[-122.77985,43.927905],[-122.779607,43.927905],[-122.77923,43.927837],[-122.778932,43.928459],[-122.778705,43.928554],[-122.778888,43.929546],[-122.778889,43.929554]]]}},{"type":"Feature","properties":{"MAPTAXLOT":"1901110001605","MAPNUMBER":"19011100","TAXLOT":"1605","ACCTNO":"1647815","MAPACRES":4.72170685},"geometry":{"type":"Polygon","coordinates":[[[-122.777539,43.927837],[-122.778705,43.928554],[-122.778932,43.928459],[-122.77923,43.927837],[-122.779607,43.927905],[-122.77985,43.927905],[-122.782338,43.927906],[-122.782438,43.927744],[-122.782275,43.927827],[-122.78117,43.927816],[-122.780643,43.927799],[-122.77957,43.927812],[-122.77911,43.927722],[-122.778266,43.927515],[-122.777528,43.926845],[-122.776504,43.927202],[-122.777054,43.92754],[-122.777539,43.927837]]]}},{"type":"Feature","properties":{"MAPTAXLOT":"1901110001606","MAPNUMBER":"19011100","TAXLOT":"1606","ACCTNO":"1647823","MAPACRES":5.08460314},"geometry":{"type":"Polygon","coordinates":[[[-122.778266,43.927515],[-122.77911,43.927722],[-122.77957,43.927812],[-122.780643,43.927799],[-122.78117,43.927816],[-122.781171,43.927723],[-122.780536,43.927727],[-122.780541,43.927337],[-122.780542,43.926846],[-122.779643,43.926846],[-122.777528,43.926845],[-122.778266,43.927515]]]}},{"type":"Feature","properties":{"MAPTAXLOT":"1901110002100","MAPNUMBER":"19011100","TAXLOT":"2100","ACCTNO":"0814416","MAPACRES":1.20235246},"geometry":{"type":"Polygon","coordinates":[[[-122.780947,43.937134],[-122.782048,43.937122],[-122.782054,43.936381],[-122.781807,43.936273],[-122.781706,43.936391],[-122.781601,43.936506],[-122.781491,43.936619],[-122.781377,43.936729],[-122.780947,43.937134]]]}},{"type":"Feature","properties":{"MAPTAXLOT":"1901113100077","MAPNUMBER":"19011131","TAXLOT":"77","ACCTNO":"000None","MAPACRES":0.87375045},"geometry":{"type":"Polygon","coordinates":[[[-122.782971,43.930997],[-122.783246,43.930995],[-122.783277,43.93102],[-122.783312,43.930828],[-122.783272,43.930854],[-122.783045,43.930856],[-122.782969,43.930857],[-122.782742,43.930859],[-122.782514,43.930861],[-122.782286,43.930863],[-122.782058,43.930865],[-122.781831,43.930867],[-122.781603,43.930869],[-122.781561,43.93087],[-122.781519,43.93087],[-122.781478,43.93087],[-122.781436,43.930871],[-122.781208,43.930873],[-122.780981,43.930875],[-122.780872,43.930876],[-122.780803,43.930874],[-122.780735,43.930867],[-122.780668,43.930855],[-122.780603,43.930837],[-122.780541,43.930816],[-122.780447,43.930938],[-122.780514,43.930963],[-122.780585,43.930983],[-122.780658,43.930998],[-122.780729,43.931009],[-122.780801,43.931015],[-122.780873,43.931016],[-122.780922,43.931016],[-122.781149,43.931014],[-122.781377,43.931012],[-122.781605,43.93101],[-122.781833,43.931008],[-122.78206,43.931006],[-122.782288,43.931004],[-122.782516,43.931002],[-122.782743,43.930999],[-122.782971,43.930997]]]}},{"type":"Feature","properties":{"MAPTAXLOT":"1901113100100","MAPNUMBER":"19011131","TAXLOT":"100","ACCTNO":"1912144","MAPACRES":0.20035711},"geometry":{"type":"Polygon","coordinates":[[[-122.782977,43.931327],[-122.783221,43.931324],[-122.783277,43.93102],[-122.783246,43.930995],[-122.782971,43.930997],[-122.782977,43.931327]]]}},{"type":"Feature","properties":{"MAPTAXLOT":"1901113100200","MAPNUMBER":"19011131","TAXLOT":"200","ACCTNO":"1912145","MAPACRES":0.16529181},"geometry":{"type":"Polygon","coordinates":[[[-122.782749,43.931329],[-122.782977,43.931327],[-122.782971,43.930997],[-122.782743,43.930999],[-122.782749,43.931329]]]}},{"type":"Feature","properties":{"MAPTAXLOT":"1901113100300","MAPNUMBER":"19011131","TAXLOT":"300","ACCTNO":"1912146","MAPACRES":0.16529069},"geometry":{"type":"Polygon","coordinates":[[[-122.782521,43.931331],[-122.782749,43.931329],[-122.782743,43.930999],[-122.782516,43.931002],[-122.782521,43.931331]]]}},{"type":"Feature","properties":{"MAPTAXLOT":"1901113100400","MAPNUMBER":"19011131","TAXLOT":"400","ACCTNO":"1912147","MAPACRES":0.16529114},"geometry":{"type":"Polygon","coordinates":[[[-122.782294,43.931333],[-122.782521,43.931331],[-122.782516,43.931002],[-122.782288,43.931004],[-122.782294,43.931333]]]}},{"type":"Feature","properties":{"MAPTAXLOT":"1901113100500","MAPNUMBER":"19011131","TAXLOT":"500","ACCTNO":"1912148","MAPACRES":0.16529136},"geometry":{"type":"Polygon","coordinates":[[[-122.782066,43.931335],[-122.782294,43.931333],[-122.782288,43.931004],[-122.78206,43.931006],[-122.782066,43.931335]]]}},{"type":"Feature","properties":{"MAPTAXLOT":"1901113100600","MAPNUMBER":"19011131","TAXLOT":"600","ACCTNO":"1912149","MAPACRES":0.16529091},"geometry":{"type":"Polygon","coordinates":[[[-122.781838,43.931337],[-122.782066,43.931335],[-122.78206,43.931006],[-122.781833,43.931008],[-122.781838,43.931337]]]}},{"type":"Feature","properties":{"MAPTAXLOT":"1901113100700","MAPNUMBER":"19011131","TAXLOT":"700","ACCTNO":"1912150","MAPACRES":0.16529159},"geometry":{"type":"Polygon","coordinates":[[[-122.78161,43.931339],[-122.781838,43.931337],[-122.781833,43.931008],[-122.781605,43.93101],[-122.78161,43.931339]]]}},{"type":"Feature","properties":{"MAPTAXLOT":"1901113100800","MAPNUMBER":"19011131","TAXLOT":"800","ACCTNO":"1912151","MAPACRES":0.16529136},"geometry":{"type":"Polygon","coordinates":[[[-122.781383,43.931341],[-122.78161,43.931339],[-122.781605,43.93101],[-122.781377,43.931012],[-122.781383,43.931341]]]}},{"type":"Feature","properties":{"MAPTAXLOT":"1901113100900","MAPNUMBER":"19011131","TAXLOT":"900","ACCTNO":"1912152","MAPACRES":0.16529072},"geometry":{"type":"Polygon","coordinates":[[[-122.781155,43.931343],[-122.781366,43.931341],[-122.781383,43.931341],[-122.781377,43.931012],[-122.781149,43.931014],[-122.781155,43.931343]]]}},{"type":"Feature","properties":{"MAPTAXLOT":"1901113101000","MAPNUMBER":"19011131","TAXLOT":"1000","ACCTNO":"1912153","MAPACRES":0.16529159},"geometry":{"type":"Polygon","coordinates":[[[-122.780927,43.931345],[-122.781155,43.931343],[-122.781149,43.931014],[-122.780922,43.931016],[-122.780927,43.931345]]]}},{"type":"Feature","properties":{"MAPTAXLOT":"1901113101100","MAPNUMBER":"19011131","TAXLOT":"1100","ACCTNO":"1912154","MAPACRES":0.24284097},"geometry":{"type":"Polygon","coordinates":[[[-122.780538,43.931348],[-122.780927,43.931345],[-122.780922,43.931016],[-122.780873,43.931016],[-122.780801,43.931015],[-122.780729,43.931009],[-122.780658,43.930998],[-122.780538,43.931348]]]}},{"type":"Feature","properties":{"MAPTAXLOT":"1901113101200","MAPNUMBER":"19011131","TAXLOT":"1200","ACCTNO":"1912155","MAPACRES":0.27424522},"geometry":{"type":"Polygon","coordinates":[[[-122.780127,43.931352],[-122.780538,43.931348],[-122.780658,43.930998],[-122.780585,43.930983],[-122.780514,43.930963],[-122.780447,43.930938],[-122.780127,43.931352]]]}},{"type":"Feature","properties":{"MAPTAXLOT":"1901113101300","MAPNUMBER":"19011131","TAXLOT":"1300","ACCTNO":"1912156","MAPACRES":0.23915747},"geometry":{"type":"Polygon","coordinates":[[[-122.780541,43.930816],[-122.780603,43.930837],[-122.780668,43.930855],[-122.780735,43.930867],[-122.780803,43.930874],[-122.780872,43.930876],[-122.780981,43.930875],[-122.780974,43.930549],[-122.780745,43.930551],[-122.780541,43.930816]]]}},{"type":"Feature","properties":{"MAPTAXLOT":"1901113101400","MAPNUMBER":"19011131","TAXLOT":"1400","ACCTNO":"1912157","MAPACRES":0.16386197},"geometry":{"type":"Polygon","coordinates":[[[-122.780981,43.930875],[-122.781208,43.930873],[-122.781202,43.930546],[-122.780974,43.930549],[-122.780981,43.930875]]]}},{"type":"Feature","properties":{"MAPTAXLOT":"1901113101500","MAPNUMBER":"19011131","TAXLOT":"1500","ACCTNO":"1912158","MAPACRES":0.16399674},"geometry":{"type":"Polygon","coordinates":[[[-122.781208,43.930873],[-122.781436,43.930871],[-122.781436,43.930871],[-122.78143,43.930544],[-122.781202,43.930546],[-122.781208,43.930873]]]}},{"type":"Feature","properties":{"MAPTAXLOT":"1901113101600","MAPNUMBER":"19011131","TAXLOT":"1600","ACCTNO":"1912159","MAPACRES":0.38659523},"geometry":{"type":"Polygon","coordinates":[[[-122.781436,43.930871],[-122.781478,43.93087],[-122.781468,43.930322],[-122.780741,43.930328],[-122.780745,43.930551],[-122.780974,43.930549],[-122.781202,43.930546],[-122.78143,43.930544],[-122.781436,43.930871]]]}},{"type":"Feature","properties":{"MAPTAXLOT":"1901113101700","MAPNUMBER":"19011131","TAXLOT":"1700","ACCTNO":"1912160","MAPACRES":1.23704336},"geometry":{"type":"Polygon","coordinates":[[[-122.780741,43.930328],[-122.781468,43.930322],[-122.781478,43.93087],[-122.781519,43.93087],[-122.781498,43.929622],[-122.780724,43.929632],[-122.780741,43.930328]]]}},{"type":"Feature","properties":{"MAPTAXLOT":"1901113101800","MAPNUMBER":"19011131","TAXLOT":"1800","ACCTNO":"1912161","MAPACRES":0.88330072},"geometry":{"type":"Polygon","coordinates":[[[-122.781519,43.93087],[-122.781561,43.93087],[-122.781552,43.930321],[-122.782049,43.930317],[-122.782037,43.929616],[-122.781498,43.929622],[-122.781519,43.93087]]]}},{"type":"Feature","properties":{"MAPTAXLOT":"1901113101900","MAPNUMBER":"19011131","TAXLOT":"1900","ACCTNO":"1912162","MAPACRES":0.27089055},"geometry":{"type":"Polygon","coordinates":[[[-122.781561,43.93087],[-122.781603,43.930869],[-122.781597,43.93054],[-122.781825,43.930538],[-122.782053,43.930536],[-122.782049,43.930317],[-122.781552,43.930321],[-122.781561,43.93087]]]}},{"type":"Feature","properties":{"MAPTAXLOT":"1901113102000","MAPNUMBER":"19011131","TAXLOT":"2000","ACCTNO":"1912163","MAPACRES":0.16528914},"geometry":{"type":"Polygon","coordinates":[[[-122.781603,43.930869],[-122.781831,43.930867],[-122.781825,43.930538],[-122.781597,43.93054],[-122.781603,43.930869]]]}},{"type":"Feature","properties":{"MAPTAXLOT":"1901113102100","MAPNUMBER":"19011131","TAXLOT":"2100","ACCTNO":"1912164","MAPACRES":0.16528914},"geometry":{"type":"Polygon","coordinates":[[[-122.781831,43.930867],[-122.782058,43.930865],[-122.782053,43.930536],[-122.781825,43.930538],[-122.781831,43.930867]]]}},{"type":"Feature","properties":{"MAPTAXLOT":"1901113102200","MAPNUMBER":"19011131","TAXLOT":"2200","ACCTNO":"1912165","MAPACRES":0.16528981},"geometry":{"type":"Polygon","coordinates":[[[-122.782053,43.930536],[-122.782058,43.930865],[-122.782286,43.930863],[-122.782281,43.930534],[-122.782053,43.930536]]]}},{"type":"Feature","properties":{"MAPTAXLOT":"1901113102300","MAPNUMBER":"19011131","TAXLOT":"2300","ACCTNO":"1912166","MAPACRES":0.16528936},"geometry":{"type":"Polygon","coordinates":[[[-122.782281,43.930534],[-122.782286,43.930863],[-122.782514,43.930861],[-122.782508,43.930532],[-122.782281,43.930534]]]}},{"type":"Feature","properties":{"MAPTAXLOT":"1901113102400","MAPNUMBER":"19011131","TAXLOT":"2400","ACCTNO":"1912167","MAPACRES":0.16528938},"geometry":{"type":"Polygon","coordinates":[[[-122.782508,43.930532],[-122.782514,43.930861],[-122.782742,43.930859],[-122.782736,43.93053],[-122.782508,43.930532]]]}},{"type":"Feature","properties":{"MAPTAXLOT":"1901113102500","MAPNUMBER":"19011131","TAXLOT":"2500","ACCTNO":"1912168","MAPACRES":0.16528958},"geometry":{"type":"Polygon","coordinates":[[[-122.782736,43.93053],[-122.782742,43.930859],[-122.782969,43.930857],[-122.782964,43.930528],[-122.782736,43.93053]]]}},{"type":"Feature","properties":{"MAPTAXLOT":"1901113102600","MAPNUMBER":"19011131","TAXLOT":"2600","ACCTNO":"1912169","MAPACRES":2.06106382},"geometry":{"type":"Polygon","coordinates":[[[-122.782053,43.930536],[-122.782281,43.930534],[-122.782508,43.930532],[-122.782736,43.93053],[-122.782964,43.930528],[-122.782969,43.930857],[-122.783045,43.930856],[-122.783024,43.929604],[-122.782037,43.929616],[-122.782049,43.930317],[-122.782053,43.930536]]]}},{"type":"Feature","properties":{"MAPTAXLOT":"1901113102700","MAPNUMBER":"19011131","TAXLOT":"2700","ACCTNO":"1912170","MAPACRES":1.07293367},"geometry":{"type":"Polygon","coordinates":[[[-122.783024,43.929604],[-122.783045,43.930856],[-122.783272,43.930854],[-122.783312,43.930828],[-122.783539,43.929598],[-122.783024,43.929604]]]}},{"type":"Feature","properties":{"MAPTAXLOT":"1901113102900","MAPNUMBER":"19011131","TAXLOT":"2900","ACCTNO":"1912172","MAPACRES":20.37725265},"geometry":{"type":"Polygon","coordinates":[[[-122.77548,43.931393],[-122.780127,43.931352],[-122.780447,43.930938],[-122.780541,43.930816],[-122.780745,43.930551],[-122.780741,43.930328],[-122.780724,43.929632],[-122.780536,43.929634],[-122.780532,43.929537],[-122.778889,43.929554],[-122.775484,43.929588],[-122.77548,43.931393]]]}},{"type":"Feature","properties":{"MAPTAXLOT":"1901113300077","MAPNUMBER":"19011133","TAXLOT":"77","ACCTNO":"000None","MAPACRES":5.0232607},"geometry":{"type":"Polygon","coordinates":[[[-122.783065,43.927708],[-122.783604,43.927876],[-122.78357,43.927784],[-122.783475,43.927635],[-122.783434,43.927509],[-122.783399,43.927383],[-122.78337,43.927255],[-122.783347,43.927127],[-122.78333,43.926999],[-122.783318,43.926861],[-122.783299,43.926685],[-122.783301,43.92631],[-122.783301,43.926275],[-122.783301,43.926241],[-122.783303,43.925832],[-122.783307,43.924929],[-122.783307,43.924895],[-122.783307,43.924861],[-122.783311,43.9239],[-122.783093,43.924112],[-122.783088,43.925123],[-122.783088,43.925126],[-122.783088,43.925132],[-122.783085,43.925869],[-122.782403,43.925868],[-122.781833,43.925867],[-122.781836,43.925211],[-122.781836,43.924992],[-122.781837,43.924772],[-122.781838,43.924553],[-122.781839,43.924333],[-122.781839,43.924114],[-122.78184,43.923894],[-122.781688,43.923894],[-122.781688,43.924113],[-122.781687,43.924333],[-122.781686,43.924552],[-122.781685,43.924772],[-122.781684,43.924991],[-122.781684,43.925211],[-122.781646,43.92521],[-122.781643,43.925867],[-122.781074,43.925866],[-122.781074,43.925866],[-122.781024,43.925866],[-122.780788,43.925866],[-122.780485,43.925866],[-122.780504,43.925519],[-122.780515,43.925324],[-122.780526,43.92513],[-122.780537,43.924935],[-122.780543,43.924829],[-122.780683,43.924851],[-122.780684,43.924665],[-122.780685,43.924481],[-122.780686,43.924289],[-122.780687,43.924105],[-122.780459,43.924069],[-122.780458,43.924297],[-122.780423,43.92429],[-122.780387,43.924287],[-122.780351,43.924288],[-122.780316,43.924294],[-122.780283,43.924304],[-122.780257,43.924316],[-122.780234,43.924329],[-122.780213,43.924346],[-122.780196,43.924364],[-122.780183,43.924383],[-122.780172,43.924407],[-122.780167,43.924432],[-122.780168,43.924458],[-122.780175,43.924483],[-122.780187,43.924508],[-122.780206,43.924531],[-122.780229,43.924551],[-122.780257,43.924568],[-122.780287,43.924581],[-122.780319,43.92459],[-122.780354,43.924595],[-122.780388,43.924597],[-122.780423,43.924594],[-122.780456,43.924587],[-122.780456,43.924693],[-122.780455,43.924815],[-122.780354,43.924815],[-122.780354,43.924816],[-122.780351,43.924865],[-122.780339,43.925084],[-122.780343,43.925084],[-122.780335,43.925221],[-122.780331,43.925221],[-122.780315,43.92551],[-122.780295,43.925865],[-122.779971,43.925865],[-122.77966,43.925865],[-122.779654,43.926029],[-122.781174,43.926031],[-122.781302,43.926031],[-122.781818,43.926031],[-122.781894,43.926031],[-122.782443,43.926032],[-122.783069,43.926033],[-122.783068,43.92647],[-122.783067,43.926688],[-122.783067,43.926688],[-122.783066,43.926907],[-122.783065,43.927289],[-122.783065,43.927344],[-122.783065,43.927399],[-122.783065,43.927708]]]}},{"type":"Feature","properties":{"MAPTAXLOT":"1901113303100","MAPNUMBER":"19011133","TAXLOT":"3100","ACCTNO":"1064037","MAPACRES":0.17992677},"geometry":{"type":"Polygon","coordinates":[[[-122.780788,43.925866],[-122.781024,43.925866],[-122.781024,43.925519],[-122.781024,43.925519],[-122.780789,43.925519],[-122.780788,43.925866]]]}},{"type":"Feature","properties":{"MAPTAXLOT":"1901113303200","MAPNUMBER":"19011133","TAXLOT":"3200","ACCTNO":"1064045","MAPACRES":0.22458124},"geometry":{"type":"Polygon","coordinates":[[[-122.780485,43.925866],[-122.780788,43.925866],[-122.780789,43.925519],[-122.780504,43.925519],[-122.780485,43.925866]]]}},{"type":"Feature","properties":{"MAPTAXLOT":"1901113303300","MAPNUMBER":"19011133","TAXLOT":"3300","ACCTNO":"1064052","MAPACRES":0.22084504},"geometry":{"type":"Polygon","coordinates":[[[-122.780789,43.925519],[-122.781024,43.925519],[-122.781024,43.925519],[-122.781024,43.925325],[-122.781024,43.925325],[-122.780515,43.925324],[-122.780504,43.925519],[-122.780789,43.925519]]]}},{"type":"Feature","properties":{"MAPTAXLOT":"1901113303400","MAPNUMBER":"19011133","TAXLOT":"3400","ACCTNO":"1064060","MAPACRES":0.21618771},"geometry":{"type":"Polygon","coordinates":[[[-122.780515,43.925324],[-122.781024,43.925325],[-122.781024,43.925325],[-122.781024,43.92513],[-122.781024,43.92513],[-122.780526,43.92513],[-122.780515,43.925324]]]}},{"type":"Feature","properties":{"MAPTAXLOT":"1901113303500","MAPNUMBER":"19011133","TAXLOT":"3500","ACCTNO":"1064078","MAPACRES":0.21153013},"geometry":{"type":"Polygon","coordinates":[[[-122.780526,43.92513],[-122.781024,43.92513],[-122.781024,43.92513],[-122.781024,43.924935],[-122.780537,43.924935],[-122.780526,43.92513]]]}},{"type":"Feature","properties":{"MAPTAXLOT":"1901113303600","MAPNUMBER":"19011133","TAXLOT":"3600","ACCTNO":"1064086","MAPACRES":0.09231206},"geometry":{"type":"Polygon","coordinates":[[[-122.780537,43.924935],[-122.781024,43.924935],[-122.781024,43.924853],[-122.781024,43.924853],[-122.780683,43.924851],[-122.780543,43.924829],[-122.780537,43.924935]]]}},{"type":"Feature","properties":{"MAPTAXLOT":"1901113303700","MAPNUMBER":"19011133","TAXLOT":"3700","ACCTNO":"1064102","MAPACRES":0.25147599},"geometry":{"type":"Polygon","coordinates":[[[-122.77966,43.925865],[-122.779971,43.925865],[-122.779991,43.925509],[-122.779662,43.925509],[-122.77966,43.925865]]]}},{"type":"Feature","properties":{"MAPTAXLOT":"1901113303800","MAPNUMBER":"19011133","TAXLOT":"3800","ACCTNO":"1064110","MAPACRES":0.25339451},"geometry":{"type":"Polygon","coordinates":[[[-122.779971,43.925865],[-122.780295,43.925865],[-122.780315,43.92551],[-122.779991,43.925509],[-122.779971,43.925865]]]}},{"type":"Feature","properties":{"MAPTAXLOT":"1901113303900","MAPNUMBER":"19011133","TAXLOT":"3900","ACCTNO":"1064128","MAPACRES":0.20586393},"geometry":{"type":"Polygon","coordinates":[[[-122.779991,43.925509],[-122.780315,43.92551],[-122.780331,43.925221],[-122.780008,43.925221],[-122.779991,43.925509]]]}},{"type":"Feature","properties":{"MAPTAXLOT":"1901113304000","MAPNUMBER":"19011133","TAXLOT":"4000","ACCTNO":"1064136","MAPACRES":0.19564422},"geometry":{"type":"Polygon","coordinates":[[[-122.77994,43.925084],[-122.780339,43.925084],[-122.780351,43.924865],[-122.77994,43.924865],[-122.77994,43.925084]]]}},{"type":"Feature","properties":{"MAPTAXLOT":"1901113304100","MAPNUMBER":"19011133","TAXLOT":"4100","ACCTNO":"1064144","MAPACRES":0.05946126},"geometry":{"type":"Polygon","coordinates":[[[-122.77994,43.924865],[-122.780351,43.924865],[-122.780354,43.924816],[-122.780354,43.924815],[-122.780076,43.924814],[-122.780039,43.92479],[-122.779941,43.924724],[-122.77994,43.924865]]]}},{"type":"Feature","properties":{"MAPTAXLOT":"1901113304200","MAPNUMBER":"19011133","TAXLOT":"4200","ACCTNO":"1364312","MAPACRES":0.13826274},"geometry":{"type":"Polygon","coordinates":[[[-122.780686,43.924289],[-122.781027,43.92429],[-122.781028,43.924107],[-122.780687,43.924105],[-122.780686,43.924289]]]}},{"type":"Feature","properties":{"MAPTAXLOT":"1901113304300","MAPNUMBER":"19011133","TAXLOT":"4300","ACCTNO":"1364320","MAPACRES":0.14445602},"geometry":{"type":"Polygon","coordinates":[[[-122.780685,43.924481],[-122.781026,43.924482],[-122.781027,43.92429],[-122.780686,43.924289],[-122.780685,43.924481]]]}},{"type":"Feature","properties":{"MAPTAXLOT":"1901113304400","MAPNUMBER":"19011133","TAXLOT":"4400","ACCTNO":"1364338","MAPACRES":0.13826458},"geometry":{"type":"Polygon","coordinates":[[[-122.780684,43.924665],[-122.781025,43.924666],[-122.781026,43.924482],[-122.780685,43.924481],[-122.780684,43.924665]]]}},{"type":"Feature","properties":{"MAPTAXLOT":"1901113304500","MAPNUMBER":"19011133","TAXLOT":"4500","ACCTNO":"1364346","MAPACRES":0.14039224},"geometry":{"type":"Polygon","coordinates":[[[-122.780683,43.924851],[-122.781024,43.924853],[-122.781024,43.924853],[-122.781024,43.924793],[-122.781024,43.92474],[-122.781025,43.924666],[-122.780684,43.924665],[-122.780683,43.924851]]]}},{"type":"Feature","properties":{"MAPTAXLOT":"1901113304600","MAPNUMBER":"19011133","TAXLOT":"4600","ACCTNO":"1364353","MAPACRES":0.16266137},"geometry":{"type":"Polygon","coordinates":[[[-122.780354,43.924815],[-122.780455,43.924815],[-122.780456,43.924693],[-122.780456,43.924587],[-122.780423,43.924594],[-122.780388,43.924597],[-122.780354,43.924595],[-122.780319,43.92459],[-122.780287,43.924581],[-122.780257,43.924568],[-122.780039,43.92479],[-122.780076,43.924814],[-122.780354,43.924815]]]}},{"type":"Feature","properties":{"MAPTAXLOT":"1901113304700","MAPNUMBER":"19011133","TAXLOT":"4700","ACCTNO":"1364361","MAPACRES":0.17315971},"geometry":{"type":"Polygon","coordinates":[[[-122.779941,43.924724],[-122.780039,43.92479],[-122.780257,43.924568],[-122.780229,43.924551],[-122.780206,43.924531],[-122.780187,43.924508],[-122.780175,43.924483],[-122.780174,43.924483],[-122.779799,43.924557],[-122.779801,43.924574],[-122.77981,43.924637],[-122.779941,43.924724]]]}},{"type":"Feature","properties":{"MAPTAXLOT":"1901113304800","MAPNUMBER":"19011133","TAXLOT":"4800","ACCTNO":"1364379","MAPACRES":0.1744253},"geometry":{"type":"Polygon","coordinates":[[[-122.779776,43.924399],[-122.779799,43.924557],[-122.780174,43.924483],[-122.780175,43.924483],[-122.780168,43.924458],[-122.780167,43.924432],[-122.780172,43.924407],[-122.780183,43.924383],[-122.779756,43.924257],[-122.779776,43.924399]]]}},{"type":"Feature","properties":{"MAPTAXLOT":"1901113304900","MAPNUMBER":"19011133","TAXLOT":"4900","ACCTNO":"1364387","MAPACRES":0.22828662},"geometry":{"type":"Polygon","coordinates":[[[-122.779756,43.924257],[-122.780183,43.924383],[-122.780196,43.924364],[-122.780213,43.924346],[-122.780234,43.924329],[-122.780257,43.924316],[-122.780283,43.924304],[-122.779996,43.924067],[-122.779728,43.924066],[-122.779747,43.924194],[-122.779756,43.924257]]]}},{"type":"Feature","properties":{"MAPTAXLOT":"1901113305000","MAPNUMBER":"19011133","TAXLOT":"5000","ACCTNO":"1364395","MAPACRES":0.16110556},"geometry":{"type":"Polygon","coordinates":[[[-122.779996,43.924067],[-122.780283,43.924304],[-122.780316,43.924294],[-122.780351,43.924288],[-122.780387,43.924287],[-122.780423,43.92429],[-122.780458,43.924297],[-122.780459,43.924069],[-122.780175,43.924068],[-122.779996,43.924067]]]}},{"type":"Feature","properties":{"MAPTAXLOT":"1901113305100","MAPNUMBER":"19011133","TAXLOT":"5100","ACCTNO":"1064151","MAPACRES":0.00115291},"geometry":{"type":"Polygon","coordinates":[[[-122.780331,43.925221],[-122.780335,43.925221],[-122.780343,43.925084],[-122.780339,43.925084],[-122.780331,43.925221]]]}},{"type":"Feature","properties":{"MAPTAXLOT":"1901113305200","MAPNUMBER":"19011133","TAXLOT":"5200","ACCTNO":"0814382","MAPACRES":0.82473503},"geometry":{"type":"Polygon","coordinates":[[[-122.781074,43.925866],[-122.781074,43.925866],[-122.781643,43.925867],[-122.781646,43.92521],[-122.781076,43.925209],[-122.781074,43.925866]]]}},{"type":"Feature","properties":{"MAPTAXLOT":"1901113305300","MAPNUMBER":"19011133","TAXLOT":"5300","ACCTNO":"0814424","MAPACRES":0.29387538},"geometry":{"type":"Polygon","coordinates":[[[-122.781646,43.92521],[-122.781684,43.925211],[-122.781684,43.924991],[-122.781077,43.924989],[-122.781076,43.925209],[-122.781646,43.92521]]]}},{"type":"Feature","properties":{"MAPTAXLOT":"1901113305400","MAPNUMBER":"19011133","TAXLOT":"5400","ACCTNO":"1003373","MAPACRES":0.29387395},"geometry":{"type":"Polygon","coordinates":[[[-122.781077,43.924989],[-122.781684,43.924991],[-122.781685,43.924772],[-122.781078,43.92477],[-122.781078,43.924793],[-122.781078,43.924797],[-122.781077,43.924989]]]}},{"type":"Feature","properties":{"MAPTAXLOT":"1901113305500","MAPNUMBER":"19011133","TAXLOT":"5500","ACCTNO":"0814432","MAPACRES":0.29388291},"geometry":{"type":"Polygon","coordinates":[[[-122.781078,43.92477],[-122.781685,43.924772],[-122.781686,43.924552],[-122.781079,43.92455],[-122.781078,43.92477]]]}},{"type":"Feature","properties":{"MAPTAXLOT":"1901113305600","MAPNUMBER":"19011133","TAXLOT":"5600","ACCTNO":"0814408","MAPACRES":0.29387639},"geometry":{"type":"Polygon","coordinates":[[[-122.781079,43.92455],[-122.781686,43.924552],[-122.781687,43.924333],[-122.78108,43.924331],[-122.781079,43.92455]]]}},{"type":"Feature","properties":{"MAPTAXLOT":"1901113305700","MAPNUMBER":"19011133","TAXLOT":"5700","ACCTNO":"0814457","MAPACRES":0.29387472},"geometry":{"type":"Polygon","coordinates":[[[-122.78108,43.924331],[-122.781687,43.924333],[-122.781688,43.924113],[-122.78108,43.924112],[-122.78108,43.924331]]]}},{"type":"Feature","properties":{"MAPTAXLOT":"1901113305800","MAPNUMBER":"19011133","TAXLOT":"5800","ACCTNO":"1082963","MAPACRES":0.29387703},"geometry":{"type":"Polygon","coordinates":[[[-122.78108,43.924112],[-122.781688,43.924113],[-122.781688,43.923894],[-122.781081,43.923892],[-122.78108,43.924112]]]}},{"type":"Feature","properties":{"MAPTAXLOT":"1901113305900","MAPNUMBER":"19011133","TAXLOT":"5900","ACCTNO":"1093127","MAPACRES":0.27550872},"geometry":{"type":"Polygon","coordinates":[[[-122.781836,43.925211],[-122.782405,43.925213],[-122.782405,43.92513],[-122.782405,43.925126],[-122.782405,43.925125],[-122.782406,43.924993],[-122.782405,43.924993],[-122.781836,43.924992],[-122.781836,43.925211]]]}},{"type":"Feature","properties":{"MAPTAXLOT":"1901113306000","MAPNUMBER":"19011133","TAXLOT":"6000","ACCTNO":"0814481","MAPACRES":0.27551262},"geometry":{"type":"Polygon","coordinates":[[[-122.781836,43.924992],[-122.782405,43.924993],[-122.782406,43.924993],[-122.782406,43.924774],[-122.782406,43.924774],[-122.781837,43.924772],[-122.781836,43.924992]]]}},{"type":"Feature","properties":{"MAPTAXLOT":"1901113306100","MAPNUMBER":"19011133","TAXLOT":"6100","ACCTNO":"1051802","MAPACRES":0.27551164},"geometry":{"type":"Polygon","coordinates":[[[-122.781837,43.924772],[-122.782406,43.924774],[-122.782406,43.924774],[-122.782407,43.924554],[-122.782407,43.924554],[-122.781838,43.924553],[-122.781837,43.924772]]]}},{"type":"Feature","properties":{"MAPTAXLOT":"1901113306200","MAPNUMBER":"19011133","TAXLOT":"6200","ACCTNO":"0814465","MAPACRES":0.2755132},"geometry":{"type":"Polygon","coordinates":[[[-122.781838,43.924553],[-122.782407,43.924554],[-122.782407,43.924554],[-122.782408,43.924335],[-122.782408,43.924335],[-122.781839,43.924333],[-122.781838,43.924553]]]}},{"type":"Feature","properties":{"MAPTAXLOT":"1901113306300","MAPNUMBER":"19011133","TAXLOT":"6300","ACCTNO":"0814440","MAPACRES":0.27551049},"geometry":{"type":"Polygon","coordinates":[[[-122.781839,43.924333],[-122.782408,43.924335],[-122.782408,43.924335],[-122.782409,43.924119],[-122.782409,43.924115],[-122.782409,43.924115],[-122.782384,43.924115],[-122.781839,43.924114],[-122.781839,43.924333]]]}},{"type":"Feature","properties":{"MAPTAXLOT":"1901113306400","MAPNUMBER":"19011133","TAXLOT":"6400","ACCTNO":"1004900","MAPACRES":0.26319054},"geometry":{"type":"Polygon","coordinates":[[[-122.781839,43.924114],[-122.782384,43.924115],[-122.782383,43.923896],[-122.782383,43.923896],[-122.78184,43.923894],[-122.781839,43.924114]]]}},{"type":"Feature","properties":{"MAPTAXLOT":"1901113306501","MAPNUMBER":"19011133","TAXLOT":"6501","ACCTNO":"1835923","MAPACRES":1.93325821},"geometry":{"type":"Polygon","coordinates":[[[-122.781836,43.925211],[-122.781833,43.925867],[-122.782403,43.925868],[-122.783085,43.925869],[-122.783088,43.925132],[-122.782519,43.925131],[-122.782405,43.92513],[-122.782405,43.925213],[-122.781836,43.925211]]]}},{"type":"Feature","properties":{"MAPTAXLOT":"1901113306502","MAPNUMBER":"19011133","TAXLOT":"6502","ACCTNO":"1835931","MAPACRES":1.53344044},"geometry":{"type":"Polygon","coordinates":[[[-122.782405,43.92513],[-122.782519,43.925131],[-122.783088,43.925132],[-122.783088,43.925126],[-122.783088,43.925123],[-122.783093,43.924112],[-122.782721,43.924114],[-122.782409,43.924115],[-122.782409,43.924119],[-122.782408,43.924335],[-122.782407,43.924554],[-122.782406,43.924774],[-122.782406,43.924993],[-122.782405,43.925125],[-122.782405,43.925126],[-122.782405,43.92513]]]}},{"type":"Feature","properties":{"MAPTAXLOT":"1901113306600","MAPNUMBER":"19011133","TAXLOT":"6600","ACCTNO":"1049699","MAPACRES":0.12251894},"geometry":{"type":"Polygon","coordinates":[[[-122.781024,43.925866],[-122.781074,43.925866],[-122.781076,43.925209],[-122.781077,43.924989],[-122.781078,43.924797],[-122.781078,43.924793],[-122.781078,43.924793],[-122.781024,43.924793],[-122.781024,43.924853],[-122.781024,43.924935],[-122.781024,43.92513],[-122.781024,43.925325],[-122.781024,43.925519],[-122.781024,43.925866]]]}},{"type":"Feature","properties":{"MAPTAXLOT":"1901113306704","MAPNUMBER":"19011133","TAXLOT":"6704","ACCTNO":"1485505","MAPACRES":3.5500446},"geometry":{"type":"Polygon","coordinates":[[[-122.780541,43.927337],[-122.781176,43.927342],[-122.781175,43.926928],[-122.781078,43.926911],[-122.781173,43.926641],[-122.781301,43.926464],[-122.781302,43.926031],[-122.781174,43.926031],[-122.779654,43.926029],[-122.779643,43.926846],[-122.780542,43.926846],[-122.780541,43.927337]]]}},{"type":"Feature","properties":{"MAPTAXLOT":"1901113306705","MAPNUMBER":"19011133","TAXLOT":"6705","ACCTNO":"1496684","MAPACRES":0.42696381},"geometry":{"type":"Polygon","coordinates":[[[-122.782819,43.927708],[-122.783064,43.927708],[-122.783065,43.927708],[-122.783065,43.927399],[-122.782439,43.927398],[-122.782438,43.927708],[-122.782819,43.927708]]]}},{"type":"Feature","properties":{"MAPTAXLOT":"1901113306706","MAPNUMBER":"19011133","TAXLOT":"6706","ACCTNO":"1496676","MAPACRES":1.9423808},"geometry":{"type":"Polygon","coordinates":[[[-122.780536,43.927727],[-122.781171,43.927723],[-122.78117,43.927816],[-122.782275,43.927827],[-122.782438,43.927744],[-122.782438,43.927708],[-122.782439,43.927398],[-122.783065,43.927399],[-122.783065,43.927344],[-122.781819,43.927342],[-122.781176,43.927342],[-122.780541,43.927337],[-122.780536,43.927727]]]}},{"type":"Feature","properties":{"MAPTAXLOT":"1901113306707","MAPNUMBER":"19011133","TAXLOT":"6707","ACCTNO":"1496700","MAPACRES":0.67322791},"geometry":{"type":"Polygon","coordinates":[[[-122.781819,43.927342],[-122.783065,43.927344],[-122.783065,43.927289],[-122.782439,43.927289],[-122.782441,43.926906],[-122.781819,43.926906],[-122.781819,43.927342]]]}},{"type":"Feature","properties":{"MAPTAXLOT":"1901113306708","MAPNUMBER":"19011133","TAXLOT":"6708","ACCTNO":"1496692","MAPACRES":0.52743497},"geometry":{"type":"Polygon","coordinates":[[[-122.782439,43.927289],[-122.783065,43.927289],[-122.783066,43.926907],[-122.783066,43.926907],[-122.782441,43.926906],[-122.782439,43.927289]]]}},{"type":"Feature","properties":{"MAPTAXLOT":"1901113306709","MAPNUMBER":"19011133","TAXLOT":"6709","ACCTNO":"1496726","MAPACRES":0.60290889},"geometry":{"type":"Polygon","coordinates":[[[-122.782441,43.926906],[-122.783066,43.926907],[-122.783066,43.926907],[-122.783067,43.926688],[-122.783067,43.926688],[-122.783068,43.92647],[-122.782442,43.926469],[-122.782441,43.926906]]]}},{"type":"Feature","properties":{"MAPTAXLOT":"1901113306710","MAPNUMBER":"19011133","TAXLOT":"6710","ACCTNO":"1496718","MAPACRES":0.60333317},"geometry":{"type":"Polygon","coordinates":[[[-122.782442,43.926469],[-122.783068,43.92647],[-122.783069,43.926033],[-122.782443,43.926032],[-122.782442,43.926469]]]}},{"type":"Feature","properties":{"MAPTAXLOT":"1901113306711","MAPNUMBER":"19011133","TAXLOT":"6711","ACCTNO":"1496742","MAPACRES":0.52943173},"geometry":{"type":"Polygon","coordinates":[[[-122.781893,43.926469],[-122.782442,43.926469],[-122.782443,43.926032],[-122.781894,43.926031],[-122.781893,43.926469]]]}},{"type":"Feature","properties":{"MAPTAXLOT":"1901113306712","MAPNUMBER":"19011133","TAXLOT":"6712","ACCTNO":"1496734","MAPACRES":0.67283742},"geometry":{"type":"Polygon","coordinates":[[[-122.781819,43.926906],[-122.782441,43.926906],[-122.782442,43.926469],[-122.781893,43.926469],[-122.781894,43.926031],[-122.781818,43.926031],[-122.781818,43.92647],[-122.781819,43.926906]]]}},{"type":"Feature","properties":{"MAPTAXLOT":"1901113306714","MAPNUMBER":"19011133","TAXLOT":"6714","ACCTNO":"1908654","MAPACRES":1.24905339},"geometry":{"type":"Polygon","coordinates":[[[-122.781176,43.927342],[-122.781819,43.927342],[-122.781819,43.926906],[-122.781818,43.92647],[-122.781301,43.926464],[-122.781173,43.926641],[-122.781078,43.926911],[-122.781175,43.926928],[-122.781176,43.927342]]]}},{"type":"Feature","properties":{"MAPTAXLOT":"1901113306715","MAPNUMBER":"19011133","TAXLOT":"6715","ACCTNO":"1908662","MAPACRES":0.49634938},"geometry":{"type":"Polygon","coordinates":[[[-122.781301,43.926464],[-122.781818,43.92647],[-122.781818,43.926031],[-122.781302,43.926031],[-122.781301,43.926464]]]}},{"type":"Feature","properties":{"MAPTAXLOT":"1901113306800","MAPNUMBER":"19011133","TAXLOT":"6800","ACCTNO":"1371135","MAPACRES":0.95712876},"geometry":{"type":"Polygon","coordinates":[[[-122.783307,43.924861],[-122.783755,43.924862],[-122.783766,43.923901],[-122.783759,43.923901],[-122.783311,43.9239],[-122.783307,43.924861]]]}},{"type":"Feature","properties":{"MAPTAXLOT":"1901113306900","MAPNUMBER":"19011133","TAXLOT":"6900","ACCTNO":"1518214","MAPACRES":1.9983523},"geometry":{"type":"Polygon","coordinates":[[[-122.784151,43.928196],[-122.784748,43.928545],[-122.78521,43.928132],[-122.784639,43.926989],[-122.784507,43.92699],[-122.784151,43.928196]]]}},{"type":"Feature","properties":{"MAPTAXLOT":"1901113307000","MAPNUMBER":"19011133","TAXLOT":"7000","ACCTNO":"1518222","MAPACRES":2.05882663},"geometry":{"type":"Polygon","coordinates":[[[-122.783604,43.927876],[-122.784151,43.928196],[-122.784507,43.92699],[-122.78333,43.926999],[-122.783347,43.927127],[-122.78337,43.927255],[-122.783399,43.927383],[-122.783434,43.927509],[-122.783475,43.927635],[-122.78357,43.927784],[-122.783604,43.927876]]]}},{"type":"Feature","properties":{"MAPTAXLOT":"1901113307100","MAPNUMBER":"19011133","TAXLOT":"7100","ACCTNO":"1518230","MAPACRES":1.68026149},"geometry":{"type":"Polygon","coordinates":[[[-122.784507,43.92699],[-122.784639,43.926989],[-122.784637,43.926671],[-122.784637,43.92667],[-122.784571,43.926665],[-122.784553,43.926656],[-122.783855,43.926306],[-122.783301,43.92631],[-122.783299,43.926685],[-122.783318,43.926861],[-122.78333,43.926999],[-122.784507,43.92699]]]}},{"type":"Feature","properties":{"MAPTAXLOT":"1901113307201","MAPNUMBER":"19011133","TAXLOT":"7201","ACCTNO":"1526753","MAPACRES":2.36792674},"geometry":{"type":"Polygon","coordinates":[[[-122.783301,43.92631],[-122.783855,43.926306],[-122.783855,43.926306],[-122.784553,43.926656],[-122.784501,43.926301],[-122.784501,43.926267],[-122.784502,43.925444],[-122.784502,43.925384],[-122.784205,43.925291],[-122.784203,43.925291],[-122.783303,43.925832],[-122.783301,43.926241],[-122.783301,43.926275],[-122.783301,43.92631]]]}},{"type":"Feature","properties":{"MAPTAXLOT":"1901113307202","MAPNUMBER":"19011133","TAXLOT":"7202","ACCTNO":"1526761","MAPACRES":2.02445136},"geometry":{"type":"Polygon","coordinates":[[[-122.783307,43.924929],[-122.783303,43.925832],[-122.784203,43.925291],[-122.784503,43.92511],[-122.784505,43.924514],[-122.783851,43.924519],[-122.78385,43.92493],[-122.783307,43.924929]]]}},{"type":"Feature","properties":{"MAPTAXLOT":"1901113307203","MAPNUMBER":"19011133","TAXLOT":"7203","ACCTNO":"1534526","MAPACRES":1.99892321},"geometry":{"type":"Polygon","coordinates":[[[-122.784748,43.928545],[-122.784856,43.928609],[-122.785319,43.928196],[-122.785606,43.928364],[-122.785606,43.928364],[-122.785609,43.927669],[-122.785612,43.926982],[-122.785612,43.926982],[-122.784639,43.926989],[-122.78521,43.928132],[-122.784748,43.928545]]]}},{"type":"Feature","properties":{"MAPTAXLOT":"1901113307204","MAPNUMBER":"19011133","TAXLOT":"7204","ACCTNO":"1534534","MAPACRES":1.99819505},"geometry":{"type":"Polygon","coordinates":[[[-122.784639,43.926989],[-122.785612,43.926982],[-122.785612,43.926982],[-122.785616,43.925975],[-122.785616,43.925975],[-122.784517,43.926267],[-122.784501,43.926267],[-122.784501,43.926301],[-122.784553,43.926656],[-122.784571,43.926665],[-122.784637,43.92667],[-122.784637,43.926671],[-122.784639,43.926989]]]}},{"type":"Feature","properties":{"MAPTAXLOT":"1901113307205","MAPNUMBER":"19011133","TAXLOT":"7205","ACCTNO":"1534542","MAPACRES":1.99997558},"geometry":{"type":"Polygon","coordinates":[[[-122.784501,43.926267],[-122.784517,43.926267],[-122.785616,43.925975],[-122.785616,43.925975],[-122.785619,43.925343],[-122.785618,43.925343],[-122.784502,43.925351],[-122.784503,43.92511],[-122.784203,43.925291],[-122.784205,43.925291],[-122.784502,43.925384],[-122.784502,43.925444],[-122.784501,43.926267]]]}},{"type":"Feature","properties":{"MAPTAXLOT":"1901113307206","MAPNUMBER":"19011133","TAXLOT":"7206","ACCTNO":"1542214","MAPACRES":1.9971166},"geometry":{"type":"Polygon","coordinates":[[[-122.784503,43.92511],[-122.784502,43.925351],[-122.785618,43.925343],[-122.785619,43.925343],[-122.785621,43.924701],[-122.785621,43.924701],[-122.784506,43.924479],[-122.783804,43.924484],[-122.783803,43.924896],[-122.783307,43.924895],[-122.783307,43.924929],[-122.78385,43.92493],[-122.783851,43.924519],[-122.784505,43.924514],[-122.784503,43.92511]]]}},{"type":"Feature","properties":{"MAPTAXLOT":"1901113307207","MAPNUMBER":"19011133","TAXLOT":"7207","ACCTNO":"1542222","MAPACRES":3.1378376},"geometry":{"type":"Polygon","coordinates":[[[-122.783307,43.924895],[-122.783803,43.924896],[-122.783804,43.924484],[-122.784506,43.924479],[-122.785621,43.924701],[-122.785621,43.924701],[-122.785624,43.924035],[-122.785947,43.924036],[-122.785943,43.923837],[-122.783766,43.923833],[-122.783766,43.923901],[-122.783755,43.924862],[-122.783307,43.924861],[-122.783307,43.924895]]]}},{"type":"Feature","properties":{"MAPTAXLOT":"1901120000100","MAPNUMBER":"19011200","TAXLOT":"100","ACCTNO":"0814499","MAPACRES":158.98487261},"geometry":{"type":"Polygon","coordinates":[[[-122.755298,43.935027],[-122.765354,43.935059],[-122.765354,43.935059],[-122.765355,43.932349],[-122.765355,43.931465],[-122.755289,43.931446],[-122.75026,43.931425],[-122.74523,43.931418],[-122.745243,43.934994],[-122.755298,43.935027]]]}},{"type":"Feature","properties":{"MAPTAXLOT":"1901120000101","MAPNUMBER":"19011200","TAXLOT":"101","ACCTNO":"1423795","MAPACRES":79.74770738},"geometry":{"type":"Polygon","coordinates":[[[-122.75026,43.931425],[-122.755289,43.931446],[-122.755281,43.927832],[-122.750247,43.927835],[-122.745212,43.927836],[-122.74523,43.931418],[-122.75026,43.931425]]]}},{"type":"Feature","properties":{"MAPTAXLOT":"1901120000200","MAPNUMBER":"19011200","TAXLOT":"200","ACCTNO":"1722576","MAPACRES":80.52006608},"geometry":{"type":"Polygon","coordinates":[[[-122.755289,43.931446],[-122.765355,43.931465],[-122.765355,43.931307],[-122.765357,43.929633],[-122.765356,43.928031],[-122.765355,43.927826],[-122.765353,43.927826],[-122.762382,43.927828],[-122.762382,43.928075],[-122.761585,43.928075],[-122.761585,43.927828],[-122.761357,43.927828],[-122.761357,43.927581],[-122.76056,43.927586],[-122.76056,43.927829],[-122.758902,43.92783],[-122.756865,43.927831],[-122.755281,43.927832],[-122.755289,43.931446]]]}},{"type":"Feature","properties":{"MAPTAXLOT":"1901120000301","MAPNUMBER":"19011200","TAXLOT":"301","ACCTNO":"1722477","MAPACRES":0.51665651},"geometry":{"type":"Polygon","coordinates":[[[-122.760317,43.927276],[-122.760737,43.927553],[-122.761122,43.92725],[-122.760702,43.926972],[-122.760317,43.927276]]]}},{"type":"Feature","properties":{"MAPTAXLOT":"1901120000302","MAPNUMBER":"19011200","TAXLOT":"302","ACCTNO":"1722410","MAPACRES":10.2390826},"geometry":{"type":"Polygon","coordinates":[[[-122.761585,43.928075],[-122.762382,43.928075],[-122.762382,43.927828],[-122.76223,43.927828],[-122.762193,43.92734],[-122.760928,43.926461],[-122.758898,43.925554],[-122.758902,43.92783],[-122.76056,43.927829],[-122.76056,43.927586],[-122.761357,43.927581],[-122.761357,43.927828],[-122.761585,43.927828],[-122.761585,43.928075]],[[-122.761122,43.92725],[-122.760737,43.927553],[-122.760317,43.927276],[-122.760702,43.926972],[-122.761122,43.92725]]]}},{"type":"Feature","properties":{"MAPTAXLOT":"1901120000303","MAPNUMBER":"19011200","TAXLOT":"303","ACCTNO":"1751039","MAPACRES":12.34688755},"geometry":{"type":"Polygon","coordinates":[[[-122.756865,43.927831],[-122.758902,43.92783],[-122.758898,43.925554],[-122.756829,43.924643],[-122.756865,43.927831]]]}},{"type":"Feature","properties":{"MAPTAXLOT":"1901120000400","MAPNUMBER":"19011200","TAXLOT":"400","ACCTNO":"0814523","MAPACRES":39.79586501},"geometry":{"type":"Polygon","coordinates":[[[-122.745212,43.927836],[-122.750247,43.927835],[-122.750234,43.92425],[-122.745194,43.924254],[-122.745212,43.927836]]]}},{"type":"Feature","properties":{"MAPTAXLOT":"1901120000500","MAPNUMBER":"19011200","TAXLOT":"500","ACCTNO":"0814531","MAPACRES":170.61117541},"geometry":{"type":"Polygon","coordinates":[[[-122.745663,43.937331],[-122.746028,43.937599],[-122.746028,43.937599],[-122.748943,43.938825],[-122.749734,43.938848],[-122.751027,43.938364],[-122.752396,43.938393],[-122.753086,43.937858],[-122.753086,43.937858],[-122.754196,43.93796],[-122.754196,43.93796],[-122.755343,43.938892],[-122.755343,43.938892],[-122.756243,43.939486],[-122.756243,43.939486],[-122.759074,43.939194],[-122.759074,43.939194],[-122.760553,43.939332],[-122.760553,43.939332],[-122.762062,43.940068],[-122.765343,43.939666],[-122.76534,43.938669],[-122.76535,43.937776],[-122.765352,43.937594],[-122.765353,43.936373],[-122.765354,43.935059],[-122.765354,43.935059],[-122.755298,43.935027],[-122.745243,43.934994],[-122.745247,43.936051],[-122.745596,43.936339],[-122.74555,43.936957],[-122.745663,43.937331]]]}},{"type":"Feature","properties":{"MAPTAXLOT":"1901130000033","MAPNUMBER":"19011300","TAXLOT":"33","ACCTNO":"000None","MAPACRES":134.37996946},"geometry":{"type":"MultiPolygon","coordinates":[[[[-122.752237,43.915392],[-122.752256,43.915448],[-122.753145,43.915433],[-122.753411,43.915429],[-122.753678,43.915421],[-122.753944,43.915411],[-122.753853,43.915012],[-122.754663,43.914893],[-122.75462,43.91482],[-122.752836,43.915032],[-122.75276,43.914665],[-122.752711,43.914431],[-122.753563,43.914326],[-122.754131,43.914256],[-122.754635,43.914128],[-122.755343,43.914011],[-122.755746,43.91387],[-122.756311,43.913741],[-122.756772,43.913541],[-122.757028,43.9133],[-122.757366,43.913073],[-122.757726,43.912904],[-122.75786,43.912666],[-122.757747,43.912388],[-122.757497,43.912217],[-122.757447,43.911982],[-122.75754,43.911745],[-122.757737,43.911565],[-122.757919,43.911517],[-122.758075,43.911337],[-122.758148,43.911115],[-122.758309,43.911067],[-122.758575,43.911092],[-122.758924,43.911158],[-122.759225,43.911035],[-122.759296,43.910768],[-122.759576,43.910616],[-122.759939,43.91052],[-122.760275,43.910263],[-122.760627,43.909859],[-122.760792,43.909795],[-122.760006,43.909798],[-122.756034,43.909812],[-122.756022,43.909577],[-122.755,43.90905],[-122.75449,43.909017],[-122.752972,43.90892],[-122.751846,43.908781],[-122.750149,43.908673],[-122.74986,43.908654],[-122.74957,43.908632],[-122.749282,43.908607],[-122.748994,43.908579],[-122.748993,43.908578],[-122.748992,43.908578],[-122.748788,43.908556],[-122.74871,43.908547],[-122.748706,43.908546],[-122.749189,43.908701],[-122.749554,43.908797],[-122.749866,43.908868],[-122.750245,43.908867],[-122.750646,43.908794],[-122.750959,43.90875],[-122.751377,43.908764],[-122.751533,43.90882],[-122.751578,43.908881],[-122.751538,43.909116],[-122.751518,43.909451],[-122.751476,43.909817],[-122.751475,43.909833],[-122.751454,43.910013],[-122.75141,43.91055],[-122.751375,43.911042],[-122.751371,43.91151],[-122.751423,43.912054],[-122.751514,43.912494],[-122.75158,43.912838],[-122.751699,43.913173],[-122.751775,43.913525],[-122.751857,43.913715],[-122.751924,43.913806],[-122.751978,43.913835],[-122.752011,43.914448],[-122.752079,43.914784],[-122.752115,43.91496],[-122.752237,43.915392]]],[[[-122.760152,43.914292],[-122.760184,43.914291],[-122.760186,43.914291],[-122.76028,43.914291],[-122.760469,43.914293],[-122.760658,43.914299],[-122.760846,43.91431],[-122.761034,43.914326],[-122.76122,43.914346],[-122.761406,43.914371],[-122.761683,43.914421],[-122.761958,43.914476],[-122.762231,43.914535],[-122.762502,43.914598],[-122.762772,43.914666],[-122.76304,43.914737],[-122.763063,43.914744],[-122.76308,43.914748],[-122.764775,43.915218],[-122.765192,43.915262],[-122.765112,43.913382],[-122.765109,43.913318],[-122.765105,43.913317],[-122.764716,43.913266],[-122.764242,43.913099],[-122.764051,43.912897],[-122.764311,43.912759],[-122.764797,43.912705],[-122.765098,43.912642],[-122.765181,43.912624],[-122.765174,43.912448],[-122.765091,43.912456],[-122.764789,43.912485],[-122.764122,43.91263],[-122.763353,43.912749],[-122.762887,43.912817],[-122.762554,43.912926],[-122.761602,43.913062],[-122.760672,43.913272],[-122.759985,43.913418],[-122.759141,43.913715],[-122.758272,43.913894],[-122.75797,43.914003],[-122.757289,43.914296],[-122.756847,43.914467],[-122.756327,43.914727],[-122.755865,43.914884],[-122.755383,43.91507],[-122.755241,43.915289],[-122.755454,43.915252],[-122.755791,43.91518],[-122.756125,43.915103],[-122.756458,43.915021],[-122.756788,43.914934],[-122.75755,43.914733],[-122.757822,43.914661],[-122.758096,43.914594],[-122.758372,43.91453],[-122.75865,43.914471],[-122.758929,43.914417],[-122.759211,43.914367],[-122.759397,43.914342],[-122.759585,43.914323],[-122.759773,43.914308],[-122.759962,43.914298],[-122.760151,43.914292],[-122.760152,43.914292]]],[[[-122.750594,43.917426],[-122.750678,43.91744],[-122.75076,43.917459],[-122.750841,43.917482],[-122.750918,43.91751],[-122.751665,43.917799],[-122.751742,43.917826],[-122.751821,43.917848],[-122.751903,43.917865],[-122.751987,43.917878],[-122.752072,43.917884],[-122.752157,43.917886],[-122.752242,43.917883],[-122.752326,43.917874],[-122.75241,43.91786],[-122.752491,43.917842],[-122.75257,43.917818],[-122.752645,43.91779],[-122.752718,43.917757],[-122.752786,43.91772],[-122.752849,43.917679],[-122.752908,43.917634],[-122.752961,43.917586],[-122.753008,43.917534],[-122.753049,43.91748],[-122.753084,43.917424],[-122.752978,43.917394],[-122.753085,43.917195],[-122.753126,43.917128],[-122.753173,43.917062],[-122.753227,43.916999],[-122.753288,43.916939],[-122.753354,43.916883],[-122.753425,43.91683],[-122.753502,43.916781],[-122.753584,43.916736],[-122.75367,43.916696],[-122.753759,43.91666],[-122.753852,43.91663],[-122.753823,43.916579],[-122.754212,43.916462],[-122.754333,43.916429],[-122.754456,43.9164],[-122.754581,43.916376],[-122.754708,43.916356],[-122.754836,43.916342],[-122.754965,43.916332],[-122.755094,43.916328],[-122.755223,43.916328],[-122.75582,43.916342],[-122.755909,43.916341],[-122.755997,43.916337],[-122.756085,43.916328],[-122.756172,43.916314],[-122.756257,43.916297],[-122.75634,43.916275],[-122.756421,43.916249],[-122.756577,43.916195],[-122.75661,43.916244],[-122.759208,43.915335],[-122.75933,43.915296],[-122.759454,43.915261],[-122.759581,43.915232],[-122.75971,43.915208],[-122.759841,43.915189],[-122.759973,43.915176],[-122.760105,43.915167],[-122.760239,43.915165],[-122.763524,43.915165],[-122.762931,43.915001],[-122.762669,43.91493],[-122.762405,43.914864],[-122.762139,43.914802],[-122.761871,43.914744],[-122.761602,43.91469],[-122.761331,43.91464],[-122.761146,43.914615],[-122.760961,43.914596],[-122.760775,43.914581],[-122.760588,43.914571],[-122.760401,43.914566],[-122.760214,43.914565],[-122.760026,43.91457],[-122.75984,43.914579],[-122.759653,43.914593],[-122.759468,43.914612],[-122.759283,43.914636],[-122.759012,43.914685],[-122.758742,43.914738],[-122.758474,43.914795],[-122.758207,43.914856],[-122.757943,43.914921],[-122.75768,43.914991],[-122.756918,43.915192],[-122.756647,43.915264],[-122.756375,43.915332],[-122.756101,43.915398],[-122.755825,43.915459],[-122.755549,43.915518],[-122.755359,43.915551],[-122.755169,43.915581],[-122.754978,43.915607],[-122.754785,43.91563],[-122.754592,43.915649],[-122.754305,43.915667],[-122.754018,43.915683],[-122.75373,43.915694],[-122.753442,43.915703],[-122.753153,43.915707],[-122.752353,43.915721],[-122.752426,43.915925],[-122.752837,43.917267],[-122.752852,43.917382],[-122.752606,43.917341],[-122.75237,43.917269],[-122.752169,43.917296],[-122.752013,43.917368],[-122.751811,43.917364],[-122.751177,43.917162],[-122.750683,43.917011],[-122.750274,43.916873],[-122.749986,43.916825],[-122.74973,43.916784],[-122.749338,43.9168],[-122.749257,43.916768],[-122.748963,43.916843],[-122.748846,43.916845],[-122.748706,43.916802],[-122.748589,43.916789],[-122.748436,43.916669],[-122.748251,43.91655],[-122.748043,43.916363],[-122.747817,43.916283],[-122.747584,43.916287],[-122.747297,43.916293],[-122.747064,43.91629],[-122.746645,43.916153],[-122.746192,43.915977],[-122.745579,43.915759],[-122.745145,43.915613],[-122.745141,43.915611],[-122.745142,43.91563],[-122.745151,43.915913],[-122.745152,43.915954],[-122.745156,43.915955],[-122.745475,43.916065],[-122.74559,43.916103],[-122.745707,43.916138],[-122.745826,43.91617],[-122.746088,43.916236],[-122.74622,43.916272],[-122.746349,43.916311],[-122.746477,43.916353],[-122.746602,43.916399],[-122.746724,43.916449],[-122.746893,43.916519],[-122.747002,43.916562],[-122.747114,43.9166],[-122.74723,43.916634],[-122.747347,43.916662],[-122.747564,43.916709],[-122.747649,43.91673],[-122.747731,43.916755],[-122.74781,43.916785],[-122.747886,43.91682],[-122.747958,43.916858],[-122.748026,43.9169],[-122.748089,43.916946],[-122.748146,43.916996],[-122.748196,43.917042],[-122.748257,43.917088],[-122.748322,43.917132],[-122.748393,43.917171],[-122.748467,43.917205],[-122.748578,43.917249],[-122.748692,43.917288],[-122.748809,43.917322],[-122.748929,43.917351],[-122.74905,43.917375],[-122.749174,43.917393],[-122.749299,43.917406],[-122.749424,43.917413],[-122.749551,43.917415],[-122.750358,43.91741],[-122.750437,43.917411],[-122.750516,43.917417],[-122.750594,43.917426]]],[[[-122.753331,43.917494],[-122.753294,43.917555],[-122.753252,43.917614],[-122.753203,43.91767],[-122.753149,43.917724],[-122.75309,43.917774],[-122.753026,43.917822],[-122.753426,43.918829],[-122.75518,43.918823],[-122.755148,43.91702],[-122.757046,43.917013],[-122.757035,43.9164],[-122.756619,43.916545],[-122.756523,43.916576],[-122.756425,43.916603],[-122.756325,43.916626],[-122.756223,43.916644],[-122.75612,43.916657],[-122.756016,43.916666],[-122.755911,43.916671],[-122.755806,43.916671],[-122.755209,43.916657],[-122.755089,43.916657],[-122.754969,43.916663],[-122.754849,43.916673],[-122.754731,43.916689],[-122.754614,43.91671],[-122.754499,43.916735],[-122.754387,43.916766],[-122.753998,43.916883],[-122.754027,43.916934],[-122.75395,43.91696],[-122.753877,43.91699],[-122.753808,43.917026],[-122.753744,43.917065],[-122.753685,43.917109],[-122.753632,43.917156],[-122.753584,43.917206],[-122.753544,43.91726],[-122.753509,43.917315],[-122.753402,43.917514],[-122.753331,43.917494],[-122.753331,43.917494]]]]}},{"type":"Feature","properties":{"MAPTAXLOT":"1901130000066","MAPNUMBER":"19011300","TAXLOT":"66","ACCTNO":"000None","MAPACRES":100.41342243},"geometry":{"type":"Polygon","coordinates":[[[-122.745141,43.915611],[-122.745145,43.915613],[-122.745579,43.915759],[-122.746192,43.915977],[-122.746645,43.916153],[-122.747064,43.91629],[-122.747297,43.916293],[-122.747584,43.916287],[-122.747817,43.916283],[-122.748043,43.916363],[-122.748251,43.91655],[-122.748436,43.916669],[-122.748589,43.916789],[-122.748706,43.916802],[-122.748846,43.916845],[-122.748963,43.916843],[-122.749257,43.916768],[-122.749338,43.9168],[-122.74973,43.916784],[-122.749986,43.916825],[-122.750274,43.916873],[-122.750683,43.917011],[-122.751177,43.917162],[-122.751811,43.917364],[-122.752013,43.917368],[-122.752169,43.917296],[-122.75237,43.917269],[-122.752606,43.917341],[-122.752852,43.917382],[-122.752837,43.917267],[-122.752426,43.915925],[-122.752353,43.915721],[-122.752256,43.915448],[-122.752237,43.915392],[-122.752115,43.91496],[-122.752079,43.914784],[-122.752011,43.914448],[-122.751978,43.913835],[-122.751924,43.913806],[-122.751857,43.913715],[-122.751775,43.913525],[-122.751699,43.913173],[-122.75158,43.912838],[-122.751514,43.912494],[-122.751423,43.912054],[-122.751371,43.91151],[-122.751375,43.911042],[-122.75141,43.91055],[-122.751454,43.910013],[-122.751475,43.909833],[-122.750558,43.909831],[-122.745093,43.909824],[-122.745141,43.915611]]]}},{"type":"Feature","properties":{"MAPTAXLOT":"1901130000077","MAPNUMBER":"19011300","TAXLOT":"77","ACCTNO":"000None","MAPACRES":13.11312098},"geometry":{"type":"Polygon","coordinates":[[[-122.745173,43.916569],[-122.745175,43.916569],[-122.745306,43.916612],[-122.745439,43.916652],[-122.745575,43.916688],[-122.745837,43.916754],[-122.745937,43.916547],[-122.746081,43.916586],[-122.746222,43.916631],[-122.74636,43.916679],[-122.746495,43.916733],[-122.746663,43.916804],[-122.746755,43.916841],[-122.746848,43.916875],[-122.746943,43.916906],[-122.747018,43.91678],[-122.747101,43.916804],[-122.747186,43.916826],[-122.747271,43.916846],[-122.747488,43.916893],[-122.747562,43.916912],[-122.747634,43.916935],[-122.747703,43.916963],[-122.747768,43.916995],[-122.74783,43.917031],[-122.747886,43.917071],[-122.747937,43.917114],[-122.747995,43.917167],[-122.748055,43.917214],[-122.748119,43.917258],[-122.748187,43.917299],[-122.748258,43.917337],[-122.748332,43.917371],[-122.748444,43.917416],[-122.748559,43.917456],[-122.748677,43.917492],[-122.748798,43.917523],[-122.74892,43.917549],[-122.749045,43.917571],[-122.74917,43.917587],[-122.749297,43.917599],[-122.749425,43.917606],[-122.749553,43.917607],[-122.750361,43.917602],[-122.750435,43.917604],[-122.75051,43.91761],[-122.750583,43.917621],[-122.750655,43.917636],[-122.750725,43.917656],[-122.750793,43.917679],[-122.751539,43.917969],[-122.751624,43.917999],[-122.751711,43.918024],[-122.751801,43.918045],[-122.751893,43.918061],[-122.751986,43.918071],[-122.75208,43.918077],[-122.752175,43.918078],[-122.752269,43.918074],[-122.752362,43.918065],[-122.752455,43.91805],[-122.752545,43.918031],[-122.752634,43.918007],[-122.752719,43.917979],[-122.752802,43.917946],[-122.752881,43.917909],[-122.752956,43.917867],[-122.753026,43.917822],[-122.75309,43.917774],[-122.753149,43.917724],[-122.753203,43.91767],[-122.753252,43.917614],[-122.753294,43.917555],[-122.753331,43.917494],[-122.753331,43.917494],[-122.753402,43.917514],[-122.753509,43.917315],[-122.753544,43.91726],[-122.753584,43.917206],[-122.753632,43.917156],[-122.753685,43.917109],[-122.753744,43.917065],[-122.753808,43.917026],[-122.753877,43.91699],[-122.75395,43.91696],[-122.754027,43.916934],[-122.753998,43.916883],[-122.754387,43.916766],[-122.754499,43.916735],[-122.754614,43.91671],[-122.754731,43.916689],[-122.754849,43.916673],[-122.754969,43.916663],[-122.755089,43.916657],[-122.755209,43.916657],[-122.755806,43.916671],[-122.755911,43.916671],[-122.756016,43.916666],[-122.75612,43.916657],[-122.756223,43.916644],[-122.756325,43.916626],[-122.756425,43.916603],[-122.756523,43.916576],[-122.756619,43.916545],[-122.757035,43.9164],[-122.759373,43.915582],[-122.759475,43.915549],[-122.75958,43.91552],[-122.759686,43.915496],[-122.759794,43.915475],[-122.759904,43.91546],[-122.760015,43.915448],[-122.760126,43.915441],[-122.760238,43.915439],[-122.764516,43.91544],[-122.765207,43.915467],[-122.765749,43.915488],[-122.765192,43.915262],[-122.764775,43.915218],[-122.763524,43.915165],[-122.760239,43.915165],[-122.760105,43.915167],[-122.759973,43.915176],[-122.759841,43.915189],[-122.75971,43.915208],[-122.759581,43.915232],[-122.759454,43.915261],[-122.75933,43.915296],[-122.759208,43.915335],[-122.75661,43.916244],[-122.756577,43.916195],[-122.756421,43.916249],[-122.75634,43.916275],[-122.756257,43.916297],[-122.756172,43.916314],[-122.756085,43.916328],[-122.755997,43.916337],[-122.755909,43.916341],[-122.75582,43.916342],[-122.755223,43.916328],[-122.755094,43.916328],[-122.754965,43.916332],[-122.754836,43.916342],[-122.754708,43.916356],[-122.754581,43.916376],[-122.754456,43.9164],[-122.754333,43.916429],[-122.754212,43.916462],[-122.753823,43.916579],[-122.753852,43.91663],[-122.753759,43.91666],[-122.75367,43.916696],[-122.753584,43.916736],[-122.753502,43.916781],[-122.753425,43.91683],[-122.753354,43.916883],[-122.753288,43.916939],[-122.753227,43.916999],[-122.753173,43.917062],[-122.753126,43.917128],[-122.753085,43.917195],[-122.752978,43.917394],[-122.753084,43.917424],[-122.753049,43.91748],[-122.753008,43.917534],[-122.752961,43.917586],[-122.752908,43.917634],[-122.752849,43.917679],[-122.752786,43.91772],[-122.752718,43.917757],[-122.752645,43.91779],[-122.75257,43.917818],[-122.752491,43.917842],[-122.75241,43.91786],[-122.752326,43.917874],[-122.752242,43.917883],[-122.752157,43.917886],[-122.752072,43.917884],[-122.751987,43.917878],[-122.751903,43.917865],[-122.751821,43.917848],[-122.751742,43.917826],[-122.751665,43.917799],[-122.750918,43.91751],[-122.750841,43.917482],[-122.75076,43.917459],[-122.750678,43.91744],[-122.750594,43.917426],[-122.750516,43.917417],[-122.750437,43.917411],[-122.750358,43.91741],[-122.749551,43.917415],[-122.749424,43.917413],[-122.749299,43.917406],[-122.749174,43.917393],[-122.74905,43.917375],[-122.748929,43.917351],[-122.748809,43.917322],[-122.748692,43.917288],[-122.748578,43.917249],[-122.748467,43.917205],[-122.748393,43.917171],[-122.748322,43.917132],[-122.748257,43.917088],[-122.748196,43.917042],[-122.748146,43.916996],[-122.748089,43.916946],[-122.748026,43.9169],[-122.747958,43.916858],[-122.747886,43.91682],[-122.74781,43.916785],[-122.747731,43.916755],[-122.747649,43.91673],[-122.747564,43.916709],[-122.747347,43.916662],[-122.74723,43.916634],[-122.747114,43.9166],[-122.747002,43.916562],[-122.746893,43.916519],[-122.746724,43.916449],[-122.746602,43.916399],[-122.746477,43.916353],[-122.746349,43.916311],[-122.74622,43.916272],[-122.746088,43.916236],[-122.745826,43.91617],[-122.745707,43.916138],[-122.74559,43.916103],[-122.745475,43.916065],[-122.745156,43.915955],[-122.745152,43.915954],[-122.745158,43.916126],[-122.745159,43.916156],[-122.745173,43.916569]]]}},{"type":"Feature","properties":{"MAPTAXLOT":"1901130000100","MAPNUMBER":"19011300","TAXLOT":"100","ACCTNO":"0814549","MAPACRES":206.75881781},"geometry":{"type":"Polygon","coordinates":[[[-122.765351,43.924234],[-122.765344,43.923653],[-122.765296,43.919712],[-122.765265,43.916984],[-122.760159,43.917002],[-122.757046,43.917013],[-122.755148,43.91702],[-122.75518,43.918823],[-122.755273,43.924246],[-122.755274,43.924652],[-122.756829,43.924643],[-122.758898,43.925554],[-122.760928,43.926461],[-122.762193,43.92734],[-122.76223,43.927828],[-122.762382,43.927828],[-122.765353,43.927826],[-122.765355,43.927826],[-122.765351,43.924234]]]}},{"type":"Feature","properties":{"MAPTAXLOT":"1901130000200","MAPNUMBER":"19011300","TAXLOT":"200","ACCTNO":"0814556","MAPACRES":170.23138358},"geometry":{"type":"Polygon","coordinates":[[[-122.755281,43.927832],[-122.756865,43.927831],[-122.756829,43.924643],[-122.755274,43.924652],[-122.755273,43.924246],[-122.75518,43.918823],[-122.753426,43.918829],[-122.750158,43.918839],[-122.748909,43.918843],[-122.74891,43.919227],[-122.74872,43.919228],[-122.74853,43.919228],[-122.74853,43.918844],[-122.745191,43.918854],[-122.745191,43.918854],[-122.745191,43.919106],[-122.745191,43.920656],[-122.745194,43.924254],[-122.750234,43.92425],[-122.750247,43.927835],[-122.755281,43.927832]]]}},{"type":"Feature","properties":{"MAPTAXLOT":"1901130000300","MAPNUMBER":"19011300","TAXLOT":"300","ACCTNO":"0814564","MAPACRES":0.16075822},"geometry":{"type":"Polygon","coordinates":[[[-122.74872,43.919228],[-122.74891,43.919227],[-122.748909,43.918843],[-122.74872,43.918844],[-122.74872,43.919228]]]}},{"type":"Feature","properties":{"MAPTAXLOT":"1901130000301","MAPNUMBER":"19011300","TAXLOT":"301","ACCTNO":"1292604","MAPACRES":0.1607558},"geometry":{"type":"Polygon","coordinates":[[[-122.74853,43.919228],[-122.74872,43.919228],[-122.74872,43.918844],[-122.74853,43.918844],[-122.74853,43.919228]]]}},{"type":"Feature","properties":{"MAPTAXLOT":"1901130000500","MAPNUMBER":"19011300","TAXLOT":"500","ACCTNO":"0814572","MAPACRES":11.32476228},"geometry":{"type":"MultiPolygon","coordinates":[[[[-122.752353,43.915721],[-122.753153,43.915707],[-122.753442,43.915703],[-122.75373,43.915694],[-122.754018,43.915683],[-122.754305,43.915667],[-122.754592,43.915649],[-122.754785,43.91563],[-122.754978,43.915607],[-122.755169,43.915581],[-122.755359,43.915551],[-122.755549,43.915518],[-122.755825,43.915459],[-122.756101,43.915398],[-122.756375,43.915332],[-122.756647,43.915264],[-122.756918,43.915192],[-122.75768,43.914991],[-122.757943,43.914921],[-122.758207,43.914856],[-122.758474,43.914795],[-122.758742,43.914738],[-122.759012,43.914685],[-122.759283,43.914636],[-122.759468,43.914612],[-122.759653,43.914593],[-122.75984,43.914579],[-122.760026,43.91457],[-122.760214,43.914565],[-122.760401,43.914566],[-122.760588,43.914571],[-122.760775,43.914581],[-122.760961,43.914596],[-122.761146,43.914615],[-122.761331,43.91464],[-122.761602,43.91469],[-122.761871,43.914744],[-122.762139,43.914802],[-122.762405,43.914864],[-122.762669,43.91493],[-122.762931,43.915001],[-122.763524,43.915165],[-122.764775,43.915218],[-122.76308,43.914748],[-122.763063,43.914744],[-122.76304,43.914737],[-122.762772,43.914666],[-122.762502,43.914598],[-122.762231,43.914535],[-122.761958,43.914476],[-122.761683,43.914421],[-122.761406,43.914371],[-122.76122,43.914346],[-122.761034,43.914326],[-122.760846,43.91431],[-122.760658,43.914299],[-122.760469,43.914293],[-122.76028,43.914291],[-122.760186,43.914291],[-122.760184,43.914291],[-122.760152,43.914292],[-122.760151,43.914292],[-122.759962,43.914298],[-122.759773,43.914308],[-122.759585,43.914323],[-122.759397,43.914342],[-122.759211,43.914367],[-122.758929,43.914417],[-122.75865,43.914471],[-122.758372,43.91453],[-122.758096,43.914594],[-122.757822,43.914661],[-122.75755,43.914733],[-122.756788,43.914934],[-122.756458,43.915021],[-122.756125,43.915103],[-122.755791,43.91518],[-122.755454,43.915252],[-122.755241,43.915289],[-122.755069,43.915316],[-122.754895,43.915339],[-122.754721,43.915359],[-122.754547,43.915376],[-122.754246,43.915396],[-122.753944,43.915411],[-122.753678,43.915421],[-122.753411,43.915429],[-122.753145,43.915433],[-122.752256,43.915448],[-122.752353,43.915721]]],[[[-122.77027,43.916931],[-122.770689,43.916991],[-122.770689,43.916932],[-122.77215,43.916916],[-122.771063,43.916761],[-122.770707,43.916714],[-122.770506,43.916685],[-122.770287,43.916653],[-122.770104,43.916622],[-122.769923,43.916589],[-122.769707,43.916547],[-122.769492,43.916502],[-122.769279,43.916453],[-122.769067,43.916401],[-122.768909,43.91636],[-122.768726,43.916311],[-122.768725,43.916311],[-122.768723,43.916311],[-122.768723,43.916311],[-122.768553,43.916265],[-122.768551,43.916264],[-122.768549,43.916264],[-122.768548,43.916263],[-122.768546,43.916263],[-122.768543,43.916262],[-122.768326,43.916201],[-122.767325,43.915924],[-122.765749,43.915488],[-122.765207,43.915467],[-122.764516,43.91544],[-122.765208,43.915632],[-122.765213,43.915633],[-122.76819,43.916458],[-122.768565,43.916561],[-122.768943,43.91666],[-122.769192,43.916721],[-122.769443,43.916778],[-122.769696,43.91683],[-122.769951,43.916878],[-122.770207,43.916921],[-122.770217,43.916923],[-122.77023,43.916925],[-122.770237,43.916926],[-122.770253,43.916928],[-122.770256,43.916929],[-122.770256,43.916929],[-122.77027,43.916931]]]]}},{"type":"Feature","properties":{"MAPTAXLOT":"1901130000600","MAPNUMBER":"19011300","TAXLOT":"600","ACCTNO":"1429842","MAPACRES":25.09964434},"geometry":{"type":"Polygon","coordinates":[[[-122.757046,43.917013],[-122.760159,43.917002],[-122.765265,43.916984],[-122.765208,43.915632],[-122.764516,43.91544],[-122.760238,43.915439],[-122.760126,43.915441],[-122.760015,43.915448],[-122.759904,43.91546],[-122.759794,43.915475],[-122.759686,43.915496],[-122.75958,43.91552],[-122.759475,43.915549],[-122.759373,43.915582],[-122.757035,43.9164],[-122.757046,43.917013]]]}},{"type":"Feature","properties":{"MAPTAXLOT":"1901130000700","MAPNUMBER":"19011300","TAXLOT":"700","ACCTNO":"1431277","MAPACRES":25.6556714},"geometry":{"type":"Polygon","coordinates":[[[-122.748909,43.918843],[-122.750158,43.918839],[-122.753426,43.918829],[-122.753026,43.917822],[-122.752956,43.917867],[-122.752881,43.917909],[-122.752802,43.917946],[-122.752719,43.917979],[-122.752634,43.918007],[-122.752545,43.918031],[-122.752455,43.91805],[-122.752362,43.918065],[-122.752269,43.918074],[-122.752175,43.918078],[-122.75208,43.918077],[-122.751986,43.918071],[-122.751893,43.918061],[-122.751801,43.918045],[-122.751711,43.918024],[-122.751624,43.917999],[-122.751539,43.917969],[-122.750793,43.917679],[-122.750725,43.917656],[-122.750655,43.917636],[-122.750583,43.917621],[-122.75051,43.91761],[-122.750435,43.917604],[-122.750361,43.917602],[-122.749553,43.917607],[-122.749425,43.917606],[-122.749297,43.917599],[-122.74917,43.917587],[-122.749045,43.917571],[-122.74892,43.917549],[-122.748798,43.917523],[-122.748677,43.917492],[-122.748559,43.917456],[-122.748444,43.917416],[-122.748332,43.917371],[-122.748258,43.917337],[-122.748187,43.917299],[-122.748119,43.917258],[-122.748055,43.917214],[-122.747995,43.917167],[-122.747937,43.917114],[-122.747886,43.917071],[-122.74783,43.917031],[-122.747768,43.916995],[-122.747703,43.916963],[-122.747634,43.916935],[-122.747562,43.916912],[-122.747488,43.916893],[-122.747271,43.916846],[-122.747186,43.916826],[-122.747101,43.916804],[-122.747018,43.91678],[-122.746943,43.916906],[-122.746848,43.916875],[-122.746755,43.916841],[-122.746663,43.916804],[-122.746495,43.916733],[-122.74636,43.916679],[-122.746222,43.916631],[-122.746081,43.916586],[-122.745937,43.916547],[-122.745837,43.916754],[-122.745575,43.916688],[-122.745439,43.916652],[-122.745306,43.916612],[-122.745175,43.916569],[-122.745173,43.916569],[-122.745189,43.917054],[-122.745191,43.918854],[-122.745191,43.918854],[-122.74853,43.918844],[-122.74872,43.918844],[-122.748909,43.918843]]]}},{"type":"Feature","properties":{"MAPTAXLOT":"1901140000033","MAPNUMBER":"19011400","TAXLOT":"33","ACCTNO":"000None","MAPACRES":59.65908721},"geometry":{"type":"MultiPolygon","coordinates":[[[[-122.770861,43.916292],[-122.772646,43.916648],[-122.774432,43.917005],[-122.774583,43.917036],[-122.776369,43.917248],[-122.777282,43.917357],[-122.777515,43.917384],[-122.777558,43.917419],[-122.777558,43.917419],[-122.777559,43.91742],[-122.77756,43.91742],[-122.77756,43.91742],[-122.777561,43.917421],[-122.777562,43.917421],[-122.777601,43.917443],[-122.777645,43.917461],[-122.777691,43.917475],[-122.777739,43.917485],[-122.777788,43.917489],[-122.777838,43.917489],[-122.777841,43.917489],[-122.777844,43.917489],[-122.777845,43.917489],[-122.777847,43.917489],[-122.777848,43.917489],[-122.777901,43.917483],[-122.777952,43.917471],[-122.778,43.917455],[-122.778044,43.917433],[-122.778084,43.917408],[-122.778096,43.917399],[-122.778119,43.917379],[-122.778139,43.917357],[-122.778156,43.917335],[-122.778156,43.917334],[-122.778156,43.917288],[-122.778161,43.916105],[-122.777947,43.916128],[-122.777011,43.916132],[-122.77636,43.91616],[-122.775442,43.916089],[-122.774816,43.916009],[-122.774588,43.915967],[-122.774436,43.915939],[-122.773811,43.915823],[-122.773052,43.915676],[-122.772803,43.915549],[-122.772689,43.915227],[-122.772736,43.914844],[-122.772725,43.914564],[-122.772655,43.914316],[-122.772402,43.9141],[-122.771972,43.91402],[-122.771382,43.914032],[-122.770872,43.913998],[-122.770871,43.913998],[-122.770871,43.913998],[-122.77072,43.913952],[-122.770501,43.913887],[-122.770004,43.913662],[-122.769631,43.913493],[-122.769262,43.913412],[-122.76859,43.91341],[-122.768083,43.913464],[-122.767474,43.913521],[-122.767148,43.913527],[-122.766996,43.91353],[-122.766823,43.913533],[-122.766089,43.913504],[-122.76566,43.913454],[-122.765125,43.913322],[-122.765109,43.913318],[-122.765112,43.913382],[-122.765192,43.915262],[-122.765199,43.915263],[-122.766291,43.91538],[-122.766986,43.915519],[-122.767138,43.915549],[-122.770709,43.916262],[-122.770861,43.916292]]],[[[-122.765265,43.916984],[-122.77027,43.916931],[-122.770256,43.916929],[-122.770256,43.916929],[-122.770217,43.916923],[-122.770207,43.916921],[-122.769951,43.916878],[-122.769696,43.91683],[-122.769443,43.916778],[-122.769192,43.916721],[-122.768943,43.91666],[-122.768565,43.916561],[-122.76819,43.916458],[-122.765213,43.915633],[-122.765208,43.915632],[-122.765265,43.916984]]],[[[-122.770506,43.916685],[-122.770707,43.916714],[-122.771063,43.916761],[-122.77215,43.916916],[-122.7731,43.917052],[-122.773473,43.917106],[-122.773844,43.917164],[-122.774214,43.917227],[-122.774582,43.917294],[-122.774582,43.917202],[-122.77454,43.917197],[-122.770708,43.916433],[-122.770648,43.916421],[-122.770505,43.916392],[-122.770506,43.916685]]]]}},{"type":"Feature","properties":{"MAPTAXLOT":"1901140000077","MAPNUMBER":"19011400","TAXLOT":"77","ACCTNO":"000None","MAPACRES":4.85210641},"geometry":{"type":"MultiPolygon","coordinates":[[[[-122.765749,43.915488],[-122.766231,43.915539],[-122.767369,43.915766],[-122.768543,43.916],[-122.768725,43.916037],[-122.768908,43.916073],[-122.769922,43.916276],[-122.770505,43.916392],[-122.770648,43.916421],[-122.770708,43.916433],[-122.77454,43.917197],[-122.774582,43.917202],[-122.774643,43.917209],[-122.776119,43.917393],[-122.776583,43.91745],[-122.777096,43.917504],[-122.777333,43.91753],[-122.777435,43.91748],[-122.777558,43.917419],[-122.777515,43.917384],[-122.777282,43.917357],[-122.776369,43.917248],[-122.774583,43.917036],[-122.774432,43.917005],[-122.772646,43.916648],[-122.770861,43.916292],[-122.770709,43.916262],[-122.767138,43.915549],[-122.766986,43.915519],[-122.766291,43.91538],[-122.765199,43.915263],[-122.765192,43.915262],[-122.765749,43.915488]]],[[[-122.778161,43.916105],[-122.778156,43.917288],[-122.778156,43.917334],[-122.778156,43.917335],[-122.778309,43.916897],[-122.778309,43.916896],[-122.778313,43.916089],[-122.778161,43.916105]]]]}},{"type":"Feature","properties":{"MAPTAXLOT":"1901140000102","MAPNUMBER":"19011400","TAXLOT":"102","ACCTNO":"1600152","MAPACRES":39.85323776},"geometry":{"type":"Polygon","coordinates":[[[-122.765344,43.923653],[-122.765344,43.923653],[-122.77069,43.92364],[-122.770691,43.92364],[-122.77069,43.920803],[-122.770373,43.920781],[-122.765297,43.919712],[-122.765296,43.919712],[-122.765344,43.923653]]]}},{"type":"Feature","properties":{"MAPTAXLOT":"1901140000103","MAPNUMBER":"19011400","TAXLOT":"103","ACCTNO":"0814598","MAPACRES":39.58916058},"geometry":{"type":"Polygon","coordinates":[[[-122.765296,43.919712],[-122.765297,43.919712],[-122.770373,43.920781],[-122.77069,43.920803],[-122.77069,43.919364],[-122.77069,43.919362],[-122.77069,43.918775],[-122.77069,43.918676],[-122.77069,43.918676],[-122.77069,43.918504],[-122.77069,43.918504],[-122.77069,43.918081],[-122.77069,43.917985],[-122.770689,43.916991],[-122.77027,43.916931],[-122.765265,43.916984],[-122.765296,43.919712]]]}},{"type":"Feature","properties":{"MAPTAXLOT":"1901140000800","MAPNUMBER":"19011400","TAXLOT":"800","ACCTNO":"0814838","MAPACRES":0.11311557},"geometry":{"type":"Polygon","coordinates":[[[-122.768726,43.916311],[-122.768909,43.91636],[-122.768908,43.916073],[-122.768725,43.916037],[-122.768726,43.916309],[-122.768726,43.916311]]]}},{"type":"Feature","properties":{"MAPTAXLOT":"1901140000801","MAPNUMBER":"19011400","TAXLOT":"801","ACCTNO":"0814846","MAPACRES":0.39332272},"geometry":{"type":"Polygon","coordinates":[[[-122.769923,43.916589],[-122.770104,43.916622],[-122.770287,43.916653],[-122.770506,43.916685],[-122.770505,43.916392],[-122.769922,43.916276],[-122.769923,43.916589]]]}},{"type":"Feature","properties":{"MAPTAXLOT":"1901140000802","MAPNUMBER":"19011400","TAXLOT":"802","ACCTNO":"1761533","MAPACRES":0.68476508},"geometry":{"type":"Polygon","coordinates":[[[-122.768909,43.91636],[-122.769067,43.916401],[-122.769279,43.916453],[-122.769492,43.916502],[-122.769707,43.916547],[-122.769923,43.916589],[-122.769922,43.916276],[-122.768908,43.916073],[-122.768909,43.91636]]]}},{"type":"Feature","properties":{"MAPTAXLOT":"1901140000900","MAPNUMBER":"19011400","TAXLOT":"900","ACCTNO":"0814853","MAPACRES":0.10775513},"geometry":{"type":"Polygon","coordinates":[[[-122.768543,43.916262],[-122.768546,43.916263],[-122.768548,43.916263],[-122.768549,43.916264],[-122.768551,43.916264],[-122.768553,43.916265],[-122.768723,43.916311],[-122.768723,43.916311],[-122.768725,43.916311],[-122.768726,43.916311],[-122.768726,43.916309],[-122.768725,43.916037],[-122.768543,43.916],[-122.768543,43.916262]]]}},{"type":"Feature","properties":{"MAPTAXLOT":"1901140001000","MAPNUMBER":"19011400","TAXLOT":"1000","ACCTNO":"0814861","MAPACRES":0.56670757},"geometry":{"type":"Polygon","coordinates":[[[-122.767325,43.915924],[-122.768326,43.916201],[-122.768543,43.916262],[-122.768543,43.916],[-122.767369,43.915766],[-122.767325,43.915924]]]}},{"type":"Feature","properties":{"MAPTAXLOT":"1901140001100","MAPNUMBER":"19011400","TAXLOT":"1100","ACCTNO":"0814879","MAPACRES":0.35198517},"geometry":{"type":"Polygon","coordinates":[[[-122.765749,43.915488],[-122.767325,43.915924],[-122.767369,43.915766],[-122.766231,43.915539],[-122.765749,43.915488]]]}},{"type":"Feature","properties":{"MAPTAXLOT":"1901140001500","MAPNUMBER":"19011400","TAXLOT":"1500","ACCTNO":"1547379","MAPACRES":0.88540709},"geometry":{"type":"MultiPolygon","coordinates":[[[[-122.774582,43.917294],[-122.774945,43.917364],[-122.775306,43.917439],[-122.775666,43.917518],[-122.776024,43.917601],[-122.776024,43.917601],[-122.776119,43.917393],[-122.776119,43.917393],[-122.774643,43.917209],[-122.774582,43.917202],[-122.774582,43.917294]]],[[[-122.776583,43.91745],[-122.776868,43.917525],[-122.777099,43.917588],[-122.777329,43.917652],[-122.777349,43.917658],[-122.777558,43.917718],[-122.777741,43.917771],[-122.777742,43.917771],[-122.7776,43.917657],[-122.777461,43.917546],[-122.777459,43.917545],[-122.777412,43.917539],[-122.777334,43.91753],[-122.777333,43.91753],[-122.777096,43.917504],[-122.776583,43.91745]]],[[[-122.778472,43.918128],[-122.778738,43.918362],[-122.778877,43.91829],[-122.778881,43.918288],[-122.778881,43.918288],[-122.778819,43.918239],[-122.778754,43.918192],[-122.778686,43.918147],[-122.778471,43.918128],[-122.778472,43.918128]]],[[[-122.779021,43.918418],[-122.778863,43.9185],[-122.77882,43.91852],[-122.77882,43.91852],[-122.779209,43.918694],[-122.779231,43.9187],[-122.779232,43.9187],[-122.779232,43.918697],[-122.77924,43.918611],[-122.77924,43.918608],[-122.779097,43.918479],[-122.779026,43.918415],[-122.779021,43.918418]]]]}},{"type":"Feature","properties":{"MAPTAXLOT":"1901141200100","MAPNUMBER":"19011412","TAXLOT":"100","ACCTNO":"1735578","MAPACRES":6.22697105},"geometry":{"type":"Polygon","coordinates":[[[-122.773375,43.923029],[-122.773369,43.923852],[-122.776565,43.923841],[-122.776577,43.923147],[-122.776191,43.923145],[-122.776096,43.923145],[-122.776066,43.923144],[-122.776033,43.923144],[-122.776001,43.923141],[-122.775946,43.923133],[-122.775893,43.923121],[-122.775842,43.923104],[-122.775794,43.923084],[-122.775749,43.923059],[-122.775697,43.923028],[-122.775284,43.922773],[-122.773375,43.923029]]]}},{"type":"Feature","properties":{"MAPTAXLOT":"1901141200200","MAPNUMBER":"19011412","TAXLOT":"200","ACCTNO":"1735560","MAPACRES":2.52947819},"geometry":{"type":"Polygon","coordinates":[[[-122.77484,43.922208],[-122.773382,43.922206],[-122.773375,43.923029],[-122.775284,43.922773],[-122.775147,43.922689],[-122.775088,43.922649],[-122.775034,43.922606],[-122.774987,43.922559],[-122.774945,43.922509],[-122.77491,43.922456],[-122.774882,43.922402],[-122.774861,43.922345],[-122.774851,43.922311],[-122.774845,43.922277],[-122.774841,43.922242],[-122.77484,43.922208]]]}},{"type":"Feature","properties":{"MAPTAXLOT":"1901141200300","MAPNUMBER":"19011412","TAXLOT":"300","ACCTNO":"1600269","MAPACRES":0.30597325},"geometry":{"type":"Polygon","coordinates":[[[-122.776216,43.92027],[-122.776,43.9205],[-122.776599,43.920631],[-122.776607,43.9205],[-122.776607,43.9205],[-122.776616,43.920357],[-122.776377,43.920305],[-122.776377,43.920305],[-122.776217,43.920269],[-122.776216,43.92027]]]}},{"type":"Feature","properties":{"MAPTAXLOT":"1901141300044","MAPNUMBER":"19011413","TAXLOT":"44","ACCTNO":"000None","MAPACRES":0.03474748},"geometry":{"type":"Polygon","coordinates":[[[-122.77493,43.918232],[-122.774989,43.918231],[-122.775097,43.917972],[-122.775042,43.91796],[-122.77493,43.918232]]]}},{"type":"Feature","properties":{"MAPTAXLOT":"1901141300077","MAPNUMBER":"19011413","TAXLOT":"77","ACCTNO":"000None","MAPACRES":4.5037202},"geometry":{"type":"Polygon","coordinates":[[[-122.773642,43.919323],[-122.773915,43.919383],[-122.77423,43.919452],[-122.774241,43.919454],[-122.774498,43.91951],[-122.774498,43.91951],[-122.774514,43.919342],[-122.774519,43.919013],[-122.774519,43.919013],[-122.77452,43.919007],[-122.774522,43.918981],[-122.774527,43.918955],[-122.774536,43.918929],[-122.774592,43.918797],[-122.774679,43.918588],[-122.7747,43.918539],[-122.774715,43.91851],[-122.774737,43.918482],[-122.774765,43.918457],[-122.774798,43.918436],[-122.774835,43.918419],[-122.774876,43.918406],[-122.774919,43.918398],[-122.774963,43.918395],[-122.775007,43.918397],[-122.77505,43.918404],[-122.775115,43.918418],[-122.775194,43.918436],[-122.775357,43.918471],[-122.775382,43.918505],[-122.775303,43.918682],[-122.775297,43.918698],[-122.775292,43.918715],[-122.775289,43.918743],[-122.775291,43.91877],[-122.775298,43.918797],[-122.775311,43.918823],[-122.775327,43.918848],[-122.775349,43.918871],[-122.775374,43.918892],[-122.77541,43.918913],[-122.775449,43.91893],[-122.775492,43.918942],[-122.775528,43.91895],[-122.775848,43.91902],[-122.775988,43.919051],[-122.776029,43.919057],[-122.77607,43.919059],[-122.776111,43.919057],[-122.776151,43.919051],[-122.776183,43.919043],[-122.776212,43.919032],[-122.77624,43.919019],[-122.776271,43.919],[-122.776298,43.918978],[-122.776322,43.91895],[-122.77634,43.918919],[-122.776351,43.918887],[-122.776355,43.918854],[-122.776355,43.91877],[-122.776355,43.918754],[-122.776352,43.918714],[-122.776343,43.918675],[-122.776327,43.918637],[-122.776305,43.9186],[-122.77627,43.918549],[-122.776258,43.918532],[-122.776275,43.918495],[-122.776313,43.918467],[-122.776347,43.918437],[-122.776376,43.918404],[-122.7764,43.918369],[-122.776447,43.918291],[-122.776429,43.918286],[-122.77625,43.91824],[-122.776233,43.918235],[-122.776191,43.918304],[-122.776171,43.918332],[-122.776145,43.918356],[-122.776114,43.918378],[-122.776078,43.918395],[-122.776039,43.918408],[-122.775998,43.918416],[-122.775955,43.91842],[-122.775913,43.918418],[-122.775871,43.918412],[-122.77579,43.918394],[-122.775517,43.918334],[-122.77526,43.918278],[-122.775116,43.918247],[-122.775074,43.918239],[-122.775032,43.918234],[-122.774989,43.918231],[-122.77493,43.918232],[-122.774894,43.918235],[-122.774859,43.918239],[-122.774819,43.918247],[-122.77478,43.918257],[-122.774728,43.918274],[-122.774679,43.918296],[-122.774634,43.918321],[-122.774593,43.91835],[-122.774557,43.918383],[-122.774527,43.918415],[-122.774502,43.918453],[-122.774482,43.918492],[-122.774429,43.918618],[-122.774115,43.918549],[-122.773842,43.91849],[-122.773562,43.918428],[-122.773539,43.918423],[-122.773515,43.918418],[-122.773492,43.918413],[-122.773181,43.918345],[-122.772883,43.918279],[-122.772883,43.918279],[-122.772498,43.918195],[-122.772461,43.918187],[-122.772421,43.918178],[-122.772153,43.918119],[-122.771793,43.91804],[-122.771752,43.918031],[-122.771703,43.918024],[-122.771653,43.918018],[-122.771603,43.918016],[-122.771505,43.918016],[-122.771225,43.918015],[-122.771188,43.918015],[-122.771137,43.918017],[-122.771086,43.918023],[-122.771037,43.918032],[-122.770989,43.918045],[-122.770943,43.918061],[-122.7709,43.918081],[-122.770738,43.918081],[-122.77069,43.918081],[-122.77069,43.918504],[-122.77069,43.918504],[-122.77069,43.918676],[-122.77069,43.918676],[-122.77069,43.918775],[-122.770692,43.918775],[-122.771147,43.918775],[-122.77145,43.918842],[-122.771736,43.918905],[-122.772008,43.918965],[-122.77228,43.919024],[-122.772553,43.919084],[-122.772825,43.919144],[-122.773097,43.919203],[-122.77337,43.919263],[-122.773642,43.919323]],[[-122.774115,43.918693],[-122.774374,43.918749],[-122.774318,43.918881],[-122.774304,43.918922],[-122.774295,43.918964],[-122.774292,43.919006],[-122.774292,43.919018],[-122.774287,43.919292],[-122.773961,43.919221],[-122.773688,43.919161],[-122.773416,43.919101],[-122.773143,43.919042],[-122.772871,43.918982],[-122.772599,43.918922],[-122.772326,43.918862],[-122.772054,43.918803],[-122.771777,43.918744],[-122.771508,43.918685],[-122.771376,43.918656],[-122.771329,43.918648],[-122.771282,43.918643],[-122.771233,43.918641],[-122.771203,43.918641],[-122.770882,43.918641],[-122.770882,43.918548],[-122.770882,43.918409],[-122.770882,43.918372],[-122.770885,43.918339],[-122.770895,43.918306],[-122.770911,43.918275],[-122.770934,43.918246],[-122.770963,43.91822],[-122.770997,43.918198],[-122.771036,43.918179],[-122.771078,43.918166],[-122.771122,43.918157],[-122.771168,43.918153],[-122.771174,43.918153],[-122.771187,43.918153],[-122.771222,43.918153],[-122.771559,43.918153],[-122.771602,43.918153],[-122.771636,43.918155],[-122.77167,43.918159],[-122.771704,43.918166],[-122.771857,43.9182],[-122.772157,43.918265],[-122.772411,43.918321],[-122.772702,43.918385],[-122.772828,43.918411],[-122.772982,43.918444],[-122.773255,43.918504],[-122.773527,43.918564],[-122.773825,43.918629],[-122.774115,43.918693]],[[-122.776165,43.918854],[-122.776164,43.918865],[-122.77616,43.918877],[-122.776153,43.918887],[-122.776144,43.918897],[-122.776133,43.918905],[-122.77612,43.918912],[-122.776106,43.918917],[-122.776091,43.918921],[-122.776075,43.918922],[-122.776059,43.918922],[-122.776043,43.918919],[-122.775795,43.918865],[-122.775546,43.918811],[-122.775532,43.918807],[-122.775519,43.918801],[-122.775508,43.918794],[-122.775498,43.918786],[-122.77549,43.918777],[-122.775484,43.918767],[-122.77548,43.918756],[-122.775479,43.918746],[-122.77548,43.918735],[-122.775484,43.918724],[-122.775564,43.918545],[-122.775612,43.918527],[-122.775804,43.918569],[-122.775824,43.918573],[-122.775876,43.918581],[-122.775929,43.918584],[-122.775983,43.918584],[-122.776036,43.918579],[-122.776089,43.918594],[-122.776136,43.918662],[-122.776152,43.918691],[-122.776162,43.918722],[-122.776166,43.918754],[-122.776165,43.918854]]]}},{"type":"Feature","properties":{"MAPTAXLOT":"1901141300100","MAPNUMBER":"19011413","TAXLOT":"100","ACCTNO":"1375722","MAPACRES":0.9632224},"geometry":{"type":"Polygon","coordinates":[[[-122.77069,43.919364],[-122.771449,43.919364],[-122.771449,43.919146],[-122.77145,43.918842],[-122.77145,43.918842],[-122.771147,43.918775],[-122.770692,43.918775],[-122.77069,43.918775],[-122.77069,43.919362],[-122.77069,43.919364]]]}},{"type":"Feature","properties":{"MAPTAXLOT":"1901141300200","MAPNUMBER":"19011413","TAXLOT":"200","ACCTNO":"1755246","MAPACRES":0.19080228},"geometry":{"type":"Polygon","coordinates":[[[-122.771449,43.919146],[-122.771734,43.919207],[-122.771736,43.918905],[-122.77145,43.918842],[-122.77145,43.918842],[-122.771449,43.919146]]]}},{"type":"Feature","properties":{"MAPTAXLOT":"1901141300300","MAPNUMBER":"19011413","TAXLOT":"300","ACCTNO":"1672144","MAPACRES":0.18131592},"geometry":{"type":"Polygon","coordinates":[[[-122.771734,43.919207],[-122.772007,43.919266],[-122.772008,43.918965],[-122.771736,43.918905],[-122.771734,43.919207]]]}},{"type":"Feature","properties":{"MAPTAXLOT":"1901141300400","MAPNUMBER":"19011413","TAXLOT":"400","ACCTNO":"1672136","MAPACRES":0.18131416},"geometry":{"type":"Polygon","coordinates":[[[-122.772007,43.919266],[-122.772279,43.919326],[-122.77228,43.919024],[-122.772008,43.918965],[-122.772007,43.919266]]]}},{"type":"Feature","properties":{"MAPTAXLOT":"1901141300500","MAPNUMBER":"19011413","TAXLOT":"500","ACCTNO":"1672128","MAPACRES":0.18131505},"geometry":{"type":"Polygon","coordinates":[[[-122.772279,43.919326],[-122.772552,43.919386],[-122.772553,43.919084],[-122.77228,43.919024],[-122.772279,43.919326]]]}},{"type":"Feature","properties":{"MAPTAXLOT":"1901141300600","MAPNUMBER":"19011413","TAXLOT":"600","ACCTNO":"1672110","MAPACRES":0.18131214},"geometry":{"type":"Polygon","coordinates":[[[-122.772552,43.919386],[-122.772824,43.919445],[-122.772825,43.919144],[-122.772553,43.919084],[-122.772552,43.919386]]]}},{"type":"Feature","properties":{"MAPTAXLOT":"1901141300700","MAPNUMBER":"19011413","TAXLOT":"700","ACCTNO":"1672102","MAPACRES":0.18131282},"geometry":{"type":"Polygon","coordinates":[[[-122.772824,43.919445],[-122.773096,43.919505],[-122.773097,43.919203],[-122.772825,43.919144],[-122.772824,43.919445]]]}},{"type":"Feature","properties":{"MAPTAXLOT":"1901141300800","MAPNUMBER":"19011413","TAXLOT":"800","ACCTNO":"1672094","MAPACRES":0.18131375},"geometry":{"type":"Polygon","coordinates":[[[-122.773096,43.919505],[-122.773369,43.919565],[-122.77337,43.919263],[-122.773097,43.919203],[-122.773096,43.919505]]]}},{"type":"Feature","properties":{"MAPTAXLOT":"1901141300900","MAPNUMBER":"19011413","TAXLOT":"900","ACCTNO":"1672086","MAPACRES":0.18131377},"geometry":{"type":"Polygon","coordinates":[[[-122.773369,43.919565],[-122.773641,43.919625],[-122.773642,43.919323],[-122.77337,43.919263],[-122.773369,43.919565]]]}},{"type":"Feature","properties":{"MAPTAXLOT":"1901141301000","MAPNUMBER":"19011413","TAXLOT":"1000","ACCTNO":"1672078","MAPACRES":0.18146393},"geometry":{"type":"Polygon","coordinates":[[[-122.773641,43.919625],[-122.773914,43.919684],[-122.773915,43.919383],[-122.773642,43.919323],[-122.773641,43.919625]]]}},{"type":"Feature","properties":{"MAPTAXLOT":"1901141301100","MAPNUMBER":"19011413","TAXLOT":"1100","ACCTNO":"1592052","MAPACRES":0.19761358},"geometry":{"type":"Polygon","coordinates":[[[-122.773914,43.919684],[-122.774205,43.919748],[-122.774206,43.919544],[-122.774241,43.919454],[-122.77423,43.919452],[-122.773915,43.919383],[-122.773914,43.919684]]]}},{"type":"Feature","properties":{"MAPTAXLOT":"1901141301200","MAPNUMBER":"19011413","TAXLOT":"1200","ACCTNO":"1547445","MAPACRES":0.19838602},"geometry":{"type":"Polygon","coordinates":[[[-122.773961,43.919221],[-122.774287,43.919292],[-122.774292,43.919018],[-122.774005,43.918955],[-122.773965,43.918946],[-122.773961,43.919221]]]}},{"type":"Feature","properties":{"MAPTAXLOT":"1901141301300","MAPNUMBER":"19011413","TAXLOT":"1300","ACCTNO":"1672151","MAPACRES":0.16630374},"geometry":{"type":"Polygon","coordinates":[[[-122.773688,43.919161],[-122.773961,43.919221],[-122.773965,43.918946],[-122.773715,43.918892],[-122.773689,43.918886],[-122.773688,43.919161]]]}},{"type":"Feature","properties":{"MAPTAXLOT":"1901141301400","MAPNUMBER":"19011413","TAXLOT":"1400","ACCTNO":"1672169","MAPACRES":0.16531721},"geometry":{"type":"Polygon","coordinates":[[[-122.773416,43.919101],[-122.773688,43.919161],[-122.773689,43.918886],[-122.773417,43.918826],[-122.773416,43.919101]]]}},{"type":"Feature","properties":{"MAPTAXLOT":"1901141301500","MAPNUMBER":"19011413","TAXLOT":"1500","ACCTNO":"1672177","MAPACRES":0.1653193},"geometry":{"type":"Polygon","coordinates":[[[-122.773143,43.919042],[-122.773416,43.919101],[-122.773417,43.918826],[-122.773144,43.918767],[-122.773143,43.919042]]]}},{"type":"Feature","properties":{"MAPTAXLOT":"1901141301600","MAPNUMBER":"19011413","TAXLOT":"1600","ACCTNO":"1672185","MAPACRES":0.16532386},"geometry":{"type":"Polygon","coordinates":[[[-122.772871,43.918982],[-122.773143,43.919042],[-122.773144,43.918767],[-122.772872,43.918707],[-122.772871,43.918982]]]}},{"type":"Feature","properties":{"MAPTAXLOT":"1901141301700","MAPNUMBER":"19011413","TAXLOT":"1700","ACCTNO":"1672193","MAPACRES":0.16532262},"geometry":{"type":"Polygon","coordinates":[[[-122.772599,43.918922],[-122.772871,43.918982],[-122.772872,43.918707],[-122.77261,43.918649],[-122.7726,43.918647],[-122.772599,43.918922]]]}},{"type":"Feature","properties":{"MAPTAXLOT":"1901141301800","MAPNUMBER":"19011413","TAXLOT":"1800","ACCTNO":"1672201","MAPACRES":0.16532025},"geometry":{"type":"Polygon","coordinates":[[[-122.772326,43.918862],[-122.772599,43.918922],[-122.7726,43.918647],[-122.772327,43.918587],[-122.772326,43.918862]]]}},{"type":"Feature","properties":{"MAPTAXLOT":"1901141301900","MAPNUMBER":"19011413","TAXLOT":"1900","ACCTNO":"1672219","MAPACRES":0.16532148},"geometry":{"type":"Polygon","coordinates":[[[-122.772054,43.918803],[-122.772326,43.918862],[-122.772327,43.918587],[-122.77232,43.918586],[-122.772066,43.91853],[-122.772055,43.918528],[-122.772054,43.918803]]]}},{"type":"Feature","properties":{"MAPTAXLOT":"1901141302000","MAPNUMBER":"19011413","TAXLOT":"2000","ACCTNO":"1672227","MAPACRES":0.16802553},"geometry":{"type":"Polygon","coordinates":[[[-122.771777,43.918744],[-122.772054,43.918803],[-122.772055,43.918528],[-122.771778,43.918469],[-122.771777,43.918744]]]}},{"type":"Feature","properties":{"MAPTAXLOT":"1901141302100","MAPNUMBER":"19011413","TAXLOT":"2100","ACCTNO":"1755238","MAPACRES":0.16312118},"geometry":{"type":"Polygon","coordinates":[[[-122.771508,43.918685],[-122.771777,43.918744],[-122.771778,43.918469],[-122.771528,43.918414],[-122.771509,43.91841],[-122.771508,43.918685]]]}},{"type":"Feature","properties":{"MAPTAXLOT":"1901141302200","MAPNUMBER":"19011413","TAXLOT":"2200","ACCTNO":"1755220","MAPACRES":0.1661506},"geometry":{"type":"Polygon","coordinates":[[[-122.771203,43.918641],[-122.771233,43.918641],[-122.771282,43.918643],[-122.771329,43.918648],[-122.771376,43.918656],[-122.771508,43.918685],[-122.771509,43.91841],[-122.771221,43.91841],[-122.771204,43.91841],[-122.771203,43.918641]]]}},{"type":"Feature","properties":{"MAPTAXLOT":"1901141302300","MAPNUMBER":"19011413","TAXLOT":"2300","ACCTNO":"1755212","MAPACRES":0.16397207},"geometry":{"type":"Polygon","coordinates":[[[-122.770882,43.918641],[-122.771203,43.918641],[-122.771204,43.91841],[-122.770882,43.918409],[-122.770882,43.918548],[-122.770882,43.918641]]]}},{"type":"Feature","properties":{"MAPTAXLOT":"1901141302400","MAPNUMBER":"19011413","TAXLOT":"2400","ACCTNO":"1755204","MAPACRES":0.16158403},"geometry":{"type":"Polygon","coordinates":[[[-122.771204,43.91841],[-122.771221,43.91841],[-122.771222,43.918153],[-122.771187,43.918153],[-122.771174,43.918153],[-122.771168,43.918153],[-122.771122,43.918157],[-122.771078,43.918166],[-122.771036,43.918179],[-122.770997,43.918198],[-122.770963,43.91822],[-122.770934,43.918246],[-122.770911,43.918275],[-122.770895,43.918306],[-122.770885,43.918339],[-122.770882,43.918372],[-122.770882,43.918409],[-122.771204,43.91841]]]}},{"type":"Feature","properties":{"MAPTAXLOT":"1901141302500","MAPNUMBER":"19011413","TAXLOT":"2500","ACCTNO":"1755196","MAPACRES":0.18241193},"geometry":{"type":"Polygon","coordinates":[[[-122.771509,43.91841],[-122.771528,43.918414],[-122.771559,43.918153],[-122.771222,43.918153],[-122.771221,43.91841],[-122.771509,43.91841]]]}},{"type":"Feature","properties":{"MAPTAXLOT":"1901141302600","MAPNUMBER":"19011413","TAXLOT":"2600","ACCTNO":"1755097","MAPACRES":0.170655},"geometry":{"type":"Polygon","coordinates":[[[-122.771528,43.918414],[-122.771778,43.918469],[-122.771857,43.9182],[-122.771704,43.918166],[-122.77167,43.918159],[-122.771636,43.918155],[-122.771602,43.918153],[-122.771559,43.918153],[-122.771528,43.918414]]]}},{"type":"Feature","properties":{"MAPTAXLOT":"1901141302700","MAPNUMBER":"19011413","TAXLOT":"2700","ACCTNO":"1755089","MAPACRES":0.18479088},"geometry":{"type":"Polygon","coordinates":[[[-122.772055,43.918528],[-122.772066,43.91853],[-122.772157,43.918265],[-122.771857,43.9182],[-122.771778,43.918469],[-122.772055,43.918528]]]}},{"type":"Feature","properties":{"MAPTAXLOT":"1901141302800","MAPNUMBER":"19011413","TAXLOT":"2800","ACCTNO":"1755071","MAPACRES":0.15953314},"geometry":{"type":"Polygon","coordinates":[[[-122.772066,43.91853],[-122.77232,43.918586],[-122.772411,43.918321],[-122.772157,43.918265],[-122.772066,43.91853]]]}},{"type":"Feature","properties":{"MAPTAXLOT":"1901141302900","MAPNUMBER":"19011413","TAXLOT":"2900","ACCTNO":"1755063","MAPACRES":0.182321},"geometry":{"type":"Polygon","coordinates":[[[-122.7726,43.918647],[-122.77261,43.918649],[-122.772702,43.918385],[-122.772411,43.918321],[-122.77232,43.918586],[-122.772327,43.918587],[-122.7726,43.918647]]]}},{"type":"Feature","properties":{"MAPTAXLOT":"1901141303000","MAPNUMBER":"19011413","TAXLOT":"3000","ACCTNO":"1755055","MAPACRES":0.17085131},"geometry":{"type":"Polygon","coordinates":[[[-122.77261,43.918649],[-122.772872,43.918707],[-122.772982,43.918445],[-122.772982,43.918444],[-122.772828,43.918411],[-122.772702,43.918385],[-122.77261,43.918649]]]}},{"type":"Feature","properties":{"MAPTAXLOT":"1901141303100","MAPNUMBER":"19011413","TAXLOT":"3100","ACCTNO":"1739307","MAPACRES":0.17217623},"geometry":{"type":"Polygon","coordinates":[[[-122.772872,43.918707],[-122.773144,43.918767],[-122.773255,43.918504],[-122.772982,43.918444],[-122.772982,43.918445],[-122.772872,43.918707]]]}},{"type":"Feature","properties":{"MAPTAXLOT":"1901141303200","MAPNUMBER":"19011413","TAXLOT":"3200","ACCTNO":"1739299","MAPACRES":0.17217441},"geometry":{"type":"Polygon","coordinates":[[[-122.773144,43.918767],[-122.773417,43.918826],[-122.773527,43.918564],[-122.773255,43.918504],[-122.773144,43.918767]]]}},{"type":"Feature","properties":{"MAPTAXLOT":"1901141303300","MAPNUMBER":"19011413","TAXLOT":"3300","ACCTNO":"1739281","MAPACRES":0.18824205},"geometry":{"type":"Polygon","coordinates":[[[-122.773417,43.918826],[-122.773689,43.918886],[-122.773715,43.918892],[-122.773825,43.918629],[-122.773527,43.918564],[-122.773417,43.918826]]]}},{"type":"Feature","properties":{"MAPTAXLOT":"1901141303400","MAPNUMBER":"19011413","TAXLOT":"3400","ACCTNO":"1739273","MAPACRES":0.18364715},"geometry":{"type":"Polygon","coordinates":[[[-122.773715,43.918892],[-122.773965,43.918946],[-122.774005,43.918955],[-122.774115,43.918693],[-122.773825,43.918629],[-122.773715,43.918892]]]}},{"type":"Feature","properties":{"MAPTAXLOT":"1901141303500","MAPNUMBER":"19011413","TAXLOT":"3500","ACCTNO":"1739265","MAPACRES":0.16639847},"geometry":{"type":"Polygon","coordinates":[[[-122.774005,43.918955],[-122.774292,43.919018],[-122.774292,43.919006],[-122.774295,43.918964],[-122.774304,43.918922],[-122.774318,43.918881],[-122.774374,43.918749],[-122.774115,43.918693],[-122.774005,43.918955]]]}},{"type":"Feature","properties":{"MAPTAXLOT":"1901141303600","MAPNUMBER":"19011413","TAXLOT":"3600","ACCTNO":"1739109","MAPACRES":0.16083353},"geometry":{"type":"Polygon","coordinates":[[[-122.774519,43.919013],[-122.774819,43.919079],[-122.774912,43.918872],[-122.774592,43.918797],[-122.774536,43.918929],[-122.774527,43.918955],[-122.774522,43.918981],[-122.77452,43.919007],[-122.774519,43.919013]]]}},{"type":"Feature","properties":{"MAPTAXLOT":"1901141303800","MAPNUMBER":"19011413","TAXLOT":"3800","ACCTNO":"1739117","MAPACRES":0.16343194},"geometry":{"type":"Polygon","coordinates":[[[-122.774592,43.918797],[-122.774912,43.918872],[-122.77492,43.918854],[-122.775005,43.918664],[-122.774679,43.918588],[-122.774592,43.918797]]]}},{"type":"Feature","properties":{"MAPTAXLOT":"1901141303900","MAPNUMBER":"19011413","TAXLOT":"3900","ACCTNO":"1739125","MAPACRES":0.16825409},"geometry":{"type":"Polygon","coordinates":[[[-122.774679,43.918588],[-122.775005,43.918664],[-122.775012,43.91865],[-122.775115,43.918418],[-122.77505,43.918404],[-122.775007,43.918397],[-122.774963,43.918395],[-122.774919,43.918398],[-122.774876,43.918406],[-122.774835,43.918419],[-122.774798,43.918436],[-122.774765,43.918457],[-122.774737,43.918482],[-122.774715,43.91851],[-122.7747,43.918539],[-122.774679,43.918588]]]}},{"type":"Feature","properties":{"MAPTAXLOT":"1901141304000","MAPNUMBER":"19011413","TAXLOT":"4000","ACCTNO":"1739166","MAPACRES":0.16346172},"geometry":{"type":"Polygon","coordinates":[[[-122.774115,43.918549],[-122.774429,43.918618],[-122.774482,43.918492],[-122.774502,43.918453],[-122.774527,43.918415],[-122.774224,43.91832],[-122.774115,43.918549]]]}},{"type":"Feature","properties":{"MAPTAXLOT":"1901141304100","MAPNUMBER":"19011413","TAXLOT":"4100","ACCTNO":"1739182","MAPACRES":0.16249165},"geometry":{"type":"Polygon","coordinates":[[[-122.773842,43.91849],[-122.774115,43.918549],[-122.774224,43.91832],[-122.773953,43.918235],[-122.773842,43.91849]]]}},{"type":"Feature","properties":{"MAPTAXLOT":"1901141304200","MAPNUMBER":"19011413","TAXLOT":"4200","ACCTNO":"1739208","MAPACRES":0.17327561},"geometry":{"type":"Polygon","coordinates":[[[-122.773562,43.918428],[-122.773842,43.91849],[-122.773953,43.918235],[-122.773688,43.918176],[-122.773685,43.918175],[-122.773682,43.918175],[-122.773679,43.918175],[-122.773676,43.918176],[-122.773674,43.918177],[-122.773671,43.918178],[-122.773669,43.918179],[-122.773667,43.918181],[-122.773665,43.918183],[-122.773664,43.918185],[-122.773562,43.918428]]]}},{"type":"Feature","properties":{"MAPTAXLOT":"1901141304300","MAPNUMBER":"19011413","TAXLOT":"4300","ACCTNO":"1739224","MAPACRES":0.18287026},"geometry":{"type":"Polygon","coordinates":[[[-122.773181,43.918345],[-122.773492,43.918413],[-122.773588,43.918183],[-122.773589,43.918181],[-122.773589,43.918179],[-122.773589,43.918176],[-122.773588,43.918174],[-122.773587,43.918172],[-122.773585,43.91817],[-122.773583,43.918168],[-122.77358,43.918166],[-122.773577,43.918165],[-122.773574,43.918164],[-122.773284,43.918099],[-122.773181,43.918345]]]}},{"type":"Feature","properties":{"MAPTAXLOT":"1901141304400","MAPNUMBER":"19011413","TAXLOT":"4400","ACCTNO":"1739240","MAPACRES":0.17700003},"geometry":{"type":"Polygon","coordinates":[[[-122.772883,43.918279],[-122.773181,43.918345],[-122.773284,43.918099],[-122.773067,43.91805],[-122.773067,43.91805],[-122.772987,43.918031],[-122.772987,43.918032],[-122.772883,43.918279]]]}},{"type":"Feature","properties":{"MAPTAXLOT":"1901141304500","MAPNUMBER":"19011413","TAXLOT":"4500","ACCTNO":"1755105","MAPACRES":0.18536321},"geometry":{"type":"Polygon","coordinates":[[[-122.772498,43.918195],[-122.772883,43.918279],[-122.772883,43.918279],[-122.772987,43.918032],[-122.772987,43.918031],[-122.772754,43.917979],[-122.772498,43.918195]]]}},{"type":"Feature","properties":{"MAPTAXLOT":"1901141304600","MAPNUMBER":"19011413","TAXLOT":"4600","ACCTNO":"1755121","MAPACRES":0.18620575},"geometry":{"type":"Polygon","coordinates":[[[-122.772153,43.918119],[-122.772421,43.918178],[-122.772658,43.917978],[-122.772666,43.917958],[-122.772392,43.917901],[-122.772321,43.917886],[-122.772153,43.918119]]]}},{"type":"Feature","properties":{"MAPTAXLOT":"1901141304700","MAPNUMBER":"19011413","TAXLOT":"4700","ACCTNO":"1755147","MAPACRES":0.18636612},"geometry":{"type":"Polygon","coordinates":[[[-122.771793,43.91804],[-122.772153,43.918119],[-122.772321,43.917886],[-122.772039,43.917833],[-122.771793,43.91804]]]}},{"type":"Feature","properties":{"MAPTAXLOT":"1901141304900","MAPNUMBER":"19011413","TAXLOT":"4900","ACCTNO":"1755188","MAPACRES":0.46634908},"geometry":{"type":"Polygon","coordinates":[[[-122.771225,43.918015],[-122.771505,43.918016],[-122.771603,43.918016],[-122.771653,43.918018],[-122.771703,43.918024],[-122.77194,43.917824],[-122.771944,43.917807],[-122.771506,43.917756],[-122.771506,43.917549],[-122.771225,43.917549],[-122.771225,43.917988],[-122.771225,43.918015]]]}},{"type":"Feature","properties":{"MAPTAXLOT":"1901141305000","MAPNUMBER":"19011413","TAXLOT":"5000","ACCTNO":"1600244","MAPACRES":1.21124069},"geometry":{"type":"Polygon","coordinates":[[[-122.77069,43.918081],[-122.770738,43.918081],[-122.7709,43.918081],[-122.770943,43.918061],[-122.770989,43.918045],[-122.771037,43.918032],[-122.771086,43.918023],[-122.771137,43.918017],[-122.771188,43.918015],[-122.771225,43.918015],[-122.771225,43.917988],[-122.771225,43.917549],[-122.771225,43.917096],[-122.771225,43.917064],[-122.771221,43.917063],[-122.770996,43.917031],[-122.770994,43.917031],[-122.770689,43.916991],[-122.77069,43.917985],[-122.77069,43.918081]]]}},{"type":"Feature","properties":{"MAPTAXLOT":"1901141305100","MAPNUMBER":"19011413","TAXLOT":"5100","ACCTNO":"1755170","MAPACRES":0.29358302},"geometry":{"type":"Polygon","coordinates":[[[-122.771703,43.918024],[-122.771752,43.918031],[-122.772017,43.917808],[-122.772018,43.91755],[-122.771506,43.917549],[-122.771506,43.917756],[-122.771944,43.917807],[-122.77194,43.917824],[-122.771703,43.918024]]]}},{"type":"Feature","properties":{"MAPTAXLOT":"1901141305200","MAPNUMBER":"19011413","TAXLOT":"5200","ACCTNO":"1755154","MAPACRES":0.26505443},"geometry":{"type":"Polygon","coordinates":[[[-122.771752,43.918031],[-122.771793,43.91804],[-122.772039,43.917833],[-122.772321,43.917886],[-122.772392,43.917901],[-122.772423,43.917623],[-122.77227,43.917596],[-122.772018,43.91755],[-122.772017,43.917808],[-122.771752,43.918031]]]}},{"type":"Feature","properties":{"MAPTAXLOT":"1901141305300","MAPNUMBER":"19011413","TAXLOT":"5300","ACCTNO":"1755139","MAPACRES":0.25057112},"geometry":{"type":"Polygon","coordinates":[[[-122.772421,43.918178],[-122.772461,43.918187],[-122.772735,43.917955],[-122.772794,43.91769],[-122.772423,43.917623],[-122.772392,43.917901],[-122.772666,43.917958],[-122.772658,43.917978],[-122.772421,43.918178]]]}},{"type":"Feature","properties":{"MAPTAXLOT":"1901141305400","MAPNUMBER":"19011413","TAXLOT":"5400","ACCTNO":"1755113","MAPACRES":0.25804393},"geometry":{"type":"Polygon","coordinates":[[[-122.772461,43.918187],[-122.772498,43.918195],[-122.772754,43.917979],[-122.772987,43.918031],[-122.773067,43.91805],[-122.773067,43.91805],[-122.773157,43.917755],[-122.773157,43.917755],[-122.772794,43.91769],[-122.772735,43.917955],[-122.772461,43.918187]]]}},{"type":"Feature","properties":{"MAPTAXLOT":"1901141305500","MAPNUMBER":"19011413","TAXLOT":"5500","ACCTNO":"1739257","MAPACRES":0.26286144},"geometry":{"type":"Polygon","coordinates":[[[-122.773492,43.918413],[-122.773515,43.918418],[-122.773628,43.918148],[-122.773397,43.918096],[-122.773499,43.917816],[-122.773157,43.917755],[-122.773157,43.917755],[-122.773067,43.91805],[-122.773284,43.918099],[-122.773574,43.918164],[-122.773577,43.918165],[-122.77358,43.918166],[-122.773583,43.918168],[-122.773585,43.91817],[-122.773587,43.918172],[-122.773588,43.918174],[-122.773589,43.918176],[-122.773589,43.918179],[-122.773589,43.918181],[-122.773588,43.918183],[-122.773492,43.918413]]]}},{"type":"Feature","properties":{"MAPTAXLOT":"1901141305600","MAPNUMBER":"19011413","TAXLOT":"5600","ACCTNO":"1739232","MAPACRES":0.19564548},"geometry":{"type":"Polygon","coordinates":[[[-122.773515,43.918418],[-122.773539,43.918423],[-122.773668,43.918114],[-122.773778,43.917866],[-122.773499,43.917816],[-122.773397,43.918096],[-122.773628,43.918148],[-122.773515,43.918418]]]}},{"type":"Feature","properties":{"MAPTAXLOT":"1901141305700","MAPNUMBER":"19011413","TAXLOT":"5700","ACCTNO":"1739216","MAPACRES":0.22535082},"geometry":{"type":"Polygon","coordinates":[[[-122.773539,43.918423],[-122.773562,43.918428],[-122.773664,43.918185],[-122.773665,43.918183],[-122.773667,43.918181],[-122.773669,43.918179],[-122.773671,43.918178],[-122.773674,43.918177],[-122.773676,43.918176],[-122.773679,43.918175],[-122.773682,43.918175],[-122.773685,43.918175],[-122.773688,43.918176],[-122.773953,43.918235],[-122.774079,43.917989],[-122.773778,43.917866],[-122.773668,43.918114],[-122.773539,43.918423]]]}},{"type":"Feature","properties":{"MAPTAXLOT":"1901141305800","MAPNUMBER":"19011413","TAXLOT":"5800","ACCTNO":"1739190","MAPACRES":0.20464144},"geometry":{"type":"Polygon","coordinates":[[[-122.774224,43.91832],[-122.774527,43.918415],[-122.774557,43.918383],[-122.774266,43.918292],[-122.774368,43.918107],[-122.774304,43.918081],[-122.774079,43.917989],[-122.773953,43.918235],[-122.774224,43.91832]]]}},{"type":"Feature","properties":{"MAPTAXLOT":"1901141305900","MAPNUMBER":"19011413","TAXLOT":"5900","ACCTNO":"1739174","MAPACRES":0.15743522},"geometry":{"type":"Polygon","coordinates":[[[-122.774368,43.918107],[-122.774266,43.918292],[-122.774557,43.918383],[-122.774593,43.91835],[-122.774634,43.918321],[-122.774679,43.918296],[-122.774728,43.918274],[-122.77478,43.918257],[-122.774368,43.918107]]]}},{"type":"Feature","properties":{"MAPTAXLOT":"1901141306000","MAPNUMBER":"19011413","TAXLOT":"6000","ACCTNO":"1739133","MAPACRES":0.16062489},"geometry":{"type":"Polygon","coordinates":[[[-122.774989,43.918231],[-122.775032,43.918234],[-122.775074,43.918239],[-122.775116,43.918247],[-122.77526,43.918278],[-122.775364,43.918029],[-122.775097,43.917972],[-122.774989,43.918231]]]}},{"type":"Feature","properties":{"MAPTAXLOT":"1901141306100","MAPNUMBER":"19011413","TAXLOT":"6100","ACCTNO":"1739141","MAPACRES":0.18232324},"geometry":{"type":"Polygon","coordinates":[[[-122.774768,43.917904],[-122.774659,43.918167],[-122.774859,43.918239],[-122.774894,43.918235],[-122.77493,43.918232],[-122.775042,43.91796],[-122.774768,43.917904]]]}},{"type":"Feature","properties":{"MAPTAXLOT":"1901141306200","MAPNUMBER":"19011413","TAXLOT":"6200","ACCTNO":"1739158","MAPACRES":0.23131768},"geometry":{"type":"Polygon","coordinates":[[[-122.774368,43.918107],[-122.77478,43.918257],[-122.774819,43.918247],[-122.774859,43.918239],[-122.774659,43.918167],[-122.774768,43.917904],[-122.774486,43.91785],[-122.774304,43.918081],[-122.774368,43.918107]]]}},{"type":"Feature","properties":{"MAPTAXLOT":"1901141306300","MAPNUMBER":"19011413","TAXLOT":"6300","ACCTNO":"1829652","MAPACRES":3.08861767},"geometry":{"type":"Polygon","coordinates":[[[-122.774079,43.917989],[-122.774304,43.918081],[-122.774486,43.91785],[-122.774572,43.917576],[-122.774189,43.917505],[-122.773804,43.917439],[-122.773417,43.917378],[-122.773029,43.917322],[-122.772256,43.917211],[-122.77219,43.917202],[-122.771225,43.917064],[-122.771225,43.917096],[-122.771225,43.917549],[-122.771506,43.917549],[-122.772018,43.91755],[-122.77227,43.917596],[-122.772423,43.917623],[-122.772794,43.91769],[-122.773157,43.917755],[-122.773499,43.917816],[-122.773778,43.917866],[-122.774079,43.917989]]]}},{"type":"Feature","properties":{"MAPTAXLOT":"1901141306400","MAPNUMBER":"19011413","TAXLOT":"6400","ACCTNO":"1843828","MAPACRES":3.76148088},"geometry":{"type":"Polygon","coordinates":[[[-122.775621,43.918088],[-122.775784,43.918125],[-122.775856,43.917966],[-122.77594,43.917784],[-122.77597,43.917719],[-122.776024,43.917601],[-122.776024,43.917601],[-122.775666,43.917518],[-122.775306,43.917439],[-122.774945,43.917364],[-122.774582,43.917294],[-122.774214,43.917227],[-122.773844,43.917164],[-122.773473,43.917106],[-122.7731,43.917052],[-122.77215,43.916916],[-122.770689,43.916932],[-122.770689,43.916991],[-122.770994,43.917031],[-122.770996,43.917031],[-122.771221,43.917063],[-122.771225,43.917064],[-122.77219,43.917202],[-122.772256,43.917211],[-122.773029,43.917322],[-122.773417,43.917378],[-122.773804,43.917439],[-122.774189,43.917505],[-122.774572,43.917576],[-122.774486,43.91785],[-122.774768,43.917904],[-122.775042,43.91796],[-122.775097,43.917972],[-122.775364,43.918029],[-122.775621,43.918088]]]}},{"type":"Feature","properties":{"MAPTAXLOT":"1901141306500","MAPNUMBER":"19011413","TAXLOT":"6500","ACCTNO":"1914622","MAPACRES":0.16135636},"geometry":{"type":"Polygon","coordinates":[[[-122.77627,43.918549],[-122.77666,43.91855],[-122.77666,43.918349],[-122.776447,43.918291],[-122.7764,43.918369],[-122.776376,43.918404],[-122.776347,43.918437],[-122.776313,43.918467],[-122.776275,43.918495],[-122.776258,43.918532],[-122.77627,43.918549]]]}},{"type":"Feature","properties":{"MAPTAXLOT":"1901141306600","MAPNUMBER":"19011413","TAXLOT":"6600","ACCTNO":"1914625","MAPACRES":0.16127304},"geometry":{"type":"Polygon","coordinates":[[[-122.776355,43.91877],[-122.776659,43.918771],[-122.77666,43.91855],[-122.77627,43.918549],[-122.776305,43.9186],[-122.776327,43.918637],[-122.776343,43.918675],[-122.776352,43.918714],[-122.776355,43.918754],[-122.776355,43.91877]]]}},{"type":"Feature","properties":{"MAPTAXLOT":"1901141306700","MAPNUMBER":"19011413","TAXLOT":"6700","ACCTNO":"1914628","MAPACRES":0.1669157},"geometry":{"type":"Polygon","coordinates":[[[-122.776298,43.918978],[-122.776355,43.919009],[-122.776658,43.919009],[-122.776659,43.918817],[-122.776659,43.918816],[-122.776659,43.918771],[-122.776355,43.91877],[-122.776355,43.918854],[-122.776351,43.918887],[-122.77634,43.918919],[-122.776322,43.91895],[-122.776298,43.918978]]]}},{"type":"Feature","properties":{"MAPTAXLOT":"1901141306800","MAPNUMBER":"19011413","TAXLOT":"6800","ACCTNO":"1914631","MAPACRES":0.20000799},"geometry":{"type":"Polygon","coordinates":[[[-122.77624,43.919019],[-122.776658,43.919426],[-122.776658,43.919009],[-122.776355,43.919009],[-122.776298,43.918978],[-122.776271,43.919],[-122.77624,43.919019]]]}},{"type":"Feature","properties":{"MAPTAXLOT":"1901141306900","MAPNUMBER":"19011413","TAXLOT":"6900","ACCTNO":"1914634","MAPACRES":0.21693007},"geometry":{"type":"Polygon","coordinates":[[[-122.776392,43.91937],[-122.776658,43.919426],[-122.77624,43.919019],[-122.776212,43.919032],[-122.776183,43.919043],[-122.776151,43.919051],[-122.776167,43.91909],[-122.776079,43.9193],[-122.776079,43.9193],[-122.77613,43.919312],[-122.776392,43.91937]]]}},{"type":"Feature","properties":{"MAPTAXLOT":"1901141307000","MAPNUMBER":"19011413","TAXLOT":"7000","ACCTNO":"1914637","MAPACRES":0.16642259},"geometry":{"type":"Polygon","coordinates":[[[-122.775868,43.919253],[-122.776079,43.9193],[-122.776079,43.9193],[-122.776167,43.91909],[-122.776151,43.919051],[-122.776111,43.919057],[-122.77607,43.919059],[-122.776029,43.919057],[-122.775988,43.919051],[-122.775848,43.91902],[-122.77576,43.919229],[-122.775868,43.919253]]]}},{"type":"Feature","properties":{"MAPTAXLOT":"1901141307100","MAPNUMBER":"19011413","TAXLOT":"7100","ACCTNO":"1914640","MAPACRES":0.16143182},"geometry":{"type":"Polygon","coordinates":[[[-122.77544,43.91916],[-122.77559,43.919193],[-122.77576,43.919229],[-122.775848,43.91902],[-122.775528,43.91895],[-122.77544,43.91916]]]}},{"type":"Feature","properties":{"MAPTAXLOT":"1901141307200","MAPNUMBER":"19011413","TAXLOT":"7200","ACCTNO":"1914643","MAPACRES":0.17208393},"geometry":{"type":"Polygon","coordinates":[[[-122.775132,43.919146],[-122.775415,43.919208],[-122.775415,43.919155],[-122.77544,43.91916],[-122.775528,43.91895],[-122.775492,43.918942],[-122.775449,43.91893],[-122.77541,43.918913],[-122.775374,43.918892],[-122.77521,43.918961],[-122.775132,43.919146]]]}},{"type":"Feature","properties":{"MAPTAXLOT":"1901141307300","MAPNUMBER":"19011413","TAXLOT":"7300","ACCTNO":"1914646","MAPACRES":0.18561599},"geometry":{"type":"Polygon","coordinates":[[[-122.774955,43.919107],[-122.775132,43.919146],[-122.77521,43.918961],[-122.775374,43.918892],[-122.775349,43.918871],[-122.775327,43.918848],[-122.775172,43.918913],[-122.77492,43.918854],[-122.774912,43.918872],[-122.774819,43.919079],[-122.774955,43.919107]]]}},{"type":"Feature","properties":{"MAPTAXLOT":"1901141307400","MAPNUMBER":"19011413","TAXLOT":"7400","ACCTNO":"1914649","MAPACRES":0.15513063},"geometry":{"type":"Polygon","coordinates":[[[-122.77492,43.918854],[-122.775172,43.918913],[-122.775327,43.918848],[-122.775311,43.918823],[-122.775298,43.918797],[-122.775291,43.91877],[-122.775289,43.918743],[-122.775292,43.918715],[-122.775012,43.91865],[-122.775005,43.918664],[-122.77492,43.918854]]]}},{"type":"Feature","properties":{"MAPTAXLOT":"1901141307500","MAPNUMBER":"19011413","TAXLOT":"7500","ACCTNO":"1914652","MAPACRES":0.15602356},"geometry":{"type":"Polygon","coordinates":[[[-122.775012,43.91865],[-122.775292,43.918715],[-122.775297,43.918698],[-122.775303,43.918682],[-122.775382,43.918505],[-122.775357,43.918471],[-122.775194,43.918436],[-122.775115,43.918418],[-122.775012,43.91865]]]}},{"type":"Feature","properties":{"MAPTAXLOT":"1901141307600","MAPNUMBER":"19011413","TAXLOT":"7600","ACCTNO":"1914655","MAPACRES":0.18933918},"geometry":{"type":"Polygon","coordinates":[[[-122.775824,43.918573],[-122.775804,43.918569],[-122.775612,43.918527],[-122.775564,43.918545],[-122.775484,43.918724],[-122.77548,43.918735],[-122.775479,43.918746],[-122.77548,43.918756],[-122.775484,43.918767],[-122.77549,43.918777],[-122.775498,43.918786],[-122.775508,43.918794],[-122.775519,43.918801],[-122.775532,43.918807],[-122.775546,43.918811],[-122.775795,43.918865],[-122.775824,43.918573]]]}},{"type":"Feature","properties":{"MAPTAXLOT":"1901141307700","MAPNUMBER":"19011413","TAXLOT":"7700","ACCTNO":"1914658","MAPACRES":0.2374952},"geometry":{"type":"Polygon","coordinates":[[[-122.775795,43.918865],[-122.776043,43.918919],[-122.776059,43.918922],[-122.776075,43.918922],[-122.776091,43.918921],[-122.776106,43.918917],[-122.77612,43.918912],[-122.776133,43.918905],[-122.776144,43.918897],[-122.776153,43.918887],[-122.77616,43.918877],[-122.776164,43.918865],[-122.776165,43.918854],[-122.776166,43.918754],[-122.776162,43.918722],[-122.776152,43.918691],[-122.776136,43.918662],[-122.776089,43.918594],[-122.776036,43.918579],[-122.775983,43.918584],[-122.775929,43.918584],[-122.775876,43.918581],[-122.775824,43.918573],[-122.775795,43.918865]]]}},{"type":"Feature","properties":{"MAPTAXLOT":"1901141307800","MAPNUMBER":"19011413","TAXLOT":"7800","ACCTNO":"1914661","MAPACRES":0.16902588},"geometry":{"type":"Polygon","coordinates":[[[-122.77579,43.918394],[-122.775871,43.918412],[-122.775913,43.918418],[-122.775955,43.91842],[-122.775998,43.918416],[-122.776039,43.918408],[-122.776078,43.918395],[-122.776114,43.918378],[-122.776145,43.918356],[-122.776171,43.918332],[-122.776191,43.918304],[-122.776233,43.918235],[-122.775892,43.91815],[-122.77579,43.918394]]]}},{"type":"Feature","properties":{"MAPTAXLOT":"1901141307900","MAPNUMBER":"19011413","TAXLOT":"7900","ACCTNO":"1914664","MAPACRES":0.16105354},"geometry":{"type":"Polygon","coordinates":[[[-122.775517,43.918334],[-122.77579,43.918394],[-122.775892,43.91815],[-122.775784,43.918125],[-122.775621,43.918088],[-122.775517,43.918334]]]}},{"type":"Feature","properties":{"MAPTAXLOT":"1901141308000","MAPNUMBER":"19011413","TAXLOT":"8000","ACCTNO":"1914667","MAPACRES":0.15340081},"geometry":{"type":"Polygon","coordinates":[[[-122.77526,43.918278],[-122.775517,43.918334],[-122.775621,43.918088],[-122.775364,43.918029],[-122.77526,43.918278]]]}},{"type":"Feature","properties":{"MAPTAXLOT":"1901142100077","MAPNUMBER":"19011421","TAXLOT":"77","ACCTNO":"000None","MAPACRES":5.39406839},"geometry":{"type":"MultiPolygon","coordinates":[[[[-122.778907,43.924231],[-122.779189,43.924235],[-122.779194,43.924235],[-122.779199,43.924236],[-122.779204,43.924238],[-122.779209,43.92424],[-122.779213,43.924242],[-122.779216,43.924245],[-122.779219,43.924249],[-122.779221,43.924252],[-122.779222,43.924256],[-122.779222,43.92426],[-122.779212,43.92448],[-122.779211,43.924488],[-122.779211,43.924539],[-122.779215,43.924589],[-122.779223,43.92464],[-122.779235,43.92469],[-122.779421,43.924662],[-122.77941,43.924616],[-122.779402,43.924554],[-122.779401,43.924492],[-122.779405,43.924416],[-122.779415,43.924203],[-122.779422,43.924059],[-122.779422,43.924012],[-122.779416,43.923965],[-122.779405,43.923923],[-122.77939,43.923881],[-122.77937,43.92384],[-122.779345,43.9238],[-122.779312,43.923751],[-122.779303,43.923739],[-122.779283,43.923704],[-122.779268,43.923668],[-122.779259,43.923631],[-122.779246,43.923551],[-122.779218,43.923374],[-122.779205,43.923297],[-122.779202,43.923268],[-122.779203,43.923238],[-122.779207,43.923182],[-122.779222,43.922981],[-122.779223,43.922976],[-122.779225,43.922972],[-122.779228,43.922969],[-122.779231,43.922965],[-122.779236,43.922962],[-122.77924,43.92296],[-122.779246,43.922958],[-122.779252,43.922957],[-122.779255,43.922957],[-122.77957,43.922958],[-122.779835,43.922959],[-122.780086,43.92296],[-122.780465,43.922961],[-122.78048,43.92296],[-122.780655,43.922796],[-122.780369,43.922796],[-122.779249,43.922793],[-122.779176,43.922126],[-122.779188,43.921929],[-122.780107,43.921931],[-122.780676,43.921932],[-122.780373,43.921767],[-122.780358,43.921768],[-122.780093,43.921767],[-122.779827,43.921767],[-122.779828,43.921629],[-122.779828,43.921531],[-122.779828,43.921492],[-122.779829,43.921355],[-122.779829,43.921218],[-122.77983,43.921081],[-122.77983,43.920944],[-122.780362,43.920945],[-122.780362,43.92078],[-122.779831,43.920779],[-122.779832,43.920642],[-122.779832,43.920505],[-122.779833,43.920368],[-122.779833,43.920367],[-122.779757,43.920264],[-122.779757,43.920265],[-122.779757,43.920299],[-122.779757,43.920367],[-122.779756,43.920504],[-122.779756,43.920642],[-122.779755,43.920779],[-122.779273,43.920778],[-122.779319,43.920264],[-122.779319,43.920263],[-122.779319,43.920264],[-122.779069,43.920505],[-122.779045,43.920778],[-122.778969,43.9218],[-122.778965,43.921865],[-122.778942,43.922211],[-122.77896,43.92236],[-122.778959,43.92236],[-122.778925,43.922387],[-122.778633,43.922387],[-122.77859,43.922388],[-122.77854,43.922394],[-122.778491,43.922403],[-122.778443,43.922416],[-122.778406,43.922425],[-122.778368,43.922431],[-122.778328,43.922433],[-122.77829,43.922433],[-122.778028,43.922433],[-122.777766,43.922433],[-122.777504,43.922433],[-122.777242,43.922434],[-122.776917,43.922434],[-122.776593,43.922434],[-122.776268,43.922433],[-122.775943,43.922433],[-122.775756,43.922433],[-122.775712,43.92243],[-122.775668,43.922423],[-122.775627,43.92241],[-122.775589,43.922393],[-122.775555,43.922372],[-122.775526,43.922347],[-122.775502,43.92232],[-122.775485,43.92229],[-122.775475,43.922258],[-122.775472,43.922226],[-122.775472,43.922208],[-122.775377,43.922208],[-122.77484,43.922208],[-122.774841,43.922242],[-122.774845,43.922277],[-122.774851,43.922311],[-122.774861,43.922345],[-122.775271,43.922346],[-122.775327,43.922373],[-122.77535,43.922404],[-122.775376,43.922433],[-122.775407,43.92246],[-122.775442,43.922484],[-122.775479,43.922506],[-122.77553,43.922528],[-122.775583,43.922547],[-122.77564,43.92256],[-122.775698,43.922568],[-122.775756,43.92257],[-122.775964,43.92257],[-122.776002,43.922598],[-122.776001,43.922822],[-122.776001,43.923141],[-122.776001,43.923141],[-122.776033,43.923144],[-122.776066,43.923144],[-122.776096,43.923145],[-122.776191,43.923145],[-122.776191,43.922955],[-122.776191,43.922763],[-122.776191,43.922598],[-122.776229,43.922571],[-122.776579,43.922571],[-122.776831,43.922571],[-122.777083,43.922571],[-122.777121,43.922571],[-122.777159,43.922571],[-122.777454,43.92257],[-122.777749,43.92257],[-122.777787,43.92257],[-122.777825,43.92257],[-122.778139,43.92257],[-122.778328,43.92257],[-122.778386,43.922568],[-122.778431,43.922562],[-122.778476,43.922553],[-122.778519,43.922541],[-122.778555,43.922532],[-122.778594,43.922526],[-122.778633,43.922524],[-122.77894,43.922524],[-122.77898,43.922551],[-122.778981,43.922552],[-122.779,43.92273],[-122.779022,43.922927],[-122.779024,43.922956],[-122.779072,43.923252],[-122.779169,43.923851],[-122.779175,43.923861],[-122.779197,43.923897],[-122.779214,43.923935],[-122.779226,43.923974],[-122.779232,43.924014],[-122.779233,43.924054],[-122.779232,43.924074],[-122.779231,43.924078],[-122.779229,43.924082],[-122.779227,43.924086],[-122.779223,43.924089],[-122.779219,43.924092],[-122.779214,43.924094],[-122.779208,43.924096],[-122.779203,43.924097],[-122.779197,43.924097],[-122.778908,43.924094],[-122.778907,43.924231]],[[-122.779754,43.921081],[-122.779753,43.921218],[-122.779753,43.921355],[-122.779752,43.921492],[-122.779752,43.921629],[-122.779751,43.921766],[-122.779184,43.921765],[-122.779197,43.921628],[-122.779209,43.921491],[-122.779234,43.921217],[-122.779246,43.921079],[-122.779258,43.920942],[-122.779754,43.920943],[-122.779754,43.921081]]],[[[-122.779985,43.923698],[-122.779988,43.92372],[-122.779996,43.923741],[-122.780008,43.923761],[-122.780023,43.92378],[-122.780042,43.923798],[-122.780065,43.923813],[-122.78009,43.923825],[-122.780117,43.923835],[-122.780146,43.923842],[-122.780176,43.923846],[-122.780213,43.923847],[-122.78025,43.923843],[-122.780285,43.923834],[-122.780318,43.923821],[-122.780347,43.923804],[-122.780372,43.923784],[-122.780391,43.923761],[-122.780461,43.923762],[-122.780462,43.923625],[-122.780392,43.923624],[-122.780373,43.923601],[-122.780348,43.923581],[-122.780319,43.923564],[-122.780287,43.923551],[-122.780251,43.923542],[-122.780215,43.923538],[-122.780177,43.923538],[-122.780146,43.923542],[-122.780117,43.923549],[-122.780089,43.923559],[-122.780063,43.923573],[-122.78004,43.923588],[-122.78002,43.923607],[-122.780004,43.923628],[-122.779993,43.92365],[-122.779987,43.923674],[-122.779985,43.923698]]]]}},{"type":"Feature","properties":{"MAPTAXLOT":"1901142100100","MAPNUMBER":"19011421","TAXLOT":"100","ACCTNO":"0814622","MAPACRES":2.9892302},"geometry":{"type":"Polygon","coordinates":[[[-122.779054,43.923851],[-122.779169,43.923851],[-122.779072,43.923252],[-122.778321,43.923258],[-122.778318,43.923088],[-122.777735,43.923084],[-122.777431,43.923083],[-122.777121,43.923081],[-122.776578,43.923078],[-122.776577,43.923147],[-122.776565,43.923841],[-122.777981,43.923846],[-122.777993,43.923846],[-122.777991,43.923509],[-122.778034,43.923492],[-122.778074,43.923472],[-122.778112,43.923449],[-122.778144,43.923429],[-122.778181,43.923414],[-122.77822,43.923402],[-122.778261,43.923395],[-122.778303,43.923392],[-122.778306,43.923392],[-122.778967,43.923391],[-122.779054,43.923851]]]}},{"type":"Feature","properties":{"MAPTAXLOT":"1901142100200","MAPNUMBER":"19011421","TAXLOT":"200","ACCTNO":"1031556","MAPACRES":0.99392805},"geometry":{"type":"Polygon","coordinates":[[[-122.77891,43.923849],[-122.779054,43.923851],[-122.778967,43.923391],[-122.778306,43.923392],[-122.778303,43.923392],[-122.778261,43.923395],[-122.77822,43.923402],[-122.778181,43.923414],[-122.778144,43.923429],[-122.778112,43.923449],[-122.778074,43.923472],[-122.778034,43.923492],[-122.777991,43.923509],[-122.777993,43.923846],[-122.77891,43.923849]]]}},{"type":"Feature","properties":{"MAPTAXLOT":"1901142100300","MAPNUMBER":"19011421","TAXLOT":"300","ACCTNO":"0814630","MAPACRES":0.53052801},"geometry":{"type":"Polygon","coordinates":[[[-122.778318,43.923088],[-122.778321,43.923258],[-122.779072,43.923252],[-122.779024,43.922956],[-122.779022,43.922927],[-122.778632,43.922923],[-122.778386,43.922921],[-122.77832,43.922921],[-122.778318,43.923088]]]}},{"type":"Feature","properties":{"MAPTAXLOT":"1901142100401","MAPNUMBER":"19011421","TAXLOT":"401","ACCTNO":"1908035","MAPACRES":1.64018368},"geometry":{"type":"Polygon","coordinates":[[[-122.77829,43.92221],[-122.778323,43.92221],[-122.778324,43.922162],[-122.778324,43.921906],[-122.778457,43.92187],[-122.778517,43.921859],[-122.778577,43.921852],[-122.778639,43.921849],[-122.7787,43.92185],[-122.778954,43.921864],[-122.778965,43.921865],[-122.778969,43.9218],[-122.778101,43.921801],[-122.777919,43.92188],[-122.777741,43.921919],[-122.777573,43.9218],[-122.776536,43.921797],[-122.77651,43.922209],[-122.776593,43.922209],[-122.776918,43.922209],[-122.777242,43.92221],[-122.777504,43.922209],[-122.777766,43.922209],[-122.778028,43.92221],[-122.77829,43.92221]]]}},{"type":"Feature","properties":{"MAPTAXLOT":"1901142100402","MAPNUMBER":"19011421","TAXLOT":"402","ACCTNO":"1908043","MAPACRES":0.48300973},"geometry":{"type":"Polygon","coordinates":[[[-122.778591,43.922211],[-122.778942,43.922211],[-122.778965,43.921865],[-122.778954,43.921864],[-122.7787,43.92185],[-122.778639,43.921849],[-122.778577,43.921852],[-122.778517,43.921859],[-122.778457,43.92187],[-122.778324,43.921906],[-122.778324,43.922162],[-122.778323,43.92221],[-122.778591,43.922211]]]}},{"type":"Feature","properties":{"MAPTAXLOT":"1901142100500","MAPNUMBER":"19011421","TAXLOT":"500","ACCTNO":"1023744","MAPACRES":2.10069789},"geometry":{"type":"Polygon","coordinates":[[[-122.779662,43.925509],[-122.779991,43.925509],[-122.780008,43.925221],[-122.780331,43.925221],[-122.780339,43.925084],[-122.77994,43.925084],[-122.77994,43.924865],[-122.779941,43.924724],[-122.77981,43.924637],[-122.779801,43.924574],[-122.77941,43.924616],[-122.779421,43.924662],[-122.779235,43.92469],[-122.778904,43.924738],[-122.778899,43.925503],[-122.779662,43.925509]]]}},{"type":"Feature","properties":{"MAPTAXLOT":"1901142100600","MAPNUMBER":"19011421","TAXLOT":"600","ACCTNO":"1364403","MAPACRES":0.1624684},"geometry":{"type":"Polygon","coordinates":[[[-122.780175,43.924068],[-122.780459,43.924069],[-122.780461,43.923762],[-122.780391,43.923761],[-122.780372,43.923784],[-122.780347,43.923804],[-122.780318,43.923821],[-122.780285,43.923834],[-122.78025,43.923843],[-122.780213,43.923847],[-122.780176,43.923846],[-122.780175,43.924068]]]}},{"type":"Feature","properties":{"MAPTAXLOT":"1901142100700","MAPNUMBER":"19011421","TAXLOT":"700","ACCTNO":"1364411","MAPACRES":0.16339187},"geometry":{"type":"Polygon","coordinates":[[[-122.779996,43.924067],[-122.780175,43.924068],[-122.780176,43.923846],[-122.780146,43.923842],[-122.780117,43.923835],[-122.78009,43.923825],[-122.780065,43.923813],[-122.780042,43.923798],[-122.779728,43.924066],[-122.779996,43.924067]]]}},{"type":"Feature","properties":{"MAPTAXLOT":"1901142100800","MAPNUMBER":"19011421","TAXLOT":"800","ACCTNO":"1364429","MAPACRES":0.1709159},"geometry":{"type":"Polygon","coordinates":[[[-122.779713,43.923961],[-122.779728,43.924066],[-122.780042,43.923798],[-122.780023,43.92378],[-122.780008,43.923761],[-122.779996,43.923741],[-122.779988,43.92372],[-122.779985,43.923698],[-122.779677,43.923711],[-122.77968,43.923727],[-122.779713,43.923961]]]}},{"type":"Feature","properties":{"MAPTAXLOT":"1901142100900","MAPNUMBER":"19011421","TAXLOT":"900","ACCTNO":"1364437","MAPACRES":0.20002384},"geometry":{"type":"Polygon","coordinates":[[[-122.779652,43.923532],[-122.779677,43.923711],[-122.779985,43.923698],[-122.779987,43.923674],[-122.779993,43.92365],[-122.780004,43.923628],[-122.78002,43.923607],[-122.78004,43.923588],[-122.779621,43.923314],[-122.779625,43.923343],[-122.779652,43.923532]]]}},{"type":"Feature","properties":{"MAPTAXLOT":"1901142101000","MAPNUMBER":"19011421","TAXLOT":"1000","ACCTNO":"1364445","MAPACRES":0.1987864},"geometry":{"type":"Polygon","coordinates":[[[-122.779621,43.923314],[-122.78004,43.923588],[-122.780063,43.923573],[-122.780089,43.923559],[-122.780117,43.923549],[-122.780146,43.923542],[-122.780177,43.923538],[-122.780179,43.923316],[-122.780083,43.923316],[-122.779833,43.923315],[-122.779621,43.923314]]]}},{"type":"Feature","properties":{"MAPTAXLOT":"1901142101100","MAPNUMBER":"19011421","TAXLOT":"1100","ACCTNO":"1364452","MAPACRES":0.16257851},"geometry":{"type":"Polygon","coordinates":[[[-122.780177,43.923538],[-122.780215,43.923538],[-122.780251,43.923542],[-122.780287,43.923551],[-122.780319,43.923564],[-122.780348,43.923581],[-122.780373,43.923601],[-122.780392,43.923624],[-122.780462,43.923625],[-122.780463,43.923317],[-122.780179,43.923316],[-122.780177,43.923538]]]}},{"type":"Feature","properties":{"MAPTAXLOT":"1901142101200","MAPNUMBER":"19011421","TAXLOT":"1200","ACCTNO":"1364460","MAPACRES":0.13790124},"geometry":{"type":"Polygon","coordinates":[[[-122.780179,43.923316],[-122.780463,43.923317],[-122.780464,43.923153],[-122.780084,43.923151],[-122.780083,43.923316],[-122.780179,43.923316]]]}},{"type":"Feature","properties":{"MAPTAXLOT":"1901142101300","MAPNUMBER":"19011421","TAXLOT":"1300","ACCTNO":"1364478","MAPACRES":0.16059217},"geometry":{"type":"Polygon","coordinates":[[[-122.780084,43.923151],[-122.780464,43.923153],[-122.780465,43.922961],[-122.780086,43.92296],[-122.780084,43.923151]]]}},{"type":"Feature","properties":{"MAPTAXLOT":"1901142101400","MAPNUMBER":"19011421","TAXLOT":"1400","ACCTNO":"1364486","MAPACRES":0.19667242},"geometry":{"type":"Polygon","coordinates":[[[-122.779833,43.923315],[-122.780083,43.923316],[-122.780084,43.923151],[-122.780086,43.92296],[-122.779835,43.922959],[-122.779835,43.92296],[-122.779833,43.923315]]]}},{"type":"Feature","properties":{"MAPTAXLOT":"1901142101500","MAPNUMBER":"19011421","TAXLOT":"1500","ACCTNO":"1364494","MAPACRES":0.18737499},"geometry":{"type":"Polygon","coordinates":[[[-122.779621,43.923314],[-122.779833,43.923315],[-122.779835,43.92296],[-122.779835,43.922959],[-122.77957,43.922958],[-122.77957,43.922959],[-122.779599,43.92316],[-122.779621,43.923314]]]}},{"type":"Feature","properties":{"MAPTAXLOT":"1901142101600","MAPNUMBER":"19011421","TAXLOT":"1600","ACCTNO":"0814663","MAPACRES":2.12014022},"geometry":{"type":"Polygon","coordinates":[[[-122.779249,43.922793],[-122.780369,43.922796],[-122.780369,43.922795],[-122.780371,43.922412],[-122.780656,43.922412],[-122.78096,43.922413],[-122.78096,43.922317],[-122.780675,43.922316],[-122.780105,43.922315],[-122.780107,43.921931],[-122.779188,43.921929],[-122.779176,43.922126],[-122.779249,43.922793]]]}},{"type":"Feature","properties":{"MAPTAXLOT":"1901142101700","MAPNUMBER":"19011421","TAXLOT":"1700","ACCTNO":"0814705","MAPACRES":0.24188114},"geometry":{"type":"Polygon","coordinates":[[[-122.780369,43.922795],[-122.780369,43.922796],[-122.780655,43.922796],[-122.780656,43.922412],[-122.780371,43.922412],[-122.780369,43.922795]]]}},{"type":"Feature","properties":{"MAPTAXLOT":"1901142101800","MAPNUMBER":"19011421","TAXLOT":"1800","ACCTNO":"0814739","MAPACRES":0.48246458},"geometry":{"type":"Polygon","coordinates":[[[-122.780105,43.922315],[-122.780675,43.922316],[-122.780676,43.921932],[-122.780107,43.921931],[-122.780105,43.922315]]]}},{"type":"Feature","properties":{"MAPTAXLOT":"1901142101900","MAPNUMBER":"19011421","TAXLOT":"1900","ACCTNO":"0816304","MAPACRES":6.47630412},"geometry":{"type":"Polygon","coordinates":[[[-122.776268,43.922209],[-122.77651,43.922209],[-122.776536,43.921797],[-122.777573,43.9218],[-122.777741,43.921919],[-122.777919,43.92188],[-122.778101,43.921801],[-122.778969,43.9218],[-122.779045,43.920778],[-122.776592,43.920773],[-122.776599,43.920631],[-122.776375,43.920829],[-122.776283,43.921296],[-122.776315,43.921429],[-122.776254,43.921882],[-122.7761,43.922207],[-122.776099,43.922209],[-122.776268,43.922209]]]}},{"type":"Feature","properties":{"MAPTAXLOT":"1901142102000","MAPNUMBER":"19011421","TAXLOT":"2000","ACCTNO":"0816296","MAPACRES":1.48404653},"geometry":{"type":"Polygon","coordinates":[[[-122.776592,43.920773],[-122.779045,43.920778],[-122.779069,43.920505],[-122.779069,43.920505],[-122.777931,43.920502],[-122.776607,43.9205],[-122.776607,43.9205],[-122.776599,43.920631],[-122.776592,43.920773]]]}},{"type":"Feature","properties":{"MAPTAXLOT":"1901142102100","MAPNUMBER":"19011421","TAXLOT":"2100","ACCTNO":"0816007","MAPACRES":0.16970587},"geometry":{"type":"Polygon","coordinates":[[[-122.779184,43.921765],[-122.779751,43.921766],[-122.779752,43.921629],[-122.779197,43.921628],[-122.779184,43.921765]]]}},{"type":"Feature","properties":{"MAPTAXLOT":"1901142102200","MAPNUMBER":"19011421","TAXLOT":"2200","ACCTNO":"0816015","MAPACRES":0.16613732},"geometry":{"type":"Polygon","coordinates":[[[-122.779197,43.921628],[-122.779752,43.921629],[-122.779752,43.921492],[-122.779209,43.921491],[-122.779197,43.921628]]]}},{"type":"Feature","properties":{"MAPTAXLOT":"1901142102300","MAPNUMBER":"19011421","TAXLOT":"2300","ACCTNO":"0816023","MAPACRES":0.32157037},"geometry":{"type":"Polygon","coordinates":[[[-122.779209,43.921491],[-122.779752,43.921492],[-122.779753,43.921355],[-122.779753,43.921218],[-122.779234,43.921217],[-122.779209,43.921491]]]}},{"type":"Feature","properties":{"MAPTAXLOT":"1901142102400","MAPNUMBER":"19011421","TAXLOT":"2400","ACCTNO":"0816031","MAPACRES":0.15543378},"geometry":{"type":"Polygon","coordinates":[[[-122.779234,43.921217],[-122.779753,43.921218],[-122.779754,43.921081],[-122.779246,43.921079],[-122.779234,43.921217]]]}},{"type":"Feature","properties":{"MAPTAXLOT":"1901142102500","MAPNUMBER":"19011421","TAXLOT":"2500","ACCTNO":"0816049","MAPACRES":0.15186135},"geometry":{"type":"Polygon","coordinates":[[[-122.779246,43.921079],[-122.779754,43.921081],[-122.779754,43.920943],[-122.779258,43.920942],[-122.779246,43.921079]]]}},{"type":"Feature","properties":{"MAPTAXLOT":"1901142102600","MAPNUMBER":"19011421","TAXLOT":"2600","ACCTNO":"0816080","MAPACRES":0.13820086},"geometry":{"type":"Polygon","coordinates":[[[-122.779827,43.921767],[-122.780093,43.921767],[-122.780094,43.921531],[-122.779828,43.921531],[-122.779828,43.921629],[-122.779827,43.921767]]]}},{"type":"Feature","properties":{"MAPTAXLOT":"1901142102700","MAPNUMBER":"19011421","TAXLOT":"2700","ACCTNO":"0816072","MAPACRES":0.13820092},"geometry":{"type":"Polygon","coordinates":[[[-122.780093,43.921767],[-122.780358,43.921768],[-122.780359,43.921631],[-122.780359,43.921532],[-122.780094,43.921531],[-122.780093,43.921767]]]}},{"type":"Feature","properties":{"MAPTAXLOT":"1901142102800","MAPNUMBER":"19011421","TAXLOT":"2800","ACCTNO":"0816064","MAPACRES":0.36639885},"geometry":{"type":"Polygon","coordinates":[[[-122.780094,43.921531],[-122.780359,43.921532],[-122.780359,43.921493],[-122.78036,43.921356],[-122.780361,43.921219],[-122.779829,43.921218],[-122.779829,43.921355],[-122.779828,43.921492],[-122.779828,43.921531],[-122.780094,43.921531]]]}},{"type":"Feature","properties":{"MAPTAXLOT":"1901142102900","MAPNUMBER":"19011421","TAXLOT":"2900","ACCTNO":"0816056","MAPACRES":0.32139206},"geometry":{"type":"Polygon","coordinates":[[[-122.779829,43.921218],[-122.780361,43.921219],[-122.780361,43.921082],[-122.780362,43.920945],[-122.77983,43.920944],[-122.77983,43.921081],[-122.779829,43.921218]]]}},{"type":"Feature","properties":{"MAPTAXLOT":"1901142103000","MAPNUMBER":"19011421","TAXLOT":"3000","ACCTNO":"0816098","MAPACRES":0.52161689},"geometry":{"type":"Polygon","coordinates":[[[-122.779319,43.920264],[-122.779273,43.920778],[-122.779755,43.920779],[-122.779756,43.920642],[-122.779756,43.920504],[-122.779757,43.920367],[-122.779757,43.920299],[-122.779757,43.920265],[-122.779757,43.920264],[-122.779319,43.920263],[-122.779319,43.920264]]]}},{"type":"Feature","properties":{"MAPTAXLOT":"1901142103100","MAPNUMBER":"19011421","TAXLOT":"3100","ACCTNO":"0816163","MAPACRES":0.32138368},"geometry":{"type":"Polygon","coordinates":[[[-122.779831,43.920779],[-122.780362,43.92078],[-122.780363,43.920643],[-122.780363,43.920506],[-122.779832,43.920505],[-122.779832,43.920642],[-122.779831,43.920779]]]}},{"type":"Feature","properties":{"MAPTAXLOT":"1901142103200","MAPNUMBER":"19011421","TAXLOT":"3200","ACCTNO":"0816155","MAPACRES":0.16068832},"geometry":{"type":"Polygon","coordinates":[[[-122.779832,43.920505],[-122.780363,43.920506],[-122.780364,43.920369],[-122.779833,43.920367],[-122.779833,43.920368],[-122.779832,43.920505]]]}},{"type":"Feature","properties":{"MAPTAXLOT":"1901142103500","MAPNUMBER":"19011421","TAXLOT":"3500","ACCTNO":"1773876","MAPACRES":0.16269494},"geometry":{"type":"Polygon","coordinates":[[[-122.778632,43.922923],[-122.779022,43.922927],[-122.779,43.92273],[-122.778999,43.92273],[-122.778633,43.92273],[-122.778633,43.922811],[-122.778632,43.922923]]]}},{"type":"Feature","properties":{"MAPTAXLOT":"1901142103600","MAPNUMBER":"19011421","TAXLOT":"3600","ACCTNO":"1773884","MAPACRES":0.16071599},"geometry":{"type":"Polygon","coordinates":[[[-122.778633,43.92273],[-122.778999,43.92273],[-122.779,43.92273],[-122.778981,43.922552],[-122.77898,43.922551],[-122.77894,43.922524],[-122.778633,43.922524],[-122.778633,43.92273]]]}},{"type":"Feature","properties":{"MAPTAXLOT":"1901142103700","MAPNUMBER":"19011421","TAXLOT":"3700","ACCTNO":"1773892","MAPACRES":0.20567557},"geometry":{"type":"Polygon","coordinates":[[[-122.778386,43.922921],[-122.778632,43.922923],[-122.778633,43.922811],[-122.778633,43.92273],[-122.778633,43.922524],[-122.778594,43.922526],[-122.778555,43.922532],[-122.778519,43.922541],[-122.778476,43.922553],[-122.778431,43.922562],[-122.778386,43.922568],[-122.778386,43.922814],[-122.778386,43.922921]]]}},{"type":"Feature","properties":{"MAPTAXLOT":"1901142103800","MAPNUMBER":"19011421","TAXLOT":"3800","ACCTNO":"1773900","MAPACRES":0.18017531},"geometry":{"type":"Polygon","coordinates":[[[-122.77832,43.922921],[-122.778386,43.922921],[-122.778386,43.922814],[-122.778386,43.922568],[-122.778328,43.92257],[-122.778139,43.92257],[-122.778139,43.922802],[-122.778139,43.922866],[-122.778171,43.922876],[-122.77832,43.922921]]]}},{"type":"Feature","properties":{"MAPTAXLOT":"1901142103900","MAPNUMBER":"19011421","TAXLOT":"3900","ACCTNO":"1773918","MAPACRES":0.20499541},"geometry":{"type":"Polygon","coordinates":[[[-122.777825,43.922802],[-122.777825,43.922866],[-122.778139,43.922866],[-122.778139,43.922802],[-122.778139,43.92257],[-122.777825,43.92257],[-122.777825,43.922802]]]}},{"type":"Feature","properties":{"MAPTAXLOT":"1901142104000","MAPNUMBER":"19011421","TAXLOT":"4000","ACCTNO":"1773926","MAPACRES":0.50108105},"geometry":{"type":"Polygon","coordinates":[[[-122.777431,43.92282],[-122.777431,43.923083],[-122.777735,43.923084],[-122.778318,43.923088],[-122.77832,43.922921],[-122.778171,43.922876],[-122.778139,43.922866],[-122.777825,43.922866],[-122.777825,43.922802],[-122.777825,43.92257],[-122.777787,43.92257],[-122.777749,43.92257],[-122.777749,43.922818],[-122.777454,43.922818],[-122.777431,43.922818],[-122.777431,43.92282]]]}},{"type":"Feature","properties":{"MAPTAXLOT":"1901142104200","MAPNUMBER":"19011421","TAXLOT":"4200","ACCTNO":"1773942","MAPACRES":0.16171812},"geometry":{"type":"Polygon","coordinates":[[[-122.777454,43.922818],[-122.777749,43.922818],[-122.777749,43.92257],[-122.777454,43.92257],[-122.777454,43.922818]]]}},{"type":"Feature","properties":{"MAPTAXLOT":"1901142104300","MAPNUMBER":"19011421","TAXLOT":"4300","ACCTNO":"1773959","MAPACRES":0.1611419},"geometry":{"type":"Polygon","coordinates":[[[-122.777159,43.922571],[-122.777159,43.922818],[-122.777159,43.922818],[-122.777431,43.922818],[-122.777454,43.922818],[-122.777454,43.92257],[-122.777159,43.922571]]]}},{"type":"Feature","properties":{"MAPTAXLOT":"1901142104400","MAPNUMBER":"19011421","TAXLOT":"4400","ACCTNO":"1773967","MAPACRES":0.12936993},"geometry":{"type":"Polygon","coordinates":[[[-122.777242,43.92221],[-122.777242,43.922434],[-122.777504,43.922433],[-122.777504,43.922209],[-122.777242,43.92221]]]}},{"type":"Feature","properties":{"MAPTAXLOT":"1901142104500","MAPNUMBER":"19011421","TAXLOT":"4500","ACCTNO":"1773975","MAPACRES":0.12903593},"geometry":{"type":"Polygon","coordinates":[[[-122.777504,43.922433],[-122.777766,43.922433],[-122.777766,43.922209],[-122.777504,43.922209],[-122.777504,43.922433]]]}},{"type":"Feature","properties":{"MAPTAXLOT":"1901142104600","MAPNUMBER":"19011421","TAXLOT":"4600","ACCTNO":"1773983","MAPACRES":0.12888628},"geometry":{"type":"Polygon","coordinates":[[[-122.777766,43.922433],[-122.778028,43.922433],[-122.778028,43.92221],[-122.777766,43.922209],[-122.777766,43.922433]]]}},{"type":"Feature","properties":{"MAPTAXLOT":"1901142104700","MAPNUMBER":"19011421","TAXLOT":"4700","ACCTNO":"1773991","MAPACRES":0.12873747},"geometry":{"type":"Polygon","coordinates":[[[-122.778028,43.922433],[-122.77829,43.922433],[-122.77829,43.92221],[-122.778028,43.92221],[-122.778028,43.922433]]]}},{"type":"Feature","properties":{"MAPTAXLOT":"1901142104800","MAPNUMBER":"19011421","TAXLOT":"4800","ACCTNO":"1774007","MAPACRES":0.13517083},"geometry":{"type":"Polygon","coordinates":[[[-122.77829,43.922433],[-122.778328,43.922433],[-122.778368,43.922431],[-122.778406,43.922425],[-122.778443,43.922416],[-122.778491,43.922403],[-122.77854,43.922394],[-122.77859,43.922388],[-122.778591,43.922211],[-122.778323,43.92221],[-122.77829,43.92221],[-122.77829,43.922433]]]}},{"type":"Feature","properties":{"MAPTAXLOT":"1901142104900","MAPNUMBER":"19011421","TAXLOT":"4900","ACCTNO":"1774015","MAPACRES":0.13955854},"geometry":{"type":"Polygon","coordinates":[[[-122.77859,43.922388],[-122.778633,43.922387],[-122.778925,43.922387],[-122.778959,43.92236],[-122.77896,43.92236],[-122.778942,43.922211],[-122.778591,43.922211],[-122.77859,43.922388]]]}},{"type":"Feature","properties":{"MAPTAXLOT":"1901142105100","MAPNUMBER":"19011421","TAXLOT":"5100","ACCTNO":"1836236","MAPACRES":0.17307085},"geometry":{"type":"Polygon","coordinates":[[[-122.779255,43.922957],[-122.779252,43.922957],[-122.779246,43.922958],[-122.77924,43.92296],[-122.779236,43.922962],[-122.779231,43.922965],[-122.779228,43.922969],[-122.779225,43.922972],[-122.779223,43.922976],[-122.779222,43.922981],[-122.779207,43.923182],[-122.779599,43.92316],[-122.77957,43.922959],[-122.77957,43.922958],[-122.779255,43.922957]]]}},{"type":"Feature","properties":{"MAPTAXLOT":"1901142105200","MAPNUMBER":"19011421","TAXLOT":"5200","ACCTNO":"1836244","MAPACRES":0.16842683},"geometry":{"type":"Polygon","coordinates":[[[-122.779207,43.923182],[-122.779203,43.923238],[-122.779202,43.923268],[-122.779205,43.923297],[-122.779218,43.923374],[-122.779625,43.923343],[-122.779621,43.923314],[-122.779599,43.92316],[-122.779207,43.923182]]]}},{"type":"Feature","properties":{"MAPTAXLOT":"1901142105300","MAPNUMBER":"19011421","TAXLOT":"5300","ACCTNO":"1836251","MAPACRES":0.16528396},"geometry":{"type":"Polygon","coordinates":[[[-122.779218,43.923374],[-122.779246,43.923551],[-122.779652,43.923532],[-122.779625,43.923343],[-122.779218,43.923374]]]}},{"type":"Feature","properties":{"MAPTAXLOT":"1901142105400","MAPNUMBER":"19011421","TAXLOT":"5400","ACCTNO":"1836269","MAPACRES":0.17504501},"geometry":{"type":"Polygon","coordinates":[[[-122.779246,43.923551],[-122.779259,43.923631],[-122.779268,43.923668],[-122.779283,43.923704],[-122.779303,43.923739],[-122.779312,43.923751],[-122.77968,43.923727],[-122.779677,43.923711],[-122.779652,43.923532],[-122.779246,43.923551]]]}},{"type":"Feature","properties":{"MAPTAXLOT":"1901142105500","MAPNUMBER":"19011421","TAXLOT":"5500","ACCTNO":"1836277","MAPACRES":0.16174723},"geometry":{"type":"Polygon","coordinates":[[[-122.779416,43.923965],[-122.779713,43.923961],[-122.77968,43.923727],[-122.779312,43.923751],[-122.779345,43.9238],[-122.77937,43.92384],[-122.77939,43.923881],[-122.779405,43.923923],[-122.779416,43.923965]]]}},{"type":"Feature","properties":{"MAPTAXLOT":"1901142105600","MAPNUMBER":"19011421","TAXLOT":"5600","ACCTNO":"1836285","MAPACRES":0.16142974},"geometry":{"type":"Polygon","coordinates":[[[-122.779416,43.923965],[-122.779422,43.924012],[-122.779422,43.924059],[-122.779415,43.924203],[-122.779747,43.924194],[-122.779728,43.924066],[-122.779713,43.923961],[-122.779416,43.923965]]]}},{"type":"Feature","properties":{"MAPTAXLOT":"1901142105700","MAPNUMBER":"19011421","TAXLOT":"5700","ACCTNO":"1836293","MAPACRES":0.16220138},"geometry":{"type":"Polygon","coordinates":[[[-122.779415,43.924203],[-122.779405,43.924416],[-122.779776,43.924399],[-122.779756,43.924257],[-122.779747,43.924194],[-122.779415,43.924203]]]}},{"type":"Feature","properties":{"MAPTAXLOT":"1901142105800","MAPNUMBER":"19011421","TAXLOT":"5800","ACCTNO":"1836301","MAPACRES":0.16058197},"geometry":{"type":"Polygon","coordinates":[[[-122.779405,43.924416],[-122.779401,43.924492],[-122.779402,43.924554],[-122.77941,43.924616],[-122.779801,43.924574],[-122.779799,43.924557],[-122.779776,43.924399],[-122.779405,43.924416]]]}},{"type":"Feature","properties":{"MAPTAXLOT":"1901142105900","MAPNUMBER":"19011421","TAXLOT":"5900","ACCTNO":"1836319","MAPACRES":0.16249655},"geometry":{"type":"Polygon","coordinates":[[[-122.778905,43.92448],[-122.778904,43.924738],[-122.779235,43.92469],[-122.779223,43.92464],[-122.779215,43.924589],[-122.779211,43.924539],[-122.779211,43.924488],[-122.779212,43.92448],[-122.778905,43.92448]]]}},{"type":"Feature","properties":{"MAPTAXLOT":"1901142106000","MAPNUMBER":"19011421","TAXLOT":"6000","ACCTNO":"1836327","MAPACRES":0.16916642},"geometry":{"type":"Polygon","coordinates":[[[-122.778905,43.92448],[-122.779212,43.92448],[-122.779222,43.92426],[-122.779222,43.924256],[-122.779221,43.924252],[-122.779219,43.924249],[-122.779216,43.924245],[-122.779213,43.924242],[-122.779209,43.92424],[-122.779204,43.924238],[-122.779199,43.924236],[-122.779194,43.924235],[-122.779189,43.924235],[-122.778907,43.924231],[-122.778905,43.92448]]]}},{"type":"Feature","properties":{"MAPTAXLOT":"1901142106100","MAPNUMBER":"19011421","TAXLOT":"6100","ACCTNO":"1836335","MAPACRES":0.16580583},"geometry":{"type":"Polygon","coordinates":[[[-122.778908,43.924094],[-122.779197,43.924097],[-122.779203,43.924097],[-122.779208,43.924096],[-122.779214,43.924094],[-122.779219,43.924092],[-122.779223,43.924089],[-122.779227,43.924086],[-122.779229,43.924082],[-122.779231,43.924078],[-122.779232,43.924074],[-122.779233,43.924054],[-122.779232,43.924014],[-122.779226,43.923974],[-122.779214,43.923935],[-122.779197,43.923897],[-122.779175,43.923861],[-122.779169,43.923851],[-122.779054,43.923851],[-122.77891,43.923849],[-122.778908,43.924094]]]}},{"type":"Feature","properties":{"MAPTAXLOT":"1901142106200","MAPNUMBER":"19011421","TAXLOT":"6200","ACCTNO":"1915006","MAPACRES":0.20127882},"geometry":{"type":"Polygon","coordinates":[[[-122.777121,43.923081],[-122.777431,43.923083],[-122.777431,43.92282],[-122.777431,43.922818],[-122.777159,43.922818],[-122.777159,43.922818],[-122.777159,43.922571],[-122.777121,43.922571],[-122.777121,43.923081]]]}},{"type":"Feature","properties":{"MAPTAXLOT":"1901142106300","MAPNUMBER":"19011421","TAXLOT":"6300","ACCTNO":"1915009","MAPACRES":0.28750354},"geometry":{"type":"Polygon","coordinates":[[[-122.777121,43.922571],[-122.777083,43.922571],[-122.777083,43.922571],[-122.777083,43.92286],[-122.776831,43.92286],[-122.776578,43.92286],[-122.776578,43.922955],[-122.776578,43.923078],[-122.777121,43.923081],[-122.777121,43.922571]]]}},{"type":"Feature","properties":{"MAPTAXLOT":"1901142106400","MAPNUMBER":"19011421","TAXLOT":"6400","ACCTNO":"1915012","MAPACRES":0.16075434},"geometry":{"type":"Polygon","coordinates":[[[-122.776831,43.92286],[-122.777083,43.92286],[-122.777083,43.922571],[-122.777083,43.922571],[-122.776831,43.922571],[-122.776831,43.92286]]]}},{"type":"Feature","properties":{"MAPTAXLOT":"1901142106500","MAPNUMBER":"19011421","TAXLOT":"6500","ACCTNO":"1915015","MAPACRES":0.16075472},"geometry":{"type":"Polygon","coordinates":[[[-122.776579,43.922571],[-122.776578,43.922763],[-122.776578,43.92286],[-122.776831,43.92286],[-122.776831,43.922571],[-122.776579,43.922571]]]}},{"type":"Feature","properties":{"MAPTAXLOT":"1901142106600","MAPNUMBER":"19011421","TAXLOT":"6600","ACCTNO":"1915018","MAPACRES":0.16275994},"geometry":{"type":"Polygon","coordinates":[[[-122.776191,43.922763],[-122.776578,43.922763],[-122.776579,43.922571],[-122.776229,43.922571],[-122.776191,43.922598],[-122.776191,43.922763]]]}},{"type":"Feature","properties":{"MAPTAXLOT":"1901142106700","MAPNUMBER":"19011421","TAXLOT":"6700","ACCTNO":"1915021","MAPACRES":0.16390971},"geometry":{"type":"Polygon","coordinates":[[[-122.776191,43.922763],[-122.776191,43.922955],[-122.776578,43.922955],[-122.776578,43.92286],[-122.776578,43.922763],[-122.776191,43.922763]]]}},{"type":"Feature","properties":{"MAPTAXLOT":"1901142106800","MAPNUMBER":"19011421","TAXLOT":"6800","ACCTNO":"1915024","MAPACRES":0.16327411},"geometry":{"type":"Polygon","coordinates":[[[-122.776191,43.923145],[-122.776577,43.923147],[-122.776578,43.923078],[-122.776578,43.922955],[-122.776191,43.922955],[-122.776191,43.923145]]]}},{"type":"Feature","properties":{"MAPTAXLOT":"1901142106900","MAPNUMBER":"19011421","TAXLOT":"6900","ACCTNO":"1915027","MAPACRES":0.18543097},"geometry":{"type":"Polygon","coordinates":[[[-122.775697,43.923028],[-122.775749,43.923059],[-122.775794,43.923084],[-122.775842,43.923104],[-122.775893,43.923121],[-122.775946,43.923133],[-122.776001,43.923141],[-122.776001,43.923141],[-122.776001,43.922822],[-122.775698,43.922822],[-122.775697,43.923028]]]}},{"type":"Feature","properties":{"MAPTAXLOT":"1901142107000","MAPNUMBER":"19011421","TAXLOT":"7000","ACCTNO":"1915030","MAPACRES":0.16749333},"geometry":{"type":"Polygon","coordinates":[[[-122.775698,43.922822],[-122.776001,43.922822],[-122.776002,43.922598],[-122.775964,43.92257],[-122.775756,43.92257],[-122.775698,43.922568],[-122.775698,43.922822]]]}},{"type":"Feature","properties":{"MAPTAXLOT":"1901142107100","MAPNUMBER":"19011421","TAXLOT":"7100","ACCTNO":"1915033","MAPACRES":0.28447243},"geometry":{"type":"Polygon","coordinates":[[[-122.775284,43.922773],[-122.775697,43.923028],[-122.775698,43.922822],[-122.775698,43.922568],[-122.77564,43.92256],[-122.775583,43.922547],[-122.77553,43.922528],[-122.775479,43.922506],[-122.775284,43.922773]]]}},{"type":"Feature","properties":{"MAPTAXLOT":"1901142107200","MAPNUMBER":"19011421","TAXLOT":"7200","ACCTNO":"1915036","MAPACRES":0.34082851},"geometry":{"type":"Polygon","coordinates":[[[-122.774861,43.922345],[-122.774882,43.922402],[-122.77491,43.922456],[-122.774945,43.922509],[-122.774987,43.922559],[-122.775034,43.922606],[-122.775088,43.922649],[-122.775147,43.922689],[-122.775284,43.922773],[-122.775479,43.922506],[-122.775442,43.922484],[-122.775407,43.92246],[-122.775376,43.922433],[-122.77535,43.922404],[-122.775327,43.922373],[-122.775271,43.922346],[-122.774861,43.922345]]]}},{"type":"Feature","properties":{"MAPTAXLOT":"1901142107300","MAPNUMBER":"19011421","TAXLOT":"7300","ACCTNO":"1915039","MAPACRES":0.20512967},"geometry":{"type":"Polygon","coordinates":[[[-122.775472,43.922208],[-122.775472,43.922226],[-122.775475,43.922258],[-122.775485,43.92229],[-122.775502,43.92232],[-122.775526,43.922347],[-122.775555,43.922372],[-122.775589,43.922393],[-122.775627,43.92241],[-122.775668,43.922423],[-122.775712,43.92243],[-122.775756,43.922433],[-122.775943,43.922433],[-122.775943,43.922209],[-122.775472,43.922208]]]}},{"type":"Feature","properties":{"MAPTAXLOT":"1901142107400","MAPNUMBER":"19011421","TAXLOT":"7400","ACCTNO":"1915042","MAPACRES":0.16070988},"geometry":{"type":"Polygon","coordinates":[[[-122.775943,43.922433],[-122.776268,43.922433],[-122.776268,43.922209],[-122.776099,43.922209],[-122.775943,43.922209],[-122.775943,43.922433]]]}},{"type":"Feature","properties":{"MAPTAXLOT":"1901142107500","MAPNUMBER":"19011421","TAXLOT":"7500","ACCTNO":"1915045","MAPACRES":0.1607106},"geometry":{"type":"Polygon","coordinates":[[[-122.776268,43.922433],[-122.776593,43.922434],[-122.776593,43.922209],[-122.77651,43.922209],[-122.776268,43.922209],[-122.776268,43.922433]]]}},{"type":"Feature","properties":{"MAPTAXLOT":"1901142107600","MAPNUMBER":"19011421","TAXLOT":"7600","ACCTNO":"1915048","MAPACRES":0.16070894},"geometry":{"type":"Polygon","coordinates":[[[-122.776593,43.922434],[-122.776917,43.922434],[-122.776918,43.922209],[-122.776593,43.922209],[-122.776593,43.922434]]]}},{"type":"Feature","properties":{"MAPTAXLOT":"1901142107700","MAPNUMBER":"19011421","TAXLOT":"7700","ACCTNO":"1915051","MAPACRES":0.16070898},"geometry":{"type":"Polygon","coordinates":[[[-122.776917,43.922434],[-122.777242,43.922434],[-122.777242,43.92221],[-122.776918,43.922209],[-122.776917,43.922434]]]}},{"type":"Feature","properties":{"MAPTAXLOT":"1901142200077","MAPNUMBER":"19011422","TAXLOT":"77","ACCTNO":"000None","MAPACRES":10.35817451},"geometry":{"type":"Polygon","coordinates":[[[-122.783093,43.923914],[-122.783093,43.924112],[-122.783311,43.9239],[-122.783311,43.923736],[-122.783312,43.923544],[-122.783313,43.923352],[-122.783313,43.92316],[-122.783314,43.922964],[-122.783694,43.922965],[-122.783693,43.92316],[-122.783692,43.923352],[-122.783692,43.923544],[-122.783691,43.923736],[-122.783767,43.923736],[-122.783769,43.923144],[-122.78377,43.922882],[-122.78377,43.9228],[-122.783315,43.922799],[-122.783316,43.922517],[-122.783316,43.922325],[-122.783318,43.921771],[-122.783319,43.921634],[-122.78332,43.921497],[-122.78332,43.92136],[-122.783321,43.921223],[-122.783321,43.921085],[-122.783322,43.920948],[-122.783858,43.920949],[-122.783857,43.921087],[-122.783857,43.921224],[-122.783856,43.921361],[-122.783856,43.921498],[-122.783855,43.921635],[-122.783855,43.921772],[-122.783931,43.921773],[-122.783931,43.921635],[-122.783932,43.921498],[-122.783932,43.921361],[-122.783932,43.921306],[-122.783933,43.921224],[-122.783933,43.921087],[-122.783934,43.92095],[-122.784112,43.92095],[-122.78429,43.92095],[-122.784465,43.920951],[-122.784464,43.921088],[-122.784464,43.921225],[-122.784464,43.921307],[-122.784463,43.921362],[-122.784463,43.921499],[-122.784462,43.921637],[-122.784462,43.921774],[-122.784458,43.921852],[-122.784448,43.921931],[-122.784432,43.922008],[-122.784408,43.922085],[-122.784397,43.922117],[-122.784041,43.923145],[-122.784275,43.923145],[-122.784513,43.92246],[-122.784513,43.92246],[-122.784611,43.922178],[-122.784629,43.922125],[-122.784655,43.922039],[-122.784674,43.921951],[-122.784685,43.921863],[-122.784689,43.921774],[-122.78469,43.921471],[-122.78469,43.921305],[-122.784692,43.920951],[-122.784919,43.920951],[-122.785147,43.920951],[-122.785375,43.920951],[-122.785603,43.920951],[-122.785832,43.920951],[-122.786751,43.920848],[-122.785831,43.920841],[-122.785413,43.920841],[-122.785186,43.920841],[-122.784692,43.920841],[-122.784692,43.920815],[-122.784693,43.920634],[-122.784692,43.920633],[-122.784611,43.92061],[-122.784466,43.920569],[-122.784466,43.920649],[-122.784465,43.920786],[-122.7842,43.920785],[-122.783934,43.920785],[-122.783935,43.920648],[-122.783935,43.920418],[-122.78386,43.920396],[-122.783859,43.92051],[-122.783859,43.920648],[-122.783858,43.920785],[-122.783321,43.920784],[-122.783322,43.920509],[-122.783324,43.920243],[-122.783091,43.920443],[-122.783091,43.920484],[-122.78309,43.920621],[-122.78309,43.920786],[-122.782563,43.920785],[-122.782564,43.920648],[-122.782564,43.92062],[-122.782564,43.92051],[-122.782564,43.920483],[-122.782564,43.920442],[-122.782488,43.920483],[-122.782488,43.92051],[-122.782488,43.920647],[-122.782487,43.920785],[-122.781956,43.920783],[-122.781957,43.920646],[-122.781957,43.920509],[-122.781957,43.920482],[-122.78173,43.920234],[-122.78173,43.920371],[-122.781729,43.920509],[-122.781729,43.920646],[-122.781728,43.920783],[-122.781197,43.920782],[-122.781198,43.920645],[-122.781198,43.920508],[-122.781198,43.92042],[-122.781199,43.92037],[-122.781199,43.920233],[-122.781123,43.92037],[-122.781123,43.920373],[-122.781123,43.920373],[-122.781122,43.920507],[-122.781122,43.920645],[-122.781121,43.920782],[-122.780893,43.920781],[-122.78059,43.920781],[-122.78059,43.920643],[-122.780591,43.920506],[-122.780592,43.920373],[-122.780364,43.920369],[-122.780363,43.920506],[-122.780363,43.920643],[-122.780362,43.92078],[-122.780362,43.920945],[-122.780361,43.921082],[-122.780361,43.921219],[-122.78036,43.921356],[-122.780359,43.921493],[-122.780359,43.921532],[-122.780359,43.921631],[-122.780358,43.921768],[-122.780373,43.921767],[-122.780676,43.921932],[-122.780961,43.921933],[-122.78096,43.922317],[-122.78096,43.922413],[-122.780959,43.922797],[-122.780655,43.922796],[-122.78048,43.92296],[-122.780465,43.922961],[-122.780464,43.923153],[-122.780463,43.923317],[-122.780462,43.923625],[-122.780461,43.923762],[-122.780459,43.924069],[-122.780687,43.924105],[-122.780688,43.923921],[-122.780689,43.923729],[-122.78069,43.923546],[-122.780691,43.923359],[-122.780692,43.923175],[-122.780693,43.922961],[-122.781034,43.922963],[-122.781035,43.922963],[-122.781034,43.923022],[-122.781084,43.923022],[-122.781691,43.923023],[-122.781691,43.923235],[-122.78169,43.92329],[-122.78169,43.923455],[-122.781689,43.923674],[-122.781688,43.923894],[-122.78184,43.923894],[-122.781841,43.923675],[-122.781842,43.923455],[-122.781842,43.923236],[-122.781843,43.923024],[-122.782381,43.923025],[-122.782381,43.922965],[-122.782411,43.922965],[-122.782442,43.922965],[-122.78274,43.922966],[-122.78277,43.922966],[-122.7828,43.922966],[-122.783097,43.922966],[-122.783096,43.92323],[-122.783095,43.923468],[-122.783094,43.923673],[-122.783093,43.92387],[-122.783093,43.923892],[-122.783093,43.923914]],[[-122.783098,43.92256],[-122.783097,43.922802],[-122.783094,43.922802],[-122.78266,43.922801],[-122.782398,43.9228],[-122.782135,43.9228],[-122.781186,43.922798],[-122.781187,43.922379],[-122.781187,43.922378],[-122.781187,43.922378],[-122.781188,43.922169],[-122.781189,43.921934],[-122.781189,43.921933],[-122.781767,43.921935],[-122.7831,43.921937],[-122.783098,43.922382],[-122.783098,43.922382],[-122.783098,43.92256]],[[-122.783087,43.921527],[-122.783086,43.921774],[-122.782823,43.921773],[-122.78256,43.921772],[-122.78256,43.921635],[-122.78256,43.921526],[-122.782561,43.921498],[-122.782561,43.921361],[-122.782562,43.921224],[-122.782562,43.921087],[-122.782563,43.920949],[-122.783089,43.920951],[-122.783088,43.921362],[-122.783087,43.921527]],[[-122.782485,43.921525],[-122.782484,43.921635],[-122.782484,43.921772],[-122.782218,43.921772],[-122.781952,43.921771],[-122.781953,43.921634],[-122.781953,43.921524],[-122.781953,43.921497],[-122.781954,43.92136],[-122.781954,43.921222],[-122.781955,43.921085],[-122.781955,43.920948],[-122.782221,43.920949],[-122.782487,43.920949],[-122.782486,43.921086],[-122.782486,43.921224],[-122.782485,43.921361],[-122.782485,43.921498],[-122.782485,43.921525]],[[-122.781726,43.921535],[-122.781725,43.921633],[-122.781725,43.921771],[-122.781459,43.92177],[-122.781193,43.921769],[-122.781194,43.921632],[-122.781194,43.921534],[-122.781194,43.921495],[-122.781195,43.921377],[-122.781195,43.921358],[-122.781195,43.921221],[-122.781196,43.921084],[-122.781196,43.920946],[-122.781728,43.920948],[-122.781727,43.921085],[-122.781727,43.921222],[-122.781726,43.921378],[-122.781726,43.921535]],[[-122.781118,43.921533],[-122.781118,43.921632],[-122.781117,43.921769],[-122.780852,43.921769],[-122.780586,43.921768],[-122.780587,43.921631],[-122.780587,43.921532],[-122.780587,43.921494],[-122.780588,43.921357],[-122.780588,43.92123],[-122.780588,43.92122],[-122.780589,43.921082],[-122.780589,43.920945],[-122.781121,43.920946],[-122.78112,43.921083],[-122.78112,43.921221],[-122.78112,43.921232],[-122.781119,43.921358],[-122.781118,43.921495],[-122.781118,43.921533]]]}},{"type":"Feature","properties":{"MAPTAXLOT":"1901142200100","MAPNUMBER":"19011422","TAXLOT":"100","ACCTNO":"1364254","MAPACRES":0.16100782},"geometry":{"type":"Polygon","coordinates":[[[-122.780692,43.923175],[-122.781033,43.923177],[-122.781033,43.923177],[-122.781034,43.923022],[-122.781035,43.922963],[-122.781034,43.922963],[-122.780693,43.922961],[-122.780692,43.923175]]]}},{"type":"Feature","properties":{"MAPTAXLOT":"1901142200200","MAPNUMBER":"19011422","TAXLOT":"200","ACCTNO":"1364262","MAPACRES":0.13826079},"geometry":{"type":"Polygon","coordinates":[[[-122.780691,43.923359],[-122.781032,43.92336],[-122.781033,43.923177],[-122.781033,43.923177],[-122.780692,43.923175],[-122.780691,43.923359]]]}},{"type":"Feature","properties":{"MAPTAXLOT":"1901142200300","MAPNUMBER":"19011422","TAXLOT":"300","ACCTNO":"1364270","MAPACRES":0.14032479},"geometry":{"type":"Polygon","coordinates":[[[-122.78069,43.923546],[-122.781031,43.923547],[-122.781032,43.92336],[-122.780691,43.923359],[-122.78069,43.923546]]]}},{"type":"Feature","properties":{"MAPTAXLOT":"1901142200400","MAPNUMBER":"19011422","TAXLOT":"400","ACCTNO":"1364288","MAPACRES":0.13826531},"geometry":{"type":"Polygon","coordinates":[[[-122.780689,43.923729],[-122.78103,43.923731],[-122.781031,43.923547],[-122.78069,43.923546],[-122.780689,43.923729]]]}},{"type":"Feature","properties":{"MAPTAXLOT":"1901142200500","MAPNUMBER":"19011422","TAXLOT":"500","ACCTNO":"1364296","MAPACRES":0.14445578},"geometry":{"type":"Polygon","coordinates":[[[-122.780688,43.923921],[-122.781029,43.923923],[-122.78103,43.923731],[-122.780689,43.923729],[-122.780688,43.923921]]]}},{"type":"Feature","properties":{"MAPTAXLOT":"1901142200600","MAPNUMBER":"19011422","TAXLOT":"600","ACCTNO":"1364304","MAPACRES":0.13826371},"geometry":{"type":"Polygon","coordinates":[[[-122.780687,43.924105],[-122.781028,43.924107],[-122.781029,43.923923],[-122.780688,43.923921],[-122.780687,43.924105]]]}},{"type":"Feature","properties":{"MAPTAXLOT":"1901142200700","MAPNUMBER":"19011422","TAXLOT":"700","ACCTNO":"0814754","MAPACRES":0.35699493},"geometry":{"type":"Polygon","coordinates":[[[-122.781083,43.923289],[-122.78169,43.92329],[-122.781691,43.923235],[-122.781691,43.923023],[-122.781084,43.923022],[-122.781083,43.923289]]]}},{"type":"Feature","properties":{"MAPTAXLOT":"1901142200800","MAPNUMBER":"19011422","TAXLOT":"800","ACCTNO":"1138393","MAPACRES":0.22040034},"geometry":{"type":"Polygon","coordinates":[[[-122.781083,43.923453],[-122.78169,43.923455],[-122.78169,43.92329],[-122.781083,43.923289],[-122.781083,43.923453]]]}},{"type":"Feature","properties":{"MAPTAXLOT":"1901142200900","MAPNUMBER":"19011422","TAXLOT":"900","ACCTNO":"1083169","MAPACRES":0.2938723},"geometry":{"type":"Polygon","coordinates":[[[-122.781082,43.923673],[-122.781689,43.923674],[-122.78169,43.923455],[-122.781083,43.923453],[-122.781082,43.923673]]]}},{"type":"Feature","properties":{"MAPTAXLOT":"1901142201000","MAPNUMBER":"19011422","TAXLOT":"1000","ACCTNO":"1083177","MAPACRES":0.29387168},"geometry":{"type":"Polygon","coordinates":[[[-122.781081,43.923892],[-122.781688,43.923894],[-122.781689,43.923674],[-122.781082,43.923673],[-122.781081,43.923892]]]}},{"type":"Feature","properties":{"MAPTAXLOT":"1901142201100","MAPNUMBER":"19011422","TAXLOT":"1100","ACCTNO":"0814747","MAPACRES":0.25203852},"geometry":{"type":"Polygon","coordinates":[[[-122.781842,43.923236],[-122.782382,43.923237],[-122.782381,43.923027],[-122.782381,43.923025],[-122.781843,43.923024],[-122.781842,43.923236]]]}},{"type":"Feature","properties":{"MAPTAXLOT":"1901142201200","MAPNUMBER":"19011422","TAXLOT":"1200","ACCTNO":"1083185","MAPACRES":0.26129267},"geometry":{"type":"Polygon","coordinates":[[[-122.781842,43.923455],[-122.782382,43.923457],[-122.782382,43.923241],[-122.782382,43.923237],[-122.781842,43.923236],[-122.781842,43.923455]]]}},{"type":"Feature","properties":{"MAPTAXLOT":"1901142201300","MAPNUMBER":"19011422","TAXLOT":"1300","ACCTNO":"0814713","MAPACRES":0.26192251},"geometry":{"type":"Polygon","coordinates":[[[-122.781841,43.923675],[-122.782383,43.923676],[-122.782382,43.923458],[-122.782382,43.923457],[-122.781842,43.923455],[-122.781841,43.923675]]]}},{"type":"Feature","properties":{"MAPTAXLOT":"1901142201400","MAPNUMBER":"19011422","TAXLOT":"1400","ACCTNO":"0814721","MAPACRES":0.26255388},"geometry":{"type":"Polygon","coordinates":[[[-122.78184,43.923894],[-122.782383,43.923896],[-122.782383,43.923676],[-122.782383,43.923676],[-122.781841,43.923675],[-122.78184,43.923894]]]}},{"type":"Feature","properties":{"MAPTAXLOT":"1901142201601","MAPNUMBER":"19011422","TAXLOT":"1601","ACCTNO":"1798022","MAPACRES":0.16523616},"geometry":{"type":"Polygon","coordinates":[[[-122.783311,43.9239],[-122.783759,43.923901],[-122.783766,43.923901],[-122.783766,43.923833],[-122.783767,43.923736],[-122.783691,43.923736],[-122.783311,43.923736],[-122.783311,43.9239]]]}},{"type":"Feature","properties":{"MAPTAXLOT":"1901142201602","MAPNUMBER":"19011422","TAXLOT":"1602","ACCTNO":"1798030","MAPACRES":0.16070762},"geometry":{"type":"Polygon","coordinates":[[[-122.783311,43.923736],[-122.783691,43.923736],[-122.783692,43.923544],[-122.783691,43.923544],[-122.783312,43.923544],[-122.783311,43.923736]]]}},{"type":"Feature","properties":{"MAPTAXLOT":"1901142201603","MAPNUMBER":"19011422","TAXLOT":"1603","ACCTNO":"1798048","MAPACRES":0.16071035},"geometry":{"type":"Polygon","coordinates":[[[-122.783312,43.923544],[-122.783691,43.923544],[-122.783692,43.923544],[-122.783692,43.923352],[-122.783692,43.923352],[-122.783313,43.923352],[-122.783312,43.923544]]]}},{"type":"Feature","properties":{"MAPTAXLOT":"1901142201604","MAPNUMBER":"19011422","TAXLOT":"1604","ACCTNO":"1798055","MAPACRES":0.16071077},"geometry":{"type":"Polygon","coordinates":[[[-122.783313,43.923352],[-122.783692,43.923352],[-122.783692,43.923352],[-122.783693,43.92316],[-122.783692,43.92316],[-122.783313,43.92316],[-122.783313,43.923352]]]}},{"type":"Feature","properties":{"MAPTAXLOT":"1901142201605","MAPNUMBER":"19011422","TAXLOT":"1605","ACCTNO":"1798063","MAPACRES":0.16374323},"geometry":{"type":"Polygon","coordinates":[[[-122.783313,43.92316],[-122.783692,43.92316],[-122.783693,43.92316],[-122.783694,43.922965],[-122.783314,43.922964],[-122.783313,43.92316]]]}},{"type":"Feature","properties":{"MAPTAXLOT":"1901142201606","MAPNUMBER":"19011422","TAXLOT":"1606","ACCTNO":"1798071","MAPACRES":0.2839296},"geometry":{"type":"Polygon","coordinates":[[[-122.783315,43.922799],[-122.78377,43.9228],[-122.783771,43.922517],[-122.783316,43.922517],[-122.783316,43.922517],[-122.783315,43.922799]]]}},{"type":"Feature","properties":{"MAPTAXLOT":"1901142201607","MAPNUMBER":"19011422","TAXLOT":"1607","ACCTNO":"1798089","MAPACRES":0.19287552},"geometry":{"type":"Polygon","coordinates":[[[-122.783316,43.922517],[-122.783316,43.922517],[-122.783771,43.922517],[-122.783772,43.922325],[-122.783316,43.922325],[-122.783316,43.922517]]]}},{"type":"Feature","properties":{"MAPTAXLOT":"1901142201608","MAPNUMBER":"19011422","TAXLOT":"1608","ACCTNO":"1798097","MAPACRES":0.55530572},"geometry":{"type":"Polygon","coordinates":[[[-122.783316,43.922325],[-122.783772,43.922325],[-122.783773,43.922116],[-122.783774,43.921772],[-122.783318,43.921771],[-122.783316,43.922325]]]}},{"type":"Feature","properties":{"MAPTAXLOT":"1901142201800","MAPNUMBER":"19011422","TAXLOT":"1800","ACCTNO":"0814697","MAPACRES":0.25713057},"geometry":{"type":"Polygon","coordinates":[[[-122.780655,43.922796],[-122.780959,43.922797],[-122.78096,43.922413],[-122.780656,43.922412],[-122.780655,43.922796]]]}},{"type":"Feature","properties":{"MAPTAXLOT":"1901142201900","MAPNUMBER":"19011422","TAXLOT":"1900","ACCTNO":"0814671","MAPACRES":0.24105819},"geometry":{"type":"Polygon","coordinates":[[[-122.780675,43.922316],[-122.78096,43.922317],[-122.780961,43.921933],[-122.780676,43.921932],[-122.780675,43.922316]]]}},{"type":"Feature","properties":{"MAPTAXLOT":"1901142202000","MAPNUMBER":"19011422","TAXLOT":"2000","ACCTNO":"1308889","MAPACRES":0.8773124},"geometry":{"type":"Polygon","coordinates":[[[-122.781187,43.922379],[-122.781186,43.922798],[-122.782135,43.9228],[-122.782136,43.922381],[-122.782136,43.92238],[-122.781765,43.922379],[-122.781541,43.922379],[-122.781537,43.922379],[-122.781192,43.922378],[-122.781187,43.922378],[-122.781187,43.922379]]]}},{"type":"Feature","properties":{"MAPTAXLOT":"1901142202202","MAPNUMBER":"19011422","TAXLOT":"2202","ACCTNO":"1772555","MAPACRES":0.16094776},"geometry":{"type":"Polygon","coordinates":[[[-122.781187,43.922378],[-122.781192,43.922378],[-122.781537,43.922379],[-122.781537,43.922379],[-122.781537,43.92217],[-122.781188,43.922169],[-122.781187,43.922378],[-122.781187,43.922378]]]}},{"type":"Feature","properties":{"MAPTAXLOT":"1901142202203","MAPNUMBER":"19011422","TAXLOT":"2203","ACCTNO":"1915426","MAPACRES":1.30793367},"geometry":{"type":"Polygon","coordinates":[[[-122.781765,43.922379],[-122.782136,43.92238],[-122.782141,43.92238],[-122.782399,43.922381],[-122.782661,43.922381],[-122.783084,43.922382],[-122.783098,43.922382],[-122.783098,43.922382],[-122.7831,43.921937],[-122.781767,43.921935],[-122.781765,43.922379]]]}},{"type":"Feature","properties":{"MAPTAXLOT":"1901142202204","MAPNUMBER":"19011422","TAXLOT":"2204","ACCTNO":"1915429","MAPACRES":0.40539537},"geometry":{"type":"Polygon","coordinates":[[[-122.781767,43.921935],[-122.781189,43.921933],[-122.781189,43.921934],[-122.781188,43.922169],[-122.781537,43.92217],[-122.781537,43.922379],[-122.781537,43.922379],[-122.781541,43.922379],[-122.781765,43.922379],[-122.781767,43.921935]]]}},{"type":"Feature","properties":{"MAPTAXLOT":"1901142202301","MAPNUMBER":"19011422","TAXLOT":"2301","ACCTNO":"1514460","MAPACRES":1.37062391},"geometry":{"type":"Polygon","coordinates":[[[-122.784275,43.923145],[-122.785297,43.92315],[-122.785298,43.92246],[-122.784514,43.92246],[-122.784513,43.92246],[-122.784275,43.923145]]]}},{"type":"Feature","properties":{"MAPTAXLOT":"1901142202303","MAPNUMBER":"19011422","TAXLOT":"2303","ACCTNO":"1660404","MAPACRES":0.50456821},"geometry":{"type":"Polygon","coordinates":[[[-122.783773,43.922116],[-122.783773,43.922116],[-122.784397,43.922117],[-122.784408,43.922085],[-122.784432,43.922008],[-122.784448,43.921931],[-122.784458,43.921852],[-122.784462,43.921774],[-122.783931,43.921773],[-122.783855,43.921772],[-122.783774,43.921772],[-122.783773,43.922116]]]}},{"type":"Feature","properties":{"MAPTAXLOT":"1901142202304","MAPNUMBER":"19011422","TAXLOT":"2304","ACCTNO":"1660412","MAPACRES":1.01669387},"geometry":{"type":"Polygon","coordinates":[[[-122.783769,43.923144],[-122.783771,43.923144],[-122.784041,43.923145],[-122.784397,43.922117],[-122.783773,43.922116],[-122.783773,43.922116],[-122.783772,43.922325],[-122.783771,43.922517],[-122.78377,43.9228],[-122.78377,43.922882],[-122.783769,43.923144]]]}},{"type":"Feature","properties":{"MAPTAXLOT":"1901142202305","MAPNUMBER":"19011422","TAXLOT":"2305","ACCTNO":"1579364","MAPACRES":0.45722712},"geometry":{"type":"Polygon","coordinates":[[[-122.784611,43.922178],[-122.784611,43.922178],[-122.784871,43.9222],[-122.785172,43.921975],[-122.785291,43.921975],[-122.7853,43.921975],[-122.7853,43.921778],[-122.7853,43.921774],[-122.785068,43.921774],[-122.784689,43.921774],[-122.784689,43.921774],[-122.784685,43.921863],[-122.784674,43.921951],[-122.784655,43.922039],[-122.784629,43.922125],[-122.784611,43.922178]]]}},{"type":"Feature","properties":{"MAPTAXLOT":"1901142202306","MAPNUMBER":"19011422","TAXLOT":"2306","ACCTNO":"1716438","MAPACRES":0.56860461},"geometry":{"type":"Polygon","coordinates":[[[-122.784513,43.92246],[-122.784514,43.92246],[-122.785298,43.92246],[-122.785299,43.92234],[-122.7853,43.921975],[-122.785291,43.921975],[-122.785172,43.921975],[-122.784871,43.9222],[-122.784611,43.922178],[-122.784611,43.922178],[-122.784513,43.92246],[-122.784513,43.92246]]]}},{"type":"Feature","properties":{"MAPTAXLOT":"1901142202400","MAPNUMBER":"19011422","TAXLOT":"2400","ACCTNO":"0815272","MAPACRES":0.13819733},"geometry":{"type":"Polygon","coordinates":[[[-122.780586,43.921768],[-122.780852,43.921769],[-122.780853,43.921533],[-122.780587,43.921532],[-122.780587,43.921631],[-122.780586,43.921768]]]}},{"type":"Feature","properties":{"MAPTAXLOT":"1901142202500","MAPNUMBER":"19011422","TAXLOT":"2500","ACCTNO":"0815264","MAPACRES":0.13819864},"geometry":{"type":"Polygon","coordinates":[[[-122.780852,43.921769],[-122.781117,43.921769],[-122.781118,43.921632],[-122.781118,43.921533],[-122.780853,43.921533],[-122.780852,43.921769]]]}},{"type":"Feature","properties":{"MAPTAXLOT":"1901142202600","MAPNUMBER":"19011422","TAXLOT":"2600","ACCTNO":"0815280","MAPACRES":0.35354146},"geometry":{"type":"Polygon","coordinates":[[[-122.780853,43.921533],[-122.781118,43.921533],[-122.781118,43.921495],[-122.781119,43.921358],[-122.78112,43.921232],[-122.780588,43.92123],[-122.780588,43.921357],[-122.780587,43.921494],[-122.780587,43.921532],[-122.780853,43.921533]]]}},{"type":"Feature","properties":{"MAPTAXLOT":"1901142202700","MAPNUMBER":"19011422","TAXLOT":"2700","ACCTNO":"0815215","MAPACRES":0.17355171},"geometry":{"type":"Polygon","coordinates":[[[-122.780588,43.92123],[-122.78112,43.921232],[-122.78112,43.921221],[-122.78112,43.921083],[-122.780589,43.921082],[-122.780588,43.92122],[-122.780588,43.92123]]]}},{"type":"Feature","properties":{"MAPTAXLOT":"1901142202800","MAPNUMBER":"19011422","TAXLOT":"2800","ACCTNO":"0815298","MAPACRES":0.16069423},"geometry":{"type":"Polygon","coordinates":[[[-122.780589,43.921082],[-122.78112,43.921083],[-122.781121,43.920946],[-122.780589,43.920945],[-122.780589,43.921082]]]}},{"type":"Feature","properties":{"MAPTAXLOT":"1901142202900","MAPNUMBER":"19011422","TAXLOT":"2900","ACCTNO":"0815231","MAPACRES":0.13819727},"geometry":{"type":"Polygon","coordinates":[[[-122.781193,43.921769],[-122.781459,43.92177],[-122.78146,43.921534],[-122.781194,43.921534],[-122.781194,43.921632],[-122.781193,43.921769]]]}},{"type":"Feature","properties":{"MAPTAXLOT":"1901142203000","MAPNUMBER":"19011422","TAXLOT":"3000","ACCTNO":"0815223","MAPACRES":0.13819673},"geometry":{"type":"Polygon","coordinates":[[[-122.781459,43.92177],[-122.781725,43.921771],[-122.781725,43.921633],[-122.781726,43.921535],[-122.78146,43.921534],[-122.781459,43.92177]]]}},{"type":"Feature","properties":{"MAPTAXLOT":"1901142203100","MAPNUMBER":"19011422","TAXLOT":"3100","ACCTNO":"0815249","MAPACRES":0.1831906},"geometry":{"type":"Polygon","coordinates":[[[-122.78146,43.921534],[-122.781726,43.921535],[-122.781726,43.921378],[-122.781195,43.921377],[-122.781194,43.921495],[-122.781194,43.921534],[-122.78146,43.921534]]]}},{"type":"Feature","properties":{"MAPTAXLOT":"1901142203200","MAPNUMBER":"19011422","TAXLOT":"3200","ACCTNO":"0815256","MAPACRES":0.1831989},"geometry":{"type":"Polygon","coordinates":[[[-122.781195,43.921377],[-122.781726,43.921378],[-122.781727,43.921222],[-122.781195,43.921221],[-122.781195,43.921358],[-122.781195,43.921377]]]}},{"type":"Feature","properties":{"MAPTAXLOT":"1901142203300","MAPNUMBER":"19011422","TAXLOT":"3300","ACCTNO":"0815306","MAPACRES":0.16069052},"geometry":{"type":"Polygon","coordinates":[[[-122.781195,43.921221],[-122.781727,43.921222],[-122.781727,43.921085],[-122.781196,43.921084],[-122.781195,43.921221]]]}},{"type":"Feature","properties":{"MAPTAXLOT":"1901142203400","MAPNUMBER":"19011422","TAXLOT":"3400","ACCTNO":"1003654","MAPACRES":0.16069095},"geometry":{"type":"Polygon","coordinates":[[[-122.781196,43.921084],[-122.781727,43.921085],[-122.781728,43.920948],[-122.781196,43.920946],[-122.781196,43.921084]]]}},{"type":"Feature","properties":{"MAPTAXLOT":"1901142203500","MAPNUMBER":"19011422","TAXLOT":"3500","ACCTNO":"0815173","MAPACRES":0.14462092},"geometry":{"type":"Polygon","coordinates":[[[-122.781952,43.921771],[-122.782218,43.921772],[-122.782219,43.921525],[-122.781953,43.921524],[-122.781953,43.921634],[-122.781952,43.921771]]]}},{"type":"Feature","properties":{"MAPTAXLOT":"1901142203600","MAPNUMBER":"19011422","TAXLOT":"3600","ACCTNO":"0815165","MAPACRES":0.14462509},"geometry":{"type":"Polygon","coordinates":[[[-122.782218,43.921772],[-122.782484,43.921772],[-122.782484,43.921635],[-122.782485,43.921525],[-122.782219,43.921525],[-122.782218,43.921772]]]}},{"type":"Feature","properties":{"MAPTAXLOT":"1901142203700","MAPNUMBER":"19011422","TAXLOT":"3700","ACCTNO":"0815157","MAPACRES":0.19283458},"geometry":{"type":"Polygon","coordinates":[[[-122.782219,43.921525],[-122.782485,43.921525],[-122.782485,43.921498],[-122.782485,43.921361],[-122.781954,43.92136],[-122.781953,43.921497],[-122.781953,43.921524],[-122.782219,43.921525]]]}},{"type":"Feature","properties":{"MAPTAXLOT":"1901142203800","MAPNUMBER":"19011422","TAXLOT":"3800","ACCTNO":"1044575","MAPACRES":0.16069164},"geometry":{"type":"Polygon","coordinates":[[[-122.781954,43.92136],[-122.782485,43.921361],[-122.782486,43.921224],[-122.78222,43.921223],[-122.781954,43.921222],[-122.781954,43.92136]]]}},{"type":"Feature","properties":{"MAPTAXLOT":"1901142203900","MAPNUMBER":"19011422","TAXLOT":"3900","ACCTNO":"0815181","MAPACRES":0.16068803},"geometry":{"type":"Polygon","coordinates":[[[-122.781954,43.921222],[-122.78222,43.921223],[-122.782221,43.920949],[-122.781955,43.920948],[-122.781955,43.921085],[-122.781954,43.921222]]]}},{"type":"Feature","properties":{"MAPTAXLOT":"1901142204000","MAPNUMBER":"19011422","TAXLOT":"4000","ACCTNO":"1003639","MAPACRES":0.16069136},"geometry":{"type":"Polygon","coordinates":[[[-122.78222,43.921223],[-122.782486,43.921224],[-122.782486,43.921086],[-122.782487,43.920949],[-122.782221,43.920949],[-122.78222,43.921223]]]}},{"type":"Feature","properties":{"MAPTAXLOT":"1901142204100","MAPNUMBER":"19011422","TAXLOT":"4100","ACCTNO":"1024213","MAPACRES":0.14332892},"geometry":{"type":"Polygon","coordinates":[[[-122.78256,43.921772],[-122.782823,43.921773],[-122.782824,43.921526],[-122.78256,43.921526],[-122.78256,43.921635],[-122.78256,43.921772]]]}},{"type":"Feature","properties":{"MAPTAXLOT":"1901142204200","MAPNUMBER":"19011422","TAXLOT":"4200","ACCTNO":"1003647","MAPACRES":0.14333937},"geometry":{"type":"Polygon","coordinates":[[[-122.782823,43.921773],[-122.783086,43.921774],[-122.783087,43.921527],[-122.782824,43.921526],[-122.782823,43.921773]]]}},{"type":"Feature","properties":{"MAPTAXLOT":"1901142204300","MAPNUMBER":"19011422","TAXLOT":"4300","ACCTNO":"0815207","MAPACRES":0.19111277},"geometry":{"type":"Polygon","coordinates":[[[-122.782824,43.921526],[-122.783087,43.921527],[-122.783088,43.921362],[-122.782561,43.921361],[-122.782561,43.921498],[-122.78256,43.921526],[-122.782824,43.921526]]]}},{"type":"Feature","properties":{"MAPTAXLOT":"1901142204400","MAPNUMBER":"19011422","TAXLOT":"4400","ACCTNO":"0815199","MAPACRES":0.47775575},"geometry":{"type":"Polygon","coordinates":[[[-122.782561,43.921361],[-122.783088,43.921362],[-122.783089,43.920951],[-122.782563,43.920949],[-122.782562,43.921087],[-122.782562,43.921224],[-122.782561,43.921361]]]}},{"type":"Feature","properties":{"MAPTAXLOT":"1901142204500","MAPNUMBER":"19011422","TAXLOT":"4500","ACCTNO":"0815017","MAPACRES":0.16230117},"geometry":{"type":"Polygon","coordinates":[[[-122.783774,43.921772],[-122.783855,43.921772],[-122.783855,43.921635],[-122.783319,43.921634],[-122.783318,43.921771],[-122.783774,43.921772]]]}},{"type":"Feature","properties":{"MAPTAXLOT":"1901142204600","MAPNUMBER":"19011422","TAXLOT":"4600","ACCTNO":"0815033","MAPACRES":0.16113087},"geometry":{"type":"Polygon","coordinates":[[[-122.783319,43.921634],[-122.783855,43.921635],[-122.783856,43.921498],[-122.783584,43.921497],[-122.783584,43.921501],[-122.78332,43.921497],[-122.783319,43.921634]]]}},{"type":"Feature","properties":{"MAPTAXLOT":"1901142204700","MAPNUMBER":"19011422","TAXLOT":"4700","ACCTNO":"0815041","MAPACRES":0.16312748},"geometry":{"type":"Polygon","coordinates":[[[-122.783584,43.921497],[-122.783856,43.921498],[-122.783856,43.921361],[-122.78332,43.92136],[-122.78332,43.921497],[-122.783584,43.921501],[-122.783584,43.921497]]]}},{"type":"Feature","properties":{"MAPTAXLOT":"1901142204800","MAPNUMBER":"19011422","TAXLOT":"4800","ACCTNO":"0815058","MAPACRES":0.16213034},"geometry":{"type":"Polygon","coordinates":[[[-122.78332,43.92136],[-122.783856,43.921361],[-122.783857,43.921224],[-122.783321,43.921223],[-122.78332,43.92136]]]}},{"type":"Feature","properties":{"MAPTAXLOT":"1901142204900","MAPNUMBER":"19011422","TAXLOT":"4900","ACCTNO":"0815066","MAPACRES":0.16213085},"geometry":{"type":"Polygon","coordinates":[[[-122.783321,43.921223],[-122.783857,43.921224],[-122.783857,43.921087],[-122.783321,43.921085],[-122.783321,43.921223]]]}},{"type":"Feature","properties":{"MAPTAXLOT":"1901142205000","MAPNUMBER":"19011422","TAXLOT":"5000","ACCTNO":"0815074","MAPACRES":0.16213568},"geometry":{"type":"Polygon","coordinates":[[[-122.783321,43.921085],[-122.783857,43.921087],[-122.783858,43.920949],[-122.783322,43.920948],[-122.783321,43.921085]]]}},{"type":"Feature","properties":{"MAPTAXLOT":"1901142205100","MAPNUMBER":"19011422","TAXLOT":"5100","ACCTNO":"0815082","MAPACRES":0.14025651},"geometry":{"type":"Polygon","coordinates":[[[-122.783932,43.921306],[-122.784111,43.921307],[-122.784112,43.92095],[-122.783934,43.92095],[-122.783933,43.921087],[-122.783933,43.921224],[-122.783932,43.921306]]]}},{"type":"Feature","properties":{"MAPTAXLOT":"1901142205200","MAPNUMBER":"19011422","TAXLOT":"5200","ACCTNO":"0815090","MAPACRES":0.14025916},"geometry":{"type":"Polygon","coordinates":[[[-122.784111,43.921307],[-122.784289,43.921307],[-122.78429,43.92095],[-122.784112,43.92095],[-122.784111,43.921307]]]}},{"type":"Feature","properties":{"MAPTAXLOT":"1901142205300","MAPNUMBER":"19011422","TAXLOT":"5300","ACCTNO":"0815108","MAPACRES":0.13728153},"geometry":{"type":"Polygon","coordinates":[[[-122.784289,43.921307],[-122.784464,43.921307],[-122.784464,43.921225],[-122.784464,43.921088],[-122.784465,43.920951],[-122.78429,43.92095],[-122.784289,43.921307]]]}},{"type":"Feature","properties":{"MAPTAXLOT":"1901142205400","MAPNUMBER":"19011422","TAXLOT":"5400","ACCTNO":"0815116","MAPACRES":0.06427985},"geometry":{"type":"Polygon","coordinates":[[[-122.783932,43.921361],[-122.784463,43.921362],[-122.784464,43.921307],[-122.784289,43.921307],[-122.784111,43.921307],[-122.783932,43.921306],[-122.783932,43.921361]]]}},{"type":"Feature","properties":{"MAPTAXLOT":"1901142205500","MAPNUMBER":"19011422","TAXLOT":"5500","ACCTNO":"0815124","MAPACRES":0.16069578},"geometry":{"type":"Polygon","coordinates":[[[-122.783932,43.921498],[-122.784463,43.921499],[-122.784463,43.921362],[-122.783932,43.921361],[-122.783932,43.921498]]]}},{"type":"Feature","properties":{"MAPTAXLOT":"1901142205600","MAPNUMBER":"19011422","TAXLOT":"5600","ACCTNO":"0815132","MAPACRES":0.16069594},"geometry":{"type":"Polygon","coordinates":[[[-122.783931,43.921635],[-122.784462,43.921637],[-122.784463,43.921499],[-122.783932,43.921498],[-122.783931,43.921635]]]}},{"type":"Feature","properties":{"MAPTAXLOT":"1901142205700","MAPNUMBER":"19011422","TAXLOT":"5700","ACCTNO":"0815140","MAPACRES":0.16069871},"geometry":{"type":"Polygon","coordinates":[[[-122.783931,43.921773],[-122.784462,43.921774],[-122.784462,43.921637],[-122.783931,43.921635],[-122.783931,43.921773]]]}},{"type":"Feature","properties":{"MAPTAXLOT":"1901142205800","MAPNUMBER":"19011422","TAXLOT":"5800","ACCTNO":"0815009","MAPACRES":0.25282213},"geometry":{"type":"Polygon","coordinates":[[[-122.784689,43.921774],[-122.784689,43.921774],[-122.785068,43.921774],[-122.785069,43.921472],[-122.78469,43.921471],[-122.784689,43.921774]]]}},{"type":"Feature","properties":{"MAPTAXLOT":"1901142205900","MAPNUMBER":"19011422","TAXLOT":"5900","ACCTNO":"0814960","MAPACRES":0.41822093},"geometry":{"type":"Polygon","coordinates":[[[-122.785068,43.921774],[-122.7853,43.921774],[-122.785301,43.921311],[-122.785374,43.921311],[-122.785375,43.920951],[-122.785147,43.920951],[-122.785146,43.921306],[-122.78507,43.921306],[-122.785069,43.921472],[-122.785068,43.921774]]]}},{"type":"Feature","properties":{"MAPTAXLOT":"1901142206000","MAPNUMBER":"19011422","TAXLOT":"6000","ACCTNO":"0814994","MAPACRES":0.13899919},"geometry":{"type":"Polygon","coordinates":[[[-122.78469,43.921471],[-122.785069,43.921472],[-122.78507,43.921306],[-122.784918,43.921306],[-122.78469,43.921305],[-122.78469,43.921471]]]}},{"type":"Feature","properties":{"MAPTAXLOT":"1901142206100","MAPNUMBER":"19011422","TAXLOT":"6100","ACCTNO":"0814978","MAPACRES":0.1779217},"geometry":{"type":"Polygon","coordinates":[[[-122.78469,43.921305],[-122.784918,43.921306],[-122.784919,43.920951],[-122.784692,43.920951],[-122.78469,43.921305]]]}},{"type":"Feature","properties":{"MAPTAXLOT":"1901142206200","MAPNUMBER":"19011422","TAXLOT":"6200","ACCTNO":"0814952","MAPACRES":0.17816709},"geometry":{"type":"Polygon","coordinates":[[[-122.78507,43.921306],[-122.785146,43.921306],[-122.785147,43.920951],[-122.784919,43.920951],[-122.784918,43.921306],[-122.78507,43.921306]]]}},{"type":"Feature","properties":{"MAPTAXLOT":"1901142206300","MAPNUMBER":"19011422","TAXLOT":"6300","ACCTNO":"0814945","MAPACRES":0.18109431},"geometry":{"type":"Polygon","coordinates":[[[-122.785374,43.921311],[-122.785601,43.921312],[-122.785603,43.920951],[-122.785375,43.920951],[-122.785374,43.921311]]]}},{"type":"Feature","properties":{"MAPTAXLOT":"1901142206400","MAPNUMBER":"19011422","TAXLOT":"6400","ACCTNO":"0814937","MAPACRES":0.18292689},"geometry":{"type":"Polygon","coordinates":[[[-122.785601,43.921312],[-122.785831,43.921312],[-122.785832,43.920951],[-122.785603,43.920951],[-122.785601,43.921312]]]}},{"type":"Feature","properties":{"MAPTAXLOT":"1901142206500","MAPNUMBER":"19011422","TAXLOT":"6500","ACCTNO":"0815314","MAPACRES":0.13797187},"geometry":{"type":"Polygon","coordinates":[[[-122.780893,43.920781],[-122.781121,43.920782],[-122.781122,43.920645],[-122.781122,43.920507],[-122.780894,43.920507],[-122.780894,43.920507],[-122.780893,43.920781]]]}},{"type":"Feature","properties":{"MAPTAXLOT":"1901142206501","MAPNUMBER":"19011422","TAXLOT":"6501","ACCTNO":"1901576","MAPACRES":0.18340946},"geometry":{"type":"Polygon","coordinates":[[[-122.780591,43.920506],[-122.78059,43.920643],[-122.78059,43.920781],[-122.780893,43.920781],[-122.780894,43.920507],[-122.780894,43.920507],[-122.780591,43.920506]]]}},{"type":"Feature","properties":{"MAPTAXLOT":"1901142206700","MAPNUMBER":"19011422","TAXLOT":"6700","ACCTNO":"0815348","MAPACRES":0.12934535},"geometry":{"type":"Polygon","coordinates":[[[-122.781198,43.92042],[-122.781198,43.920508],[-122.781729,43.920509],[-122.78173,43.920371],[-122.781488,43.920371],[-122.781487,43.92042],[-122.781198,43.92042]]]}},{"type":"Feature","properties":{"MAPTAXLOT":"1901142206701","MAPNUMBER":"19011422","TAXLOT":"6701","ACCTNO":"1916368","MAPACRES":0.19202484},"geometry":{"type":"Polygon","coordinates":[[[-122.781198,43.92042],[-122.781487,43.92042],[-122.781488,43.920371],[-122.78173,43.920371],[-122.78173,43.920234],[-122.781199,43.920233],[-122.781199,43.92037],[-122.781198,43.92042]]]}},{"type":"Feature","properties":{"MAPTAXLOT":"1901142206800","MAPNUMBER":"19011422","TAXLOT":"6800","ACCTNO":"0815355","MAPACRES":0.32137467},"geometry":{"type":"Polygon","coordinates":[[[-122.781197,43.920782],[-122.781728,43.920783],[-122.781729,43.920646],[-122.781729,43.920509],[-122.781198,43.920508],[-122.781198,43.920645],[-122.781197,43.920782]]]}},{"type":"Feature","properties":{"MAPTAXLOT":"1901142206900","MAPNUMBER":"19011422","TAXLOT":"6900","ACCTNO":"1063971","MAPACRES":0.353507},"geometry":{"type":"Polygon","coordinates":[[[-122.781956,43.920783],[-122.782487,43.920785],[-122.782488,43.920647],[-122.782488,43.92051],[-122.782488,43.920483],[-122.781957,43.920482],[-122.781957,43.920509],[-122.781957,43.920646],[-122.781956,43.920783]]]}},{"type":"Feature","properties":{"MAPTAXLOT":"1901142207000","MAPNUMBER":"19011422","TAXLOT":"7000","ACCTNO":"0815447","MAPACRES":0.04776948},"geometry":{"type":"Polygon","coordinates":[[[-122.782564,43.920483],[-122.783091,43.920484],[-122.783091,43.920484],[-122.783091,43.920443],[-122.783091,43.920443],[-122.782564,43.920442],[-122.782564,43.920483]]]}},{"type":"Feature","properties":{"MAPTAXLOT":"1901142207100","MAPNUMBER":"19011422","TAXLOT":"7100","ACCTNO":"0815439","MAPACRES":0.15923515},"geometry":{"type":"Polygon","coordinates":[[[-122.782564,43.92062],[-122.78309,43.920621],[-122.783091,43.920484],[-122.783091,43.920484],[-122.782564,43.920483],[-122.782564,43.92051],[-122.782564,43.92062]]]}},{"type":"Feature","properties":{"MAPTAXLOT":"1901142207200","MAPNUMBER":"19011422","TAXLOT":"7200","ACCTNO":"0815462","MAPACRES":0.19108831},"geometry":{"type":"Polygon","coordinates":[[[-122.782563,43.920785],[-122.78309,43.920786],[-122.78309,43.920621],[-122.782564,43.92062],[-122.782564,43.920648],[-122.782563,43.920785]]]}},{"type":"Feature","properties":{"MAPTAXLOT":"1901142207300","MAPNUMBER":"19011422","TAXLOT":"7300","ACCTNO":"0815470","MAPACRES":0.3248356},"geometry":{"type":"Polygon","coordinates":[[[-122.783321,43.920784],[-122.783858,43.920785],[-122.783859,43.920648],[-122.783859,43.92051],[-122.783322,43.920509],[-122.783321,43.920784]]]}},{"type":"Feature","properties":{"MAPTAXLOT":"1901142207400","MAPNUMBER":"19011422","TAXLOT":"7400","ACCTNO":"0815488","MAPACRES":0.36147864},"geometry":{"type":"Polygon","coordinates":[[[-122.783322,43.920509],[-122.783859,43.92051],[-122.78386,43.920396],[-122.783935,43.920418],[-122.783976,43.920429],[-122.783976,43.920429],[-122.784117,43.920179],[-122.783907,43.920117],[-122.783764,43.920369],[-122.783324,43.920243],[-122.783322,43.920509]]]}},{"type":"Feature","properties":{"MAPTAXLOT":"1901142207500","MAPNUMBER":"19011422","TAXLOT":"7500","ACCTNO":"0815496","MAPACRES":0.19316883},"geometry":{"type":"Polygon","coordinates":[[[-122.783934,43.920785],[-122.7842,43.920785],[-122.784201,43.920493],[-122.784187,43.920489],[-122.783976,43.920429],[-122.783935,43.920418],[-122.783935,43.920648],[-122.783934,43.920785]]]}},{"type":"Feature","properties":{"MAPTAXLOT":"1901142207600","MAPNUMBER":"19011422","TAXLOT":"7600","ACCTNO":"0815504","MAPACRES":0.14918437},"geometry":{"type":"Polygon","coordinates":[[[-122.7842,43.920785],[-122.784465,43.920786],[-122.784466,43.920649],[-122.784466,43.920569],[-122.784399,43.92055],[-122.784201,43.920493],[-122.7842,43.920785]]]}},{"type":"Feature","properties":{"MAPTAXLOT":"1901142207700","MAPNUMBER":"19011422","TAXLOT":"7700","ACCTNO":"0814903","MAPACRES":0.02844529},"geometry":{"type":"Polygon","coordinates":[[[-122.784692,43.920841],[-122.785186,43.920841],[-122.785186,43.920815],[-122.784692,43.920815],[-122.784692,43.920841]]]}},{"type":"Feature","properties":{"MAPTAXLOT":"1901142207701","MAPNUMBER":"19011422","TAXLOT":"7701","ACCTNO":"1515392","MAPACRES":0.16396273},"geometry":{"type":"Polygon","coordinates":[[[-122.784692,43.920815],[-122.785186,43.920815],[-122.785186,43.920721],[-122.785074,43.920687],[-122.784855,43.920621],[-122.784828,43.920672],[-122.784693,43.920634],[-122.784692,43.920815]]]}},{"type":"Feature","properties":{"MAPTAXLOT":"1901142207800","MAPNUMBER":"19011422","TAXLOT":"7800","ACCTNO":"0814911","MAPACRES":0.16527719},"geometry":{"type":"Polygon","coordinates":[[[-122.785186,43.920841],[-122.785413,43.920841],[-122.785414,43.920544],[-122.785187,43.92048],[-122.785186,43.92072],[-122.785186,43.920721],[-122.785186,43.920815],[-122.785186,43.920841]]]}},{"type":"Feature","properties":{"MAPTAXLOT":"1901142207900","MAPNUMBER":"19011422","TAXLOT":"7900","ACCTNO":"0814929","MAPACRES":0.39870679},"geometry":{"type":"Polygon","coordinates":[[[-122.785831,43.920841],[-122.786751,43.920848],[-122.785831,43.920663],[-122.785414,43.920544],[-122.785413,43.920841],[-122.785831,43.920841]]]}},{"type":"Feature","properties":{"MAPTAXLOT":"1901142208000","MAPNUMBER":"19011422","TAXLOT":"8000","ACCTNO":"1023736","MAPACRES":0.20291047},"geometry":{"type":"Polygon","coordinates":[[[-122.781024,43.924793],[-122.781078,43.924793],[-122.781078,43.924793],[-122.781078,43.92477],[-122.781079,43.92455],[-122.78108,43.924331],[-122.78108,43.924112],[-122.781081,43.923892],[-122.781082,43.923673],[-122.781083,43.923453],[-122.781083,43.923289],[-122.781084,43.923022],[-122.781034,43.923022],[-122.781033,43.923177],[-122.781032,43.92336],[-122.781031,43.923547],[-122.78103,43.923731],[-122.781029,43.923923],[-122.781028,43.924107],[-122.781027,43.92429],[-122.781026,43.924482],[-122.781025,43.924666],[-122.781024,43.92474],[-122.781024,43.924793]]]}},{"type":"Feature","properties":{"MAPTAXLOT":"1901142208200","MAPNUMBER":"19011422","TAXLOT":"8200","ACCTNO":"1542230","MAPACRES":3.28657828},"geometry":{"type":"Polygon","coordinates":[[[-122.783767,43.923736],[-122.783766,43.923833],[-122.785943,43.923837],[-122.785931,43.923151],[-122.785297,43.92315],[-122.784275,43.923145],[-122.784041,43.923145],[-122.783771,43.923144],[-122.783769,43.923144],[-122.783767,43.923736]]]}},{"type":"Feature","properties":{"MAPTAXLOT":"1901142208300","MAPNUMBER":"19011422","TAXLOT":"8300","ACCTNO":"1759867","MAPACRES":0.15706899},"geometry":{"type":"Polygon","coordinates":[[[-122.780591,43.920506],[-122.780894,43.920507],[-122.781122,43.920507],[-122.781123,43.920373],[-122.780592,43.920373],[-122.780591,43.920506]]]}},{"type":"Feature","properties":{"MAPTAXLOT":"1901142208400","MAPNUMBER":"19011422","TAXLOT":"8400","ACCTNO":"1786407","MAPACRES":0.17260211},"geometry":{"type":"Polygon","coordinates":[[[-122.782442,43.923229],[-122.782739,43.923229],[-122.78274,43.922966],[-122.782442,43.922965],[-122.782442,43.923229]]]}},{"type":"Feature","properties":{"MAPTAXLOT":"1901142208500","MAPNUMBER":"19011422","TAXLOT":"8500","ACCTNO":"1786415","MAPACRES":0.17228944},"geometry":{"type":"Polygon","coordinates":[[[-122.782799,43.923229],[-122.783096,43.92323],[-122.783097,43.922966],[-122.7828,43.922966],[-122.782799,43.923229]]]}},{"type":"Feature","properties":{"MAPTAXLOT":"1901142208600","MAPNUMBER":"19011422","TAXLOT":"8600","ACCTNO":"1786423","MAPACRES":0.18959292},"geometry":{"type":"Polygon","coordinates":[[[-122.782768,43.923468],[-122.783095,43.923468],[-122.783096,43.92323],[-122.782799,43.923229],[-122.7828,43.922966],[-122.78277,43.922966],[-122.782768,43.923468]]]}},{"type":"Feature","properties":{"MAPTAXLOT":"1901142208700","MAPNUMBER":"19011422","TAXLOT":"8700","ACCTNO":"1786431","MAPACRES":0.18906788},"geometry":{"type":"Polygon","coordinates":[[[-122.782413,43.923467],[-122.782738,43.923468],[-122.782739,43.923229],[-122.782442,43.923229],[-122.782442,43.922965],[-122.782411,43.922965],[-122.782413,43.923467]]]}},{"type":"Feature","properties":{"MAPTAXLOT":"1901142208800","MAPNUMBER":"19011422","TAXLOT":"8800","ACCTNO":"1786449","MAPACRES":0.19638775},"geometry":{"type":"Polygon","coordinates":[[[-122.782722,43.923675],[-122.782737,43.923675],[-122.782738,43.923468],[-122.782413,43.923467],[-122.782411,43.922965],[-122.782381,43.922965],[-122.782381,43.923025],[-122.782381,43.923027],[-122.782382,43.923237],[-122.782382,43.923241],[-122.782382,43.923457],[-122.782382,43.923458],[-122.782383,43.923676],[-122.782383,43.923676],[-122.782722,43.923675]]]}},{"type":"Feature","properties":{"MAPTAXLOT":"1901142208900","MAPNUMBER":"19011422","TAXLOT":"8900","ACCTNO":"1786456","MAPACRES":0.19558977},"geometry":{"type":"Polygon","coordinates":[[[-122.782737,43.923675],[-122.783094,43.923673],[-122.783095,43.923468],[-122.782768,43.923468],[-122.78277,43.922966],[-122.78274,43.922966],[-122.782739,43.923229],[-122.782738,43.923468],[-122.782737,43.923675]]]}},{"type":"Feature","properties":{"MAPTAXLOT":"1901142209000","MAPNUMBER":"19011422","TAXLOT":"9000","ACCTNO":"1786464","MAPACRES":0.16197633},"geometry":{"type":"Polygon","coordinates":[[[-122.782721,43.923872],[-122.783093,43.92387],[-122.783094,43.923673],[-122.782737,43.923675],[-122.782722,43.923675],[-122.782721,43.923872]]]}},{"type":"Feature","properties":{"MAPTAXLOT":"1901142209100","MAPNUMBER":"19011422","TAXLOT":"9100","ACCTNO":"1786472","MAPACRES":0.1818455},"geometry":{"type":"Polygon","coordinates":[[[-122.782383,43.923896],[-122.783093,43.923892],[-122.783093,43.92387],[-122.782721,43.923872],[-122.782722,43.923675],[-122.782383,43.923676],[-122.782383,43.923896],[-122.782383,43.923896]]]}},{"type":"Feature","properties":{"MAPTAXLOT":"1901142209200","MAPNUMBER":"19011422","TAXLOT":"9200","ACCTNO":"1786480","MAPACRES":0.18121403},"geometry":{"type":"Polygon","coordinates":[[[-122.782409,43.924115],[-122.782721,43.924114],[-122.782721,43.923916],[-122.783093,43.923914],[-122.783093,43.923892],[-122.782383,43.923896],[-122.782384,43.924115],[-122.782409,43.924115],[-122.782409,43.924115]]]}},{"type":"Feature","properties":{"MAPTAXLOT":"1901142209300","MAPNUMBER":"19011422","TAXLOT":"9300","ACCTNO":"1786498","MAPACRES":0.16200942},"geometry":{"type":"Polygon","coordinates":[[[-122.782721,43.924114],[-122.783093,43.924112],[-122.783093,43.923914],[-122.782721,43.923916],[-122.782721,43.924114]]]}},{"type":"Feature","properties":{"MAPTAXLOT":"1901142209400","MAPNUMBER":"19011422","TAXLOT":"9400","ACCTNO":"1799996","MAPACRES":0.23230878},"geometry":{"type":"Polygon","coordinates":[[[-122.782661,43.922561],[-122.78266,43.922801],[-122.783094,43.922802],[-122.783097,43.922802],[-122.783098,43.92256],[-122.782663,43.922559],[-122.782661,43.922559],[-122.782661,43.922561]]]}},{"type":"Feature","properties":{"MAPTAXLOT":"1901142209500","MAPNUMBER":"19011422","TAXLOT":"9500","ACCTNO":"1800000","MAPACRES":0.24287586},"geometry":{"type":"Polygon","coordinates":[[[-122.782398,43.9228],[-122.78266,43.922801],[-122.782661,43.922561],[-122.782661,43.922559],[-122.782661,43.922558],[-122.782661,43.922382],[-122.782661,43.922382],[-122.782661,43.922381],[-122.782399,43.922381],[-122.782399,43.922381],[-122.782399,43.922382],[-122.782398,43.9228]]]}},{"type":"Feature","properties":{"MAPTAXLOT":"1901142209600","MAPNUMBER":"19011422","TAXLOT":"9600","ACCTNO":"1800018","MAPACRES":0.24263816},"geometry":{"type":"Polygon","coordinates":[[[-122.782135,43.9228],[-122.782398,43.9228],[-122.782399,43.922382],[-122.782399,43.922381],[-122.782399,43.922381],[-122.782141,43.92238],[-122.782136,43.92238],[-122.782136,43.922381],[-122.782135,43.9228]]]}},{"type":"Feature","properties":{"MAPTAXLOT":"1901142209700","MAPNUMBER":"19011422","TAXLOT":"9700","ACCTNO":"1800026","MAPACRES":0.17142776},"geometry":{"type":"Polygon","coordinates":[[[-122.782661,43.922559],[-122.782663,43.922559],[-122.783098,43.92256],[-122.783098,43.922382],[-122.783084,43.922382],[-122.782661,43.922381],[-122.782661,43.922382],[-122.782661,43.922382],[-122.782661,43.922558],[-122.782661,43.922559]]]}},{"type":"Feature","properties":{"MAPTAXLOT":"1901142300077","MAPNUMBER":"19011423","TAXLOT":"77","ACCTNO":"000None","MAPACRES":12.0380498},"geometry":{"type":"MultiPolygon","coordinates":[[[[-122.783907,43.920117],[-122.783907,43.920117],[-122.784117,43.920179],[-122.784329,43.92024],[-122.784541,43.920301],[-122.784753,43.92036],[-122.784965,43.920419],[-122.785187,43.92048],[-122.78568,43.920304],[-122.78568,43.920304],[-122.78538,43.920218],[-122.785393,43.920192],[-122.785113,43.920108],[-122.785223,43.919881],[-122.785311,43.9197],[-122.785316,43.919693],[-122.785321,43.919687],[-122.785329,43.919681],[-122.785337,43.919677],[-122.785346,43.919673],[-122.785356,43.919671],[-122.785367,43.91967],[-122.785377,43.919671],[-122.785387,43.919672],[-122.785397,43.919675],[-122.785406,43.919679],[-122.785413,43.919685],[-122.785433,43.919698],[-122.785454,43.919708],[-122.785478,43.919717],[-122.785504,43.919722],[-122.78553,43.919725],[-122.785556,43.919724],[-122.785582,43.919721],[-122.785607,43.919715],[-122.785607,43.919714],[-122.785614,43.919712],[-122.785639,43.919702],[-122.785661,43.919688],[-122.785679,43.919672],[-122.785694,43.919653],[-122.785704,43.919634],[-122.785709,43.919613],[-122.78571,43.919594],[-122.785706,43.919575],[-122.785699,43.919557],[-122.785688,43.91954],[-122.785673,43.919524],[-122.785655,43.919511],[-122.785655,43.919511],[-122.785632,43.919497],[-122.785605,43.919488],[-122.785577,43.919481],[-122.785548,43.919478],[-122.785518,43.919479],[-122.78549,43.919483],[-122.785462,43.919491],[-122.785437,43.919502],[-122.785415,43.919517],[-122.785397,43.919533],[-122.785369,43.919533],[-122.785371,43.919485],[-122.785367,43.919436],[-122.785355,43.919388],[-122.785337,43.919341],[-122.785312,43.919295],[-122.785281,43.919252],[-122.785244,43.919211],[-122.785201,43.919173],[-122.785165,43.91914],[-122.785134,43.919103],[-122.78511,43.919064],[-122.785092,43.919023],[-122.785083,43.91898],[-122.78508,43.918937],[-122.785082,43.918909],[-122.785116,43.918664],[-122.785409,43.918685],[-122.785437,43.918687],[-122.785673,43.918704],[-122.785701,43.918706],[-122.785701,43.918706],[-122.785701,43.918705],[-122.785701,43.918705],[-122.785703,43.91854],[-122.785703,43.91854],[-122.785705,43.918395],[-122.784696,43.918393],[-122.784698,43.918008],[-122.784698,43.917954],[-122.783332,43.91795],[-122.783335,43.91721],[-122.783335,43.917144],[-122.783336,43.916952],[-122.783337,43.916686],[-122.783109,43.916622],[-122.783105,43.91795],[-122.780601,43.917944],[-122.780603,43.917341],[-122.780606,43.916651],[-122.780375,43.91734],[-122.780375,43.917378],[-122.780375,43.917378],[-122.780375,43.91751],[-122.780374,43.917785],[-122.780373,43.917944],[-122.780373,43.917944],[-122.780372,43.918097],[-122.780371,43.918349],[-122.780371,43.918349],[-122.78037,43.918667],[-122.78037,43.918667],[-122.78037,43.918962],[-122.78037,43.918962],[-122.78037,43.919111],[-122.78037,43.919111],[-122.780368,43.919404],[-122.780368,43.919404],[-122.780367,43.919518],[-122.780367,43.919518],[-122.780367,43.919655],[-122.780366,43.919792],[-122.780366,43.919792],[-122.780365,43.919957],[-122.780365,43.919957],[-122.780365,43.920094],[-122.780365,43.920094],[-122.780364,43.920231],[-122.780364,43.920231],[-122.780364,43.920369],[-122.780364,43.920369],[-122.780592,43.920373],[-122.780592,43.920373],[-122.780592,43.920369],[-122.780592,43.920232],[-122.780593,43.920098],[-122.780593,43.920095],[-122.780593,43.919958],[-122.781124,43.919959],[-122.781124,43.920096],[-122.781123,43.920233],[-122.781123,43.92037],[-122.781123,43.92037],[-122.781199,43.920233],[-122.781199,43.920233],[-122.7812,43.920096],[-122.7812,43.919959],[-122.781201,43.919877],[-122.781201,43.919794],[-122.781201,43.919642],[-122.781126,43.91962],[-122.781125,43.919657],[-122.781125,43.919794],[-122.780594,43.919793],[-122.780594,43.919656],[-122.780595,43.919469],[-122.780597,43.919086],[-122.783094,43.919798],[-122.783092,43.920181],[-122.783091,43.920306],[-122.783091,43.920443],[-122.783091,43.920443],[-122.783324,43.920243],[-122.783324,43.920243],[-122.783325,43.91986],[-122.783951,43.920039],[-122.783907,43.920117]],[[-122.785038,43.919672],[-122.785048,43.919673],[-122.785058,43.919675],[-122.785068,43.919678],[-122.785077,43.919682],[-122.785084,43.919687],[-122.78509,43.919694],[-122.785095,43.919701],[-122.785098,43.919708],[-122.785099,43.919715],[-122.785098,43.919723],[-122.785095,43.91973],[-122.785016,43.919894],[-122.784938,43.920055],[-122.784587,43.919949],[-122.784337,43.919874],[-122.784079,43.919796],[-122.78371,43.919685],[-122.783502,43.919622],[-122.783338,43.919514],[-122.783337,43.919379],[-122.783337,43.919377],[-122.783335,43.919125],[-122.783335,43.919123],[-122.78333,43.918956],[-122.783329,43.918918],[-122.78333,43.918555],[-122.783666,43.918556],[-122.784003,43.918557],[-122.784041,43.918557],[-122.784042,43.918585],[-122.784325,43.918606],[-122.784607,43.918626],[-122.784927,43.918649],[-122.784894,43.918895],[-122.784891,43.918922],[-122.784891,43.918924],[-122.784891,43.918965],[-122.784896,43.919006],[-122.784906,43.919046],[-122.78492,43.919086],[-122.784939,43.919125],[-122.784963,43.919163],[-122.784991,43.919199],[-122.785024,43.919233],[-122.78506,43.919265],[-122.785096,43.919297],[-122.785126,43.919332],[-122.785149,43.91937],[-122.785167,43.919409],[-122.785178,43.919449],[-122.785182,43.91949],[-122.785181,43.919498],[-122.785178,43.919505],[-122.785174,43.919512],[-122.785168,43.919519],[-122.78516,43.919524],[-122.785152,43.919528],[-122.785142,43.919532],[-122.785132,43.919534],[-122.785121,43.919535],[-122.784864,43.919536],[-122.784796,43.919534],[-122.78473,43.919528],[-122.784664,43.919519],[-122.784599,43.919506],[-122.784536,43.919489],[-122.784432,43.919458],[-122.78442,43.919453],[-122.78441,43.919448],[-122.784402,43.919441],[-122.784394,43.919433],[-122.784389,43.919425],[-122.784386,43.919416],[-122.784385,43.919407],[-122.784384,43.919393],[-122.784381,43.919379],[-122.784373,43.919361],[-122.784362,43.919345],[-122.784348,43.91933],[-122.784331,43.919316],[-122.784311,43.919305],[-122.784289,43.919296],[-122.784266,43.919289],[-122.784241,43.919285],[-122.784216,43.919283],[-122.784191,43.919285],[-122.784166,43.919288],[-122.784142,43.919295],[-122.78412,43.919304],[-122.7841,43.919315],[-122.784083,43.919328],[-122.784068,43.919343],[-122.784057,43.919359],[-122.784049,43.919377],[-122.784044,43.919395],[-122.784044,43.919413],[-122.784047,43.919431],[-122.784054,43.919449],[-122.784064,43.919465],[-122.784078,43.919481],[-122.784078,43.919481],[-122.784093,43.919493],[-122.78411,43.919504],[-122.784128,43.919513],[-122.784149,43.919521],[-122.784205,43.919538],[-122.784205,43.919538],[-122.784463,43.919615],[-122.784463,43.919616],[-122.784527,43.919633],[-122.784592,43.919647],[-122.784658,43.919658],[-122.784725,43.919666],[-122.784725,43.919667],[-122.784795,43.919671],[-122.784865,43.919673],[-122.785038,43.919672]],[[-122.783101,43.918972],[-122.783102,43.919299],[-122.783101,43.919455],[-122.783032,43.919488],[-122.781955,43.91918],[-122.781955,43.918972],[-122.783101,43.918972]],[[-122.781727,43.919115],[-122.780814,43.918853],[-122.780594,43.918731],[-122.780595,43.91866],[-122.780865,43.918661],[-122.781727,43.918907],[-122.781727,43.919115]],[[-122.78144,43.918766],[-122.781356,43.918742],[-122.781262,43.918715],[-122.781072,43.918661],[-122.780977,43.918634],[-122.780883,43.918607],[-122.780605,43.918607],[-122.780605,43.918605],[-122.780608,43.918344],[-122.780637,43.918327],[-122.780884,43.918349],[-122.780978,43.918358],[-122.781073,43.918367],[-122.781263,43.918384],[-122.781267,43.918385],[-122.781297,43.918387],[-122.781358,43.918393],[-122.781466,43.918403],[-122.781737,43.918428],[-122.781736,43.918708],[-122.781735,43.91885],[-122.78144,43.918766]],[[-122.782818,43.918361],[-122.782439,43.918327],[-122.782344,43.918318],[-122.78206,43.918292],[-122.781965,43.918283],[-122.781738,43.918262],[-122.781453,43.918236],[-122.781358,43.918227],[-122.781263,43.918218],[-122.781169,43.91821],[-122.780884,43.918184],[-122.78075,43.918171],[-122.780638,43.918161],[-122.7806,43.918128],[-122.7806,43.918075],[-122.7806,43.917999],[-122.780885,43.918],[-122.781169,43.918],[-122.781264,43.918001],[-122.781359,43.918001],[-122.781454,43.918001],[-122.781739,43.918002],[-122.781966,43.918002],[-122.782061,43.918002],[-122.782346,43.918003],[-122.78244,43.918003],[-122.78282,43.918004],[-122.783104,43.918005],[-122.783103,43.918388],[-122.782818,43.918361]],[[-122.783332,43.918005],[-122.783522,43.918006],[-122.783711,43.918006],[-122.783901,43.918007],[-122.784091,43.918007],[-122.78428,43.918007],[-122.78447,43.918008],[-122.784469,43.918392],[-122.784279,43.918392],[-122.784089,43.918391],[-122.7839,43.918391],[-122.78371,43.91839],[-122.78352,43.91839],[-122.783331,43.918389],[-122.783332,43.918005]],[[-122.781964,43.918449],[-122.782344,43.918484],[-122.782533,43.918501],[-122.782723,43.918519],[-122.783102,43.918553],[-122.783101,43.918918],[-122.782722,43.918917],[-122.782532,43.918916],[-122.782342,43.918916],[-122.781963,43.918915],[-122.781964,43.918449]]],[[[-122.781732,43.919878],[-122.781731,43.920097],[-122.78173,43.920234],[-122.78173,43.920234],[-122.781957,43.920482],[-122.781957,43.920482],[-122.781958,43.920372],[-122.781958,43.920235],[-122.781959,43.920098],[-122.78196,43.919858],[-122.781732,43.919793],[-122.781732,43.919878]]],[[[-122.78249,43.920099],[-122.782489,43.920236],[-122.782489,43.920373],[-122.782488,43.920483],[-122.782488,43.920483],[-122.782564,43.920442],[-122.782564,43.920442],[-122.782565,43.920373],[-122.782565,43.920305],[-122.782565,43.920236],[-122.782566,43.920031],[-122.78249,43.92001],[-122.78249,43.920099]]]]}},{"type":"Feature","properties":{"MAPTAXLOT":"1901142303200","MAPNUMBER":"19011423","TAXLOT":"3200","ACCTNO":"0815330","MAPACRES":0.41776994},"geometry":{"type":"Polygon","coordinates":[[[-122.7812,43.919959],[-122.7812,43.920096],[-122.781199,43.920233],[-122.781199,43.920233],[-122.78173,43.920234],[-122.78173,43.920234],[-122.781731,43.920097],[-122.781732,43.919878],[-122.781201,43.919877],[-122.7812,43.919959]]]}},{"type":"Feature","properties":{"MAPTAXLOT":"1901142303700","MAPNUMBER":"19011423","TAXLOT":"3700","ACCTNO":"0815389","MAPACRES":0.28923989},"geometry":{"type":"Polygon","coordinates":[[[-122.781958,43.920372],[-122.781957,43.920482],[-122.781957,43.920482],[-122.782488,43.920483],[-122.782488,43.920483],[-122.782489,43.920373],[-122.782489,43.920236],[-122.781958,43.920235],[-122.781958,43.920372]]]}},{"type":"Feature","properties":{"MAPTAXLOT":"1901142303800","MAPNUMBER":"19011423","TAXLOT":"3800","ACCTNO":"0815397","MAPACRES":0.16068191},"geometry":{"type":"Polygon","coordinates":[[[-122.781958,43.920235],[-122.782489,43.920236],[-122.78249,43.920099],[-122.781959,43.920098],[-122.781958,43.920235]]]}},{"type":"Feature","properties":{"MAPTAXLOT":"1901142303900","MAPNUMBER":"19011423","TAXLOT":"3900","ACCTNO":"0815405","MAPACRES":0.19244607},"geometry":{"type":"Polygon","coordinates":[[[-122.781959,43.920098],[-122.78249,43.920099],[-122.78249,43.92001],[-122.78196,43.919858],[-122.781959,43.920098]]]}},{"type":"Feature","properties":{"MAPTAXLOT":"1901142304000","MAPNUMBER":"19011423","TAXLOT":"4000","ACCTNO":"0815413","MAPACRES":0.23107295},"geometry":{"type":"Polygon","coordinates":[[[-122.782565,43.920305],[-122.783091,43.920306],[-122.783091,43.920306],[-122.783092,43.920181],[-122.782566,43.920031],[-122.782565,43.920236],[-122.782565,43.920305]]]}},{"type":"Feature","properties":{"MAPTAXLOT":"1901142304100","MAPNUMBER":"19011423","TAXLOT":"4100","ACCTNO":"0815421","MAPACRES":0.15923568},"geometry":{"type":"Polygon","coordinates":[[[-122.782564,43.920442],[-122.783091,43.920443],[-122.783091,43.920443],[-122.783091,43.920443],[-122.783091,43.920306],[-122.783091,43.920306],[-122.782565,43.920305],[-122.782565,43.920373],[-122.782564,43.920442],[-122.782564,43.920442]]]}},{"type":"Feature","properties":{"MAPTAXLOT":"1901142304700","MAPNUMBER":"19011423","TAXLOT":"4700","ACCTNO":"0815512","MAPACRES":0.29137694},"geometry":{"type":"Polygon","coordinates":[[[-122.780594,43.919793],[-122.781125,43.919794],[-122.781125,43.919657],[-122.781126,43.91962],[-122.780595,43.919469],[-122.780594,43.919656],[-122.780594,43.919793]]]}},{"type":"Feature","properties":{"MAPTAXLOT":"1901142304800","MAPNUMBER":"19011423","TAXLOT":"4800","ACCTNO":"0815520","MAPACRES":0.18670464},"geometry":{"type":"Polygon","coordinates":[[[-122.781201,43.919877],[-122.781732,43.919878],[-122.781732,43.919793],[-122.781201,43.919642],[-122.781201,43.919794],[-122.781201,43.919877]]]}},{"type":"Feature","properties":{"MAPTAXLOT":"1901142304900","MAPNUMBER":"19011423","TAXLOT":"4900","ACCTNO":"0815538","MAPACRES":0.16412869},"geometry":{"type":"Polygon","coordinates":[[[-122.780608,43.918344],[-122.780605,43.918605],[-122.780605,43.918607],[-122.780883,43.918607],[-122.780884,43.918349],[-122.780637,43.918327],[-122.780608,43.918344]]]}},{"type":"Feature","properties":{"MAPTAXLOT":"1901142305000","MAPNUMBER":"19011423","TAXLOT":"5000","ACCTNO":"0815546","MAPACRES":0.05582345},"geometry":{"type":"Polygon","coordinates":[[[-122.780883,43.918607],[-122.780977,43.918634],[-122.780978,43.918358],[-122.780884,43.918349],[-122.780883,43.918607]]]}},{"type":"Feature","properties":{"MAPTAXLOT":"1901142305100","MAPNUMBER":"19011423","TAXLOT":"5100","ACCTNO":"0815553","MAPACRES":0.05965606},"geometry":{"type":"Polygon","coordinates":[[[-122.780977,43.918634],[-122.781072,43.918661],[-122.781073,43.918367],[-122.780978,43.918358],[-122.780977,43.918634]]]}},{"type":"Feature","properties":{"MAPTAXLOT":"1901142305200","MAPNUMBER":"19011423","TAXLOT":"5200","ACCTNO":"0815561","MAPACRES":0.13079542},"geometry":{"type":"Polygon","coordinates":[[[-122.781072,43.918661],[-122.781262,43.918715],[-122.781263,43.918384],[-122.781073,43.918367],[-122.781072,43.918661]]]}},{"type":"Feature","properties":{"MAPTAXLOT":"1901142305300","MAPNUMBER":"19011423","TAXLOT":"5300","ACCTNO":"0815579","MAPACRES":0.06376694},"geometry":{"type":"Polygon","coordinates":[[[-122.781262,43.918715],[-122.781356,43.918742],[-122.781358,43.918393],[-122.781297,43.918387],[-122.781266,43.918605],[-122.781267,43.918385],[-122.781263,43.918384],[-122.781262,43.918715]]]}},{"type":"Feature","properties":{"MAPTAXLOT":"1901142305301","MAPNUMBER":"19011423","TAXLOT":"5301","ACCTNO":"1407376","MAPACRES":0.00737577},"geometry":{"type":"Polygon","coordinates":[[[-122.781267,43.918385],[-122.781266,43.918605],[-122.781297,43.918387],[-122.781267,43.918385]]]}},{"type":"Feature","properties":{"MAPTAXLOT":"1901142305400","MAPNUMBER":"19011423","TAXLOT":"5400","ACCTNO":"0815587","MAPACRES":0.07592397},"geometry":{"type":"Polygon","coordinates":[[[-122.781356,43.918742],[-122.78144,43.918766],[-122.781447,43.918664],[-122.781451,43.918605],[-122.781466,43.918403],[-122.781466,43.918403],[-122.781358,43.918393],[-122.781356,43.918742]]]}},{"type":"Feature","properties":{"MAPTAXLOT":"1901142305500","MAPNUMBER":"19011423","TAXLOT":"5500","ACCTNO":"0815595","MAPACRES":0.16751771},"geometry":{"type":"Polygon","coordinates":[[[-122.781447,43.918664],[-122.781736,43.918708],[-122.781737,43.918428],[-122.781466,43.918403],[-122.781466,43.918403],[-122.781451,43.918605],[-122.781447,43.918664]]]}},{"type":"Feature","properties":{"MAPTAXLOT":"1901142305501","MAPNUMBER":"19011423","TAXLOT":"5501","ACCTNO":"1434560","MAPACRES":0.07941868},"geometry":{"type":"Polygon","coordinates":[[[-122.78144,43.918766],[-122.781735,43.91885],[-122.781736,43.918708],[-122.781447,43.918664],[-122.78144,43.918766]]]}},{"type":"Feature","properties":{"MAPTAXLOT":"1901142305600","MAPNUMBER":"19011423","TAXLOT":"5600","ACCTNO":"0815603","MAPACRES":0.4127314},"geometry":{"type":"Polygon","coordinates":[[[-122.781955,43.918972],[-122.783102,43.919299],[-122.783101,43.918972],[-122.781955,43.918972]]]}},{"type":"Feature","properties":{"MAPTAXLOT":"1901142305700","MAPNUMBER":"19011423","TAXLOT":"5700","ACCTNO":"0815611","MAPACRES":0.3758391},"geometry":{"type":"Polygon","coordinates":[[[-122.781963,43.918915],[-122.782342,43.918916],[-122.782344,43.918484],[-122.781964,43.918449],[-122.781963,43.918915]]]}},{"type":"Feature","properties":{"MAPTAXLOT":"1901142305800","MAPNUMBER":"19011423","TAXLOT":"5800","ACCTNO":"0815629","MAPACRES":0.17724496},"geometry":{"type":"Polygon","coordinates":[[[-122.782342,43.918916],[-122.782532,43.918916],[-122.782533,43.918501],[-122.782344,43.918484],[-122.782342,43.918916]]]}},{"type":"Feature","properties":{"MAPTAXLOT":"1901142305900","MAPNUMBER":"19011423","TAXLOT":"5900","ACCTNO":"0815637","MAPACRES":0.17013912},"geometry":{"type":"Polygon","coordinates":[[[-122.782532,43.918916],[-122.782722,43.918917],[-122.782723,43.918519],[-122.782533,43.918501],[-122.782532,43.918916]]]}},{"type":"Feature","properties":{"MAPTAXLOT":"1901142306000","MAPNUMBER":"19011423","TAXLOT":"6000","ACCTNO":"0815645","MAPACRES":0.31892565},"geometry":{"type":"Polygon","coordinates":[[[-122.782722,43.918917],[-122.783101,43.918918],[-122.783102,43.918553],[-122.782723,43.918519],[-122.782722,43.918917]]]}},{"type":"Feature","properties":{"MAPTAXLOT":"1901142306200","MAPNUMBER":"19011423","TAXLOT":"6200","ACCTNO":"0815678","MAPACRES":0.15878251},"geometry":{"type":"Polygon","coordinates":[[[-122.785082,43.918909],[-122.78508,43.918937],[-122.785083,43.91898],[-122.785092,43.919023],[-122.78511,43.919064],[-122.785134,43.919103],[-122.785165,43.91914],[-122.785201,43.919173],[-122.78552,43.919091],[-122.78552,43.919091],[-122.7854,43.918961],[-122.785082,43.918909]]]}},{"type":"Feature","properties":{"MAPTAXLOT":"1901142306201","MAPNUMBER":"19011423","TAXLOT":"6201","ACCTNO":"1249596","MAPACRES":0.16270805},"geometry":{"type":"Polygon","coordinates":[[[-122.785113,43.920108],[-122.785393,43.920192],[-122.785506,43.919959],[-122.785223,43.919881],[-122.785223,43.919881],[-122.785113,43.920108]]]}},{"type":"Feature","properties":{"MAPTAXLOT":"1901142306202","MAPNUMBER":"19011423","TAXLOT":"6202","ACCTNO":"1249604","MAPACRES":0.21688406},"geometry":{"type":"Polygon","coordinates":[[[-122.785506,43.919959],[-122.785684,43.920009],[-122.785684,43.920009],[-122.785686,43.919845],[-122.785607,43.919715],[-122.785607,43.919714],[-122.785607,43.919715],[-122.785582,43.919721],[-122.785556,43.919724],[-122.78553,43.919725],[-122.785504,43.919722],[-122.785478,43.919717],[-122.785454,43.919708],[-122.785433,43.919698],[-122.785413,43.919685],[-122.785406,43.919679],[-122.785397,43.919675],[-122.785387,43.919672],[-122.785377,43.919671],[-122.785367,43.91967],[-122.785356,43.919671],[-122.785346,43.919673],[-122.785337,43.919677],[-122.785329,43.919681],[-122.785321,43.919687],[-122.785316,43.919693],[-122.785311,43.9197],[-122.785223,43.919881],[-122.785223,43.919881],[-122.785506,43.919959]]]}},{"type":"Feature","properties":{"MAPTAXLOT":"1901142306203","MAPNUMBER":"19011423","TAXLOT":"6203","ACCTNO":"1249612","MAPACRES":0.25034911},"geometry":{"type":"Polygon","coordinates":[[[-122.785686,43.919845],[-122.786244,43.919843],[-122.786244,43.919843],[-122.786212,43.919789],[-122.786126,43.919647],[-122.786123,43.919642],[-122.785709,43.919613],[-122.785709,43.919613],[-122.785704,43.919634],[-122.785694,43.919653],[-122.785679,43.919672],[-122.785661,43.919688],[-122.785639,43.919702],[-122.785614,43.919712],[-122.785607,43.919714],[-122.785607,43.919715],[-122.785686,43.919845]]]}},{"type":"Feature","properties":{"MAPTAXLOT":"1901142306204","MAPNUMBER":"19011423","TAXLOT":"6204","ACCTNO":"1249620","MAPACRES":0.18573339},"geometry":{"type":"Polygon","coordinates":[[[-122.785709,43.919613],[-122.785709,43.919613],[-122.786123,43.919642],[-122.786041,43.919504],[-122.785983,43.919408],[-122.785953,43.919369],[-122.785908,43.919312],[-122.785655,43.919511],[-122.785673,43.919524],[-122.785688,43.91954],[-122.785699,43.919557],[-122.785706,43.919575],[-122.78571,43.919594],[-122.785709,43.919613]]]}},{"type":"Feature","properties":{"MAPTAXLOT":"1901142306205","MAPNUMBER":"19011423","TAXLOT":"6205","ACCTNO":"1249638","MAPACRES":0.22884274},"geometry":{"type":"Polygon","coordinates":[[[-122.785337,43.919341],[-122.785355,43.919388],[-122.785367,43.919436],[-122.785371,43.919485],[-122.785369,43.919533],[-122.785397,43.919533],[-122.785415,43.919517],[-122.785437,43.919502],[-122.785462,43.919491],[-122.78549,43.919483],[-122.785518,43.919479],[-122.785548,43.919478],[-122.785577,43.919481],[-122.785605,43.919488],[-122.785632,43.919497],[-122.785655,43.919511],[-122.785655,43.919511],[-122.785908,43.919312],[-122.785836,43.91922],[-122.785824,43.919205],[-122.785337,43.919341]]]}},{"type":"Feature","properties":{"MAPTAXLOT":"1901142306206","MAPNUMBER":"19011423","TAXLOT":"6206","ACCTNO":"1249646","MAPACRES":0.21357111},"geometry":{"type":"Polygon","coordinates":[[[-122.785201,43.919173],[-122.785244,43.919211],[-122.785281,43.919252],[-122.785312,43.919295],[-122.785337,43.919341],[-122.785824,43.919205],[-122.785697,43.919041],[-122.785696,43.91904],[-122.785696,43.91904],[-122.78552,43.919091],[-122.78552,43.919091],[-122.785201,43.919173]]]}},{"type":"Feature","properties":{"MAPTAXLOT":"1901142306207","MAPNUMBER":"19011423","TAXLOT":"6207","ACCTNO":"1249653","MAPACRES":0.15666176},"geometry":{"type":"Polygon","coordinates":[[[-122.784561,43.918955],[-122.7846,43.919169],[-122.78492,43.919086],[-122.784906,43.919046],[-122.784896,43.919006],[-122.784891,43.918965],[-122.784891,43.918924],[-122.784569,43.9189],[-122.784561,43.918955]]]}},{"type":"Feature","properties":{"MAPTAXLOT":"1901142306208","MAPNUMBER":"19011423","TAXLOT":"6208","ACCTNO":"1249661","MAPACRES":0.14726983},"geometry":{"type":"Polygon","coordinates":[[[-122.784605,43.919197],[-122.784757,43.919344],[-122.78506,43.919265],[-122.785024,43.919233],[-122.784991,43.919199],[-122.784963,43.919163],[-122.784939,43.919125],[-122.78492,43.919086],[-122.7846,43.919169],[-122.784605,43.919197]]]}},{"type":"Feature","properties":{"MAPTAXLOT":"1901142306209","MAPNUMBER":"19011423","TAXLOT":"6209","ACCTNO":"1249679","MAPACRES":0.18338759},"geometry":{"type":"Polygon","coordinates":[[[-122.784864,43.919536],[-122.785121,43.919535],[-122.785132,43.919534],[-122.785142,43.919532],[-122.785152,43.919528],[-122.78516,43.919524],[-122.785168,43.919519],[-122.785174,43.919512],[-122.785178,43.919505],[-122.785181,43.919498],[-122.785182,43.91949],[-122.785178,43.919449],[-122.785167,43.919409],[-122.785149,43.91937],[-122.785126,43.919332],[-122.785096,43.919297],[-122.78506,43.919265],[-122.784757,43.919344],[-122.784864,43.919536]]]}},{"type":"Feature","properties":{"MAPTAXLOT":"1901142306210","MAPNUMBER":"19011423","TAXLOT":"6210","ACCTNO":"1249687","MAPACRES":0.19779449},"geometry":{"type":"Polygon","coordinates":[[[-122.784381,43.919379],[-122.784384,43.919393],[-122.784385,43.919407],[-122.784386,43.919416],[-122.784389,43.919425],[-122.784394,43.919433],[-122.784402,43.919441],[-122.78441,43.919448],[-122.78442,43.919453],[-122.784432,43.919458],[-122.784536,43.919489],[-122.784599,43.919506],[-122.784664,43.919519],[-122.78473,43.919528],[-122.784796,43.919534],[-122.784864,43.919536],[-122.784757,43.919344],[-122.784605,43.919197],[-122.784381,43.919379]]]}},{"type":"Feature","properties":{"MAPTAXLOT":"1901142306211","MAPNUMBER":"19011423","TAXLOT":"6211","ACCTNO":"1249695","MAPACRES":0.23169254},"geometry":{"type":"Polygon","coordinates":[[[-122.784289,43.919296],[-122.784311,43.919305],[-122.784331,43.919316],[-122.784348,43.91933],[-122.784362,43.919345],[-122.784373,43.919361],[-122.784381,43.919379],[-122.784605,43.919197],[-122.7846,43.919169],[-122.784561,43.918955],[-122.784276,43.918956],[-122.784289,43.919296]]]}},{"type":"Feature","properties":{"MAPTAXLOT":"1901142306212","MAPNUMBER":"19011423","TAXLOT":"6212","ACCTNO":"1249703","MAPACRES":0.2188296},"geometry":{"type":"Polygon","coordinates":[[[-122.784142,43.919295],[-122.784166,43.919288],[-122.784191,43.919285],[-122.784216,43.919283],[-122.784241,43.919285],[-122.784266,43.919289],[-122.784289,43.919296],[-122.784276,43.918956],[-122.784045,43.918957],[-122.784045,43.918957],[-122.783931,43.918958],[-122.783933,43.919122],[-122.784142,43.919295]]]}},{"type":"Feature","properties":{"MAPTAXLOT":"1901142306213","MAPNUMBER":"19011423","TAXLOT":"6213","ACCTNO":"1249711","MAPACRES":0.19355587},"geometry":{"type":"Polygon","coordinates":[[[-122.783707,43.919377],[-122.784049,43.919377],[-122.784057,43.919359],[-122.784068,43.919343],[-122.784083,43.919328],[-122.7841,43.919315],[-122.78412,43.919304],[-122.784142,43.919295],[-122.783933,43.919122],[-122.783705,43.919123],[-122.783707,43.919377]]]}},{"type":"Feature","properties":{"MAPTAXLOT":"1901142306214","MAPNUMBER":"19011423","TAXLOT":"6214","ACCTNO":"1249729","MAPACRES":0.20691043},"geometry":{"type":"Polygon","coordinates":[[[-122.783337,43.919379],[-122.783707,43.919377],[-122.783705,43.919123],[-122.783335,43.919125],[-122.783337,43.919377],[-122.783337,43.919379]]]}},{"type":"Feature","properties":{"MAPTAXLOT":"1901142306215","MAPNUMBER":"19011423","TAXLOT":"6215","ACCTNO":"1249737","MAPACRES":0.1942242},"geometry":{"type":"Polygon","coordinates":[[[-122.783502,43.919622],[-122.78371,43.919685],[-122.783707,43.919377],[-122.783337,43.919379],[-122.783338,43.919514],[-122.783502,43.919622]]]}},{"type":"Feature","properties":{"MAPTAXLOT":"1901142306216","MAPNUMBER":"19011423","TAXLOT":"6216","ACCTNO":"1249745","MAPACRES":0.16201258},"geometry":{"type":"Polygon","coordinates":[[[-122.783707,43.919377],[-122.78371,43.919685],[-122.784078,43.919481],[-122.784064,43.919465],[-122.784054,43.919449],[-122.784047,43.919431],[-122.784044,43.919413],[-122.784044,43.919395],[-122.784049,43.919377],[-122.783707,43.919377]]]}},{"type":"Feature","properties":{"MAPTAXLOT":"1901142306217","MAPNUMBER":"19011423","TAXLOT":"6217","ACCTNO":"1249752","MAPACRES":0.17073576},"geometry":{"type":"Polygon","coordinates":[[[-122.78371,43.919685],[-122.784079,43.919796],[-122.784205,43.919538],[-122.784149,43.919521],[-122.784128,43.919513],[-122.78411,43.919504],[-122.784093,43.919493],[-122.784078,43.919481],[-122.784078,43.919481],[-122.78371,43.919685]]]}},{"type":"Feature","properties":{"MAPTAXLOT":"1901142306218","MAPNUMBER":"19011423","TAXLOT":"6218","ACCTNO":"1249760","MAPACRES":0.16845218},"geometry":{"type":"Polygon","coordinates":[[[-122.784079,43.919796],[-122.784337,43.919874],[-122.784463,43.919615],[-122.784205,43.919538],[-122.784205,43.919538],[-122.784079,43.919796]]]}},{"type":"Feature","properties":{"MAPTAXLOT":"1901142306219","MAPNUMBER":"19011423","TAXLOT":"6219","ACCTNO":"1249778","MAPACRES":0.16860905},"geometry":{"type":"Polygon","coordinates":[[[-122.784337,43.919874],[-122.784587,43.919949],[-122.784665,43.919789],[-122.784725,43.919666],[-122.784658,43.919658],[-122.784592,43.919647],[-122.784527,43.919633],[-122.784463,43.919616],[-122.784463,43.919615],[-122.784337,43.919874]]]}},{"type":"Feature","properties":{"MAPTAXLOT":"1901142306220","MAPNUMBER":"19011423","TAXLOT":"6220","ACCTNO":"1249786","MAPACRES":0.14779664},"geometry":{"type":"Polygon","coordinates":[[[-122.784665,43.919789],[-122.785016,43.919894],[-122.785095,43.91973],[-122.785098,43.919723],[-122.785099,43.919715],[-122.785098,43.919708],[-122.785095,43.919701],[-122.78509,43.919694],[-122.785084,43.919687],[-122.785077,43.919682],[-122.785068,43.919678],[-122.785058,43.919675],[-122.785048,43.919673],[-122.785038,43.919672],[-122.784865,43.919673],[-122.784795,43.919671],[-122.784725,43.919667],[-122.784725,43.919666],[-122.784665,43.919789]]]}},{"type":"Feature","properties":{"MAPTAXLOT":"1901142306221","MAPNUMBER":"19011423","TAXLOT":"6221","ACCTNO":"1249794","MAPACRES":0.14207537},"geometry":{"type":"Polygon","coordinates":[[[-122.784587,43.919949],[-122.784938,43.920055],[-122.785016,43.919894],[-122.784665,43.919789],[-122.784587,43.919949]]]}},{"type":"Feature","properties":{"MAPTAXLOT":"1901142306300","MAPNUMBER":"19011423","TAXLOT":"6300","ACCTNO":"0815686","MAPACRES":0.22021772},"geometry":{"type":"Polygon","coordinates":[[[-122.783705,43.919123],[-122.783933,43.919122],[-122.783931,43.918958],[-122.78367,43.918957],[-122.78333,43.918956],[-122.783335,43.919123],[-122.783335,43.919125],[-122.783705,43.919123]]]}},{"type":"Feature","properties":{"MAPTAXLOT":"1901142306400","MAPNUMBER":"19011423","TAXLOT":"6400","ACCTNO":"0815694","MAPACRES":0.29933867},"geometry":{"type":"Polygon","coordinates":[[[-122.78333,43.918956],[-122.78367,43.918957],[-122.783668,43.918807],[-122.783666,43.918556],[-122.78333,43.918555],[-122.783329,43.918918],[-122.78333,43.918956]]]}},{"type":"Feature","properties":{"MAPTAXLOT":"1901142306601","MAPNUMBER":"19011423","TAXLOT":"6601","ACCTNO":"0815702","MAPACRES":0.17030956},"geometry":{"type":"Polygon","coordinates":[[[-122.783931,43.918958],[-122.784045,43.918957],[-122.784045,43.918957],[-122.784042,43.918585],[-122.784041,43.918557],[-122.784003,43.918557],[-122.784004,43.918638],[-122.783875,43.918806],[-122.783668,43.918807],[-122.78367,43.918957],[-122.783931,43.918958]]]}},{"type":"Feature","properties":{"MAPTAXLOT":"1901142306602","MAPNUMBER":"19011423","TAXLOT":"6602","ACCTNO":"1595113","MAPACRES":0.16178213},"geometry":{"type":"Polygon","coordinates":[[[-122.783668,43.918807],[-122.783875,43.918806],[-122.784004,43.918638],[-122.784003,43.918557],[-122.783666,43.918556],[-122.783668,43.918807]]]}},{"type":"Feature","properties":{"MAPTAXLOT":"1901142306801","MAPNUMBER":"19011423","TAXLOT":"6801","ACCTNO":"0815728","MAPACRES":0.21337285},"geometry":{"type":"Polygon","coordinates":[[[-122.784276,43.918956],[-122.784561,43.918955],[-122.784569,43.9189],[-122.784569,43.918899],[-122.784607,43.918626],[-122.784325,43.918606],[-122.784277,43.918955],[-122.784276,43.918956]]]}},{"type":"Feature","properties":{"MAPTAXLOT":"1901142306802","MAPNUMBER":"19011423","TAXLOT":"6802","ACCTNO":"0815736","MAPACRES":0.20562081},"geometry":{"type":"Polygon","coordinates":[[[-122.784045,43.918957],[-122.784276,43.918956],[-122.784277,43.918955],[-122.784325,43.918606],[-122.784042,43.918585],[-122.784045,43.918957]]]}},{"type":"Feature","properties":{"MAPTAXLOT":"1901142307000","MAPNUMBER":"19011423","TAXLOT":"7000","ACCTNO":"0815751","MAPACRES":0.16066343},"geometry":{"type":"Polygon","coordinates":[[[-122.783331,43.918389],[-122.78352,43.91839],[-122.783522,43.918006],[-122.783332,43.918005],[-122.783331,43.918389]]]}},{"type":"Feature","properties":{"MAPTAXLOT":"1901142307100","MAPNUMBER":"19011423","TAXLOT":"7100","ACCTNO":"0815769","MAPACRES":0.16066089},"geometry":{"type":"Polygon","coordinates":[[[-122.78352,43.91839],[-122.78371,43.91839],[-122.783711,43.918006],[-122.783522,43.918006],[-122.78352,43.91839]]]}},{"type":"Feature","properties":{"MAPTAXLOT":"1901142307200","MAPNUMBER":"19011423","TAXLOT":"7200","ACCTNO":"0815777","MAPACRES":0.1606552},"geometry":{"type":"Polygon","coordinates":[[[-122.78371,43.91839],[-122.7839,43.918391],[-122.783901,43.918007],[-122.783711,43.918006],[-122.78371,43.91839]]]}},{"type":"Feature","properties":{"MAPTAXLOT":"1901142307300","MAPNUMBER":"19011423","TAXLOT":"7300","ACCTNO":"0815785","MAPACRES":0.48196409},"geometry":{"type":"Polygon","coordinates":[[[-122.784279,43.918392],[-122.784469,43.918392],[-122.78447,43.918008],[-122.78428,43.918007],[-122.784091,43.918007],[-122.783901,43.918007],[-122.7839,43.918391],[-122.784089,43.918391],[-122.784279,43.918392]]]}},{"type":"Feature","properties":{"MAPTAXLOT":"1901142307400","MAPNUMBER":"19011423","TAXLOT":"7400","ACCTNO":"0815793","MAPACRES":0.10614477},"geometry":{"type":"Polygon","coordinates":[[[-122.78075,43.918171],[-122.780884,43.918184],[-122.780885,43.918],[-122.7806,43.917999],[-122.7806,43.918075],[-122.7806,43.918128],[-122.780638,43.918161],[-122.78075,43.918171]]]}},{"type":"Feature","properties":{"MAPTAXLOT":"1901142307500","MAPNUMBER":"19011423","TAXLOT":"7500","ACCTNO":"0815801","MAPACRES":0.12336595},"geometry":{"type":"Polygon","coordinates":[[[-122.780884,43.918184],[-122.781169,43.91821],[-122.781169,43.918],[-122.780885,43.918],[-122.780884,43.918184]]]}},{"type":"Feature","properties":{"MAPTAXLOT":"1901142307600","MAPNUMBER":"19011423","TAXLOT":"7600","ACCTNO":"0815819","MAPACRES":0.04467851},"geometry":{"type":"Polygon","coordinates":[[[-122.781169,43.91821],[-122.781263,43.918218],[-122.781264,43.918001],[-122.781169,43.918],[-122.781169,43.91821]]]}},{"type":"Feature","properties":{"MAPTAXLOT":"1901142307700","MAPNUMBER":"19011423","TAXLOT":"7700","ACCTNO":"0815827","MAPACRES":0.04645673},"geometry":{"type":"Polygon","coordinates":[[[-122.781263,43.918218],[-122.781358,43.918227],[-122.781359,43.918001],[-122.781264,43.918001],[-122.781263,43.918218]]]}},{"type":"Feature","properties":{"MAPTAXLOT":"1901142308100","MAPNUMBER":"19011423","TAXLOT":"8100","ACCTNO":"0815876","MAPACRES":0.3990537},"geometry":{"type":"Polygon","coordinates":[[[-122.781358,43.918227],[-122.781453,43.918236],[-122.781738,43.918262],[-122.781965,43.918283],[-122.78206,43.918292],[-122.782061,43.918002],[-122.781966,43.918002],[-122.781739,43.918002],[-122.781454,43.918001],[-122.781359,43.918001],[-122.781358,43.918227]]]}},{"type":"Feature","properties":{"MAPTAXLOT":"1901142308300","MAPNUMBER":"19011423","TAXLOT":"8300","ACCTNO":"0815892","MAPACRES":0.18952367},"geometry":{"type":"Polygon","coordinates":[[[-122.78206,43.918292],[-122.782344,43.918318],[-122.782346,43.918003],[-122.782061,43.918002],[-122.78206,43.918292]]]}},{"type":"Feature","properties":{"MAPTAXLOT":"1901142308400","MAPNUMBER":"19011423","TAXLOT":"8400","ACCTNO":"0815900","MAPACRES":0.06673183},"geometry":{"type":"Polygon","coordinates":[[[-122.782344,43.918318],[-122.782439,43.918327],[-122.78244,43.918003],[-122.782346,43.918003],[-122.782344,43.918318]]]}},{"type":"Feature","properties":{"MAPTAXLOT":"1901142308500","MAPNUMBER":"19011423","TAXLOT":"8500","ACCTNO":"0815918","MAPACRES":0.28470224},"geometry":{"type":"Polygon","coordinates":[[[-122.782439,43.918327],[-122.782818,43.918361],[-122.78282,43.918004],[-122.78244,43.918003],[-122.782439,43.918327]]]}},{"type":"Feature","properties":{"MAPTAXLOT":"1901142308600","MAPNUMBER":"19011423","TAXLOT":"8600","ACCTNO":"0815926","MAPACRES":0.23220247},"geometry":{"type":"Polygon","coordinates":[[[-122.782818,43.918361],[-122.783103,43.918388],[-122.783104,43.918005],[-122.78282,43.918004],[-122.782818,43.918361]]]}},{"type":"Feature","properties":{"MAPTAXLOT":"1901142308702","MAPNUMBER":"19011423","TAXLOT":"8702","ACCTNO":"0815967","MAPACRES":0.22251418},"geometry":{"type":"Polygon","coordinates":[[[-122.7854,43.918961],[-122.78552,43.919091],[-122.785696,43.91904],[-122.785696,43.91904],[-122.785697,43.91904],[-122.785697,43.91904],[-122.785701,43.918706],[-122.785673,43.918704],[-122.785437,43.918687],[-122.7854,43.918961]]]}},{"type":"Feature","properties":{"MAPTAXLOT":"1901142308703","MAPNUMBER":"19011423","TAXLOT":"8703","ACCTNO":"0815975","MAPACRES":0.18543636},"geometry":{"type":"Polygon","coordinates":[[[-122.785082,43.918909],[-122.7854,43.918961],[-122.785437,43.918687],[-122.785409,43.918685],[-122.785116,43.918664],[-122.785082,43.918909]]]}},{"type":"Feature","properties":{"MAPTAXLOT":"1901142308704","MAPNUMBER":"19011423","TAXLOT":"8704","ACCTNO":"0815983","MAPACRES":0.19607726},"geometry":{"type":"Polygon","coordinates":[[[-122.784569,43.9189],[-122.784891,43.918924],[-122.784891,43.918922],[-122.784894,43.918895],[-122.784927,43.918649],[-122.784607,43.918626],[-122.784569,43.918899],[-122.784569,43.9189]]]}},{"type":"Feature","properties":{"MAPTAXLOT":"1901142308801","MAPNUMBER":"19011423","TAXLOT":"8801","ACCTNO":"1915549","MAPACRES":0.52367697},"geometry":{"type":"Polygon","coordinates":[[[-122.781955,43.91918],[-122.783032,43.919488],[-122.783101,43.919455],[-122.783102,43.919299],[-122.781955,43.918972],[-122.781955,43.91918]]]}},{"type":"Feature","properties":{"MAPTAXLOT":"1901142308802","MAPNUMBER":"19011423","TAXLOT":"8802","ACCTNO":"1915555","MAPACRES":0.48076816},"geometry":{"type":"Polygon","coordinates":[[[-122.781727,43.918907],[-122.780865,43.918661],[-122.780595,43.91866],[-122.780594,43.918731],[-122.780814,43.918853],[-122.781727,43.919115],[-122.781727,43.918907]]]}},{"type":"Feature","properties":{"MAPTAXLOT":"1901142309000","MAPNUMBER":"19011423","TAXLOT":"9000","ACCTNO":"1763687","MAPACRES":0.15534705},"geometry":{"type":"Polygon","coordinates":[[[-122.785393,43.920192],[-122.78538,43.920218],[-122.78568,43.920304],[-122.78568,43.920304],[-122.78568,43.920304],[-122.78568,43.920279],[-122.78568,43.920279],[-122.785684,43.920009],[-122.785506,43.919959],[-122.785393,43.920192]]]}},{"type":"Feature","properties":{"MAPTAXLOT":"1901142309100","MAPNUMBER":"19011423","TAXLOT":"9100","ACCTNO":"0816510","MAPACRES":4.87025197},"geometry":{"type":"Polygon","coordinates":[[[-122.784698,43.918008],[-122.784696,43.918393],[-122.785705,43.918395],[-122.785705,43.918395],[-122.785705,43.918365],[-122.785705,43.918365],[-122.785707,43.918201],[-122.785707,43.918201],[-122.785709,43.918036],[-122.785709,43.918036],[-122.78571,43.917872],[-122.78571,43.917872],[-122.785712,43.917759],[-122.785712,43.917759],[-122.785714,43.917542],[-122.785714,43.917542],[-122.785716,43.917378],[-122.785716,43.917378],[-122.785717,43.917213],[-122.783335,43.91721],[-122.783332,43.91795],[-122.784698,43.917954],[-122.784698,43.918008]]]}},{"type":"Feature","properties":{"MAPTAXLOT":"1901142309200","MAPNUMBER":"19011423","TAXLOT":"9200","ACCTNO":"0816528","MAPACRES":1.81138946},"geometry":{"type":"Polygon","coordinates":[[[-122.783335,43.91721],[-122.785717,43.917213],[-122.785717,43.917213],[-122.785719,43.916767],[-122.785719,43.916767],[-122.785719,43.916767],[-122.785347,43.916764],[-122.784892,43.916763],[-122.784323,43.916762],[-122.783981,43.916761],[-122.78398,43.917145],[-122.783335,43.917144],[-122.783335,43.91721]]]}},{"type":"Feature","properties":{"MAPTAXLOT":"1901142309300","MAPNUMBER":"19011423","TAXLOT":"9300","ACCTNO":"0816601","MAPACRES":0.3534095},"geometry":{"type":"Polygon","coordinates":[[[-122.783335,43.917144],[-122.78398,43.917145],[-122.783981,43.916761],[-122.783792,43.916761],[-122.783791,43.916953],[-122.783336,43.916952],[-122.783335,43.917144]]]}},{"type":"Feature","properties":{"MAPTAXLOT":"1901142309400","MAPNUMBER":"19011423","TAXLOT":"9400","ACCTNO":"0816593","MAPACRES":0.26711273},"geometry":{"type":"Polygon","coordinates":[[[-122.783336,43.916952],[-122.783791,43.916953],[-122.783792,43.916761],[-122.783792,43.916761],[-122.783792,43.916687],[-122.783337,43.916686],[-122.783336,43.916952]]]}},{"type":"Feature","properties":{"MAPTAXLOT":"1901142309500","MAPNUMBER":"19011423","TAXLOT":"9500","ACCTNO":"0816502","MAPACRES":7.32936848},"geometry":{"type":"Polygon","coordinates":[[[-122.780601,43.917944],[-122.783105,43.91795],[-122.783109,43.916622],[-122.780655,43.916616],[-122.780606,43.916651],[-122.780606,43.916651],[-122.780603,43.917341],[-122.780601,43.917944]]]}},{"type":"Feature","properties":{"MAPTAXLOT":"1901142309600","MAPNUMBER":"19011423","TAXLOT":"9600","ACCTNO":"1405891","MAPACRES":0.45039712},"geometry":{"type":"Polygon","coordinates":[[[-122.783324,43.920243],[-122.783764,43.920369],[-122.783907,43.920117],[-122.783907,43.920117],[-122.783951,43.920039],[-122.783325,43.91986],[-122.783324,43.920243],[-122.783324,43.920243]]]}},{"type":"Feature","properties":{"MAPTAXLOT":"1901142309700","MAPNUMBER":"19011423","TAXLOT":"9700","ACCTNO":"1405909","MAPACRES":2.11069687},"geometry":{"type":"Polygon","coordinates":[[[-122.782566,43.920031],[-122.783092,43.920181],[-122.783094,43.919798],[-122.780597,43.919086],[-122.780595,43.919469],[-122.781126,43.91962],[-122.781201,43.919642],[-122.781732,43.919793],[-122.78196,43.919858],[-122.78249,43.92001],[-122.782566,43.920031]]]}},{"type":"Feature","properties":{"MAPTAXLOT":"1901142309806","MAPNUMBER":"19011423","TAXLOT":"9806","ACCTNO":"1483377","MAPACRES":0.13523103},"geometry":{"type":"Polygon","coordinates":[[[-122.784201,43.920493],[-122.784399,43.92055],[-122.784399,43.92055],[-122.784541,43.920301],[-122.784329,43.92024],[-122.784187,43.920489],[-122.784187,43.920489],[-122.784201,43.920493]]]}},{"type":"Feature","properties":{"MAPTAXLOT":"1901142309807","MAPNUMBER":"19011423","TAXLOT":"9807","ACCTNO":"1483385","MAPACRES":0.1353959},"geometry":{"type":"Polygon","coordinates":[[[-122.784466,43.920569],[-122.784611,43.92061],[-122.784611,43.92061],[-122.784753,43.92036],[-122.784541,43.920301],[-122.784399,43.92055],[-122.784399,43.92055],[-122.784466,43.920569]]]}},{"type":"Feature","properties":{"MAPTAXLOT":"1901142309809","MAPNUMBER":"19011423","TAXLOT":"9809","ACCTNO":"1485430","MAPACRES":0.13549374},"geometry":{"type":"Polygon","coordinates":[[[-122.783976,43.920429],[-122.784187,43.920489],[-122.784187,43.920489],[-122.784329,43.92024],[-122.784117,43.920179],[-122.783976,43.920429],[-122.783976,43.920429]]]}},{"type":"Feature","properties":{"MAPTAXLOT":"1901142309810","MAPNUMBER":"19011423","TAXLOT":"9810","ACCTNO":"1508272","MAPACRES":0.13752335},"geometry":{"type":"Polygon","coordinates":[[[-122.784693,43.920634],[-122.784828,43.920672],[-122.784855,43.920621],[-122.784855,43.920621],[-122.784965,43.920419],[-122.784753,43.92036],[-122.784611,43.92061],[-122.784611,43.92061],[-122.784692,43.920633],[-122.784693,43.920634]]]}},{"type":"Feature","properties":{"MAPTAXLOT":"1901142309811","MAPNUMBER":"19011423","TAXLOT":"9811","ACCTNO":"1508280","MAPACRES":0.14445636},"geometry":{"type":"Polygon","coordinates":[[[-122.785074,43.920687],[-122.785186,43.920721],[-122.785186,43.92072],[-122.785187,43.92048],[-122.784965,43.920419],[-122.784855,43.920621],[-122.784855,43.920621],[-122.785074,43.920687]]]}},{"type":"Feature","properties":{"MAPTAXLOT":"1901142309900","MAPNUMBER":"19011423","TAXLOT":"9900","ACCTNO":"0815322","MAPACRES":0.32289902},"geometry":{"type":"Polygon","coordinates":[[[-122.780592,43.920232],[-122.780592,43.920369],[-122.780592,43.920373],[-122.780592,43.920373],[-122.781123,43.920373],[-122.781123,43.920373],[-122.781123,43.92037],[-122.781123,43.92037],[-122.781123,43.920233],[-122.781124,43.920096],[-122.780593,43.920098],[-122.780592,43.920232]]]}},{"type":"Feature","properties":{"MAPTAXLOT":"1901142310000","MAPNUMBER":"19011423","TAXLOT":"10000","ACCTNO":"1759875","MAPACRES":0.16277071},"geometry":{"type":"Polygon","coordinates":[[[-122.780593,43.920098],[-122.781124,43.920096],[-122.781124,43.919959],[-122.780593,43.919958],[-122.780593,43.920095],[-122.780593,43.920098]]]}},{"type":"Feature","properties":{"MAPTAXLOT":"1901142400077","MAPNUMBER":"19011424","TAXLOT":"77","ACCTNO":"000None","MAPACRES":6.93966968},"geometry":{"type":"Polygon","coordinates":[[[-122.779094,43.92023],[-122.779069,43.920504],[-122.779069,43.920505],[-122.779319,43.920264],[-122.779319,43.920263],[-122.779335,43.920092],[-122.779347,43.919955],[-122.779758,43.919956],[-122.779758,43.920093],[-122.779757,43.92023],[-122.779757,43.920264],[-122.779833,43.920367],[-122.779833,43.92023],[-122.779834,43.920093],[-122.779834,43.919956],[-122.780365,43.919957],[-122.780365,43.919957],[-122.780366,43.919792],[-122.779835,43.919791],[-122.779835,43.919654],[-122.779836,43.919517],[-122.779837,43.919253],[-122.779761,43.919231],[-122.779761,43.91938],[-122.77976,43.919517],[-122.779759,43.919654],[-122.779759,43.919791],[-122.779362,43.91979],[-122.779387,43.919516],[-122.779421,43.919134],[-122.779447,43.918847],[-122.779451,43.9188],[-122.779563,43.918732],[-122.78037,43.918962],[-122.78037,43.918962],[-122.78037,43.918962],[-122.78037,43.918667],[-122.780237,43.918747],[-122.779589,43.918562],[-122.779574,43.918543],[-122.779476,43.918413],[-122.779501,43.918273],[-122.77951,43.918223],[-122.780089,43.918276],[-122.780308,43.918297],[-122.780371,43.918349],[-122.780371,43.918349],[-122.780372,43.918097],[-122.780372,43.918097],[-122.780323,43.918132],[-122.780084,43.91811],[-122.779807,43.918085],[-122.779604,43.918066],[-122.779334,43.918041],[-122.779291,43.918037],[-122.779121,43.918021],[-122.779086,43.918018],[-122.778861,43.917962],[-122.77886,43.917961],[-122.778306,43.917754],[-122.778308,43.917335],[-122.778308,43.917267],[-122.778309,43.916896],[-122.778309,43.916897],[-122.778156,43.917335],[-122.778155,43.917682],[-122.777863,43.917544],[-122.7778,43.917613],[-122.777741,43.917566],[-122.777602,43.917454],[-122.777563,43.917423],[-122.777562,43.917422],[-122.777562,43.917422],[-122.777562,43.917422],[-122.777562,43.917422],[-122.777561,43.917421],[-122.777561,43.917421],[-122.777561,43.917421],[-122.77756,43.91742],[-122.77756,43.91742],[-122.777558,43.917419],[-122.777558,43.917419],[-122.777435,43.91748],[-122.777333,43.91753],[-122.777334,43.91753],[-122.777412,43.917539],[-122.777459,43.917545],[-122.777461,43.917546],[-122.7776,43.917657],[-122.777742,43.917771],[-122.777787,43.917784],[-122.778017,43.91785],[-122.778058,43.917862],[-122.778224,43.917955],[-122.778364,43.918034],[-122.77842,43.918082],[-122.778471,43.918128],[-122.778686,43.918147],[-122.778754,43.918192],[-122.778819,43.918239],[-122.778881,43.918288],[-122.778881,43.918288],[-122.778877,43.91829],[-122.778738,43.918362],[-122.778739,43.918362],[-122.778763,43.918383],[-122.778752,43.918389],[-122.778715,43.918405],[-122.778675,43.918418],[-122.778633,43.918426],[-122.77859,43.91843],[-122.778547,43.918429],[-122.778504,43.918424],[-122.778463,43.918415],[-122.778268,43.918359],[-122.778039,43.918293],[-122.777809,43.918227],[-122.77758,43.918161],[-122.777351,43.918096],[-122.777122,43.91803],[-122.776896,43.917965],[-122.776892,43.917964],[-122.776838,43.917952],[-122.776781,43.917944],[-122.776724,43.917942],[-122.776667,43.917945],[-122.77666,43.917945],[-122.776653,43.917945],[-122.776646,43.917943],[-122.776639,43.917941],[-122.776633,43.917939],[-122.776628,43.917936],[-122.776624,43.917932],[-122.77662,43.917927],[-122.776617,43.917923],[-122.776609,43.917909],[-122.776598,43.917896],[-122.776585,43.917884],[-122.776569,43.917874],[-122.776551,43.917866],[-122.776532,43.917859],[-122.776379,43.91782],[-122.776175,43.917769],[-122.77597,43.917719],[-122.77594,43.917784],[-122.776221,43.917852],[-122.7765,43.917924],[-122.776506,43.917926],[-122.776513,43.917929],[-122.776518,43.917933],[-122.776522,43.917937],[-122.776526,43.917942],[-122.776528,43.917947],[-122.776529,43.917952],[-122.776529,43.917958],[-122.776528,43.917963],[-122.776526,43.917968],[-122.776522,43.917973],[-122.776518,43.917977],[-122.776512,43.917981],[-122.776506,43.917984],[-122.776462,43.918004],[-122.776421,43.918028],[-122.776385,43.918055],[-122.776353,43.918085],[-122.77633,43.918112],[-122.776311,43.91814],[-122.776251,43.918238],[-122.77625,43.91824],[-122.776429,43.918286],[-122.77643,43.918285],[-122.776485,43.918195],[-122.776504,43.918168],[-122.776528,43.918145],[-122.776557,43.918124],[-122.77659,43.918107],[-122.776627,43.918094],[-122.776666,43.918084],[-122.776706,43.91808],[-122.776747,43.91808],[-122.776787,43.918084],[-122.776826,43.918093],[-122.77686,43.918102],[-122.777104,43.918172],[-122.777347,43.918242],[-122.77759,43.918312],[-122.777834,43.918382],[-122.778077,43.918452],[-122.778321,43.918521],[-122.778393,43.918542],[-122.778438,43.918553],[-122.778485,43.918561],[-122.778532,43.918566],[-122.77858,43.918567],[-122.77863,43.918565],[-122.77868,43.918559],[-122.778728,43.918549],[-122.778775,43.918536],[-122.77882,43.91852],[-122.778863,43.9185],[-122.779021,43.918418],[-122.779026,43.918415],[-122.779097,43.918479],[-122.77924,43.918608],[-122.77924,43.918611],[-122.779232,43.918697],[-122.779232,43.9187],[-122.77923,43.918723],[-122.779198,43.919071],[-122.779183,43.919241],[-122.779155,43.919515],[-122.779131,43.919789],[-122.778737,43.919789],[-122.778468,43.919789],[-122.778469,43.919515],[-122.778469,43.919514],[-122.77847,43.91924],[-122.778471,43.918863],[-122.778398,43.918844],[-122.778395,43.918844],[-122.778394,43.919488],[-122.778392,43.919789],[-122.778093,43.919788],[-122.777789,43.919788],[-122.77754,43.919787],[-122.77753,43.919787],[-122.777521,43.919785],[-122.777512,43.919782],[-122.777504,43.919778],[-122.777497,43.919773],[-122.777491,43.919767],[-122.777487,43.91976],[-122.777484,43.919753],[-122.777483,43.919746],[-122.777484,43.919555],[-122.777485,43.919548],[-122.777487,43.919542],[-122.77749,43.919536],[-122.777495,43.919531],[-122.777501,43.919526],[-122.777508,43.919521],[-122.777516,43.919518],[-122.777524,43.919516],[-122.777533,43.919514],[-122.777542,43.919514],[-122.777569,43.919502],[-122.777592,43.919486],[-122.777612,43.919468],[-122.777627,43.919448],[-122.777637,43.919427],[-122.777643,43.919404],[-122.777643,43.919381],[-122.777638,43.919359],[-122.777628,43.919337],[-122.777612,43.919317],[-122.777593,43.919299],[-122.777569,43.919283],[-122.777542,43.919271],[-122.777512,43.919262],[-122.77748,43.919256],[-122.777448,43.919255],[-122.777415,43.919258],[-122.777383,43.919265],[-122.777354,43.919276],[-122.777328,43.91929],[-122.777306,43.919307],[-122.777288,43.919326],[-122.777274,43.919347],[-122.777267,43.91937],[-122.777264,43.919393],[-122.777267,43.919417],[-122.777276,43.919439],[-122.777276,43.91944],[-122.777283,43.919445],[-122.777288,43.91945],[-122.777292,43.919456],[-122.777295,43.919463],[-122.777296,43.919469],[-122.777296,43.919476],[-122.777294,43.919746],[-122.777294,43.919746],[-122.777293,43.919752],[-122.777291,43.919758],[-122.777287,43.919764],[-122.777283,43.91977],[-122.777277,43.919775],[-122.77727,43.919779],[-122.777262,43.919782],[-122.777254,43.919785],[-122.777245,43.919786],[-122.777237,43.919787],[-122.776986,43.919786],[-122.776654,43.919786],[-122.776537,43.919786],[-122.776388,43.919753],[-122.776125,43.919696],[-122.775858,43.919637],[-122.775586,43.919577],[-122.77541,43.919539],[-122.77495,43.919438],[-122.774514,43.919342],[-122.774498,43.91951],[-122.774499,43.91951],[-122.774746,43.919565],[-122.775116,43.919646],[-122.775411,43.91971],[-122.775412,43.919711],[-122.77566,43.919765],[-122.775914,43.919821],[-122.776132,43.919869],[-122.776394,43.919926],[-122.776506,43.91995],[-122.776635,43.91995],[-122.777371,43.919951],[-122.777885,43.919952],[-122.778341,43.919953],[-122.77872,43.919954],[-122.779119,43.919954],[-122.779094,43.92023]]]}},{"type":"Feature","properties":{"MAPTAXLOT":"1901142400900","MAPNUMBER":"19011424","TAXLOT":"900","ACCTNO":"0816106","MAPACRES":0.16274303},"geometry":{"type":"Polygon","coordinates":[[[-122.779319,43.920263],[-122.779757,43.920264],[-122.779757,43.92023],[-122.779758,43.920093],[-122.779335,43.920092],[-122.779319,43.920263]]]}},{"type":"Feature","properties":{"MAPTAXLOT":"1901142401000","MAPNUMBER":"19011424","TAXLOT":"1000","ACCTNO":"0816114","MAPACRES":0.12616604},"geometry":{"type":"Polygon","coordinates":[[[-122.779335,43.920092],[-122.779758,43.920093],[-122.779758,43.919956],[-122.779347,43.919955],[-122.779335,43.920092]]]}},{"type":"Feature","properties":{"MAPTAXLOT":"1901142401100","MAPNUMBER":"19011424","TAXLOT":"1100","ACCTNO":"0816122","MAPACRES":0.16069214},"geometry":{"type":"Polygon","coordinates":[[[-122.779833,43.92023],[-122.780364,43.920231],[-122.780364,43.920231],[-122.780365,43.920094],[-122.779834,43.920093],[-122.779833,43.92023]]]}},{"type":"Feature","properties":{"MAPTAXLOT":"1901142401101","MAPNUMBER":"19011424","TAXLOT":"1101","ACCTNO":"0816130","MAPACRES":0.1606862},"geometry":{"type":"Polygon","coordinates":[[[-122.779834,43.920093],[-122.780365,43.920094],[-122.780365,43.920094],[-122.780365,43.919957],[-122.779834,43.919956],[-122.779834,43.920093]]]}},{"type":"Feature","properties":{"MAPTAXLOT":"1901142401200","MAPNUMBER":"19011424","TAXLOT":"1200","ACCTNO":"0816148","MAPACRES":0.16068966},"geometry":{"type":"Polygon","coordinates":[[[-122.779833,43.920367],[-122.780364,43.920369],[-122.780364,43.920369],[-122.780364,43.920231],[-122.779833,43.92023],[-122.779833,43.920367]]]}},{"type":"Feature","properties":{"MAPTAXLOT":"1901142401500","MAPNUMBER":"19011424","TAXLOT":"1500","ACCTNO":"0816171","MAPACRES":0.23306201},"geometry":{"type":"Polygon","coordinates":[[[-122.779362,43.91979],[-122.779759,43.919791],[-122.779759,43.919654],[-122.77976,43.919517],[-122.779387,43.919516],[-122.779362,43.91979]]]}},{"type":"Feature","properties":{"MAPTAXLOT":"1901142401600","MAPNUMBER":"19011424","TAXLOT":"1600","ACCTNO":"0816197","MAPACRES":0.26445664},"geometry":{"type":"Polygon","coordinates":[[[-122.779387,43.919516],[-122.77976,43.919517],[-122.779761,43.91938],[-122.779761,43.919231],[-122.779421,43.919134],[-122.779387,43.919516]]]}},{"type":"Feature","properties":{"MAPTAXLOT":"1901142401900","MAPNUMBER":"19011424","TAXLOT":"1900","ACCTNO":"0816221","MAPACRES":0.56586928},"geometry":{"type":"Polygon","coordinates":[[[-122.779836,43.919517],[-122.780367,43.919518],[-122.780367,43.919518],[-122.780368,43.919404],[-122.780368,43.919404],[-122.78037,43.919111],[-122.78037,43.919111],[-122.779839,43.918959],[-122.779837,43.919253],[-122.779836,43.919517]]]}},{"type":"Feature","properties":{"MAPTAXLOT":"1901142402000","MAPNUMBER":"19011424","TAXLOT":"2000","ACCTNO":"0816239","MAPACRES":0.32136795},"geometry":{"type":"Polygon","coordinates":[[[-122.779835,43.919791],[-122.780366,43.919792],[-122.780366,43.919792],[-122.780367,43.919655],[-122.780367,43.919518],[-122.779836,43.919517],[-122.779835,43.919654],[-122.779835,43.919791]]]}},{"type":"Feature","properties":{"MAPTAXLOT":"1901142402100","MAPNUMBER":"19011424","TAXLOT":"2100","ACCTNO":"0816247","MAPACRES":0.5014293},"geometry":{"type":"Polygon","coordinates":[[[-122.779573,43.91844],[-122.780088,43.918587],[-122.78037,43.918667],[-122.78037,43.918667],[-122.780371,43.918349],[-122.780308,43.918297],[-122.780089,43.918276],[-122.77951,43.918223],[-122.779501,43.918273],[-122.779642,43.918312],[-122.779573,43.91844]]]}},{"type":"Feature","properties":{"MAPTAXLOT":"1901142402201","MAPNUMBER":"19011424","TAXLOT":"2201","ACCTNO":"1909695","MAPACRES":0.03855861},"geometry":{"type":"Polygon","coordinates":[[[-122.779501,43.918273],[-122.779476,43.918413],[-122.779573,43.91844],[-122.779642,43.918312],[-122.779501,43.918273]]]}},{"type":"Feature","properties":{"MAPTAXLOT":"1901142402301","MAPNUMBER":"19011424","TAXLOT":"2301","ACCTNO":"1246832","MAPACRES":0.43662712},"geometry":{"type":"Polygon","coordinates":[[[-122.77847,43.91924],[-122.779183,43.919241],[-122.779198,43.919071],[-122.779028,43.919022],[-122.778471,43.918863],[-122.77847,43.91924]]]}},{"type":"Feature","properties":{"MAPTAXLOT":"1901142402302","MAPNUMBER":"19011424","TAXLOT":"2302","ACCTNO":"1302247","MAPACRES":0.42346411},"geometry":{"type":"Polygon","coordinates":[[[-122.778738,43.919515],[-122.779155,43.919515],[-122.779183,43.919241],[-122.77847,43.91924],[-122.778469,43.919514],[-122.778469,43.919515],[-122.778738,43.919515]]]}},{"type":"Feature","properties":{"MAPTAXLOT":"1901142402303","MAPNUMBER":"19011424","TAXLOT":"2303","ACCTNO":"1783982","MAPACRES":0.24506591},"geometry":{"type":"Polygon","coordinates":[[[-122.779155,43.919515],[-122.778738,43.919515],[-122.778737,43.919789],[-122.779131,43.919789],[-122.779155,43.919515]]]}},{"type":"Feature","properties":{"MAPTAXLOT":"1901142402304","MAPNUMBER":"19011424","TAXLOT":"2304","ACCTNO":"1783990","MAPACRES":0.16234036},"geometry":{"type":"Polygon","coordinates":[[[-122.778738,43.919515],[-122.778469,43.919515],[-122.778468,43.919789],[-122.778737,43.919789],[-122.778738,43.919515]]]}},{"type":"Feature","properties":{"MAPTAXLOT":"1901142402400","MAPNUMBER":"19011424","TAXLOT":"2400","ACCTNO":"0816270","MAPACRES":0.23850153},"geometry":{"type":"Polygon","coordinates":[[[-122.778707,43.920229],[-122.779094,43.92023],[-122.779119,43.919954],[-122.77872,43.919954],[-122.778707,43.920229]]]}},{"type":"Feature","properties":{"MAPTAXLOT":"1901142402401","MAPNUMBER":"19011424","TAXLOT":"2401","ACCTNO":"1091998","MAPACRES":0.23047449},"geometry":{"type":"Polygon","coordinates":[[[-122.778328,43.920228],[-122.778707,43.920229],[-122.77872,43.919954],[-122.778341,43.919953],[-122.778328,43.920228]]]}},{"type":"Feature","properties":{"MAPTAXLOT":"1901142402402","MAPNUMBER":"19011424","TAXLOT":"2402","ACCTNO":"1092004","MAPACRES":0.75851421},"geometry":{"type":"Polygon","coordinates":[[[-122.776622,43.920225],[-122.777872,43.920227],[-122.777885,43.919952],[-122.777371,43.919951],[-122.776635,43.91995],[-122.776622,43.920225]]]}},{"type":"Feature","properties":{"MAPTAXLOT":"1901142402403","MAPNUMBER":"19011424","TAXLOT":"2403","ACCTNO":"1201514","MAPACRES":0.27660593},"geometry":{"type":"Polygon","coordinates":[[[-122.777956,43.920227],[-122.778328,43.920228],[-122.778341,43.919953],[-122.777885,43.919952],[-122.777872,43.920227],[-122.777956,43.920227]]]}},{"type":"Feature","properties":{"MAPTAXLOT":"1901142402500","MAPNUMBER":"19011424","TAXLOT":"2500","ACCTNO":"0816288","MAPACRES":0.80502588},"geometry":{"type":"Polygon","coordinates":[[[-122.776607,43.9205],[-122.777931,43.920502],[-122.777956,43.920227],[-122.777872,43.920227],[-122.776622,43.920225],[-122.776616,43.920357],[-122.776607,43.9205]]]}},{"type":"Feature","properties":{"MAPTAXLOT":"1901142402501","MAPNUMBER":"19011424","TAXLOT":"2501","ACCTNO":"1059649","MAPACRES":0.69002503},"geometry":{"type":"Polygon","coordinates":[[[-122.777931,43.920502],[-122.779069,43.920505],[-122.779069,43.920505],[-122.779069,43.920504],[-122.779094,43.92023],[-122.778707,43.920229],[-122.778328,43.920228],[-122.777956,43.920227],[-122.777931,43.920502]]]}},{"type":"Feature","properties":{"MAPTAXLOT":"1901142402902","MAPNUMBER":"19011424","TAXLOT":"2902","ACCTNO":"1355708","MAPACRES":0.14860254},"geometry":{"type":"Polygon","coordinates":[[[-122.775415,43.919155],[-122.775415,43.919208],[-122.77541,43.919539],[-122.775586,43.919577],[-122.77559,43.919193],[-122.77544,43.91916],[-122.775415,43.919155]]]}},{"type":"Feature","properties":{"MAPTAXLOT":"1901142402904","MAPNUMBER":"19011424","TAXLOT":"2904","ACCTNO":"1390358","MAPACRES":0.20616409},"geometry":{"type":"Polygon","coordinates":[[[-122.776377,43.920305],[-122.776616,43.920357],[-122.776622,43.920225],[-122.776635,43.91995],[-122.776506,43.91995],[-122.776394,43.919926],[-122.776377,43.920305]]]}},{"type":"Feature","properties":{"MAPTAXLOT":"1901142402905","MAPNUMBER":"19011424","TAXLOT":"2905","ACCTNO":"1390366","MAPACRES":0.211018},"geometry":{"type":"Polygon","coordinates":[[[-122.776377,43.920305],[-122.776377,43.920305],[-122.776394,43.919926],[-122.776132,43.919869],[-122.776138,43.920252],[-122.776217,43.920269],[-122.776377,43.920305]]]}},{"type":"Feature","properties":{"MAPTAXLOT":"1901142402906","MAPNUMBER":"19011424","TAXLOT":"2906","ACCTNO":"1390374","MAPACRES":0.41672579},"geometry":{"type":"Polygon","coordinates":[[[-122.77541,43.92037],[-122.775684,43.920431],[-122.775684,43.920431],[-122.775799,43.920178],[-122.775919,43.920204],[-122.77592,43.920204],[-122.775914,43.919821],[-122.77566,43.919765],[-122.775666,43.920149],[-122.775411,43.920093],[-122.77541,43.92037]]]}},{"type":"Feature","properties":{"MAPTAXLOT":"1901142402907","MAPNUMBER":"19011424","TAXLOT":"2907","ACCTNO":"1390382","MAPACRES":0.21214388},"geometry":{"type":"Polygon","coordinates":[[[-122.775411,43.920093],[-122.775666,43.920149],[-122.77566,43.919765],[-122.775412,43.919711],[-122.775411,43.920093]]]}},{"type":"Feature","properties":{"MAPTAXLOT":"1901142402908","MAPNUMBER":"19011424","TAXLOT":"2908","ACCTNO":"1390390","MAPACRES":0.22492297},"geometry":{"type":"Polygon","coordinates":[[[-122.775868,43.919253],[-122.775858,43.919637],[-122.776125,43.919696],[-122.776125,43.919696],[-122.77613,43.919312],[-122.776079,43.9193],[-122.775868,43.919253]]]}},{"type":"Feature","properties":{"MAPTAXLOT":"1901142402909","MAPNUMBER":"19011424","TAXLOT":"2909","ACCTNO":"1390408","MAPACRES":0.22209058},"geometry":{"type":"Polygon","coordinates":[[[-122.77613,43.919312],[-122.776125,43.919696],[-122.776125,43.919696],[-122.776388,43.919753],[-122.776388,43.919753],[-122.776392,43.91937],[-122.77613,43.919312]]]}},{"type":"Feature","properties":{"MAPTAXLOT":"1901142402910","MAPNUMBER":"19011424","TAXLOT":"2910","ACCTNO":"1390416","MAPACRES":0.22255374},"geometry":{"type":"Polygon","coordinates":[[[-122.776388,43.919753],[-122.776537,43.919786],[-122.776654,43.919786],[-122.776658,43.919426],[-122.776392,43.91937],[-122.776388,43.919753],[-122.776388,43.919753]]]}},{"type":"Feature","properties":{"MAPTAXLOT":"1901142403000","MAPNUMBER":"19011424","TAXLOT":"3000","ACCTNO":"0816320","MAPACRES":0.40861918},"geometry":{"type":"Polygon","coordinates":[[[-122.775684,43.920431],[-122.775684,43.920431],[-122.776,43.9205],[-122.776,43.9205],[-122.776216,43.92027],[-122.776217,43.920269],[-122.776138,43.920252],[-122.776132,43.919869],[-122.775914,43.919821],[-122.77592,43.920204],[-122.775919,43.920204],[-122.775799,43.920178],[-122.775684,43.920431]]]}},{"type":"Feature","properties":{"MAPTAXLOT":"1901142403100","MAPNUMBER":"19011424","TAXLOT":"3100","ACCTNO":"0816338","MAPACRES":0.23409665},"geometry":{"type":"Polygon","coordinates":[[[-122.775586,43.919577],[-122.775858,43.919637],[-122.775868,43.919253],[-122.77576,43.919229],[-122.77559,43.919193],[-122.775586,43.919577]]]}},{"type":"Feature","properties":{"MAPTAXLOT":"1901142403200","MAPNUMBER":"19011424","TAXLOT":"3200","ACCTNO":"0816346","MAPACRES":0.31779381},"geometry":{"type":"Polygon","coordinates":[[[-122.774519,43.919013],[-122.774514,43.919342],[-122.77495,43.919438],[-122.774955,43.919107],[-122.774819,43.919079],[-122.774519,43.919013],[-122.774519,43.919013]]]}},{"type":"Feature","properties":{"MAPTAXLOT":"1901142403201","MAPNUMBER":"19011424","TAXLOT":"3201","ACCTNO":"1181757","MAPACRES":0.33666206},"geometry":{"type":"Polygon","coordinates":[[[-122.774955,43.919107],[-122.77495,43.919438],[-122.77541,43.919539],[-122.775415,43.919208],[-122.775132,43.919146],[-122.774955,43.919107]]]}},{"type":"Feature","properties":{"MAPTAXLOT":"1901142403301","MAPNUMBER":"19011424","TAXLOT":"3301","ACCTNO":"1326303","MAPACRES":0.25000545},"geometry":{"type":"Polygon","coordinates":[[[-122.776986,43.919786],[-122.777237,43.919787],[-122.777245,43.919786],[-122.777254,43.919785],[-122.777262,43.919782],[-122.77727,43.919779],[-122.777277,43.919775],[-122.777283,43.91977],[-122.777287,43.919764],[-122.777291,43.919758],[-122.777293,43.919752],[-122.777294,43.919746],[-122.777294,43.919746],[-122.777296,43.919476],[-122.777296,43.919469],[-122.777295,43.919463],[-122.777292,43.919456],[-122.777288,43.91945],[-122.777283,43.919445],[-122.777276,43.91944],[-122.777275,43.91944],[-122.777211,43.919407],[-122.776989,43.919414],[-122.776988,43.919541],[-122.776986,43.919786]]]}},{"type":"Feature","properties":{"MAPTAXLOT":"1901142403302","MAPNUMBER":"19011424","TAXLOT":"3302","ACCTNO":"1326311","MAPACRES":0.22130483},"geometry":{"type":"Polygon","coordinates":[[[-122.776654,43.919786],[-122.776986,43.919786],[-122.776988,43.919541],[-122.776658,43.919426],[-122.776654,43.919786]]]}},{"type":"Feature","properties":{"MAPTAXLOT":"1901142403315","MAPNUMBER":"19011424","TAXLOT":"3315","ACCTNO":"1326444","MAPACRES":0.19827737},"geometry":{"type":"Polygon","coordinates":[[[-122.778093,43.919788],[-122.778392,43.919789],[-122.778394,43.919488],[-122.778094,43.919489],[-122.778093,43.919788]]]}},{"type":"Feature","properties":{"MAPTAXLOT":"1901142403316","MAPNUMBER":"19011424","TAXLOT":"3316","ACCTNO":"1326451","MAPACRES":0.20857411},"geometry":{"type":"Polygon","coordinates":[[[-122.777789,43.919788],[-122.778093,43.919788],[-122.778094,43.919489],[-122.777791,43.919463],[-122.777789,43.919788]]]}},{"type":"Feature","properties":{"MAPTAXLOT":"1901142403317","MAPNUMBER":"19011424","TAXLOT":"3317","ACCTNO":"1326469","MAPACRES":0.19092289},"geometry":{"type":"Polygon","coordinates":[[[-122.777542,43.919514],[-122.777533,43.919514],[-122.777524,43.919516],[-122.777516,43.919518],[-122.777508,43.919521],[-122.777501,43.919526],[-122.777495,43.919531],[-122.77749,43.919536],[-122.777487,43.919542],[-122.777485,43.919548],[-122.777484,43.919555],[-122.777483,43.919746],[-122.777484,43.919753],[-122.777487,43.91976],[-122.777491,43.919767],[-122.777497,43.919773],[-122.777504,43.919778],[-122.777512,43.919782],[-122.777521,43.919785],[-122.77753,43.919787],[-122.77754,43.919787],[-122.777789,43.919788],[-122.777791,43.919463],[-122.777744,43.919483],[-122.777696,43.919497],[-122.777645,43.919507],[-122.777594,43.919513],[-122.777542,43.919514]]]}},{"type":"Feature","properties":{"MAPTAXLOT":"1901142403400","MAPNUMBER":"19011424","TAXLOT":"3400","ACCTNO":"0816353","MAPACRES":0.152046},"geometry":{"type":"Polygon","coordinates":[[[-122.777558,43.917419],[-122.777558,43.917419],[-122.77756,43.91742],[-122.77756,43.91742],[-122.777561,43.917421],[-122.777561,43.917421],[-122.777561,43.917421],[-122.777562,43.917422],[-122.777562,43.917422],[-122.777562,43.917422],[-122.777562,43.917422],[-122.777563,43.917423],[-122.777602,43.917454],[-122.777741,43.917566],[-122.7778,43.917613],[-122.777863,43.917544],[-122.778155,43.917682],[-122.778156,43.917335],[-122.778139,43.917357],[-122.778119,43.917379],[-122.778096,43.917399],[-122.778084,43.917408],[-122.778044,43.917433],[-122.778,43.917455],[-122.777952,43.917471],[-122.777901,43.917483],[-122.777848,43.917489],[-122.777847,43.917489],[-122.777845,43.917489],[-122.777844,43.917489],[-122.777841,43.917489],[-122.777838,43.917489],[-122.777788,43.917489],[-122.777739,43.917485],[-122.777691,43.917475],[-122.777645,43.917461],[-122.777601,43.917443],[-122.777562,43.917421],[-122.777561,43.917421],[-122.77756,43.91742],[-122.77756,43.91742],[-122.777559,43.91742],[-122.777558,43.917419],[-122.777558,43.917419]]]}},{"type":"Feature","properties":{"MAPTAXLOT":"1901142403500","MAPNUMBER":"19011424","TAXLOT":"3500","ACCTNO":"0816361","MAPACRES":0.68188609},"geometry":{"type":"Polygon","coordinates":[[[-122.778308,43.917335],[-122.778306,43.917754],[-122.77886,43.917961],[-122.778926,43.917337],[-122.778308,43.917335],[-122.778308,43.917335]]]}},{"type":"Feature","properties":{"MAPTAXLOT":"1901142403600","MAPNUMBER":"19011424","TAXLOT":"3600","ACCTNO":"0816379","MAPACRES":0.31679367},"geometry":{"type":"Polygon","coordinates":[[[-122.77886,43.917961],[-122.778861,43.917962],[-122.779086,43.918018],[-122.779121,43.918021],[-122.77919,43.917507],[-122.778975,43.917507],[-122.778976,43.917337],[-122.778926,43.917337],[-122.77886,43.917961]]]}},{"type":"Feature","properties":{"MAPTAXLOT":"1901142403700","MAPNUMBER":"19011424","TAXLOT":"3700","ACCTNO":"0816387","MAPACRES":0.24899892},"geometry":{"type":"Polygon","coordinates":[[[-122.779291,43.918037],[-122.779334,43.918041],[-122.779405,43.917507],[-122.77919,43.917507],[-122.779121,43.918021],[-122.779291,43.918037]]]}},{"type":"Feature","properties":{"MAPTAXLOT":"1901142403800","MAPNUMBER":"19011424","TAXLOT":"3800","ACCTNO":"0816395","MAPACRES":0.28463607},"geometry":{"type":"Polygon","coordinates":[[[-122.779334,43.918041],[-122.779604,43.918066],[-122.779605,43.917968],[-122.779629,43.91779],[-122.779606,43.917789],[-122.779597,43.917788],[-122.779598,43.91751],[-122.779598,43.917508],[-122.779405,43.917507],[-122.779334,43.918041]]]}},{"type":"Feature","properties":{"MAPTAXLOT":"1901142403900","MAPNUMBER":"19011424","TAXLOT":"3900","ACCTNO":"0816403","MAPACRES":0.2549664},"geometry":{"type":"Polygon","coordinates":[[[-122.779598,43.91751],[-122.779597,43.917788],[-122.779606,43.917789],[-122.779629,43.91779],[-122.779605,43.917968],[-122.779604,43.918066],[-122.779807,43.918085],[-122.779836,43.917867],[-122.779837,43.917812],[-122.779794,43.917812],[-122.779795,43.917508],[-122.779607,43.917508],[-122.779598,43.917508],[-122.779598,43.91751]]]}},{"type":"Feature","properties":{"MAPTAXLOT":"1901142404000","MAPNUMBER":"19011424","TAXLOT":"4000","ACCTNO":"0816429","MAPACRES":0.35799094},"geometry":{"type":"Polygon","coordinates":[[[-122.779807,43.918085],[-122.780084,43.91811],[-122.780085,43.917749],[-122.780086,43.917509],[-122.77981,43.917508],[-122.779795,43.917508],[-122.779794,43.917812],[-122.779837,43.917812],[-122.779836,43.917867],[-122.779807,43.918085]]]}},{"type":"Feature","properties":{"MAPTAXLOT":"1901142404002","MAPNUMBER":"19011424","TAXLOT":"4002","ACCTNO":"1755709","MAPACRES":0.2187992},"geometry":{"type":"Polygon","coordinates":[[[-122.780084,43.91811],[-122.780323,43.918132],[-122.780372,43.918097],[-122.780372,43.918097],[-122.780373,43.917944],[-122.780373,43.917944],[-122.780374,43.917785],[-122.780154,43.917785],[-122.780154,43.917749],[-122.780086,43.917749],[-122.780085,43.917749],[-122.780084,43.91811]]]}},{"type":"Feature","properties":{"MAPTAXLOT":"1901142404003","MAPNUMBER":"19011424","TAXLOT":"4003","ACCTNO":"1755717","MAPACRES":0.16993274},"geometry":{"type":"Polygon","coordinates":[[[-122.780154,43.917785],[-122.780374,43.917785],[-122.780375,43.91751],[-122.780086,43.917509],[-122.780085,43.917749],[-122.780086,43.917749],[-122.780154,43.917749],[-122.780154,43.917785]]]}},{"type":"Feature","properties":{"MAPTAXLOT":"1901142404100","MAPNUMBER":"19011424","TAXLOT":"4100","ACCTNO":"0816411","MAPACRES":0.16343062},"geometry":{"type":"Polygon","coordinates":[[[-122.780086,43.917509],[-122.780375,43.91751],[-122.780375,43.917378],[-122.780375,43.917378],[-122.77981,43.917377],[-122.77981,43.917508],[-122.780086,43.917509]]]}},{"type":"Feature","properties":{"MAPTAXLOT":"1901142404200","MAPNUMBER":"19011424","TAXLOT":"4200","ACCTNO":"0816437","MAPACRES":0.39177065},"geometry":{"type":"Polygon","coordinates":[[[-122.779795,43.917508],[-122.77981,43.917508],[-122.77981,43.917377],[-122.780375,43.917378],[-122.780375,43.917378],[-122.780375,43.917378],[-122.780375,43.91734],[-122.779736,43.917339],[-122.779645,43.917297],[-122.779342,43.917297],[-122.779342,43.917297],[-122.779342,43.917338],[-122.778976,43.917337],[-122.778975,43.917507],[-122.77919,43.917507],[-122.779405,43.917507],[-122.779598,43.917508],[-122.779607,43.917508],[-122.779795,43.917508]]]}},{"type":"Feature","properties":{"MAPTAXLOT":"1901142404301","MAPNUMBER":"19011424","TAXLOT":"4301","ACCTNO":"1736527","MAPACRES":0.32481122},"geometry":{"type":"Polygon","coordinates":[[[-122.778308,43.917267],[-122.778682,43.917268],[-122.778735,43.917268],[-122.778735,43.917172],[-122.778735,43.917172],[-122.778683,43.917029],[-122.778683,43.916897],[-122.77831,43.916896],[-122.778309,43.916896],[-122.778308,43.917267]]]}},{"type":"Feature","properties":{"MAPTAXLOT":"1901142404302","MAPNUMBER":"19011424","TAXLOT":"4302","ACCTNO":"1736535","MAPACRES":0.67602897},"geometry":{"type":"Polygon","coordinates":[[[-122.778976,43.917337],[-122.779342,43.917338],[-122.779342,43.917297],[-122.779342,43.917297],[-122.779343,43.916899],[-122.778888,43.916898],[-122.778736,43.916897],[-122.778683,43.916897],[-122.778683,43.916897],[-122.778683,43.917029],[-122.778735,43.917172],[-122.778735,43.917172],[-122.778735,43.917268],[-122.778682,43.917268],[-122.778308,43.917267],[-122.778308,43.917335],[-122.778308,43.917335],[-122.778926,43.917337],[-122.778976,43.917337]]]}},{"type":"Feature","properties":{"MAPTAXLOT":"1901142404401","MAPNUMBER":"19011424","TAXLOT":"4401","ACCTNO":"1655743","MAPACRES":0.25529993},"geometry":{"type":"Polygon","coordinates":[[[-122.775102,43.920026],[-122.775411,43.920093],[-122.775412,43.919711],[-122.775411,43.91971],[-122.775116,43.919646],[-122.775102,43.920026]]]}},{"type":"Feature","properties":{"MAPTAXLOT":"1901142404402","MAPNUMBER":"19011424","TAXLOT":"4402","ACCTNO":"1655750","MAPACRES":0.31431499},"geometry":{"type":"Polygon","coordinates":[[[-122.774728,43.919944],[-122.775102,43.920026],[-122.775116,43.919646],[-122.774746,43.919565],[-122.774728,43.919944]]]}},{"type":"Feature","properties":{"MAPTAXLOT":"1901142404403","MAPNUMBER":"19011424","TAXLOT":"4403","ACCTNO":"1655768","MAPACRES":0.19908058},"geometry":{"type":"Polygon","coordinates":[[[-122.774504,43.919895],[-122.774728,43.919944],[-122.774746,43.919565],[-122.774499,43.91951],[-122.774504,43.919895]]]}},{"type":"Feature","properties":{"MAPTAXLOT":"1901142404500","MAPNUMBER":"19011424","TAXLOT":"4500","ACCTNO":"1442415","MAPACRES":0.26280225},"geometry":{"type":"Polygon","coordinates":[[[-122.779837,43.919253],[-122.779839,43.918959],[-122.779447,43.918847],[-122.779421,43.919134],[-122.779761,43.919231],[-122.779837,43.919253]]]}},{"type":"Feature","properties":{"MAPTAXLOT":"1901142404600","MAPNUMBER":"19011424","TAXLOT":"4600","ACCTNO":"1712064","MAPACRES":0.78347126},"geometry":{"type":"Polygon","coordinates":[[[-122.777542,43.919514],[-122.777594,43.919513],[-122.777645,43.919507],[-122.777696,43.919497],[-122.777744,43.919483],[-122.777791,43.919463],[-122.778094,43.919489],[-122.778394,43.919488],[-122.778395,43.918844],[-122.778309,43.918819],[-122.777593,43.919299],[-122.777612,43.919317],[-122.777628,43.919337],[-122.777638,43.919359],[-122.777643,43.919381],[-122.777643,43.919404],[-122.777637,43.919427],[-122.777627,43.919448],[-122.777612,43.919468],[-122.777592,43.919486],[-122.777569,43.919502],[-122.777542,43.919514]]]}},{"type":"Feature","properties":{"MAPTAXLOT":"1901142404700","MAPNUMBER":"19011424","TAXLOT":"4700","ACCTNO":"1712072","MAPACRES":0.7787038},"geometry":{"type":"Polygon","coordinates":[[[-122.777448,43.919255],[-122.77748,43.919256],[-122.777512,43.919262],[-122.777542,43.919271],[-122.777569,43.919283],[-122.777593,43.919299],[-122.778309,43.918819],[-122.778178,43.918782],[-122.777934,43.918712],[-122.777691,43.918642],[-122.777447,43.918573],[-122.777418,43.918565],[-122.777448,43.919255]]]}},{"type":"Feature","properties":{"MAPTAXLOT":"1901142404800","MAPNUMBER":"19011424","TAXLOT":"4800","ACCTNO":"1712080","MAPACRES":0.83608185},"geometry":{"type":"Polygon","coordinates":[[[-122.776659,43.918816],[-122.777342,43.919001],[-122.777354,43.919276],[-122.777383,43.919265],[-122.777415,43.919258],[-122.777448,43.919255],[-122.777418,43.918565],[-122.777204,43.918503],[-122.77696,43.918434],[-122.776926,43.918424],[-122.776829,43.918396],[-122.776716,43.918365],[-122.77666,43.918349],[-122.77666,43.91855],[-122.776659,43.918771],[-122.776659,43.918816]]]}},{"type":"Feature","properties":{"MAPTAXLOT":"1901142404900","MAPNUMBER":"19011424","TAXLOT":"4900","ACCTNO":"1712098","MAPACRES":0.79913753},"geometry":{"type":"Polygon","coordinates":[[[-122.776658,43.919426],[-122.776988,43.919541],[-122.776989,43.919414],[-122.777211,43.919407],[-122.777275,43.91944],[-122.777276,43.91944],[-122.777276,43.919439],[-122.777267,43.919417],[-122.777264,43.919393],[-122.777267,43.91937],[-122.777274,43.919347],[-122.777288,43.919326],[-122.777306,43.919307],[-122.777328,43.91929],[-122.777354,43.919276],[-122.777342,43.919001],[-122.776659,43.918816],[-122.776659,43.918817],[-122.776658,43.919009],[-122.776658,43.919426]]]}},{"type":"Feature","properties":{"MAPTAXLOT":"1901142405000","MAPNUMBER":"19011424","TAXLOT":"5000","ACCTNO":"1843612","MAPACRES":0.16378842},"geometry":{"type":"Polygon","coordinates":[[[-122.778395,43.918844],[-122.778398,43.918844],[-122.778479,43.918751],[-122.77858,43.918567],[-122.778532,43.918566],[-122.778485,43.918561],[-122.778438,43.918553],[-122.778393,43.918542],[-122.778321,43.918521],[-122.778178,43.918781],[-122.778178,43.918782],[-122.778309,43.918819],[-122.778395,43.918844]]]}},{"type":"Feature","properties":{"MAPTAXLOT":"1901142405100","MAPNUMBER":"19011424","TAXLOT":"5100","ACCTNO":"1843620","MAPACRES":0.16172861},"geometry":{"type":"Polygon","coordinates":[[[-122.777934,43.918712],[-122.778178,43.918782],[-122.778178,43.918781],[-122.778321,43.918521],[-122.778077,43.918452],[-122.777934,43.918712],[-122.777934,43.918712]]]}},{"type":"Feature","properties":{"MAPTAXLOT":"1901142405200","MAPNUMBER":"19011424","TAXLOT":"5200","ACCTNO":"1843638","MAPACRES":0.16188827},"geometry":{"type":"Polygon","coordinates":[[[-122.777691,43.918642],[-122.777934,43.918712],[-122.777934,43.918712],[-122.778077,43.918452],[-122.777834,43.918382],[-122.777691,43.918642],[-122.777691,43.918642]]]}},{"type":"Feature","properties":{"MAPTAXLOT":"1901142405300","MAPNUMBER":"19011424","TAXLOT":"5300","ACCTNO":"1843646","MAPACRES":0.1620448},"geometry":{"type":"Polygon","coordinates":[[[-122.777447,43.918573],[-122.777691,43.918642],[-122.777691,43.918642],[-122.777834,43.918382],[-122.77759,43.918312],[-122.777448,43.918572],[-122.777447,43.918573]]]}},{"type":"Feature","properties":{"MAPTAXLOT":"1901142405400","MAPNUMBER":"19011424","TAXLOT":"5400","ACCTNO":"1843653","MAPACRES":0.16220172},"geometry":{"type":"Polygon","coordinates":[[[-122.777418,43.918565],[-122.777447,43.918573],[-122.777448,43.918572],[-122.77759,43.918312],[-122.777347,43.918242],[-122.777204,43.918502],[-122.777204,43.918503],[-122.777418,43.918565]]]}},{"type":"Feature","properties":{"MAPTAXLOT":"1901142405500","MAPNUMBER":"19011424","TAXLOT":"5500","ACCTNO":"1843661","MAPACRES":0.16235912},"geometry":{"type":"Polygon","coordinates":[[[-122.77696,43.918434],[-122.777204,43.918503],[-122.777204,43.918502],[-122.777347,43.918242],[-122.777104,43.918172],[-122.776961,43.918432],[-122.77696,43.918434]]]}},{"type":"Feature","properties":{"MAPTAXLOT":"1901142405600","MAPNUMBER":"19011424","TAXLOT":"5600","ACCTNO":"1843679","MAPACRES":0.16258295},"geometry":{"type":"Polygon","coordinates":[[[-122.776716,43.918365],[-122.776829,43.918396],[-122.776926,43.918424],[-122.77696,43.918434],[-122.776961,43.918432],[-122.777104,43.918172],[-122.77686,43.918102],[-122.776717,43.918363],[-122.776716,43.918365]]]}},{"type":"Feature","properties":{"MAPTAXLOT":"1901142405700","MAPNUMBER":"19011424","TAXLOT":"5700","ACCTNO":"1843687","MAPACRES":0.16515682},"geometry":{"type":"Polygon","coordinates":[[[-122.77666,43.918349],[-122.776716,43.918365],[-122.776717,43.918363],[-122.77686,43.918102],[-122.776826,43.918093],[-122.776787,43.918084],[-122.776747,43.91808],[-122.776706,43.91808],[-122.776666,43.918084],[-122.776627,43.918094],[-122.77659,43.918107],[-122.776557,43.918124],[-122.776528,43.918145],[-122.776504,43.918168],[-122.776485,43.918195],[-122.77643,43.918285],[-122.776429,43.918286],[-122.776447,43.918291],[-122.77666,43.918349]]]}},{"type":"Feature","properties":{"MAPTAXLOT":"1901142405800","MAPNUMBER":"19011424","TAXLOT":"5800","ACCTNO":"1843695","MAPACRES":0.18738527},"geometry":{"type":"Polygon","coordinates":[[[-122.776233,43.918235],[-122.77625,43.91824],[-122.776251,43.918238],[-122.776311,43.91814],[-122.77633,43.918112],[-122.776353,43.918085],[-122.775856,43.917966],[-122.775784,43.918125],[-122.775892,43.91815],[-122.776233,43.918235]]]}},{"type":"Feature","properties":{"MAPTAXLOT":"1901142405900","MAPNUMBER":"19011424","TAXLOT":"5900","ACCTNO":"1843703","MAPACRES":0.24451147},"geometry":{"type":"Polygon","coordinates":[[[-122.775856,43.917966],[-122.776353,43.918085],[-122.776385,43.918055],[-122.776421,43.918028],[-122.776462,43.918004],[-122.776506,43.917984],[-122.776512,43.917981],[-122.776518,43.917977],[-122.776522,43.917973],[-122.776526,43.917968],[-122.776528,43.917963],[-122.776529,43.917958],[-122.776529,43.917952],[-122.776528,43.917947],[-122.776526,43.917942],[-122.776522,43.917937],[-122.776518,43.917933],[-122.776513,43.917929],[-122.776506,43.917926],[-122.7765,43.917924],[-122.776221,43.917852],[-122.77594,43.917784],[-122.775856,43.917966]]]}},{"type":"Feature","properties":{"MAPTAXLOT":"1901142406000","MAPNUMBER":"19011424","TAXLOT":"6000","ACCTNO":"1843711","MAPACRES":0.36488922},"geometry":{"type":"Polygon","coordinates":[[[-122.77597,43.917719],[-122.776175,43.917769],[-122.776379,43.91782],[-122.776582,43.91745],[-122.776583,43.91745],[-122.776119,43.917393],[-122.776119,43.917393],[-122.776024,43.917601],[-122.77597,43.917719]]]}},{"type":"Feature","properties":{"MAPTAXLOT":"1901142406100","MAPNUMBER":"19011424","TAXLOT":"6100","ACCTNO":"1843729","MAPACRES":0.27226453},"geometry":{"type":"Polygon","coordinates":[[[-122.776379,43.91782],[-122.776532,43.917859],[-122.776551,43.917866],[-122.776569,43.917874],[-122.776585,43.917884],[-122.776598,43.917896],[-122.776609,43.917909],[-122.776617,43.917923],[-122.77662,43.917927],[-122.776624,43.917932],[-122.776628,43.917936],[-122.776633,43.917939],[-122.776639,43.917941],[-122.776868,43.917525],[-122.776868,43.917525],[-122.776583,43.91745],[-122.776582,43.91745],[-122.776379,43.91782]]]}},{"type":"Feature","properties":{"MAPTAXLOT":"1901142406200","MAPNUMBER":"19011424","TAXLOT":"6200","ACCTNO":"1843737","MAPACRES":0.2291091},"geometry":{"type":"Polygon","coordinates":[[[-122.776667,43.917945],[-122.776724,43.917942],[-122.776781,43.917944],[-122.776838,43.917952],[-122.776892,43.917964],[-122.777099,43.917588],[-122.777099,43.917588],[-122.776868,43.917525],[-122.776868,43.917525],[-122.776639,43.917941],[-122.776646,43.917943],[-122.776653,43.917945],[-122.77666,43.917945],[-122.776667,43.917945]]]}},{"type":"Feature","properties":{"MAPTAXLOT":"1901142406300","MAPNUMBER":"19011424","TAXLOT":"6300","ACCTNO":"1843745","MAPACRES":0.22052288},"geometry":{"type":"Polygon","coordinates":[[[-122.776892,43.917964],[-122.776896,43.917965],[-122.777122,43.91803],[-122.777329,43.917653],[-122.777329,43.917652],[-122.777099,43.917588],[-122.777099,43.917588],[-122.776892,43.917964]]]}},{"type":"Feature","properties":{"MAPTAXLOT":"1901142406400","MAPNUMBER":"19011424","TAXLOT":"6400","ACCTNO":"1843752","MAPACRES":0.22083886},"geometry":{"type":"Polygon","coordinates":[[[-122.777329,43.917653],[-122.777122,43.91803],[-122.777351,43.918096],[-122.777558,43.917719],[-122.777558,43.917718],[-122.777349,43.917658],[-122.777329,43.917652],[-122.777329,43.917653]]]}},{"type":"Feature","properties":{"MAPTAXLOT":"1901142406500","MAPNUMBER":"19011424","TAXLOT":"6500","ACCTNO":"1843760","MAPACRES":0.22084312},"geometry":{"type":"Polygon","coordinates":[[[-122.777558,43.917719],[-122.777351,43.918096],[-122.77758,43.918161],[-122.777787,43.917784],[-122.777742,43.917771],[-122.777741,43.917771],[-122.777558,43.917718],[-122.777558,43.917719]]]}},{"type":"Feature","properties":{"MAPTAXLOT":"1901142406600","MAPNUMBER":"19011424","TAXLOT":"6600","ACCTNO":"1843778","MAPACRES":0.22084071},"geometry":{"type":"Polygon","coordinates":[[[-122.77758,43.918161],[-122.777809,43.918227],[-122.778017,43.91785],[-122.777787,43.917784],[-122.77758,43.918161]]]}},{"type":"Feature","properties":{"MAPTAXLOT":"1901142406700","MAPNUMBER":"19011424","TAXLOT":"6700","ACCTNO":"1843786","MAPACRES":0.21143287},"geometry":{"type":"Polygon","coordinates":[[[-122.777809,43.918227],[-122.778039,43.918293],[-122.778224,43.917955],[-122.778058,43.917862],[-122.778017,43.91785],[-122.777809,43.918227]]]}},{"type":"Feature","properties":{"MAPTAXLOT":"1901142406800","MAPNUMBER":"19011424","TAXLOT":"6800","ACCTNO":"1843794","MAPACRES":0.18245034},"geometry":{"type":"Polygon","coordinates":[[[-122.778039,43.918293],[-122.778268,43.918359],[-122.77842,43.918082],[-122.778364,43.918034],[-122.778224,43.917955],[-122.778039,43.918293]]]}},{"type":"Feature","properties":{"MAPTAXLOT":"1901142406900","MAPNUMBER":"19011424","TAXLOT":"6900","ACCTNO":"1843802","MAPACRES":0.1929364},"geometry":{"type":"Polygon","coordinates":[[[-122.778268,43.918359],[-122.778463,43.918415],[-122.778504,43.918424],[-122.778547,43.918429],[-122.77859,43.91843],[-122.778633,43.918426],[-122.778675,43.918418],[-122.778715,43.918405],[-122.778752,43.918389],[-122.778763,43.918383],[-122.778739,43.918362],[-122.778738,43.918362],[-122.778472,43.918128],[-122.778471,43.918128],[-122.77842,43.918082],[-122.778268,43.918359]]]}},{"type":"Feature","properties":{"MAPTAXLOT":"1901142407000","MAPNUMBER":"19011424","TAXLOT":"7000","ACCTNO":"1843810","MAPACRES":0.61674359},"geometry":{"type":"Polygon","coordinates":[[[-122.778471,43.918863],[-122.779028,43.919022],[-122.779198,43.919071],[-122.77923,43.918723],[-122.779232,43.9187],[-122.779231,43.9187],[-122.779209,43.918694],[-122.77882,43.91852],[-122.77882,43.91852],[-122.778775,43.918536],[-122.778728,43.918549],[-122.77868,43.918559],[-122.77863,43.918565],[-122.77858,43.918567],[-122.778479,43.918751],[-122.778398,43.918844],[-122.778471,43.918863]]]}},{"type":"Feature","properties":{"MAPTAXLOT":"1901142407100","MAPNUMBER":"19011424","TAXLOT":"7100","ACCTNO":"1914289","MAPACRES":0.28857951},"geometry":{"type":"Polygon","coordinates":[[[-122.779839,43.918959],[-122.78037,43.919111],[-122.78037,43.919111],[-122.78037,43.919111],[-122.78037,43.918962],[-122.78037,43.918962],[-122.779563,43.918732],[-122.779451,43.9188],[-122.779447,43.918847],[-122.779839,43.918959]]]}},{"type":"Feature","properties":{"MAPTAXLOT":"1901142407200","MAPNUMBER":"19011424","TAXLOT":"7200","ACCTNO":"1914292","MAPACRES":0.19976393},"geometry":{"type":"Polygon","coordinates":[[[-122.779476,43.918413],[-122.779574,43.918543],[-122.779589,43.918562],[-122.780237,43.918747],[-122.78037,43.918667],[-122.780088,43.918587],[-122.779573,43.91844],[-122.779476,43.918413]]]}},{"type":"Feature","properties":{"MAPTAXLOT":"1901143200033","MAPNUMBER":"19011432","TAXLOT":"33","ACCTNO":"000None","MAPACRES":4.85521815},"geometry":{"type":"MultiPolygon","coordinates":[[[[-122.778616,43.916056],[-122.778313,43.916089],[-122.778309,43.916896],[-122.77831,43.916896],[-122.778683,43.916897],[-122.778736,43.916897],[-122.778888,43.916898],[-122.779343,43.916899],[-122.779345,43.916484],[-122.779346,43.916226],[-122.779347,43.916048],[-122.779347,43.916021],[-122.779536,43.916021],[-122.779538,43.915527],[-122.779539,43.915473],[-122.77972,43.915473],[-122.780164,43.915135],[-122.780154,43.914689],[-122.780045,43.914423],[-122.780027,43.914368],[-122.779826,43.914693],[-122.779436,43.915128],[-122.779286,43.915469],[-122.779074,43.915797],[-122.778616,43.916056]]],[[[-122.780455,43.914658],[-122.78061,43.915475],[-122.780611,43.915251],[-122.780612,43.915088],[-122.780612,43.914904],[-122.780614,43.914499],[-122.781028,43.914602],[-122.78111,43.914611],[-122.781465,43.914652],[-122.781561,43.914878],[-122.781605,43.914983],[-122.782166,43.915187],[-122.782167,43.914865],[-122.782168,43.914865],[-122.783116,43.914867],[-122.783116,43.914834],[-122.782914,43.914838],[-122.782505,43.914831],[-122.782191,43.914722],[-122.781938,43.914626],[-122.78164,43.914547],[-122.781229,43.914491],[-122.780828,43.914455],[-122.780555,43.914352],[-122.780506,43.914207],[-122.780515,43.914375],[-122.780455,43.914658]]]]}},{"type":"Feature","properties":{"MAPTAXLOT":"1901143200077","MAPNUMBER":"19011432","TAXLOT":"77","ACCTNO":"000None","MAPACRES":4.67878777},"geometry":{"type":"Polygon","coordinates":[[[-122.780375,43.91734],[-122.780375,43.91734],[-122.780606,43.916651],[-122.780606,43.916651],[-122.780655,43.916616],[-122.783109,43.916622],[-122.783337,43.916686],[-122.783337,43.916686],[-122.783337,43.916677],[-122.783338,43.916447],[-122.783793,43.916448],[-122.784324,43.916449],[-122.784893,43.916451],[-122.785196,43.916451],[-122.785272,43.916452],[-122.785273,43.916369],[-122.785212,43.916369],[-122.785197,43.916369],[-122.785121,43.916369],[-122.784893,43.916368],[-122.784848,43.916368],[-122.784514,43.916367],[-122.784172,43.916367],[-122.784134,43.916367],[-122.783755,43.916366],[-122.783338,43.916365],[-122.783339,43.916046],[-122.78334,43.915745],[-122.783341,43.915359],[-122.783343,43.914859],[-122.783233,43.914831],[-122.783116,43.914834],[-122.783116,43.914867],[-122.78323,43.914867],[-122.783229,43.915189],[-122.783226,43.91569],[-122.783113,43.91569],[-122.783113,43.915726],[-122.783112,43.915763],[-122.783112,43.915799],[-122.783112,43.916005],[-122.783111,43.916265],[-122.78311,43.91654],[-122.782655,43.916539],[-122.782389,43.916538],[-122.782086,43.916537],[-122.781782,43.916537],[-122.781554,43.916536],[-122.780663,43.916534],[-122.780607,43.916405],[-122.780608,43.916068],[-122.780609,43.915826],[-122.78061,43.915586],[-122.78061,43.91555],[-122.78061,43.915513],[-122.78061,43.915476],[-122.78061,43.915475],[-122.780455,43.914658],[-122.780515,43.914375],[-122.780506,43.914207],[-122.7805,43.9141],[-122.780395,43.913556],[-122.780304,43.913288],[-122.779856,43.913334],[-122.779853,43.913334],[-122.779906,43.913606],[-122.779921,43.913881],[-122.779955,43.914155],[-122.780027,43.914368],[-122.780045,43.914423],[-122.780154,43.914689],[-122.780164,43.915135],[-122.77972,43.915473],[-122.779539,43.915473],[-122.779538,43.915527],[-122.779827,43.915528],[-122.780382,43.915529],[-122.780382,43.915732],[-122.78038,43.91605],[-122.78038,43.916229],[-122.780379,43.916486],[-122.780375,43.91734]]]}},{"type":"Feature","properties":{"MAPTAXLOT":"1901143200400","MAPNUMBER":"19011432","TAXLOT":"400","ACCTNO":"0816536","MAPACRES":0.39245076},"geometry":{"type":"Polygon","coordinates":[[[-122.784323,43.916762],[-122.784323,43.916762],[-122.784892,43.916763],[-122.784892,43.916763],[-122.784893,43.916451],[-122.784324,43.916449],[-122.784323,43.916762]]]}},{"type":"Feature","properties":{"MAPTAXLOT":"1901143200401","MAPNUMBER":"19011432","TAXLOT":"401","ACCTNO":"0816544","MAPACRES":0.50301518},"geometry":{"type":"Polygon","coordinates":[[[-122.785347,43.916764],[-122.785347,43.916764],[-122.785719,43.916767],[-122.785719,43.916766],[-122.785718,43.916639],[-122.785715,43.916126],[-122.785693,43.916087],[-122.785689,43.916091],[-122.785424,43.916342],[-122.785273,43.916342],[-122.785273,43.916369],[-122.785272,43.916452],[-122.785196,43.916451],[-122.785347,43.916764]]]}},{"type":"Feature","properties":{"MAPTAXLOT":"1901143200404","MAPNUMBER":"19011432","TAXLOT":"404","ACCTNO":"0816577","MAPACRES":0.41229642},"geometry":{"type":"Polygon","coordinates":[[[-122.785197,43.916369],[-122.785212,43.916369],[-122.785273,43.916369],[-122.785273,43.916342],[-122.785424,43.916342],[-122.785689,43.916091],[-122.785693,43.916087],[-122.785598,43.915921],[-122.785554,43.915843],[-122.785464,43.915752],[-122.785462,43.915754],[-122.785198,43.916048],[-122.785198,43.916048],[-122.785197,43.916369]]]}},{"type":"Feature","properties":{"MAPTAXLOT":"1901143200406","MAPNUMBER":"19011432","TAXLOT":"406","ACCTNO":"1235314","MAPACRES":0.26165431},"geometry":{"type":"Polygon","coordinates":[[[-122.784892,43.916763],[-122.784892,43.916763],[-122.785347,43.916764],[-122.785347,43.916764],[-122.785196,43.916451],[-122.784893,43.916451],[-122.784892,43.916763]]]}},{"type":"Feature","properties":{"MAPTAXLOT":"1901143200407","MAPNUMBER":"19011432","TAXLOT":"407","ACCTNO":"1777257","MAPACRES":0.2426769},"geometry":{"type":"Polygon","coordinates":[[[-122.784893,43.916368],[-122.785121,43.916369],[-122.785121,43.916369],[-122.785123,43.915886],[-122.785123,43.915886],[-122.784895,43.915885],[-122.784893,43.916368]]]}},{"type":"Feature","properties":{"MAPTAXLOT":"1901143200408","MAPNUMBER":"19011432","TAXLOT":"408","ACCTNO":"1777265","MAPACRES":0.3667042},"geometry":{"type":"Polygon","coordinates":[[[-122.784896,43.915654],[-122.784895,43.915885],[-122.785123,43.915886],[-122.785123,43.915886],[-122.785121,43.916369],[-122.785121,43.916369],[-122.785197,43.916369],[-122.785198,43.916048],[-122.785198,43.916048],[-122.785462,43.915754],[-122.785464,43.915752],[-122.785431,43.915719],[-122.785236,43.915657],[-122.784919,43.915632],[-122.784896,43.915632],[-122.784896,43.915654]]]}},{"type":"Feature","properties":{"MAPTAXLOT":"1901143200500","MAPNUMBER":"19011432","TAXLOT":"500","ACCTNO":"0816585","MAPACRES":0.37451549},"geometry":{"type":"Polygon","coordinates":[[[-122.783792,43.916687],[-122.783792,43.916761],[-122.783792,43.916761],[-122.783981,43.916761],[-122.784323,43.916762],[-122.784323,43.916762],[-122.784324,43.916449],[-122.783793,43.916448],[-122.783792,43.916679],[-122.783337,43.916677],[-122.783337,43.916686],[-122.783337,43.916686],[-122.783792,43.916687]]]}},{"type":"Feature","properties":{"MAPTAXLOT":"1901143200602","MAPNUMBER":"19011432","TAXLOT":"602","ACCTNO":"1354446","MAPACRES":0.23131149},"geometry":{"type":"Polygon","coordinates":[[[-122.783337,43.916677],[-122.783792,43.916679],[-122.783793,43.916448],[-122.783338,43.916447],[-122.783337,43.916677]]]}},{"type":"Feature","properties":{"MAPTAXLOT":"1901143200700","MAPNUMBER":"19011432","TAXLOT":"700","ACCTNO":"0816619","MAPACRES":0.31307211},"geometry":{"type":"Polygon","coordinates":[[[-122.784848,43.916368],[-122.784893,43.916368],[-122.784895,43.915885],[-122.784896,43.915654],[-122.784896,43.915632],[-122.784516,43.915632],[-122.784516,43.915656],[-122.784515,43.915956],[-122.784849,43.915957],[-122.784848,43.916368]]]}},{"type":"Feature","properties":{"MAPTAXLOT":"1901143200701","MAPNUMBER":"19011432","TAXLOT":"701","ACCTNO":"1010816","MAPACRES":0.30295521},"geometry":{"type":"Polygon","coordinates":[[[-122.784514,43.916367],[-122.784848,43.916368],[-122.784849,43.915957],[-122.784515,43.915956],[-122.784515,43.916025],[-122.784514,43.916367]]]}},{"type":"Feature","properties":{"MAPTAXLOT":"1901143200800","MAPNUMBER":"19011432","TAXLOT":"800","ACCTNO":"0816627","MAPACRES":0.25818829},"geometry":{"type":"Polygon","coordinates":[[[-122.784172,43.916367],[-122.784514,43.916367],[-122.784515,43.916025],[-122.784174,43.916024],[-122.784172,43.916367]]]}},{"type":"Feature","properties":{"MAPTAXLOT":"1901143200801","MAPNUMBER":"19011432","TAXLOT":"801","ACCTNO":"1367984","MAPACRES":0.39965202},"geometry":{"type":"Polygon","coordinates":[[[-122.784134,43.916367],[-122.784172,43.916367],[-122.784174,43.916024],[-122.784515,43.916025],[-122.784515,43.915956],[-122.784516,43.915656],[-122.784516,43.915632],[-122.784137,43.91553],[-122.784137,43.915547],[-122.784134,43.916367]]]}},{"type":"Feature","properties":{"MAPTAXLOT":"1901143200900","MAPNUMBER":"19011432","TAXLOT":"900","ACCTNO":"0816635","MAPACRES":0.74215254},"geometry":{"type":"Polygon","coordinates":[[[-122.783755,43.916366],[-122.784134,43.916367],[-122.784137,43.915547],[-122.784137,43.91553],[-122.783758,43.915428],[-122.783758,43.915433],[-122.783757,43.915746],[-122.783756,43.916047],[-122.783755,43.916366]]]}},{"type":"Feature","properties":{"MAPTAXLOT":"1901143201000","MAPNUMBER":"19011432","TAXLOT":"1000","ACCTNO":"0816643","MAPACRES":0.29280585},"geometry":{"type":"Polygon","coordinates":[[[-122.783338,43.916365],[-122.783755,43.916366],[-122.783756,43.916047],[-122.783339,43.916046],[-122.783338,43.916365]]]}},{"type":"Feature","properties":{"MAPTAXLOT":"1901143201001","MAPNUMBER":"19011432","TAXLOT":"1001","ACCTNO":"0816650","MAPACRES":0.27766016},"geometry":{"type":"Polygon","coordinates":[[[-122.783339,43.916046],[-122.783756,43.916047],[-122.783757,43.915746],[-122.78334,43.915745],[-122.783339,43.916046]]]}},{"type":"Feature","properties":{"MAPTAXLOT":"1901143201002","MAPNUMBER":"19011432","TAXLOT":"1002","ACCTNO":"0816668","MAPACRES":0.33174672},"geometry":{"type":"Polygon","coordinates":[[[-122.78334,43.915745],[-122.783757,43.915746],[-122.783758,43.915433],[-122.783758,43.915428],[-122.783583,43.915381],[-122.783341,43.915359],[-122.78334,43.915745]]]}},{"type":"Feature","properties":{"MAPTAXLOT":"1901143201100","MAPNUMBER":"19011432","TAXLOT":"1100","ACCTNO":"1294063","MAPACRES":0.27537339},"geometry":{"type":"Polygon","coordinates":[[[-122.782655,43.916539],[-122.78311,43.91654],[-122.783111,43.916265],[-122.782655,43.916264],[-122.782655,43.916539]]]}},{"type":"Feature","properties":{"MAPTAXLOT":"1901143201201","MAPNUMBER":"19011432","TAXLOT":"1201","ACCTNO":"0816692","MAPACRES":0.34232878},"geometry":{"type":"Polygon","coordinates":[[[-122.781234,43.916069],[-122.781556,43.91607],[-122.781557,43.915759],[-122.781558,43.915588],[-122.781236,43.915588],[-122.781234,43.916069]]]}},{"type":"Feature","properties":{"MAPTAXLOT":"1901143201202","MAPNUMBER":"19011432","TAXLOT":"1202","ACCTNO":"0816700","MAPACRES":0.28190041},"geometry":{"type":"Polygon","coordinates":[[[-122.780968,43.916068],[-122.781234,43.916069],[-122.781236,43.915588],[-122.781107,43.915587],[-122.78097,43.915587],[-122.780969,43.915827],[-122.780968,43.916068]]]}},{"type":"Feature","properties":{"MAPTAXLOT":"1901143201203","MAPNUMBER":"19011432","TAXLOT":"1203","ACCTNO":"0816718","MAPACRES":0.19072637},"geometry":{"type":"Polygon","coordinates":[[[-122.780609,43.915826],[-122.780969,43.915827],[-122.78097,43.915587],[-122.78061,43.915586],[-122.780609,43.915826]]]}},{"type":"Feature","properties":{"MAPTAXLOT":"1901143201204","MAPNUMBER":"19011432","TAXLOT":"1204","ACCTNO":"0816726","MAPACRES":0.19184582},"geometry":{"type":"Polygon","coordinates":[[[-122.780608,43.916068],[-122.780968,43.916068],[-122.780969,43.915827],[-122.780609,43.915826],[-122.780608,43.916068]]]}},{"type":"Feature","properties":{"MAPTAXLOT":"1901143201205","MAPNUMBER":"19011432","TAXLOT":"1205","ACCTNO":"0816734","MAPACRES":0.16063687},"geometry":{"type":"Polygon","coordinates":[[[-122.782389,43.916538],[-122.782655,43.916539],[-122.782655,43.916264],[-122.78239,43.916264],[-122.782389,43.916538]]]}},{"type":"Feature","properties":{"MAPTAXLOT":"1901143201206","MAPNUMBER":"19011432","TAXLOT":"1206","ACCTNO":"1009826","MAPACRES":0.18358434},"geometry":{"type":"Polygon","coordinates":[[[-122.782086,43.916537],[-122.782389,43.916538],[-122.78239,43.916264],[-122.782087,43.916263],[-122.782086,43.916537]]]}},{"type":"Feature","properties":{"MAPTAXLOT":"1901143201207","MAPNUMBER":"19011432","TAXLOT":"1207","ACCTNO":"1009818","MAPACRES":0.18358863},"geometry":{"type":"Polygon","coordinates":[[[-122.781782,43.916537],[-122.782086,43.916537],[-122.782087,43.916263],[-122.781783,43.916262],[-122.781782,43.916537]]]}},{"type":"Feature","properties":{"MAPTAXLOT":"1901143201208","MAPNUMBER":"19011432","TAXLOT":"1208","ACCTNO":"1228160","MAPACRES":0.20650695},"geometry":{"type":"Polygon","coordinates":[[[-122.782656,43.916004],[-122.783112,43.916005],[-122.783112,43.915799],[-122.782657,43.915798],[-122.782656,43.916004]]]}},{"type":"Feature","properties":{"MAPTAXLOT":"1901143201209","MAPNUMBER":"19011432","TAXLOT":"1209","ACCTNO":"1236411","MAPACRES":0.26159286},"geometry":{"type":"Polygon","coordinates":[[[-122.782655,43.916264],[-122.783111,43.916265],[-122.783112,43.916005],[-122.782656,43.916004],[-122.782655,43.916264]]]}},{"type":"Feature","properties":{"MAPTAXLOT":"1901143201210","MAPNUMBER":"19011432","TAXLOT":"1210","ACCTNO":"1417516","MAPACRES":0.58513828},"geometry":{"type":"Polygon","coordinates":[[[-122.78239,43.916264],[-122.782655,43.916264],[-122.782656,43.916004],[-122.782657,43.915798],[-122.782088,43.915797],[-122.782087,43.916263],[-122.78239,43.916264]]]}},{"type":"Feature","properties":{"MAPTAXLOT":"1901143201212","MAPNUMBER":"19011432","TAXLOT":"1212","ACCTNO":"1696549","MAPACRES":0.59655025},"geometry":{"type":"Polygon","coordinates":[[[-122.781615,43.915588],[-122.781649,43.915588],[-122.78165,43.915439],[-122.781862,43.91544],[-122.782165,43.915441],[-122.782166,43.915187],[-122.781605,43.914983],[-122.781561,43.914878],[-122.781558,43.915552],[-122.78061,43.91555],[-122.78061,43.915586],[-122.78097,43.915587],[-122.781107,43.915587],[-122.781236,43.915588],[-122.781558,43.915588],[-122.781615,43.915588]]]}},{"type":"Feature","properties":{"MAPTAXLOT":"1901143201213","MAPNUMBER":"19011432","TAXLOT":"1213","ACCTNO":"1696556","MAPACRES":0.87751116},"geometry":{"type":"Polygon","coordinates":[[[-122.78061,43.91555],[-122.781558,43.915552],[-122.781561,43.914878],[-122.781465,43.914652],[-122.78111,43.914611],[-122.781109,43.914825],[-122.781109,43.914825],[-122.781109,43.914992],[-122.781109,43.915009],[-122.781108,43.91522],[-122.781184,43.91522],[-122.781183,43.915514],[-122.78061,43.915513],[-122.78061,43.91555]]]}},{"type":"Feature","properties":{"MAPTAXLOT":"1901143201214","MAPNUMBER":"19011432","TAXLOT":"1214","ACCTNO":"1737327","MAPACRES":0.67107596},"geometry":{"type":"Polygon","coordinates":[[[-122.781783,43.916262],[-122.782087,43.916263],[-122.782088,43.915797],[-122.782657,43.915798],[-122.783112,43.915799],[-122.783112,43.915763],[-122.781557,43.915759],[-122.781556,43.91607],[-122.781555,43.916262],[-122.781783,43.916262]]]}},{"type":"Feature","properties":{"MAPTAXLOT":"1901143201215","MAPNUMBER":"19011432","TAXLOT":"1215","ACCTNO":"1737335","MAPACRES":0.28445024},"geometry":{"type":"Polygon","coordinates":[[[-122.781557,43.915759],[-122.783112,43.915763],[-122.783113,43.915726],[-122.781861,43.915723],[-122.781862,43.91544],[-122.78165,43.915439],[-122.781649,43.915588],[-122.781615,43.915588],[-122.781558,43.915588],[-122.781557,43.915759]]]}},{"type":"Feature","properties":{"MAPTAXLOT":"1901143201216","MAPNUMBER":"19011432","TAXLOT":"1216","ACCTNO":"1737343","MAPACRES":0.26580903},"geometry":{"type":"Polygon","coordinates":[[[-122.781861,43.915723],[-122.783113,43.915726],[-122.783113,43.91569],[-122.782164,43.915688],[-122.782165,43.915441],[-122.781862,43.91544],[-122.781861,43.915723]]]}},{"type":"Feature","properties":{"MAPTAXLOT":"1901143201217","MAPNUMBER":"19011432","TAXLOT":"1217","ACCTNO":"1763240","MAPACRES":1.9275752},"geometry":{"type":"Polygon","coordinates":[[[-122.783113,43.91569],[-122.783226,43.91569],[-122.783229,43.915189],[-122.78323,43.914867],[-122.783116,43.914867],[-122.782168,43.914865],[-122.782167,43.914865],[-122.782166,43.915187],[-122.782165,43.915441],[-122.782164,43.915688],[-122.783113,43.91569]]]}},{"type":"Feature","properties":{"MAPTAXLOT":"1901143201300","MAPNUMBER":"19011432","TAXLOT":"1300","ACCTNO":"0816742","MAPACRES":0.13768945},"geometry":{"type":"Polygon","coordinates":[[[-122.781554,43.916536],[-122.781782,43.916537],[-122.781783,43.916262],[-122.781555,43.916262],[-122.781554,43.916536]]]}},{"type":"Feature","properties":{"MAPTAXLOT":"1901143201400","MAPNUMBER":"19011432","TAXLOT":"1400","ACCTNO":"0816759","MAPACRES":0.96724951},"geometry":{"type":"Polygon","coordinates":[[[-122.780663,43.916534],[-122.781554,43.916536],[-122.781555,43.916262],[-122.781556,43.91607],[-122.781234,43.916069],[-122.780968,43.916068],[-122.780608,43.916068],[-122.780607,43.916405],[-122.780663,43.916534]]]}},{"type":"Feature","properties":{"MAPTAXLOT":"1901143201504","MAPNUMBER":"19011432","TAXLOT":"1504","ACCTNO":"1462264","MAPACRES":0.15247137},"geometry":{"type":"Polygon","coordinates":[[[-122.78061,43.915476],[-122.780883,43.915477],[-122.780884,43.915219],[-122.780697,43.915218],[-122.780611,43.915251],[-122.78061,43.915475],[-122.78061,43.915476]]]}},{"type":"Feature","properties":{"MAPTAXLOT":"1901143201506","MAPNUMBER":"19011432","TAXLOT":"1506","ACCTNO":"1478179","MAPACRES":0.21809354},"geometry":{"type":"Polygon","coordinates":[[[-122.780612,43.915088],[-122.780611,43.915251],[-122.780697,43.915218],[-122.780884,43.915219],[-122.780884,43.915219],[-122.781108,43.91522],[-122.781109,43.915009],[-122.781108,43.915009],[-122.78079,43.915008],[-122.780612,43.915088]]]}},{"type":"Feature","properties":{"MAPTAXLOT":"1901143201507","MAPNUMBER":"19011432","TAXLOT":"1507","ACCTNO":"1462256","MAPACRES":0.21658008},"geometry":{"type":"Polygon","coordinates":[[[-122.78061,43.915513],[-122.781183,43.915514],[-122.781184,43.91522],[-122.781108,43.91522],[-122.780884,43.915219],[-122.780884,43.915219],[-122.780883,43.915477],[-122.78061,43.915476],[-122.78061,43.915513]]]}},{"type":"Feature","properties":{"MAPTAXLOT":"1901143201508","MAPNUMBER":"19011432","TAXLOT":"1508","ACCTNO":"1786852","MAPACRES":0.16089229},"geometry":{"type":"Polygon","coordinates":[[[-122.780612,43.914904],[-122.780612,43.915088],[-122.78079,43.915008],[-122.781108,43.915009],[-122.781109,43.915009],[-122.781109,43.914992],[-122.781109,43.914825],[-122.781109,43.914825],[-122.781109,43.914825],[-122.780932,43.914825],[-122.780931,43.914905],[-122.780612,43.914904]]]}},{"type":"Feature","properties":{"MAPTAXLOT":"1901143201509","MAPNUMBER":"19011432","TAXLOT":"1509","ACCTNO":"1786860","MAPACRES":0.34620986},"geometry":{"type":"Polygon","coordinates":[[[-122.780612,43.914904],[-122.780931,43.914905],[-122.780932,43.914825],[-122.781109,43.914825],[-122.781109,43.914825],[-122.78111,43.914611],[-122.781028,43.914602],[-122.780614,43.914499],[-122.780612,43.914904]]]}},{"type":"Feature","properties":{"MAPTAXLOT":"1901143201700","MAPNUMBER":"19011432","TAXLOT":"1700","ACCTNO":"0816445","MAPACRES":0.58786645},"geometry":{"type":"Polygon","coordinates":[[[-122.779345,43.916484],[-122.780379,43.916486],[-122.78038,43.916229],[-122.779881,43.916227],[-122.779346,43.916226],[-122.779345,43.916484]]]}},{"type":"Feature","properties":{"MAPTAXLOT":"1901143201800","MAPNUMBER":"19011432","TAXLOT":"1800","ACCTNO":"0816452","MAPACRES":0.21061844},"geometry":{"type":"Polygon","coordinates":[[[-122.779346,43.916226],[-122.779881,43.916227],[-122.779882,43.916049],[-122.779726,43.916049],[-122.779347,43.916048],[-122.779346,43.916226]]]}},{"type":"Feature","properties":{"MAPTAXLOT":"1901143201801","MAPNUMBER":"19011432","TAXLOT":"1801","ACCTNO":"1409695","MAPACRES":0.19625163},"geometry":{"type":"Polygon","coordinates":[[[-122.779881,43.916227],[-122.78038,43.916229],[-122.78038,43.91605],[-122.779882,43.916049],[-122.779881,43.916227]]]}},{"type":"Feature","properties":{"MAPTAXLOT":"1901143201900","MAPNUMBER":"19011432","TAXLOT":"1900","ACCTNO":"0816460","MAPACRES":0.02247102},"geometry":{"type":"Polygon","coordinates":[[[-122.779347,43.916048],[-122.779726,43.916049],[-122.779726,43.916022],[-122.779536,43.916021],[-122.779347,43.916021],[-122.779347,43.916048]]]}},{"type":"Feature","properties":{"MAPTAXLOT":"1901143202000","MAPNUMBER":"19011432","TAXLOT":"2000","ACCTNO":"0816486","MAPACRES":0.26138699},"geometry":{"type":"Polygon","coordinates":[[[-122.779536,43.916021],[-122.779726,43.916022],[-122.779727,43.915788],[-122.779822,43.915788],[-122.779822,43.915731],[-122.779823,43.915583],[-122.779826,43.915583],[-122.779827,43.915528],[-122.779538,43.915527],[-122.779536,43.916021]]]}},{"type":"Feature","properties":{"MAPTAXLOT":"1901143202200","MAPNUMBER":"19011432","TAXLOT":"2200","ACCTNO":"1460359","MAPACRES":0.44645477},"geometry":{"type":"Polygon","coordinates":[[[-122.779882,43.916049],[-122.78038,43.91605],[-122.780382,43.915732],[-122.779822,43.915731],[-122.779822,43.915788],[-122.779727,43.915788],[-122.779726,43.916022],[-122.779726,43.916049],[-122.779882,43.916049]]]}},{"type":"Feature","properties":{"MAPTAXLOT":"1901143202300","MAPNUMBER":"19011432","TAXLOT":"2300","ACCTNO":"1460367","MAPACRES":0.25002404},"geometry":{"type":"Polygon","coordinates":[[[-122.779822,43.915731],[-122.780382,43.915732],[-122.780382,43.915529],[-122.779827,43.915528],[-122.779826,43.915583],[-122.779823,43.915583],[-122.779822,43.915731]]]}},{"type":"Feature","properties":{"MAPTAXLOT":"1901143202400","MAPNUMBER":"19011432","TAXLOT":"2400","ACCTNO":"1850500","MAPACRES":1.9143025},"geometry":{"type":"Polygon","coordinates":[[[-122.779736,43.917339],[-122.780375,43.91734],[-122.780375,43.91734],[-122.780379,43.916486],[-122.779345,43.916484],[-122.779343,43.916899],[-122.779342,43.917297],[-122.779645,43.917297],[-122.779736,43.917339]]]}},{"type":"Feature","properties":{"MAPTAXLOT":"1901150000033","MAPNUMBER":"19011500","TAXLOT":"33","ACCTNO":"000None","MAPACRES":8.87755277},"geometry":{"type":"Polygon","coordinates":[[[-122.796627,43.911667],[-122.796843,43.911745],[-122.79706,43.91182],[-122.79671,43.911345],[-122.796965,43.911013],[-122.796075,43.910689],[-122.795521,43.910491],[-122.795237,43.910308],[-122.793467,43.909164],[-122.79346,43.908478],[-122.790479,43.908497],[-122.790489,43.909418],[-122.79083,43.909543],[-122.791145,43.909414],[-122.791393,43.909348],[-122.791933,43.909278],[-122.792392,43.909269],[-122.792949,43.909288],[-122.793163,43.909424],[-122.793267,43.909603],[-122.793508,43.909719],[-122.793723,43.909875],[-122.794106,43.910069],[-122.794601,43.91028],[-122.795055,43.910502],[-122.795509,43.910714],[-122.795902,43.910817],[-122.796158,43.910943],[-122.796346,43.91113],[-122.796456,43.911469],[-122.796627,43.911667]]]}},{"type":"Feature","properties":{"MAPTAXLOT":"1901150000066","MAPNUMBER":"19011500","TAXLOT":"66","ACCTNO":"000None","MAPACRES":875.11647814},"geometry":{"type":"MultiPolygon","coordinates":[[[[-122.803816,43.924144],[-122.804451,43.924495],[-122.804461,43.924497],[-122.804908,43.924495],[-122.805227,43.924439],[-122.805351,43.924374],[-122.805447,43.924062],[-122.805596,43.923637],[-122.805664,43.92349],[-122.80574,43.923325],[-122.805838,43.923047],[-122.805845,43.923028],[-122.805962,43.922775],[-122.80627,43.922424],[-122.806751,43.922028],[-122.807226,43.921716],[-122.807995,43.921215],[-122.808668,43.920752],[-122.809635,43.920071],[-122.810454,43.91953],[-122.810976,43.919196],[-122.811516,43.918799],[-122.811472,43.918666],[-122.811422,43.918386],[-122.811352,43.918085],[-122.811273,43.917791],[-122.811174,43.91749],[-122.81123,43.91718],[-122.811266,43.917097],[-122.811466,43.916966],[-122.811712,43.916792],[-122.811735,43.916623],[-122.811724,43.916356],[-122.811664,43.916062],[-122.811462,43.915855],[-122.811261,43.91569],[-122.811256,43.915578],[-122.81128,43.915423],[-122.811323,43.915345],[-122.809636,43.914386],[-122.809384,43.914242],[-122.809129,43.914102],[-122.80887,43.913966],[-122.808608,43.913833],[-122.808343,43.913703],[-122.808074,43.913577],[-122.807802,43.913454],[-122.807625,43.913385],[-122.807445,43.91332],[-122.807263,43.913259],[-122.807244,43.913253],[-122.80723,43.913248],[-122.807228,43.913248],[-122.807216,43.913244],[-122.807178,43.913232],[-122.807174,43.913231],[-122.807136,43.913219],[-122.807089,43.913205],[-122.807051,43.913194],[-122.806838,43.913133],[-122.806621,43.913078],[-122.806402,43.913029],[-122.806181,43.912984],[-122.805958,43.912945],[-122.80575,43.912913],[-122.805541,43.912886],[-122.805331,43.912863],[-122.805119,43.912846],[-122.804908,43.912832],[-122.804668,43.912829],[-122.804429,43.912828],[-122.804226,43.912828],[-122.803916,43.912833],[-122.803605,43.912841],[-122.803295,43.912853],[-122.802985,43.912869],[-122.802675,43.912889],[-122.802672,43.912889],[-122.801882,43.912943],[-122.801877,43.912943],[-122.801875,43.912944],[-122.801863,43.912944],[-122.801543,43.912964],[-122.801223,43.91298],[-122.800902,43.912992],[-122.800582,43.912999],[-122.800261,43.913003],[-122.79994,43.913003],[-122.799712,43.912993],[-122.799484,43.912978],[-122.799258,43.912958],[-122.799032,43.912934],[-122.798807,43.912904],[-122.798584,43.912869],[-122.798362,43.91283],[-122.798142,43.912785],[-122.797924,43.912736],[-122.797708,43.912682],[-122.797411,43.912594],[-122.797116,43.912502],[-122.796824,43.912406],[-122.796533,43.912307],[-122.796246,43.912204],[-122.795961,43.912097],[-122.788878,43.909505],[-122.788724,43.909506],[-122.788222,43.909509],[-122.786354,43.909523],[-122.785755,43.909528],[-122.785724,43.909167],[-122.785684,43.908698],[-122.782076,43.908229],[-122.779776,43.908555],[-122.779761,43.908519],[-122.779602,43.908537],[-122.779603,43.908547],[-122.779908,43.911073],[-122.779944,43.911343],[-122.779986,43.911611],[-122.780034,43.91188],[-122.780304,43.913288],[-122.780395,43.913556],[-122.7805,43.9141],[-122.780506,43.914207],[-122.780555,43.914352],[-122.780828,43.914455],[-122.781229,43.914491],[-122.78164,43.914547],[-122.781938,43.914626],[-122.782191,43.914722],[-122.782505,43.914831],[-122.782914,43.914838],[-122.783116,43.914834],[-122.783233,43.914831],[-122.783343,43.914859],[-122.783526,43.914905],[-122.783843,43.915108],[-122.784238,43.915266],[-122.784844,43.915456],[-122.785008,43.915554],[-122.785111,43.915579],[-122.785207,43.915585],[-122.785377,43.915618],[-122.785492,43.915681],[-122.785619,43.915768],[-122.785764,43.915886],[-122.78592,43.916009],[-122.786071,43.916144],[-122.786241,43.916315],[-122.786299,43.916517],[-122.786301,43.9167],[-122.786398,43.916901],[-122.78642,43.917009],[-122.786563,43.917067],[-122.786778,43.917111],[-122.786883,43.917219],[-122.786973,43.917355],[-122.787113,43.917498],[-122.787232,43.917662],[-122.787352,43.917863],[-122.787387,43.918049],[-122.787389,43.918236],[-122.787361,43.91838],[-122.787362,43.918689],[-122.78737,43.918916],[-122.787375,43.919042],[-122.787432,43.919204],[-122.787463,43.919281],[-122.787592,43.919416],[-122.787817,43.919574],[-122.787883,43.919682],[-122.787889,43.919828],[-122.787826,43.919935],[-122.787673,43.920048],[-122.787501,43.920124],[-122.787403,43.920191],[-122.787315,43.920241],[-122.787223,43.920328],[-122.787224,43.920353],[-122.787257,43.920352],[-122.787394,43.920256],[-122.787521,43.920171],[-122.787676,43.920145],[-122.787958,43.92014],[-122.788308,43.92014],[-122.788711,43.920224],[-122.789259,43.92029],[-122.789445,43.920322],[-122.789716,43.92052],[-122.790016,43.920711],[-122.790361,43.920817],[-122.790605,43.920841],[-122.79077,43.920809],[-122.790945,43.920813],[-122.791143,43.9209],[-122.791442,43.921077],[-122.791721,43.921234],[-122.792194,43.921358],[-122.79266,43.921377],[-122.793217,43.921429],[-122.793716,43.921482],[-122.794182,43.921424],[-122.794625,43.921289],[-122.795017,43.921119],[-122.795326,43.921043],[-122.795433,43.921041],[-122.795525,43.921144],[-122.795634,43.921185],[-122.795776,43.921165],[-122.795808,43.92116],[-122.796118,43.921105],[-122.796656,43.920911],[-122.79685,43.920907],[-122.79705,43.92103],[-122.797105,43.921205],[-122.797208,43.921343],[-122.797417,43.921445],[-122.797625,43.921671],[-122.79783,43.921941],[-122.798124,43.922231],[-122.798168,43.922356],[-122.798117,43.922554],[-122.798162,43.922694],[-122.798288,43.922698],[-122.79861,43.922706],[-122.798866,43.922779],[-122.79915,43.923047],[-122.799558,43.923271],[-122.800031,43.923496],[-122.800111,43.923688],[-122.80095,43.923596],[-122.803816,43.924144]]],[[[-122.791393,43.909348],[-122.791145,43.909414],[-122.79083,43.909543],[-122.796351,43.911564],[-122.796627,43.911667],[-122.796456,43.911469],[-122.796346,43.91113],[-122.796158,43.910943],[-122.795902,43.910817],[-122.795509,43.910714],[-122.795055,43.910502],[-122.794601,43.91028],[-122.794106,43.910069],[-122.793723,43.909875],[-122.793508,43.909719],[-122.793267,43.909603],[-122.793163,43.909424],[-122.792949,43.909288],[-122.792392,43.909269],[-122.791933,43.909278],[-122.791393,43.909348]]],[[[-122.807693,43.91298],[-122.807888,43.913051],[-122.80808,43.913126],[-122.808368,43.913257],[-122.808652,43.913391],[-122.808933,43.913528],[-122.809211,43.91367],[-122.809484,43.913815],[-122.809118,43.913575],[-122.808999,43.913328],[-122.808645,43.913054],[-122.808498,43.912836],[-122.808155,43.912802],[-122.807994,43.912786],[-122.807693,43.91298]]],[[[-122.77636,43.91616],[-122.777011,43.916132],[-122.777947,43.916128],[-122.778161,43.916105],[-122.778313,43.916089],[-122.778616,43.916056],[-122.779074,43.915797],[-122.779286,43.915469],[-122.779436,43.915128],[-122.779826,43.914693],[-122.780027,43.914368],[-122.779955,43.914155],[-122.779921,43.913881],[-122.779906,43.913606],[-122.779853,43.913334],[-122.779583,43.911925],[-122.779534,43.911651],[-122.779491,43.911377],[-122.779454,43.911102],[-122.779333,43.910096],[-122.779151,43.908586],[-122.779088,43.908593],[-122.779054,43.908595],[-122.778626,43.908623],[-122.778448,43.908607],[-122.778412,43.908702],[-122.777609,43.908523],[-122.776887,43.908425],[-122.776385,43.908432],[-122.775756,43.908376],[-122.775238,43.908455],[-122.774595,43.908367],[-122.774354,43.908457],[-122.773703,43.908485],[-122.773119,43.908453],[-122.772549,43.908339],[-122.772105,43.908226],[-122.771401,43.908088],[-122.770717,43.90815],[-122.770137,43.908281],[-122.76882,43.90895],[-122.767968,43.909438],[-122.76678,43.90975],[-122.764988,43.909779],[-122.76498,43.909779],[-122.760792,43.909795],[-122.760627,43.909859],[-122.760275,43.910263],[-122.759939,43.91052],[-122.759576,43.910616],[-122.759296,43.910768],[-122.759225,43.911035],[-122.758924,43.911158],[-122.758575,43.911092],[-122.758309,43.911067],[-122.758148,43.911115],[-122.758075,43.911337],[-122.757919,43.911517],[-122.757737,43.911565],[-122.75754,43.911745],[-122.757447,43.911982],[-122.757497,43.912217],[-122.757747,43.912388],[-122.75786,43.912666],[-122.757726,43.912904],[-122.757366,43.913073],[-122.757028,43.9133],[-122.756772,43.913541],[-122.756311,43.913741],[-122.755746,43.91387],[-122.755343,43.914011],[-122.754635,43.914128],[-122.754131,43.914256],[-122.753563,43.914326],[-122.752711,43.914431],[-122.75276,43.914665],[-122.752836,43.915032],[-122.75462,43.91482],[-122.754663,43.914893],[-122.753853,43.915012],[-122.753944,43.915411],[-122.754246,43.915396],[-122.754547,43.915376],[-122.754721,43.915359],[-122.754895,43.915339],[-122.755069,43.915316],[-122.755241,43.915289],[-122.755383,43.91507],[-122.755865,43.914884],[-122.756327,43.914727],[-122.756847,43.914467],[-122.757289,43.914296],[-122.75797,43.914003],[-122.758272,43.913894],[-122.759141,43.913715],[-122.759985,43.913418],[-122.760672,43.913272],[-122.761602,43.913062],[-122.762554,43.912926],[-122.762887,43.912817],[-122.763353,43.912749],[-122.764122,43.91263],[-122.764789,43.912485],[-122.765091,43.912456],[-122.765174,43.912448],[-122.765181,43.912624],[-122.765098,43.912642],[-122.764797,43.912705],[-122.764311,43.912759],[-122.764051,43.912897],[-122.764242,43.913099],[-122.764716,43.913266],[-122.765105,43.913317],[-122.765109,43.913318],[-122.765125,43.913322],[-122.76566,43.913454],[-122.766089,43.913504],[-122.766823,43.913533],[-122.766996,43.91353],[-122.767148,43.913527],[-122.767474,43.913521],[-122.768083,43.913464],[-122.76859,43.91341],[-122.769262,43.913412],[-122.769631,43.913493],[-122.770004,43.913662],[-122.770501,43.913887],[-122.77072,43.913952],[-122.770871,43.913998],[-122.770871,43.913998],[-122.770872,43.913998],[-122.771382,43.914032],[-122.771972,43.91402],[-122.772402,43.9141],[-122.772655,43.914316],[-122.772725,43.914564],[-122.772736,43.914844],[-122.772689,43.915227],[-122.772803,43.915549],[-122.773052,43.915676],[-122.773811,43.915823],[-122.774436,43.915939],[-122.774588,43.915967],[-122.774816,43.916009],[-122.775442,43.916089],[-122.77636,43.91616]]]]}},{"type":"Feature","properties":{"MAPTAXLOT":"1901150000077","MAPNUMBER":"19011500","TAXLOT":"77","ACCTNO":"000None","MAPACRES":42.7576298},"geometry":{"type":"MultiPolygon","coordinates":[[[[-122.802675,43.912889],[-122.802985,43.912869],[-122.803295,43.912853],[-122.803605,43.912841],[-122.803916,43.912833],[-122.804226,43.912828],[-122.804429,43.912828],[-122.804668,43.912829],[-122.804908,43.912832],[-122.805119,43.912846],[-122.805331,43.912863],[-122.805541,43.912886],[-122.80575,43.912913],[-122.805958,43.912945],[-122.806181,43.912984],[-122.806402,43.913029],[-122.806621,43.913078],[-122.806838,43.913133],[-122.807051,43.913194],[-122.807089,43.913205],[-122.807136,43.913219],[-122.807174,43.913231],[-122.807178,43.913232],[-122.807216,43.913244],[-122.807228,43.913248],[-122.80723,43.913248],[-122.807244,43.913253],[-122.807263,43.913259],[-122.807445,43.91332],[-122.807625,43.913385],[-122.807802,43.913454],[-122.808074,43.913577],[-122.808343,43.913703],[-122.808608,43.913833],[-122.80887,43.913966],[-122.809129,43.914102],[-122.809384,43.914242],[-122.809636,43.914386],[-122.809484,43.913815],[-122.809211,43.91367],[-122.808933,43.913528],[-122.808652,43.913391],[-122.808368,43.913257],[-122.80808,43.913126],[-122.807888,43.913051],[-122.807693,43.91298],[-122.807508,43.912918],[-122.807321,43.912859],[-122.807132,43.912804],[-122.806942,43.912753],[-122.806749,43.912705],[-122.806555,43.912661],[-122.806359,43.912621],[-122.806162,43.912585],[-122.805964,43.912553],[-122.805963,43.912553],[-122.805756,43.912523],[-122.805549,43.912498],[-122.805341,43.912478],[-122.805132,43.912461],[-122.804922,43.912449],[-122.804599,43.912444],[-122.804276,43.912444],[-122.803953,43.912448],[-122.80368,43.912454],[-122.803407,43.912464],[-122.803134,43.912476],[-122.803113,43.912257],[-122.802849,43.912272],[-122.802585,43.912289],[-122.802278,43.91231],[-122.801473,43.912363],[-122.801256,43.912374],[-122.801038,43.912383],[-122.800682,43.912394],[-122.800325,43.912399],[-122.799968,43.912399],[-122.799899,43.912397],[-122.7997,43.912387],[-122.799502,43.912372],[-122.799304,43.912353],[-122.799107,43.91233],[-122.798919,43.912305],[-122.798733,43.912275],[-122.798547,43.912241],[-122.798363,43.912203],[-122.798181,43.912162],[-122.798,43.912117],[-122.797684,43.912022],[-122.797371,43.911924],[-122.79706,43.91182],[-122.796843,43.911745],[-122.796627,43.911667],[-122.796351,43.911564],[-122.79083,43.909543],[-122.790489,43.909418],[-122.788878,43.909505],[-122.795961,43.912097],[-122.796246,43.912204],[-122.796533,43.912307],[-122.796824,43.912406],[-122.797116,43.912502],[-122.797411,43.912594],[-122.797708,43.912682],[-122.797924,43.912736],[-122.798142,43.912785],[-122.798362,43.91283],[-122.798584,43.912869],[-122.798807,43.912904],[-122.799032,43.912934],[-122.799258,43.912958],[-122.799484,43.912978],[-122.799712,43.912993],[-122.79994,43.913003],[-122.800261,43.913003],[-122.800582,43.912999],[-122.800902,43.912992],[-122.801223,43.91298],[-122.801543,43.912964],[-122.801863,43.912944],[-122.801875,43.912944],[-122.801877,43.912943],[-122.801882,43.912943],[-122.802672,43.912889],[-122.802675,43.912889]]],[[[-122.779536,43.908544],[-122.779151,43.908586],[-122.779333,43.910096],[-122.779454,43.911102],[-122.779491,43.911377],[-122.779534,43.911651],[-122.779583,43.911925],[-122.779853,43.913334],[-122.779856,43.913334],[-122.780304,43.913288],[-122.780034,43.91188],[-122.779986,43.911611],[-122.779944,43.911343],[-122.779908,43.911073],[-122.779603,43.908547],[-122.779602,43.908537],[-122.779536,43.908544]]],[[[-122.79956,43.924063],[-122.804451,43.924495],[-122.803816,43.924144],[-122.80095,43.923596],[-122.800111,43.923688],[-122.795755,43.922668],[-122.793608,43.922165],[-122.791024,43.92156],[-122.791023,43.921848],[-122.793073,43.922328],[-122.793491,43.922426],[-122.793403,43.922622],[-122.794039,43.92277],[-122.795749,43.923171],[-122.795753,43.923172],[-122.797443,43.923567],[-122.79956,43.924063]]]]}},{"type":"Feature","properties":{"MAPTAXLOT":"1901150000300","MAPNUMBER":"19011500","TAXLOT":"300","ACCTNO":"0816809","MAPACRES":8.8852258},"geometry":{"type":"Polygon","coordinates":[[[-122.791016,43.924051],[-122.793064,43.924057],[-122.793064,43.924057],[-122.793073,43.922328],[-122.791023,43.921848],[-122.791023,43.921963],[-122.79102,43.922948],[-122.791019,43.923244],[-122.791016,43.924051]]]}},{"type":"Feature","properties":{"MAPTAXLOT":"1901150000301","MAPNUMBER":"19011500","TAXLOT":"301","ACCTNO":"0816817","MAPACRES":3.17134351},"geometry":{"type":"Polygon","coordinates":[[[-122.793064,43.924057],[-122.794032,43.92406],[-122.794032,43.92406],[-122.794039,43.92277],[-122.793403,43.922622],[-122.793491,43.922426],[-122.793073,43.922328],[-122.793064,43.924057],[-122.793064,43.924057]]]}},{"type":"Feature","properties":{"MAPTAXLOT":"1901150000400","MAPNUMBER":"19011500","TAXLOT":"400","ACCTNO":"0816825","MAPACRES":4.12426427},"geometry":{"type":"Polygon","coordinates":[[[-122.794032,43.92406],[-122.795741,43.924066],[-122.795753,43.923172],[-122.795749,43.923171],[-122.794039,43.92277],[-122.794032,43.92406],[-122.794032,43.92406]]]}},{"type":"Feature","properties":{"MAPTAXLOT":"1901150000500","MAPNUMBER":"19011500","TAXLOT":"500","ACCTNO":"0816833","MAPACRES":2.58014359},"geometry":{"type":"Polygon","coordinates":[[[-122.795741,43.924066],[-122.797401,43.924065],[-122.797443,43.923567],[-122.795753,43.923172],[-122.795741,43.924066]]]}},{"type":"Feature","properties":{"MAPTAXLOT":"1901150000700","MAPNUMBER":"19011500","TAXLOT":"700","ACCTNO":"0816841","MAPACRES":0.99838249},"geometry":{"type":"Polygon","coordinates":[[[-122.795237,43.910308],[-122.795521,43.910491],[-122.796639,43.909463],[-122.79616,43.90946],[-122.795237,43.910308]]]}},{"type":"Feature","properties":{"MAPTAXLOT":"1901150000900","MAPNUMBER":"19011500","TAXLOT":"900","ACCTNO":"0816866","MAPACRES":23.15061167},"geometry":{"type":"Polygon","coordinates":[[[-122.799896,43.911997],[-122.800638,43.912045],[-122.801033,43.912055],[-122.801039,43.912056],[-122.801039,43.912026],[-122.801414,43.911975],[-122.801427,43.911359],[-122.801502,43.91136],[-122.801526,43.910183],[-122.801295,43.910179],[-122.801064,43.910169],[-122.800834,43.910155],[-122.800605,43.910136],[-122.800376,43.910112],[-122.800148,43.910083],[-122.799922,43.91005],[-122.799697,43.910011],[-122.799474,43.909968],[-122.799253,43.90992],[-122.799034,43.909867],[-122.798817,43.909809],[-122.798602,43.909747],[-122.79839,43.909681],[-122.798181,43.90961],[-122.797975,43.909534],[-122.797663,43.909407],[-122.797355,43.909275],[-122.79705,43.909139],[-122.796749,43.908999],[-122.796745,43.908997],[-122.795941,43.908626],[-122.795934,43.909458],[-122.79616,43.90946],[-122.796639,43.909463],[-122.795521,43.910491],[-122.796075,43.910689],[-122.796965,43.911013],[-122.798062,43.911416],[-122.798507,43.911583],[-122.798815,43.911755],[-122.799102,43.911776],[-122.799103,43.911914],[-122.799517,43.911971],[-122.799896,43.911997]]]}},{"type":"Feature","properties":{"MAPTAXLOT":"1901150000902","MAPNUMBER":"19011500","TAXLOT":"902","ACCTNO":"0816882","MAPACRES":0.71045768},"geometry":{"type":"Polygon","coordinates":[[[-122.799107,43.91233],[-122.799304,43.912353],[-122.799502,43.912372],[-122.7997,43.912387],[-122.799899,43.912397],[-122.799896,43.911997],[-122.799517,43.911971],[-122.799103,43.911914],[-122.799107,43.91233]]]}},{"type":"Feature","properties":{"MAPTAXLOT":"1901150000903","MAPNUMBER":"19011500","TAXLOT":"903","ACCTNO":"1109808","MAPACRES":3.42060146},"geometry":{"type":"Polygon","coordinates":[[[-122.79706,43.91182],[-122.797371,43.911924],[-122.797684,43.912022],[-122.798,43.912117],[-122.798181,43.912162],[-122.798363,43.912203],[-122.798547,43.912241],[-122.798733,43.912275],[-122.798919,43.912305],[-122.799107,43.91233],[-122.799103,43.911914],[-122.799102,43.911776],[-122.798815,43.911755],[-122.798507,43.911583],[-122.798062,43.911416],[-122.796965,43.911013],[-122.79671,43.911345],[-122.79706,43.91182]]]}},{"type":"Feature","properties":{"MAPTAXLOT":"1901150000904","MAPNUMBER":"19011500","TAXLOT":"904","ACCTNO":"1367695","MAPACRES":0.91498171},"geometry":{"type":"Polygon","coordinates":[[[-122.799899,43.912397],[-122.799968,43.912399],[-122.800325,43.912399],[-122.800682,43.912394],[-122.801038,43.912383],[-122.801038,43.912382],[-122.801039,43.912056],[-122.801033,43.912055],[-122.800638,43.912045],[-122.799896,43.911997],[-122.799899,43.912397]]]}},{"type":"Feature","properties":{"MAPTAXLOT":"1901150001400","MAPNUMBER":"19011500","TAXLOT":"1400","ACCTNO":"0816965","MAPACRES":25.06349742},"geometry":{"type":"Polygon","coordinates":[[[-122.793608,43.922165],[-122.795755,43.922668],[-122.800111,43.923688],[-122.800031,43.923496],[-122.799558,43.923271],[-122.79915,43.923047],[-122.798866,43.922779],[-122.79861,43.922706],[-122.798288,43.922698],[-122.798162,43.922694],[-122.798117,43.922554],[-122.798168,43.922356],[-122.798124,43.922231],[-122.79783,43.921941],[-122.797625,43.921671],[-122.797417,43.921445],[-122.797208,43.921343],[-122.797105,43.921205],[-122.79705,43.92103],[-122.79685,43.920907],[-122.796656,43.920911],[-122.796118,43.921105],[-122.795808,43.92116],[-122.795776,43.921165],[-122.795634,43.921185],[-122.795525,43.921144],[-122.795433,43.921041],[-122.795326,43.921043],[-122.795017,43.921119],[-122.794625,43.921289],[-122.794182,43.921424],[-122.793716,43.921482],[-122.793217,43.921429],[-122.79266,43.921377],[-122.792194,43.921358],[-122.791721,43.921234],[-122.791442,43.921077],[-122.791143,43.9209],[-122.790945,43.920813],[-122.79077,43.920809],[-122.790605,43.920841],[-122.790361,43.920817],[-122.790016,43.920711],[-122.789716,43.92052],[-122.789445,43.920322],[-122.789259,43.92029],[-122.788711,43.920224],[-122.788308,43.92014],[-122.787958,43.92014],[-122.787676,43.920145],[-122.787521,43.920171],[-122.787394,43.920256],[-122.787257,43.920352],[-122.787224,43.920353],[-122.787105,43.920499],[-122.787026,43.920623],[-122.791024,43.92156],[-122.793608,43.922165]]]}},{"type":"Feature","properties":{"MAPTAXLOT":"1901151100077","MAPNUMBER":"19011511","TAXLOT":"77","ACCTNO":"000None","MAPACRES":4.80091201},"geometry":{"type":"Polygon","coordinates":[[[-122.78814,43.922966],[-122.788171,43.922964],[-122.788201,43.922958],[-122.78823,43.922949],[-122.788256,43.922937],[-122.788279,43.922922],[-122.788299,43.922904],[-122.788314,43.922884],[-122.788324,43.922863],[-122.78833,43.92284],[-122.78833,43.922817],[-122.788325,43.922795],[-122.788314,43.922773],[-122.788298,43.922752],[-122.788278,43.922734],[-122.788254,43.922719],[-122.788227,43.922707],[-122.788197,43.922698],[-122.788165,43.922693],[-122.788133,43.922692],[-122.788101,43.922695],[-122.78807,43.922702],[-122.788042,43.922712],[-122.788016,43.922726],[-122.787994,43.922738],[-122.78797,43.922748],[-122.787944,43.922755],[-122.787917,43.922759],[-122.78789,43.92276],[-122.787743,43.92276],[-122.78771,43.922758],[-122.787678,43.922752],[-122.787648,43.922742],[-122.78762,43.922728],[-122.787597,43.922711],[-122.787578,43.922692],[-122.787564,43.92267],[-122.787555,43.922647],[-122.787552,43.922623],[-122.787555,43.9226],[-122.787563,43.922576],[-122.78792,43.921842],[-122.788184,43.921299],[-122.789661,43.921644],[-122.790193,43.921769],[-122.790203,43.921771],[-122.790203,43.921771],[-122.791023,43.921963],[-122.791023,43.921848],[-122.791024,43.92156],[-122.787026,43.920623],[-122.786751,43.920848],[-122.785832,43.920951],[-122.786085,43.920951],[-122.786706,43.920953],[-122.786727,43.920957],[-122.788004,43.921256],[-122.787384,43.922531],[-122.787371,43.922564],[-122.787364,43.922598],[-122.787363,43.922632],[-122.787367,43.922666],[-122.787378,43.922699],[-122.787394,43.922731],[-122.787415,43.922761],[-122.787441,43.922789],[-122.787472,43.922815],[-122.787508,43.922838],[-122.78755,43.922858],[-122.787594,43.922875],[-122.787642,43.922887],[-122.787691,43.922894],[-122.787742,43.922896],[-122.787889,43.922897],[-122.787916,43.922898],[-122.787943,43.922902],[-122.787969,43.922909],[-122.787993,43.922919],[-122.788015,43.922931],[-122.788036,43.922943],[-122.78806,43.922953],[-122.788086,43.92296],[-122.788113,43.922964],[-122.78814,43.922966]]]}},{"type":"Feature","properties":{"MAPTAXLOT":"1901151100100","MAPNUMBER":"19011511","TAXLOT":"100","ACCTNO":"1505856","MAPACRES":3.32052724},"geometry":{"type":"Polygon","coordinates":[[[-122.78658,43.922431],[-122.787384,43.922531],[-122.788004,43.921256],[-122.786727,43.920957],[-122.78658,43.922431]]]}},{"type":"Feature","properties":{"MAPTAXLOT":"1901151100201","MAPNUMBER":"19011511","TAXLOT":"201","ACCTNO":"1505864","MAPACRES":2.07975325},"geometry":{"type":"Polygon","coordinates":[[[-122.786047,43.922433],[-122.787364,43.922598],[-122.787371,43.922564],[-122.787384,43.922531],[-122.78658,43.922431],[-122.786727,43.920957],[-122.786706,43.920953],[-122.786085,43.920951],[-122.786047,43.922433]]]}},{"type":"Feature","properties":{"MAPTAXLOT":"1901151100202","MAPNUMBER":"19011511","TAXLOT":"202","ACCTNO":"1596798","MAPACRES":2.00366363},"geometry":{"type":"Polygon","coordinates":[[[-122.785299,43.92234],[-122.786047,43.922433],[-122.786085,43.920951],[-122.785832,43.920951],[-122.785831,43.921312],[-122.785601,43.921312],[-122.785374,43.921311],[-122.785301,43.921311],[-122.7853,43.921774],[-122.7853,43.921778],[-122.7853,43.921975],[-122.785299,43.92234]]]}},{"type":"Feature","properties":{"MAPTAXLOT":"1901151100300","MAPNUMBER":"19011511","TAXLOT":"300","ACCTNO":"1505849","MAPACRES":2.97691374},"geometry":{"type":"Polygon","coordinates":[[[-122.785931,43.923151],[-122.786933,43.923152],[-122.787441,43.922789],[-122.787415,43.922761],[-122.787394,43.922731],[-122.787378,43.922699],[-122.787367,43.922666],[-122.787363,43.922632],[-122.787364,43.922598],[-122.786047,43.922433],[-122.785299,43.92234],[-122.785298,43.92246],[-122.785297,43.92315],[-122.785931,43.923151]]]}},{"type":"Feature","properties":{"MAPTAXLOT":"1901151100400","MAPNUMBER":"19011511","TAXLOT":"400","ACCTNO":"1505831","MAPACRES":2.17579273},"geometry":{"type":"Polygon","coordinates":[[[-122.785947,43.924036],[-122.786998,43.924039],[-122.787,43.923201],[-122.787508,43.922838],[-122.787472,43.922815],[-122.787441,43.922789],[-122.786933,43.923152],[-122.785931,43.923151],[-122.785943,43.923837],[-122.785947,43.924036]]]}},{"type":"Feature","properties":{"MAPTAXLOT":"1901151100500","MAPNUMBER":"19011511","TAXLOT":"500","ACCTNO":"1505823","MAPACRES":2.7274542},"geometry":{"type":"Polygon","coordinates":[[[-122.786998,43.924039],[-122.788137,43.924042],[-122.78814,43.922966],[-122.788113,43.922964],[-122.788086,43.92296],[-122.78806,43.922953],[-122.788036,43.922943],[-122.788015,43.922931],[-122.787993,43.922919],[-122.787969,43.922909],[-122.787943,43.922902],[-122.787916,43.922898],[-122.787889,43.922897],[-122.787742,43.922896],[-122.787691,43.922894],[-122.787642,43.922887],[-122.787594,43.922875],[-122.78755,43.922858],[-122.787508,43.922838],[-122.787,43.923201],[-122.786998,43.924039]]]}},{"type":"Feature","properties":{"MAPTAXLOT":"1901151100600","MAPNUMBER":"19011511","TAXLOT":"600","ACCTNO":"1505815","MAPACRES":2.80516557},"geometry":{"type":"Polygon","coordinates":[[[-122.788137,43.924042],[-122.789227,43.924046],[-122.78923,43.922865],[-122.788324,43.922863],[-122.788314,43.922884],[-122.788299,43.922904],[-122.788279,43.922922],[-122.788256,43.922937],[-122.78823,43.922949],[-122.788201,43.922958],[-122.788171,43.922964],[-122.78814,43.922966],[-122.788137,43.924042]]]}},{"type":"Feature","properties":{"MAPTAXLOT":"1901151100700","MAPNUMBER":"19011511","TAXLOT":"700","ACCTNO":"1505807","MAPACRES":2.66018899},"geometry":{"type":"Polygon","coordinates":[[[-122.789227,43.924046],[-122.790196,43.924048],[-122.790198,43.923432],[-122.7902,43.922848],[-122.7902,43.922798],[-122.789382,43.922796],[-122.78923,43.922865],[-122.789227,43.924046]]]}},{"type":"Feature","properties":{"MAPTAXLOT":"1901151100801","MAPNUMBER":"19011511","TAXLOT":"801","ACCTNO":"1546942","MAPACRES":2.02876071},"geometry":{"type":"Polygon","coordinates":[[[-122.788324,43.922863],[-122.78923,43.922865],[-122.789382,43.922796],[-122.7902,43.922798],[-122.790203,43.921771],[-122.790193,43.921769],[-122.789661,43.921644],[-122.789441,43.922198],[-122.789203,43.922796],[-122.788325,43.922795],[-122.78833,43.922817],[-122.78833,43.92284],[-122.788324,43.922863]]]}},{"type":"Feature","properties":{"MAPTAXLOT":"1901151100803","MAPNUMBER":"19011511","TAXLOT":"803","ACCTNO":"1546959","MAPACRES":2.80235149},"geometry":{"type":"Polygon","coordinates":[[[-122.788325,43.922795],[-122.789203,43.922796],[-122.789441,43.922198],[-122.78792,43.921842],[-122.787563,43.922576],[-122.787555,43.9226],[-122.787552,43.922623],[-122.787555,43.922647],[-122.787564,43.92267],[-122.787578,43.922692],[-122.787597,43.922711],[-122.78762,43.922728],[-122.787648,43.922742],[-122.787678,43.922752],[-122.78771,43.922758],[-122.787743,43.92276],[-122.78789,43.92276],[-122.787917,43.922759],[-122.787944,43.922755],[-122.78797,43.922748],[-122.787994,43.922738],[-122.788016,43.922726],[-122.788042,43.922712],[-122.78807,43.922702],[-122.788101,43.922695],[-122.788133,43.922692],[-122.788165,43.922693],[-122.788197,43.922698],[-122.788227,43.922707],[-122.788254,43.922719],[-122.788278,43.922734],[-122.788298,43.922752],[-122.788314,43.922773],[-122.788325,43.922795]]]}},{"type":"Feature","properties":{"MAPTAXLOT":"1901151100804","MAPNUMBER":"19011511","TAXLOT":"804","ACCTNO":"1714839","MAPACRES":1.99950324},"geometry":{"type":"Polygon","coordinates":[[[-122.78792,43.921842],[-122.789441,43.922198],[-122.789661,43.921644],[-122.788184,43.921299],[-122.78792,43.921842]]]}},{"type":"Feature","properties":{"MAPTAXLOT":"1901151100900","MAPNUMBER":"19011511","TAXLOT":"900","ACCTNO":"0816791","MAPACRES":2.66035424},"geometry":{"type":"Polygon","coordinates":[[[-122.790203,43.921771],[-122.7902,43.922798],[-122.7902,43.922848],[-122.790198,43.923432],[-122.791018,43.923244],[-122.791019,43.923244],[-122.79102,43.922948],[-122.791023,43.921963],[-122.790203,43.921771],[-122.790203,43.921771]]]}},{"type":"Feature","properties":{"MAPTAXLOT":"1901151101000","MAPNUMBER":"19011511","TAXLOT":"1000","ACCTNO":"1433588","MAPACRES":1.28704645},"geometry":{"type":"Polygon","coordinates":[[[-122.790196,43.924048],[-122.791016,43.924051],[-122.791019,43.923244],[-122.791018,43.923244],[-122.790198,43.923432],[-122.790196,43.924048]]]}},{"type":"Feature","properties":{"MAPTAXLOT":"1901151400077","MAPNUMBER":"19011514","TAXLOT":"77","ACCTNO":"000None","MAPACRES":2.63856158},"geometry":{"type":"MultiPolygon","coordinates":[[[[-122.78654,43.919478],[-122.786609,43.919626],[-122.786698,43.919818],[-122.786685,43.919893],[-122.78667,43.919975],[-122.786643,43.92013],[-122.78664,43.920143],[-122.786619,43.920154],[-122.786601,43.920168],[-122.786586,43.920184],[-122.786575,43.920201],[-122.786569,43.920219],[-122.786567,43.920238],[-122.786569,43.920257],[-122.786577,43.920276],[-122.786588,43.920293],[-122.786603,43.920308],[-122.78662,43.920321],[-122.786641,43.920331],[-122.786664,43.920339],[-122.786682,43.920343],[-122.786701,43.920346],[-122.78672,43.920347],[-122.786745,43.920345],[-122.78677,43.92034],[-122.786793,43.920333],[-122.786814,43.920323],[-122.786832,43.92031],[-122.786847,43.920296],[-122.786859,43.920279],[-122.786867,43.920262],[-122.786871,43.920244],[-122.78687,43.920226],[-122.786866,43.920208],[-122.786857,43.920191],[-122.786844,43.920175],[-122.786828,43.920161],[-122.786837,43.920112],[-122.786842,43.920085],[-122.786858,43.919993],[-122.786864,43.919952],[-122.786867,43.919912],[-122.786867,43.919855],[-122.786861,43.919798],[-122.78685,43.919742],[-122.786839,43.919701],[-122.786825,43.919661],[-122.786787,43.919564],[-122.786786,43.919563],[-122.786724,43.919405],[-122.786725,43.919405],[-122.786528,43.919153],[-122.786759,43.919058],[-122.786957,43.918977],[-122.78691,43.918917],[-122.787063,43.918855],[-122.787016,43.918795],[-122.786786,43.918889],[-122.786434,43.919033],[-122.786344,43.918919],[-122.786346,43.918746],[-122.786347,43.918691],[-122.786348,43.918526],[-122.78635,43.918369],[-122.78635,43.918362],[-122.786352,43.918197],[-122.786354,43.91804],[-122.786354,43.918033],[-122.786355,43.917875],[-122.786355,43.917868],[-122.786357,43.917703],[-122.786262,43.917704],[-122.786269,43.917045],[-122.786219,43.917046],[-122.786174,43.917046],[-122.786174,43.917046],[-122.786174,43.917085],[-122.786173,43.917151],[-122.786173,43.917211],[-122.786171,43.917375],[-122.786171,43.917381],[-122.786169,43.91754],[-122.786169,43.917545],[-122.786167,43.917756],[-122.786166,43.917869],[-122.786166,43.917874],[-122.786164,43.918034],[-122.786164,43.918039],[-122.786162,43.918198],[-122.78616,43.918363],[-122.786159,43.918516],[-122.786158,43.918525],[-122.786154,43.918534],[-122.786149,43.918542],[-122.786142,43.91855],[-122.786133,43.918557],[-122.786123,43.918562],[-122.786112,43.918566],[-122.7861,43.918569],[-122.786087,43.91857],[-122.786075,43.91857],[-122.785703,43.91854],[-122.785701,43.918705],[-122.785701,43.918705],[-122.786071,43.918735],[-122.786086,43.918738],[-122.7861,43.918742],[-122.786114,43.918747],[-122.786126,43.918754],[-122.786136,43.918763],[-122.786144,43.918772],[-122.78615,43.918782],[-122.786154,43.918793],[-122.786156,43.918804],[-122.786155,43.918908],[-122.786154,43.918954],[-122.786235,43.919057],[-122.786347,43.9192],[-122.786453,43.919336],[-122.786506,43.919403],[-122.78654,43.919478]]],[[[-122.785187,43.92048],[-122.785414,43.920544],[-122.785831,43.920663],[-122.786751,43.920848],[-122.787026,43.920623],[-122.786956,43.920607],[-122.786669,43.92054],[-122.786615,43.920527],[-122.786238,43.920438],[-122.786174,43.920423],[-122.78568,43.920304],[-122.785187,43.92048]]]]}},{"type":"Feature","properties":{"MAPTAXLOT":"1901151400100","MAPNUMBER":"19011514","TAXLOT":"100","ACCTNO":"0816999","MAPACRES":0.6507642},"geometry":{"type":"Polygon","coordinates":[[[-122.786174,43.920423],[-122.786238,43.920438],[-122.78624,43.920294],[-122.786243,43.920132],[-122.786245,43.919976],[-122.786245,43.919894],[-122.786244,43.919843],[-122.785686,43.919845],[-122.785684,43.920009],[-122.785684,43.920009],[-122.78568,43.920279],[-122.78568,43.920279],[-122.78568,43.920304],[-122.78568,43.920304],[-122.786174,43.920423]]]}},{"type":"Feature","properties":{"MAPTAXLOT":"1901151400201","MAPNUMBER":"19011514","TAXLOT":"201","ACCTNO":"0817005","MAPACRES":0.16742443},"geometry":{"type":"Polygon","coordinates":[[[-122.786238,43.920438],[-122.786615,43.920527],[-122.786615,43.920527],[-122.786664,43.920339],[-122.786641,43.920331],[-122.78662,43.920321],[-122.786603,43.920308],[-122.786588,43.920293],[-122.78624,43.920294],[-122.786238,43.920438]]]}},{"type":"Feature","properties":{"MAPTAXLOT":"1901151400202","MAPNUMBER":"19011514","TAXLOT":"202","ACCTNO":"0817013","MAPACRES":0.12381029},"geometry":{"type":"Polygon","coordinates":[[[-122.78624,43.920294],[-122.786588,43.920293],[-122.786577,43.920276],[-122.786569,43.920257],[-122.786567,43.920238],[-122.786569,43.920219],[-122.786575,43.920201],[-122.786586,43.920184],[-122.786601,43.920168],[-122.786619,43.920154],[-122.78664,43.920143],[-122.786643,43.92013],[-122.786243,43.920132],[-122.78624,43.920294]]]}},{"type":"Feature","properties":{"MAPTAXLOT":"1901151400203","MAPNUMBER":"19011514","TAXLOT":"203","ACCTNO":"0817021","MAPACRES":0.1412525},"geometry":{"type":"Polygon","coordinates":[[[-122.786243,43.920132],[-122.786643,43.92013],[-122.78667,43.919975],[-122.786593,43.919975],[-122.786245,43.919976],[-122.786243,43.920132]]]}},{"type":"Feature","properties":{"MAPTAXLOT":"1901151400301","MAPNUMBER":"19011514","TAXLOT":"301","ACCTNO":"0817054","MAPACRES":0.21703669},"geometry":{"type":"Polygon","coordinates":[[[-122.786615,43.920527],[-122.786669,43.92054],[-122.786956,43.920607],[-122.787088,43.92035],[-122.786859,43.920279],[-122.786847,43.920296],[-122.786832,43.92031],[-122.786814,43.920323],[-122.786793,43.920333],[-122.78677,43.92034],[-122.786745,43.920345],[-122.78672,43.920347],[-122.786701,43.920346],[-122.786682,43.920343],[-122.786664,43.920339],[-122.786615,43.920527],[-122.786615,43.920527]]]}},{"type":"Feature","properties":{"MAPTAXLOT":"1901151400302","MAPNUMBER":"19011514","TAXLOT":"302","ACCTNO":"0817062","MAPACRES":0.13711335},"geometry":{"type":"Polygon","coordinates":[[[-122.786859,43.920279],[-122.787088,43.92035],[-122.787211,43.920111],[-122.786837,43.920112],[-122.786828,43.920161],[-122.786844,43.920175],[-122.786857,43.920191],[-122.786866,43.920208],[-122.78687,43.920226],[-122.786871,43.920244],[-122.786867,43.920262],[-122.786859,43.920279]]]}},{"type":"Feature","properties":{"MAPTAXLOT":"1901151400304","MAPNUMBER":"19011514","TAXLOT":"304","ACCTNO":"0817088","MAPACRES":0.20272932},"geometry":{"type":"Polygon","coordinates":[[[-122.786837,43.920112],[-122.787211,43.920111],[-122.787225,43.920084],[-122.787338,43.919865],[-122.786867,43.919912],[-122.786864,43.919952],[-122.786858,43.919993],[-122.786842,43.920085],[-122.786837,43.920112]]]}},{"type":"Feature","properties":{"MAPTAXLOT":"1901151400401","MAPNUMBER":"19011514","TAXLOT":"401","ACCTNO":"0817096","MAPACRES":0.17815056},"geometry":{"type":"Polygon","coordinates":[[[-122.78685,43.919742],[-122.786861,43.919798],[-122.786867,43.919855],[-122.786867,43.919912],[-122.787338,43.919865],[-122.787379,43.919785],[-122.787241,43.919702],[-122.78685,43.919742]]]}},{"type":"Feature","properties":{"MAPTAXLOT":"1901151400402","MAPNUMBER":"19011514","TAXLOT":"402","ACCTNO":"0817104","MAPACRES":0.1494565},"geometry":{"type":"Polygon","coordinates":[[[-122.786787,43.919564],[-122.786825,43.919661],[-122.786839,43.919701],[-122.78685,43.919742],[-122.787241,43.919702],[-122.787104,43.919619],[-122.787126,43.919479],[-122.786787,43.919564]]]}},{"type":"Feature","properties":{"MAPTAXLOT":"1901151400403","MAPNUMBER":"19011514","TAXLOT":"403","ACCTNO":"0817112","MAPACRES":0.16887452},"geometry":{"type":"Polygon","coordinates":[[[-122.786724,43.919405],[-122.786786,43.919563],[-122.786787,43.919564],[-122.787126,43.919479],[-122.787163,43.919239],[-122.786965,43.919321],[-122.78676,43.919404],[-122.786725,43.919405],[-122.786724,43.919405]]]}},{"type":"Feature","properties":{"MAPTAXLOT":"1901151400500","MAPNUMBER":"19011514","TAXLOT":"500","ACCTNO":"0817120","MAPACRES":0.15828757},"geometry":{"type":"Polygon","coordinates":[[[-122.786126,43.919647],[-122.786126,43.919647],[-122.786212,43.919789],[-122.786212,43.919789],[-122.786609,43.919626],[-122.78654,43.919478],[-122.786126,43.919647]]]}},{"type":"Feature","properties":{"MAPTAXLOT":"1901151400700","MAPNUMBER":"19011514","TAXLOT":"700","ACCTNO":"0817146","MAPACRES":0.16339996},"geometry":{"type":"Polygon","coordinates":[[[-122.786041,43.919504],[-122.786041,43.919504],[-122.786123,43.919642],[-122.786126,43.919647],[-122.786126,43.919647],[-122.78654,43.919478],[-122.786506,43.919403],[-122.786453,43.919336],[-122.786041,43.919504]]]}},{"type":"Feature","properties":{"MAPTAXLOT":"1901151400701","MAPNUMBER":"19011514","TAXLOT":"701","ACCTNO":"1303971","MAPACRES":0.15773925},"geometry":{"type":"Polygon","coordinates":[[[-122.786029,43.91933],[-122.786034,43.919336],[-122.785955,43.919368],[-122.785953,43.919369],[-122.785953,43.919369],[-122.785983,43.919408],[-122.786041,43.919504],[-122.786041,43.919504],[-122.786453,43.919336],[-122.786347,43.9192],[-122.786029,43.91933]]]}},{"type":"Feature","properties":{"MAPTAXLOT":"1901151400800","MAPNUMBER":"19011514","TAXLOT":"800","ACCTNO":"0817153","MAPACRES":0.16762176},"geometry":{"type":"Polygon","coordinates":[[[-122.785838,43.919219],[-122.785836,43.91922],[-122.785836,43.91922],[-122.785908,43.919312],[-122.785953,43.919369],[-122.785953,43.919369],[-122.785955,43.919368],[-122.786034,43.919336],[-122.786029,43.91933],[-122.786347,43.9192],[-122.786235,43.919057],[-122.785838,43.919219]]]}},{"type":"Feature","properties":{"MAPTAXLOT":"1901151400900","MAPNUMBER":"19011514","TAXLOT":"900","ACCTNO":"0817161","MAPACRES":0.18704377},"geometry":{"type":"Polygon","coordinates":[[[-122.785698,43.91904],[-122.785696,43.91904],[-122.785696,43.91904],[-122.785697,43.919041],[-122.785824,43.919205],[-122.785836,43.91922],[-122.785836,43.91922],[-122.785838,43.919219],[-122.786235,43.919057],[-122.786154,43.918954],[-122.786155,43.918908],[-122.785698,43.91904]]]}},{"type":"Feature","properties":{"MAPTAXLOT":"1901151401000","MAPNUMBER":"19011514","TAXLOT":"1000","ACCTNO":"0817179","MAPACRES":0.24860957},"geometry":{"type":"Polygon","coordinates":[[[-122.785696,43.91904],[-122.785696,43.91904],[-122.785698,43.91904],[-122.786155,43.918908],[-122.786156,43.918804],[-122.786154,43.918793],[-122.78615,43.918782],[-122.786144,43.918772],[-122.786136,43.918763],[-122.786126,43.918754],[-122.786114,43.918747],[-122.7861,43.918742],[-122.786086,43.918738],[-122.786071,43.918735],[-122.785701,43.918705],[-122.785701,43.918706],[-122.785701,43.918706],[-122.785697,43.91904],[-122.785697,43.91904],[-122.785696,43.91904]]]}},{"type":"Feature","properties":{"MAPTAXLOT":"1901151401100","MAPNUMBER":"19011514","TAXLOT":"1100","ACCTNO":"0817187","MAPACRES":0.17635926},"geometry":{"type":"Polygon","coordinates":[[[-122.786725,43.919405],[-122.78676,43.919404],[-122.786965,43.919321],[-122.786759,43.919058],[-122.786528,43.919153],[-122.786725,43.919405]]]}},{"type":"Feature","properties":{"MAPTAXLOT":"1901151401200","MAPNUMBER":"19011514","TAXLOT":"1200","ACCTNO":"0817195","MAPACRES":0.15152163},"geometry":{"type":"Polygon","coordinates":[[[-122.786759,43.919058],[-122.786965,43.919321],[-122.787163,43.919239],[-122.786957,43.918977],[-122.786759,43.919058]]]}},{"type":"Feature","properties":{"MAPTAXLOT":"1901151401300","MAPNUMBER":"19011514","TAXLOT":"1300","ACCTNO":"0817203","MAPACRES":0.19580167},"geometry":{"type":"Polygon","coordinates":[[[-122.786344,43.918919],[-122.786434,43.919033],[-122.786786,43.918889],[-122.786671,43.918743],[-122.786346,43.918746],[-122.786344,43.918919]]]}},{"type":"Feature","properties":{"MAPTAXLOT":"1901151401400","MAPNUMBER":"19011514","TAXLOT":"1400","ACCTNO":"0817211","MAPACRES":0.14013976},"geometry":{"type":"Polygon","coordinates":[[[-122.786671,43.918743],[-122.786786,43.918889],[-122.787016,43.918795],[-122.786804,43.918524],[-122.786704,43.918688],[-122.786671,43.918743]]]}},{"type":"Feature","properties":{"MAPTAXLOT":"1901151401500","MAPNUMBER":"19011514","TAXLOT":"1500","ACCTNO":"0817229","MAPACRES":0.04122551},"geometry":{"type":"Polygon","coordinates":[[[-122.786346,43.918746],[-122.786671,43.918743],[-122.786704,43.918688],[-122.786347,43.918691],[-122.786346,43.918746]]]}},{"type":"Feature","properties":{"MAPTAXLOT":"1901151401600","MAPNUMBER":"19011514","TAXLOT":"1600","ACCTNO":"0817237","MAPACRES":0.14697213},"geometry":{"type":"Polygon","coordinates":[[[-122.786347,43.918691],[-122.786704,43.918688],[-122.786804,43.918524],[-122.786348,43.918526],[-122.786347,43.918691]]]}},{"type":"Feature","properties":{"MAPTAXLOT":"1901151401700","MAPNUMBER":"19011514","TAXLOT":"1700","ACCTNO":"0817245","MAPACRES":0.16530822},"geometry":{"type":"Polygon","coordinates":[[[-122.786348,43.918526],[-122.786804,43.918524],[-122.786806,43.918372],[-122.786806,43.918359],[-122.78635,43.918362],[-122.78635,43.918369],[-122.786348,43.918526]]]}},{"type":"Feature","properties":{"MAPTAXLOT":"1901151401800","MAPNUMBER":"19011514","TAXLOT":"1800","ACCTNO":"0817252","MAPACRES":0.16530961},"geometry":{"type":"Polygon","coordinates":[[[-122.78635,43.918362],[-122.786806,43.918359],[-122.786807,43.918195],[-122.786352,43.918197],[-122.78635,43.918362]]]}},{"type":"Feature","properties":{"MAPTAXLOT":"1901151401900","MAPNUMBER":"19011514","TAXLOT":"1900","ACCTNO":"0817260","MAPACRES":0.16530918},"geometry":{"type":"Polygon","coordinates":[[[-122.786352,43.918197],[-122.786807,43.918195],[-122.786809,43.918043],[-122.786809,43.91803],[-122.786354,43.918033],[-122.786354,43.91804],[-122.786352,43.918197]]]}},{"type":"Feature","properties":{"MAPTAXLOT":"1901151402000","MAPNUMBER":"19011514","TAXLOT":"2000","ACCTNO":"0817278","MAPACRES":0.16530849},"geometry":{"type":"Polygon","coordinates":[[[-122.786354,43.918033],[-122.786809,43.91803],[-122.786811,43.917878],[-122.786811,43.917865],[-122.786355,43.917868],[-122.786355,43.917875],[-122.786354,43.918033]]]}},{"type":"Feature","properties":{"MAPTAXLOT":"1901151402100","MAPNUMBER":"19011514","TAXLOT":"2100","ACCTNO":"0817286","MAPACRES":0.16530974},"geometry":{"type":"Polygon","coordinates":[[[-122.786355,43.917868],[-122.786811,43.917865],[-122.786813,43.917701],[-122.786357,43.917703],[-122.786355,43.917868]]]}},{"type":"Feature","properties":{"MAPTAXLOT":"1901151402200","MAPNUMBER":"19011514","TAXLOT":"2200","ACCTNO":"0817294","MAPACRES":0.19256936},"geometry":{"type":"Polygon","coordinates":[[[-122.785703,43.91854],[-122.786075,43.91857],[-122.786087,43.91857],[-122.7861,43.918569],[-122.786112,43.918566],[-122.786123,43.918562],[-122.786133,43.918557],[-122.786142,43.91855],[-122.786149,43.918542],[-122.786154,43.918534],[-122.786158,43.918525],[-122.786159,43.918516],[-122.78616,43.918363],[-122.785705,43.918365],[-122.785705,43.918395],[-122.785705,43.918395],[-122.785703,43.91854],[-122.785703,43.91854]]]}},{"type":"Feature","properties":{"MAPTAXLOT":"1901151402300","MAPNUMBER":"19011514","TAXLOT":"2300","ACCTNO":"0817302","MAPACRES":0.16528879},"geometry":{"type":"Polygon","coordinates":[[[-122.785705,43.918365],[-122.78616,43.918363],[-122.786162,43.918198],[-122.785707,43.918201],[-122.785705,43.918365],[-122.785705,43.918365]]]}},{"type":"Feature","properties":{"MAPTAXLOT":"1901151402400","MAPNUMBER":"19011514","TAXLOT":"2400","ACCTNO":"0817310","MAPACRES":0.16529161},"geometry":{"type":"Polygon","coordinates":[[[-122.785707,43.918201],[-122.786162,43.918198],[-122.786164,43.918039],[-122.786164,43.918034],[-122.785709,43.918036],[-122.785707,43.918201],[-122.785707,43.918201]]]}},{"type":"Feature","properties":{"MAPTAXLOT":"1901151402500","MAPNUMBER":"19011514","TAXLOT":"2500","ACCTNO":"0817328","MAPACRES":0.16528958},"geometry":{"type":"Polygon","coordinates":[[[-122.785709,43.918036],[-122.786164,43.918034],[-122.786166,43.917874],[-122.786166,43.917869],[-122.78571,43.917872],[-122.785709,43.918036],[-122.785709,43.918036]]]}},{"type":"Feature","properties":{"MAPTAXLOT":"1901151402700","MAPNUMBER":"19011514","TAXLOT":"2700","ACCTNO":"0817344","MAPACRES":0.33058678},"geometry":{"type":"Polygon","coordinates":[[[-122.78571,43.917872],[-122.786166,43.917869],[-122.786167,43.917756],[-122.786169,43.917545],[-122.786169,43.91754],[-122.785714,43.917542],[-122.785712,43.917759],[-122.785712,43.917759],[-122.78571,43.917872],[-122.78571,43.917872]]]}},{"type":"Feature","properties":{"MAPTAXLOT":"1901151402800","MAPNUMBER":"19011514","TAXLOT":"2800","ACCTNO":"0817351","MAPACRES":0.16529238},"geometry":{"type":"Polygon","coordinates":[[[-122.785714,43.917542],[-122.786169,43.91754],[-122.786171,43.917381],[-122.786171,43.917375],[-122.785716,43.917378],[-122.785714,43.917542],[-122.785714,43.917542]]]}},{"type":"Feature","properties":{"MAPTAXLOT":"1901151402900","MAPNUMBER":"19011514","TAXLOT":"2900","ACCTNO":"0817369","MAPACRES":0.16530234},"geometry":{"type":"Polygon","coordinates":[[[-122.785716,43.917378],[-122.786171,43.917375],[-122.786173,43.917211],[-122.785717,43.917213],[-122.785716,43.917378],[-122.785716,43.917378]]]}},{"type":"Feature","properties":{"MAPTAXLOT":"1901151403100","MAPNUMBER":"19011514","TAXLOT":"3100","ACCTNO":"0817385","MAPACRES":0.28324305},"geometry":{"type":"Polygon","coordinates":[[[-122.785717,43.917213],[-122.786173,43.917211],[-122.786173,43.917151],[-122.785917,43.917149],[-122.785918,43.917083],[-122.785895,43.917083],[-122.785896,43.917017],[-122.785873,43.917017],[-122.785874,43.916951],[-122.78616,43.916953],[-122.786138,43.916918],[-122.785865,43.916924],[-122.785862,43.916858],[-122.785839,43.916858],[-122.785837,43.916792],[-122.785834,43.916727],[-122.786038,43.916722],[-122.785997,43.916632],[-122.785828,43.916636],[-122.785718,43.916639],[-122.785719,43.916766],[-122.785719,43.916767],[-122.785719,43.916767],[-122.785719,43.916767],[-122.785717,43.917213],[-122.785717,43.917213]]]}},{"type":"Feature","properties":{"MAPTAXLOT":"1901151403103","MAPNUMBER":"19011514","TAXLOT":"3103","ACCTNO":"1127016","MAPACRES":0.03722713},"geometry":{"type":"Polygon","coordinates":[[[-122.785917,43.917149],[-122.786173,43.917151],[-122.786174,43.917085],[-122.785918,43.917083],[-122.785917,43.917149]]]}},{"type":"Feature","properties":{"MAPTAXLOT":"1901151403104","MAPNUMBER":"19011514","TAXLOT":"3104","ACCTNO":"1127024","MAPACRES":0.04265398},"geometry":{"type":"Polygon","coordinates":[[[-122.785918,43.917083],[-122.786174,43.917085],[-122.786174,43.917046],[-122.786174,43.917046],[-122.786219,43.917046],[-122.786202,43.917019],[-122.785896,43.917017],[-122.785895,43.917083],[-122.785918,43.917083]]]}},{"type":"Feature","properties":{"MAPTAXLOT":"1901151403105","MAPNUMBER":"19011514","TAXLOT":"3105","ACCTNO":"1127032","MAPACRES":0.04477833},"geometry":{"type":"Polygon","coordinates":[[[-122.785896,43.917017],[-122.786202,43.917019],[-122.78616,43.916953],[-122.785874,43.916951],[-122.785873,43.917017],[-122.785896,43.917017]]]}},{"type":"Feature","properties":{"MAPTAXLOT":"1901151403106","MAPNUMBER":"19011514","TAXLOT":"3106","ACCTNO":"1127040","MAPACRES":0.03686289},"geometry":{"type":"Polygon","coordinates":[[[-122.785862,43.916858],[-122.785865,43.916924],[-122.786138,43.916918],[-122.786101,43.916859],[-122.786098,43.916853],[-122.785862,43.916858]]]}},{"type":"Feature","properties":{"MAPTAXLOT":"1901151403107","MAPNUMBER":"19011514","TAXLOT":"3107","ACCTNO":"1127057","MAPACRES":0.03555842},"geometry":{"type":"Polygon","coordinates":[[[-122.785837,43.916792],[-122.785839,43.916858],[-122.785862,43.916858],[-122.786098,43.916853],[-122.786068,43.916787],[-122.785837,43.916792]]]}},{"type":"Feature","properties":{"MAPTAXLOT":"1901151403108","MAPNUMBER":"19011514","TAXLOT":"3108","ACCTNO":"1127065","MAPACRES":0.03163055},"geometry":{"type":"Polygon","coordinates":[[[-122.785834,43.916727],[-122.785837,43.916792],[-122.786068,43.916787],[-122.786038,43.916722],[-122.785834,43.916727]]]}},{"type":"Feature","properties":{"MAPTAXLOT":"1901151403109","MAPNUMBER":"19011514","TAXLOT":"3109","ACCTNO":"1127073","MAPACRES":0.06551738},"geometry":{"type":"Polygon","coordinates":[[[-122.785813,43.916297],[-122.785828,43.916636],[-122.785997,43.916632],[-122.785969,43.916571],[-122.785813,43.916297]]]}},{"type":"Feature","properties":{"MAPTAXLOT":"1901151403110","MAPNUMBER":"19011514","TAXLOT":"3110","ACCTNO":"1127081","MAPACRES":0.09567721},"geometry":{"type":"Polygon","coordinates":[[[-122.785715,43.916126],[-122.785718,43.916639],[-122.785828,43.916636],[-122.785813,43.916297],[-122.785715,43.916126]]]}},{"type":"Feature","properties":{"MAPTAXLOT":"1901151403200","MAPNUMBER":"19011514","TAXLOT":"3200","ACCTNO":"1763695","MAPACRES":0.18996526},"geometry":{"type":"Polygon","coordinates":[[[-122.786212,43.919789],[-122.786212,43.919789],[-122.786244,43.919843],[-122.786244,43.919843],[-122.786245,43.919894],[-122.786685,43.919893],[-122.786698,43.919818],[-122.786609,43.919626],[-122.786212,43.919789]]]}},{"type":"Feature","properties":{"MAPTAXLOT":"1901151403201","MAPNUMBER":"19011514","TAXLOT":"3201","ACCTNO":"1854643","MAPACRES":0.07838361},"geometry":{"type":"Polygon","coordinates":[[[-122.786245,43.919976],[-122.786593,43.919975],[-122.78667,43.919975],[-122.786685,43.919893],[-122.786245,43.919894],[-122.786245,43.919976]]]}},{"type":"Feature","properties":{"MAPTAXLOT":"1901151403300","MAPNUMBER":"19011514","TAXLOT":"3300","ACCTNO":"1860210","MAPACRES":5.8959517},"geometry":{"type":"Polygon","coordinates":[[[-122.785693,43.916087],[-122.785715,43.916126],[-122.785813,43.916297],[-122.785969,43.916571],[-122.785997,43.916632],[-122.786038,43.916722],[-122.786068,43.916787],[-122.786098,43.916853],[-122.786101,43.916859],[-122.786138,43.916918],[-122.78616,43.916953],[-122.786202,43.917019],[-122.786219,43.917046],[-122.786269,43.917045],[-122.786262,43.917704],[-122.786357,43.917703],[-122.786813,43.917701],[-122.786811,43.917865],[-122.786811,43.917878],[-122.786809,43.91803],[-122.786809,43.918043],[-122.786807,43.918195],[-122.786806,43.918359],[-122.786806,43.918372],[-122.786804,43.918524],[-122.787016,43.918795],[-122.787063,43.918855],[-122.78691,43.918917],[-122.786957,43.918977],[-122.787163,43.919239],[-122.787126,43.919479],[-122.787104,43.919619],[-122.787241,43.919702],[-122.787379,43.919785],[-122.787338,43.919865],[-122.787225,43.920084],[-122.787211,43.920111],[-122.787088,43.92035],[-122.786956,43.920607],[-122.787026,43.920623],[-122.787105,43.920499],[-122.787224,43.920353],[-122.787223,43.920328],[-122.787315,43.920241],[-122.787403,43.920191],[-122.787501,43.920124],[-122.787673,43.920048],[-122.787826,43.919935],[-122.787889,43.919828],[-122.787883,43.919682],[-122.787817,43.919574],[-122.787592,43.919416],[-122.787463,43.919281],[-122.787432,43.919204],[-122.787375,43.919042],[-122.78737,43.918916],[-122.787362,43.918689],[-122.787361,43.91838],[-122.787389,43.918236],[-122.787387,43.918049],[-122.787352,43.917863],[-122.787232,43.917662],[-122.787113,43.917498],[-122.786973,43.917355],[-122.786883,43.917219],[-122.786778,43.917111],[-122.786563,43.917067],[-122.78642,43.917009],[-122.786398,43.916901],[-122.786301,43.9167],[-122.786299,43.916517],[-122.786241,43.916315],[-122.786071,43.916144],[-122.78592,43.916009],[-122.785764,43.915886],[-122.785619,43.915768],[-122.785492,43.915681],[-122.785377,43.915618],[-122.785207,43.915585],[-122.785111,43.915579],[-122.785008,43.915554],[-122.784844,43.915456],[-122.784238,43.915266],[-122.783843,43.915108],[-122.783526,43.914905],[-122.783343,43.914859],[-122.783341,43.915359],[-122.783583,43.915381],[-122.783758,43.915428],[-122.784137,43.91553],[-122.784516,43.915632],[-122.784896,43.915632],[-122.784919,43.915632],[-122.785236,43.915657],[-122.785431,43.915719],[-122.785464,43.915752],[-122.785554,43.915843],[-122.785598,43.915921],[-122.785693,43.916087]]]}},{"type":"Feature","properties":{"MAPTAXLOT":"1901210002401","MAPNUMBER":"19012100","TAXLOT":"2401","ACCTNO":"0984979","MAPACRES":108.3227937},"geometry":{"type":"Polygon","coordinates":[[[-122.798738,43.903988],[-122.798739,43.903988],[-122.806009,43.904057],[-122.806009,43.904057],[-122.806009,43.903976],[-122.806003,43.902308],[-122.806019,43.900034],[-122.80603,43.898477],[-122.81125,43.898442],[-122.811248,43.897784],[-122.811247,43.897359],[-122.811247,43.897359],[-122.80935,43.897353],[-122.809346,43.898067],[-122.808358,43.898064],[-122.808362,43.897186],[-122.811247,43.897194],[-122.811247,43.897194],[-122.811246,43.896695],[-122.811245,43.896129],[-122.811147,43.896134],[-122.810879,43.895982],[-122.810832,43.89596],[-122.810781,43.895943],[-122.810728,43.895931],[-122.810673,43.895924],[-122.810618,43.895922],[-122.810562,43.895925],[-122.810508,43.895934],[-122.810456,43.895947],[-122.810406,43.895966],[-122.81036,43.895988],[-122.810319,43.896015],[-122.810282,43.896046],[-122.810252,43.896079],[-122.810227,43.896116],[-122.81021,43.896154],[-122.8102,43.89618],[-122.81018,43.896226],[-122.810153,43.896271],[-122.810121,43.896313],[-122.810082,43.896352],[-122.810038,43.896389],[-122.80999,43.896422],[-122.809937,43.896451],[-122.80988,43.896477],[-122.809819,43.896498],[-122.809756,43.896514],[-122.809692,43.896526],[-122.809625,43.896533],[-122.809559,43.896535],[-122.809492,43.896532],[-122.809426,43.896524],[-122.809361,43.896512],[-122.808654,43.896346],[-122.808562,43.896327],[-122.808468,43.896313],[-122.808374,43.896304],[-122.808278,43.8963],[-122.808183,43.896302],[-122.808087,43.896308],[-122.807993,43.89632],[-122.8079,43.896336],[-122.80781,43.896358],[-122.807721,43.896384],[-122.807636,43.896415],[-122.807554,43.89645],[-122.807476,43.89649],[-122.807402,43.896534],[-122.807332,43.896582],[-122.807268,43.896633],[-122.80721,43.896688],[-122.807157,43.896745],[-122.80711,43.896805],[-122.807069,43.896868],[-122.807035,43.896933],[-122.806907,43.897206],[-122.806861,43.897295],[-122.806809,43.897382],[-122.806751,43.897468],[-122.806686,43.89755],[-122.806616,43.897631],[-122.80654,43.897708],[-122.806458,43.897783],[-122.806371,43.897854],[-122.806244,43.897951],[-122.806194,43.897986],[-122.80614,43.898017],[-122.806081,43.898043],[-122.806019,43.898065],[-122.805953,43.898082],[-122.805886,43.898094],[-122.805818,43.898101],[-122.805748,43.898102],[-122.805679,43.898098],[-122.805087,43.898043],[-122.805087,43.898483],[-122.798748,43.898527],[-122.798747,43.898527],[-122.798738,43.903988]]]}},{"type":"Feature","properties":{"MAPTAXLOT":"1901220000077","MAPNUMBER":"19012200","TAXLOT":"77","ACCTNO":"000None","MAPACRES":7.30401628},"geometry":{"type":"Polygon","coordinates":[[[-122.788724,43.909506],[-122.788878,43.909505],[-122.790489,43.909418],[-122.788553,43.908709],[-122.787699,43.908397],[-122.78711,43.908181],[-122.785694,43.907644],[-122.785592,43.907641],[-122.785684,43.908698],[-122.786901,43.909079],[-122.787022,43.908904],[-122.788724,43.909506]]]}},{"type":"Feature","properties":{"MAPTAXLOT":"1901220000099","MAPNUMBER":"19012200","TAXLOT":"99","ACCTNO":"000None","MAPACRES":89.01635931},"geometry":{"type":"Polygon","coordinates":[[[-122.796749,43.908999],[-122.79705,43.909139],[-122.797355,43.909275],[-122.797663,43.909407],[-122.797975,43.909534],[-122.798181,43.90961],[-122.79839,43.909681],[-122.798602,43.909747],[-122.798817,43.909809],[-122.799034,43.909867],[-122.799253,43.90992],[-122.799474,43.909968],[-122.799697,43.910011],[-122.799922,43.91005],[-122.800148,43.910083],[-122.800376,43.910112],[-122.800605,43.910136],[-122.800834,43.910155],[-122.801064,43.910169],[-122.801295,43.910179],[-122.801526,43.910183],[-122.801718,43.910183],[-122.80191,43.910179],[-122.802102,43.910172],[-122.802294,43.910162],[-122.802507,43.910146],[-122.802719,43.910127],[-122.80293,43.910103],[-122.80314,43.910075],[-122.803349,43.910042],[-122.803557,43.910006],[-122.803763,43.909966],[-122.803968,43.909921],[-122.804247,43.90985],[-122.804524,43.909775],[-122.8048,43.909697],[-122.805073,43.909616],[-122.805345,43.909532],[-122.805353,43.909529],[-122.805999,43.909317],[-122.80901,43.908328],[-122.809274,43.908245],[-122.80954,43.908166],[-122.809807,43.90809],[-122.810077,43.908018],[-122.810266,43.907975],[-122.810457,43.907935],[-122.810649,43.9079],[-122.810843,43.907869],[-122.811038,43.907843],[-122.811353,43.907811],[-122.811669,43.907784],[-122.811985,43.907761],[-122.812302,43.907743],[-122.812304,43.907076],[-122.810907,43.907233],[-122.810679,43.907264],[-122.810453,43.9073],[-122.810229,43.907341],[-122.810006,43.907387],[-122.809786,43.907438],[-122.809447,43.907529],[-122.809111,43.907626],[-122.808778,43.907728],[-122.808448,43.907834],[-122.806002,43.908631],[-122.80503,43.908948],[-122.802871,43.909134],[-122.802669,43.909161],[-122.802466,43.909183],[-122.802263,43.9092],[-122.802058,43.909212],[-122.801854,43.90922],[-122.801649,43.909223],[-122.801444,43.909222],[-122.801239,43.909215],[-122.801034,43.909204],[-122.80083,43.909189],[-122.800627,43.909169],[-122.800425,43.909144],[-122.800224,43.909114],[-122.800223,43.909114],[-122.800029,43.909081],[-122.799835,43.909044],[-122.797256,43.908419],[-122.795949,43.90776],[-122.795407,43.907487],[-122.793384,43.90658],[-122.788598,43.905238],[-122.785885,43.904797],[-122.782037,43.903983],[-122.779165,43.90368],[-122.77466,43.9036],[-122.771599,43.904064],[-122.771598,43.904064],[-122.77047,43.904805],[-122.770289,43.904877],[-122.770273,43.906062],[-122.770263,43.906776],[-122.770594,43.906775],[-122.771076,43.906773],[-122.771929,43.90677],[-122.773398,43.905306],[-122.773587,43.905117],[-122.773583,43.904605],[-122.77382,43.904554],[-122.774059,43.904507],[-122.774299,43.904465],[-122.774541,43.904427],[-122.774809,43.90439],[-122.775078,43.904359],[-122.775348,43.904333],[-122.775618,43.904312],[-122.775888,43.904303],[-122.776158,43.904298],[-122.776428,43.904298],[-122.776698,43.904303],[-122.776968,43.904313],[-122.777237,43.904328],[-122.777606,43.904357],[-122.777974,43.904391],[-122.778341,43.904429],[-122.779159,43.904546],[-122.781879,43.904937],[-122.782245,43.904976],[-122.782611,43.905018],[-122.782976,43.905062],[-122.783276,43.905105],[-122.783574,43.905153],[-122.783871,43.905205],[-122.784167,43.905262],[-122.784461,43.905323],[-122.784814,43.905404],[-122.785166,43.905488],[-122.785516,43.905575],[-122.785616,43.905604],[-122.787299,43.906087],[-122.788807,43.906474],[-122.78982,43.90656],[-122.791686,43.906988],[-122.792033,43.907078],[-122.792378,43.907172],[-122.792721,43.907269],[-122.792935,43.907337],[-122.793148,43.907407],[-122.793358,43.907482],[-122.793565,43.907559],[-122.79377,43.90764],[-122.79409,43.907777],[-122.794406,43.907918],[-122.794719,43.908062],[-122.795941,43.908626],[-122.796745,43.908997],[-122.796749,43.908999]]]}},{"type":"Feature","properties":{"MAPTAXLOT":"1901220000100","MAPNUMBER":"19012200","TAXLOT":"100","ACCTNO":"0820843","MAPACRES":2.93270568},"geometry":{"type":"Polygon","coordinates":[[[-122.788222,43.909509],[-122.788724,43.909506],[-122.787022,43.908904],[-122.786901,43.909079],[-122.785684,43.908698],[-122.785724,43.909167],[-122.785755,43.909528],[-122.786354,43.909523],[-122.788222,43.909509]]]}},{"type":"Feature","properties":{"MAPTAXLOT":"1901220000201","MAPNUMBER":"19012200","TAXLOT":"201","ACCTNO":"0820868","MAPACRES":0.80995658},"geometry":{"type":"Polygon","coordinates":[[[-122.787699,43.908397],[-122.788553,43.908709],[-122.788542,43.908202],[-122.787911,43.907985],[-122.787699,43.908397]]]}},{"type":"Feature","properties":{"MAPTAXLOT":"1901220000300","MAPNUMBER":"19012200","TAXLOT":"300","ACCTNO":"0820876","MAPACRES":13.06394845},"geometry":{"type":"Polygon","coordinates":[[[-122.78711,43.908181],[-122.787699,43.908397],[-122.787911,43.907985],[-122.788542,43.908202],[-122.788504,43.906472],[-122.788807,43.906474],[-122.787299,43.906087],[-122.785616,43.905604],[-122.785616,43.905604],[-122.785608,43.90631],[-122.785592,43.907641],[-122.785694,43.907644],[-122.78711,43.908181]]]}},{"type":"Feature","properties":{"MAPTAXLOT":"1901220000400","MAPNUMBER":"19012200","TAXLOT":"400","ACCTNO":"0820900","MAPACRES":29.64360996},"geometry":{"type":"Polygon","coordinates":[[[-122.790489,43.909418],[-122.790479,43.908497],[-122.79346,43.908478],[-122.793467,43.909164],[-122.795237,43.910308],[-122.79616,43.90946],[-122.795934,43.909458],[-122.795941,43.908626],[-122.794719,43.908062],[-122.794406,43.907918],[-122.79409,43.907777],[-122.79377,43.90764],[-122.793565,43.907559],[-122.793358,43.907482],[-122.793148,43.907407],[-122.792935,43.907337],[-122.792721,43.907269],[-122.792378,43.907172],[-122.792033,43.907078],[-122.791686,43.906988],[-122.78982,43.90656],[-122.788807,43.906474],[-122.788504,43.906472],[-122.788542,43.908202],[-122.788553,43.908709],[-122.790489,43.909418]]]}},{"type":"Feature","properties":{"MAPTAXLOT":"1901220000500","MAPNUMBER":"19012200","TAXLOT":"500","ACCTNO":"0820918","MAPACRES":444.3363763},"geometry":{"type":"Polygon","coordinates":[[[-122.795407,43.907487],[-122.795949,43.90776],[-122.795949,43.90776],[-122.795997,43.902446],[-122.78565,43.902587],[-122.78565,43.902587],[-122.785842,43.895571],[-122.780699,43.895575],[-122.775556,43.895578],[-122.770412,43.89558],[-122.765267,43.895582],[-122.765197,43.899176],[-122.765128,43.90277],[-122.765131,43.90277],[-122.770317,43.902724],[-122.770289,43.904877],[-122.77047,43.904805],[-122.771598,43.904064],[-122.771599,43.904064],[-122.77466,43.9036],[-122.779165,43.90368],[-122.782037,43.903983],[-122.785885,43.904797],[-122.788598,43.905238],[-122.793384,43.90658],[-122.795407,43.907487]]]}},{"type":"Feature","properties":{"MAPTAXLOT":"1901220000600","MAPNUMBER":"19012200","TAXLOT":"600","ACCTNO":"0820942","MAPACRES":298.39499422},"geometry":{"type":"Polygon","coordinates":[[[-122.795949,43.90776],[-122.797256,43.908419],[-122.799835,43.909044],[-122.800029,43.909081],[-122.800223,43.909114],[-122.800223,43.909114],[-122.80023,43.907406],[-122.800231,43.907156],[-122.800232,43.90695],[-122.802317,43.90699],[-122.802317,43.90699],[-122.805837,43.907059],[-122.806007,43.907062],[-122.806007,43.907062],[-122.806008,43.905659],[-122.806009,43.904057],[-122.798739,43.903988],[-122.798738,43.903988],[-122.798747,43.898527],[-122.798751,43.896259],[-122.798754,43.895033],[-122.796069,43.895028],[-122.785842,43.895571],[-122.78565,43.902587],[-122.78565,43.902587],[-122.795997,43.902446],[-122.795949,43.90776],[-122.795949,43.90776]]]}},{"type":"Feature","properties":{"MAPTAXLOT":"1901220001200","MAPNUMBER":"19012200","TAXLOT":"1200","ACCTNO":"1083219","MAPACRES":33.7056025},"geometry":{"type":"Polygon","coordinates":[[[-122.798747,43.898527],[-122.798748,43.898527],[-122.805087,43.898483],[-122.805087,43.898043],[-122.805679,43.898098],[-122.805748,43.898102],[-122.805818,43.898101],[-122.805886,43.898094],[-122.805953,43.898082],[-122.806019,43.898065],[-122.806081,43.898043],[-122.80614,43.898017],[-122.806194,43.897986],[-122.806244,43.897951],[-122.806371,43.897854],[-122.806458,43.897783],[-122.80654,43.897708],[-122.806616,43.897631],[-122.806686,43.89755],[-122.806751,43.897468],[-122.806809,43.897382],[-122.806861,43.897295],[-122.806907,43.897206],[-122.807035,43.896933],[-122.807069,43.896868],[-122.80711,43.896805],[-122.807157,43.896745],[-122.80721,43.896688],[-122.807268,43.896633],[-122.807332,43.896582],[-122.807402,43.896534],[-122.807476,43.89649],[-122.807554,43.89645],[-122.807636,43.896415],[-122.807721,43.896384],[-122.80781,43.896358],[-122.8079,43.896336],[-122.807993,43.89632],[-122.808087,43.896308],[-122.808183,43.896302],[-122.808278,43.8963],[-122.808374,43.896304],[-122.808468,43.896313],[-122.808562,43.896327],[-122.808654,43.896346],[-122.809361,43.896512],[-122.809426,43.896524],[-122.809492,43.896532],[-122.809559,43.896535],[-122.809625,43.896533],[-122.809692,43.896526],[-122.809756,43.896514],[-122.809819,43.896498],[-122.80988,43.896477],[-122.809937,43.896451],[-122.80999,43.896422],[-122.810038,43.896389],[-122.810082,43.896352],[-122.810121,43.896313],[-122.810153,43.896271],[-122.81018,43.896226],[-122.8102,43.89618],[-122.81021,43.896154],[-122.810227,43.896116],[-122.810252,43.896079],[-122.810282,43.896046],[-122.810319,43.896015],[-122.81036,43.895988],[-122.810406,43.895966],[-122.810456,43.895947],[-122.810508,43.895934],[-122.810562,43.895925],[-122.810618,43.895922],[-122.810673,43.895924],[-122.810728,43.895931],[-122.810781,43.895943],[-122.810832,43.89596],[-122.810879,43.895982],[-122.811147,43.896134],[-122.810823,43.895779],[-122.810759,43.895767],[-122.810693,43.89576],[-122.810627,43.895757],[-122.81056,43.89576],[-122.810494,43.895767],[-122.81043,43.895779],[-122.810368,43.895795],[-122.810308,43.895817],[-122.810251,43.895842],[-122.810199,43.895871],[-122.81015,43.895904],[-122.810107,43.895941],[-122.810069,43.89598],[-122.810036,43.896022],[-122.81001,43.896066],[-122.80999,43.896112],[-122.80998,43.896138],[-122.809963,43.896175],[-122.80994,43.89621],[-122.809911,43.896243],[-122.809876,43.896273],[-122.809837,43.8963],[-122.809794,43.896322],[-122.809746,43.896341],[-122.809696,43.896355],[-122.809644,43.896365],[-122.809591,43.89637],[-122.809537,43.89637],[-122.809484,43.896365],[-122.809432,43.896355],[-122.808724,43.896189],[-122.80863,43.896169],[-122.808533,43.896154],[-122.808436,43.896143],[-122.808338,43.896137],[-122.808239,43.896136],[-122.808141,43.896139],[-122.808043,43.896146],[-122.807946,43.896159],[-122.80785,43.896176],[-122.807756,43.896197],[-122.807657,43.896225],[-122.807562,43.896257],[-122.807469,43.896295],[-122.807381,43.896337],[-122.807296,43.896383],[-122.807217,43.896433],[-122.807142,43.896488],[-122.807073,43.896546],[-122.80701,43.896607],[-122.806952,43.896671],[-122.806901,43.896739],[-122.806857,43.896808],[-122.80682,43.89688],[-122.806691,43.897153],[-122.80665,43.897234],[-122.806603,43.897313],[-122.80655,43.897391],[-122.806491,43.897466],[-122.806427,43.897539],[-122.806358,43.897609],[-122.806283,43.897677],[-122.806204,43.897741],[-122.806078,43.897839],[-122.806041,43.897864],[-122.806,43.897886],[-122.805956,43.897905],[-122.805909,43.897919],[-122.80586,43.89793],[-122.80581,43.897936],[-122.805759,43.897938],[-122.805709,43.897935],[-122.805116,43.897879],[-122.804902,43.897492],[-122.804946,43.896333],[-122.804921,43.896255],[-122.798753,43.896259],[-122.798751,43.896259],[-122.798747,43.898527]]]}},{"type":"Feature","properties":{"MAPTAXLOT":"1901220001201","MAPNUMBER":"19012200","TAXLOT":"1201","ACCTNO":"1642568","MAPACRES":33.68621101},"geometry":{"type":"Polygon","coordinates":[[[-122.798751,43.896259],[-122.798753,43.896259],[-122.804921,43.896255],[-122.804791,43.895838],[-122.804351,43.895545],[-122.804351,43.895045],[-122.804351,43.894649],[-122.804352,43.894649],[-122.804354,43.893577],[-122.798756,43.893579],[-122.798754,43.895033],[-122.798751,43.896259]]]}},{"type":"Feature","properties":{"MAPTAXLOT":"1901230000077","MAPNUMBER":"19012300","TAXLOT":"77","ACCTNO":"000None","MAPACRES":35.21500483},"geometry":{"type":"Polygon","coordinates":[[[-122.76498,43.909779],[-122.764988,43.909779],[-122.76678,43.90975],[-122.767968,43.909438],[-122.76882,43.90895],[-122.770137,43.908281],[-122.770717,43.90815],[-122.771401,43.908088],[-122.772105,43.908226],[-122.772344,43.908238],[-122.772462,43.908244],[-122.772938,43.908267],[-122.772633,43.908219],[-122.772468,43.908173],[-122.773043,43.908215],[-122.773617,43.908256],[-122.774192,43.908298],[-122.774749,43.908338],[-122.774595,43.908367],[-122.775238,43.908455],[-122.775756,43.908376],[-122.776385,43.908432],[-122.776887,43.908425],[-122.777609,43.908523],[-122.778412,43.908702],[-122.778448,43.908607],[-122.778626,43.908623],[-122.779054,43.908595],[-122.779088,43.908593],[-122.779151,43.908586],[-122.779536,43.908544],[-122.779602,43.908537],[-122.779761,43.908519],[-122.779776,43.908555],[-122.782076,43.908229],[-122.785684,43.908698],[-122.785592,43.907641],[-122.784229,43.907592],[-122.784224,43.907318],[-122.783093,43.907318],[-122.780644,43.907758],[-122.779755,43.907769],[-122.778239,43.907786],[-122.777204,43.908099],[-122.775634,43.907966],[-122.775635,43.907911],[-122.775591,43.907907],[-122.774515,43.907809],[-122.773379,43.907705],[-122.772343,43.907609],[-122.771997,43.907587],[-122.771804,43.907574],[-122.771583,43.90756],[-122.771362,43.90755],[-122.77114,43.907544],[-122.770956,43.907542],[-122.770771,43.907542],[-122.770587,43.907546],[-122.770419,43.907556],[-122.770253,43.907572],[-122.770097,43.907591],[-122.769943,43.907614],[-122.76979,43.907642],[-122.769639,43.907673],[-122.769489,43.907709],[-122.769342,43.907749],[-122.76912,43.90782],[-122.768901,43.907896],[-122.768685,43.907977],[-122.768472,43.908061],[-122.768262,43.90815],[-122.767849,43.908324],[-122.767666,43.908401],[-122.76748,43.908475],[-122.767291,43.908545],[-122.7671,43.908611],[-122.766907,43.908674],[-122.766779,43.908706],[-122.76665,43.908735],[-122.766519,43.908759],[-122.766387,43.908779],[-122.766253,43.908795],[-122.766119,43.908807],[-122.765984,43.908814],[-122.765849,43.908817],[-122.765638,43.90881],[-122.765428,43.908798],[-122.765218,43.908783],[-122.765009,43.908763],[-122.765001,43.908762],[-122.76498,43.909779]]]}},{"type":"Feature","properties":{"MAPTAXLOT":"1901230000099","MAPNUMBER":"19012300","TAXLOT":"99","ACCTNO":"000None","MAPACRES":12.06062921},"geometry":{"type":"Polygon","coordinates":[[[-122.765038,43.907032],[-122.765018,43.907961],[-122.765026,43.907957],[-122.765487,43.90774],[-122.768462,43.906888],[-122.770273,43.906062],[-122.770289,43.904877],[-122.768166,43.905713],[-122.766627,43.906604],[-122.766391,43.906697],[-122.766153,43.906786],[-122.765911,43.906871],[-122.765863,43.906887],[-122.765814,43.906903],[-122.765813,43.906904],[-122.765716,43.906935],[-122.765678,43.906947],[-122.765666,43.906951],[-122.765567,43.906982],[-122.765045,43.907031],[-122.765038,43.907032]]]}},{"type":"Feature","properties":{"MAPTAXLOT":"1901230000100","MAPNUMBER":"19012300","TAXLOT":"100","ACCTNO":"0821007","MAPACRES":37.5988776},"geometry":{"type":"Polygon","coordinates":[[[-122.765128,43.90277],[-122.765054,43.906274],[-122.765038,43.907032],[-122.765045,43.907031],[-122.765567,43.906982],[-122.765666,43.906951],[-122.765678,43.906947],[-122.765716,43.906935],[-122.765813,43.906904],[-122.765814,43.906903],[-122.765863,43.906887],[-122.765911,43.906871],[-122.766153,43.906786],[-122.766391,43.906697],[-122.766627,43.906604],[-122.768166,43.905713],[-122.770289,43.904877],[-122.770317,43.902724],[-122.765131,43.90277],[-122.765128,43.90277]]]}},{"type":"Feature","properties":{"MAPTAXLOT":"1901230000200","MAPNUMBER":"19012300","TAXLOT":"200","ACCTNO":"0821015","MAPACRES":1.45128444},"geometry":{"type":"Polygon","coordinates":[[[-122.770263,43.906776],[-122.770253,43.907572],[-122.770419,43.907556],[-122.770587,43.907546],[-122.770771,43.907542],[-122.770956,43.907542],[-122.77114,43.907544],[-122.77114,43.907541],[-122.771076,43.906773],[-122.770594,43.906775],[-122.770263,43.906776]]]}},{"type":"Feature","properties":{"MAPTAXLOT":"1901230000300","MAPNUMBER":"19012300","TAXLOT":"300","ACCTNO":"0821023","MAPACRES":1.48651264},"geometry":{"type":"Polygon","coordinates":[[[-122.77114,43.907544],[-122.771362,43.90755],[-122.771583,43.90756],[-122.771804,43.907574],[-122.771997,43.907587],[-122.771929,43.90677],[-122.771076,43.906773],[-122.77114,43.907541],[-122.77114,43.907544]]]}},{"type":"Feature","properties":{"MAPTAXLOT":"1901230000400","MAPNUMBER":"19012300","TAXLOT":"400","ACCTNO":"0821031","MAPACRES":0.13517339},"geometry":{"type":"Polygon","coordinates":[[[-122.773504,43.908392],[-122.773599,43.908393],[-122.773617,43.908256],[-122.773043,43.908215],[-122.773033,43.908282],[-122.773201,43.908309],[-122.773504,43.908392]]]}},{"type":"Feature","properties":{"MAPTAXLOT":"1901230000500","MAPNUMBER":"19012300","TAXLOT":"500","ACCTNO":"0821049","MAPACRES":5.08093268},"geometry":{"type":"Polygon","coordinates":[[[-122.772343,43.907609],[-122.773379,43.907705],[-122.773398,43.905306],[-122.771929,43.90677],[-122.771997,43.907587],[-122.772343,43.907609]]]}},{"type":"Feature","properties":{"MAPTAXLOT":"1901230000600","MAPNUMBER":"19012300","TAXLOT":"600","ACCTNO":"0821064","MAPACRES":0.14084344},"geometry":{"type":"Polygon","coordinates":[[[-122.773599,43.908393],[-122.773843,43.90839],[-122.774172,43.908382],[-122.774192,43.908298],[-122.773617,43.908256],[-122.773599,43.908393]]]}},{"type":"Feature","properties":{"MAPTAXLOT":"1901230000700","MAPNUMBER":"19012300","TAXLOT":"700","ACCTNO":"0821098","MAPACRES":7.85640265},"geometry":{"type":"Polygon","coordinates":[[[-122.773379,43.907705],[-122.774515,43.907809],[-122.774541,43.904427],[-122.774299,43.904465],[-122.774059,43.904507],[-122.77382,43.904554],[-122.773583,43.904605],[-122.773587,43.905117],[-122.773398,43.905306],[-122.773379,43.907705]]]}},{"type":"Feature","properties":{"MAPTAXLOT":"1901230000701","MAPNUMBER":"19012300","TAXLOT":"701","ACCTNO":"0821106","MAPACRES":0.05197704},"geometry":{"type":"Polygon","coordinates":[[[-122.772938,43.908267],[-122.773033,43.908282],[-122.773043,43.908215],[-122.772468,43.908173],[-122.772633,43.908219],[-122.772938,43.908267]]]}},{"type":"Feature","properties":{"MAPTAXLOT":"1901230000900","MAPNUMBER":"19012300","TAXLOT":"900","ACCTNO":"0821114","MAPACRES":0.06522231},"geometry":{"type":"Polygon","coordinates":[[[-122.774192,43.908298],[-122.774172,43.908382],[-122.774566,43.908372],[-122.774595,43.908367],[-122.774749,43.908338],[-122.774192,43.908298]]]}},{"type":"Feature","properties":{"MAPTAXLOT":"1901230001000","MAPNUMBER":"19012300","TAXLOT":"1000","ACCTNO":"0821148","MAPACRES":8.29604198},"geometry":{"type":"Polygon","coordinates":[[[-122.774515,43.907809],[-122.775591,43.907907],[-122.775618,43.904312],[-122.775348,43.904333],[-122.775078,43.904359],[-122.774809,43.90439],[-122.774541,43.904427],[-122.774515,43.907809]]]}},{"type":"Feature","properties":{"MAPTAXLOT":"1901230001101","MAPNUMBER":"19012300","TAXLOT":"1101","ACCTNO":"1544947","MAPACRES":30.11770834},"geometry":{"type":"Polygon","coordinates":[[[-122.775591,43.907907],[-122.775635,43.907911],[-122.775634,43.907966],[-122.777204,43.908099],[-122.778239,43.907786],[-122.779755,43.907769],[-122.779569,43.90676],[-122.779159,43.904546],[-122.778341,43.904429],[-122.777974,43.904391],[-122.777606,43.904357],[-122.777237,43.904328],[-122.776968,43.904313],[-122.776698,43.904303],[-122.776428,43.904298],[-122.776158,43.904298],[-122.775888,43.904303],[-122.775618,43.904312],[-122.775591,43.907907]]]}},{"type":"Feature","properties":{"MAPTAXLOT":"1901230001102","MAPNUMBER":"19012300","TAXLOT":"1102","ACCTNO":"1544939","MAPACRES":27.72293165},"geometry":{"type":"Polygon","coordinates":[[[-122.779755,43.907769],[-122.780644,43.907758],[-122.783093,43.907318],[-122.783104,43.906309],[-122.785608,43.90631],[-122.785616,43.905604],[-122.785616,43.905604],[-122.785516,43.905575],[-122.785166,43.905488],[-122.784814,43.905404],[-122.784461,43.905323],[-122.784167,43.905262],[-122.783871,43.905205],[-122.783574,43.905153],[-122.783276,43.905105],[-122.782976,43.905062],[-122.782611,43.905018],[-122.782245,43.904976],[-122.781879,43.904937],[-122.779159,43.904546],[-122.779569,43.90676],[-122.779755,43.907769]]]}},{"type":"Feature","properties":{"MAPTAXLOT":"1901230001200","MAPNUMBER":"19012300","TAXLOT":"1200","ACCTNO":"0821189","MAPACRES":6.46808777},"geometry":{"type":"Polygon","coordinates":[[[-122.784229,43.907592],[-122.785592,43.907641],[-122.785608,43.90631],[-122.783104,43.906309],[-122.783093,43.907318],[-122.784224,43.907318],[-122.784229,43.907592]]]}},{"type":"Feature","properties":{"MAPTAXLOT":"1901230001300","MAPNUMBER":"19012300","TAXLOT":"1300","ACCTNO":"1135175","MAPACRES":14.37724997},"geometry":{"type":"Polygon","coordinates":[[[-122.765001,43.908762],[-122.765009,43.908763],[-122.765218,43.908783],[-122.765428,43.908798],[-122.765638,43.90881],[-122.765849,43.908817],[-122.765984,43.908814],[-122.766119,43.908807],[-122.766253,43.908795],[-122.766387,43.908779],[-122.766519,43.908759],[-122.76665,43.908735],[-122.766779,43.908706],[-122.766907,43.908674],[-122.7671,43.908611],[-122.767291,43.908545],[-122.76748,43.908475],[-122.767666,43.908401],[-122.767849,43.908324],[-122.768262,43.90815],[-122.768472,43.908061],[-122.768685,43.907977],[-122.768901,43.907896],[-122.76912,43.90782],[-122.769342,43.907749],[-122.769489,43.907709],[-122.769639,43.907673],[-122.76979,43.907642],[-122.769943,43.907614],[-122.770097,43.907591],[-122.770253,43.907572],[-122.770263,43.906776],[-122.770273,43.906062],[-122.768462,43.906888],[-122.765487,43.90774],[-122.765026,43.907957],[-122.765018,43.907961],[-122.765001,43.908762]]]}},{"type":"Feature","properties":{"MAPTAXLOT":"1901230001400","MAPNUMBER":"19012300","TAXLOT":"1400","ACCTNO":"1860202","MAPACRES":0.49482184},"geometry":{"type":"Polygon","coordinates":[[[-122.772105,43.908226],[-122.772549,43.908339],[-122.773119,43.908453],[-122.773703,43.908485],[-122.774354,43.908457],[-122.774595,43.908367],[-122.774566,43.908372],[-122.774172,43.908382],[-122.773843,43.90839],[-122.773599,43.908393],[-122.773504,43.908392],[-122.773201,43.908309],[-122.773033,43.908282],[-122.772938,43.908267],[-122.772462,43.908244],[-122.772344,43.908238],[-122.772105,43.908226]]]}},{"type":"Feature","properties":{"MAPTAXLOT":"1901240000033","MAPNUMBER":"19012400","TAXLOT":"33","ACCTNO":"000None","MAPACRES":245.74696638},"geometry":{"type":"MultiPolygon","coordinates":[[[[-122.747396,43.906753],[-122.748357,43.907034],[-122.749197,43.907175],[-122.74996,43.907246],[-122.752827,43.907291],[-122.753785,43.907409],[-122.754371,43.907543],[-122.754714,43.907697],[-122.75504,43.907893],[-122.755054,43.906267],[-122.760056,43.90627],[-122.760105,43.902743],[-122.760155,43.89915],[-122.755112,43.899124],[-122.750066,43.899098],[-122.745024,43.899072],[-122.745034,43.902661],[-122.745066,43.902662],[-122.746595,43.902673],[-122.74653,43.906188],[-122.746473,43.906382],[-122.747396,43.906753]]],[[[-122.762157,43.908465],[-122.765001,43.908762],[-122.765018,43.907961],[-122.762157,43.908465]]]]}},{"type":"Feature","properties":{"MAPTAXLOT":"1901240000066","MAPNUMBER":"19012400","TAXLOT":"66","ACCTNO":"000None","MAPACRES":20.33985161},"geometry":{"type":"Polygon","coordinates":[[[-122.745093,43.909824],[-122.750558,43.909831],[-122.751475,43.909833],[-122.751476,43.909817],[-122.751518,43.909451],[-122.751538,43.909116],[-122.751578,43.908881],[-122.751533,43.90882],[-122.751377,43.908764],[-122.750959,43.90875],[-122.750646,43.908794],[-122.750245,43.908867],[-122.749866,43.908868],[-122.749554,43.908797],[-122.749189,43.908701],[-122.748706,43.908546],[-122.747854,43.908424],[-122.746702,43.908097],[-122.745777,43.907703],[-122.745262,43.907651],[-122.745074,43.907543],[-122.745093,43.909824]]]}},{"type":"Feature","properties":{"MAPTAXLOT":"1901240000077","MAPNUMBER":"19012400","TAXLOT":"77","ACCTNO":"000None","MAPACRES":55.13601896},"geometry":{"type":"Polygon","coordinates":[[[-122.756022,43.909577],[-122.756034,43.909812],[-122.760006,43.909798],[-122.760792,43.909795],[-122.76498,43.909779],[-122.765001,43.908762],[-122.762157,43.908465],[-122.759438,43.908742],[-122.757542,43.909084],[-122.756457,43.909154],[-122.755848,43.908969],[-122.755539,43.908556],[-122.75504,43.907893],[-122.754714,43.907697],[-122.754371,43.907543],[-122.753785,43.907409],[-122.752827,43.907291],[-122.74996,43.907246],[-122.749197,43.907175],[-122.748357,43.907034],[-122.747396,43.906753],[-122.746473,43.906382],[-122.74653,43.906188],[-122.746595,43.902673],[-122.745066,43.902662],[-122.745034,43.902661],[-122.745034,43.902665],[-122.745067,43.906685],[-122.745247,43.906791],[-122.74543,43.906893],[-122.745618,43.906991],[-122.745809,43.907085],[-122.746004,43.907176],[-122.746202,43.907262],[-122.746404,43.907344],[-122.746609,43.907422],[-122.746817,43.907496],[-122.747027,43.907565],[-122.74724,43.90763],[-122.747456,43.907691],[-122.747701,43.907756],[-122.747947,43.907816],[-122.748196,43.907871],[-122.748446,43.907923],[-122.748699,43.90797],[-122.748952,43.908012],[-122.749202,43.90805],[-122.749453,43.908083],[-122.749705,43.908112],[-122.749958,43.908136],[-122.750211,43.908156],[-122.750466,43.908172],[-122.75072,43.908183],[-122.753605,43.908416],[-122.753924,43.908439],[-122.753929,43.908442],[-122.755,43.90905],[-122.756022,43.909577]]]}},{"type":"Feature","properties":{"MAPTAXLOT":"1901240000099","MAPNUMBER":"19012400","TAXLOT":"99","ACCTNO":"000None","MAPACRES":51.96033193},"geometry":{"type":"MultiPolygon","coordinates":[[[[-122.75504,43.907893],[-122.755539,43.908556],[-122.755848,43.908969],[-122.756457,43.909154],[-122.757542,43.909084],[-122.759438,43.908742],[-122.762157,43.908465],[-122.765018,43.907961],[-122.765038,43.907032],[-122.763235,43.907204],[-122.760035,43.907727],[-122.760056,43.90627],[-122.755054,43.906267],[-122.75504,43.907893]]],[[[-122.745068,43.906784],[-122.745074,43.907543],[-122.745262,43.907651],[-122.745777,43.907703],[-122.746702,43.908097],[-122.747854,43.908424],[-122.748706,43.908546],[-122.74871,43.908547],[-122.748788,43.908556],[-122.748992,43.908578],[-122.748993,43.908578],[-122.748994,43.908579],[-122.749282,43.908607],[-122.74957,43.908632],[-122.74986,43.908654],[-122.750149,43.908673],[-122.751846,43.908781],[-122.752972,43.90892],[-122.75449,43.909017],[-122.755,43.90905],[-122.753929,43.908442],[-122.753924,43.908439],[-122.753605,43.908416],[-122.75072,43.908183],[-122.750466,43.908172],[-122.750211,43.908156],[-122.749958,43.908136],[-122.749705,43.908112],[-122.749453,43.908083],[-122.749202,43.90805],[-122.748952,43.908012],[-122.748699,43.90797],[-122.748446,43.907923],[-122.748196,43.907871],[-122.747947,43.907816],[-122.747701,43.907756],[-122.747456,43.907691],[-122.74724,43.90763],[-122.747027,43.907565],[-122.746817,43.907496],[-122.746609,43.907422],[-122.746404,43.907344],[-122.746202,43.907262],[-122.746004,43.907176],[-122.745809,43.907085],[-122.745618,43.906991],[-122.74543,43.906893],[-122.745247,43.906791],[-122.745067,43.906685],[-122.745068,43.906784]]]]}},{"type":"Feature","properties":{"MAPTAXLOT":"1901240000100","MAPNUMBER":"19012400","TAXLOT":"100","ACCTNO":"0821197","MAPACRES":170.61888227},"geometry":{"type":"Polygon","coordinates":[[[-122.760056,43.90627],[-122.760035,43.907727],[-122.763235,43.907204],[-122.765038,43.907032],[-122.765054,43.906274],[-122.765128,43.90277],[-122.765197,43.899176],[-122.765267,43.895582],[-122.760204,43.895557],[-122.755141,43.895531],[-122.755112,43.899124],[-122.760155,43.89915],[-122.760105,43.902743],[-122.760056,43.90627]]]}},{"type":"Feature","properties":{"MAPTAXLOT":"1901240000200","MAPNUMBER":"19012400","TAXLOT":"200","ACCTNO":"0821205","MAPACRES":80.11672204},"geometry":{"type":"Polygon","coordinates":[[[-122.745024,43.899072],[-122.750066,43.899098],[-122.755112,43.899124],[-122.755141,43.895531],[-122.750077,43.895504],[-122.747289,43.89549],[-122.745013,43.895478],[-122.745024,43.899071],[-122.745024,43.899072]]]}},{"type":"Feature","properties":{"MAPTAXLOT":"1915060000066","MAPNUMBER":"19150600","TAXLOT":"66","ACCTNO":"000None","MAPACRES":484.32388028},"geometry":{"type":"Polygon","coordinates":[[[-122.725217,43.953037],[-122.743237,43.953068],[-122.744391,43.953065],[-122.745027,43.952887],[-122.745246,43.939905],[-122.745236,43.939317],[-122.745112,43.93907],[-122.744754,43.938987],[-122.744419,43.938978],[-122.744244,43.938785],[-122.743906,43.938718],[-122.74376,43.938689],[-122.74357,43.938647],[-122.743553,43.938615],[-122.743113,43.938617],[-122.735306,43.938682],[-122.735261,43.93873],[-122.735258,43.938739],[-122.73521,43.93888],[-122.735149,43.93901],[-122.734967,43.939135],[-122.734816,43.939118],[-122.734711,43.939059],[-122.734615,43.939],[-122.734435,43.938922],[-122.734272,43.938837],[-122.73416,43.938742],[-122.730502,43.938751],[-122.730481,43.939056],[-122.730479,43.939138],[-122.730485,43.93922],[-122.730497,43.939301],[-122.730516,43.939381],[-122.730543,43.939461],[-122.730576,43.939539],[-122.730616,43.939615],[-122.730663,43.93969],[-122.730715,43.939762],[-122.730775,43.939832],[-122.73084,43.939898],[-122.73091,43.939962],[-122.730987,43.940022],[-122.731068,43.940079],[-122.731154,43.940132],[-122.733594,43.941541],[-122.733662,43.941584],[-122.733725,43.941631],[-122.733783,43.941681],[-122.733834,43.941734],[-122.73388,43.941791],[-122.733919,43.94185],[-122.733951,43.941911],[-122.733976,43.941973],[-122.733994,43.942037],[-122.734005,43.942102],[-122.734009,43.942168],[-122.734004,43.942233],[-122.733982,43.94242],[-122.733964,43.942542],[-122.733938,43.942663],[-122.733905,43.942784],[-122.733866,43.942903],[-122.733819,43.943021],[-122.733765,43.943138],[-122.733705,43.943252],[-122.733638,43.943365],[-122.733564,43.943476],[-122.733484,43.943584],[-122.733398,43.94369],[-122.733305,43.943793],[-122.733207,43.943893],[-122.733102,43.943989],[-122.732992,43.944083],[-122.732877,43.944173],[-122.732757,43.94426],[-122.732631,43.944343],[-122.732501,43.944421],[-122.732366,43.944496],[-122.731629,43.944891],[-122.731477,43.944969],[-122.731321,43.945043],[-122.73116,43.945113],[-122.730996,43.945177],[-122.730829,43.945237],[-122.730658,43.945292],[-122.730485,43.945343],[-122.730309,43.945388],[-122.72883,43.945744],[-122.729317,43.946796],[-122.729074,43.946927],[-122.728711,43.946995],[-122.728202,43.94693],[-122.728002,43.946975],[-122.727779,43.947013],[-122.727585,43.947091],[-122.72758,43.947213],[-122.727785,43.947419],[-122.728119,43.947575],[-122.728378,43.947713],[-122.728413,43.947895],[-122.728364,43.948329],[-122.728292,43.948656],[-122.728295,43.948974],[-122.728456,43.94928],[-122.728518,43.949672],[-122.728497,43.949869],[-122.728435,43.949944],[-122.728424,43.950154],[-122.728271,43.950327],[-122.728091,43.95052],[-122.728042,43.950675],[-122.728024,43.950731],[-122.727985,43.950921],[-122.727848,43.951012],[-122.727502,43.951039],[-122.727173,43.951011],[-122.726739,43.950918],[-122.726464,43.950842],[-122.726107,43.950558],[-122.725902,43.950352],[-122.725702,43.950112],[-122.725668,43.950097],[-122.725531,43.950035],[-122.725407,43.950033],[-122.725306,43.950032],[-122.725303,43.950148],[-122.725217,43.953037]]]}},{"type":"Feature","properties":{"MAPTAXLOT":"1915060000077","MAPNUMBER":"19150600","TAXLOT":"77","ACCTNO":"000None","MAPACRES":18.13493316},"geometry":{"type":"Polygon","coordinates":[[[-122.728565,43.945172],[-122.72883,43.945744],[-122.730309,43.945388],[-122.730485,43.945343],[-122.730658,43.945292],[-122.730829,43.945237],[-122.730996,43.945177],[-122.73116,43.945113],[-122.731321,43.945043],[-122.731477,43.944969],[-122.731629,43.944891],[-122.732366,43.944496],[-122.732501,43.944421],[-122.732631,43.944343],[-122.732757,43.94426],[-122.732877,43.944173],[-122.732992,43.944083],[-122.733102,43.943989],[-122.733207,43.943893],[-122.733305,43.943793],[-122.733398,43.94369],[-122.733484,43.943584],[-122.733564,43.943476],[-122.733638,43.943365],[-122.733705,43.943252],[-122.733765,43.943138],[-122.733819,43.943021],[-122.733866,43.942903],[-122.733905,43.942784],[-122.733938,43.942663],[-122.733964,43.942542],[-122.733982,43.94242],[-122.734004,43.942233],[-122.734009,43.942168],[-122.734005,43.942102],[-122.733994,43.942037],[-122.733976,43.941973],[-122.733951,43.941911],[-122.733919,43.94185],[-122.73388,43.941791],[-122.733834,43.941734],[-122.733783,43.941681],[-122.733725,43.941631],[-122.733662,43.941584],[-122.733594,43.941541],[-122.731154,43.940132],[-122.731068,43.940079],[-122.730987,43.940022],[-122.73091,43.939962],[-122.73084,43.939898],[-122.730775,43.939832],[-122.730715,43.939762],[-122.730663,43.93969],[-122.730616,43.939615],[-122.730576,43.939539],[-122.730543,43.939461],[-122.730516,43.939381],[-122.730497,43.939301],[-122.730485,43.93922],[-122.730479,43.939138],[-122.730481,43.939056],[-122.730502,43.938751],[-122.72952,43.938759],[-122.729717,43.939654],[-122.729974,43.940008],[-122.73011,43.940195],[-122.73027,43.940292],[-122.731369,43.940963],[-122.731495,43.94106],[-122.732234,43.941632],[-122.732453,43.941685],[-122.733212,43.941868],[-122.732828,43.943173],[-122.732806,43.943245],[-122.731748,43.944067],[-122.731524,43.944178],[-122.730567,43.944653],[-122.730494,43.944671],[-122.729383,43.944959],[-122.728565,43.945172]]]}},{"type":"Feature","properties":{"MAPTAXLOT":"1915060001701","MAPNUMBER":"19150600","TAXLOT":"1701","ACCTNO":"0993905","MAPACRES":1.24002907},"geometry":{"type":"Polygon","coordinates":[[[-122.732375,43.942974],[-122.732828,43.943173],[-122.733212,43.941868],[-122.732453,43.941685],[-122.732604,43.941802],[-122.732666,43.941912],[-122.732714,43.942136],[-122.732681,43.942439],[-122.732586,43.942722],[-122.732445,43.942916],[-122.732375,43.942974]]]}},{"type":"Feature","properties":{"MAPTAXLOT":"1915060001702","MAPNUMBER":"19150600","TAXLOT":"1702","ACCTNO":"1023058","MAPACRES":8.78838639},"geometry":{"type":"Polygon","coordinates":[[[-122.728688,43.944092],[-122.729383,43.944959],[-122.730494,43.944671],[-122.730095,43.94417],[-122.728586,43.942281],[-122.728554,43.942277],[-122.728438,43.942265],[-122.7281,43.941889],[-122.727961,43.941734],[-122.727477,43.941928],[-122.72728,43.941884],[-122.727143,43.941772],[-122.726827,43.94181],[-122.728687,43.944091],[-122.728688,43.944092]]]}},{"type":"Feature","properties":{"MAPTAXLOT":"1915060001703","MAPNUMBER":"19150600","TAXLOT":"1703","ACCTNO":"1446341","MAPACRES":7.35584515},"geometry":{"type":"Polygon","coordinates":[[[-122.729291,43.942355],[-122.729349,43.942397],[-122.729621,43.942228],[-122.730053,43.941959],[-122.731495,43.94106],[-122.731369,43.940963],[-122.73027,43.940292],[-122.7281,43.941889],[-122.728438,43.942265],[-122.728554,43.942277],[-122.728586,43.942281],[-122.729291,43.942355]]]}},{"type":"Feature","properties":{"MAPTAXLOT":"1915060001704","MAPNUMBER":"19150600","TAXLOT":"1704","ACCTNO":"1446234","MAPACRES":5.9560747},"geometry":{"type":"Polygon","coordinates":[[[-122.730095,43.94417],[-122.730494,43.944671],[-122.730567,43.944653],[-122.731524,43.944178],[-122.729621,43.942228],[-122.729349,43.942397],[-122.729291,43.942355],[-122.728586,43.942281],[-122.730095,43.94417]]]}},{"type":"Feature","properties":{"MAPTAXLOT":"1915060001706","MAPNUMBER":"19150600","TAXLOT":"1706","ACCTNO":"1446259","MAPACRES":5.8212359},"geometry":{"type":"Polygon","coordinates":[[[-122.730053,43.941959],[-122.732375,43.942974],[-122.732445,43.942916],[-122.732586,43.942722],[-122.732681,43.942439],[-122.732714,43.942136],[-122.732666,43.941912],[-122.732604,43.941802],[-122.732453,43.941685],[-122.732234,43.941632],[-122.731495,43.94106],[-122.730053,43.941959]]]}},{"type":"Feature","properties":{"MAPTAXLOT":"1915060001707","MAPNUMBER":"19150600","TAXLOT":"1707","ACCTNO":"1446267","MAPACRES":9.00798746},"geometry":{"type":"Polygon","coordinates":[[[-122.725367,43.941858],[-122.725617,43.942013],[-122.725681,43.942058],[-122.725739,43.942107],[-122.725792,43.94216],[-122.72584,43.942215],[-122.725881,43.942273],[-122.726017,43.942441],[-122.726023,43.942438],[-122.726258,43.942208],[-122.726347,43.94193],[-122.726748,43.941819],[-122.726827,43.94181],[-122.727143,43.941772],[-122.72728,43.941884],[-122.727477,43.941928],[-122.727961,43.941734],[-122.7281,43.941889],[-122.73027,43.940292],[-122.73011,43.940195],[-122.729974,43.940008],[-122.729972,43.940009],[-122.725363,43.941539],[-122.725367,43.941858]]]}},{"type":"Feature","properties":{"MAPTAXLOT":"1915060001708","MAPNUMBER":"19150600","TAXLOT":"1708","ACCTNO":"1446275","MAPACRES":6.46449024},"geometry":{"type":"Polygon","coordinates":[[[-122.729621,43.942228],[-122.731524,43.944178],[-122.731748,43.944067],[-122.732806,43.943245],[-122.732828,43.943173],[-122.732375,43.942974],[-122.730053,43.941959],[-122.729621,43.942228]]]}},{"type":"Feature","properties":{"MAPTAXLOT":"1915070000033","MAPNUMBER":"19150700","TAXLOT":"33","ACCTNO":"000None","MAPACRES":70.99349156},"geometry":{"type":"MultiPolygon","coordinates":[[[[-122.743402,43.938061],[-122.743435,43.938393],[-122.743553,43.938615],[-122.74357,43.938647],[-122.74376,43.938689],[-122.743906,43.938718],[-122.744244,43.938785],[-122.744419,43.938978],[-122.744754,43.938987],[-122.745112,43.93907],[-122.745236,43.939317],[-122.74527,43.939384],[-122.745272,43.939386],[-122.745614,43.939649],[-122.745252,43.939086],[-122.745257,43.93857],[-122.745255,43.938043],[-122.745254,43.937853],[-122.745235,43.937991],[-122.745152,43.937934],[-122.745073,43.937874],[-122.745,43.93781],[-122.744932,43.937743],[-122.744869,43.937673],[-122.744813,43.937601],[-122.744762,43.937526],[-122.744718,43.93745],[-122.74468,43.937371],[-122.744649,43.937291],[-122.744624,43.93721],[-122.744606,43.937128],[-122.744595,43.937046],[-122.744591,43.936963],[-122.744593,43.93688],[-122.744613,43.936602],[-122.744612,43.936578],[-122.744606,43.936555],[-122.744595,43.936533],[-122.744579,43.936512],[-122.744559,43.936493],[-122.744534,43.936477],[-122.744507,43.936464],[-122.744477,43.936454],[-122.744449,43.936448],[-122.74442,43.936445],[-122.743304,43.936388],[-122.743264,43.936387],[-122.74322,43.936387],[-122.743152,43.936389],[-122.743086,43.936395],[-122.74302,43.936404],[-122.742582,43.936475],[-122.742472,43.93649],[-122.742362,43.9365],[-122.742251,43.936504],[-122.74214,43.936503],[-122.742029,43.936496],[-122.741919,43.936484],[-122.74181,43.936467],[-122.741703,43.936445],[-122.741599,43.936417],[-122.741497,43.936384],[-122.741399,43.936347],[-122.741304,43.936305],[-122.741213,43.936258],[-122.741127,43.936207],[-122.741046,43.936152],[-122.74097,43.936094],[-122.7409,43.936031],[-122.740835,43.935966],[-122.740777,43.935897],[-122.740726,43.935826],[-122.740681,43.935752],[-122.740578,43.935566],[-122.740562,43.935543],[-122.740541,43.935523],[-122.740515,43.935505],[-122.740485,43.935491],[-122.740453,43.93548],[-122.740418,43.935474],[-122.739869,43.935411],[-122.739775,43.935398],[-122.739682,43.935379],[-122.739591,43.935356],[-122.739502,43.935329],[-122.739417,43.935297],[-122.739335,43.93526],[-122.739257,43.93522],[-122.739183,43.935175],[-122.739113,43.935127],[-122.739049,43.935075],[-122.73899,43.93502],[-122.738936,43.934962],[-122.738888,43.934902],[-122.738847,43.934839],[-122.738549,43.934346],[-122.738527,43.934315],[-122.738499,43.934287],[-122.738467,43.934263],[-122.738429,43.934241],[-122.738388,43.934224],[-122.738344,43.934211],[-122.738298,43.934203],[-122.738251,43.9342],[-122.736763,43.934167],[-122.736653,43.934162],[-122.736544,43.934152],[-122.736436,43.934137],[-122.736329,43.934118],[-122.736225,43.934094],[-122.736122,43.934065],[-122.736023,43.934032],[-122.735926,43.933994],[-122.735833,43.933952],[-122.735743,43.933906],[-122.735658,43.933857],[-122.735577,43.933803],[-122.7355,43.933746],[-122.735429,43.933685],[-122.735363,43.933622],[-122.735303,43.933556],[-122.735248,43.933487],[-122.735199,43.933416],[-122.735028,43.933143],[-122.73502,43.93295],[-122.734971,43.932935],[-122.734918,43.932924],[-122.734865,43.932919],[-122.734811,43.932919],[-122.734757,43.932925],[-122.734705,43.932935],[-122.733805,43.933168],[-122.733712,43.933189],[-122.733618,43.933205],[-122.733521,43.933216],[-122.733424,43.933222],[-122.733326,43.933222],[-122.733229,43.933217],[-122.733133,43.933206],[-122.733038,43.933191],[-122.732945,43.93317],[-122.732854,43.933144],[-122.732766,43.933113],[-122.732682,43.933077],[-122.732602,43.933037],[-122.732526,43.932993],[-122.732455,43.932945],[-122.732389,43.932893],[-122.732329,43.932837],[-122.732275,43.932779],[-122.732228,43.932717],[-122.732186,43.932653],[-122.732152,43.932587],[-122.731955,43.932161],[-122.731928,43.932109],[-122.731894,43.93206],[-122.731855,43.932013],[-122.731809,43.931969],[-122.731758,43.931929],[-122.731702,43.931891],[-122.731642,43.931858],[-122.731578,43.931829],[-122.73151,43.931804],[-122.731439,43.931784],[-122.731366,43.931768],[-122.731292,43.931758],[-122.731216,43.931752],[-122.729669,43.931688],[-122.729614,43.931688],[-122.72956,43.931694],[-122.729508,43.931706],[-122.729458,43.931722],[-122.729412,43.931743],[-122.729122,43.931896],[-122.729032,43.931941],[-122.728938,43.931982],[-122.728841,43.932018],[-122.728741,43.93205],[-122.728638,43.932077],[-122.728533,43.932099],[-122.728427,43.932117],[-122.728319,43.932129],[-122.72821,43.932137],[-122.7281,43.93214],[-122.726132,43.932146],[-122.726035,43.932144],[-122.725938,43.932138],[-122.725847,43.932128],[-122.725836,43.932126],[-122.725832,43.932126],[-122.72582,43.932124],[-122.72573,43.93211],[-122.725669,43.932097],[-122.725666,43.932097],[-122.72566,43.932095],[-122.72566,43.932095],[-122.725659,43.932095],[-122.725648,43.932093],[-122.72564,43.932091],[-122.725638,43.93209],[-122.725628,43.932088],[-122.725625,43.932087],[-122.725625,43.932087],[-122.725623,43.932087],[-122.725621,43.932086],[-122.725619,43.932086],[-122.725619,43.932086],[-122.725618,43.932086],[-122.725617,43.932085],[-122.725614,43.932085],[-122.725611,43.932084],[-122.725611,43.932084],[-122.72561,43.932084],[-122.725608,43.932083],[-122.725535,43.932063],[-122.725523,43.93206],[-122.725521,43.932059],[-122.725509,43.932056],[-122.725507,43.932055],[-122.725494,43.932051],[-122.725413,43.932024],[-122.72541,43.932023],[-122.72541,43.932023],[-122.725405,43.932442],[-122.725743,43.932609],[-122.726119,43.932601],[-122.726435,43.932671],[-122.726753,43.932785],[-122.727254,43.932775],[-122.727573,43.93292],[-122.728017,43.933047],[-122.728561,43.933067],[-122.728838,43.933197],[-122.729221,43.933386],[-122.729853,43.93351],[-122.730166,43.933489],[-122.730262,43.933276],[-122.73019,43.93302],[-122.730627,43.932967],[-122.731224,43.933287],[-122.731706,43.933867],[-122.732188,43.934477],[-122.732226,43.934944],[-122.73255,43.93521],[-122.732781,43.935277],[-122.733219,43.935238],[-122.733737,43.935122],[-122.734026,43.935011],[-122.734356,43.934884],[-122.734553,43.934563],[-122.734766,43.934106],[-122.734939,43.934254],[-122.735198,43.934475],[-122.735434,43.934637],[-122.735693,43.934858],[-122.735994,43.935079],[-122.736528,43.935386],[-122.736781,43.935441],[-122.736907,43.935469],[-122.737121,43.935601],[-122.73723,43.935719],[-122.737485,43.93582],[-122.737677,43.935922],[-122.737744,43.936027],[-122.737892,43.936084],[-122.738193,43.936305],[-122.738318,43.936302],[-122.738441,43.93624],[-122.738561,43.936071],[-122.738552,43.93583],[-122.738666,43.935525],[-122.738799,43.935734],[-122.738993,43.935882],[-122.739308,43.935936],[-122.739647,43.93605],[-122.739569,43.936188],[-122.739324,43.936343],[-122.739225,43.936511],[-122.739211,43.936693],[-122.739529,43.936807],[-122.739966,43.936754],[-122.740845,43.936767],[-122.741014,43.936807],[-122.74114,43.936837],[-122.74167,43.937038],[-122.742364,43.937145],[-122.742781,43.937092],[-122.743174,43.936994],[-122.743546,43.936881],[-122.743982,43.936782],[-122.743822,43.936981],[-122.743725,43.937179],[-122.743608,43.937423],[-122.743451,43.937683],[-122.743331,43.937836],[-122.743402,43.938061]]],[[[-122.730502,43.938751],[-122.73416,43.938742],[-122.734118,43.938705],[-122.733986,43.938701],[-122.733817,43.938684],[-122.733638,43.938647],[-122.733447,43.938556],[-122.733203,43.938527],[-122.732951,43.938545],[-122.732659,43.938517],[-122.73249,43.938507],[-122.732387,43.938495],[-122.732281,43.93843],[-122.732215,43.938411],[-122.732084,43.938406],[-122.731989,43.938361],[-122.731939,43.938294],[-122.731784,43.938148],[-122.73151,43.937816],[-122.73146,43.937781],[-122.731337,43.937697],[-122.731242,43.937659],[-122.731039,43.9375],[-122.730741,43.93729],[-122.730272,43.937008],[-122.730154,43.936855],[-122.72993,43.936609],[-122.72972,43.936505],[-122.729529,43.93638],[-122.729364,43.936182],[-122.729287,43.936122],[-122.728968,43.936088],[-122.728778,43.936017],[-122.728487,43.935982],[-122.728346,43.935978],[-122.728206,43.935988],[-122.728179,43.936029],[-122.727991,43.935992],[-122.727888,43.935994],[-122.727647,43.936053],[-122.727422,43.936037],[-122.727142,43.936069],[-122.726835,43.936109],[-122.726628,43.936093],[-122.726146,43.93596],[-122.725706,43.935719],[-122.725383,43.93559],[-122.725369,43.93558],[-122.725352,43.937016],[-122.725696,43.936819],[-122.72576,43.936785],[-122.725827,43.936756],[-122.725898,43.936731],[-122.725972,43.93671],[-122.726047,43.936694],[-122.726124,43.936683],[-122.726203,43.936676],[-122.726282,43.936674],[-122.72636,43.936678],[-122.726683,43.936701],[-122.726797,43.936706],[-122.726912,43.936706],[-122.727027,43.936701],[-122.72795,43.936638],[-122.728024,43.936636],[-122.728098,43.936638],[-122.728171,43.936645],[-122.728243,43.936656],[-122.728313,43.936672],[-122.728381,43.936693],[-122.728446,43.936717],[-122.728509,43.936746],[-122.728567,43.936779],[-122.728621,43.936815],[-122.72867,43.936855],[-122.729173,43.937295],[-122.729215,43.937328],[-122.729262,43.937357],[-122.729313,43.937382],[-122.729369,43.937402],[-122.729638,43.937487],[-122.729727,43.937517],[-122.729813,43.937552],[-122.729896,43.937591],[-122.729974,43.937634],[-122.730049,43.93768],[-122.730119,43.937731],[-122.730184,43.937784],[-122.730244,43.93784],[-122.730299,43.9379],[-122.730348,43.937961],[-122.730391,43.938025],[-122.730428,43.938091],[-122.730459,43.938158],[-122.730484,43.938227],[-122.730502,43.938297],[-122.730514,43.938367],[-122.730519,43.938438],[-122.730518,43.93851],[-122.730502,43.938751]]]]}},{"type":"Feature","properties":{"MAPTAXLOT":"1915070000066","MAPNUMBER":"19150700","TAXLOT":"66","ACCTNO":"000None","MAPACRES":120.67450026},"geometry":{"type":"Polygon","coordinates":[[[-122.73416,43.938742],[-122.734272,43.938837],[-122.734435,43.938922],[-122.734615,43.939],[-122.734711,43.939059],[-122.734816,43.939118],[-122.734967,43.939135],[-122.735149,43.93901],[-122.73521,43.93888],[-122.735258,43.938739],[-122.735261,43.93873],[-122.735306,43.938682],[-122.743113,43.938617],[-122.743553,43.938615],[-122.743435,43.938393],[-122.743402,43.938061],[-122.743331,43.937836],[-122.743451,43.937683],[-122.743608,43.937423],[-122.743725,43.937179],[-122.743822,43.936981],[-122.743982,43.936782],[-122.743546,43.936881],[-122.743174,43.936994],[-122.742781,43.937092],[-122.742364,43.937145],[-122.74167,43.937038],[-122.74114,43.936837],[-122.741014,43.936807],[-122.740845,43.936767],[-122.739966,43.936754],[-122.739529,43.936807],[-122.739211,43.936693],[-122.739225,43.936511],[-122.739324,43.936343],[-122.739569,43.936188],[-122.739647,43.93605],[-122.739308,43.935936],[-122.738993,43.935882],[-122.738799,43.935734],[-122.738666,43.935525],[-122.738552,43.93583],[-122.738561,43.936071],[-122.738441,43.93624],[-122.738318,43.936302],[-122.738193,43.936305],[-122.737892,43.936084],[-122.737744,43.936027],[-122.737677,43.935922],[-122.737485,43.93582],[-122.73723,43.935719],[-122.737121,43.935601],[-122.736907,43.935469],[-122.736781,43.935441],[-122.736528,43.935386],[-122.735994,43.935079],[-122.735693,43.934858],[-122.735434,43.934637],[-122.735198,43.934475],[-122.734939,43.934254],[-122.734766,43.934106],[-122.734553,43.934563],[-122.734356,43.934884],[-122.734026,43.935011],[-122.733737,43.935122],[-122.733219,43.935238],[-122.732781,43.935277],[-122.73255,43.93521],[-122.732226,43.934944],[-122.732188,43.934477],[-122.731706,43.933867],[-122.731224,43.933287],[-122.730627,43.932967],[-122.73019,43.93302],[-122.730262,43.933276],[-122.730166,43.933489],[-122.729853,43.93351],[-122.729221,43.933386],[-122.728838,43.933197],[-122.728561,43.933067],[-122.728017,43.933047],[-122.727573,43.93292],[-122.727254,43.932775],[-122.726753,43.932785],[-122.726435,43.932671],[-122.726119,43.932601],[-122.725743,43.932609],[-122.725405,43.932442],[-122.725369,43.93558],[-122.725383,43.93559],[-122.725706,43.935719],[-122.726146,43.93596],[-122.726628,43.936093],[-122.726835,43.936109],[-122.727142,43.936069],[-122.727422,43.936037],[-122.727647,43.936053],[-122.727888,43.935994],[-122.727991,43.935992],[-122.728179,43.936029],[-122.728206,43.935988],[-122.728346,43.935978],[-122.728487,43.935982],[-122.728778,43.936017],[-122.728968,43.936088],[-122.729287,43.936122],[-122.729364,43.936182],[-122.729529,43.93638],[-122.72972,43.936505],[-122.72993,43.936609],[-122.730154,43.936855],[-122.730272,43.937008],[-122.730741,43.93729],[-122.731039,43.9375],[-122.731242,43.937659],[-122.731337,43.937697],[-122.73146,43.937781],[-122.73151,43.937816],[-122.731784,43.938148],[-122.731939,43.938294],[-122.731989,43.938361],[-122.732084,43.938406],[-122.732215,43.938411],[-122.732281,43.93843],[-122.732387,43.938495],[-122.73249,43.938507],[-122.732659,43.938517],[-122.732951,43.938545],[-122.733203,43.938527],[-122.733447,43.938556],[-122.733638,43.938647],[-122.733817,43.938684],[-122.733986,43.938701],[-122.734118,43.938705],[-122.73416,43.938742]]]}},{"type":"Feature","properties":{"MAPTAXLOT":"1915070000077","MAPNUMBER":"19150700","TAXLOT":"77","ACCTNO":"000None","MAPACRES":44.47092729},"geometry":{"type":"MultiPolygon","coordinates":[[[[-122.74322,43.936387],[-122.743264,43.936387],[-122.743304,43.936388],[-122.74442,43.936445],[-122.744449,43.936448],[-122.744477,43.936454],[-122.744507,43.936464],[-122.744534,43.936477],[-122.744559,43.936493],[-122.744579,43.936512],[-122.744595,43.936533],[-122.744606,43.936555],[-122.744612,43.936578],[-122.744613,43.936602],[-122.744593,43.93688],[-122.744591,43.936963],[-122.744595,43.937046],[-122.744606,43.937128],[-122.744624,43.93721],[-122.744649,43.937291],[-122.74468,43.937371],[-122.744718,43.93745],[-122.744762,43.937526],[-122.744813,43.937601],[-122.744869,43.937673],[-122.744932,43.937743],[-122.745,43.93781],[-122.745073,43.937874],[-122.745152,43.937934],[-122.745235,43.937991],[-122.745254,43.937853],[-122.745663,43.937331],[-122.74555,43.936957],[-122.745596,43.936339],[-122.745247,43.936051],[-122.745243,43.934994],[-122.74523,43.931418],[-122.745243,43.934997],[-122.745247,43.936011],[-122.744964,43.935777],[-122.744554,43.935758],[-122.743086,43.93569],[-122.742365,43.935809],[-122.741896,43.935764],[-122.74157,43.935496],[-122.741449,43.935319],[-122.741101,43.934966],[-122.740562,43.934795],[-122.740022,43.934734],[-122.739728,43.93456],[-122.739421,43.934065],[-122.738962,43.933668],[-122.738284,43.933514],[-122.736782,43.933475],[-122.736055,43.933127],[-122.735885,43.932846],[-122.735285,43.932429],[-122.73519,43.932428],[-122.734426,43.932414],[-122.734222,43.93247],[-122.733546,43.932656],[-122.732869,43.932414],[-122.732667,43.931987],[-122.732359,43.931587],[-122.732206,43.931505],[-122.731824,43.931301],[-122.731259,43.931203],[-122.729308,43.931118],[-122.728541,43.931527],[-122.725801,43.931556],[-122.725417,43.931405],[-122.72541,43.932012],[-122.72541,43.932022],[-122.72541,43.932023],[-122.725413,43.932024],[-122.725494,43.932051],[-122.725507,43.932055],[-122.725509,43.932056],[-122.725521,43.932059],[-122.725523,43.93206],[-122.725535,43.932063],[-122.725608,43.932083],[-122.72561,43.932084],[-122.725611,43.932084],[-122.725611,43.932084],[-122.725614,43.932085],[-122.725617,43.932085],[-122.725618,43.932086],[-122.725619,43.932086],[-122.725619,43.932086],[-122.725621,43.932086],[-122.725623,43.932087],[-122.725625,43.932087],[-122.725625,43.932087],[-122.725628,43.932088],[-122.725638,43.93209],[-122.72564,43.932091],[-122.725648,43.932093],[-122.725653,43.932094],[-122.725654,43.932094],[-122.725654,43.932094],[-122.725659,43.932095],[-122.72566,43.932095],[-122.72566,43.932095],[-122.725666,43.932097],[-122.725669,43.932097],[-122.72573,43.93211],[-122.72582,43.932124],[-122.725832,43.932126],[-122.725836,43.932126],[-122.725847,43.932128],[-122.725938,43.932138],[-122.726035,43.932144],[-122.726132,43.932146],[-122.7281,43.93214],[-122.72821,43.932137],[-122.728319,43.932129],[-122.728427,43.932117],[-122.728533,43.932099],[-122.728638,43.932077],[-122.728741,43.93205],[-122.728841,43.932018],[-122.728938,43.931982],[-122.729032,43.931941],[-122.729122,43.931896],[-122.729412,43.931743],[-122.729458,43.931722],[-122.729508,43.931706],[-122.72956,43.931694],[-122.729614,43.931688],[-122.729669,43.931688],[-122.731216,43.931752],[-122.731292,43.931758],[-122.731366,43.931768],[-122.731439,43.931784],[-122.73151,43.931804],[-122.731578,43.931829],[-122.731642,43.931858],[-122.731702,43.931891],[-122.731758,43.931929],[-122.731809,43.931969],[-122.731855,43.932013],[-122.731894,43.93206],[-122.731928,43.932109],[-122.731955,43.932161],[-122.732152,43.932587],[-122.732186,43.932653],[-122.732228,43.932717],[-122.732275,43.932779],[-122.732329,43.932837],[-122.732389,43.932893],[-122.732455,43.932945],[-122.732526,43.932993],[-122.732602,43.933037],[-122.732682,43.933077],[-122.732766,43.933113],[-122.732854,43.933144],[-122.732945,43.93317],[-122.733038,43.933191],[-122.733133,43.933206],[-122.733229,43.933217],[-122.733326,43.933222],[-122.733424,43.933222],[-122.733521,43.933216],[-122.733618,43.933205],[-122.733712,43.933189],[-122.733805,43.933168],[-122.734705,43.932935],[-122.734757,43.932925],[-122.734811,43.932919],[-122.734865,43.932919],[-122.734918,43.932924],[-122.734971,43.932935],[-122.73502,43.93295],[-122.735028,43.933143],[-122.735199,43.933416],[-122.735248,43.933487],[-122.735303,43.933556],[-122.735363,43.933622],[-122.735429,43.933685],[-122.7355,43.933746],[-122.735577,43.933803],[-122.735658,43.933857],[-122.735743,43.933906],[-122.735833,43.933952],[-122.735926,43.933994],[-122.736023,43.934032],[-122.736122,43.934065],[-122.736225,43.934094],[-122.736329,43.934118],[-122.736436,43.934137],[-122.736544,43.934152],[-122.736653,43.934162],[-122.736763,43.934167],[-122.738251,43.9342],[-122.738298,43.934203],[-122.738344,43.934211],[-122.738388,43.934224],[-122.738429,43.934241],[-122.738467,43.934263],[-122.738499,43.934287],[-122.738527,43.934315],[-122.738549,43.934346],[-122.738847,43.934839],[-122.738888,43.934902],[-122.738936,43.934962],[-122.73899,43.93502],[-122.739049,43.935075],[-122.739113,43.935127],[-122.739183,43.935175],[-122.739257,43.93522],[-122.739335,43.93526],[-122.739417,43.935297],[-122.739502,43.935329],[-122.739591,43.935356],[-122.739682,43.935379],[-122.739775,43.935398],[-122.739869,43.935411],[-122.740418,43.935474],[-122.740453,43.93548],[-122.740485,43.935491],[-122.740515,43.935505],[-122.740541,43.935523],[-122.740562,43.935543],[-122.740578,43.935566],[-122.740681,43.935752],[-122.740726,43.935826],[-122.740777,43.935897],[-122.740835,43.935966],[-122.7409,43.936031],[-122.74097,43.936094],[-122.741046,43.936152],[-122.741127,43.936207],[-122.741213,43.936258],[-122.741304,43.936305],[-122.741399,43.936347],[-122.741497,43.936384],[-122.741599,43.936417],[-122.741703,43.936445],[-122.74181,43.936467],[-122.741919,43.936484],[-122.742029,43.936496],[-122.74214,43.936503],[-122.742251,43.936504],[-122.742362,43.9365],[-122.742472,43.93649],[-122.742582,43.936475],[-122.74302,43.936404],[-122.743086,43.936395],[-122.743152,43.936389],[-122.74322,43.936387]]],[[[-122.728006,43.937382],[-122.729084,43.938023],[-122.7294,43.938211],[-122.72952,43.938759],[-122.730502,43.938751],[-122.730518,43.93851],[-122.730519,43.938438],[-122.730514,43.938367],[-122.730502,43.938297],[-122.730484,43.938227],[-122.730459,43.938158],[-122.730428,43.938091],[-122.730391,43.938025],[-122.730348,43.937961],[-122.730299,43.9379],[-122.730244,43.93784],[-122.730184,43.937784],[-122.730119,43.937731],[-122.730049,43.93768],[-122.729974,43.937634],[-122.729896,43.937591],[-122.729813,43.937552],[-122.729727,43.937517],[-122.729638,43.937487],[-122.729369,43.937402],[-122.729313,43.937382],[-122.729262,43.937357],[-122.729215,43.937328],[-122.729173,43.937295],[-122.72867,43.936855],[-122.728621,43.936815],[-122.728567,43.936779],[-122.728509,43.936746],[-122.728446,43.936717],[-122.728381,43.936693],[-122.728313,43.936672],[-122.728243,43.936656],[-122.728171,43.936645],[-122.728098,43.936638],[-122.728024,43.936636],[-122.72795,43.936638],[-122.727027,43.936701],[-122.726912,43.936706],[-122.726797,43.936706],[-122.726683,43.936701],[-122.72636,43.936678],[-122.726282,43.936674],[-122.726203,43.936676],[-122.726124,43.936683],[-122.726047,43.936694],[-122.725972,43.93671],[-122.725898,43.936731],[-122.725827,43.936756],[-122.72576,43.936785],[-122.725696,43.936819],[-122.725352,43.937016],[-122.725344,43.937701],[-122.725847,43.93739],[-122.728006,43.937382]]]]}},{"type":"Feature","properties":{"MAPTAXLOT":"1915070000400","MAPNUMBER":"19150700","TAXLOT":"400","ACCTNO":"0874881","MAPACRES":67.64705968},"geometry":{"type":"Polygon","coordinates":[[[-122.744964,43.935777],[-122.745247,43.936011],[-122.745243,43.934997],[-122.74523,43.931418],[-122.735208,43.931548],[-122.735203,43.931804],[-122.73519,43.932428],[-122.735285,43.932429],[-122.735885,43.932846],[-122.736055,43.933127],[-122.736782,43.933475],[-122.738284,43.933514],[-122.738962,43.933668],[-122.739421,43.934065],[-122.739728,43.93456],[-122.740022,43.934734],[-122.740562,43.934795],[-122.741101,43.934966],[-122.741449,43.935319],[-122.74157,43.935496],[-122.741896,43.935764],[-122.742365,43.935809],[-122.743086,43.93569],[-122.744554,43.935758],[-122.744964,43.935777]]]}},{"type":"Feature","properties":{"MAPTAXLOT":"1915070000700","MAPNUMBER":"19150700","TAXLOT":"700","ACCTNO":"0874923","MAPACRES":2.28772506},"geometry":{"type":"Polygon","coordinates":[[[-122.734149,43.931359],[-122.734222,43.93247],[-122.734426,43.932414],[-122.73519,43.932428],[-122.735203,43.931804],[-122.735208,43.931548],[-122.73521,43.931447],[-122.734152,43.931359],[-122.734149,43.931359]]]}},{"type":"Feature","properties":{"MAPTAXLOT":"1915070000800","MAPNUMBER":"19150700","TAXLOT":"800","ACCTNO":"0874949","MAPACRES":4.44209199},"geometry":{"type":"Polygon","coordinates":[[[-122.732869,43.932414],[-122.733546,43.932656],[-122.734222,43.93247],[-122.734149,43.931359],[-122.732472,43.93122],[-122.732206,43.931505],[-122.732359,43.931587],[-122.732667,43.931987],[-122.732869,43.932414]]]}},{"type":"Feature","properties":{"MAPTAXLOT":"1915070001600","MAPNUMBER":"19150700","TAXLOT":"1600","ACCTNO":"0875037","MAPACRES":309.48951412},"geometry":{"type":"Polygon","coordinates":[[[-122.734149,43.931359],[-122.734152,43.931359],[-122.73521,43.931447],[-122.735208,43.931548],[-122.74523,43.931418],[-122.745212,43.927836],[-122.745194,43.924254],[-122.740269,43.924292],[-122.735344,43.92433],[-122.725419,43.924407],[-122.725418,43.927665],[-122.725418,43.927992],[-122.725418,43.929784],[-122.725417,43.931405],[-122.725801,43.931556],[-122.728541,43.931527],[-122.729308,43.931118],[-122.731259,43.931203],[-122.731824,43.931301],[-122.732206,43.931505],[-122.732472,43.93122],[-122.734149,43.931359]]]}},{"type":"Feature","properties":{"MAPTAXLOT":"1915180000033","MAPNUMBER":"19151800","TAXLOT":"33","ACCTNO":"000None","MAPACRES":17.13785892},"geometry":{"type":"Polygon","coordinates":[[[-122.744144,43.915657],[-122.744226,43.915662],[-122.744312,43.915672],[-122.74441,43.915689],[-122.744458,43.915699],[-122.744547,43.915721],[-122.744585,43.915732],[-122.744639,43.915748],[-122.744699,43.915767],[-122.744749,43.915783],[-122.74515,43.915913],[-122.745151,43.915913],[-122.745142,43.91563],[-122.744979,43.915544],[-122.744652,43.915448],[-122.744333,43.915391],[-122.744217,43.91535],[-122.743934,43.915351],[-122.743761,43.915398],[-122.743566,43.915406],[-122.743432,43.915438],[-122.743376,43.915551],[-122.743326,43.915465],[-122.74333,43.915406],[-122.743327,43.915333],[-122.743235,43.915213],[-122.743118,43.915133],[-122.74287,43.914992],[-122.742624,43.914894],[-122.742419,43.914825],[-122.742242,43.91479],[-122.742098,43.91471],[-122.741968,43.914654],[-122.741842,43.914525],[-122.741777,43.914429],[-122.741644,43.914281],[-122.741529,43.914235],[-122.741342,43.914102],[-122.741176,43.913993],[-122.740952,43.913954],[-122.740834,43.913864],[-122.740759,43.913846],[-122.740703,43.913764],[-122.740577,43.91365],[-122.740393,43.9136],[-122.74025,43.913554],[-122.740125,43.913459],[-122.739994,43.913379],[-122.7399,43.913376],[-122.739744,43.91335],[-122.739659,43.913239],[-122.739548,43.913173],[-122.739444,43.913093],[-122.739348,43.913046],[-122.739207,43.913049],[-122.739111,43.912997],[-122.739029,43.91297],[-122.738896,43.913011],[-122.738816,43.913047],[-122.73871,43.913083],[-122.738562,43.9131],[-122.738495,43.913111],[-122.738458,43.913015],[-122.738428,43.912937],[-122.738417,43.912826],[-122.738281,43.912794],[-122.738193,43.912781],[-122.738091,43.912764],[-122.737981,43.912703],[-122.737931,43.912626],[-122.737707,43.912572],[-122.737258,43.912464],[-122.737041,43.912434],[-122.73683,43.91237],[-122.736688,43.912349],[-122.736587,43.912346],[-122.736544,43.912283],[-122.736515,43.91223],[-122.736458,43.912149],[-122.736434,43.912047],[-122.736392,43.911838],[-122.736324,43.911758],[-122.736152,43.911673],[-122.736054,43.911583],[-122.735902,43.911469],[-122.735677,43.9114],[-122.735494,43.911384],[-122.735374,43.911401],[-122.735281,43.911442],[-122.735226,43.911409],[-122.735149,43.911323],[-122.734962,43.911205],[-122.734736,43.911093],[-122.734535,43.910946],[-122.734359,43.91074],[-122.734254,43.91064],[-122.734041,43.910537],[-122.733884,43.910462],[-122.733705,43.910373],[-122.73354,43.910274],[-122.733352,43.910112],[-122.733278,43.909938],[-122.733272,43.909932],[-122.730442,43.909965],[-122.731427,43.910226],[-122.731522,43.910249],[-122.731601,43.910268],[-122.731688,43.910294],[-122.731756,43.91032],[-122.73182,43.910351],[-122.731868,43.910376],[-122.731904,43.910398],[-122.731954,43.910429],[-122.732576,43.910843],[-122.732608,43.910863],[-122.732638,43.910879],[-122.732661,43.910889],[-122.732693,43.910903],[-122.732696,43.910904],[-122.732732,43.910918],[-122.732779,43.910936],[-122.732828,43.910954],[-122.732877,43.910972],[-122.733839,43.911341],[-122.733888,43.911361],[-122.733952,43.911388],[-122.734048,43.911432],[-122.734122,43.911467],[-122.734199,43.911507],[-122.734231,43.911525],[-122.734274,43.911549],[-122.734355,43.911595],[-122.734412,43.911629],[-122.734444,43.911651],[-122.735192,43.912138],[-122.735253,43.912176],[-122.735319,43.912216],[-122.735384,43.912253],[-122.735459,43.91229],[-122.735512,43.912314],[-122.735594,43.912348],[-122.735636,43.912364],[-122.735735,43.9124],[-122.735796,43.912421],[-122.736815,43.912765],[-122.736869,43.912784],[-122.736948,43.912814],[-122.737045,43.912855],[-122.737094,43.912877],[-122.737159,43.912907],[-122.737208,43.91293],[-122.737247,43.912949],[-122.73802,43.913328],[-122.738059,43.913348],[-122.73808,43.913359],[-122.738106,43.913373],[-122.738144,43.913392],[-122.738185,43.913411],[-122.738233,43.91343],[-122.738281,43.913445],[-122.73834,43.913459],[-122.738396,43.913471],[-122.738446,43.91348],[-122.739769,43.913706],[-122.739833,43.913717],[-122.739898,43.913729],[-122.740002,43.913751],[-122.740064,43.913766],[-122.740151,43.91379],[-122.740216,43.91381],[-122.740266,43.913827],[-122.740335,43.913854],[-122.740422,43.913891],[-122.7405,43.913929],[-122.740563,43.913963],[-122.740632,43.914005],[-122.740684,43.914038],[-122.741653,43.914703],[-122.741723,43.914749],[-122.741831,43.914814],[-122.741901,43.914852],[-122.742006,43.914902],[-122.742547,43.915142],[-122.742597,43.915166],[-122.742631,43.915184],[-122.742661,43.915201],[-122.742703,43.915227],[-122.742747,43.91526],[-122.742776,43.915283],[-122.742821,43.915325],[-122.742849,43.915361],[-122.742866,43.915383],[-122.742878,43.915401],[-122.742901,43.915443],[-122.743006,43.915658],[-122.743023,43.915691],[-122.743035,43.915706],[-122.743054,43.915728],[-122.743085,43.915755],[-122.743121,43.915779],[-122.743166,43.915802],[-122.743211,43.915818],[-122.743241,43.915826],[-122.743314,43.915837],[-122.743377,43.915837],[-122.743409,43.915833],[-122.74344,43.915827],[-122.743483,43.915814],[-122.743707,43.915723],[-122.743761,43.915704],[-122.743819,43.915688],[-122.74386,43.915679],[-122.743924,43.915668],[-122.743977,43.915662],[-122.74407,43.915657],[-122.744144,43.915657]]]}},{"type":"Feature","properties":{"MAPTAXLOT":"1915180000066","MAPNUMBER":"19151800","TAXLOT":"66","ACCTNO":"000None","MAPACRES":85.6053358},"geometry":{"type":"Polygon","coordinates":[[[-122.733272,43.909932],[-122.733278,43.909938],[-122.733352,43.910112],[-122.73354,43.910274],[-122.733705,43.910373],[-122.733884,43.910462],[-122.734041,43.910537],[-122.734254,43.91064],[-122.734359,43.91074],[-122.734535,43.910946],[-122.734736,43.911093],[-122.734962,43.911205],[-122.735149,43.911323],[-122.735226,43.911409],[-122.735281,43.911442],[-122.735374,43.911401],[-122.735494,43.911384],[-122.735677,43.9114],[-122.735902,43.911469],[-122.736054,43.911583],[-122.736152,43.911673],[-122.736324,43.911758],[-122.736392,43.911838],[-122.736434,43.912047],[-122.736458,43.912149],[-122.736515,43.91223],[-122.736544,43.912283],[-122.736587,43.912346],[-122.736688,43.912349],[-122.73683,43.91237],[-122.737041,43.912434],[-122.737258,43.912464],[-122.737707,43.912572],[-122.737931,43.912626],[-122.737981,43.912703],[-122.738091,43.912764],[-122.738193,43.912781],[-122.738281,43.912794],[-122.738417,43.912826],[-122.738428,43.912937],[-122.738458,43.913015],[-122.738495,43.913111],[-122.738562,43.9131],[-122.73871,43.913083],[-122.738816,43.913047],[-122.738896,43.913011],[-122.739029,43.91297],[-122.739111,43.912997],[-122.739207,43.913049],[-122.739348,43.913046],[-122.739444,43.913093],[-122.739548,43.913173],[-122.739659,43.913239],[-122.739744,43.91335],[-122.7399,43.913376],[-122.739994,43.913379],[-122.740125,43.913459],[-122.74025,43.913554],[-122.740393,43.9136],[-122.740577,43.91365],[-122.740703,43.913764],[-122.740759,43.913846],[-122.740834,43.913864],[-122.740952,43.913954],[-122.741176,43.913993],[-122.741342,43.914102],[-122.741529,43.914235],[-122.741644,43.914281],[-122.741777,43.914429],[-122.741842,43.914525],[-122.741968,43.914654],[-122.742098,43.91471],[-122.742242,43.91479],[-122.742419,43.914825],[-122.742624,43.914894],[-122.74287,43.914992],[-122.743118,43.915133],[-122.743235,43.915213],[-122.743327,43.915333],[-122.74333,43.915406],[-122.743326,43.915465],[-122.743376,43.915551],[-122.743432,43.915438],[-122.743566,43.915406],[-122.743761,43.915398],[-122.743934,43.915351],[-122.744217,43.91535],[-122.744333,43.915391],[-122.744652,43.915448],[-122.744979,43.915544],[-122.745142,43.91563],[-122.745141,43.915611],[-122.745093,43.909824],[-122.733272,43.909932]]]}},{"type":"Feature","properties":{"MAPTAXLOT":"1915180000077","MAPNUMBER":"19151800","TAXLOT":"77","ACCTNO":"000None","MAPACRES":7.98666753},"geometry":{"type":"Polygon","coordinates":[[[-122.74413,43.915877],[-122.744189,43.91588],[-122.744252,43.915888],[-122.744331,43.915901],[-122.744365,43.915908],[-122.744443,43.915928],[-122.744473,43.915936],[-122.744521,43.91595],[-122.744577,43.915968],[-122.744626,43.915983],[-122.745027,43.916113],[-122.74506,43.916124],[-122.745159,43.916156],[-122.745158,43.916126],[-122.745152,43.915954],[-122.745151,43.915913],[-122.74515,43.915913],[-122.744749,43.915783],[-122.744699,43.915767],[-122.744639,43.915748],[-122.744585,43.915732],[-122.744547,43.915721],[-122.744458,43.915699],[-122.74441,43.915689],[-122.744312,43.915672],[-122.744226,43.915662],[-122.744144,43.915657],[-122.74407,43.915657],[-122.743977,43.915662],[-122.743924,43.915668],[-122.74386,43.915679],[-122.743819,43.915688],[-122.743761,43.915704],[-122.743707,43.915723],[-122.743483,43.915814],[-122.74344,43.915827],[-122.743409,43.915833],[-122.743377,43.915837],[-122.743314,43.915837],[-122.743241,43.915826],[-122.743211,43.915818],[-122.743166,43.915802],[-122.743121,43.915779],[-122.743085,43.915755],[-122.743054,43.915728],[-122.743035,43.915706],[-122.743023,43.915691],[-122.743006,43.915658],[-122.742901,43.915443],[-122.742878,43.915401],[-122.742866,43.915383],[-122.742849,43.915361],[-122.742821,43.915325],[-122.742776,43.915283],[-122.742747,43.91526],[-122.742703,43.915227],[-122.742661,43.915201],[-122.742631,43.915184],[-122.742597,43.915166],[-122.742547,43.915142],[-122.742006,43.914902],[-122.741901,43.914852],[-122.741831,43.914814],[-122.741723,43.914749],[-122.741653,43.914703],[-122.740684,43.914038],[-122.740632,43.914005],[-122.740563,43.913963],[-122.7405,43.913929],[-122.740422,43.913891],[-122.740335,43.913854],[-122.740266,43.913827],[-122.740216,43.91381],[-122.740151,43.91379],[-122.740064,43.913766],[-122.740002,43.913751],[-122.739898,43.913729],[-122.739833,43.913717],[-122.739769,43.913706],[-122.738446,43.91348],[-122.738396,43.913471],[-122.73834,43.913459],[-122.738281,43.913445],[-122.738233,43.91343],[-122.738185,43.913411],[-122.738144,43.913392],[-122.738106,43.913373],[-122.73808,43.913359],[-122.738059,43.913348],[-122.73802,43.913328],[-122.737247,43.912949],[-122.737208,43.91293],[-122.737159,43.912907],[-122.737094,43.912877],[-122.737045,43.912855],[-122.736948,43.912814],[-122.736869,43.912784],[-122.736815,43.912765],[-122.735796,43.912421],[-122.735735,43.9124],[-122.735636,43.912364],[-122.735594,43.912348],[-122.735512,43.912314],[-122.735459,43.91229],[-122.735384,43.912253],[-122.735319,43.912216],[-122.735253,43.912176],[-122.735192,43.912138],[-122.734444,43.911651],[-122.734412,43.911629],[-122.734355,43.911595],[-122.734274,43.911549],[-122.734231,43.911525],[-122.734199,43.911507],[-122.734122,43.911467],[-122.734048,43.911432],[-122.733952,43.911388],[-122.733888,43.911361],[-122.733839,43.911341],[-122.732877,43.910972],[-122.732828,43.910954],[-122.732779,43.910936],[-122.732732,43.910918],[-122.732696,43.910904],[-122.732693,43.910903],[-122.732661,43.910889],[-122.732638,43.910879],[-122.732608,43.910863],[-122.732576,43.910843],[-122.731954,43.910429],[-122.731904,43.910398],[-122.731868,43.910376],[-122.73182,43.910351],[-122.731756,43.91032],[-122.731688,43.910294],[-122.731601,43.910268],[-122.731522,43.910249],[-122.731427,43.910226],[-122.730442,43.909965],[-122.729798,43.909972],[-122.729878,43.910005],[-122.729996,43.910046],[-122.73009,43.910075],[-122.730194,43.910104],[-122.730274,43.910124],[-122.73034,43.910142],[-122.73134,43.910408],[-122.731439,43.910431],[-122.731509,43.910448],[-122.731574,43.910467],[-122.731619,43.910485],[-122.731669,43.910509],[-122.731704,43.910527],[-122.73173,43.910543],[-122.731776,43.910572],[-122.732274,43.910903],[-122.732353,43.910956],[-122.7324,43.910987],[-122.732442,43.911013],[-122.73249,43.911039],[-122.732525,43.911054],[-122.732561,43.91107],[-122.732606,43.911087],[-122.732657,43.911107],[-122.732709,43.911125],[-122.732755,43.911142],[-122.733713,43.91151],[-122.733757,43.911528],[-122.733813,43.911552],[-122.733904,43.911593],[-122.733971,43.911625],[-122.734042,43.911663],[-122.734071,43.911678],[-122.734111,43.9117],[-122.734187,43.911744],[-122.734236,43.911774],[-122.734265,43.911793],[-122.735016,43.912281],[-122.73508,43.912322],[-122.735153,43.912366],[-122.735227,43.912408],[-122.735276,43.912432],[-122.735312,43.91245],[-122.735375,43.912479],[-122.735467,43.912517],[-122.735516,43.912536],[-122.735619,43.912572],[-122.735682,43.912594],[-122.736701,43.912938],[-122.736748,43.912955],[-122.736819,43.912982],[-122.736908,43.913019],[-122.736953,43.913039],[-122.737015,43.913068],[-122.737061,43.913089],[-122.737098,43.913108],[-122.737867,43.913485],[-122.737904,43.913504],[-122.737925,43.913515],[-122.737932,43.913519],[-122.73795,43.913529],[-122.737996,43.913552],[-122.73805,43.913577],[-122.738119,43.913604],[-122.738187,43.913624],[-122.73826,43.913642],[-122.738328,43.913657],[-122.738384,43.913666],[-122.739707,43.913892],[-122.739697,43.913919],[-122.739699,43.913919],[-122.739759,43.91393],[-122.739817,43.91394],[-122.73991,43.91396],[-122.739962,43.913973],[-122.740037,43.913993],[-122.74009,43.91401],[-122.740131,43.914024],[-122.740186,43.914045],[-122.740259,43.914076],[-122.740324,43.914108],[-122.740375,43.914136],[-122.740434,43.914171],[-122.740479,43.9142],[-122.741446,43.914863],[-122.741524,43.914915],[-122.741642,43.914986],[-122.741726,43.915032],[-122.741844,43.915087],[-122.742384,43.915328],[-122.742425,43.915347],[-122.742447,43.915359],[-122.742467,43.91537],[-122.742495,43.915388],[-122.742527,43.915411],[-122.742543,43.915424],[-122.742567,43.915447],[-122.742585,43.915469],[-122.742598,43.915486],[-122.742601,43.915491],[-122.742616,43.915518],[-122.742721,43.915735],[-122.74275,43.915788],[-122.742777,43.915821],[-122.742807,43.915856],[-122.742863,43.915905],[-122.742929,43.91595],[-122.74301,43.915991],[-122.743091,43.91602],[-122.74316,43.916038],[-122.743284,43.916056],[-122.743399,43.916056],[-122.74347,43.916049],[-122.743542,43.916034],[-122.743618,43.91601],[-122.743849,43.915917],[-122.743883,43.915905],[-122.743919,43.915895],[-122.743939,43.915891],[-122.743981,43.915884],[-122.744012,43.91588],[-122.74408,43.915876],[-122.74413,43.915877]]]}},{"type":"Feature","properties":{"MAPTAXLOT":"1915180000100","MAPNUMBER":"19151800","TAXLOT":"100","ACCTNO":"0875680","MAPACRES":421.86472897},"geometry":{"type":"Polygon","coordinates":[[[-122.725419,43.924407],[-122.735344,43.92433],[-122.740269,43.924292],[-122.740259,43.920695],[-122.745191,43.920656],[-122.745191,43.919106],[-122.745191,43.918854],[-122.745189,43.917054],[-122.745173,43.916569],[-122.745159,43.916156],[-122.74506,43.916124],[-122.745027,43.916113],[-122.744626,43.915983],[-122.744577,43.915968],[-122.744521,43.91595],[-122.744473,43.915936],[-122.744443,43.915928],[-122.744365,43.915908],[-122.744331,43.915901],[-122.744252,43.915888],[-122.744189,43.91588],[-122.74413,43.915877],[-122.74408,43.915876],[-122.744012,43.91588],[-122.743981,43.915884],[-122.743939,43.915891],[-122.743919,43.915895],[-122.743883,43.915905],[-122.743849,43.915917],[-122.743618,43.91601],[-122.743542,43.916034],[-122.74347,43.916049],[-122.743399,43.916056],[-122.743284,43.916056],[-122.74316,43.916038],[-122.743091,43.91602],[-122.74301,43.915991],[-122.742929,43.91595],[-122.742863,43.915905],[-122.742807,43.915856],[-122.742777,43.915821],[-122.74275,43.915788],[-122.742721,43.915735],[-122.742616,43.915518],[-122.742601,43.915491],[-122.742598,43.915486],[-122.742585,43.915469],[-122.742567,43.915447],[-122.742543,43.915424],[-122.742527,43.915411],[-122.742495,43.915388],[-122.742467,43.91537],[-122.742447,43.915359],[-122.742425,43.915347],[-122.742384,43.915328],[-122.741844,43.915087],[-122.741726,43.915032],[-122.741642,43.914986],[-122.741524,43.914915],[-122.741446,43.914863],[-122.740479,43.9142],[-122.740434,43.914171],[-122.740375,43.914136],[-122.740324,43.914108],[-122.740259,43.914076],[-122.740186,43.914045],[-122.740131,43.914024],[-122.74009,43.91401],[-122.740037,43.913993],[-122.739962,43.913973],[-122.73991,43.91396],[-122.739817,43.91394],[-122.739759,43.91393],[-122.739699,43.913919],[-122.739697,43.913919],[-122.739707,43.913892],[-122.738384,43.913666],[-122.738328,43.913657],[-122.73826,43.913642],[-122.738187,43.913624],[-122.738119,43.913604],[-122.73805,43.913577],[-122.737996,43.913552],[-122.73795,43.913529],[-122.737932,43.913519],[-122.737925,43.913515],[-122.737904,43.913504],[-122.737867,43.913485],[-122.737098,43.913108],[-122.737061,43.913089],[-122.737015,43.913068],[-122.736953,43.913039],[-122.736908,43.913019],[-122.736819,43.912982],[-122.736748,43.912955],[-122.736701,43.912938],[-122.735682,43.912594],[-122.735619,43.912572],[-122.735516,43.912536],[-122.735467,43.912517],[-122.735375,43.912479],[-122.735312,43.91245],[-122.735276,43.912432],[-122.735279,43.913537],[-122.730359,43.913578],[-122.727898,43.913598],[-122.727897,43.911799],[-122.725441,43.91182],[-122.725438,43.913618],[-122.725432,43.917215],[-122.725419,43.924407]]]}},{"type":"Feature","properties":{"MAPTAXLOT":"1915180000200","MAPNUMBER":"19151800","TAXLOT":"200","ACCTNO":"0875698","MAPACRES":39.10508048},"geometry":{"type":"Polygon","coordinates":[[[-122.740269,43.924292],[-122.745194,43.924254],[-122.745191,43.920656],[-122.740259,43.920695],[-122.740269,43.924292]]]}},{"type":"Feature","properties":{"MAPTAXLOT":"1915180000700","MAPNUMBER":"19151800","TAXLOT":"700","ACCTNO":"0875706","MAPACRES":49.87643149},"geometry":{"type":"Polygon","coordinates":[[[-122.735276,43.912432],[-122.735227,43.912408],[-122.735153,43.912366],[-122.73508,43.912322],[-122.735016,43.912281],[-122.734265,43.911793],[-122.734236,43.911774],[-122.734187,43.911744],[-122.734111,43.9117],[-122.734071,43.911678],[-122.734042,43.911663],[-122.733971,43.911625],[-122.733904,43.911593],[-122.733813,43.911552],[-122.733757,43.911528],[-122.733713,43.91151],[-122.732755,43.911142],[-122.732709,43.911125],[-122.732657,43.911107],[-122.732606,43.911087],[-122.732561,43.91107],[-122.732525,43.911054],[-122.73249,43.911039],[-122.732442,43.911013],[-122.7324,43.910987],[-122.732353,43.910956],[-122.730813,43.910995],[-122.730104,43.911032],[-122.729465,43.910976],[-122.73071,43.912236],[-122.72843,43.912326],[-122.728205,43.911121],[-122.729474,43.910921],[-122.730105,43.910977],[-122.730809,43.91094],[-122.732274,43.910903],[-122.731776,43.910572],[-122.73173,43.910543],[-122.731704,43.910527],[-122.731669,43.910509],[-122.731619,43.910485],[-122.731574,43.910467],[-122.731509,43.910448],[-122.731439,43.910431],[-122.73134,43.910408],[-122.73034,43.910142],[-122.730274,43.910124],[-122.730194,43.910104],[-122.73009,43.910075],[-122.729996,43.910046],[-122.729878,43.910005],[-122.729798,43.909972],[-122.725445,43.910022],[-122.725441,43.91182],[-122.727897,43.911799],[-122.727898,43.913598],[-122.730359,43.913578],[-122.735279,43.913537],[-122.735276,43.912432]]]}},{"type":"Feature","properties":{"MAPTAXLOT":"1915180000701","MAPNUMBER":"19151800","TAXLOT":"701","ACCTNO":"1237047","MAPACRES":5.42465677},"geometry":{"type":"Polygon","coordinates":[[[-122.728205,43.911121],[-122.72843,43.912326],[-122.73071,43.912236],[-122.729465,43.910976],[-122.730104,43.911032],[-122.730813,43.910995],[-122.732353,43.910956],[-122.732274,43.910903],[-122.730809,43.91094],[-122.730105,43.910977],[-122.729474,43.910921],[-122.728205,43.911121]]]}},{"type":"Feature","properties":{"MAPTAXLOT":"1915190000033","MAPNUMBER":"19151900","TAXLOT":"33","ACCTNO":"000None","MAPACRES":90.75822583},"geometry":{"type":"MultiPolygon","coordinates":[[[[-122.742078,43.898161],[-122.742401,43.89871],[-122.74252,43.899072],[-122.74259,43.899287],[-122.742611,43.899747],[-122.742616,43.899812],[-122.74262,43.900016],[-122.742618,43.900221],[-122.74261,43.900425],[-122.742595,43.900629],[-122.742575,43.900833],[-122.742548,43.901036],[-122.742516,43.901239],[-122.742463,43.901588],[-122.742433,43.901766],[-122.742411,43.901946],[-122.742411,43.901946],[-122.742977,43.901994],[-122.742865,43.902674],[-122.745034,43.902665],[-122.745034,43.902661],[-122.745024,43.899072],[-122.745024,43.899071],[-122.745013,43.895478],[-122.741476,43.895475],[-122.740951,43.895474],[-122.739835,43.895474],[-122.739233,43.895473],[-122.739233,43.895473],[-122.739908,43.896084],[-122.74066,43.896795],[-122.741348,43.897485],[-122.741701,43.89796],[-122.74189,43.897902],[-122.742078,43.898161]]],[[[-122.739714,43.90128],[-122.739718,43.901385],[-122.739674,43.901505],[-122.739452,43.901579],[-122.739304,43.90167],[-122.739336,43.901717],[-122.739616,43.90173],[-122.739679,43.901794],[-122.739648,43.90194],[-122.7396,43.902116],[-122.739607,43.902296],[-122.739654,43.9024],[-122.739904,43.902448],[-122.740126,43.902518],[-122.740224,43.90256],[-122.740217,43.902692],[-122.740296,43.902703],[-122.740401,43.902728],[-122.740469,43.902779],[-122.740508,43.902993],[-122.740509,43.903182],[-122.740692,43.903327],[-122.740786,43.903374],[-122.740725,43.902749],[-122.740424,43.901675],[-122.740357,43.901407],[-122.740284,43.901139],[-122.740208,43.900872],[-122.740208,43.90087],[-122.740137,43.900653],[-122.740061,43.900438],[-122.739978,43.900224],[-122.739888,43.900011],[-122.739792,43.899799],[-122.73969,43.89959],[-122.739581,43.899382],[-122.739466,43.899175],[-122.739345,43.898971],[-122.739218,43.898768],[-122.739085,43.898568],[-122.738946,43.898369],[-122.738944,43.898367],[-122.738766,43.898129],[-122.738584,43.897893],[-122.738399,43.897658],[-122.738398,43.897657],[-122.738398,43.897657],[-122.736672,43.895479],[-122.73539,43.895483],[-122.7354,43.89554],[-122.735456,43.895728],[-122.73539,43.895909],[-122.735352,43.89602],[-122.735423,43.896128],[-122.735521,43.896165],[-122.735657,43.896229],[-122.735781,43.89645],[-122.735889,43.896544],[-122.735904,43.8966],[-122.736044,43.896628],[-122.736167,43.896674],[-122.73628,43.896764],[-122.736389,43.896915],[-122.736569,43.897013],[-122.736891,43.897015],[-122.737158,43.897036],[-122.737409,43.897084],[-122.737685,43.897158],[-122.737792,43.897423],[-122.737797,43.897695],[-122.737829,43.89791],[-122.737923,43.898149],[-122.738168,43.898359],[-122.738464,43.898485],[-122.738667,43.89851],[-122.738796,43.898547],[-122.738853,43.898612],[-122.738822,43.89874],[-122.738667,43.898817],[-122.738554,43.898881],[-122.73844,43.898923],[-122.738469,43.899054],[-122.738388,43.899134],[-122.738769,43.89943],[-122.738823,43.899573],[-122.738776,43.899605],[-122.738608,43.899512],[-122.738459,43.899418],[-122.738335,43.899359],[-122.738147,43.899363],[-122.738296,43.899592],[-122.73842,43.89966],[-122.738596,43.899823],[-122.738624,43.899919],[-122.738736,43.900009],[-122.738679,43.900098],[-122.738772,43.900153],[-122.738894,43.900169],[-122.73904,43.900179],[-122.739131,43.900168],[-122.739252,43.900166],[-122.739238,43.900263],[-122.739187,43.900369],[-122.739155,43.900475],[-122.739141,43.900598],[-122.739029,43.90082],[-122.739061,43.901016],[-122.739144,43.901133],[-122.739341,43.901217],[-122.739494,43.901236],[-122.739609,43.901225],[-122.739714,43.90128]]],[[[-122.729817,43.909747],[-122.729871,43.909777],[-122.729937,43.909808],[-122.730002,43.909835],[-122.730105,43.909871],[-122.730189,43.909896],[-122.730287,43.909924],[-122.730365,43.909944],[-122.730432,43.909962],[-122.730442,43.909965],[-122.733272,43.909932],[-122.733215,43.909876],[-122.733099,43.90983],[-122.732962,43.909789],[-122.732897,43.909659],[-122.732913,43.909542],[-122.73282,43.909412],[-122.732651,43.909211],[-122.732373,43.909067],[-122.732041,43.909025],[-122.731737,43.908982],[-122.731542,43.909001],[-122.731312,43.908976],[-122.730876,43.908848],[-122.730645,43.90878],[-122.730575,43.908732],[-122.730538,43.908636],[-122.730493,43.908515],[-122.730394,43.90839],[-122.730182,43.908297],[-122.729965,43.908253],[-122.729721,43.908238],[-122.729454,43.908297],[-122.729252,43.908306],[-122.729331,43.908231],[-122.729467,43.908107],[-122.729683,43.907922],[-122.729821,43.907837],[-122.729977,43.907683],[-122.730198,43.907649],[-122.730593,43.907583],[-122.7309,43.907524],[-122.731001,43.907502],[-122.731101,43.907471],[-122.731125,43.907417],[-122.731076,43.907369],[-122.730963,43.907211],[-122.730808,43.907093],[-122.730568,43.90699],[-122.730249,43.906928],[-122.729929,43.906837],[-122.729771,43.906753],[-122.729614,43.906697],[-122.729438,43.906672],[-122.729296,43.906665],[-122.72913,43.906551],[-122.728942,43.906399],[-122.728661,43.906263],[-122.728538,43.906212],[-122.728451,43.906228],[-122.728399,43.906278],[-122.728354,43.906337],[-122.728262,43.906402],[-122.728162,43.906434],[-122.727941,43.906457],[-122.727798,43.906421],[-122.727668,43.906375],[-122.727565,43.906309],[-122.727442,43.906263],[-122.72736,43.90624],[-122.727357,43.906152],[-122.727328,43.905924],[-122.727355,43.905738],[-122.727401,43.905713],[-122.727459,43.905644],[-122.727468,43.905361],[-122.727476,43.905215],[-122.727518,43.905078],[-122.727508,43.904971],[-122.727347,43.904813],[-122.727187,43.904735],[-122.72709,43.904649],[-122.727058,43.904528],[-122.727033,43.904387],[-122.726998,43.904183],[-122.726945,43.904009],[-122.726742,43.903828],[-122.726651,43.903727],[-122.726654,43.90363],[-122.726696,43.903498],[-122.726753,43.903385],[-122.726759,43.903195],[-122.726699,43.903045],[-122.726635,43.902949],[-122.726606,43.902881],[-122.726606,43.902725],[-122.726583,43.902638],[-122.726498,43.902523],[-122.726368,43.902477],[-122.726248,43.902513],[-122.726195,43.902525],[-122.726054,43.903934],[-122.726747,43.90489],[-122.726805,43.90498],[-122.726853,43.905077],[-122.726884,43.905192],[-122.726892,43.905282],[-122.72688,43.905394],[-122.726877,43.905417],[-122.726854,43.905506],[-122.726828,43.905587],[-122.72678,43.905719],[-122.726754,43.905786],[-122.726701,43.905936],[-122.726689,43.905972],[-122.726666,43.906046],[-122.726646,43.906131],[-122.726634,43.906202],[-122.72663,43.90625],[-122.726629,43.906302],[-122.726632,43.906338],[-122.726645,43.906415],[-122.726666,43.906472],[-122.726693,43.906522],[-122.726727,43.906563],[-122.72678,43.906613],[-122.726821,43.906643],[-122.726877,43.906677],[-122.726972,43.906723],[-122.727016,43.90674],[-122.72708,43.906763],[-122.727162,43.906788],[-122.727206,43.9068],[-122.728229,43.907048],[-122.728299,43.907069],[-122.728367,43.907095],[-122.728421,43.907121],[-122.728464,43.907143],[-122.728506,43.907168],[-122.728543,43.907193],[-122.728583,43.907222],[-122.728637,43.907265],[-122.728689,43.907314],[-122.728736,43.907364],[-122.728766,43.907403],[-122.728815,43.907471],[-122.728848,43.907533],[-122.728868,43.907583],[-122.728883,43.907631],[-122.728892,43.90774],[-122.728884,43.907779],[-122.728872,43.907814],[-122.728861,43.907842],[-122.728826,43.907894],[-122.728797,43.907929],[-122.728765,43.907959],[-122.728725,43.907991],[-122.728685,43.90802],[-122.72864,43.908049],[-122.728564,43.908095],[-122.728514,43.908123],[-122.728458,43.908153],[-122.728333,43.908224],[-122.728291,43.908249],[-122.728226,43.908292],[-122.728199,43.90831],[-122.728159,43.908342],[-122.72814,43.908358],[-122.728114,43.908384],[-122.728079,43.908424],[-122.728068,43.908439],[-122.728053,43.908466],[-122.72804,43.908501],[-122.728035,43.90853],[-122.728036,43.908555],[-122.728045,43.908589],[-122.728075,43.90865],[-122.728133,43.908722],[-122.728164,43.90875],[-122.728195,43.908772],[-122.728232,43.908797],[-122.729817,43.909747]]]]}},{"type":"Feature","properties":{"MAPTAXLOT":"1915190000066","MAPNUMBER":"19151900","TAXLOT":"66","ACCTNO":"000None","MAPACRES":416.18161959},"geometry":{"type":"Polygon","coordinates":[[[-122.733272,43.909932],[-122.745093,43.909824],[-122.745074,43.907543],[-122.744535,43.907233],[-122.744291,43.906806],[-122.743531,43.906264],[-122.742241,43.90526],[-122.741771,43.904858],[-122.741426,43.904782],[-122.741417,43.904535],[-122.741323,43.90431],[-122.741205,43.904189],[-122.741287,43.904085],[-122.741074,43.903718],[-122.740786,43.903374],[-122.740692,43.903327],[-122.740509,43.903182],[-122.740508,43.902993],[-122.740469,43.902779],[-122.740401,43.902728],[-122.740296,43.902703],[-122.740217,43.902692],[-122.740224,43.90256],[-122.740126,43.902518],[-122.739904,43.902448],[-122.739654,43.9024],[-122.739607,43.902296],[-122.7396,43.902116],[-122.739648,43.90194],[-122.739679,43.901794],[-122.739616,43.90173],[-122.739336,43.901717],[-122.739304,43.90167],[-122.739452,43.901579],[-122.739674,43.901505],[-122.739718,43.901385],[-122.739714,43.90128],[-122.739609,43.901225],[-122.739494,43.901236],[-122.739341,43.901217],[-122.739144,43.901133],[-122.739061,43.901016],[-122.739029,43.90082],[-122.739141,43.900598],[-122.739155,43.900475],[-122.739187,43.900369],[-122.739238,43.900263],[-122.739252,43.900166],[-122.739131,43.900168],[-122.73904,43.900179],[-122.738894,43.900169],[-122.738772,43.900153],[-122.738679,43.900098],[-122.738736,43.900009],[-122.738624,43.899919],[-122.738596,43.899823],[-122.73842,43.89966],[-122.738296,43.899592],[-122.738147,43.899363],[-122.738335,43.899359],[-122.738459,43.899418],[-122.738608,43.899512],[-122.738776,43.899605],[-122.738823,43.899573],[-122.738769,43.89943],[-122.738388,43.899134],[-122.738469,43.899054],[-122.73844,43.898923],[-122.738554,43.898881],[-122.738667,43.898817],[-122.738822,43.89874],[-122.738853,43.898612],[-122.738796,43.898547],[-122.738667,43.89851],[-122.738464,43.898485],[-122.738168,43.898359],[-122.737923,43.898149],[-122.737829,43.89791],[-122.737797,43.897695],[-122.737792,43.897423],[-122.737685,43.897158],[-122.737409,43.897084],[-122.737158,43.897036],[-122.736891,43.897015],[-122.736569,43.897013],[-122.736389,43.896915],[-122.73628,43.896764],[-122.736167,43.896674],[-122.736044,43.896628],[-122.735904,43.8966],[-122.735889,43.896544],[-122.735781,43.89645],[-122.735657,43.896229],[-122.735521,43.896165],[-122.735423,43.896128],[-122.735352,43.89602],[-122.73539,43.895909],[-122.735456,43.895728],[-122.7354,43.89554],[-122.73539,43.895483],[-122.735388,43.89547],[-122.734465,43.895469],[-122.726296,43.895463],[-122.726191,43.90213],[-122.726195,43.902525],[-122.726248,43.902513],[-122.726368,43.902477],[-122.726498,43.902523],[-122.726583,43.902638],[-122.726606,43.902725],[-122.726606,43.902881],[-122.726635,43.902949],[-122.726699,43.903045],[-122.726759,43.903195],[-122.726753,43.903385],[-122.726696,43.903498],[-122.726654,43.90363],[-122.726651,43.903727],[-122.726742,43.903828],[-122.726945,43.904009],[-122.726998,43.904183],[-122.727033,43.904387],[-122.727058,43.904528],[-122.72709,43.904649],[-122.727187,43.904735],[-122.727347,43.904813],[-122.727508,43.904971],[-122.727518,43.905078],[-122.727476,43.905215],[-122.727468,43.905361],[-122.727459,43.905644],[-122.727401,43.905713],[-122.727355,43.905738],[-122.727328,43.905924],[-122.727357,43.906152],[-122.72736,43.90624],[-122.727442,43.906263],[-122.727565,43.906309],[-122.727668,43.906375],[-122.727798,43.906421],[-122.727941,43.906457],[-122.728162,43.906434],[-122.728262,43.906402],[-122.728354,43.906337],[-122.728399,43.906278],[-122.728451,43.906228],[-122.728538,43.906212],[-122.728661,43.906263],[-122.728942,43.906399],[-122.72913,43.906551],[-122.729296,43.906665],[-122.729438,43.906672],[-122.729614,43.906697],[-122.729771,43.906753],[-122.729929,43.906837],[-122.730249,43.906928],[-122.730568,43.90699],[-122.730808,43.907093],[-122.730963,43.907211],[-122.731076,43.907369],[-122.731125,43.907417],[-122.731101,43.907471],[-122.731001,43.907502],[-122.7309,43.907524],[-122.730593,43.907583],[-122.730198,43.907649],[-122.729977,43.907683],[-122.729821,43.907837],[-122.729683,43.907922],[-122.729467,43.908107],[-122.729331,43.908231],[-122.729252,43.908306],[-122.729454,43.908297],[-122.729721,43.908238],[-122.729965,43.908253],[-122.730182,43.908297],[-122.730394,43.90839],[-122.730493,43.908515],[-122.730538,43.908636],[-122.730575,43.908732],[-122.730645,43.90878],[-122.730876,43.908848],[-122.731312,43.908976],[-122.731542,43.909001],[-122.731737,43.908982],[-122.732041,43.909025],[-122.732373,43.909067],[-122.732651,43.909211],[-122.73282,43.909412],[-122.732913,43.909542],[-122.732897,43.909659],[-122.732962,43.909789],[-122.733099,43.90983],[-122.733215,43.909876],[-122.733272,43.909932]]]}},{"type":"Feature","properties":{"MAPTAXLOT":"1915190000077","MAPNUMBER":"19151900","TAXLOT":"77","ACCTNO":"000None","MAPACRES":47.26959761},"geometry":{"type":"MultiPolygon","coordinates":[[[[-122.741076,43.899774],[-122.741297,43.901408],[-122.741298,43.901579],[-122.741317,43.902216],[-122.74142,43.902634],[-122.741445,43.902706],[-122.741515,43.90289],[-122.741592,43.903073],[-122.741676,43.903255],[-122.741767,43.903434],[-122.741864,43.903612],[-122.741968,43.903787],[-122.742079,43.903961],[-122.742197,43.904132],[-122.742321,43.904301],[-122.742451,43.904467],[-122.742588,43.90463],[-122.742731,43.904791],[-122.74288,43.904949],[-122.743035,43.905104],[-122.743196,43.905255],[-122.743362,43.905404],[-122.743535,43.905549],[-122.743712,43.90569],[-122.743895,43.905828],[-122.744083,43.905963],[-122.744475,43.90626],[-122.745046,43.906672],[-122.745067,43.906685],[-122.745034,43.902665],[-122.742865,43.902674],[-122.742977,43.901994],[-122.742411,43.901946],[-122.742411,43.901946],[-122.742433,43.901766],[-122.742463,43.901588],[-122.742516,43.901239],[-122.742548,43.901036],[-122.742575,43.900833],[-122.742595,43.900629],[-122.74261,43.900425],[-122.742618,43.900221],[-122.74262,43.900016],[-122.742616,43.899812],[-122.742611,43.899747],[-122.74259,43.899287],[-122.74252,43.899072],[-122.742401,43.89871],[-122.742078,43.898161],[-122.74189,43.897902],[-122.741701,43.89796],[-122.741348,43.897485],[-122.74066,43.896795],[-122.739908,43.896084],[-122.739233,43.895473],[-122.738192,43.895476],[-122.738492,43.895735],[-122.739463,43.896657],[-122.739755,43.89722],[-122.741076,43.899774]]],[[[-122.72801,43.90891],[-122.728056,43.908941],[-122.729651,43.909898],[-122.729718,43.909934],[-122.729798,43.909972],[-122.730442,43.909965],[-122.730432,43.909962],[-122.730365,43.909944],[-122.730287,43.909924],[-122.730189,43.909896],[-122.730105,43.909871],[-122.730002,43.909835],[-122.729937,43.909808],[-122.729871,43.909777],[-122.729817,43.909747],[-122.728232,43.908797],[-122.728195,43.908772],[-122.728164,43.90875],[-122.728133,43.908722],[-122.728075,43.90865],[-122.728045,43.908589],[-122.728036,43.908555],[-122.728035,43.90853],[-122.72804,43.908501],[-122.728053,43.908466],[-122.728068,43.908439],[-122.728079,43.908424],[-122.728114,43.908384],[-122.72814,43.908358],[-122.728159,43.908342],[-122.728199,43.90831],[-122.728226,43.908292],[-122.728291,43.908249],[-122.728333,43.908224],[-122.728458,43.908153],[-122.728514,43.908123],[-122.728564,43.908095],[-122.72864,43.908049],[-122.728685,43.90802],[-122.728725,43.907991],[-122.728765,43.907959],[-122.728797,43.907929],[-122.728826,43.907894],[-122.728861,43.907842],[-122.728872,43.907814],[-122.728884,43.907779],[-122.728892,43.90774],[-122.728883,43.907631],[-122.728868,43.907583],[-122.728848,43.907533],[-122.728815,43.907471],[-122.728766,43.907403],[-122.728736,43.907364],[-122.728689,43.907314],[-122.728637,43.907265],[-122.728583,43.907222],[-122.728543,43.907193],[-122.728506,43.907168],[-122.728464,43.907143],[-122.728421,43.907121],[-122.728367,43.907095],[-122.728299,43.907069],[-122.728229,43.907048],[-122.727206,43.9068],[-122.727162,43.906788],[-122.72708,43.906763],[-122.727016,43.90674],[-122.726972,43.906723],[-122.726877,43.906677],[-122.726821,43.906643],[-122.72678,43.906613],[-122.726727,43.906563],[-122.726693,43.906522],[-122.726666,43.906472],[-122.726645,43.906415],[-122.726632,43.906338],[-122.726629,43.906302],[-122.72663,43.90625],[-122.726634,43.906202],[-122.726646,43.906131],[-122.726666,43.906046],[-122.726689,43.905972],[-122.726701,43.905936],[-122.726754,43.905786],[-122.72678,43.905719],[-122.726828,43.905587],[-122.726854,43.905506],[-122.726877,43.905417],[-122.72688,43.905394],[-122.726892,43.905282],[-122.726884,43.905192],[-122.726853,43.905077],[-122.726805,43.90498],[-122.726747,43.90489],[-122.726054,43.903934],[-122.726018,43.904298],[-122.726012,43.90435],[-122.726475,43.904988],[-122.726525,43.905064],[-122.72656,43.905135],[-122.726583,43.905219],[-122.726588,43.90528],[-122.726578,43.905374],[-122.726576,43.905385],[-122.726557,43.905462],[-122.726534,43.905534],[-122.726487,43.905662],[-122.726461,43.90573],[-122.726413,43.905864],[-122.726406,43.905884],[-122.726394,43.905923],[-122.726369,43.906002],[-122.726345,43.906099],[-122.726331,43.906183],[-122.726327,43.906242],[-122.726325,43.906306],[-122.726329,43.906358],[-122.726347,43.906458],[-122.726377,43.90654],[-122.726419,43.906618],[-122.726476,43.906687],[-122.726551,43.906758],[-122.726616,43.906805],[-122.726696,43.906853],[-122.726814,43.90691],[-122.726875,43.906935],[-122.726953,43.906963],[-122.72705,43.906992],[-122.727051,43.906992],[-122.727105,43.907007],[-122.728124,43.907254],[-122.72817,43.907268],[-122.728212,43.907284],[-122.728249,43.907301],[-122.728277,43.907316],[-122.728306,43.907334],[-122.728333,43.907352],[-122.728363,43.907373],[-122.728404,43.907407],[-122.728444,43.907443],[-122.728478,43.907479],[-122.728499,43.907507],[-122.728538,43.907561],[-122.728561,43.907603],[-122.728574,43.907637],[-122.728582,43.907661],[-122.728587,43.90773],[-122.728585,43.907738],[-122.728578,43.907759],[-122.728577,43.907764],[-122.72856,43.907788],[-122.728546,43.907805],[-122.728531,43.907819],[-122.728504,43.90784],[-122.728477,43.90786],[-122.728442,43.907883],[-122.728374,43.907924],[-122.728329,43.907949],[-122.728273,43.90798],[-122.728143,43.908053],[-122.728092,43.908084],[-122.728019,43.908131],[-122.727982,43.908157],[-122.727932,43.908196],[-122.727901,43.908222],[-122.727863,43.908261],[-122.727816,43.908313],[-122.727791,43.908348],[-122.727764,43.908397],[-122.727741,43.908459],[-122.727731,43.908519],[-122.727733,43.908579],[-122.727751,43.908647],[-122.727799,43.908743],[-122.727882,43.908846],[-122.727938,43.908897],[-122.727959,43.908912],[-122.727986,43.908892],[-122.72801,43.90891]]]]}},{"type":"Feature","properties":{"MAPTAXLOT":"1915190000099","MAPNUMBER":"19151900","TAXLOT":"99","ACCTNO":"000None","MAPACRES":30.18212094},"geometry":{"type":"Polygon","coordinates":[[[-122.740786,43.903374],[-122.741074,43.903718],[-122.741287,43.904085],[-122.741205,43.904189],[-122.741323,43.90431],[-122.741417,43.904535],[-122.741426,43.904782],[-122.741771,43.904858],[-122.742241,43.90526],[-122.743531,43.906264],[-122.744291,43.906806],[-122.744535,43.907233],[-122.745074,43.907543],[-122.745068,43.906784],[-122.745067,43.906685],[-122.745046,43.906672],[-122.744475,43.90626],[-122.744083,43.905963],[-122.743895,43.905828],[-122.743712,43.90569],[-122.743535,43.905549],[-122.743362,43.905404],[-122.743196,43.905255],[-122.743035,43.905104],[-122.74288,43.904949],[-122.742731,43.904791],[-122.742588,43.90463],[-122.742451,43.904467],[-122.742321,43.904301],[-122.742197,43.904132],[-122.742079,43.903961],[-122.741968,43.903787],[-122.741864,43.903612],[-122.741767,43.903434],[-122.741676,43.903255],[-122.741592,43.903073],[-122.741515,43.90289],[-122.741445,43.902706],[-122.74142,43.902634],[-122.741317,43.902216],[-122.741298,43.901579],[-122.741297,43.901408],[-122.741076,43.899774],[-122.739755,43.89722],[-122.739463,43.896657],[-122.738492,43.895735],[-122.738192,43.895476],[-122.73788,43.895476],[-122.737473,43.895477],[-122.736672,43.895479],[-122.738398,43.897657],[-122.738398,43.897657],[-122.738399,43.897658],[-122.738584,43.897893],[-122.738766,43.898129],[-122.738944,43.898367],[-122.738946,43.898369],[-122.739085,43.898568],[-122.739218,43.898768],[-122.739345,43.898971],[-122.739466,43.899175],[-122.739581,43.899382],[-122.73969,43.89959],[-122.739792,43.899799],[-122.739888,43.900011],[-122.739978,43.900224],[-122.740061,43.900438],[-122.740137,43.900653],[-122.740208,43.90087],[-122.740208,43.900872],[-122.740284,43.901139],[-122.740357,43.901407],[-122.740424,43.901675],[-122.740725,43.902749],[-122.740786,43.903374]]]}},{"type":"Feature","properties":{"MAPTAXLOT":"1915300000033","MAPNUMBER":"19153000","TAXLOT":"33","ACCTNO":"000None","MAPACRES":17.73518526},"geometry":{"type":"MultiPolygon","coordinates":[[[[-122.733309,43.893231],[-122.733345,43.893393],[-122.733413,43.89358],[-122.733473,43.893733],[-122.73386,43.89401],[-122.734168,43.894406],[-122.734276,43.894553],[-122.734411,43.894748],[-122.734721,43.894922],[-122.734883,43.895024],[-122.735076,43.895161],[-122.735245,43.895276],[-122.735377,43.895414],[-122.735388,43.89547],[-122.73539,43.895483],[-122.736672,43.895479],[-122.735344,43.893803],[-122.735221,43.893624],[-122.735094,43.893447],[-122.734963,43.893271],[-122.734827,43.893098],[-122.734687,43.892926],[-122.734286,43.893108],[-122.734176,43.892987],[-122.734061,43.892868],[-122.733941,43.892751],[-122.733817,43.892638],[-122.733687,43.892527],[-122.733552,43.892419],[-122.733413,43.892315],[-122.73327,43.892213],[-122.733217,43.892265],[-122.73303,43.892457],[-122.732894,43.892561],[-122.732714,43.892613],[-122.732589,43.892677],[-122.732583,43.892844],[-122.73272,43.892933],[-122.732984,43.893016],[-122.733144,43.893074],[-122.733309,43.893231]]],[[[-122.726245,43.891308],[-122.726457,43.891343],[-122.726796,43.891472],[-122.727067,43.891564],[-122.727317,43.891616],[-122.727454,43.891701],[-122.727614,43.891759],[-122.727845,43.891772],[-122.728087,43.891741],[-122.728281,43.891729],[-122.728419,43.891695],[-122.72855,43.891623],[-122.728726,43.89147],[-122.729102,43.891309],[-122.729623,43.891102],[-122.730077,43.890922],[-122.730191,43.890963],[-122.730192,43.891002],[-122.730248,43.89104],[-122.73032,43.891017],[-122.730389,43.890915],[-122.730424,43.890862],[-122.730532,43.890829],[-122.730588,43.89088],[-122.730612,43.891011],[-122.73069,43.890997],[-122.730769,43.890982],[-122.730839,43.890812],[-122.730643,43.890772],[-122.730445,43.890737],[-122.730246,43.890705],[-122.730045,43.890678],[-122.728661,43.890611],[-122.728095,43.890613],[-122.726952,43.890611],[-122.72667,43.890606],[-122.726388,43.890596],[-122.726332,43.890593],[-122.726279,43.890591],[-122.726277,43.890591],[-122.726223,43.890588],[-122.726245,43.891308]]]]}},{"type":"Feature","properties":{"MAPTAXLOT":"1915300000066","MAPNUMBER":"19153000","TAXLOT":"66","ACCTNO":"000None","MAPACRES":65.77398181},"geometry":{"type":"Polygon","coordinates":[[[-122.726296,43.895463],[-122.734465,43.895469],[-122.735388,43.89547],[-122.735377,43.895414],[-122.735245,43.895276],[-122.735076,43.895161],[-122.734883,43.895024],[-122.734721,43.894922],[-122.734411,43.894748],[-122.734276,43.894553],[-122.734168,43.894406],[-122.73386,43.89401],[-122.733473,43.893733],[-122.733413,43.89358],[-122.733345,43.893393],[-122.733309,43.893231],[-122.733144,43.893074],[-122.732984,43.893016],[-122.73272,43.892933],[-122.732583,43.892844],[-122.732589,43.892677],[-122.732714,43.892613],[-122.732894,43.892561],[-122.73303,43.892457],[-122.733217,43.892265],[-122.73327,43.892213],[-122.733112,43.892109],[-122.73295,43.892009],[-122.732783,43.891912],[-122.732612,43.89182],[-122.732436,43.891732],[-122.732257,43.891648],[-122.732074,43.891568],[-122.731887,43.891493],[-122.731697,43.891423],[-122.731504,43.891357],[-122.731307,43.891296],[-122.731109,43.891239],[-122.730907,43.891188],[-122.730703,43.891141],[-122.730769,43.890982],[-122.73069,43.890997],[-122.730612,43.891011],[-122.730588,43.89088],[-122.730532,43.890829],[-122.730424,43.890862],[-122.730389,43.890915],[-122.73032,43.891017],[-122.730248,43.89104],[-122.730192,43.891002],[-122.730191,43.890963],[-122.730077,43.890922],[-122.729623,43.891102],[-122.729102,43.891309],[-122.728726,43.89147],[-122.72855,43.891623],[-122.728419,43.891695],[-122.728281,43.891729],[-122.728087,43.891741],[-122.727845,43.891772],[-122.727614,43.891759],[-122.727454,43.891701],[-122.727317,43.891616],[-122.727067,43.891564],[-122.726796,43.891472],[-122.726457,43.891343],[-122.726245,43.891308],[-122.726228,43.892051],[-122.726296,43.895463]]]}},{"type":"Feature","properties":{"MAPTAXLOT":"1915300000077","MAPNUMBER":"19153000","TAXLOT":"77","ACCTNO":"000None","MAPACRES":46.8202153},"geometry":{"type":"Polygon","coordinates":[[[-122.738192,43.895476],[-122.739233,43.895473],[-122.739225,43.895466],[-122.7392,43.895443],[-122.738932,43.895201],[-122.738996,43.895165],[-122.73823,43.894457],[-122.737531,43.893783],[-122.737405,43.893661],[-122.737255,43.893745],[-122.736326,43.892877],[-122.736327,43.892593],[-122.736327,43.892552],[-122.736329,43.892086],[-122.737605,43.891473],[-122.737928,43.891319],[-122.737929,43.890496],[-122.73782,43.890495],[-122.737281,43.890492],[-122.735741,43.890482],[-122.735604,43.890478],[-122.735304,43.890222],[-122.734988,43.889989],[-122.734549,43.889947],[-122.733996,43.89012],[-122.733808,43.890142],[-122.733622,43.890043],[-122.733431,43.889949],[-122.733237,43.889859],[-122.733039,43.889773],[-122.732838,43.889691],[-122.732633,43.889614],[-122.732426,43.88954],[-122.732215,43.889472],[-122.732002,43.889408],[-122.731787,43.889348],[-122.731569,43.889293],[-122.731348,43.889243],[-122.731239,43.889505],[-122.731074,43.889471],[-122.730908,43.889439],[-122.730712,43.889406],[-122.730515,43.889376],[-122.730318,43.88935],[-122.730119,43.889328],[-122.729758,43.889305],[-122.729397,43.889287],[-122.729036,43.889274],[-122.728674,43.889267],[-122.728312,43.889264],[-122.728312,43.888341],[-122.728312,43.88757],[-122.726131,43.887559],[-122.726155,43.888328],[-122.726155,43.888329],[-122.726155,43.888337],[-122.726207,43.890036],[-122.726458,43.890049],[-122.726709,43.890058],[-122.726961,43.890062],[-122.728404,43.890051],[-122.728641,43.890052],[-122.728879,43.890058],[-122.729116,43.890069],[-122.729352,43.890085],[-122.729588,43.890106],[-122.729823,43.890133],[-122.730056,43.890164],[-122.730288,43.8902],[-122.730525,43.890242],[-122.73076,43.89029],[-122.730993,43.890343],[-122.731223,43.890401],[-122.731451,43.890464],[-122.731676,43.890532],[-122.731898,43.890604],[-122.732117,43.890682],[-122.732333,43.890765],[-122.732545,43.890852],[-122.732753,43.890944],[-122.732957,43.89104],[-122.73315,43.891137],[-122.73334,43.891239],[-122.733525,43.891344],[-122.733706,43.891454],[-122.733882,43.891567],[-122.734054,43.891684],[-122.73422,43.891804],[-122.734382,43.891928],[-122.734539,43.892056],[-122.73469,43.892186],[-122.734836,43.89232],[-122.735661,43.89309],[-122.738192,43.895476]]]}},{"type":"Feature","properties":{"MAPTAXLOT":"1915300000099","MAPNUMBER":"19153000","TAXLOT":"99","ACCTNO":"000None","MAPACRES":21.14130165},"geometry":{"type":"Polygon","coordinates":[[[-122.736672,43.895479],[-122.737473,43.895477],[-122.73788,43.895476],[-122.738192,43.895476],[-122.735661,43.89309],[-122.734836,43.89232],[-122.73469,43.892186],[-122.734539,43.892056],[-122.734382,43.891928],[-122.73422,43.891804],[-122.734054,43.891684],[-122.733882,43.891567],[-122.733706,43.891454],[-122.733525,43.891344],[-122.73334,43.891239],[-122.73315,43.891137],[-122.732957,43.89104],[-122.732753,43.890944],[-122.732545,43.890852],[-122.732333,43.890765],[-122.732117,43.890682],[-122.731898,43.890604],[-122.731676,43.890532],[-122.731451,43.890464],[-122.731223,43.890401],[-122.730993,43.890343],[-122.73076,43.89029],[-122.730525,43.890242],[-122.730288,43.8902],[-122.730056,43.890164],[-122.729823,43.890133],[-122.729588,43.890106],[-122.729352,43.890085],[-122.729116,43.890069],[-122.728879,43.890058],[-122.728641,43.890052],[-122.728404,43.890051],[-122.726961,43.890062],[-122.726709,43.890058],[-122.726458,43.890049],[-122.726207,43.890036],[-122.726209,43.890119],[-122.726223,43.890588],[-122.726277,43.890591],[-122.726279,43.890591],[-122.726332,43.890593],[-122.726388,43.890596],[-122.72667,43.890606],[-122.726952,43.890611],[-122.728095,43.890613],[-122.728661,43.890611],[-122.730045,43.890678],[-122.730246,43.890705],[-122.730445,43.890737],[-122.730643,43.890772],[-122.730839,43.890812],[-122.730769,43.890982],[-122.730703,43.891141],[-122.730907,43.891188],[-122.731109,43.891239],[-122.731307,43.891296],[-122.731504,43.891357],[-122.731697,43.891423],[-122.731887,43.891493],[-122.732074,43.891568],[-122.732257,43.891648],[-122.732436,43.891732],[-122.732612,43.89182],[-122.732783,43.891912],[-122.73295,43.892009],[-122.733112,43.892109],[-122.73327,43.892213],[-122.733413,43.892315],[-122.733552,43.892419],[-122.733687,43.892527],[-122.733817,43.892638],[-122.733941,43.892751],[-122.734061,43.892868],[-122.734176,43.892987],[-122.734286,43.893108],[-122.734687,43.892926],[-122.734827,43.893098],[-122.734963,43.893271],[-122.735094,43.893447],[-122.735221,43.893624],[-122.735344,43.893803],[-122.736672,43.895479]]]}},{"type":"Feature","properties":{"MAPTAXLOT":"1915300000100","MAPNUMBER":"19153000","TAXLOT":"100","ACCTNO":"1174711","MAPACRES":15.22154641},"geometry":{"type":"Polygon","coordinates":[[[-122.730908,43.889439],[-122.731074,43.889471],[-122.731239,43.889505],[-122.731348,43.889243],[-122.731569,43.889293],[-122.731787,43.889348],[-122.732002,43.889408],[-122.732215,43.889472],[-122.732426,43.88954],[-122.732633,43.889614],[-122.732838,43.889691],[-122.733039,43.889773],[-122.733237,43.889859],[-122.733431,43.889949],[-122.733622,43.890043],[-122.733808,43.890142],[-122.733996,43.89012],[-122.734549,43.889947],[-122.734988,43.889989],[-122.735304,43.890222],[-122.735604,43.890478],[-122.735741,43.890482],[-122.735686,43.889009],[-122.735668,43.888544],[-122.735662,43.888379],[-122.730877,43.888354],[-122.730877,43.888355],[-122.730908,43.889439]]]}},{"type":"Feature","properties":{"MAPTAXLOT":"1915300000200","MAPNUMBER":"19153000","TAXLOT":"200","ACCTNO":"1174737","MAPACRES":6.63843541},"geometry":{"type":"Polygon","coordinates":[[[-122.741476,43.895475],[-122.745013,43.895478],[-122.745017,43.894627],[-122.742988,43.894626],[-122.741477,43.894624],[-122.741476,43.895475]]]}},{"type":"Feature","properties":{"MAPTAXLOT":"1915300000302","MAPNUMBER":"19153000","TAXLOT":"302","ACCTNO":"0876050","MAPACRES":2.42690649},"geometry":{"type":"Polygon","coordinates":[[[-122.739233,43.895473],[-122.739233,43.895473],[-122.739835,43.895474],[-122.739836,43.894459],[-122.73823,43.894457],[-122.738996,43.895165],[-122.738932,43.895201],[-122.7392,43.895443],[-122.739225,43.895466],[-122.739233,43.895473]]]}},{"type":"Feature","properties":{"MAPTAXLOT":"1915300000303","MAPNUMBER":"19153000","TAXLOT":"303","ACCTNO":"1668878","MAPACRES":2.26899683},"geometry":{"type":"Polygon","coordinates":[[[-122.742989,43.894461],[-122.743581,43.894462],[-122.743592,43.894023],[-122.744874,43.893406],[-122.742993,43.893405],[-122.742989,43.894461]]]}},{"type":"Feature","properties":{"MAPTAXLOT":"1915300000304","MAPNUMBER":"19153000","TAXLOT":"304","ACCTNO":"0876076","MAPACRES":0.98544309},"geometry":{"type":"Polygon","coordinates":[[[-122.740951,43.895474],[-122.741476,43.895475],[-122.741477,43.894624],[-122.740952,43.894624],[-122.740951,43.895474]]]}},{"type":"Feature","properties":{"MAPTAXLOT":"1915300000305","MAPNUMBER":"19153000","TAXLOT":"305","ACCTNO":"0876084","MAPACRES":6.46360557},"geometry":{"type":"Polygon","coordinates":[[[-122.738027,43.890496],[-122.73894,43.891172],[-122.740486,43.890474],[-122.740518,43.890459],[-122.739821,43.889227],[-122.739828,43.889094],[-122.739828,43.889094],[-122.739586,43.889214],[-122.739541,43.889256],[-122.739463,43.88933],[-122.739359,43.889348],[-122.739195,43.889377],[-122.73905,43.889461],[-122.738488,43.889553],[-122.738387,43.88967],[-122.738258,43.890014],[-122.738372,43.890157],[-122.738326,43.890247],[-122.738027,43.890496]]]}},{"type":"Feature","properties":{"MAPTAXLOT":"1915300000306","MAPNUMBER":"19153000","TAXLOT":"306","ACCTNO":"1668886","MAPACRES":3.20797396},"geometry":{"type":"Polygon","coordinates":[[[-122.742988,43.894626],[-122.745017,43.894627],[-122.745022,43.893335],[-122.744874,43.893406],[-122.743592,43.894023],[-122.743581,43.894462],[-122.742989,43.894461],[-122.742988,43.894623],[-122.742988,43.894626]]]}},{"type":"Feature","properties":{"MAPTAXLOT":"1915300000307","MAPNUMBER":"19153000","TAXLOT":"307","ACCTNO":"1080934","MAPACRES":3.34464291},"geometry":{"type":"Polygon","coordinates":[[[-122.737985,43.892418],[-122.737458,43.893644],[-122.737545,43.893632],[-122.738811,43.893332],[-122.739118,43.893382],[-122.739442,43.892967],[-122.738643,43.892319],[-122.737985,43.892418]]]}},{"type":"Feature","properties":{"MAPTAXLOT":"1915300000308","MAPNUMBER":"19153000","TAXLOT":"308","ACCTNO":"1244605","MAPACRES":2.49947437},"geometry":{"type":"Polygon","coordinates":[[[-122.739835,43.895474],[-122.740951,43.895474],[-122.740952,43.894624],[-122.740952,43.894459],[-122.739836,43.894459],[-122.739835,43.895474]]]}},{"type":"Feature","properties":{"MAPTAXLOT":"1915300000309","MAPNUMBER":"19153000","TAXLOT":"309","ACCTNO":"1587698","MAPACRES":5.1172035},"geometry":{"type":"Polygon","coordinates":[[[-122.739836,43.894459],[-122.740952,43.894459],[-122.74094,43.894147],[-122.739696,43.893625],[-122.739018,43.893512],[-122.738297,43.893598],[-122.737535,43.893782],[-122.737531,43.893783],[-122.73823,43.894457],[-122.739836,43.894459]]]}},{"type":"Feature","properties":{"MAPTAXLOT":"1915300000310","MAPNUMBER":"19153000","TAXLOT":"310","ACCTNO":"1626702","MAPACRES":5.03628523},"geometry":{"type":"Polygon","coordinates":[[[-122.736329,43.892086],[-122.736327,43.892552],[-122.736327,43.892593],[-122.736326,43.892877],[-122.737255,43.893745],[-122.737405,43.893661],[-122.737407,43.893651],[-122.737419,43.893605],[-122.737763,43.892451],[-122.73793,43.892426],[-122.737933,43.89237],[-122.737949,43.89209],[-122.737605,43.891473],[-122.736329,43.892086]]]}},{"type":"Feature","properties":{"MAPTAXLOT":"1915300000311","MAPNUMBER":"19153000","TAXLOT":"311","ACCTNO":"1626710","MAPACRES":4.99538047},"geometry":{"type":"Polygon","coordinates":[[[-122.737928,43.891319],[-122.737605,43.891473],[-122.737949,43.89209],[-122.737933,43.89237],[-122.73793,43.892426],[-122.737985,43.892418],[-122.738643,43.892319],[-122.738776,43.892299],[-122.739392,43.892158],[-122.739976,43.891939],[-122.739921,43.891898],[-122.73894,43.891172],[-122.738027,43.890496],[-122.737929,43.890496],[-122.737928,43.891319]]]}},{"type":"Feature","properties":{"MAPTAXLOT":"1915300000312","MAPNUMBER":"19153000","TAXLOT":"312","ACCTNO":"1668902","MAPACRES":26.3497913},"geometry":{"type":"Polygon","coordinates":[[[-122.739696,43.893625],[-122.74094,43.894147],[-122.740952,43.894459],[-122.740952,43.894624],[-122.741477,43.894624],[-122.742988,43.894626],[-122.742988,43.894623],[-122.742989,43.894461],[-122.742993,43.893405],[-122.744874,43.893406],[-122.745022,43.893335],[-122.745028,43.891956],[-122.745004,43.891956],[-122.744748,43.891952],[-122.741717,43.891902],[-122.741686,43.891902],[-122.740956,43.891905],[-122.740607,43.892173],[-122.740016,43.891924],[-122.739976,43.891939],[-122.739392,43.892158],[-122.738776,43.892299],[-122.738643,43.892319],[-122.739442,43.892967],[-122.739118,43.893382],[-122.738811,43.893332],[-122.737545,43.893632],[-122.737458,43.893644],[-122.737407,43.893651],[-122.737405,43.893661],[-122.737531,43.893783],[-122.737535,43.893782],[-122.738297,43.893598],[-122.739018,43.893512],[-122.739696,43.893625]]]}},{"type":"Feature","properties":{"MAPTAXLOT":"1915300000313","MAPNUMBER":"19153000","TAXLOT":"313","ACCTNO":"1846474","MAPACRES":2.87475873},"geometry":{"type":"Polygon","coordinates":[[[-122.73894,43.891172],[-122.739921,43.891898],[-122.739976,43.891939],[-122.740016,43.891924],[-122.740228,43.891793],[-122.740552,43.891553],[-122.740518,43.890459],[-122.740486,43.890474],[-122.73894,43.891172]]]}},{"type":"Feature","properties":{"MAPTAXLOT":"1915300000314","MAPNUMBER":"19153000","TAXLOT":"314","ACCTNO":"1882776","MAPACRES":0.34741322},"geometry":{"type":"Polygon","coordinates":[[[-122.737985,43.892418],[-122.73793,43.892426],[-122.737763,43.892451],[-122.737419,43.893605],[-122.737407,43.893651],[-122.737458,43.893644],[-122.737985,43.892418]]]}},{"type":"Feature","properties":{"MAPTAXLOT":"1915300000401","MAPNUMBER":"19153000","TAXLOT":"401","ACCTNO":"1309291","MAPACRES":1.00301206},"geometry":{"type":"Polygon","coordinates":[[[-122.740589,43.891525],[-122.741715,43.891627],[-122.741727,43.891101],[-122.741727,43.8911],[-122.741011,43.891092],[-122.740991,43.891092],[-122.740949,43.891091],[-122.740948,43.891147],[-122.740643,43.891487],[-122.740589,43.891525]]]}},{"type":"Feature","properties":{"MAPTAXLOT":"1915300000402","MAPNUMBER":"19153000","TAXLOT":"402","ACCTNO":"1668894","MAPACRES":1.3195304},"geometry":{"type":"Polygon","coordinates":[[[-122.740016,43.891924],[-122.740607,43.892173],[-122.740956,43.891905],[-122.741686,43.891902],[-122.741709,43.891902],[-122.741715,43.891627],[-122.740589,43.891525],[-122.740552,43.891553],[-122.740228,43.891793],[-122.740016,43.891924]]]}},{"type":"Feature","properties":{"MAPTAXLOT":"1915300000602","MAPNUMBER":"19153000","TAXLOT":"602","ACCTNO":"0810257","MAPACRES":81.64301323},"geometry":{"type":"Polygon","coordinates":[[[-122.745028,43.891956],[-122.747325,43.892102],[-122.747314,43.886214],[-122.746556,43.886214],[-122.746563,43.884535],[-122.745709,43.884544],[-122.745371,43.884548],[-122.745036,43.884516],[-122.74501,43.884275],[-122.744435,43.884255],[-122.744407,43.884254],[-122.74388,43.884523],[-122.743475,43.884547],[-122.743024,43.884574],[-122.743001,43.884575],[-122.742674,43.884481],[-122.742644,43.884473],[-122.742574,43.88475],[-122.741745,43.885009],[-122.741742,43.88501],[-122.741082,43.885236],[-122.741071,43.88524],[-122.740377,43.885144],[-122.74034,43.885139],[-122.740358,43.885718],[-122.7404,43.887054],[-122.743054,43.887048],[-122.744232,43.889213],[-122.742373,43.889219],[-122.742777,43.889498],[-122.743055,43.890153],[-122.741727,43.8911],[-122.741727,43.891101],[-122.741715,43.891627],[-122.741709,43.891902],[-122.741686,43.891902],[-122.741717,43.891902],[-122.744748,43.891952],[-122.745004,43.891956],[-122.745028,43.891956]]]}},{"type":"Feature","properties":{"MAPTAXLOT":"1915300000603","MAPNUMBER":"19153000","TAXLOT":"603","ACCTNO":"1846219","MAPACRES":3.90758345},"geometry":{"type":"Polygon","coordinates":[[[-122.742373,43.889219],[-122.740949,43.891091],[-122.740991,43.891092],[-122.741011,43.891092],[-122.741727,43.8911],[-122.743055,43.890153],[-122.742777,43.889498],[-122.742373,43.889219]]]}},{"type":"Feature","properties":{"MAPTAXLOT":"1915300000604","MAPNUMBER":"19153000","TAXLOT":"604","ACCTNO":"1846227","MAPACRES":9.09654923},"geometry":{"type":"Polygon","coordinates":[[[-122.740518,43.890459],[-122.740552,43.891553],[-122.740589,43.891525],[-122.740643,43.891487],[-122.740948,43.891147],[-122.740949,43.891091],[-122.742373,43.889219],[-122.742347,43.88889],[-122.741922,43.888167],[-122.741839,43.888026],[-122.741784,43.888084],[-122.741527,43.88835],[-122.741296,43.888591],[-122.740992,43.888748],[-122.740689,43.888797],[-122.74029,43.888927],[-122.739888,43.889003],[-122.739832,43.88903],[-122.73983,43.889054],[-122.739828,43.889094],[-122.739828,43.889094],[-122.739821,43.889227],[-122.740518,43.890459]]]}},{"type":"Feature","properties":{"MAPTAXLOT":"1915300000900","MAPNUMBER":"19153000","TAXLOT":"900","ACCTNO":"0876118","MAPACRES":10.00576121},"geometry":{"type":"Polygon","coordinates":[[[-122.735741,43.890482],[-122.737281,43.890492],[-122.737238,43.889334],[-122.739359,43.889348],[-122.739463,43.88933],[-122.739541,43.889256],[-122.739586,43.889214],[-122.739828,43.889094],[-122.73983,43.889054],[-122.739832,43.88903],[-122.739865,43.888405],[-122.73769,43.888391],[-122.73769,43.888391],[-122.737226,43.889019],[-122.735686,43.889009],[-122.735686,43.889009],[-122.735741,43.890482]]]}},{"type":"Feature","properties":{"MAPTAXLOT":"1915300000901","MAPNUMBER":"19153000","TAXLOT":"901","ACCTNO":"0876126","MAPACRES":2.97275617},"geometry":{"type":"Polygon","coordinates":[[[-122.737281,43.890492],[-122.73782,43.890495],[-122.737929,43.890496],[-122.738027,43.890496],[-122.738326,43.890247],[-122.738372,43.890157],[-122.738258,43.890014],[-122.738387,43.88967],[-122.738488,43.889553],[-122.73905,43.889461],[-122.739195,43.889377],[-122.739359,43.889348],[-122.737238,43.889334],[-122.737281,43.890492]]]}}]}